overhead_min,policy,source_grid,dest_grid,start_ts,total_carbon_kgco2eq,baseline_carbon_kgco2eq,migration_count
0,1,AECI,EPE,1577836800,171.652,171.652,0
0,1,AECI,EPE,1579154400,184.829,184.829,0
0,1,AECI,EPE,1580472000,179.08,179.08,0
0,1,AECI,EPE,1581789600,190.047,190.047,0
0,1,AECI,EPE,1583107200,177.533,177.533,0
0,1,AECI,EPE,1584424800,173.609,173.609,0
0,1,AECI,EPE,1585742400,130.078,130.078,0
0,1,AECI,EPE,1587060000,146.519,146.519,0
0,1,AECI,EPE,1588377600,154.192,154.192,0
0,1,AECI,EPE,1589695200,158.058,158.058,0
0,1,AECI,EPE,1591012800,151.782,151.782,0
0,1,AECI,EPE,1592330400,159.195,159.195,0
0,1,AECI,EPE,1593648000,183.868,183.868,0
0,1,AECI,EPE,1594965600,175.21,175.21,0
0,1,AECI,EPE,1596283200,180.832,180.832,0
0,1,AECI,EPE,1597600800,201.072,201.072,0
0,1,AECI,EPE,1598918400,180.384,180.384,0
0,1,AECI,EPE,1600236000,202.899,202.899,0
0,1,AECI,EPE,1601553600,182.573,182.573,0
0,1,AECI,EPE,1602871200,178.75,178.75,0
0,1,AECI,EPE,1604188800,219.569,219.569,0
0,1,AECI,EPE,1605506400,205.232,205.232,0
0,1,AECI,EPE,1606824000,196.187,196.187,0
0,1,AECI,EPE,1608141600,194.483,194.483,0
0,2,AECI,EPE,1577836800,183.271,171.652,9
0,2,AECI,EPE,1579154400,201.876,184.829,3
0,2,AECI,EPE,1580472000,169.963,179.08,2
0,2,AECI,EPE,1581789600,176.906,190.047,1
0,2,AECI,EPE,1583107200,179.014,177.533,5
0,2,AECI,EPE,1584424800,183.529,173.609,6
0,2,AECI,EPE,1585742400,136.304,130.078,5
0,2,AECI,EPE,1587060000,154.836,146.519,5
0,2,AECI,EPE,1588377600,157.581,154.192,5
0,2,AECI,EPE,1589695200,168.868,158.058,6
0,2,AECI,EPE,1591012800,163.358,151.782,6
0,2,AECI,EPE,1592330400,171.71,159.195,7
0,2,AECI,EPE,1593648000,192.227,183.868,5
0,2,AECI,EPE,1594965600,186.125,175.21,4
0,2,AECI,EPE,1596283200,193.909,180.832,4
0,2,AECI,EPE,1597600800,212.8,201.072,3
0,2,AECI,EPE,1598918400,200.248,180.384,5
0,2,AECI,EPE,1600236000,199.214,202.899,1
0,2,AECI,EPE,1601553600,198.763,182.573,2
0,2,AECI,EPE,1602871200,188.376,178.75,5
0,2,AECI,EPE,1604188800,206.82,219.569,5
0,2,AECI,EPE,1605506400,200.627,205.232,2
0,2,AECI,EPE,1606824000,195.712,196.187,3
0,2,AECI,EPE,1608141600,203.827,194.483,9
0,3,AECI,EPE,1577836800,201.929,171.652,1
0,3,AECI,EPE,1579154400,206.611,184.829,1
0,3,AECI,EPE,1580472000,168.682,179.08,2
0,3,AECI,EPE,1581789600,176.906,190.047,1
0,3,AECI,EPE,1583107200,202.005,177.533,1
0,3,AECI,EPE,1584424800,196.369,173.609,2
0,3,AECI,EPE,1585742400,134.084,130.078,3
0,3,AECI,EPE,1587060000,171.715,146.519,1
0,3,AECI,EPE,1588377600,183.522,154.192,1
0,3,AECI,EPE,1589695200,186.473,158.058,2
0,3,AECI,EPE,1591012800,151.782,151.782,0
0,3,AECI,EPE,1592330400,162.546,159.195,1
0,3,AECI,EPE,1593648000,197.901,183.868,1
0,3,AECI,EPE,1594965600,201.888,175.21,4
0,3,AECI,EPE,1596283200,191.491,180.832,2
0,3,AECI,EPE,1597600800,214.594,201.072,1
0,3,AECI,EPE,1598918400,202.521,180.384,3
0,3,AECI,EPE,1600236000,199.214,202.899,1
0,3,AECI,EPE,1601553600,193.596,182.573,2
0,3,AECI,EPE,1602871200,181.086,178.75,1
0,3,AECI,EPE,1604188800,215.111,219.569,1
0,3,AECI,EPE,1605506400,198.317,205.232,2
0,3,AECI,EPE,1606824000,195.647,196.187,3
0,3,AECI,EPE,1608141600,211.621,194.483,3
0,4,AECI,EPE,1577836800,193.52,171.652,3
0,4,AECI,EPE,1579154400,206.611,184.829,1
0,4,AECI,EPE,1580472000,181.123,179.08,1
0,4,AECI,EPE,1581789600,176.906,190.047,1
0,4,AECI,EPE,1583107200,202.005,177.533,1
0,4,AECI,EPE,1584424800,203.12,173.609,1
0,4,AECI,EPE,1585742400,143.637,130.078,1
0,4,AECI,EPE,1587060000,163.476,146.519,2
0,4,AECI,EPE,1588377600,176.3,154.192,3
0,4,AECI,EPE,1589695200,175.744,158.058,2
0,4,AECI,EPE,1591012800,151.782,151.782,0
0,4,AECI,EPE,1592330400,160.047,159.195,2
0,4,AECI,EPE,1593648000,197.901,183.868,1
0,4,AECI,EPE,1594965600,208.247,175.21,1
0,4,AECI,EPE,1596283200,203.871,180.832,1
0,4,AECI,EPE,1597600800,214.594,201.072,1
0,4,AECI,EPE,1598918400,203.278,180.384,1
0,4,AECI,EPE,1600236000,199.214,202.899,1
0,4,AECI,EPE,1601553600,198.208,182.573,3
0,4,AECI,EPE,1602871200,191.497,178.75,1
0,4,AECI,EPE,1604188800,215.111,219.569,1
0,4,AECI,EPE,1605506400,203.832,205.232,1
0,4,AECI,EPE,1606824000,198.458,196.187,1
0,4,AECI,EPE,1608141600,215.718,194.483,1
0,5,AECI,EPE,1577836800,182.607,171.652,9
0,5,AECI,EPE,1579154400,201.428,184.829,3
0,5,AECI,EPE,1580472000,169.133,179.08,3
0,5,AECI,EPE,1581789600,176.906,190.047,1
0,5,AECI,EPE,1583107200,178.108,177.533,3
0,5,AECI,EPE,1584424800,183.113,173.609,6
0,5,AECI,EPE,1585742400,135.881,130.078,5
0,5,AECI,EPE,1587060000,154.219,146.519,5
0,5,AECI,EPE,1588377600,156.711,154.192,5
0,5,AECI,EPE,1589695200,167.812,158.058,6
0,5,AECI,EPE,1591012800,162.356,151.782,6
0,5,AECI,EPE,1592330400,170.384,159.195,7
0,5,AECI,EPE,1593648000,191.446,183.868,5
0,5,AECI,EPE,1594965600,185.151,175.21,4
0,5,AECI,EPE,1596283200,193.116,180.832,4
0,5,AECI,EPE,1597600800,212.478,201.072,3
0,5,AECI,EPE,1598918400,200.086,180.384,5
0,5,AECI,EPE,1600236000,199.214,202.899,2
0,5,AECI,EPE,1601553600,197.967,182.573,2
0,5,AECI,EPE,1602871200,187.906,178.75,5
0,5,AECI,EPE,1604188800,206.138,219.569,5
0,5,AECI,EPE,1605506400,199.773,205.232,2
0,5,AECI,EPE,1606824000,195.647,196.187,3
0,5,AECI,EPE,1608141600,203.341,194.483,9
0,6,AECI,EPE,1577836800,201.929,171.652,1
0,6,AECI,EPE,1579154400,206.611,184.829,1
0,6,AECI,EPE,1580472000,168.015,179.08,2
0,6,AECI,EPE,1581789600,176.906,190.047,1
0,6,AECI,EPE,1583107200,202.005,177.533,1
0,6,AECI,EPE,1584424800,203.12,173.609,1
0,6,AECI,EPE,1585742400,130.078,130.078,0
0,6,AECI,EPE,1587060000,171.715,146.519,1
0,6,AECI,EPE,1588377600,183.522,154.192,1
0,6,AECI,EPE,1589695200,186.411,158.058,1
0,6,AECI,EPE,1591012800,151.782,151.782,0
0,6,AECI,EPE,1592330400,159.195,159.195,0
0,6,AECI,EPE,1593648000,197.901,183.868,1
0,6,AECI,EPE,1594965600,208.247,175.21,1
0,6,AECI,EPE,1596283200,203.871,180.832,1
0,6,AECI,EPE,1597600800,214.594,201.072,1
0,6,AECI,EPE,1598918400,203.278,180.384,1
0,6,AECI,EPE,1600236000,199.214,202.899,1
0,6,AECI,EPE,1601553600,196.503,182.573,2
0,6,AECI,EPE,1602871200,178.75,178.75,0
0,6,AECI,EPE,1604188800,215.111,219.569,1
0,6,AECI,EPE,1605506400,203.832,205.232,1
0,6,AECI,EPE,1606824000,198.458,196.187,1
0,6,AECI,EPE,1608141600,215.718,194.483,1
0,1,AECI,PACE,1577836800,171.652,171.652,0
0,1,AECI,PACE,1579154400,184.829,184.829,0
0,1,AECI,PACE,1580472000,179.08,179.08,0
0,1,AECI,PACE,1581789600,190.047,190.047,0
0,1,AECI,PACE,1583107200,177.533,177.533,0
0,1,AECI,PACE,1584424800,173.609,173.609,0
0,1,AECI,PACE,1585742400,130.078,130.078,0
0,1,AECI,PACE,1587060000,146.519,146.519,0
0,1,AECI,PACE,1588377600,154.192,154.192,0
0,1,AECI,PACE,1589695200,158.058,158.058,0
0,1,AECI,PACE,1591012800,151.782,151.782,0
0,1,AECI,PACE,1592330400,159.195,159.195,0
0,1,AECI,PACE,1593648000,183.868,183.868,0
0,1,AECI,PACE,1594965600,175.21,175.21,0
0,1,AECI,PACE,1596283200,180.832,180.832,0
0,1,AECI,PACE,1597600800,201.072,201.072,0
0,1,AECI,PACE,1598918400,180.384,180.384,0
0,1,AECI,PACE,1600236000,202.899,202.899,0
0,1,AECI,PACE,1601553600,182.573,182.573,0
0,1,AECI,PACE,1602871200,178.75,178.75,0
0,1,AECI,PACE,1604188800,219.569,219.569,0
0,1,AECI,PACE,1605506400,205.232,205.232,0
0,1,AECI,PACE,1606824000,196.187,196.187,0
0,1,AECI,PACE,1608141600,194.483,194.483,0
0,2,AECI,PACE,1577836800,175.6,171.652,3
0,2,AECI,PACE,1579154400,193.035,184.829,6
0,2,AECI,PACE,1580472000,180.02,179.08,4
0,2,AECI,PACE,1581789600,191.933,190.047,3
0,2,AECI,PACE,1583107200,173.933,177.533,3
0,2,AECI,PACE,1584424800,176.808,173.609,2
0,2,AECI,PACE,1585742400,130.078,130.078,0
0,2,AECI,PACE,1587060000,148.987,146.519,2
0,2,AECI,PACE,1588377600,147.468,154.192,3
0,2,AECI,PACE,1589695200,164.654,158.058,4
0,2,AECI,PACE,1591012800,155.376,151.782,2
0,2,AECI,PACE,1592330400,156.943,159.195,4
0,2,AECI,PACE,1593648000,182.581,183.868,5
0,2,AECI,PACE,1594965600,181.832,175.21,8
0,2,AECI,PACE,1596283200,187.343,180.832,6
0,2,AECI,PACE,1597600800,212.348,201.072,9
0,2,AECI,PACE,1598918400,184.003,180.384,3
0,2,AECI,PACE,1600236000,216.599,202.899,4
0,2,AECI,PACE,1601553600,190.406,182.573,4
0,2,AECI,PACE,1602871200,178.851,178.75,5
0,2,AECI,PACE,1604188800,224.143,219.569,5
0,2,AECI,PACE,1605506400,214.94,205.232,4
0,2,AECI,PACE,1606824000,205.055,196.187,4
0,2,AECI,PACE,1608141600,209.044,194.483,8
0,3,AECI,PACE,1577836800,185.333,171.652,1
0,3,AECI,PACE,1579154400,207.516,184.829,4
0,3,AECI,PACE,1580472000,183.469,179.08,2
0,3,AECI,PACE,1581789600,197.489,190.047,1
0,3,AECI,PACE,1583107200,207.126,177.533,1
0,3,AECI,PACE,1584424800,173.609,173.609,0
0,3,AECI,PACE,1585742400,130.078,130.078,0
0,3,AECI,PACE,1587060000,146.519,146.519,0
0,3,AECI,PACE,1588377600,180.915,154.192,1
0,3,AECI,PACE,1589695200,161.448,158.058,2
0,3,AECI,PACE,1591012800,151.782,151.782,0
0,3,AECI,PACE,1592330400,159.195,159.195,0
0,3,AECI,PACE,1593648000,211.929,183.868,1
0,3,AECI,PACE,1594965600,184.812,175.21,2
0,3,AECI,PACE,1596283200,180.832,180.832,0
0,3,AECI,PACE,1597600800,208.917,201.072,3
0,3,AECI,PACE,1598918400,184.869,180.384,3
0,3,AECI,PACE,1600236000,217.65,202.899,2
0,3,AECI,PACE,1601553600,182.573,182.573,0
0,3,AECI,PACE,1602871200,190.006,178.75,5
0,3,AECI,PACE,1604188800,242.625,219.569,3
0,3,AECI,PACE,1605506400,219.784,205.232,2
0,3,AECI,PACE,1606824000,211.493,196.187,4
0,3,AECI,PACE,1608141600,202.948,194.483,2
0,4,AECI,PACE,1577836800,171.652,171.652,0
0,4,AECI,PACE,1579154400,203.393,184.829,2
0,4,AECI,PACE,1580472000,180.661,179.08,2
0,4,AECI,PACE,1581789600,192.919,190.047,2
0,4,AECI,PACE,1583107200,196.049,177.533,1
0,4,AECI,PACE,1584424800,173.609,173.609,0
0,4,AECI,PACE,1585742400,130.078,130.078,0
0,4,AECI,PACE,1587060000,146.519,146.519,0
0,4,AECI,PACE,1588377600,165.315,154.192,2
0,4,AECI,PACE,1589695200,158.058,158.058,0
0,4,AECI,PACE,1591012800,151.782,151.782,0
0,4,AECI,PACE,1592330400,175.754,159.195,2
0,4,AECI,PACE,1593648000,198.815,183.868,4
0,4,AECI,PACE,1594965600,184.44,175.21,3
0,4,AECI,PACE,1596283200,180.832,180.832,0
0,4,AECI,PACE,1597600800,216.961,201.072,1
0,4,AECI,PACE,1598918400,180.384,180.384,0
0,4,AECI,PACE,1600236000,202.899,202.899,0
0,4,AECI,PACE,1601553600,187.135,182.573,2
0,4,AECI,PACE,1602871200,211.52,178.75,1
0,4,AECI,PACE,1604188800,233.945,219.569,2
0,4,AECI,PACE,1605506400,221.523,205.232,2
0,4,AECI,PACE,1606824000,226.013,196.187,1
0,4,AECI,PACE,1608141600,207.203,194.483,3
0,5,AECI,PACE,1577836800,175.335,171.652,4
0,5,AECI,PACE,1579154400,192.569,184.829,6
0,5,AECI,PACE,1580472000,178.558,179.08,4
0,5,AECI,PACE,1581789600,191.465,190.047,3
0,5,AECI,PACE,1583107200,174.484,177.533,3
0,5,AECI,PACE,1584424800,176.115,173.609,2
0,5,AECI,PACE,1585742400,130.078,130.078,0
0,5,AECI,PACE,1587060000,148.732,146.519,2
0,5,AECI,PACE,1588377600,147.169,154.192,3
0,5,AECI,PACE,1589695200,163.343,158.058,4
0,5,AECI,PACE,1591012800,154.948,151.782,2
0,5,AECI,PACE,1592330400,154.912,159.195,4
0,5,AECI,PACE,1593648000,181.351,183.868,5
0,5,AECI,PACE,1594965600,180.078,175.21,8
0,5,AECI,PACE,1596283200,186.796,180.832,6
0,5,AECI,PACE,1597600800,211.768,201.072,9
0,5,AECI,PACE,1598918400,184.574,180.384,3
0,5,AECI,PACE,1600236000,215.412,202.899,4
0,5,AECI,PACE,1601553600,189.238,182.573,4
0,5,AECI,PACE,1602871200,177.829,178.75,5
0,5,AECI,PACE,1604188800,223.365,219.569,5
0,5,AECI,PACE,1605506400,213.508,205.232,4
0,5,AECI,PACE,1606824000,204.408,196.187,4
0,5,AECI,PACE,1608141600,207.681,194.483,8
0,6,AECI,PACE,1577836800,173.662,171.652,1
0,6,AECI,PACE,1579154400,196.846,184.829,1
0,6,AECI,PACE,1580472000,182.172,179.08,2
0,6,AECI,PACE,1581789600,197.489,190.047,1
0,6,AECI,PACE,1583107200,207.126,177.533,1
0,6,AECI,PACE,1584424800,173.609,173.609,0
0,6,AECI,PACE,1585742400,130.078,130.078,0
0,6,AECI,PACE,1587060000,146.519,146.519,0
0,6,AECI,PACE,1588377600,177.313,154.192,1
0,6,AECI,PACE,1589695200,158.058,158.058,0
0,6,AECI,PACE,1591012800,151.782,151.782,0
0,6,AECI,PACE,1592330400,159.195,159.195,0
0,6,AECI,PACE,1593648000,211.929,183.868,1
0,6,AECI,PACE,1594965600,197.211,175.21,1
0,6,AECI,PACE,1596283200,180.832,180.832,0
0,6,AECI,PACE,1597600800,201.072,201.072,0
0,6,AECI,PACE,1598918400,180.384,180.384,0
0,6,AECI,PACE,1600236000,214.107,202.899,1
0,6,AECI,PACE,1601553600,182.573,182.573,0
0,6,AECI,PACE,1602871200,191.778,178.75,2
0,6,AECI,PACE,1604188800,257.306,219.569,1
0,6,AECI,PACE,1605506400,230.243,205.232,1
0,6,AECI,PACE,1606824000,196.187,196.187,0
0,6,AECI,PACE,1608141600,221.414,194.483,1
0,1,AECI,TEPC,1577836800,171.652,171.652,0
0,1,AECI,TEPC,1579154400,184.829,184.829,0
0,1,AECI,TEPC,1580472000,179.08,179.08,0
0,1,AECI,TEPC,1581789600,190.047,190.047,0
0,1,AECI,TEPC,1583107200,177.533,177.533,0
0,1,AECI,TEPC,1584424800,173.609,173.609,0
0,1,AECI,TEPC,1585742400,130.078,130.078,0
0,1,AECI,TEPC,1587060000,146.519,146.519,0
0,1,AECI,TEPC,1588377600,154.192,154.192,0
0,1,AECI,TEPC,1589695200,158.058,158.058,0
0,1,AECI,TEPC,1591012800,151.782,151.782,0
0,1,AECI,TEPC,1592330400,159.195,159.195,0
0,1,AECI,TEPC,1593648000,183.868,183.868,0
0,1,AECI,TEPC,1594965600,175.21,175.21,0
0,1,AECI,TEPC,1596283200,180.832,180.832,0
0,1,AECI,TEPC,1597600800,201.072,201.072,0
0,1,AECI,TEPC,1598918400,180.384,180.384,0
0,1,AECI,TEPC,1600236000,202.899,202.899,0
0,1,AECI,TEPC,1601553600,182.573,182.573,0
0,1,AECI,TEPC,1602871200,178.75,178.75,0
0,1,AECI,TEPC,1604188800,219.569,219.569,0
0,1,AECI,TEPC,1605506400,205.232,205.232,0
0,1,AECI,TEPC,1606824000,196.187,196.187,0
0,1,AECI,TEPC,1608141600,194.483,194.483,0
0,2,AECI,TEPC,1577836800,174.697,171.652,2
0,2,AECI,TEPC,1579154400,185.814,184.829,2
0,2,AECI,TEPC,1580472000,174.666,179.08,4
0,2,AECI,TEPC,1581789600,192.603,190.047,5
0,2,AECI,TEPC,1583107200,171.401,177.533,5
0,2,AECI,TEPC,1584424800,181.931,173.609,6
0,2,AECI,TEPC,1585742400,130.769,130.078,4
0,2,AECI,TEPC,1587060000,147.344,146.519,5
0,2,AECI,TEPC,1588377600,154.107,154.192,5
0,2,AECI,TEPC,1589695200,166.954,158.058,6
0,2,AECI,TEPC,1591012800,154.965,151.782,2
0,2,AECI,TEPC,1592330400,166.636,159.195,7
0,2,AECI,TEPC,1593648000,192.422,183.868,5
0,2,AECI,TEPC,1594965600,185.316,175.21,4
0,2,AECI,TEPC,1596283200,195.68,180.832,6
0,2,AECI,TEPC,1597600800,224.083,201.072,7
0,2,AECI,TEPC,1598918400,196.458,180.384,12
0,2,AECI,TEPC,1600236000,216.531,202.899,4
0,2,AECI,TEPC,1601553600,196.964,182.573,8
0,2,AECI,TEPC,1602871200,185.689,178.75,5
0,2,AECI,TEPC,1604188800,225.636,219.569,5
0,2,AECI,TEPC,1605506400,215.643,205.232,4
0,2,AECI,TEPC,1606824000,192.896,196.187,1
0,2,AECI,TEPC,1608141600,202.956,194.483,4
0,3,AECI,TEPC,1577836800,171.652,171.652,0
0,3,AECI,TEPC,1579154400,184.829,184.829,0
0,3,AECI,TEPC,1580472000,179.08,179.08,0
0,3,AECI,TEPC,1581789600,202.448,190.047,5
0,3,AECI,TEPC,1583107200,213.178,177.533,1
0,3,AECI,TEPC,1584424800,181.762,173.609,4
0,3,AECI,TEPC,1585742400,131.586,130.078,2
0,3,AECI,TEPC,1587060000,169.941,146.519,3
0,3,AECI,TEPC,1588377600,179.121,154.192,1
0,3,AECI,TEPC,1589695200,158.443,158.058,2
0,3,AECI,TEPC,1591012800,151.782,151.782,0
0,3,AECI,TEPC,1592330400,175.15,159.195,7
0,3,AECI,TEPC,1593648000,215.745,183.868,1
0,3,AECI,TEPC,1594965600,199.656,175.21,4
0,3,AECI,TEPC,1596283200,184.467,180.832,2
0,3,AECI,TEPC,1597600800,231.727,201.072,1
0,3,AECI,TEPC,1598918400,182.619,180.384,4
0,3,AECI,TEPC,1600236000,241.012,202.899,2
0,3,AECI,TEPC,1601553600,182.573,182.573,0
0,3,AECI,TEPC,1602871200,178.75,178.75,1
0,3,AECI,TEPC,1604188800,249.122,219.569,3
0,3,AECI,TEPC,1605506400,214.91,205.232,2
0,3,AECI,TEPC,1606824000,192.896,196.187,1
0,3,AECI,TEPC,1608141600,194.483,194.483,0
0,4,AECI,TEPC,1577836800,171.652,171.652,0
0,4,AECI,TEPC,1579154400,184.829,184.829,0
0,4,AECI,TEPC,1580472000,171.267,179.08,2
0,4,AECI,TEPC,1581789600,208.126,190.047,2
0,4,AECI,TEPC,1583107200,213.073,177.533,4
0,4,AECI,TEPC,1584424800,179.415,173.609,2
0,4,AECI,TEPC,1585742400,143.093,130.078,1
0,4,AECI,TEPC,1587060000,162.097,146.519,2
0,4,AECI,TEPC,1588377600,179.121,154.192,1
0,4,AECI,TEPC,1589695200,158.058,158.058,0
0,4,AECI,TEPC,1591012800,151.782,151.782,0
0,4,AECI,TEPC,1592330400,188.127,159.195,3
0,4,AECI,TEPC,1593648000,215.745,183.868,1
0,4,AECI,TEPC,1594965600,196.585,175.21,3
0,4,AECI,TEPC,1596283200,201.202,180.832,3
0,4,AECI,TEPC,1597600800,231.727,201.072,1
0,4,AECI,TEPC,1598918400,193.16,180.384,2
0,4,AECI,TEPC,1600236000,229.804,202.899,1
0,4,AECI,TEPC,1601553600,200.697,182.573,3
0,4,AECI,TEPC,1602871200,178.75,178.75,0
0,4,AECI,TEPC,1604188800,241.203,219.569,2
0,4,AECI,TEPC,1605506400,215.93,205.232,2
0,4,AECI,TEPC,1606824000,192.896,196.187,1
0,4,AECI,TEPC,1608141600,194.483,194.483,0
0,5,AECI,TEPC,1577836800,174.491,171.652,2
0,5,AECI,TEPC,1579154400,185.594,184.829,2
0,5,AECI,TEPC,1580472000,173.391,179.08,4
0,5,AECI,TEPC,1581789600,192.117,190.047,5
0,5,AECI,TEPC,1583107200,169.538,177.533,3
0,5,AECI,TEPC,1584424800,181.226,173.609,6
0,5,AECI,TEPC,1585742400,130.505,130.078,5
0,5,AECI,TEPC,1587060000,147.049,146.519,5
0,5,AECI,TEPC,1588377600,152.368,154.192,5
0,5,AECI,TEPC,1589695200,164.817,158.058,4
0,5,AECI,TEPC,1591012800,154.678,151.782,2
0,5,AECI,TEPC,1592330400,165.469,159.195,7
0,5,AECI,TEPC,1593648000,191.566,183.868,5
0,5,AECI,TEPC,1594965600,184.276,175.21,4
0,5,AECI,TEPC,1596283200,194.794,180.832,6
0,5,AECI,TEPC,1597600800,223.741,201.072,7
0,5,AECI,TEPC,1598918400,194.291,180.384,12
0,5,AECI,TEPC,1600236000,215.715,202.899,4
0,5,AECI,TEPC,1601553600,196.384,182.573,8
0,5,AECI,TEPC,1602871200,185.979,178.75,6
0,5,AECI,TEPC,1604188800,224.314,219.569,5
0,5,AECI,TEPC,1605506400,214.472,205.232,4
0,5,AECI,TEPC,1606824000,192.896,196.187,1
0,5,AECI,TEPC,1608141600,201.653,194.483,4
0,6,AECI,TEPC,1577836800,171.652,171.652,0
0,6,AECI,TEPC,1579154400,184.829,184.829,0
0,6,AECI,TEPC,1580472000,179.08,179.08,0
0,6,AECI,TEPC,1581789600,190.047,190.047,0
0,6,AECI,TEPC,1583107200,209.933,177.533,1
0,6,AECI,TEPC,1584424800,175.804,173.609,2
0,6,AECI,TEPC,1585742400,130.078,130.078,0
0,6,AECI,TEPC,1587060000,165.981,146.519,1
0,6,AECI,TEPC,1588377600,179.121,154.192,1
0,6,AECI,TEPC,1589695200,158.058,158.058,0
0,6,AECI,TEPC,1591012800,151.782,151.782,0
0,6,AECI,TEPC,1592330400,189.637,159.195,1
0,6,AECI,TEPC,1593648000,215.745,183.868,1
0,6,AECI,TEPC,1594965600,206.839,175.21,1
0,6,AECI,TEPC,1596283200,180.832,180.832,0
0,6,AECI,TEPC,1597600800,231.727,201.072,1
0,6,AECI,TEPC,1598918400,180.384,180.384,0
0,6,AECI,TEPC,1600236000,238.07,202.899,1
0,6,AECI,TEPC,1601553600,182.573,182.573,0
0,6,AECI,TEPC,1602871200,178.75,178.75,0
0,6,AECI,TEPC,1604188800,235.755,219.569,3
0,6,AECI,TEPC,1605506400,224.478,205.232,1
0,6,AECI,TEPC,1606824000,192.896,196.187,1
0,6,AECI,TEPC,1608141600,194.483,194.483,0
0,1,BANC,CISO,1577836800,76.253,76.253,0
0,1,BANC,CISO,1579154400,81.548,81.548,0
0,1,BANC,CISO,1580472000,55.83,55.83,0
0,1,BANC,CISO,1581789600,52.267,52.267,0
0,1,BANC,CISO,1583107200,52.43,52.43,0
0,1,BANC,CISO,1584424800,83.316,83.316,0
0,1,BANC,CISO,1585742400,44.33,44.33,0
0,1,BANC,CISO,1587060000,33.313,33.313,0
0,1,BANC,CISO,1588377600,42.749,42.749,0
0,1,BANC,CISO,1589695200,42.187,42.187,0
0,1,BANC,CISO,1591012800,42.378,42.378,0
0,1,BANC,CISO,1592330400,40.383,40.383,0
0,1,BANC,CISO,1593648000,37.688,37.688,0
0,1,BANC,CISO,1594965600,55.204,55.204,0
0,1,BANC,CISO,1596283200,56.684,56.684,0
0,1,BANC,CISO,1597600800,78.197,78.197,0
0,1,BANC,CISO,1598918400,75.022,75.022,0
0,1,BANC,CISO,1600236000,80.174,80.174,0
0,1,BANC,CISO,1601553600,81.036,81.036,0
0,1,BANC,CISO,1602871200,74.249,74.249,0
0,1,BANC,CISO,1604188800,87.09,87.09,0
0,1,BANC,CISO,1605506400,93.475,93.475,0
0,1,BANC,CISO,1606824000,108.643,108.643,0
0,1,BANC,CISO,1608141600,91.972,91.972,0
0,2,BANC,CISO,1577836800,79.251,76.253,4
0,2,BANC,CISO,1579154400,86.96,81.548,4
0,2,BANC,CISO,1580472000,57.341,55.83,2
0,2,BANC,CISO,1581789600,53.842,52.267,5
0,2,BANC,CISO,1583107200,53.98,52.43,3
0,2,BANC,CISO,1584424800,89.891,83.316,4
0,2,BANC,CISO,1585742400,46.941,44.33,4
0,2,BANC,CISO,1587060000,34.136,33.313,3
0,2,BANC,CISO,1588377600,38.9,42.749,5
0,2,BANC,CISO,1589695200,38.294,42.187,4
0,2,BANC,CISO,1591012800,43.339,42.378,2
0,2,BANC,CISO,1592330400,40.585,40.383,5
0,2,BANC,CISO,1593648000,38.841,37.688,4
0,2,BANC,CISO,1594965600,56.754,55.204,4
0,2,BANC,CISO,1596283200,57.435,56.684,4
0,2,BANC,CISO,1597600800,79.88,78.197,2
0,2,BANC,CISO,1598918400,77.888,75.022,4
0,2,BANC,CISO,1600236000,84.073,80.174,4
0,2,BANC,CISO,1601553600,86.091,81.036,4
0,2,BANC,CISO,1602871200,76.541,74.249,5
0,2,BANC,CISO,1604188800,88.211,87.09,4
0,2,BANC,CISO,1605506400,98.09,93.475,7
0,2,BANC,CISO,1606824000,115.898,108.643,7
0,2,BANC,CISO,1608141600,96.833,91.972,7
0,3,BANC,CISO,1577836800,77.79,76.253,2
0,3,BANC,CISO,1579154400,81.548,81.548,0
0,3,BANC,CISO,1580472000,55.83,55.83,0
0,3,BANC,CISO,1581789600,52.299,52.267,1
0,3,BANC,CISO,1583107200,54.118,52.43,1
0,3,BANC,CISO,1584424800,83.316,83.316,0
0,3,BANC,CISO,1585742400,44.33,44.33,0
0,3,BANC,CISO,1587060000,33.313,33.313,1
0,3,BANC,CISO,1588377600,54.392,42.749,3
0,3,BANC,CISO,1589695200,43.75,42.187,2
0,3,BANC,CISO,1591012800,42.378,42.378,0
0,3,BANC,CISO,1592330400,40.728,40.383,1
0,3,BANC,CISO,1593648000,39.112,37.688,2
0,3,BANC,CISO,1594965600,55.204,55.204,0
0,3,BANC,CISO,1596283200,56.684,56.684,0
0,3,BANC,CISO,1597600800,78.197,78.197,0
0,3,BANC,CISO,1598918400,81.562,75.022,2
0,3,BANC,CISO,1600236000,80.174,80.174,0
0,3,BANC,CISO,1601553600,81.036,81.036,0
0,3,BANC,CISO,1602871200,74.426,74.249,1
0,3,BANC,CISO,1604188800,87.09,87.09,0
0,3,BANC,CISO,1605506400,116.721,93.475,3
0,3,BANC,CISO,1606824000,121.129,108.643,1
0,3,BANC,CISO,1608141600,92.289,91.972,3
0,4,BANC,CISO,1577836800,76.253,76.253,0
0,4,BANC,CISO,1579154400,81.548,81.548,0
0,4,BANC,CISO,1580472000,55.83,55.83,0
0,4,BANC,CISO,1581789600,52.267,52.267,0
0,4,BANC,CISO,1583107200,52.43,52.43,0
0,4,BANC,CISO,1584424800,83.316,83.316,0
0,4,BANC,CISO,1585742400,44.33,44.33,0
0,4,BANC,CISO,1587060000,33.313,33.313,0
0,4,BANC,CISO,1588377600,51.727,42.749,6
0,4,BANC,CISO,1589695200,45.935,42.187,1
0,4,BANC,CISO,1591012800,42.378,42.378,0
0,4,BANC,CISO,1592330400,40.383,40.383,0
0,4,BANC,CISO,1593648000,37.688,37.688,0
0,4,BANC,CISO,1594965600,55.204,55.204,0
0,4,BANC,CISO,1596283200,56.684,56.684,0
0,4,BANC,CISO,1597600800,78.197,78.197,0
0,4,BANC,CISO,1598918400,76.746,75.022,1
0,4,BANC,CISO,1600236000,80.174,80.174,0
0,4,BANC,CISO,1601553600,81.036,81.036,0
0,4,BANC,CISO,1602871200,74.249,74.249,0
0,4,BANC,CISO,1604188800,87.09,87.09,0
0,4,BANC,CISO,1605506400,112.558,93.475,1
0,4,BANC,CISO,1606824000,121.129,108.643,1
0,4,BANC,CISO,1608141600,98.642,91.972,2
0,5,BANC,CISO,1577836800,78.069,76.253,4
0,5,BANC,CISO,1579154400,85.64,81.548,4
0,5,BANC,CISO,1580472000,57.118,55.83,2
0,5,BANC,CISO,1581789600,51.764,52.267,5
0,5,BANC,CISO,1583107200,53.961,52.43,4
0,5,BANC,CISO,1584424800,87.851,83.316,4
0,5,BANC,CISO,1585742400,45.467,44.33,4
0,5,BANC,CISO,1587060000,33.97,33.313,3
0,5,BANC,CISO,1588377600,37.98,42.749,3
0,5,BANC,CISO,1589695200,37.872,42.187,4
0,5,BANC,CISO,1591012800,43.166,42.378,2
0,5,BANC,CISO,1592330400,39.86,40.383,6
0,5,BANC,CISO,1593648000,38.465,37.688,4
0,5,BANC,CISO,1594965600,56.268,55.204,4
0,5,BANC,CISO,1596283200,57.307,56.684,4
0,5,BANC,CISO,1597600800,79.21,78.197,2
0,5,BANC,CISO,1598918400,77.424,75.022,4
0,5,BANC,CISO,1600236000,83.572,80.174,4
0,5,BANC,CISO,1601553600,85.651,81.036,4
0,5,BANC,CISO,1602871200,76.24,74.249,3
0,5,BANC,CISO,1604188800,87.523,87.09,4
0,5,BANC,CISO,1605506400,97.207,93.475,7
0,5,BANC,CISO,1606824000,114.504,108.643,7
0,5,BANC,CISO,1608141600,94.78,91.972,7
0,6,BANC,CISO,1577836800,76.253,76.253,0
0,6,BANC,CISO,1579154400,81.548,81.548,0
0,6,BANC,CISO,1580472000,55.83,55.83,0
0,6,BANC,CISO,1581789600,52.267,52.267,0
0,6,BANC,CISO,1583107200,53.287,52.43,1
0,6,BANC,CISO,1584424800,83.316,83.316,0
0,6,BANC,CISO,1585742400,44.33,44.33,0
0,6,BANC,CISO,1587060000,33.313,33.313,0
0,6,BANC,CISO,1588377600,53.293,42.749,1
0,6,BANC,CISO,1589695200,41.526,42.187,2
0,6,BANC,CISO,1591012800,42.378,42.378,0
0,6,BANC,CISO,1592330400,40.383,40.383,0
0,6,BANC,CISO,1593648000,38.639,37.688,1
0,6,BANC,CISO,1594965600,55.204,55.204,0
0,6,BANC,CISO,1596283200,56.684,56.684,0
0,6,BANC,CISO,1597600800,78.197,78.197,0
0,6,BANC,CISO,1598918400,77.061,75.022,1
0,6,BANC,CISO,1600236000,80.174,80.174,0
0,6,BANC,CISO,1601553600,81.036,81.036,0
0,6,BANC,CISO,1602871200,74.249,74.249,0
0,6,BANC,CISO,1604188800,87.09,87.09,0
0,6,BANC,CISO,1605506400,120.33,93.475,1
0,6,BANC,CISO,1606824000,121.129,108.643,1
0,6,BANC,CISO,1608141600,91.972,91.972,0
0,1,CISO,BANC,1577836800,130.428,130.428,0
0,1,CISO,BANC,1579154400,140.472,140.472,0
0,1,CISO,BANC,1580472000,117.952,117.952,0
0,1,CISO,BANC,1581789600,103.569,103.569,0
0,1,CISO,BANC,1583107200,104.144,104.144,0
0,1,CISO,BANC,1584424800,135.48,135.48,0
0,1,CISO,BANC,1585742400,79.732,79.732,0
0,1,CISO,BANC,1587060000,80.679,80.679,0
0,1,CISO,BANC,1588377600,56.36,56.36,0
0,1,CISO,BANC,1589695200,62.849,62.849,0
0,1,CISO,BANC,1591012800,94.687,94.687,0
0,1,CISO,BANC,1592330400,66.377,66.377,0
0,1,CISO,BANC,1593648000,73.665,73.665,0
0,1,CISO,BANC,1594965600,90.516,90.516,0
0,1,CISO,BANC,1596283200,92.419,92.419,0
0,1,CISO,BANC,1597600800,127.384,127.384,0
0,1,CISO,BANC,1598918400,110.116,110.116,0
0,1,CISO,BANC,1600236000,126.99,126.99,0
0,1,CISO,BANC,1601553600,129.978,129.978,0
0,1,CISO,BANC,1602871200,142.021,142.021,0
0,1,CISO,BANC,1604188800,143.8,143.8,0
0,1,CISO,BANC,1605506400,123.623,123.623,0
0,1,CISO,BANC,1606824000,121.375,121.375,0
0,1,CISO,BANC,1608141600,120.762,120.762,0
0,2,CISO,BANC,1577836800,81.031,130.428,5
0,2,CISO,BANC,1579154400,88.823,140.472,5
0,2,CISO,BANC,1580472000,59.066,117.952,3
0,2,CISO,BANC,1581789600,53.962,103.569,4
0,2,CISO,BANC,1583107200,54.499,104.144,4
0,2,CISO,BANC,1584424800,91.445,135.48,5
0,2,CISO,BANC,1585742400,48.302,79.732,5
0,2,CISO,BANC,1587060000,34.168,80.679,2
0,2,CISO,BANC,1588377600,38.82,56.36,4
0,2,CISO,BANC,1589695200,39.285,62.849,5
0,2,CISO,BANC,1591012800,44.425,94.687,3
0,2,CISO,BANC,1592330400,40.323,66.377,4
0,2,CISO,BANC,1593648000,39.404,73.665,5
0,2,CISO,BANC,1594965600,57.915,90.516,5
0,2,CISO,BANC,1596283200,58.422,92.419,5
0,2,CISO,BANC,1597600800,80.373,127.384,1
0,2,CISO,BANC,1598918400,78.773,110.116,5
0,2,CISO,BANC,1600236000,85.302,126.99,5
0,2,CISO,BANC,1601553600,87.373,129.978,5
0,2,CISO,BANC,1602871200,77.058,142.021,4
0,2,CISO,BANC,1604188800,89.624,143.8,5
0,2,CISO,BANC,1605506400,99.777,123.623,8
0,2,CISO,BANC,1606824000,116.144,121.375,6
0,2,CISO,BANC,1608141600,97.419,120.762,8
0,3,CISO,BANC,1577836800,79.57,130.428,3
0,3,CISO,BANC,1579154400,83.411,140.472,1
0,3,CISO,BANC,1580472000,57.556,117.952,1
0,3,CISO,BANC,1581789600,52.418,103.569,2
0,3,CISO,BANC,1583107200,54.637,104.144,2
0,3,CISO,BANC,1584424800,84.87,135.48,1
0,3,CISO,BANC,1585742400,45.691,79.732,1
0,3,CISO,BANC,1587060000,33.344,80.679,2
0,3,CISO,BANC,1588377600,54.312,56.36,2
0,3,CISO,BANC,1589695200,44.741,62.849,3
0,3,CISO,BANC,1591012800,43.464,94.687,1
0,3,CISO,BANC,1592330400,40.466,66.377,2
0,3,CISO,BANC,1593648000,39.676,73.665,3
0,3,CISO,BANC,1594965600,56.366,90.516,1
0,3,CISO,BANC,1596283200,57.672,92.419,1
0,3,CISO,BANC,1597600800,78.689,127.384,1
0,3,CISO,BANC,1598918400,82.448,110.116,3
0,3,CISO,BANC,1600236000,81.403,126.99,1
0,3,CISO,BANC,1601553600,82.318,129.978,1
0,3,CISO,BANC,1602871200,74.943,142.021,2
0,3,CISO,BANC,1604188800,88.504,143.8,1
0,3,CISO,BANC,1605506400,118.409,123.623,2
0,3,CISO,BANC,1606824000,121.375,121.375,0
0,3,CISO,BANC,1608141600,92.875,120.762,2
0,4,CISO,BANC,1577836800,78.033,130.428,1
0,4,CISO,BANC,1579154400,83.411,140.472,1
0,4,CISO,BANC,1580472000,57.556,117.952,1
0,4,CISO,BANC,1581789600,52.387,103.569,1
0,4,CISO,BANC,1583107200,52.948,104.144,1
0,4,CISO,BANC,1584424800,84.87,135.48,1
0,4,CISO,BANC,1585742400,45.691,79.732,1
0,4,CISO,BANC,1587060000,33.344,80.679,1
0,4,CISO,BANC,1588377600,51.647,56.36,5
0,4,CISO,BANC,1589695200,46.926,62.849,2
0,4,CISO,BANC,1591012800,43.464,94.687,1
0,4,CISO,BANC,1592330400,40.121,66.377,1
0,4,CISO,BANC,1593648000,38.251,73.665,1
0,4,CISO,BANC,1594965600,56.366,90.516,1
0,4,CISO,BANC,1596283200,57.672,92.419,1
0,4,CISO,BANC,1597600800,78.689,127.384,1
0,4,CISO,BANC,1598918400,77.632,110.116,2
0,4,CISO,BANC,1600236000,81.403,126.99,1
0,4,CISO,BANC,1601553600,82.318,129.978,1
0,4,CISO,BANC,1602871200,74.766,142.021,1
0,4,CISO,BANC,1604188800,88.504,143.8,1
0,4,CISO,BANC,1605506400,114.245,123.623,2
0,4,CISO,BANC,1606824000,121.375,121.375,0
0,4,CISO,BANC,1608141600,99.228,120.762,1
0,5,CISO,BANC,1577836800,79.849,130.428,5
0,5,CISO,BANC,1579154400,87.503,140.472,5
0,5,CISO,BANC,1580472000,58.844,117.952,3
0,5,CISO,BANC,1581789600,51.883,103.569,4
0,5,CISO,BANC,1583107200,54.479,104.144,5
0,5,CISO,BANC,1584424800,89.405,135.48,5
0,5,CISO,BANC,1585742400,46.828,79.732,5
0,5,CISO,BANC,1587060000,34.002,80.679,2
0,5,CISO,BANC,1588377600,37.9,56.36,4
0,5,CISO,BANC,1589695200,38.863,62.849,5
0,5,CISO,BANC,1591012800,44.252,94.687,3
0,5,CISO,BANC,1592330400,39.598,66.377,5
0,5,CISO,BANC,1593648000,39.029,73.665,5
0,5,CISO,BANC,1594965600,57.43,90.516,5
0,5,CISO,BANC,1596283200,58.294,92.419,5
0,5,CISO,BANC,1597600800,79.702,127.384,1
0,5,CISO,BANC,1598918400,78.309,110.116,5
0,5,CISO,BANC,1600236000,84.801,126.99,5
0,5,CISO,BANC,1601553600,86.933,129.978,5
0,5,CISO,BANC,1602871200,76.757,142.021,4
0,5,CISO,BANC,1604188800,88.937,143.8,5
0,5,CISO,BANC,1605506400,98.895,123.623,8
0,5,CISO,BANC,1606824000,114.75,121.375,6
0,5,CISO,BANC,1608141600,95.366,120.762,6
0,6,CISO,BANC,1577836800,78.033,130.428,1
0,6,CISO,BANC,1579154400,83.411,140.472,1
0,6,CISO,BANC,1580472000,57.556,117.952,1
0,6,CISO,BANC,1581789600,52.387,103.569,1
0,6,CISO,BANC,1583107200,53.806,104.144,2
0,6,CISO,BANC,1584424800,84.87,135.48,1
0,6,CISO,BANC,1585742400,45.691,79.732,1
0,6,CISO,BANC,1587060000,33.344,80.679,1
0,6,CISO,BANC,1588377600,56.36,56.36,0
0,6,CISO,BANC,1589695200,42.516,62.849,3
0,6,CISO,BANC,1591012800,43.464,94.687,1
0,6,CISO,BANC,1592330400,40.121,66.377,1
0,6,CISO,BANC,1593648000,39.203,73.665,2
0,6,CISO,BANC,1594965600,56.366,90.516,1
0,6,CISO,BANC,1596283200,57.672,92.419,1
0,6,CISO,BANC,1597600800,78.689,127.384,1
0,6,CISO,BANC,1598918400,77.947,110.116,2
0,6,CISO,BANC,1600236000,81.403,126.99,1
0,6,CISO,BANC,1601553600,82.318,129.978,1
0,6,CISO,BANC,1602871200,74.766,142.021,1
0,6,CISO,BANC,1604188800,88.504,143.8,1
0,6,CISO,BANC,1605506400,123.623,123.623,0
0,6,CISO,BANC,1606824000,121.375,121.375,0
0,6,CISO,BANC,1608141600,98.732,120.762,1
0,1,EPE,AECI,1577836800,202.093,202.093,0
0,1,EPE,AECI,1579154400,207.289,207.289,0
0,1,EPE,AECI,1580472000,181.504,181.504,0
0,1,EPE,AECI,1581789600,175.974,175.974,0
0,1,EPE,AECI,1583107200,202.541,202.541,0
0,1,EPE,AECI,1584424800,204.307,204.307,0
0,1,EPE,AECI,1585742400,164.605,164.605,0
0,1,EPE,AECI,1587060000,171.684,171.684,0
0,1,EPE,AECI,1588377600,183.602,183.602,0
0,1,EPE,AECI,1589695200,189.282,189.282,0
0,1,EPE,AECI,1591012800,195.852,195.852,0
0,1,EPE,AECI,1592330400,195.157,195.157,0
0,1,EPE,AECI,1593648000,198.016,198.016,0
0,1,EPE,AECI,1594965600,209.436,209.436,0
0,1,EPE,AECI,1596283200,204.715,204.715,0
0,1,EPE,AECI,1597600800,214.763,214.763,0
0,1,EPE,AECI,1598918400,203.471,203.471,0
0,1,EPE,AECI,1600236000,199.728,199.728,0
0,1,EPE,AECI,1601553600,220.07,220.07,0
0,1,EPE,AECI,1602871200,223.978,223.978,0
0,1,EPE,AECI,1604188800,214.945,214.945,0
0,1,EPE,AECI,1605506400,203.959,203.959,0
0,1,EPE,AECI,1606824000,198.83,198.83,0
0,1,EPE,AECI,1608141600,215.454,215.454,0
0,2,EPE,AECI,1577836800,183.435,202.093,8
0,2,EPE,AECI,1579154400,202.554,207.289,2
0,2,EPE,AECI,1580472000,170.344,181.504,1
0,2,EPE,AECI,1581789600,175.974,175.974,0
0,2,EPE,AECI,1583107200,179.55,202.541,4
0,2,EPE,AECI,1584424800,184.715,204.307,7
0,2,EPE,AECI,1585742400,136.682,164.605,4
0,2,EPE,AECI,1587060000,154.804,171.684,4
0,2,EPE,AECI,1588377600,157.66,183.602,4
0,2,EPE,AECI,1589695200,170.064,189.282,7
0,2,EPE,AECI,1591012800,164.738,195.852,7
0,2,EPE,AECI,1592330400,171.487,195.157,6
0,2,EPE,AECI,1593648000,192.342,198.016,4
0,2,EPE,AECI,1594965600,187.314,209.436,5
0,2,EPE,AECI,1596283200,194.753,204.715,5
0,2,EPE,AECI,1597600800,212.969,214.763,2
0,2,EPE,AECI,1598918400,200.442,203.471,4
0,2,EPE,AECI,1600236000,199.728,199.728,0
0,2,EPE,AECI,1601553600,200.347,220.07,3
0,2,EPE,AECI,1602871200,188.762,223.978,4
0,2,EPE,AECI,1604188800,206.655,214.945,4
0,2,EPE,AECI,1605506400,200.754,203.959,1
0,2,EPE,AECI,1606824000,196.084,198.83,2
0,2,EPE,AECI,1608141600,203.564,215.454,8
0,3,EPE,AECI,1577836800,202.093,202.093,0
0,3,EPE,AECI,1579154400,207.289,207.289,0
0,3,EPE,AECI,1580472000,169.063,181.504,1
0,3,EPE,AECI,1581789600,175.974,175.974,0
0,3,EPE,AECI,1583107200,202.541,202.541,0
0,3,EPE,AECI,1584424800,197.555,204.307,1
0,3,EPE,AECI,1585742400,134.461,164.605,4
0,3,EPE,AECI,1587060000,171.684,171.684,0
0,3,EPE,AECI,1588377600,183.602,183.602,0
0,3,EPE,AECI,1589695200,187.669,189.282,1
0,3,EPE,AECI,1591012800,153.161,195.852,1
0,3,EPE,AECI,1592330400,162.322,195.157,2
0,3,EPE,AECI,1593648000,198.016,198.016,0
0,3,EPE,AECI,1594965600,203.077,209.436,3
0,3,EPE,AECI,1596283200,192.335,204.715,1
0,3,EPE,AECI,1597600800,214.763,214.763,0
0,3,EPE,AECI,1598918400,202.715,203.471,2
0,3,EPE,AECI,1600236000,199.728,199.728,0
0,3,EPE,AECI,1601553600,195.18,220.07,1
0,3,EPE,AECI,1602871200,181.472,223.978,2
0,3,EPE,AECI,1604188800,214.945,214.945,0
0,3,EPE,AECI,1605506400,198.444,203.959,1
0,3,EPE,AECI,1606824000,196.019,198.83,2
0,3,EPE,AECI,1608141600,211.357,215.454,2
0,4,EPE,AECI,1577836800,193.684,202.093,2
0,4,EPE,AECI,1579154400,207.289,207.289,0
0,4,EPE,AECI,1580472000,181.504,181.504,0
0,4,EPE,AECI,1581789600,175.974,175.974,0
0,4,EPE,AECI,1583107200,202.541,202.541,0
0,4,EPE,AECI,1584424800,204.307,204.307,0
0,4,EPE,AECI,1585742400,144.015,164.605,2
0,4,EPE,AECI,1587060000,163.445,171.684,3
0,4,EPE,AECI,1588377600,176.379,183.602,2
0,4,EPE,AECI,1589695200,176.939,189.282,3
0,4,EPE,AECI,1591012800,153.161,195.852,1
0,4,EPE,AECI,1592330400,159.823,195.157,1
0,4,EPE,AECI,1593648000,198.016,198.016,0
0,4,EPE,AECI,1594965600,209.436,209.436,0
0,4,EPE,AECI,1596283200,204.715,204.715,0
0,4,EPE,AECI,1597600800,214.763,214.763,0
0,4,EPE,AECI,1598918400,203.471,203.471,0
0,4,EPE,AECI,1600236000,199.728,199.728,0
0,4,EPE,AECI,1601553600,199.792,220.07,2
0,4,EPE,AECI,1602871200,191.882,223.978,2
0,4,EPE,AECI,1604188800,214.945,214.945,0
0,4,EPE,AECI,1605506400,203.959,203.959,0
0,4,EPE,AECI,1606824000,198.83,198.83,0
0,4,EPE,AECI,1608141600,215.454,215.454,0
0,5,EPE,AECI,1577836800,182.771,202.093,8
0,5,EPE,AECI,1579154400,202.106,207.289,2
0,5,EPE,AECI,1580472000,169.514,181.504,2
0,5,EPE,AECI,1581789600,175.974,175.974,0
0,5,EPE,AECI,1583107200,178.644,202.541,4
0,5,EPE,AECI,1584424800,184.299,204.307,7
0,5,EPE,AECI,1585742400,136.258,164.605,4
0,5,EPE,AECI,1587060000,154.187,171.684,4
0,5,EPE,AECI,1588377600,156.79,183.602,4
0,5,EPE,AECI,1589695200,169.008,189.282,7
0,5,EPE,AECI,1591012800,163.736,195.852,5
0,5,EPE,AECI,1592330400,170.16,195.157,6
0,5,EPE,AECI,1593648000,191.561,198.016,4
0,5,EPE,AECI,1594965600,186.341,209.436,5
0,5,EPE,AECI,1596283200,193.96,204.715,3
0,5,EPE,AECI,1597600800,212.646,214.763,2
0,5,EPE,AECI,1598918400,200.279,203.471,4
0,5,EPE,AECI,1600236000,199.728,199.728,1
0,5,EPE,AECI,1601553600,199.551,220.07,3
0,5,EPE,AECI,1602871200,188.291,223.978,4
0,5,EPE,AECI,1604188800,205.973,214.945,4
0,5,EPE,AECI,1605506400,199.9,203.959,1
0,5,EPE,AECI,1606824000,196.019,198.83,2
0,5,EPE,AECI,1608141600,203.078,215.454,8
0,6,EPE,AECI,1577836800,202.093,202.093,0
0,6,EPE,AECI,1579154400,207.289,207.289,0
0,6,EPE,AECI,1580472000,168.396,181.504,1
0,6,EPE,AECI,1581789600,175.974,175.974,0
0,6,EPE,AECI,1583107200,202.541,202.541,0
0,6,EPE,AECI,1584424800,204.307,204.307,0
0,6,EPE,AECI,1585742400,130.455,164.605,1
0,6,EPE,AECI,1587060000,171.684,171.684,0
0,6,EPE,AECI,1588377600,183.602,183.602,0
0,6,EPE,AECI,1589695200,189.282,189.282,0
0,6,EPE,AECI,1591012800,153.161,195.852,1
0,6,EPE,AECI,1592330400,159.656,195.157,1
0,6,EPE,AECI,1593648000,198.016,198.016,0
0,6,EPE,AECI,1594965600,209.436,209.436,0
0,6,EPE,AECI,1596283200,204.715,204.715,0
0,6,EPE,AECI,1597600800,214.763,214.763,0
0,6,EPE,AECI,1598918400,203.471,203.471,0
0,6,EPE,AECI,1600236000,199.728,199.728,0
0,6,EPE,AECI,1601553600,200.245,220.07,1
0,6,EPE,AECI,1602871200,179.135,223.978,1
0,6,EPE,AECI,1604188800,214.945,214.945,0
0,6,EPE,AECI,1605506400,203.959,203.959,0
0,6,EPE,AECI,1606824000,198.83,198.83,0
0,6,EPE,AECI,1608141600,215.454,215.454,0
0,1,EPE,PSCO,1577836800,202.093,202.093,0
0,1,EPE,PSCO,1579154400,207.289,207.289,0
0,1,EPE,PSCO,1580472000,181.504,181.504,0
0,1,EPE,PSCO,1581789600,175.974,175.974,0
0,1,EPE,PSCO,1583107200,202.541,202.541,0
0,1,EPE,PSCO,1584424800,204.307,204.307,0
0,1,EPE,PSCO,1585742400,164.605,164.605,0
0,1,EPE,PSCO,1587060000,171.684,171.684,0
0,1,EPE,PSCO,1588377600,183.602,183.602,0
0,1,EPE,PSCO,1589695200,189.282,189.282,0
0,1,EPE,PSCO,1591012800,195.852,195.852,0
0,1,EPE,PSCO,1592330400,195.157,195.157,0
0,1,EPE,PSCO,1593648000,198.016,198.016,0
0,1,EPE,PSCO,1594965600,209.436,209.436,0
0,1,EPE,PSCO,1596283200,204.715,204.715,0
0,1,EPE,PSCO,1597600800,214.763,214.763,0
0,1,EPE,PSCO,1598918400,203.471,203.471,0
0,1,EPE,PSCO,1600236000,199.728,199.728,0
0,1,EPE,PSCO,1601553600,220.07,220.07,0
0,1,EPE,PSCO,1602871200,223.978,223.978,0
0,1,EPE,PSCO,1604188800,214.945,214.945,0
0,1,EPE,PSCO,1605506400,203.959,203.959,0
0,1,EPE,PSCO,1606824000,198.83,198.83,0
0,1,EPE,PSCO,1608141600,215.454,215.454,0
0,2,EPE,PSCO,1577836800,190.772,202.093,4
0,2,EPE,PSCO,1579154400,168.942,207.289,5
0,2,EPE,PSCO,1580472000,164.986,181.504,9
0,2,EPE,PSCO,1581789600,174.551,175.974,4
0,2,EPE,PSCO,1583107200,191.573,202.541,5
0,2,EPE,PSCO,1584424800,200.108,204.307,5
0,2,EPE,PSCO,1585742400,160.206,164.605,2
0,2,EPE,PSCO,1587060000,170.127,171.684,2
0,2,EPE,PSCO,1588377600,174.495,183.602,6
0,2,EPE,PSCO,1589695200,165.118,189.282,3
0,2,EPE,PSCO,1591012800,196.27,195.852,4
0,2,EPE,PSCO,1592330400,174.362,195.157,3
0,2,EPE,PSCO,1593648000,175.553,198.016,5
0,2,EPE,PSCO,1594965600,199.108,209.436,5
0,2,EPE,PSCO,1596283200,189.489,204.715,5
0,2,EPE,PSCO,1597600800,185.673,214.763,4
0,2,EPE,PSCO,1598918400,201.456,203.471,2
0,2,EPE,PSCO,1600236000,169.565,199.728,5
0,2,EPE,PSCO,1601553600,190.787,220.07,7
0,2,EPE,PSCO,1602871200,198.081,223.978,6
0,2,EPE,PSCO,1604188800,208.19,214.945,6
0,2,EPE,PSCO,1605506400,191.016,203.959,5
0,2,EPE,PSCO,1606824000,148.392,198.83,1
0,2,EPE,PSCO,1608141600,173.569,215.454,1
0,3,EPE,PSCO,1577836800,200.894,202.093,2
0,3,EPE,PSCO,1579154400,168.834,207.289,1
0,3,EPE,PSCO,1580472000,166.526,181.504,1
0,3,EPE,PSCO,1581789600,175.152,175.974,2
0,3,EPE,PSCO,1583107200,196.012,202.541,1
0,3,EPE,PSCO,1584424800,203.105,204.307,1
0,3,EPE,PSCO,1585742400,164.605,164.605,0
0,3,EPE,PSCO,1587060000,171.684,171.684,0
0,3,EPE,PSCO,1588377600,183.602,183.602,0
0,3,EPE,PSCO,1589695200,174.089,189.282,1
0,3,EPE,PSCO,1591012800,195.852,195.852,0
0,3,EPE,PSCO,1592330400,180.091,195.157,1
0,3,EPE,PSCO,1593648000,179.612,198.016,3
0,3,EPE,PSCO,1594965600,208.434,209.436,1
0,3,EPE,PSCO,1596283200,201.382,204.715,1
0,3,EPE,PSCO,1597600800,187.559,214.763,2
0,3,EPE,PSCO,1598918400,203.471,203.471,0
0,3,EPE,PSCO,1600236000,174.789,199.728,1
0,3,EPE,PSCO,1601553600,196.268,220.07,1
0,3,EPE,PSCO,1602871200,202.209,223.978,2
0,3,EPE,PSCO,1604188800,214.945,214.945,0
0,3,EPE,PSCO,1605506400,198.938,203.959,5
0,3,EPE,PSCO,1606824000,148.392,198.83,1
0,3,EPE,PSCO,1608141600,173.569,215.454,1
0,4,EPE,PSCO,1577836800,197.714,202.093,2
0,4,EPE,PSCO,1579154400,168.834,207.289,1
0,4,EPE,PSCO,1580472000,166.526,181.504,1
0,4,EPE,PSCO,1581789600,175.974,175.974,0
0,4,EPE,PSCO,1583107200,195.595,202.541,1
0,4,EPE,PSCO,1584424800,204.307,204.307,0
0,4,EPE,PSCO,1585742400,164.605,164.605,0
0,4,EPE,PSCO,1587060000,171.684,171.684,0
0,4,EPE,PSCO,1588377600,182.271,183.602,3
0,4,EPE,PSCO,1589695200,171.864,189.282,1
0,4,EPE,PSCO,1591012800,195.852,195.852,0
0,4,EPE,PSCO,1592330400,185.02,195.157,2
0,4,EPE,PSCO,1593648000,180.666,198.016,1
0,4,EPE,PSCO,1594965600,209.436,209.436,0
0,4,EPE,PSCO,1596283200,192.314,204.715,1
0,4,EPE,PSCO,1597600800,191.261,214.763,2
0,4,EPE,PSCO,1598918400,213.983,203.471,1
0,4,EPE,PSCO,1600236000,174.789,199.728,1
0,4,EPE,PSCO,1601553600,196.268,220.07,1
0,4,EPE,PSCO,1602871200,203.995,223.978,1
0,4,EPE,PSCO,1604188800,214.945,214.945,0
0,4,EPE,PSCO,1605506400,201.705,203.959,5
0,4,EPE,PSCO,1606824000,148.392,198.83,1
0,4,EPE,PSCO,1608141600,173.569,215.454,1
0,5,EPE,PSCO,1577836800,189.892,202.093,4
0,5,EPE,PSCO,1579154400,167.23,207.289,5
0,5,EPE,PSCO,1580472000,164.332,181.504,9
0,5,EPE,PSCO,1581789600,174.066,175.974,5
0,5,EPE,PSCO,1583107200,190.494,202.541,5
0,5,EPE,PSCO,1584424800,199.372,204.307,6
0,5,EPE,PSCO,1585742400,159.24,164.605,2
0,5,EPE,PSCO,1587060000,169.781,171.684,2
0,5,EPE,PSCO,1588377600,173.724,183.602,7
0,5,EPE,PSCO,1589695200,164.694,189.282,3
0,5,EPE,PSCO,1591012800,195.733,195.852,2
0,5,EPE,PSCO,1592330400,173.248,195.157,3
0,5,EPE,PSCO,1593648000,174.917,198.016,5
0,5,EPE,PSCO,1594965600,198.413,209.436,5
0,5,EPE,PSCO,1596283200,189.077,204.715,5
0,5,EPE,PSCO,1597600800,185.285,214.763,4
0,5,EPE,PSCO,1598918400,201.305,203.471,2
0,5,EPE,PSCO,1600236000,168.804,199.728,5
0,5,EPE,PSCO,1601553600,189.185,220.07,7
0,5,EPE,PSCO,1602871200,197.316,223.978,6
0,5,EPE,PSCO,1604188800,207.32,214.945,6
0,5,EPE,PSCO,1605506400,190.7,203.959,5
0,5,EPE,PSCO,1606824000,148.392,198.83,1
0,5,EPE,PSCO,1608141600,173.569,215.454,1
0,6,EPE,PSCO,1577836800,196.861,202.093,1
0,6,EPE,PSCO,1579154400,168.834,207.289,1
0,6,EPE,PSCO,1580472000,166.526,181.504,1
0,6,EPE,PSCO,1581789600,175.974,175.974,0
0,6,EPE,PSCO,1583107200,196.012,202.541,1
0,6,EPE,PSCO,1584424800,204.307,204.307,0
0,6,EPE,PSCO,1585742400,164.605,164.605,0
0,6,EPE,PSCO,1587060000,171.684,171.684,0
0,6,EPE,PSCO,1588377600,183.602,183.602,0
0,6,EPE,PSCO,1589695200,174.089,189.282,1
0,6,EPE,PSCO,1591012800,195.852,195.852,0
0,6,EPE,PSCO,1592330400,180.091,195.157,1
0,6,EPE,PSCO,1593648000,180.666,198.016,1
0,6,EPE,PSCO,1594965600,209.436,209.436,0
0,6,EPE,PSCO,1596283200,199.798,204.715,1
0,6,EPE,PSCO,1597600800,189.247,214.763,1
0,6,EPE,PSCO,1598918400,203.471,203.471,0
0,6,EPE,PSCO,1600236000,174.789,199.728,1
0,6,EPE,PSCO,1601553600,196.268,220.07,1
0,6,EPE,PSCO,1602871200,203.995,223.978,1
0,6,EPE,PSCO,1604188800,214.945,214.945,0
0,6,EPE,PSCO,1605506400,198.777,203.959,1
0,6,EPE,PSCO,1606824000,148.392,198.83,1
0,6,EPE,PSCO,1608141600,173.569,215.454,1
0,1,PACE,AECI,1577836800,222.045,222.045,0
0,1,PACE,AECI,1579154400,234.433,234.433,0
0,1,PACE,AECI,1580472000,198.311,198.311,0
0,1,PACE,AECI,1581789600,196.827,196.827,0
0,1,PACE,AECI,1583107200,208.975,208.975,0
0,1,PACE,AECI,1584424800,252.452,252.452,0
0,1,PACE,AECI,1585742400,225.822,225.822,0
0,1,PACE,AECI,1587060000,224.401,224.401,0
0,1,PACE,AECI,1588377600,195.688,195.688,0
0,1,PACE,AECI,1589695200,218.514,218.514,0
0,1,PACE,AECI,1591012800,230.978,230.978,0
0,1,PACE,AECI,1592330400,200.767,200.767,0
0,1,PACE,AECI,1593648000,211.4,211.4,0
0,1,PACE,AECI,1594965600,197.864,197.864,0
0,1,PACE,AECI,1596283200,232.915,232.915,0
0,1,PACE,AECI,1597600800,252.895,252.895,0
0,1,PACE,AECI,1598918400,239.903,239.903,0
0,1,PACE,AECI,1600236000,257.912,257.912,0
0,1,PACE,AECI,1601553600,250.583,250.583,0
0,1,PACE,AECI,1602871200,211.548,211.548,0
0,1,PACE,AECI,1604188800,258.098,258.098,0
0,1,PACE,AECI,1605506400,230.758,230.758,0
0,1,PACE,AECI,1606824000,241.036,241.036,0
0,1,PACE,AECI,1608141600,221.431,221.431,0
0,2,PACE,AECI,1577836800,175.994,222.045,2
0,2,PACE,AECI,1579154400,194.999,234.433,7
0,2,PACE,AECI,1580472000,180.612,198.311,3
0,2,PACE,AECI,1581789600,191.271,196.827,2
0,2,PACE,AECI,1583107200,175.782,208.975,4
0,2,PACE,AECI,1584424800,179.207,252.452,3
0,2,PACE,AECI,1585742400,131.605,225.822,1
0,2,PACE,AECI,1587060000,150.425,224.401,3
0,2,PACE,AECI,1588377600,148.462,195.688,4
0,2,PACE,AECI,1589695200,166.846,218.514,5
0,2,PACE,AECI,1591012800,157.449,230.978,3
0,2,PACE,AECI,1592330400,156.491,200.767,3
0,2,PACE,AECI,1593648000,182.052,211.4,4
0,2,PACE,AECI,1594965600,182.485,197.864,7
0,2,PACE,AECI,1596283200,189.02,232.915,7
0,2,PACE,AECI,1597600800,213.319,252.895,10
0,2,PACE,AECI,1598918400,185.033,239.903,4
0,2,PACE,AECI,1600236000,218.509,257.912,5
0,2,PACE,AECI,1601553600,193.197,250.583,5
0,2,PACE,AECI,1602871200,178.878,211.548,4
0,2,PACE,AECI,1604188800,224.935,258.098,4
0,2,PACE,AECI,1605506400,215.455,230.758,3
0,2,PACE,AECI,1606824000,206.607,241.036,5
0,2,PACE,AECI,1608141600,209.061,221.431,7
0,3,PACE,AECI,1577836800,185.726,222.045,2
0,3,PACE,AECI,1579154400,209.479,234.433,5
0,3,PACE,AECI,1580472000,184.06,198.311,1
0,3,PACE,AECI,1581789600,196.827,196.827,0
0,3,PACE,AECI,1583107200,208.975,208.975,0
0,3,PACE,AECI,1584424800,176.008,252.452,1
0,3,PACE,AECI,1585742400,131.605,225.822,1
0,3,PACE,AECI,1587060000,147.957,224.401,1
0,3,PACE,AECI,1588377600,181.909,195.688,2
0,3,PACE,AECI,1589695200,163.639,218.514,3
0,3,PACE,AECI,1591012800,153.854,230.978,1
0,3,PACE,AECI,1592330400,158.742,200.767,1
0,3,PACE,AECI,1593648000,211.4,211.4,0
0,3,PACE,AECI,1594965600,185.465,197.864,1
0,3,PACE,AECI,1596283200,182.51,232.915,1
0,3,PACE,AECI,1597600800,209.889,252.895,4
0,3,PACE,AECI,1598918400,185.9,239.903,4
0,3,PACE,AECI,1600236000,219.559,257.912,3
0,3,PACE,AECI,1601553600,185.364,250.583,1
0,3,PACE,AECI,1602871200,190.033,211.548,4
0,3,PACE,AECI,1604188800,243.417,258.098,2
0,3,PACE,AECI,1605506400,220.299,230.758,1
0,3,PACE,AECI,1606824000,213.045,241.036,5
0,3,PACE,AECI,1608141600,202.965,221.431,1
0,4,PACE,AECI,1577836800,172.046,222.045,1
0,4,PACE,AECI,1579154400,205.356,234.433,3
0,4,PACE,AECI,1580472000,181.252,198.311,1
0,4,PACE,AECI,1581789600,192.256,196.827,1
0,4,PACE,AECI,1583107200,197.897,208.975,2
0,4,PACE,AECI,1584424800,176.008,252.452,1
0,4,PACE,AECI,1585742400,131.605,225.822,1
0,4,PACE,AECI,1587060000,147.957,224.401,1
0,4,PACE,AECI,1588377600,166.31,195.688,3
0,4,PACE,AECI,1589695200,160.249,218.514,1
0,4,PACE,AECI,1591012800,153.854,230.978,1
0,4,PACE,AECI,1592330400,175.302,200.767,1
0,4,PACE,AECI,1593648000,198.286,211.4,3
0,4,PACE,AECI,1594965600,185.092,197.864,2
0,4,PACE,AECI,1596283200,182.51,232.915,1
0,4,PACE,AECI,1597600800,217.933,252.895,2
0,4,PACE,AECI,1598918400,181.414,239.903,1
0,4,PACE,AECI,1600236000,204.809,257.912,1
0,4,PACE,AECI,1601553600,189.925,250.583,3
0,4,PACE,AECI,1602871200,211.548,211.548,0
0,4,PACE,AECI,1604188800,234.737,258.098,1
0,4,PACE,AECI,1605506400,222.038,230.758,1
0,4,PACE,AECI,1606824000,227.566,241.036,2
0,4,PACE,AECI,1608141600,207.22,221.431,2
0,5,PACE,AECI,1577836800,175.729,222.045,3
0,5,PACE,AECI,1579154400,194.532,234.433,7
0,5,PACE,AECI,1580472000,179.149,198.311,3
0,5,PACE,AECI,1581789600,190.802,196.827,2
0,5,PACE,AECI,1583107200,176.333,208.975,4
0,5,PACE,AECI,1584424800,178.514,252.452,3
0,5,PACE,AECI,1585742400,131.605,225.822,1
0,5,PACE,AECI,1587060000,150.171,224.401,3
0,5,PACE,AECI,1588377600,148.164,195.688,4
0,5,PACE,AECI,1589695200,165.534,218.514,5
0,5,PACE,AECI,1591012800,157.02,230.978,3
0,5,PACE,AECI,1592330400,154.46,200.767,3
0,5,PACE,AECI,1593648000,180.822,211.4,4
0,5,PACE,AECI,1594965600,180.731,197.864,7
0,5,PACE,AECI,1596283200,188.474,232.915,7
0,5,PACE,AECI,1597600800,212.74,252.895,10
0,5,PACE,AECI,1598918400,185.605,239.903,4
0,5,PACE,AECI,1600236000,217.321,257.912,5
0,5,PACE,AECI,1601553600,192.029,250.583,5
0,5,PACE,AECI,1602871200,177.856,211.548,4
0,5,PACE,AECI,1604188800,224.157,258.098,4
0,5,PACE,AECI,1605506400,214.023,230.758,3
0,5,PACE,AECI,1606824000,205.96,241.036,5
0,5,PACE,AECI,1608141600,207.697,221.431,7
0,6,PACE,AECI,1577836800,174.056,222.045,2
0,6,PACE,AECI,1579154400,198.81,234.433,2
0,6,PACE,AECI,1580472000,182.763,198.311,1
0,6,PACE,AECI,1581789600,196.827,196.827,0
0,6,PACE,AECI,1583107200,208.975,208.975,0
0,6,PACE,AECI,1584424800,176.008,252.452,1
0,6,PACE,AECI,1585742400,131.605,225.822,1
0,6,PACE,AECI,1587060000,147.957,224.401,1
0,6,PACE,AECI,1588377600,178.308,195.688,2
0,6,PACE,AECI,1589695200,160.249,218.514,1
0,6,PACE,AECI,1591012800,153.854,230.978,1
0,6,PACE,AECI,1592330400,158.742,200.767,1
0,6,PACE,AECI,1593648000,211.4,211.4,0
0,6,PACE,AECI,1594965600,197.864,197.864,0
0,6,PACE,AECI,1596283200,182.51,232.915,1
0,6,PACE,AECI,1597600800,202.044,252.895,1
0,6,PACE,AECI,1598918400,181.414,239.903,1
0,6,PACE,AECI,1600236000,216.016,257.912,2
0,6,PACE,AECI,1601553600,185.364,250.583,1
0,6,PACE,AECI,1602871200,191.805,211.548,1
0,6,PACE,AECI,1604188800,258.098,258.098,0
0,6,PACE,AECI,1605506400,230.758,230.758,0
0,6,PACE,AECI,1606824000,241.036,241.036,0
0,6,PACE,AECI,1608141600,221.431,221.431,0
0,1,PACE,PSCO,1577836800,222.045,222.045,0
0,1,PACE,PSCO,1579154400,234.433,234.433,0
0,1,PACE,PSCO,1580472000,198.311,198.311,0
0,1,PACE,PSCO,1581789600,196.827,196.827,0
0,1,PACE,PSCO,1583107200,208.975,208.975,0
0,1,PACE,PSCO,1584424800,252.452,252.452,0
0,1,PACE,PSCO,1585742400,225.822,225.822,0
0,1,PACE,PSCO,1587060000,224.401,224.401,0
0,1,PACE,PSCO,1588377600,195.688,195.688,0
0,1,PACE,PSCO,1589695200,218.514,218.514,0
0,1,PACE,PSCO,1591012800,230.978,230.978,0
0,1,PACE,PSCO,1592330400,200.767,200.767,0
0,1,PACE,PSCO,1593648000,211.4,211.4,0
0,1,PACE,PSCO,1594965600,197.864,197.864,0
0,1,PACE,PSCO,1596283200,232.915,232.915,0
0,1,PACE,PSCO,1597600800,252.895,252.895,0
0,1,PACE,PSCO,1598918400,239.903,239.903,0
0,1,PACE,PSCO,1600236000,257.912,257.912,0
0,1,PACE,PSCO,1601553600,250.583,250.583,0
0,1,PACE,PSCO,1602871200,211.548,211.548,0
0,1,PACE,PSCO,1604188800,258.098,258.098,0
0,1,PACE,PSCO,1605506400,230.758,230.758,0
0,1,PACE,PSCO,1606824000,241.036,241.036,0
0,1,PACE,PSCO,1608141600,221.431,221.431,0
0,2,PACE,PSCO,1577836800,200.987,222.045,6
0,2,PACE,PSCO,1579154400,170.798,234.433,7
0,2,PACE,PSCO,1580472000,166.195,198.311,5
0,2,PACE,PSCO,1581789600,186.444,196.827,5
0,2,PACE,PSCO,1583107200,193.631,208.975,8
0,2,PACE,PSCO,1584424800,222.03,252.452,3
0,2,PACE,PSCO,1585742400,193.7,225.822,5
0,2,PACE,PSCO,1587060000,204.86,224.401,8
0,2,PACE,PSCO,1588377600,170.65,195.688,6
0,2,PACE,PSCO,1589695200,170.929,218.514,3
0,2,PACE,PSCO,1591012800,213.413,230.978,3
0,2,PACE,PSCO,1592330400,162.974,200.767,3
0,2,PACE,PSCO,1593648000,172.011,211.4,5
0,2,PACE,PSCO,1594965600,192.796,197.864,9
0,2,PACE,PSCO,1596283200,198.919,232.915,5
0,2,PACE,PSCO,1597600800,190.05,252.895,1
0,2,PACE,PSCO,1598918400,228.039,239.903,6
0,2,PACE,PSCO,1600236000,176.184,257.912,1
0,2,PACE,PSCO,1601553600,196.913,250.583,5
0,2,PACE,PSCO,1602871200,190.527,211.548,4
0,2,PACE,PSCO,1604188800,225.945,258.098,3
0,2,PACE,PSCO,1605506400,200.549,230.758,5
0,2,PACE,PSCO,1606824000,149.573,241.036,1
0,2,PACE,PSCO,1608141600,173.85,221.431,1
0,3,PACE,PSCO,1577836800,201.185,222.045,2
0,3,PACE,PSCO,1579154400,170.121,234.433,1
0,3,PACE,PSCO,1580472000,166.736,198.311,1
0,3,PACE,PSCO,1581789600,195.232,196.827,1
0,3,PACE,PSCO,1583107200,196.418,208.975,2
0,3,PACE,PSCO,1584424800,221.214,252.452,1
0,3,PACE,PSCO,1585742400,196.656,225.822,1
0,3,PACE,PSCO,1587060000,210.716,224.401,2
0,3,PACE,PSCO,1588377600,182.759,195.688,2
0,3,PACE,PSCO,1589695200,175.085,218.514,1
0,3,PACE,PSCO,1591012800,221.637,230.978,1
0,3,PACE,PSCO,1592330400,179.862,200.767,1
0,3,PACE,PSCO,1593648000,178.48,211.4,3
0,3,PACE,PSCO,1594965600,196.743,197.864,1
0,3,PACE,PSCO,1596283200,202.216,232.915,1
0,3,PACE,PSCO,1597600800,190.05,252.895,1
0,3,PACE,PSCO,1598918400,233.983,239.903,2
0,3,PACE,PSCO,1600236000,176.184,257.912,1
0,3,PACE,PSCO,1601553600,197.475,250.583,1
0,3,PACE,PSCO,1602871200,198.832,211.548,4
0,3,PACE,PSCO,1604188800,227.252,258.098,1
0,3,PACE,PSCO,1605506400,203.864,230.758,1
0,3,PACE,PSCO,1606824000,149.573,241.036,1
0,3,PACE,PSCO,1608141600,173.85,221.431,1
0,4,PACE,PSCO,1577836800,202.032,222.045,1
0,4,PACE,PSCO,1579154400,170.121,234.433,1
0,4,PACE,PSCO,1580472000,166.736,198.311,1
0,4,PACE,PSCO,1581789600,193.116,196.827,1
0,4,PACE,PSCO,1583107200,198.289,208.975,3
0,4,PACE,PSCO,1584424800,221.214,252.452,1
0,4,PACE,PSCO,1585742400,196.656,225.822,1
0,4,PACE,PSCO,1587060000,214.562,224.401,3
0,4,PACE,PSCO,1588377600,189.606,195.688,3
0,4,PACE,PSCO,1589695200,175.085,218.514,1
0,4,PACE,PSCO,1591012800,220.671,230.978,1
0,4,PACE,PSCO,1592330400,194.206,200.767,3
0,4,PACE,PSCO,1593648000,180.022,211.4,1
0,4,PACE,PSCO,1594965600,198.894,197.864,3
0,4,PACE,PSCO,1596283200,202.216,232.915,1
0,4,PACE,PSCO,1597600800,190.05,252.895,1
0,4,PACE,PSCO,1598918400,234.364,239.903,5
0,4,PACE,PSCO,1600236000,176.184,257.912,1
0,4,PACE,PSCO,1601553600,197.475,250.583,1
0,4,PACE,PSCO,1602871200,209.066,211.548,3
0,4,PACE,PSCO,1604188800,227.252,258.098,1
0,4,PACE,PSCO,1605506400,203.864,230.758,1
0,4,PACE,PSCO,1606824000,149.573,241.036,1
0,4,PACE,PSCO,1608141600,173.85,221.431,1
0,5,PACE,PSCO,1577836800,199.796,222.045,6
0,5,PACE,PSCO,1579154400,169.491,234.433,7
0,5,PACE,PSCO,1580472000,165.281,198.311,5
0,5,PACE,PSCO,1581789600,185.681,196.827,5
0,5,PACE,PSCO,1583107200,192.349,208.975,9
0,5,PACE,PSCO,1584424800,221.16,252.452,3
0,5,PACE,PSCO,1585742400,192.119,225.822,5
0,5,PACE,PSCO,1587060000,203.354,224.401,8
0,5,PACE,PSCO,1588377600,169.579,195.688,6
0,5,PACE,PSCO,1589695200,169.897,218.514,3
0,5,PACE,PSCO,1591012800,213.204,230.978,3
0,5,PACE,PSCO,1592330400,162.237,200.767,3
0,5,PACE,PSCO,1593648000,170.876,211.4,5
0,5,PACE,PSCO,1594965600,191.365,197.864,9
0,5,PACE,PSCO,1596283200,198.442,232.915,5
0,5,PACE,PSCO,1597600800,190.05,252.895,1
0,5,PACE,PSCO,1598918400,227.245,239.903,6
0,5,PACE,PSCO,1600236000,176.184,257.912,1
0,5,PACE,PSCO,1601553600,195.731,250.583,5
0,5,PACE,PSCO,1602871200,189.961,211.548,4
0,5,PACE,PSCO,1604188800,225.754,258.098,3
0,5,PACE,PSCO,1605506400,199.825,230.758,5
0,5,PACE,PSCO,1606824000,149.573,241.036,1
0,5,PACE,PSCO,1608141600,173.85,221.431,1
0,6,PACE,PSCO,1577836800,202.032,222.045,1
0,6,PACE,PSCO,1579154400,170.121,234.433,1
0,6,PACE,PSCO,1580472000,166.736,198.311,1
0,6,PACE,PSCO,1581789600,192.144,196.827,1
0,6,PACE,PSCO,1583107200,197.325,208.975,1
0,6,PACE,PSCO,1584424800,221.214,252.452,1
0,6,PACE,PSCO,1585742400,196.656,225.822,1
0,6,PACE,PSCO,1587060000,211.386,224.401,1
0,6,PACE,PSCO,1588377600,180.143,195.688,2
0,6,PACE,PSCO,1589695200,175.085,218.514,1
0,6,PACE,PSCO,1591012800,221.637,230.978,1
0,6,PACE,PSCO,1592330400,179.862,200.767,1
0,6,PACE,PSCO,1593648000,180.022,211.4,1
0,6,PACE,PSCO,1594965600,197.864,197.864,0
0,6,PACE,PSCO,1596283200,202.216,232.915,1
0,6,PACE,PSCO,1597600800,190.05,252.895,1
0,6,PACE,PSCO,1598918400,231.078,239.903,2
0,6,PACE,PSCO,1600236000,176.184,257.912,1
0,6,PACE,PSCO,1601553600,197.475,250.583,1
0,6,PACE,PSCO,1602871200,197.522,211.548,2
0,6,PACE,PSCO,1604188800,227.252,258.098,1
0,6,PACE,PSCO,1605506400,203.864,230.758,1
0,6,PACE,PSCO,1606824000,149.573,241.036,1
0,6,PACE,PSCO,1608141600,173.85,221.431,1
0,1,PSCO,EPE,1577836800,201.806,201.806,0
0,1,PSCO,EPE,1579154400,168.095,168.095,0
0,1,PSCO,EPE,1580472000,165.819,165.819,0
0,1,PSCO,EPE,1581789600,208.599,208.599,0
0,1,PSCO,EPE,1583107200,195.56,195.56,0
0,1,PSCO,EPE,1584424800,221.046,221.046,0
0,1,PSCO,EPE,1585742400,196.694,196.694,0
0,1,PSCO,EPE,1587060000,211.329,211.329,0
0,1,PSCO,EPE,1588377600,184.057,184.057,0
0,1,PSCO,EPE,1589695200,174.63,174.63,0
0,1,PSCO,EPE,1591012800,220.905,220.905,0
0,1,PSCO,EPE,1592330400,179.992,179.992,0
0,1,PSCO,EPE,1593648000,180.132,180.132,0
0,1,PSCO,EPE,1594965600,212.921,212.921,0
0,1,PSCO,EPE,1596283200,202.105,202.105,0
0,1,PSCO,EPE,1597600800,189.709,189.709,0
0,1,PSCO,EPE,1598918400,234.795,234.795,0
0,1,PSCO,EPE,1600236000,174.02,174.02,0
0,1,PSCO,EPE,1601553600,195.176,195.176,0
0,1,PSCO,EPE,1602871200,202.804,202.804,0
0,1,PSCO,EPE,1604188800,225.924,225.924,0
0,1,PSCO,EPE,1605506400,203.332,203.332,0
0,1,PSCO,EPE,1606824000,147.36,147.36,0
0,1,PSCO,EPE,1608141600,172.796,172.796,0
0,2,PSCO,EPE,1577836800,190.776,201.806,5
0,2,PSCO,EPE,1579154400,168.202,168.095,4
0,2,PSCO,EPE,1580472000,164.279,165.819,8
0,2,PSCO,EPE,1581789600,175.814,208.599,5
0,2,PSCO,EPE,1583107200,191.121,195.56,4
0,2,PSCO,EPE,1584424800,201.153,221.046,6
0,2,PSCO,EPE,1585742400,161.393,196.694,3
0,2,PSCO,EPE,1587060000,171.54,211.329,3
0,2,PSCO,EPE,1588377600,174.442,184.057,5
0,2,PSCO,EPE,1589695200,165.658,174.63,4
0,2,PSCO,EPE,1591012800,196.232,220.905,3
0,2,PSCO,EPE,1592330400,174.263,179.992,2
0,2,PSCO,EPE,1593648000,175.019,180.132,4
0,2,PSCO,EPE,1594965600,198.548,212.921,4
0,2,PSCO,EPE,1596283200,190.212,202.105,6
0,2,PSCO,EPE,1597600800,186.135,189.709,5
0,2,PSCO,EPE,1598918400,200.551,234.795,1
0,2,PSCO,EPE,1600236000,168.797,174.02,4
0,2,PSCO,EPE,1601553600,189.695,195.176,6
0,2,PSCO,EPE,1602871200,196.889,202.804,5
0,2,PSCO,EPE,1604188800,207.82,225.924,5
0,2,PSCO,EPE,1605506400,190.872,203.332,4
0,2,PSCO,EPE,1606824000,147.36,147.36,0
0,2,PSCO,EPE,1608141600,172.796,172.796,0
0,3,PSCO,EPE,1577836800,200.899,201.806,1
0,3,PSCO,EPE,1579154400,168.095,168.095,0
0,3,PSCO,EPE,1580472000,165.819,165.819,0
0,3,PSCO,EPE,1581789600,176.415,208.599,3
0,3,PSCO,EPE,1583107200,195.56,195.56,0
0,3,PSCO,EPE,1584424800,204.15,221.046,2
0,3,PSCO,EPE,1585742400,165.792,196.694,1
0,3,PSCO,EPE,1587060000,173.097,211.329,1
0,3,PSCO,EPE,1588377600,183.548,184.057,1
0,3,PSCO,EPE,1589695200,174.63,174.63,0
0,3,PSCO,EPE,1591012800,195.814,220.905,1
0,3,PSCO,EPE,1592330400,179.992,179.992,0
0,3,PSCO,EPE,1593648000,179.078,180.132,2
0,3,PSCO,EPE,1594965600,207.873,212.921,2
0,3,PSCO,EPE,1596283200,202.105,202.105,0
0,3,PSCO,EPE,1597600800,188.021,189.709,1
0,3,PSCO,EPE,1598918400,202.567,234.795,1
0,3,PSCO,EPE,1600236000,174.02,174.02,0
0,3,PSCO,EPE,1601553600,195.176,195.176,0
0,3,PSCO,EPE,1602871200,201.017,202.804,1
0,3,PSCO,EPE,1604188800,214.575,225.924,1
0,3,PSCO,EPE,1605506400,198.795,203.332,4
0,3,PSCO,EPE,1606824000,147.36,147.36,0
0,3,PSCO,EPE,1608141600,172.796,172.796,0
0,4,PSCO,EPE,1577836800,197.719,201.806,3
0,4,PSCO,EPE,1579154400,168.095,168.095,0
0,4,PSCO,EPE,1580472000,165.819,165.819,0
0,4,PSCO,EPE,1581789600,177.236,208.599,1
0,4,PSCO,EPE,1583107200,195.143,195.56,2
0,4,PSCO,EPE,1584424800,205.351,221.046,1
0,4,PSCO,EPE,1585742400,165.792,196.694,1
0,4,PSCO,EPE,1587060000,173.097,211.329,1
0,4,PSCO,EPE,1588377600,182.218,184.057,2
0,4,PSCO,EPE,1589695200,172.405,174.63,2
0,4,PSCO,EPE,1591012800,195.814,220.905,1
0,4,PSCO,EPE,1592330400,184.921,179.992,1
0,4,PSCO,EPE,1593648000,180.132,180.132,0
0,4,PSCO,EPE,1594965600,208.876,212.921,1
0,4,PSCO,EPE,1596283200,193.036,202.105,2
0,4,PSCO,EPE,1597600800,191.723,189.709,1
0,4,PSCO,EPE,1598918400,213.079,234.795,2
0,4,PSCO,EPE,1600236000,174.02,174.02,0
0,4,PSCO,EPE,1601553600,195.176,195.176,0
0,4,PSCO,EPE,1602871200,202.804,202.804,0
0,4,PSCO,EPE,1604188800,214.575,225.924,1
0,4,PSCO,EPE,1605506400,201.562,203.332,4
0,4,PSCO,EPE,1606824000,147.36,147.36,0
0,4,PSCO,EPE,1608141600,172.796,172.796,0
0,5,PSCO,EPE,1577836800,189.896,201.806,5
0,5,PSCO,EPE,1579154400,166.49,168.095,4
0,5,PSCO,EPE,1580472000,163.625,165.819,8
0,5,PSCO,EPE,1581789600,175.329,208.599,6
0,5,PSCO,EPE,1583107200,190.041,195.56,4
0,5,PSCO,EPE,1584424800,200.417,221.046,7
0,5,PSCO,EPE,1585742400,160.428,196.694,3
0,5,PSCO,EPE,1587060000,171.194,211.329,3
0,5,PSCO,EPE,1588377600,173.671,184.057,6
0,5,PSCO,EPE,1589695200,165.235,174.63,4
0,5,PSCO,EPE,1591012800,195.695,220.905,3
0,5,PSCO,EPE,1592330400,173.148,179.992,2
0,5,PSCO,EPE,1593648000,174.383,180.132,4
0,5,PSCO,EPE,1594965600,197.852,212.921,4
0,5,PSCO,EPE,1596283200,189.799,202.105,6
0,5,PSCO,EPE,1597600800,185.747,189.709,5
0,5,PSCO,EPE,1598918400,200.4,234.795,1
0,5,PSCO,EPE,1600236000,168.036,174.02,4
0,5,PSCO,EPE,1601553600,188.092,195.176,6
0,5,PSCO,EPE,1602871200,196.125,202.804,5
0,5,PSCO,EPE,1604188800,206.95,225.924,5
0,5,PSCO,EPE,1605506400,190.557,203.332,4
0,5,PSCO,EPE,1606824000,147.36,147.36,0
0,5,PSCO,EPE,1608141600,172.796,172.796,0
0,6,PSCO,EPE,1577836800,201.806,201.806,0
0,6,PSCO,EPE,1579154400,168.095,168.095,0
0,6,PSCO,EPE,1580472000,165.819,165.819,0
0,6,PSCO,EPE,1581789600,177.236,208.599,1
0,6,PSCO,EPE,1583107200,195.56,195.56,0
0,6,PSCO,EPE,1584424800,205.351,221.046,1
0,6,PSCO,EPE,1585742400,165.792,196.694,1
0,6,PSCO,EPE,1587060000,173.097,211.329,1
0,6,PSCO,EPE,1588377600,179.896,184.057,1
0,6,PSCO,EPE,1589695200,174.63,174.63,0
0,6,PSCO,EPE,1591012800,195.814,220.905,1
0,6,PSCO,EPE,1592330400,179.992,179.992,0
0,6,PSCO,EPE,1593648000,180.132,180.132,0
0,6,PSCO,EPE,1594965600,207.884,212.921,1
0,6,PSCO,EPE,1596283200,202.105,202.105,0
0,6,PSCO,EPE,1597600800,189.709,189.709,0
0,6,PSCO,EPE,1598918400,202.567,234.795,1
0,6,PSCO,EPE,1600236000,174.02,174.02,0
0,6,PSCO,EPE,1601553600,195.176,195.176,0
0,6,PSCO,EPE,1602871200,202.804,202.804,0
0,6,PSCO,EPE,1604188800,214.575,225.924,1
0,6,PSCO,EPE,1605506400,203.332,203.332,0
0,6,PSCO,EPE,1606824000,147.36,147.36,0
0,6,PSCO,EPE,1608141600,172.796,172.796,0
0,1,PSCO,PACE,1577836800,201.806,201.806,0
0,1,PSCO,PACE,1579154400,168.095,168.095,0
0,1,PSCO,PACE,1580472000,165.819,165.819,0
0,1,PSCO,PACE,1581789600,208.599,208.599,0
0,1,PSCO,PACE,1583107200,195.56,195.56,0
0,1,PSCO,PACE,1584424800,221.046,221.046,0
0,1,PSCO,PACE,1585742400,196.694,196.694,0
0,1,PSCO,PACE,1587060000,211.329,211.329,0
0,1,PSCO,PACE,1588377600,184.057,184.057,0
0,1,PSCO,PACE,1589695200,174.63,174.63,0
0,1,PSCO,PACE,1591012800,220.905,220.905,0
0,1,PSCO,PACE,1592330400,179.992,179.992,0
0,1,PSCO,PACE,1593648000,180.132,180.132,0
0,1,PSCO,PACE,1594965600,212.921,212.921,0
0,1,PSCO,PACE,1596283200,202.105,202.105,0
0,1,PSCO,PACE,1597600800,189.709,189.709,0
0,1,PSCO,PACE,1598918400,234.795,234.795,0
0,1,PSCO,PACE,1600236000,174.02,174.02,0
0,1,PSCO,PACE,1601553600,195.176,195.176,0
0,1,PSCO,PACE,1602871200,202.804,202.804,0
0,1,PSCO,PACE,1604188800,225.924,225.924,0
0,1,PSCO,PACE,1605506400,203.332,203.332,0
0,1,PSCO,PACE,1606824000,147.36,147.36,0
0,1,PSCO,PACE,1608141600,172.796,172.796,0
0,2,PSCO,PACE,1577836800,200.762,201.806,5
0,2,PSCO,PACE,1579154400,168.772,168.095,6
0,2,PSCO,PACE,1580472000,165.278,165.819,4
0,2,PSCO,PACE,1581789600,187.437,208.599,6
0,2,PSCO,PACE,1583107200,191.866,195.56,7
0,2,PSCO,PACE,1584424800,221.861,221.046,2
0,2,PSCO,PACE,1585742400,193.738,196.694,6
0,2,PSCO,PACE,1587060000,204.804,211.329,7
0,2,PSCO,PACE,1588377600,169.681,184.057,5
0,2,PSCO,PACE,1589695200,170.474,174.63,2
0,2,PSCO,PACE,1591012800,212.681,220.905,2
0,2,PSCO,PACE,1592330400,163.103,179.992,4
0,2,PSCO,PACE,1593648000,172.121,180.132,6
0,2,PSCO,PACE,1594965600,192.772,212.921,8
0,2,PSCO,PACE,1596283200,198.808,202.105,4
0,2,PSCO,PACE,1597600800,189.709,189.709,0
0,2,PSCO,PACE,1598918400,226.298,234.795,5
0,2,PSCO,PACE,1600236000,174.02,174.02,0
0,2,PSCO,PACE,1601553600,194.615,195.176,4
0,2,PSCO,PACE,1602871200,189.694,202.804,3
0,2,PSCO,PACE,1604188800,224.617,225.924,2
0,2,PSCO,PACE,1605506400,200.017,203.332,4
0,2,PSCO,PACE,1606824000,147.36,147.36,0
0,2,PSCO,PACE,1608141600,172.796,172.796,0
0,3,PSCO,PACE,1577836800,200.96,201.806,1
0,3,PSCO,PACE,1579154400,168.095,168.095,0
0,3,PSCO,PACE,1580472000,165.819,165.819,0
0,3,PSCO,PACE,1581789600,196.225,208.599,2
0,3,PSCO,PACE,1583107200,194.653,195.56,1
0,3,PSCO,PACE,1584424800,221.046,221.046,0
0,3,PSCO,PACE,1585742400,196.694,196.694,0
0,3,PSCO,PACE,1587060000,210.66,211.329,1
0,3,PSCO,PACE,1588377600,181.791,184.057,1
0,3,PSCO,PACE,1589695200,174.63,174.63,0
0,3,PSCO,PACE,1591012800,220.905,220.905,0
0,3,PSCO,PACE,1592330400,179.992,179.992,0
0,3,PSCO,PACE,1593648000,178.59,180.132,2
0,3,PSCO,PACE,1594965600,196.718,212.921,2
0,3,PSCO,PACE,1596283200,202.105,202.105,0
0,3,PSCO,PACE,1597600800,189.709,189.709,0
0,3,PSCO,PACE,1598918400,232.242,234.795,1
0,3,PSCO,PACE,1600236000,174.02,174.02,0
0,3,PSCO,PACE,1601553600,195.176,195.176,0
0,3,PSCO,PACE,1602871200,197.999,202.804,3
0,3,PSCO,PACE,1604188800,225.924,225.924,0
0,3,PSCO,PACE,1605506400,203.332,203.332,0
0,3,PSCO,PACE,1606824000,147.36,147.36,0
0,3,PSCO,PACE,1608141600,172.796,172.796,0
0,4,PSCO,PACE,1577836800,201.806,201.806,0
0,4,PSCO,PACE,1579154400,168.095,168.095,0
0,4,PSCO,PACE,1580472000,165.819,165.819,0
0,4,PSCO,PACE,1581789600,194.109,208.599,2
0,4,PSCO,PACE,1583107200,196.524,195.56,2
0,4,PSCO,PACE,1584424800,221.046,221.046,0
0,4,PSCO,PACE,1585742400,196.694,196.694,0
0,4,PSCO,PACE,1587060000,214.506,211.329,2
0,4,PSCO,PACE,1588377600,188.638,184.057,2
0,4,PSCO,PACE,1589695200,174.63,174.63,0
0,4,PSCO,PACE,1591012800,219.939,220.905,2
0,4,PSCO,PACE,1592330400,194.335,179.992,2
0,4,PSCO,PACE,1593648000,180.132,180.132,0
0,4,PSCO,PACE,1594965600,198.87,212.921,4
0,4,PSCO,PACE,1596283200,202.105,202.105,0
0,4,PSCO,PACE,1597600800,189.709,189.709,0
0,4,PSCO,PACE,1598918400,232.623,234.795,4
0,4,PSCO,PACE,1600236000,174.02,174.02,0
0,4,PSCO,PACE,1601553600,195.176,195.176,0
0,4,PSCO,PACE,1602871200,208.232,202.804,2
0,4,PSCO,PACE,1604188800,225.924,225.924,0
0,4,PSCO,PACE,1605506400,203.332,203.332,0
0,4,PSCO,PACE,1606824000,147.36,147.36,0
0,4,PSCO,PACE,1608141600,172.796,172.796,0
0,5,PSCO,PACE,1577836800,199.57,201.806,5
0,5,PSCO,PACE,1579154400,167.465,168.095,6
0,5,PSCO,PACE,1580472000,164.364,165.819,4
0,5,PSCO,PACE,1581789600,186.674,208.599,6
0,5,PSCO,PACE,1583107200,190.583,195.56,8
0,5,PSCO,PACE,1584424800,220.992,221.046,2
0,5,PSCO,PACE,1585742400,192.156,196.694,4
0,5,PSCO,PACE,1587060000,203.297,211.329,7
0,5,PSCO,PACE,1588377600,168.61,184.057,5
0,5,PSCO,PACE,1589695200,169.441,174.63,2
0,5,PSCO,PACE,1591012800,212.472,220.905,2
0,5,PSCO,PACE,1592330400,162.366,179.992,4
0,5,PSCO,PACE,1593648000,170.986,180.132,4
0,5,PSCO,PACE,1594965600,191.341,212.921,8
0,5,PSCO,PACE,1596283200,198.33,202.105,4
0,5,PSCO,PACE,1597600800,189.709,189.709,0
0,5,PSCO,PACE,1598918400,225.503,234.795,5
0,5,PSCO,PACE,1600236000,174.02,174.02,0
0,5,PSCO,PACE,1601553600,193.433,195.176,4
0,5,PSCO,PACE,1602871200,189.128,202.804,3
0,5,PSCO,PACE,1604188800,224.426,225.924,2
0,5,PSCO,PACE,1605506400,199.293,203.332,4
0,5,PSCO,PACE,1606824000,147.36,147.36,0
0,5,PSCO,PACE,1608141600,172.796,172.796,0
0,6,PSCO,PACE,1577836800,201.806,201.806,0
0,6,PSCO,PACE,1579154400,168.095,168.095,0
0,6,PSCO,PACE,1580472000,165.819,165.819,0
0,6,PSCO,PACE,1581789600,193.137,208.599,2
0,6,PSCO,PACE,1583107200,195.56,195.56,0
0,6,PSCO,PACE,1584424800,221.046,221.046,0
0,6,PSCO,PACE,1585742400,196.694,196.694,0
0,6,PSCO,PACE,1587060000,211.329,211.329,0
0,6,PSCO,PACE,1588377600,179.175,184.057,1
0,6,PSCO,PACE,1589695200,174.63,174.63,0
0,6,PSCO,PACE,1591012800,220.905,220.905,0
0,6,PSCO,PACE,1592330400,179.992,179.992,0
0,6,PSCO,PACE,1593648000,180.132,180.132,0
0,6,PSCO,PACE,1594965600,197.84,212.921,1
0,6,PSCO,PACE,1596283200,202.105,202.105,0
0,6,PSCO,PACE,1597600800,189.709,189.709,0
0,6,PSCO,PACE,1598918400,229.336,234.795,1
0,6,PSCO,PACE,1600236000,174.02,174.02,0
0,6,PSCO,PACE,1601553600,195.176,195.176,0
0,6,PSCO,PACE,1602871200,196.689,202.804,1
0,6,PSCO,PACE,1604188800,225.924,225.924,0
0,6,PSCO,PACE,1605506400,203.332,203.332,0
0,6,PSCO,PACE,1606824000,147.36,147.36,0
0,6,PSCO,PACE,1608141600,172.796,172.796,0
0,1,TEPC,AECI,1577836800,261.782,261.782,0
0,1,TEPC,AECI,1579154400,260.044,260.044,0
0,1,TEPC,AECI,1580472000,227.287,227.287,0
0,1,TEPC,AECI,1581789600,230.952,230.952,0
0,1,TEPC,AECI,1583107200,213.887,213.887,0
0,1,TEPC,AECI,1584424800,209.261,209.261,0
0,1,TEPC,AECI,1585742400,163.89,163.89,0
0,1,TEPC,AECI,1587060000,178.693,178.693,0
0,1,TEPC,AECI,1588377600,179.254,179.254,0
0,1,TEPC,AECI,1589695200,215.518,215.518,0
0,1,TEPC,AECI,1591012800,222.496,222.496,0
0,1,TEPC,AECI,1592330400,189.451,189.451,0
0,1,TEPC,AECI,1593648000,215.878,215.878,0
0,1,TEPC,AECI,1594965600,207.863,207.863,0
0,1,TEPC,AECI,1596283200,219.66,219.66,0
0,1,TEPC,AECI,1597600800,232.192,232.192,0
0,1,TEPC,AECI,1598918400,219.508,219.508,0
0,1,TEPC,AECI,1600236000,245.174,245.174,0
0,1,TEPC,AECI,1601553600,235.921,235.921,0
0,1,TEPC,AECI,1602871200,262.53,262.53,0
0,1,TEPC,AECI,1604188800,265.706,265.706,0
0,1,TEPC,AECI,1605506400,225.001,225.001,0
0,1,TEPC,AECI,1606824000,193.11,193.11,0
0,1,TEPC,AECI,1608141600,251.11,251.11,0
0,2,TEPC,AECI,1577836800,176.378,261.782,3
0,2,TEPC,AECI,1579154400,188.139,260.044,3
0,2,TEPC,AECI,1580472000,175.274,227.287,3
0,2,TEPC,AECI,1581789600,192.26,230.952,4
0,2,TEPC,AECI,1583107200,172.11,213.887,4
0,2,TEPC,AECI,1584424800,183.011,209.261,7
0,2,TEPC,AECI,1585742400,131.594,163.89,5
0,2,TEPC,AECI,1587060000,147.015,178.693,4
0,2,TEPC,AECI,1588377600,154.239,179.254,4
0,2,TEPC,AECI,1589695200,167.681,215.518,5
0,2,TEPC,AECI,1591012800,156.307,222.496,3
0,2,TEPC,AECI,1592330400,166.449,189.451,6
0,2,TEPC,AECI,1593648000,192.554,215.878,4
0,2,TEPC,AECI,1594965600,186.34,207.863,5
0,2,TEPC,AECI,1596283200,196.87,219.66,7
0,2,TEPC,AECI,1597600800,224.547,232.192,6
0,2,TEPC,AECI,1598918400,196.599,219.508,11
0,2,TEPC,AECI,1600236000,218.077,245.174,5
0,2,TEPC,AECI,1601553600,198.708,235.921,9
0,2,TEPC,AECI,1602871200,186.905,262.53,6
0,2,TEPC,AECI,1604188800,226.306,265.706,4
0,2,TEPC,AECI,1605506400,216.165,225.001,3
0,2,TEPC,AECI,1606824000,193.11,193.11,0
0,2,TEPC,AECI,1608141600,203.718,251.11,3
0,3,TEPC,AECI,1577836800,173.334,261.782,1
0,3,TEPC,AECI,1579154400,187.155,260.044,1
0,3,TEPC,AECI,1580472000,179.688,227.287,1
0,3,TEPC,AECI,1581789600,202.105,230.952,4
0,3,TEPC,AECI,1583107200,213.887,213.887,0
0,3,TEPC,AECI,1584424800,182.842,209.261,3
0,3,TEPC,AECI,1585742400,132.411,163.89,3
0,3,TEPC,AECI,1587060000,169.612,178.693,2
0,3,TEPC,AECI,1588377600,179.254,179.254,0
0,3,TEPC,AECI,1589695200,159.17,215.518,3
0,3,TEPC,AECI,1591012800,153.123,222.496,1
0,3,TEPC,AECI,1592330400,174.963,189.451,6
0,3,TEPC,AECI,1593648000,215.878,215.878,0
0,3,TEPC,AECI,1594965600,200.68,207.863,3
0,3,TEPC,AECI,1596283200,185.656,219.66,1
0,3,TEPC,AECI,1597600800,232.192,232.192,0
0,3,TEPC,AECI,1598918400,182.761,219.508,3
0,3,TEPC,AECI,1600236000,242.557,245.174,1
0,3,TEPC,AECI,1601553600,184.318,235.921,1
0,3,TEPC,AECI,1602871200,179.966,262.53,2
0,3,TEPC,AECI,1604188800,249.792,265.706,2
0,3,TEPC,AECI,1605506400,215.433,225.001,1
0,3,TEPC,AECI,1606824000,193.11,193.11,0
0,3,TEPC,AECI,1608141600,195.245,251.11,1
0,4,TEPC,AECI,1577836800,173.334,261.782,1
0,4,TEPC,AECI,1579154400,187.155,260.044,1
0,4,TEPC,AECI,1580472000,171.875,227.287,1
0,4,TEPC,AECI,1581789600,207.783,230.952,3
0,4,TEPC,AECI,1583107200,213.782,213.887,5
0,4,TEPC,AECI,1584424800,180.495,209.261,1
0,4,TEPC,AECI,1585742400,143.918,163.89,2
0,4,TEPC,AECI,1587060000,161.768,178.693,3
0,4,TEPC,AECI,1588377600,179.254,179.254,0
0,4,TEPC,AECI,1589695200,158.785,215.518,1
0,4,TEPC,AECI,1591012800,153.123,222.496,1
0,4,TEPC,AECI,1592330400,187.94,189.451,2
0,4,TEPC,AECI,1593648000,215.878,215.878,0
0,4,TEPC,AECI,1594965600,197.61,207.863,2
0,4,TEPC,AECI,1596283200,202.392,219.66,2
0,4,TEPC,AECI,1597600800,232.192,232.192,0
0,4,TEPC,AECI,1598918400,193.302,219.508,1
0,4,TEPC,AECI,1600236000,231.35,245.174,2
0,4,TEPC,AECI,1601553600,202.442,235.921,4
0,4,TEPC,AECI,1602871200,179.966,262.53,1
0,4,TEPC,AECI,1604188800,241.873,265.706,1
0,4,TEPC,AECI,1605506400,216.453,225.001,1
0,4,TEPC,AECI,1606824000,193.11,193.11,0
0,4,TEPC,AECI,1608141600,195.245,251.11,1
0,5,TEPC,AECI,1577836800,176.173,261.782,3
0,5,TEPC,AECI,1579154400,187.919,260.044,3
0,5,TEPC,AECI,1580472000,173.999,227.287,3
0,5,TEPC,AECI,1581789600,191.774,230.952,4
0,5,TEPC,AECI,1583107200,170.247,213.887,4
0,5,TEPC,AECI,1584424800,182.307,209.261,7
0,5,TEPC,AECI,1585742400,131.33,163.89,4
0,5,TEPC,AECI,1587060000,146.721,178.693,4
0,5,TEPC,AECI,1588377600,152.501,179.254,4
0,5,TEPC,AECI,1589695200,165.544,215.518,5
0,5,TEPC,AECI,1591012800,156.019,222.496,1
0,5,TEPC,AECI,1592330400,165.282,189.451,6
0,5,TEPC,AECI,1593648000,191.699,215.878,4
0,5,TEPC,AECI,1594965600,185.3,207.863,5
0,5,TEPC,AECI,1596283200,195.984,219.66,7
0,5,TEPC,AECI,1597600800,224.206,232.192,6
0,5,TEPC,AECI,1598918400,194.432,219.508,11
0,5,TEPC,AECI,1600236000,217.261,245.174,5
0,5,TEPC,AECI,1601553600,198.128,235.921,9
0,5,TEPC,AECI,1602871200,187.195,262.53,5
0,5,TEPC,AECI,1604188800,224.984,265.706,4
0,5,TEPC,AECI,1605506400,214.994,225.001,3
0,5,TEPC,AECI,1606824000,193.11,193.11,0
0,5,TEPC,AECI,1608141600,202.416,251.11,3
0,6,TEPC,AECI,1577836800,173.334,261.782,1
0,6,TEPC,AECI,1579154400,187.155,260.044,1
0,6,TEPC,AECI,1580472000,179.688,227.287,1
0,6,TEPC,AECI,1581789600,188.546,230.952,1
0,6,TEPC,AECI,1583107200,213.887,213.887,0
0,6,TEPC,AECI,1584424800,180.33,209.261,1
0,6,TEPC,AECI,1585742400,130.903,163.89,1
0,6,TEPC,AECI,1587060000,165.315,178.693,2
0,6,TEPC,AECI,1588377600,179.254,179.254,0
0,6,TEPC,AECI,1589695200,158.785,215.518,1
0,6,TEPC,AECI,1591012800,153.123,222.496,1
0,6,TEPC,AECI,1592330400,189.451,189.451,0
0,6,TEPC,AECI,1593648000,215.878,215.878,0
0,6,TEPC,AECI,1594965600,207.863,207.863,0
0,6,TEPC,AECI,1596283200,189.78,219.66,1
0,6,TEPC,AECI,1597600800,232.192,232.192,0
0,6,TEPC,AECI,1598918400,219.508,219.508,0
0,6,TEPC,AECI,1600236000,245.174,245.174,0
0,6,TEPC,AECI,1601553600,184.318,235.921,1
0,6,TEPC,AECI,1602871200,179.966,262.53,1
0,6,TEPC,AECI,1604188800,246.861,265.706,2
0,6,TEPC,AECI,1605506400,225.001,225.001,0
0,6,TEPC,AECI,1606824000,193.11,193.11,0
0,6,TEPC,AECI,1608141600,195.245,251.11,1
5,1,AECI,EPE,1577836800,171.652,171.652,0
5,1,AECI,EPE,1579154400,184.829,184.829,0
5,1,AECI,EPE,1580472000,179.08,179.08,0
5,1,AECI,EPE,1581789600,190.047,190.047,0
5,1,AECI,EPE,1583107200,177.533,177.533,0
5,1,AECI,EPE,1584424800,173.609,173.609,0
5,1,AECI,EPE,1585742400,130.078,130.078,0
5,1,AECI,EPE,1587060000,146.519,146.519,0
5,1,AECI,EPE,1588377600,154.192,154.192,0
5,1,AECI,EPE,1589695200,158.058,158.058,0
5,1,AECI,EPE,1591012800,151.782,151.782,0
5,1,AECI,EPE,1592330400,159.195,159.195,0
5,1,AECI,EPE,1593648000,183.868,183.868,0
5,1,AECI,EPE,1594965600,175.21,175.21,0
5,1,AECI,EPE,1596283200,180.832,180.832,0
5,1,AECI,EPE,1597600800,201.072,201.072,0
5,1,AECI,EPE,1598918400,180.384,180.384,0
5,1,AECI,EPE,1600236000,202.899,202.899,0
5,1,AECI,EPE,1601553600,182.573,182.573,0
5,1,AECI,EPE,1602871200,178.75,178.75,0
5,1,AECI,EPE,1604188800,219.569,219.569,0
5,1,AECI,EPE,1605506400,205.232,205.232,0
5,1,AECI,EPE,1606824000,196.187,196.187,0
5,1,AECI,EPE,1608141600,194.483,194.483,0
5,2,AECI,EPE,1577836800,190.694,175.342,9
5,2,AECI,EPE,1579154400,207.421,188.789,3
5,2,AECI,EPE,1580472000,174.353,182.532,3
5,2,AECI,EPE,1581789600,180.563,194.225,1
5,2,AECI,EPE,1583107200,185.084,181.799,5
5,2,AECI,EPE,1584424800,188.629,176.679,6
5,2,AECI,EPE,1585742400,141.324,133.734,5
5,2,AECI,EPE,1587060000,159.259,149.147,5
5,2,AECI,EPE,1588377600,162.719,157.765,5
5,2,AECI,EPE,1589695200,174.215,161.536,6
5,2,AECI,EPE,1591012800,168.714,155.24,6
5,2,AECI,EPE,1592330400,177.87,162.435,7
5,2,AECI,EPE,1593648000,197.982,187.798,5
5,2,AECI,EPE,1594965600,190.781,178.469,4
5,2,AECI,EPE,1596283200,198.948,184.458,4
5,2,AECI,EPE,1597600800,217.838,205.228,3
5,2,AECI,EPE,1598918400,206.139,183.948,5
5,2,AECI,EPE,1600236000,204.376,206.444,2
5,2,AECI,EPE,1601553600,202.708,185.848,2
5,2,AECI,EPE,1602871200,194.491,182.572,5
5,2,AECI,EPE,1604188800,213.07,223.947,5
5,2,AECI,EPE,1605506400,204.518,208.412,2
5,2,AECI,EPE,1606824000,201.45,200.233,3
5,2,AECI,EPE,1608141600,211.273,198.171,9
5,3,AECI,EPE,1577836800,206.731,175.342,1
5,3,AECI,EPE,1579154400,211.41,188.789,1
5,3,AECI,EPE,1580472000,172.999,182.532,3
5,3,AECI,EPE,1581789600,180.563,194.225,1
5,3,AECI,EPE,1583107200,206.725,181.799,1
5,3,AECI,EPE,1584424800,199.817,176.679,2
5,3,AECI,EPE,1585742400,139.726,133.734,3
5,3,AECI,EPE,1587060000,174.995,149.147,1
5,3,AECI,EPE,1588377600,187.448,157.765,1
5,3,AECI,EPE,1589695200,190.581,161.536,2
5,3,AECI,EPE,1591012800,151.782,151.782,0
5,3,AECI,EPE,1592330400,166.659,162.435,1
5,3,AECI,EPE,1593648000,202.309,187.798,1
5,3,AECI,EPE,1594965600,202.482,178.469,4
5,3,AECI,EPE,1596283200,195.759,184.458,2
5,3,AECI,EPE,1597600800,218.854,205.228,1
5,3,AECI,EPE,1598918400,207.884,183.948,1
5,3,AECI,EPE,1600236000,203.459,206.444,2
5,3,AECI,EPE,1601553600,195.414,185.848,2
5,3,AECI,EPE,1602871200,185.763,182.572,1
5,3,AECI,EPE,1604188800,219.907,223.947,1
5,3,AECI,EPE,1605506400,202.188,208.412,2
5,3,AECI,EPE,1606824000,203.472,200.233,1
5,3,AECI,EPE,1608141600,220.277,198.171,1
5,4,AECI,EPE,1577836800,198.909,175.342,3
5,4,AECI,EPE,1579154400,211.41,188.789,1
5,4,AECI,EPE,1580472000,185.63,182.532,1
5,4,AECI,EPE,1581789600,180.563,194.225,1
5,4,AECI,EPE,1583107200,206.725,181.799,1
5,4,AECI,EPE,1584424800,207.638,176.679,1
5,4,AECI,EPE,1585742400,146.688,133.734,1
5,4,AECI,EPE,1587060000,165.688,149.147,2
5,4,AECI,EPE,1588377600,187.448,157.765,1
5,4,AECI,EPE,1589695200,178.284,161.536,2
5,4,AECI,EPE,1591012800,151.782,151.782,0
5,4,AECI,EPE,1592330400,164.853,162.435,2
5,4,AECI,EPE,1593648000,202.309,187.798,1
5,4,AECI,EPE,1594965600,213.175,178.469,1
5,4,AECI,EPE,1596283200,208.822,184.458,1
5,4,AECI,EPE,1597600800,218.854,205.228,1
5,4,AECI,EPE,1598918400,207.884,183.948,1
5,4,AECI,EPE,1600236000,204.005,206.444,1
5,4,AECI,EPE,1601553600,202.181,185.848,2
5,4,AECI,EPE,1602871200,194.077,182.572,1
5,4,AECI,EPE,1604188800,219.907,223.947,1
5,4,AECI,EPE,1605506400,208.608,208.412,1
5,4,AECI,EPE,1606824000,203.472,200.233,1
5,4,AECI,EPE,1608141600,220.277,198.171,1
5,5,AECI,EPE,1577836800,189.979,175.342,9
5,5,AECI,EPE,1579154400,206.934,188.789,3
5,5,AECI,EPE,1580472000,174.23,182.532,3
5,5,AECI,EPE,1581789600,180.563,194.225,1
5,5,AECI,EPE,1583107200,183.455,181.799,3
5,5,AECI,EPE,1584424800,188.204,176.679,6
5,5,AECI,EPE,1585742400,140.84,133.734,5
5,5,AECI,EPE,1587060000,158.88,149.147,6
5,5,AECI,EPE,1588377600,161.807,157.765,5
5,5,AECI,EPE,1589695200,173.091,161.536,6
5,5,AECI,EPE,1591012800,167.946,155.24,7
5,5,AECI,EPE,1592330400,176.489,162.435,7
5,5,AECI,EPE,1593648000,197.145,187.798,5
5,5,AECI,EPE,1594965600,189.761,178.469,4
5,5,AECI,EPE,1596283200,198.416,184.458,5
5,5,AECI,EPE,1597600800,217.489,205.228,3
5,5,AECI,EPE,1598918400,206.327,183.948,6
5,5,AECI,EPE,1600236000,203.459,206.444,2
5,5,AECI,EPE,1601553600,201.91,185.848,2
5,5,AECI,EPE,1602871200,194.002,182.572,5
5,5,AECI,EPE,1604188800,212.362,223.947,5
5,5,AECI,EPE,1605506400,203.662,208.412,2
5,5,AECI,EPE,1606824000,201.373,200.233,3
5,5,AECI,EPE,1608141600,210.757,198.171,9
5,6,AECI,EPE,1577836800,206.731,175.342,1
5,6,AECI,EPE,1579154400,211.41,188.789,1
5,6,AECI,EPE,1580472000,172.203,182.532,2
5,6,AECI,EPE,1581789600,180.563,194.225,1
5,6,AECI,EPE,1583107200,206.725,181.799,1
5,6,AECI,EPE,1584424800,207.638,176.679,1
5,6,AECI,EPE,1585742400,130.078,130.078,0
5,6,AECI,EPE,1587060000,174.995,149.147,1
5,6,AECI,EPE,1588377600,187.448,157.765,1
5,6,AECI,EPE,1589695200,190.976,161.536,1
5,6,AECI,EPE,1591012800,151.782,151.782,0
5,6,AECI,EPE,1592330400,159.195,159.195,0
5,6,AECI,EPE,1593648000,202.309,187.798,1
5,6,AECI,EPE,1594965600,213.175,178.469,1
5,6,AECI,EPE,1596283200,208.822,184.458,1
5,6,AECI,EPE,1597600800,218.854,205.228,1
5,6,AECI,EPE,1598918400,207.884,183.948,1
5,6,AECI,EPE,1600236000,204.005,206.444,1
5,6,AECI,EPE,1601553600,182.573,182.573,0
5,6,AECI,EPE,1602871200,178.75,178.75,0
5,6,AECI,EPE,1604188800,219.907,223.947,1
5,6,AECI,EPE,1605506400,208.608,208.412,1
5,6,AECI,EPE,1606824000,203.472,200.233,1
5,6,AECI,EPE,1608141600,220.277,198.171,1
5,1,AECI,PACE,1577836800,171.652,171.652,0
5,1,AECI,PACE,1579154400,184.829,184.829,0
5,1,AECI,PACE,1580472000,179.08,179.08,0
5,1,AECI,PACE,1581789600,190.047,190.047,0
5,1,AECI,PACE,1583107200,177.533,177.533,0
5,1,AECI,PACE,1584424800,173.609,173.609,0
5,1,AECI,PACE,1585742400,130.078,130.078,0
5,1,AECI,PACE,1587060000,146.519,146.519,0
5,1,AECI,PACE,1588377600,154.192,154.192,0
5,1,AECI,PACE,1589695200,158.058,158.058,0
5,1,AECI,PACE,1591012800,151.782,151.782,0
5,1,AECI,PACE,1592330400,159.195,159.195,0
5,1,AECI,PACE,1593648000,183.868,183.868,0
5,1,AECI,PACE,1594965600,175.21,175.21,0
5,1,AECI,PACE,1596283200,180.832,180.832,0
5,1,AECI,PACE,1597600800,201.072,201.072,0
5,1,AECI,PACE,1598918400,180.384,180.384,0
5,1,AECI,PACE,1600236000,202.899,202.899,0
5,1,AECI,PACE,1601553600,182.573,182.573,0
5,1,AECI,PACE,1602871200,178.75,178.75,0
5,1,AECI,PACE,1604188800,219.569,219.569,0
5,1,AECI,PACE,1605506400,205.232,205.232,0
5,1,AECI,PACE,1606824000,196.187,196.187,0
5,1,AECI,PACE,1608141600,194.483,194.483,0
5,2,AECI,PACE,1577836800,181.716,175.342,4
5,2,AECI,PACE,1579154400,199.19,188.789,6
5,2,AECI,PACE,1580472000,184.899,182.532,4
5,2,AECI,PACE,1581789600,196.911,194.225,3
5,2,AECI,PACE,1583107200,179.052,181.799,3
5,2,AECI,PACE,1584424800,180.623,176.679,2
5,2,AECI,PACE,1585742400,130.078,130.078,0
5,2,AECI,PACE,1587060000,152.232,149.147,2
5,2,AECI,PACE,1588377600,151.369,157.765,3
5,2,AECI,PACE,1589695200,169.486,161.536,4
5,2,AECI,PACE,1591012800,159.496,155.24,2
5,2,AECI,PACE,1592330400,161.583,162.435,4
5,2,AECI,PACE,1593648000,188.978,187.798,5
5,2,AECI,PACE,1594965600,187.805,178.469,8
5,2,AECI,PACE,1596283200,193.134,184.458,6
5,2,AECI,PACE,1597600800,220.867,205.228,9
5,2,AECI,PACE,1598918400,189.214,183.948,3
5,2,AECI,PACE,1600236000,221.769,206.444,4
5,2,AECI,PACE,1601553600,195.212,185.848,4
5,2,AECI,PACE,1602871200,184.215,182.572,5
5,2,AECI,PACE,1604188800,231.438,223.947,5
5,2,AECI,PACE,1605506400,219.674,208.412,4
5,2,AECI,PACE,1606824000,210.646,200.233,4
5,2,AECI,PACE,1608141600,215.663,198.171,8
5,3,AECI,PACE,1577836800,189.662,175.342,2
5,3,AECI,PACE,1579154400,210.784,188.789,4
5,3,AECI,PACE,1580472000,187.498,182.532,2
5,3,AECI,PACE,1581789600,201.748,194.225,1
5,3,AECI,PACE,1583107200,211.565,181.799,1
5,3,AECI,PACE,1584424800,173.609,173.609,0
5,3,AECI,PACE,1585742400,130.078,130.078,0
5,3,AECI,PACE,1587060000,146.519,146.519,0
5,3,AECI,PACE,1588377600,184.144,157.765,1
5,3,AECI,PACE,1589695200,164.965,161.536,2
5,3,AECI,PACE,1591012800,151.782,151.782,0
5,3,AECI,PACE,1592330400,159.195,159.195,0
5,3,AECI,PACE,1593648000,216.825,187.798,1
5,3,AECI,PACE,1594965600,181.048,178.469,4
5,3,AECI,PACE,1596283200,180.832,180.832,0
5,3,AECI,PACE,1597600800,215.824,205.228,3
5,3,AECI,PACE,1598918400,191.598,183.948,3
5,3,AECI,PACE,1600236000,220.795,206.444,2
5,3,AECI,PACE,1601553600,182.573,182.573,0
5,3,AECI,PACE,1602871200,197.441,182.572,5
5,3,AECI,PACE,1604188800,249.321,223.947,3
5,3,AECI,PACE,1605506400,223.653,208.412,2
5,3,AECI,PACE,1606824000,216.947,200.233,4
5,3,AECI,PACE,1608141600,207.35,198.171,2
5,4,AECI,PACE,1577836800,171.652,171.652,0
5,4,AECI,PACE,1579154400,209.536,188.789,2
5,4,AECI,PACE,1580472000,185.443,182.532,2
5,4,AECI,PACE,1581789600,197.827,194.225,2
5,4,AECI,PACE,1583107200,197.559,181.799,1
5,4,AECI,PACE,1584424800,173.609,173.609,0
5,4,AECI,PACE,1585742400,130.078,130.078,0
5,4,AECI,PACE,1587060000,146.519,146.519,0
5,4,AECI,PACE,1588377600,169.413,157.765,2
5,4,AECI,PACE,1589695200,158.058,158.058,0
5,4,AECI,PACE,1591012800,151.782,151.782,0
5,4,AECI,PACE,1592330400,180.449,162.435,2
5,4,AECI,PACE,1593648000,214.891,187.798,2
5,4,AECI,PACE,1594965600,188.987,178.469,3
5,4,AECI,PACE,1596283200,180.832,180.832,0
5,4,AECI,PACE,1597600800,219.766,205.228,1
5,4,AECI,PACE,1598918400,180.384,180.384,0
5,4,AECI,PACE,1600236000,202.899,202.899,0
5,4,AECI,PACE,1601553600,182.573,182.573,0
5,4,AECI,PACE,1602871200,215.476,182.572,1
5,4,AECI,PACE,1604188800,239.875,223.947,2
5,4,AECI,PACE,1605506400,225.25,208.412,2
5,4,AECI,PACE,1606824000,226.305,200.233,1
5,4,AECI,PACE,1608141600,211.565,198.171,3
5,5,AECI,PACE,1577836800,180.443,175.342,4
5,5,AECI,PACE,1579154400,198.674,188.789,6
5,5,AECI,PACE,1580472000,183.654,182.532,5
5,5,AECI,PACE,1581789600,196.412,194.225,3
5,5,AECI,PACE,1583107200,179.536,181.799,3
5,5,AECI,PACE,1584424800,179.865,176.679,2
5,5,AECI,PACE,1585742400,130.078,130.078,0
5,5,AECI,PACE,1587060000,151.932,149.147,2
5,5,AECI,PACE,1588377600,150.993,157.765,3
5,5,AECI,PACE,1589695200,168.081,161.536,4
5,5,AECI,PACE,1591012800,159.033,155.24,2
5,5,AECI,PACE,1592330400,159.438,162.435,4
5,5,AECI,PACE,1593648000,187.624,187.798,5
5,5,AECI,PACE,1594965600,185.956,178.469,8
5,5,AECI,PACE,1596283200,192.529,184.458,6
5,5,AECI,PACE,1597600800,220.588,205.228,10
5,5,AECI,PACE,1598918400,190.136,183.948,4
5,5,AECI,PACE,1600236000,220.549,206.444,4
5,5,AECI,PACE,1601553600,193.969,185.848,4
5,5,AECI,PACE,1602871200,183.175,182.572,5
5,5,AECI,PACE,1604188800,231.055,223.947,6
5,5,AECI,PACE,1605506400,218.169,208.412,4
5,5,AECI,PACE,1606824000,210.272,200.233,5
5,5,AECI,PACE,1608141600,214.259,198.171,8
5,6,AECI,PACE,1577836800,178.657,175.342,1
5,6,AECI,PACE,1579154400,184.829,184.829,0
5,6,AECI,PACE,1580472000,186.179,182.532,2
5,6,AECI,PACE,1581789600,201.748,194.225,1
5,6,AECI,PACE,1583107200,211.565,181.799,1
5,6,AECI,PACE,1584424800,173.609,173.609,0
5,6,AECI,PACE,1585742400,130.078,130.078,0
5,6,AECI,PACE,1587060000,146.519,146.519,0
5,6,AECI,PACE,1588377600,182.327,157.765,1
5,6,AECI,PACE,1589695200,158.058,158.058,0
5,6,AECI,PACE,1591012800,151.782,151.782,0
5,6,AECI,PACE,1592330400,159.195,159.195,0
5,6,AECI,PACE,1593648000,216.825,187.798,1
5,6,AECI,PACE,1594965600,202.788,178.469,1
5,6,AECI,PACE,1596283200,180.832,180.832,0
5,6,AECI,PACE,1597600800,201.072,201.072,0
5,6,AECI,PACE,1598918400,180.384,180.384,0
5,6,AECI,PACE,1600236000,219.695,206.444,1
5,6,AECI,PACE,1601553600,182.573,182.573,0
5,6,AECI,PACE,1602871200,196.145,182.572,2
5,6,AECI,PACE,1604188800,262.906,223.947,1
5,6,AECI,PACE,1605506400,223.536,208.412,2
5,6,AECI,PACE,1606824000,196.187,196.187,0
5,6,AECI,PACE,1608141600,226.69,198.171,1
5,1,AECI,TEPC,1577836800,171.652,171.652,0
5,1,AECI,TEPC,1579154400,184.829,184.829,0
5,1,AECI,TEPC,1580472000,179.08,179.08,0
5,1,AECI,TEPC,1581789600,190.047,190.047,0
5,1,AECI,TEPC,1583107200,177.533,177.533,0
5,1,AECI,TEPC,1584424800,173.609,173.609,0
5,1,AECI,TEPC,1585742400,130.078,130.078,0
5,1,AECI,TEPC,1587060000,146.519,146.519,0
5,1,AECI,TEPC,1588377600,154.192,154.192,0
5,1,AECI,TEPC,1589695200,158.058,158.058,0
5,1,AECI,TEPC,1591012800,151.782,151.782,0
5,1,AECI,TEPC,1592330400,159.195,159.195,0
5,1,AECI,TEPC,1593648000,183.868,183.868,0
5,1,AECI,TEPC,1594965600,175.21,175.21,0
5,1,AECI,TEPC,1596283200,180.832,180.832,0
5,1,AECI,TEPC,1597600800,201.072,201.072,0
5,1,AECI,TEPC,1598918400,180.384,180.384,0
5,1,AECI,TEPC,1600236000,202.899,202.899,0
5,1,AECI,TEPC,1601553600,182.573,182.573,0
5,1,AECI,TEPC,1602871200,178.75,178.75,0
5,1,AECI,TEPC,1604188800,219.569,219.569,0
5,1,AECI,TEPC,1605506400,205.232,205.232,0
5,1,AECI,TEPC,1606824000,196.187,196.187,0
5,1,AECI,TEPC,1608141600,194.483,194.483,0
5,2,AECI,TEPC,1577836800,179.15,175.342,2
5,2,AECI,TEPC,1579154400,190.498,188.789,2
5,2,AECI,TEPC,1580472000,179.552,182.532,4
5,2,AECI,TEPC,1581789600,198.239,194.225,5
5,2,AECI,TEPC,1583107200,177.559,181.799,5
5,2,AECI,TEPC,1584424800,187.06,176.679,6
5,2,AECI,TEPC,1585742400,135.802,133.734,5
5,2,AECI,TEPC,1587060000,151.506,149.147,5
5,2,AECI,TEPC,1588377600,159.153,157.765,5
5,2,AECI,TEPC,1589695200,172.376,161.536,6
5,2,AECI,TEPC,1591012800,159.085,155.24,2
5,2,AECI,TEPC,1592330400,172.258,162.435,7
5,2,AECI,TEPC,1593648000,198.437,187.798,5
5,2,AECI,TEPC,1594965600,189.978,178.469,4
5,2,AECI,TEPC,1596283200,201.475,184.458,6
5,2,AECI,TEPC,1597600800,231.163,205.228,7
5,2,AECI,TEPC,1598918400,204.336,183.948,12
5,2,AECI,TEPC,1600236000,221.667,206.444,4
5,2,AECI,TEPC,1601553600,203.303,185.848,8
5,2,AECI,TEPC,1602871200,192.762,182.572,6
5,2,AECI,TEPC,1604188800,232.508,223.947,5
5,2,AECI,TEPC,1605506400,220.297,208.412,4
5,2,AECI,TEPC,1606824000,197.555,200.233,1
5,2,AECI,TEPC,1608141600,208.234,198.171,4
5,3,AECI,TEPC,1577836800,171.652,171.652,0
5,3,AECI,TEPC,1579154400,184.829,184.829,0
5,3,AECI,TEPC,1580472000,179.08,179.08,0
5,3,AECI,TEPC,1581789600,213.016,194.225,5
5,3,AECI,TEPC,1583107200,217.867,181.799,1
5,3,AECI,TEPC,1584424800,183.813,176.679,2
5,3,AECI,TEPC,1585742400,136.002,133.734,3
5,3,AECI,TEPC,1587060000,175.216,149.147,3
5,3,AECI,TEPC,1588377600,182.982,157.765,1
5,3,AECI,TEPC,1589695200,162.545,161.536,2
5,3,AECI,TEPC,1591012800,151.782,151.782,0
5,3,AECI,TEPC,1592330400,185.572,162.435,3
5,3,AECI,TEPC,1593648000,220.299,187.798,1
5,3,AECI,TEPC,1594965600,199.739,178.469,4
5,3,AECI,TEPC,1596283200,188.258,184.458,2
5,3,AECI,TEPC,1597600800,236.539,205.228,1
5,3,AECI,TEPC,1598918400,186.547,183.948,4
5,3,AECI,TEPC,1600236000,244.324,206.444,2
5,3,AECI,TEPC,1601553600,182.573,182.573,0
5,3,AECI,TEPC,1602871200,184.278,182.572,2
5,3,AECI,TEPC,1604188800,257.251,223.947,3
5,3,AECI,TEPC,1605506400,219.06,208.412,2
5,3,AECI,TEPC,1606824000,197.555,200.233,1
5,3,AECI,TEPC,1608141600,194.483,194.483,0
5,4,AECI,TEPC,1577836800,171.652,171.652,0
5,4,AECI,TEPC,1579154400,184.829,184.829,0
5,4,AECI,TEPC,1580472000,175.524,182.532,2
5,4,AECI,TEPC,1581789600,214.164,194.225,2
5,4,AECI,TEPC,1583107200,219.917,181.799,2
5,4,AECI,TEPC,1584424800,182.9,176.679,2
5,4,AECI,TEPC,1585742400,146.417,133.734,1
5,4,AECI,TEPC,1587060000,164.181,149.147,2
5,4,AECI,TEPC,1588377600,182.982,157.765,1
5,4,AECI,TEPC,1589695200,158.058,158.058,0
5,4,AECI,TEPC,1591012800,151.782,151.782,0
5,4,AECI,TEPC,1592330400,193.425,162.435,1
5,4,AECI,TEPC,1593648000,220.299,187.798,1
5,4,AECI,TEPC,1594965600,212.102,178.469,1
5,4,AECI,TEPC,1596283200,205.327,184.458,3
5,4,AECI,TEPC,1597600800,236.539,205.228,1
5,4,AECI,TEPC,1598918400,198.63,183.948,2
5,4,AECI,TEPC,1600236000,234.104,206.444,1
5,4,AECI,TEPC,1601553600,203.982,185.848,3
5,4,AECI,TEPC,1602871200,178.75,178.75,0
5,4,AECI,TEPC,1604188800,246.5,223.947,2
5,4,AECI,TEPC,1605506400,220.032,208.412,2
5,4,AECI,TEPC,1606824000,197.555,200.233,1
5,4,AECI,TEPC,1608141600,194.483,194.483,0
5,5,AECI,TEPC,1577836800,178.917,175.342,2
5,5,AECI,TEPC,1579154400,190.256,188.789,2
5,5,AECI,TEPC,1580472000,178.22,182.532,4
5,5,AECI,TEPC,1581789600,197.669,194.225,5
5,5,AECI,TEPC,1583107200,174.982,181.799,3
5,5,AECI,TEPC,1584424800,186.299,176.679,6
5,5,AECI,TEPC,1585742400,135.86,133.734,5
5,5,AECI,TEPC,1587060000,151.396,149.147,6
5,5,AECI,TEPC,1588377600,157.378,157.765,5
5,5,AECI,TEPC,1589695200,169.525,161.536,4
5,5,AECI,TEPC,1591012800,158.773,155.24,2
5,5,AECI,TEPC,1592330400,171.04,162.435,7
5,5,AECI,TEPC,1593648000,197.502,187.798,5
5,5,AECI,TEPC,1594965600,188.886,178.469,4
5,5,AECI,TEPC,1596283200,200.834,184.458,7
5,5,AECI,TEPC,1597600800,230.789,205.228,7
5,5,AECI,TEPC,1598918400,206.657,187.524,13
5,5,AECI,TEPC,1600236000,220.792,206.444,4
5,5,AECI,TEPC,1601553600,202.648,185.848,8
5,5,AECI,TEPC,1602871200,192.345,182.572,7
5,5,AECI,TEPC,1604188800,231.139,223.947,5
5,5,AECI,TEPC,1605506400,219.11,208.412,4
5,5,AECI,TEPC,1606824000,197.555,200.233,1
5,5,AECI,TEPC,1608141600,206.858,198.171,4
5,6,AECI,TEPC,1577836800,171.652,171.652,0
5,6,AECI,TEPC,1579154400,184.829,184.829,0
5,6,AECI,TEPC,1580472000,179.08,179.08,0
5,6,AECI,TEPC,1581789600,196.227,194.225,1
5,6,AECI,TEPC,1583107200,214.556,181.799,1
5,6,AECI,TEPC,1584424800,173.609,173.609,0
5,6,AECI,TEPC,1585742400,130.078,130.078,0
5,6,AECI,TEPC,1587060000,171.189,149.147,1
5,6,AECI,TEPC,1588377600,182.982,157.765,1
5,6,AECI,TEPC,1589695200,158.058,158.058,0
5,6,AECI,TEPC,1591012800,151.782,151.782,0
5,6,AECI,TEPC,1592330400,193.425,162.435,1
5,6,AECI,TEPC,1593648000,220.299,187.798,1
5,6,AECI,TEPC,1594965600,212.102,178.469,1
5,6,AECI,TEPC,1596283200,180.832,180.832,0
5,6,AECI,TEPC,1597600800,236.539,205.228,1
5,6,AECI,TEPC,1598918400,180.384,180.384,0
5,6,AECI,TEPC,1600236000,243.763,206.444,1
5,6,AECI,TEPC,1601553600,182.573,182.573,0
5,6,AECI,TEPC,1602871200,178.75,178.75,0
5,6,AECI,TEPC,1604188800,241.791,223.947,3
5,6,AECI,TEPC,1605506400,229.93,208.412,1
5,6,AECI,TEPC,1606824000,197.555,200.233,1
5,6,AECI,TEPC,1608141600,194.483,194.483,0
5,1,BANC,CISO,1577836800,76.253,76.253,0
5,1,BANC,CISO,1579154400,81.548,81.548,0
5,1,BANC,CISO,1580472000,55.83,55.83,0
5,1,BANC,CISO,1581789600,52.267,52.267,0
5,1,BANC,CISO,1583107200,52.43,52.43,0
5,1,BANC,CISO,1584424800,83.316,83.316,0
5,1,BANC,CISO,1585742400,44.33,44.33,0
5,1,BANC,CISO,1587060000,33.313,33.313,0
5,1,BANC,CISO,1588377600,42.749,42.749,0
5,1,BANC,CISO,1589695200,42.187,42.187,0
5,1,BANC,CISO,1591012800,42.378,42.378,0
5,1,BANC,CISO,1592330400,40.383,40.383,0
5,1,BANC,CISO,1593648000,37.688,37.688,0
5,1,BANC,CISO,1594965600,55.204,55.204,0
5,1,BANC,CISO,1596283200,56.684,56.684,0
5,1,BANC,CISO,1597600800,78.197,78.197,0
5,1,BANC,CISO,1598918400,75.022,75.022,0
5,1,BANC,CISO,1600236000,80.174,80.174,0
5,1,BANC,CISO,1601553600,81.036,81.036,0
5,1,BANC,CISO,1602871200,74.249,74.249,0
5,1,BANC,CISO,1604188800,87.09,87.09,0
5,1,BANC,CISO,1605506400,93.475,93.475,0
5,1,BANC,CISO,1606824000,108.643,108.643,0
5,1,BANC,CISO,1608141600,91.972,91.972,0
5,2,BANC,CISO,1577836800,81.462,77.755,4
5,2,BANC,CISO,1579154400,89.417,83.236,4
5,2,BANC,CISO,1580472000,58.874,57.124,2
5,2,BANC,CISO,1581789600,55.828,53.687,5
5,2,BANC,CISO,1583107200,56.335,53.467,4
5,2,BANC,CISO,1584424800,92.773,85.416,4
5,2,BANC,CISO,1585742400,48.205,45.136,4
5,2,BANC,CISO,1587060000,35.165,33.965,3
5,2,BANC,CISO,1588377600,40.054,43.544,5
5,2,BANC,CISO,1589695200,39.641,43.181,4
5,2,BANC,CISO,1591012800,44.567,43.426,2
5,2,BANC,CISO,1592330400,42.135,41.117,6
5,2,BANC,CISO,1593648000,39.919,38.452,4
5,2,BANC,CISO,1594965600,58.308,56.286,4
5,2,BANC,CISO,1596283200,59.086,57.855,4
5,2,BANC,CISO,1597600800,81.8,79.796,2
5,2,BANC,CISO,1598918400,79.646,76.177,4
5,2,BANC,CISO,1600236000,86.568,82.008,4
5,2,BANC,CISO,1601553600,88.448,82.694,4
5,2,BANC,CISO,1602871200,79.01,75.808,5
5,2,BANC,CISO,1604188800,90.265,88.215,4
5,2,BANC,CISO,1605506400,102.275,95.731,7
5,2,BANC,CISO,1606824000,120.321,111.264,7
5,2,BANC,CISO,1608141600,99.924,93.461,7
5,3,BANC,CISO,1577836800,78.509,77.755,2
5,3,BANC,CISO,1579154400,81.548,81.548,0
5,3,BANC,CISO,1580472000,55.83,55.83,0
5,3,BANC,CISO,1581789600,53.684,53.687,1
5,3,BANC,CISO,1583107200,55.075,53.467,2
5,3,BANC,CISO,1584424800,83.316,83.316,0
5,3,BANC,CISO,1585742400,44.33,44.33,0
5,3,BANC,CISO,1587060000,34.17,33.965,1
5,3,BANC,CISO,1588377600,56.613,43.544,3
5,3,BANC,CISO,1589695200,45.155,43.181,2
5,3,BANC,CISO,1591012800,42.378,42.378,0
5,3,BANC,CISO,1592330400,41.913,41.117,2
5,3,BANC,CISO,1593648000,39.76,38.452,2
5,3,BANC,CISO,1594965600,55.204,55.204,0
5,3,BANC,CISO,1596283200,56.684,56.684,0
5,3,BANC,CISO,1597600800,78.197,78.197,0
5,3,BANC,CISO,1598918400,81.144,76.177,4
5,3,BANC,CISO,1600236000,80.174,80.174,0
5,3,BANC,CISO,1601553600,81.036,81.036,0
5,3,BANC,CISO,1602871200,76.248,75.808,1
5,3,BANC,CISO,1604188800,87.09,87.09,0
5,3,BANC,CISO,1605506400,120.83,95.731,3
5,3,BANC,CISO,1606824000,124.211,111.264,1
5,3,BANC,CISO,1608141600,94.431,93.461,3
5,4,BANC,CISO,1577836800,76.253,76.253,0
5,4,BANC,CISO,1579154400,81.548,81.548,0
5,4,BANC,CISO,1580472000,55.83,55.83,0
5,4,BANC,CISO,1581789600,52.267,52.267,0
5,4,BANC,CISO,1583107200,52.43,52.43,0
5,4,BANC,CISO,1584424800,83.316,83.316,0
5,4,BANC,CISO,1585742400,44.33,44.33,0
5,4,BANC,CISO,1587060000,33.313,33.313,0
5,4,BANC,CISO,1588377600,58.935,43.544,2
5,4,BANC,CISO,1589695200,46.504,43.181,1
5,4,BANC,CISO,1591012800,42.378,42.378,0
5,4,BANC,CISO,1592330400,40.383,40.383,0
5,4,BANC,CISO,1593648000,37.688,37.688,0
5,4,BANC,CISO,1594965600,55.204,55.204,0
5,4,BANC,CISO,1596283200,56.684,56.684,0
5,4,BANC,CISO,1597600800,78.197,78.197,0
5,4,BANC,CISO,1598918400,77.261,76.177,1
5,4,BANC,CISO,1600236000,80.174,80.174,0
5,4,BANC,CISO,1601553600,81.036,81.036,0
5,4,BANC,CISO,1602871200,74.249,74.249,0
5,4,BANC,CISO,1604188800,87.09,87.09,0
5,4,BANC,CISO,1605506400,115.397,95.731,1
5,4,BANC,CISO,1606824000,124.211,111.264,1
5,4,BANC,CISO,1608141600,100.485,93.461,2
5,5,BANC,CISO,1577836800,80.185,77.755,4
5,5,BANC,CISO,1579154400,88.015,83.236,4
5,5,BANC,CISO,1580472000,58.629,57.124,2
5,5,BANC,CISO,1581789600,53.621,53.687,5
5,5,BANC,CISO,1583107200,55.408,53.467,4
5,5,BANC,CISO,1584424800,90.624,85.416,4
5,5,BANC,CISO,1585742400,46.634,45.136,4
5,5,BANC,CISO,1587060000,34.988,33.965,3
5,5,BANC,CISO,1588377600,38.928,43.544,4
5,5,BANC,CISO,1589695200,39.157,43.181,4
5,5,BANC,CISO,1591012800,44.392,43.426,2
5,5,BANC,CISO,1592330400,41.081,41.117,6
5,5,BANC,CISO,1593648000,39.527,38.452,4
5,5,BANC,CISO,1594965600,57.787,56.286,4
5,5,BANC,CISO,1596283200,58.918,57.855,4
5,5,BANC,CISO,1597600800,81.13,79.796,2
5,5,BANC,CISO,1598918400,79.15,76.177,4
5,5,BANC,CISO,1600236000,86.044,82.008,4
5,5,BANC,CISO,1601553600,87.972,82.694,4
5,5,BANC,CISO,1602871200,78.373,75.808,3
5,5,BANC,CISO,1604188800,89.52,88.215,4
5,5,BANC,CISO,1605506400,101.229,95.731,7
5,5,BANC,CISO,1606824000,118.826,111.264,7
5,5,BANC,CISO,1608141600,97.675,93.461,7
5,6,BANC,CISO,1577836800,76.253,76.253,0
5,6,BANC,CISO,1579154400,81.548,81.548,0
5,6,BANC,CISO,1580472000,55.83,55.83,0
5,6,BANC,CISO,1581789600,52.267,52.267,0
5,6,BANC,CISO,1583107200,52.43,52.43,0
5,6,BANC,CISO,1584424800,83.316,83.316,0
5,6,BANC,CISO,1585742400,44.33,44.33,0
5,6,BANC,CISO,1587060000,33.313,33.313,0
5,6,BANC,CISO,1588377600,55.85,43.544,1
5,6,BANC,CISO,1589695200,43.674,43.181,2
5,6,BANC,CISO,1591012800,42.378,42.378,0
5,6,BANC,CISO,1592330400,40.383,40.383,0
5,6,BANC,CISO,1593648000,37.688,37.688,0
5,6,BANC,CISO,1594965600,55.204,55.204,0
5,6,BANC,CISO,1596283200,56.684,56.684,0
5,6,BANC,CISO,1597600800,78.197,78.197,0
5,6,BANC,CISO,1598918400,79.317,76.177,1
5,6,BANC,CISO,1600236000,80.174,80.174,0
5,6,BANC,CISO,1601553600,81.036,81.036,0
5,6,BANC,CISO,1602871200,74.249,74.249,0
5,6,BANC,CISO,1604188800,87.09,87.09,0
5,6,BANC,CISO,1605506400,123.161,95.731,1
5,6,BANC,CISO,1606824000,124.211,111.264,1
5,6,BANC,CISO,1608141600,91.972,91.972,0
5,1,CISO,BANC,1577836800,130.428,130.428,0
5,1,CISO,BANC,1579154400,140.472,140.472,0
5,1,CISO,BANC,1580472000,117.952,117.952,0
5,1,CISO,BANC,1581789600,103.569,103.569,0
5,1,CISO,BANC,1583107200,104.144,104.144,0
5,1,CISO,BANC,1584424800,135.48,135.48,0
5,1,CISO,BANC,1585742400,79.732,79.732,0
5,1,CISO,BANC,1587060000,80.679,80.679,0
5,1,CISO,BANC,1588377600,56.36,56.36,0
5,1,CISO,BANC,1589695200,62.849,62.849,0
5,1,CISO,BANC,1591012800,94.687,94.687,0
5,1,CISO,BANC,1592330400,66.377,66.377,0
5,1,CISO,BANC,1593648000,73.665,73.665,0
5,1,CISO,BANC,1594965600,90.516,90.516,0
5,1,CISO,BANC,1596283200,92.419,92.419,0
5,1,CISO,BANC,1597600800,127.384,127.384,0
5,1,CISO,BANC,1598918400,110.116,110.116,0
5,1,CISO,BANC,1600236000,126.99,126.99,0
5,1,CISO,BANC,1601553600,129.978,129.978,0
5,1,CISO,BANC,1602871200,142.021,142.021,0
5,1,CISO,BANC,1604188800,143.8,143.8,0
5,1,CISO,BANC,1605506400,123.623,123.623,0
5,1,CISO,BANC,1606824000,121.375,121.375,0
5,1,CISO,BANC,1608141600,120.762,120.762,0
5,2,CISO,BANC,1577836800,83.498,133.596,5
5,2,CISO,BANC,1579154400,91.576,143.954,5
5,2,CISO,BANC,1580472000,60.854,120.693,3
5,2,CISO,BANC,1581789600,55.833,104.847,4
5,2,CISO,BANC,1583107200,57.008,106.009,5
5,2,CISO,BANC,1584424800,94.606,138.572,5
5,2,CISO,BANC,1585742400,49.745,81.722,5
5,2,CISO,BANC,1587060000,35.125,81.482,2
5,2,CISO,BANC,1588377600,39.888,57.048,4
5,2,CISO,BANC,1589695200,40.788,64.365,5
5,2,CISO,BANC,1591012800,45.811,97.07,3
5,2,CISO,BANC,1592330400,41.794,67.397,5
5,2,CISO,BANC,1593648000,40.596,75.098,5
5,2,CISO,BANC,1594965600,59.646,92.803,5
5,2,CISO,BANC,1596283200,60.266,94.38,5
5,2,CISO,BANC,1597600800,82.155,129.72,1
5,2,CISO,BANC,1598918400,80.706,112.244,5
5,2,CISO,BANC,1600236000,88.041,129.943,5
5,2,CISO,BANC,1601553600,89.983,132.794,5
5,2,CISO,BANC,1602871200,79.385,143.701,4
5,2,CISO,BANC,1604188800,91.914,146.605,5
5,2,CISO,BANC,1605506400,104.211,126.344,8
5,2,CISO,BANC,1606824000,120.362,124.252,6
5,2,CISO,BANC,1608141600,100.684,122.495,8
5,3,CISO,BANC,1577836800,79.791,133.596,1
5,3,CISO,BANC,1579154400,85.396,143.954,1
5,3,CISO,BANC,1580472000,59.104,120.693,1
5,3,CISO,BANC,1581789600,53.928,104.847,2
5,3,CISO,BANC,1583107200,55.158,106.009,3
5,3,CISO,BANC,1584424800,87.248,138.572,1
5,3,CISO,BANC,1585742400,46.676,81.722,1
5,3,CISO,BANC,1587060000,34.276,81.482,2
5,3,CISO,BANC,1588377600,55.994,57.048,2
5,3,CISO,BANC,1589695200,45.22,64.365,3
5,3,CISO,BANC,1591012800,44.669,97.07,1
5,3,CISO,BANC,1592330400,41.708,67.397,3
5,3,CISO,BANC,1593648000,39.579,75.098,3
5,3,CISO,BANC,1594965600,57.624,92.803,1
5,3,CISO,BANC,1596283200,59.035,94.38,1
5,3,CISO,BANC,1597600800,80.466,129.72,1
5,3,CISO,BANC,1598918400,80.945,112.244,3
5,3,CISO,BANC,1600236000,83.481,129.943,1
5,3,CISO,BANC,1601553600,84.228,132.794,1
5,3,CISO,BANC,1602871200,77.409,143.701,2
5,3,CISO,BANC,1604188800,89.863,146.605,1
5,3,CISO,BANC,1605506400,122.066,126.344,2
5,3,CISO,BANC,1606824000,121.375,121.375,0
5,3,CISO,BANC,1608141600,94.89,122.495,2
5,4,CISO,BANC,1577836800,79.791,133.596,1
5,4,CISO,BANC,1579154400,85.396,143.954,1
5,4,CISO,BANC,1580472000,59.104,120.693,1
5,4,CISO,BANC,1581789600,53.931,104.847,1
5,4,CISO,BANC,1583107200,54.14,106.009,1
5,4,CISO,BANC,1584424800,87.248,138.572,1
5,4,CISO,BANC,1585742400,46.676,81.722,1
5,4,CISO,BANC,1587060000,34.071,81.482,1
5,4,CISO,BANC,1588377600,58.77,57.048,1
5,4,CISO,BANC,1589695200,47.65,64.365,2
5,4,CISO,BANC,1591012800,44.669,97.07,1
5,4,CISO,BANC,1592330400,40.913,67.397,1
5,4,CISO,BANC,1593648000,39.129,75.098,1
5,4,CISO,BANC,1594965600,57.624,92.803,1
5,4,CISO,BANC,1596283200,59.035,94.38,1
5,4,CISO,BANC,1597600800,80.466,129.72,1
5,4,CISO,BANC,1598918400,78.321,112.244,2
5,4,CISO,BANC,1600236000,83.481,129.943,1
5,4,CISO,BANC,1601553600,84.228,132.794,1
5,4,CISO,BANC,1602871200,76.511,143.701,1
5,4,CISO,BANC,1604188800,89.863,146.605,1
5,4,CISO,BANC,1605506400,117.333,126.344,2
5,4,CISO,BANC,1606824000,121.375,121.375,0
5,4,CISO,BANC,1608141600,100.945,122.495,1
5,5,CISO,BANC,1577836800,82.222,133.596,5
5,5,CISO,BANC,1579154400,90.174,143.954,5
5,5,CISO,BANC,1580472000,60.609,120.693,3
5,5,CISO,BANC,1581789600,53.627,104.847,4
5,5,CISO,BANC,1583107200,56.082,106.009,5
5,5,CISO,BANC,1584424800,92.456,138.572,5
5,5,CISO,BANC,1585742400,48.174,81.722,5
5,5,CISO,BANC,1587060000,34.948,81.482,2
5,5,CISO,BANC,1588377600,38.927,57.048,5
5,5,CISO,BANC,1589695200,40.303,64.365,5
5,5,CISO,BANC,1591012800,45.636,97.07,3
5,5,CISO,BANC,1592330400,40.74,67.397,5
5,5,CISO,BANC,1593648000,40.205,75.098,5
5,5,CISO,BANC,1594965600,59.125,92.803,5
5,5,CISO,BANC,1596283200,60.098,94.38,5
5,5,CISO,BANC,1597600800,81.485,129.72,1
5,5,CISO,BANC,1598918400,80.21,112.244,5
5,5,CISO,BANC,1600236000,87.518,129.943,5
5,5,CISO,BANC,1601553600,89.506,132.794,5
5,5,CISO,BANC,1602871200,79.076,143.701,4
5,5,CISO,BANC,1604188800,91.169,146.605,5
5,5,CISO,BANC,1605506400,103.165,126.344,8
5,5,CISO,BANC,1606824000,118.866,124.252,6
5,5,CISO,BANC,1608141600,98.135,122.495,6
5,6,CISO,BANC,1577836800,79.791,133.596,1
5,6,CISO,BANC,1579154400,85.396,143.954,1
5,6,CISO,BANC,1580472000,59.104,120.693,1
5,6,CISO,BANC,1581789600,53.931,104.847,1
5,6,CISO,BANC,1583107200,54.14,106.009,1
5,6,CISO,BANC,1584424800,87.248,138.572,1
5,6,CISO,BANC,1585742400,46.676,81.722,1
5,6,CISO,BANC,1587060000,34.071,81.482,1
5,6,CISO,BANC,1588377600,56.36,56.36,0
5,6,CISO,BANC,1589695200,44.82,64.365,3
5,6,CISO,BANC,1591012800,44.669,97.07,1
5,6,CISO,BANC,1592330400,40.913,67.397,1
5,6,CISO,BANC,1593648000,39.129,75.098,1
5,6,CISO,BANC,1594965600,57.624,92.803,1
5,6,CISO,BANC,1596283200,59.035,94.38,1
5,6,CISO,BANC,1597600800,80.466,129.72,1
5,6,CISO,BANC,1598918400,80.377,112.244,2
5,6,CISO,BANC,1600236000,83.481,129.943,1
5,6,CISO,BANC,1601553600,84.228,132.794,1
5,6,CISO,BANC,1602871200,76.511,143.701,1
5,6,CISO,BANC,1604188800,89.863,146.605,1
5,6,CISO,BANC,1605506400,123.623,123.623,0
5,6,CISO,BANC,1606824000,121.375,121.375,0
5,6,CISO,BANC,1608141600,94.845,122.495,1
5,1,EPE,AECI,1577836800,202.093,202.093,0
5,1,EPE,AECI,1579154400,207.289,207.289,0
5,1,EPE,AECI,1580472000,181.504,181.504,0
5,1,EPE,AECI,1581789600,175.974,175.974,0
5,1,EPE,AECI,1583107200,202.541,202.541,0
5,1,EPE,AECI,1584424800,204.307,204.307,0
5,1,EPE,AECI,1585742400,164.605,164.605,0
5,1,EPE,AECI,1587060000,171.684,171.684,0
5,1,EPE,AECI,1588377600,183.602,183.602,0
5,1,EPE,AECI,1589695200,189.282,189.282,0
5,1,EPE,AECI,1591012800,195.852,195.852,0
5,1,EPE,AECI,1592330400,195.157,195.157,0
5,1,EPE,AECI,1593648000,198.016,198.016,0
5,1,EPE,AECI,1594965600,209.436,209.436,0
5,1,EPE,AECI,1596283200,204.715,204.715,0
5,1,EPE,AECI,1597600800,214.763,214.763,0
5,1,EPE,AECI,1598918400,203.471,203.471,0
5,1,EPE,AECI,1600236000,199.728,199.728,0
5,1,EPE,AECI,1601553600,220.07,220.07,0
5,1,EPE,AECI,1602871200,223.978,223.978,0
5,1,EPE,AECI,1604188800,214.945,214.945,0
5,1,EPE,AECI,1605506400,203.959,203.959,0
5,1,EPE,AECI,1606824000,198.83,198.83,0
5,1,EPE,AECI,1608141600,215.454,215.454,0
5,2,EPE,AECI,1577836800,190.516,206.553,8
5,2,EPE,AECI,1579154400,207.812,211.801,2
5,2,EPE,AECI,1580472000,174.42,185.696,2
5,2,EPE,AECI,1581789600,175.974,175.974,0
5,2,EPE,AECI,1583107200,185.311,206.952,4
5,2,EPE,AECI,1584424800,190.199,208.54,7
5,2,EPE,AECI,1585742400,141.441,168.307,4
5,2,EPE,AECI,1587060000,158.993,174.728,4
5,2,EPE,AECI,1588377600,162.511,187.24,4
5,2,EPE,AECI,1589695200,175.791,193.609,7
5,2,EPE,AECI,1591012800,170.482,200.346,7
5,2,EPE,AECI,1592330400,177.312,199.038,6
5,2,EPE,AECI,1593648000,197.762,202.089,4
5,2,EPE,AECI,1594965600,192.366,214.068,5
5,2,EPE,AECI,1596283200,200.177,209.351,5
5,2,EPE,AECI,1597600800,217.674,218.69,2
5,2,EPE,AECI,1598918400,206.009,207.754,4
5,2,EPE,AECI,1600236000,199.728,199.728,0
5,2,EPE,AECI,1601553600,204.702,225.219,3
5,2,EPE,AECI,1602871200,194.551,228.349,4
5,2,EPE,AECI,1604188800,212.496,219.333,4
5,2,EPE,AECI,1605506400,204.295,208.386,1
5,2,EPE,AECI,1606824000,201.499,203.521,2
5,2,EPE,AECI,1608141600,210.649,219.654,8
5,3,EPE,AECI,1577836800,202.093,202.093,0
5,3,EPE,AECI,1579154400,207.289,207.289,0
5,3,EPE,AECI,1580472000,173.066,185.696,2
5,3,EPE,AECI,1581789600,175.974,175.974,0
5,3,EPE,AECI,1583107200,202.541,202.541,0
5,3,EPE,AECI,1584424800,200.966,208.54,1
5,3,EPE,AECI,1585742400,141.509,168.307,4
5,3,EPE,AECI,1587060000,171.684,171.684,0
5,3,EPE,AECI,1588377600,183.602,183.602,0
5,3,EPE,AECI,1589695200,191.496,193.609,1
5,3,EPE,AECI,1591012800,157.009,200.346,1
5,3,EPE,AECI,1592330400,166.751,199.038,2
5,3,EPE,AECI,1593648000,198.016,198.016,0
5,3,EPE,AECI,1594965600,204.23,214.068,3
5,3,EPE,AECI,1596283200,196.288,209.351,1
5,3,EPE,AECI,1597600800,214.763,214.763,0
5,3,EPE,AECI,1598918400,207.607,207.754,2
5,3,EPE,AECI,1600236000,199.728,199.728,0
5,3,EPE,AECI,1601553600,198.876,225.219,1
5,3,EPE,AECI,1602871200,187.996,228.349,2
5,3,EPE,AECI,1604188800,214.945,214.945,0
5,3,EPE,AECI,1605506400,201.965,208.386,1
5,3,EPE,AECI,1606824000,203.366,203.521,2
5,3,EPE,AECI,1608141600,219.456,219.654,2
5,4,EPE,AECI,1577836800,198.731,206.553,2
5,4,EPE,AECI,1579154400,207.289,207.289,0
5,4,EPE,AECI,1580472000,181.504,181.504,0
5,4,EPE,AECI,1581789600,175.974,175.974,0
5,4,EPE,AECI,1583107200,202.541,202.541,0
5,4,EPE,AECI,1584424800,204.307,204.307,0
5,4,EPE,AECI,1585742400,147.357,168.307,2
5,4,EPE,AECI,1587060000,165.889,174.728,3
5,4,EPE,AECI,1588377600,183.602,183.602,0
5,4,EPE,AECI,1589695200,179.86,193.609,3
5,4,EPE,AECI,1591012800,157.009,200.346,1
5,4,EPE,AECI,1592330400,164.296,199.038,1
5,4,EPE,AECI,1593648000,198.016,198.016,0
5,4,EPE,AECI,1594965600,209.436,209.436,0
5,4,EPE,AECI,1596283200,204.715,204.715,0
5,4,EPE,AECI,1597600800,214.763,214.763,0
5,4,EPE,AECI,1598918400,203.471,203.471,0
5,4,EPE,AECI,1600236000,199.728,199.728,0
5,4,EPE,AECI,1601553600,203.487,225.219,1
5,4,EPE,AECI,1602871200,194.82,228.349,2
5,4,EPE,AECI,1604188800,214.945,214.945,0
5,4,EPE,AECI,1605506400,203.959,203.959,0
5,4,EPE,AECI,1606824000,198.83,198.83,0
5,4,EPE,AECI,1608141600,215.454,215.454,0
5,5,EPE,AECI,1577836800,189.801,206.553,8
5,5,EPE,AECI,1579154400,207.325,211.801,2
5,5,EPE,AECI,1580472000,174.297,185.696,2
5,5,EPE,AECI,1581789600,175.974,175.974,0
5,5,EPE,AECI,1583107200,184.344,206.952,4
5,5,EPE,AECI,1584424800,189.774,208.54,7
5,5,EPE,AECI,1585742400,140.958,168.307,4
5,5,EPE,AECI,1587060000,158.613,174.728,5
5,5,EPE,AECI,1588377600,161.599,187.24,4
5,5,EPE,AECI,1589695200,174.667,193.609,7
5,5,EPE,AECI,1591012800,169.052,200.346,6
5,5,EPE,AECI,1592330400,175.932,199.038,6
5,5,EPE,AECI,1593648000,196.924,202.089,4
5,5,EPE,AECI,1594965600,191.346,214.068,5
5,5,EPE,AECI,1596283200,198.945,209.351,4
5,5,EPE,AECI,1597600800,217.325,218.69,2
5,5,EPE,AECI,1598918400,206.197,207.754,5
5,5,EPE,AECI,1600236000,203.643,204.188,1
5,5,EPE,AECI,1601553600,203.904,225.219,3
5,5,EPE,AECI,1602871200,194.063,228.349,4
5,5,EPE,AECI,1604188800,211.788,219.333,4
5,5,EPE,AECI,1605506400,203.439,208.386,1
5,5,EPE,AECI,1606824000,201.422,203.521,2
5,5,EPE,AECI,1608141600,210.133,219.654,8
5,6,EPE,AECI,1577836800,202.093,202.093,0
5,6,EPE,AECI,1579154400,207.289,207.289,0
5,6,EPE,AECI,1580472000,172.269,185.696,1
5,6,EPE,AECI,1581789600,175.974,175.974,0
5,6,EPE,AECI,1583107200,202.541,202.541,0
5,6,EPE,AECI,1584424800,204.307,204.307,0
5,6,EPE,AECI,1585742400,134.403,168.307,1
5,6,EPE,AECI,1587060000,171.684,171.684,0
5,6,EPE,AECI,1588377600,183.602,183.602,0
5,6,EPE,AECI,1589695200,189.282,189.282,0
5,6,EPE,AECI,1591012800,157.009,200.346,1
5,6,EPE,AECI,1592330400,163.021,199.038,1
5,6,EPE,AECI,1593648000,198.016,198.016,0
5,6,EPE,AECI,1594965600,209.436,209.436,0
5,6,EPE,AECI,1596283200,204.715,204.715,0
5,6,EPE,AECI,1597600800,214.763,214.763,0
5,6,EPE,AECI,1598918400,203.471,203.471,0
5,6,EPE,AECI,1600236000,199.728,199.728,0
5,6,EPE,AECI,1601553600,203.894,225.219,1
5,6,EPE,AECI,1602871200,183.315,228.349,1
5,6,EPE,AECI,1604188800,214.945,214.945,0
5,6,EPE,AECI,1605506400,203.959,203.959,0
5,6,EPE,AECI,1606824000,198.83,198.83,0
5,6,EPE,AECI,1608141600,215.454,215.454,0
5,1,EPE,PSCO,1577836800,202.093,202.093,0
5,1,EPE,PSCO,1579154400,207.289,207.289,0
5,1,EPE,PSCO,1580472000,181.504,181.504,0
5,1,EPE,PSCO,1581789600,175.974,175.974,0
5,1,EPE,PSCO,1583107200,202.541,202.541,0
5,1,EPE,PSCO,1584424800,204.307,204.307,0
5,1,EPE,PSCO,1585742400,164.605,164.605,0
5,1,EPE,PSCO,1587060000,171.684,171.684,0
5,1,EPE,PSCO,1588377600,183.602,183.602,0
5,1,EPE,PSCO,1589695200,189.282,189.282,0
5,1,EPE,PSCO,1591012800,195.852,195.852,0
5,1,EPE,PSCO,1592330400,195.157,195.157,0
5,1,EPE,PSCO,1593648000,198.016,198.016,0
5,1,EPE,PSCO,1594965600,209.436,209.436,0
5,1,EPE,PSCO,1596283200,204.715,204.715,0
5,1,EPE,PSCO,1597600800,214.763,214.763,0
5,1,EPE,PSCO,1598918400,203.471,203.471,0
5,1,EPE,PSCO,1600236000,199.728,199.728,0
5,1,EPE,PSCO,1601553600,220.07,220.07,0
5,1,EPE,PSCO,1602871200,223.978,223.978,0
5,1,EPE,PSCO,1604188800,214.945,214.945,0
5,1,EPE,PSCO,1605506400,203.959,203.959,0
5,1,EPE,PSCO,1606824000,198.83,198.83,0
5,1,EPE,PSCO,1608141600,215.454,215.454,0
5,2,EPE,PSCO,1577836800,196.675,206.553,4
5,2,EPE,PSCO,1579154400,174.01,211.801,5
5,2,EPE,PSCO,1580472000,171.154,185.696,9
5,2,EPE,PSCO,1581789600,179.424,179.278,5
5,2,EPE,PSCO,1583107200,197.119,206.952,5
5,2,EPE,PSCO,1584424800,206.451,208.54,6
5,2,EPE,PSCO,1585742400,164.573,168.307,2
5,2,EPE,PSCO,1587060000,173.842,174.728,2
5,2,EPE,PSCO,1588377600,180.426,187.24,7
5,2,EPE,PSCO,1589695200,168.678,193.609,3
5,2,EPE,PSCO,1591012800,202.182,200.346,4
5,2,EPE,PSCO,1592330400,179.031,199.038,3
5,2,EPE,PSCO,1593648000,180.748,202.089,5
5,2,EPE,PSCO,1594965600,204.474,214.068,5
5,2,EPE,PSCO,1596283200,194.329,209.351,5
5,2,EPE,PSCO,1597600800,191.071,218.69,4
5,2,EPE,PSCO,1598918400,206.477,207.754,2
5,2,EPE,PSCO,1600236000,174.466,204.188,5
5,2,EPE,PSCO,1601553600,197.089,225.219,7
5,2,EPE,PSCO,1602871200,204.728,228.349,6
5,2,EPE,PSCO,1604188800,214.961,219.333,6
5,2,EPE,PSCO,1605506400,195.926,208.386,5
5,2,EPE,PSCO,1606824000,151.766,203.521,1
5,2,EPE,PSCO,1608141600,176.82,219.654,1
5,3,EPE,PSCO,1577836800,206.78,206.553,4
5,3,EPE,PSCO,1579154400,172.482,211.801,1
5,3,EPE,PSCO,1580472000,170.35,185.696,1
5,3,EPE,PSCO,1581789600,178.762,179.278,1
5,3,EPE,PSCO,1583107200,200.172,206.952,1
5,3,EPE,PSCO,1584424800,208.155,208.54,2
5,3,EPE,PSCO,1585742400,164.605,164.605,0
5,3,EPE,PSCO,1587060000,171.684,171.684,0
5,3,EPE,PSCO,1588377600,183.602,183.602,0
5,3,EPE,PSCO,1589695200,177.096,193.609,1
5,3,EPE,PSCO,1591012800,195.852,195.852,0
5,3,EPE,PSCO,1592330400,184.032,199.038,1
5,3,EPE,PSCO,1593648000,184.028,202.089,3
5,3,EPE,PSCO,1594965600,212.249,214.068,1
5,3,EPE,PSCO,1596283200,204.813,209.351,1
5,3,EPE,PSCO,1597600800,192.123,218.69,2
5,3,EPE,PSCO,1598918400,203.471,203.471,0
5,3,EPE,PSCO,1600236000,178.338,204.188,1
5,3,EPE,PSCO,1601553600,200.241,225.219,1
5,3,EPE,PSCO,1602871200,208.519,228.349,2
5,3,EPE,PSCO,1604188800,214.945,214.945,0
5,3,EPE,PSCO,1605506400,205.651,208.386,3
5,3,EPE,PSCO,1606824000,151.766,203.521,1
5,3,EPE,PSCO,1608141600,176.82,219.654,1
5,4,EPE,PSCO,1577836800,201.92,206.553,2
5,4,EPE,PSCO,1579154400,172.482,211.801,1
5,4,EPE,PSCO,1580472000,170.35,185.696,1
5,4,EPE,PSCO,1581789600,175.974,175.974,0
5,4,EPE,PSCO,1583107200,198.723,206.952,1
5,4,EPE,PSCO,1584424800,204.307,204.307,0
5,4,EPE,PSCO,1585742400,164.605,164.605,0
5,4,EPE,PSCO,1587060000,171.684,171.684,0
5,4,EPE,PSCO,1588377600,185.959,187.24,3
5,4,EPE,PSCO,1589695200,174.563,193.609,1
5,4,EPE,PSCO,1591012800,195.852,195.852,0
5,4,EPE,PSCO,1592330400,188.738,199.038,2
5,4,EPE,PSCO,1593648000,184.539,202.089,1
5,4,EPE,PSCO,1594965600,209.436,209.436,0
5,4,EPE,PSCO,1596283200,195.644,209.351,1
5,4,EPE,PSCO,1597600800,195.796,218.69,2
5,4,EPE,PSCO,1598918400,218.41,207.754,1
5,4,EPE,PSCO,1600236000,178.338,204.188,1
5,4,EPE,PSCO,1601553600,200.241,225.219,1
5,4,EPE,PSCO,1602871200,209.671,228.349,1
5,4,EPE,PSCO,1604188800,214.945,214.945,0
5,4,EPE,PSCO,1605506400,211.493,208.386,3
5,4,EPE,PSCO,1606824000,151.766,203.521,1
5,4,EPE,PSCO,1608141600,176.82,219.654,1
5,5,EPE,PSCO,1577836800,195.691,206.553,4
5,5,EPE,PSCO,1579154400,172.21,211.801,5
5,5,EPE,PSCO,1580472000,170.453,185.696,9
5,5,EPE,PSCO,1581789600,179.134,179.278,6
5,5,EPE,PSCO,1583107200,195.973,206.952,5
5,5,EPE,PSCO,1584424800,205.558,208.54,6
5,5,EPE,PSCO,1585742400,163.52,168.307,2
5,5,EPE,PSCO,1587060000,173.465,174.728,2
5,5,EPE,PSCO,1588377600,179.249,187.24,7
5,5,EPE,PSCO,1589695200,168.216,193.609,3
5,5,EPE,PSCO,1591012800,200.839,200.346,2
5,5,EPE,PSCO,1592330400,178.173,199.038,4
5,5,EPE,PSCO,1593648000,180.083,202.089,5
5,5,EPE,PSCO,1594965600,203.741,214.068,5
5,5,EPE,PSCO,1596283200,193.908,209.351,5
5,5,EPE,PSCO,1597600800,190.648,218.69,4
5,5,EPE,PSCO,1598918400,206.28,207.754,2
5,5,EPE,PSCO,1600236000,173.639,204.188,5
5,5,EPE,PSCO,1601553600,195.364,225.219,7
5,5,EPE,PSCO,1602871200,203.915,228.349,6
5,5,EPE,PSCO,1604188800,214.349,219.333,7
5,5,EPE,PSCO,1605506400,195.52,208.386,5
5,5,EPE,PSCO,1606824000,151.766,203.521,1
5,5,EPE,PSCO,1608141600,176.82,219.654,1
5,6,EPE,PSCO,1577836800,201.772,206.553,1
5,6,EPE,PSCO,1579154400,172.482,211.801,1
5,6,EPE,PSCO,1580472000,170.35,185.696,1
5,6,EPE,PSCO,1581789600,175.974,175.974,0
5,6,EPE,PSCO,1583107200,200.172,206.952,1
5,6,EPE,PSCO,1584424800,204.307,204.307,0
5,6,EPE,PSCO,1585742400,164.605,164.605,0
5,6,EPE,PSCO,1587060000,171.684,171.684,0
5,6,EPE,PSCO,1588377600,183.602,183.602,0
5,6,EPE,PSCO,1589695200,177.096,193.609,1
5,6,EPE,PSCO,1591012800,195.852,195.852,0
5,6,EPE,PSCO,1592330400,184.032,199.038,1
5,6,EPE,PSCO,1593648000,184.539,202.089,1
5,6,EPE,PSCO,1594965600,209.436,209.436,0
5,6,EPE,PSCO,1596283200,204.088,209.351,1
5,6,EPE,PSCO,1597600800,194.197,218.69,1
5,6,EPE,PSCO,1598918400,203.471,203.471,0
5,6,EPE,PSCO,1600236000,178.338,204.188,1
5,6,EPE,PSCO,1601553600,200.241,225.219,1
5,6,EPE,PSCO,1602871200,209.671,228.349,1
5,6,EPE,PSCO,1604188800,214.945,214.945,0
5,6,EPE,PSCO,1605506400,203.897,208.386,1
5,6,EPE,PSCO,1606824000,151.766,203.521,1
5,6,EPE,PSCO,1608141600,176.82,219.654,1
5,1,PACE,AECI,1577836800,222.045,222.045,0
5,1,PACE,AECI,1579154400,234.433,234.433,0
5,1,PACE,AECI,1580472000,198.311,198.311,0
5,1,PACE,AECI,1581789600,196.827,196.827,0
5,1,PACE,AECI,1583107200,208.975,208.975,0
5,1,PACE,AECI,1584424800,252.452,252.452,0
5,1,PACE,AECI,1585742400,225.822,225.822,0
5,1,PACE,AECI,1587060000,224.401,224.401,0
5,1,PACE,AECI,1588377600,195.688,195.688,0
5,1,PACE,AECI,1589695200,218.514,218.514,0
5,1,PACE,AECI,1591012800,230.978,230.978,0
5,1,PACE,AECI,1592330400,200.767,200.767,0
5,1,PACE,AECI,1593648000,211.4,211.4,0
5,1,PACE,AECI,1594965600,197.864,197.864,0
5,1,PACE,AECI,1596283200,232.915,232.915,0
5,1,PACE,AECI,1597600800,252.895,252.895,0
5,1,PACE,AECI,1598918400,239.903,239.903,0
5,1,PACE,AECI,1600236000,257.912,257.912,0
5,1,PACE,AECI,1601553600,250.583,250.583,0
5,1,PACE,AECI,1602871200,211.548,211.548,0
5,1,PACE,AECI,1604188800,258.098,258.098,0
5,1,PACE,AECI,1605506400,230.758,230.758,0
5,1,PACE,AECI,1606824000,241.036,241.036,0
5,1,PACE,AECI,1608141600,221.431,221.431,0
5,2,PACE,AECI,1577836800,181.768,226.717,3
5,2,PACE,AECI,1579154400,201.604,239.487,7
5,2,PACE,AECI,1580472000,185.176,202.703,3
5,2,PACE,AECI,1581789600,195.896,200.732,2
5,2,PACE,AECI,1583107200,181.363,213.105,4
5,2,PACE,AECI,1584424800,183.507,258.582,3
5,2,PACE,AECI,1585742400,135.648,230.918,1
5,2,PACE,AECI,1587060000,154.026,228.312,3
5,2,PACE,AECI,1588377600,152.733,198.668,4
5,2,PACE,AECI,1589695200,172.141,223.55,5
5,2,PACE,AECI,1591012800,162.015,236.311,3
5,2,PACE,AECI,1592330400,160.797,205.289,3
5,2,PACE,AECI,1593648000,188.114,215.96,4
5,2,PACE,AECI,1594965600,188.162,203.144,7
5,2,PACE,AECI,1596283200,195.266,238.256,7
5,2,PACE,AECI,1597600800,222.252,257.798,10
5,2,PACE,AECI,1598918400,190.654,244.161,4
5,2,PACE,AECI,1600236000,224.169,263.157,5
5,2,PACE,AECI,1601553600,198.514,256.736,5
5,2,PACE,AECI,1602871200,183.917,215.177,4
5,2,PACE,AECI,1604188800,231.822,263.29,4
5,2,PACE,AECI,1605506400,219.839,235.265,3
5,2,PACE,AECI,1606824000,212.65,246.095,5
5,2,PACE,AECI,1608141600,215.32,226.347,7
5,3,PACE,AECI,1577836800,188.854,226.717,3
5,3,PACE,AECI,1579154400,211.726,239.487,3
5,3,PACE,AECI,1580472000,187.774,202.703,1
5,3,PACE,AECI,1581789600,196.827,196.827,0
5,3,PACE,AECI,1583107200,208.975,208.975,0
5,3,PACE,AECI,1584424800,179.563,258.582,1
5,3,PACE,AECI,1585742400,135.648,230.918,1
5,3,PACE,AECI,1587060000,150.94,228.312,1
5,3,PACE,AECI,1588377600,187.626,198.668,2
5,3,PACE,AECI,1589695200,166.559,223.55,3
5,3,PACE,AECI,1591012800,157.759,236.311,1
5,3,PACE,AECI,1592330400,162.279,205.289,1
5,3,PACE,AECI,1593648000,211.4,211.4,0
5,3,PACE,AECI,1594965600,189.036,203.144,1
5,3,PACE,AECI,1596283200,186.589,238.256,1
5,3,PACE,AECI,1597600800,217.976,257.798,4
5,3,PACE,AECI,1598918400,193.037,244.161,4
5,3,PACE,AECI,1600236000,221.182,263.157,3
5,3,PACE,AECI,1601553600,189.149,256.736,1
5,3,PACE,AECI,1602871200,197.304,215.177,6
5,3,PACE,AECI,1604188800,249.383,263.29,2
5,3,PACE,AECI,1605506400,223.819,235.265,1
5,3,PACE,AECI,1606824000,218.951,246.095,5
5,3,PACE,AECI,1608141600,207.006,226.347,1
5,4,PACE,AECI,1577836800,176.111,226.717,1
5,4,PACE,AECI,1579154400,211.95,239.487,3
5,4,PACE,AECI,1580472000,185.72,202.703,1
5,4,PACE,AECI,1581789600,196.812,200.732,1
5,4,PACE,AECI,1583107200,199.87,213.105,2
5,4,PACE,AECI,1584424800,179.563,258.582,1
5,4,PACE,AECI,1585742400,135.648,230.918,1
5,4,PACE,AECI,1587060000,150.94,228.312,1
5,4,PACE,AECI,1588377600,170.777,198.668,3
5,4,PACE,AECI,1589695200,164.191,223.55,1
5,4,PACE,AECI,1591012800,157.759,236.311,1
5,4,PACE,AECI,1592330400,179.663,205.289,1
5,4,PACE,AECI,1593648000,214.027,215.96,1
5,4,PACE,AECI,1594965600,189.344,203.144,2
5,4,PACE,AECI,1596283200,186.589,238.256,1
5,4,PACE,AECI,1597600800,221.151,257.798,2
5,4,PACE,AECI,1598918400,185.388,244.161,1
5,4,PACE,AECI,1600236000,208.844,263.157,1
5,4,PACE,AECI,1601553600,189.149,256.736,1
5,4,PACE,AECI,1602871200,211.548,211.548,0
5,4,PACE,AECI,1604188800,240.259,263.29,1
5,4,PACE,AECI,1605506400,225.415,235.265,1
5,4,PACE,AECI,1606824000,228.309,246.095,2
5,4,PACE,AECI,1608141600,211.222,226.347,2
5,5,PACE,AECI,1577836800,180.494,226.717,3
5,5,PACE,AECI,1579154400,201.088,239.487,7
5,5,PACE,AECI,1580472000,183.93,202.703,4
5,5,PACE,AECI,1581789600,195.397,200.732,2
5,5,PACE,AECI,1583107200,181.846,213.105,4
5,5,PACE,AECI,1584424800,182.749,258.582,3
5,5,PACE,AECI,1585742400,135.648,230.918,1
5,5,PACE,AECI,1587060000,153.725,228.312,3
5,5,PACE,AECI,1588377600,152.357,198.668,4
5,5,PACE,AECI,1589695200,170.736,223.55,5
5,5,PACE,AECI,1591012800,161.552,236.311,3
5,5,PACE,AECI,1592330400,158.652,205.289,3
5,5,PACE,AECI,1593648000,186.759,215.96,4
5,5,PACE,AECI,1594965600,186.313,203.144,7
5,5,PACE,AECI,1596283200,194.661,238.256,7
5,5,PACE,AECI,1597600800,221.973,257.798,11
5,5,PACE,AECI,1598918400,191.576,244.161,5
5,5,PACE,AECI,1600236000,222.949,263.157,5
5,5,PACE,AECI,1601553600,197.27,256.736,5
5,5,PACE,AECI,1602871200,182.877,215.177,4
5,5,PACE,AECI,1604188800,231.439,263.29,5
5,5,PACE,AECI,1605506400,218.335,235.265,3
5,5,PACE,AECI,1606824000,212.276,246.095,6
5,5,PACE,AECI,1608141600,213.916,226.347,7
5,6,PACE,AECI,1577836800,179.425,226.717,2
5,6,PACE,AECI,1579154400,191.203,239.487,1
5,6,PACE,AECI,1580472000,186.456,202.703,1
5,6,PACE,AECI,1581789600,196.827,196.827,0
5,6,PACE,AECI,1583107200,208.975,208.975,0
5,6,PACE,AECI,1584424800,179.563,258.582,1
5,6,PACE,AECI,1585742400,135.648,230.918,1
5,6,PACE,AECI,1587060000,150.94,228.312,1
5,6,PACE,AECI,1588377600,183.691,198.668,2
5,6,PACE,AECI,1589695200,164.191,223.55,1
5,6,PACE,AECI,1591012800,157.759,236.311,1
5,6,PACE,AECI,1592330400,162.279,205.289,1
5,6,PACE,AECI,1593648000,211.4,211.4,0
5,6,PACE,AECI,1594965600,197.864,197.864,0
5,6,PACE,AECI,1596283200,186.589,238.256,1
5,6,PACE,AECI,1597600800,206.613,257.798,1
5,6,PACE,AECI,1598918400,185.388,244.161,1
5,6,PACE,AECI,1600236000,222.095,263.157,2
5,6,PACE,AECI,1601553600,189.149,256.736,1
5,6,PACE,AECI,1602871200,195.846,215.177,1
5,6,PACE,AECI,1604188800,258.098,258.098,0
5,6,PACE,AECI,1605506400,223.701,235.265,1
5,6,PACE,AECI,1606824000,241.036,241.036,0
5,6,PACE,AECI,1608141600,221.431,221.431,0
5,1,PACE,PSCO,1577836800,222.045,222.045,0
5,1,PACE,PSCO,1579154400,234.433,234.433,0
5,1,PACE,PSCO,1580472000,198.311,198.311,0
5,1,PACE,PSCO,1581789600,196.827,196.827,0
5,1,PACE,PSCO,1583107200,208.975,208.975,0
5,1,PACE,PSCO,1584424800,252.452,252.452,0
5,1,PACE,PSCO,1585742400,225.822,225.822,0
5,1,PACE,PSCO,1587060000,224.401,224.401,0
5,1,PACE,PSCO,1588377600,195.688,195.688,0
5,1,PACE,PSCO,1589695200,218.514,218.514,0
5,1,PACE,PSCO,1591012800,230.978,230.978,0
5,1,PACE,PSCO,1592330400,200.767,200.767,0
5,1,PACE,PSCO,1593648000,211.4,211.4,0
5,1,PACE,PSCO,1594965600,197.864,197.864,0
5,1,PACE,PSCO,1596283200,232.915,232.915,0
5,1,PACE,PSCO,1597600800,252.895,252.895,0
5,1,PACE,PSCO,1598918400,239.903,239.903,0
5,1,PACE,PSCO,1600236000,257.912,257.912,0
5,1,PACE,PSCO,1601553600,250.583,250.583,0
5,1,PACE,PSCO,1602871200,211.548,211.548,0
5,1,PACE,PSCO,1604188800,258.098,258.098,0
5,1,PACE,PSCO,1605506400,230.758,230.758,0
5,1,PACE,PSCO,1606824000,241.036,241.036,0
5,1,PACE,PSCO,1608141600,221.431,221.431,0
5,2,PACE,PSCO,1577836800,207.928,226.717,6
5,2,PACE,PSCO,1579154400,176.727,239.487,7
5,2,PACE,PSCO,1580472000,171.301,202.703,5
5,2,PACE,PSCO,1581789600,191.648,200.732,5
5,2,PACE,PSCO,1583107200,201.1,213.105,9
5,2,PACE,PSCO,1584424800,227.692,258.582,3
5,2,PACE,PSCO,1585742400,200.364,230.918,5
5,2,PACE,PSCO,1587060000,211.898,228.312,8
5,2,PACE,PSCO,1588377600,175.655,198.668,6
5,2,PACE,PSCO,1589695200,174.732,223.55,3
5,2,PACE,PSCO,1591012800,219.348,236.311,3
5,2,PACE,PSCO,1592330400,167.627,205.289,3
5,2,PACE,PSCO,1593648000,177.207,215.96,5
5,2,PACE,PSCO,1594965600,199.547,203.144,9
5,2,PACE,PSCO,1596283200,203.973,238.256,5
5,2,PACE,PSCO,1597600800,195.067,257.798,1
5,2,PACE,PSCO,1598918400,234.837,244.161,6
5,2,PACE,PSCO,1600236000,179.849,263.157,1
5,2,PACE,PSCO,1601553600,202.608,256.736,5
5,2,PACE,PSCO,1602871200,195.697,215.177,4
5,2,PACE,PSCO,1604188800,231.645,263.29,3
5,2,PACE,PSCO,1605506400,205.529,235.265,5
5,2,PACE,PSCO,1606824000,153.045,246.095,1
5,2,PACE,PSCO,1608141600,177.124,226.347,1
5,3,PACE,PSCO,1577836800,206.909,226.717,2
5,3,PACE,PSCO,1579154400,173.875,239.487,1
5,3,PACE,PSCO,1580472000,170.577,202.703,1
5,3,PACE,PSCO,1581789600,198.862,200.732,1
5,3,PACE,PSCO,1583107200,200.736,213.105,3
5,3,PACE,PSCO,1584424800,226.053,258.582,1
5,3,PACE,PSCO,1585742400,201.823,230.918,1
5,3,PACE,PSCO,1587060000,215.715,228.312,2
5,3,PACE,PSCO,1588377600,186.369,198.668,2
5,3,PACE,PSCO,1589695200,178.175,223.55,1
5,3,PACE,PSCO,1591012800,226.778,236.311,1
5,3,PACE,PSCO,1592330400,183.784,205.289,1
5,3,PACE,PSCO,1593648000,183.999,215.96,3
5,3,PACE,PSCO,1594965600,200.563,203.144,1
5,3,PACE,PSCO,1596283200,205.716,238.256,1
5,3,PACE,PSCO,1597600800,195.067,257.798,1
5,3,PACE,PSCO,1598918400,240.157,244.161,2
5,3,PACE,PSCO,1600236000,179.849,263.157,1
5,3,PACE,PSCO,1601553600,201.548,256.736,1
5,3,PACE,PSCO,1602871200,205.753,215.177,4
5,3,PACE,PSCO,1604188800,232.119,263.29,1
5,3,PACE,PSCO,1605506400,207.315,235.265,1
5,3,PACE,PSCO,1606824000,153.045,246.095,1
5,3,PACE,PSCO,1608141600,177.124,226.347,1
5,4,PACE,PSCO,1577836800,207.434,226.717,1
5,4,PACE,PSCO,1579154400,173.875,239.487,1
5,4,PACE,PSCO,1580472000,170.577,202.703,1
5,4,PACE,PSCO,1581789600,196.66,200.732,1
5,4,PACE,PSCO,1583107200,201.595,213.105,1
5,4,PACE,PSCO,1584424800,226.053,258.582,1
5,4,PACE,PSCO,1585742400,201.823,230.918,1
5,4,PACE,PSCO,1587060000,216.256,228.312,1
5,4,PACE,PSCO,1588377600,192.822,198.668,3
5,4,PACE,PSCO,1589695200,178.175,223.55,1
5,4,PACE,PSCO,1591012800,224.626,236.311,1
5,4,PACE,PSCO,1592330400,198.566,205.289,3
5,4,PACE,PSCO,1593648000,183.841,215.96,1
5,4,PACE,PSCO,1594965600,204.649,203.144,1
5,4,PACE,PSCO,1596283200,205.716,238.256,1
5,4,PACE,PSCO,1597600800,195.067,257.798,1
5,4,PACE,PSCO,1598918400,240.517,244.161,3
5,4,PACE,PSCO,1600236000,179.849,263.157,1
5,4,PACE,PSCO,1601553600,201.548,256.736,1
5,4,PACE,PSCO,1602871200,212.485,215.177,3
5,4,PACE,PSCO,1604188800,232.119,263.29,1
5,4,PACE,PSCO,1605506400,207.315,235.265,1
5,4,PACE,PSCO,1606824000,153.045,246.095,1
5,4,PACE,PSCO,1608141600,177.124,226.347,1
5,5,PACE,PSCO,1577836800,206.624,226.717,6
5,5,PACE,PSCO,1579154400,175.348,239.487,7
5,5,PACE,PSCO,1580472000,170.327,202.703,5
5,5,PACE,PSCO,1581789600,190.772,200.732,5
5,5,PACE,PSCO,1583107200,199.383,213.105,9
5,5,PACE,PSCO,1584424800,226.843,258.582,3
5,5,PACE,PSCO,1585742400,198.688,230.918,5
5,5,PACE,PSCO,1587060000,210.378,228.312,8
5,5,PACE,PSCO,1588377600,174.788,198.668,7
5,5,PACE,PSCO,1589695200,173.667,223.55,3
5,5,PACE,PSCO,1591012800,219.095,236.311,3
5,5,PACE,PSCO,1592330400,166.789,205.289,3
5,5,PACE,PSCO,1593648000,176.016,215.96,5
5,5,PACE,PSCO,1594965600,197.968,203.144,9
5,5,PACE,PSCO,1596283200,203.486,238.256,5
5,5,PACE,PSCO,1597600800,195.067,257.798,1
5,5,PACE,PSCO,1598918400,234.404,244.161,7
5,5,PACE,PSCO,1600236000,179.849,263.157,1
5,5,PACE,PSCO,1601553600,201.311,256.736,5
5,5,PACE,PSCO,1602871200,194.98,215.177,4
5,5,PACE,PSCO,1604188800,231.397,263.29,3
5,5,PACE,PSCO,1605506400,204.765,235.265,5
5,5,PACE,PSCO,1606824000,153.045,246.095,1
5,5,PACE,PSCO,1608141600,177.124,226.347,1
5,6,PACE,PSCO,1577836800,207.434,226.717,1
5,6,PACE,PSCO,1579154400,173.875,239.487,1
5,6,PACE,PSCO,1580472000,170.577,202.703,1
5,6,PACE,PSCO,1581789600,196.66,200.732,1
5,6,PACE,PSCO,1583107200,201.595,213.105,1
5,6,PACE,PSCO,1584424800,226.053,258.582,1
5,6,PACE,PSCO,1585742400,201.823,230.918,1
5,6,PACE,PSCO,1587060000,216.256,228.312,1
5,6,PACE,PSCO,1588377600,184.968,198.668,2
5,6,PACE,PSCO,1589695200,178.175,223.55,1
5,6,PACE,PSCO,1591012800,226.778,236.311,1
5,6,PACE,PSCO,1592330400,183.784,205.289,1
5,6,PACE,PSCO,1593648000,183.841,215.96,1
5,6,PACE,PSCO,1594965600,197.864,197.864,0
5,6,PACE,PSCO,1596283200,205.716,238.256,1
5,6,PACE,PSCO,1597600800,195.067,257.798,1
5,6,PACE,PSCO,1598918400,239.903,239.903,0
5,6,PACE,PSCO,1600236000,179.849,263.157,1
5,6,PACE,PSCO,1601553600,201.548,256.736,1
5,6,PACE,PSCO,1602871200,203.68,215.177,2
5,6,PACE,PSCO,1604188800,232.119,263.29,1
5,6,PACE,PSCO,1605506400,207.315,235.265,1
5,6,PACE,PSCO,1606824000,153.045,246.095,1
5,6,PACE,PSCO,1608141600,177.124,226.347,1
5,1,PSCO,EPE,1577836800,201.806,201.806,0
5,1,PSCO,EPE,1579154400,168.095,168.095,0
5,1,PSCO,EPE,1580472000,165.819,165.819,0
5,1,PSCO,EPE,1581789600,208.599,208.599,0
5,1,PSCO,EPE,1583107200,195.56,195.56,0
5,1,PSCO,EPE,1584424800,221.046,221.046,0
5,1,PSCO,EPE,1585742400,196.694,196.694,0
5,1,PSCO,EPE,1587060000,211.329,211.329,0
5,1,PSCO,EPE,1588377600,184.057,184.057,0
5,1,PSCO,EPE,1589695200,174.63,174.63,0
5,1,PSCO,EPE,1591012800,220.905,220.905,0
5,1,PSCO,EPE,1592330400,179.992,179.992,0
5,1,PSCO,EPE,1593648000,180.132,180.132,0
5,1,PSCO,EPE,1594965600,212.921,212.921,0
5,1,PSCO,EPE,1596283200,202.105,202.105,0
5,1,PSCO,EPE,1597600800,189.709,189.709,0
5,1,PSCO,EPE,1598918400,234.795,234.795,0
5,1,PSCO,EPE,1600236000,174.02,174.02,0
5,1,PSCO,EPE,1601553600,195.176,195.176,0
5,1,PSCO,EPE,1602871200,202.804,202.804,0
5,1,PSCO,EPE,1604188800,225.924,225.924,0
5,1,PSCO,EPE,1605506400,203.332,203.332,0
5,1,PSCO,EPE,1606824000,147.36,147.36,0
5,1,PSCO,EPE,1608141600,172.796,172.796,0
5,2,PSCO,EPE,1577836800,197.035,206.834,5
5,2,PSCO,EPE,1579154400,172.927,171.399,4
5,2,PSCO,EPE,1580472000,170.1,169.296,8
5,2,PSCO,EPE,1581789600,181.067,211.871,6
5,2,PSCO,EPE,1583107200,196.314,199.368,4
5,2,PSCO,EPE,1584424800,207.966,225.4,7
5,2,PSCO,EPE,1585742400,166.15,201.473,3
5,2,PSCO,EPE,1587060000,175.606,215.845,3
5,2,PSCO,EPE,1588377600,180.079,187.407,6
5,2,PSCO,EPE,1589695200,169.644,177.256,4
5,2,PSCO,EPE,1591012800,201.755,225.601,3
5,2,PSCO,EPE,1592330400,178.617,183.617,2
5,2,PSCO,EPE,1593648000,179.869,183.66,4
5,2,PSCO,EPE,1594965600,203.518,216.392,4
5,2,PSCO,EPE,1596283200,195.497,205.15,6
5,2,PSCO,EPE,1597600800,191.918,194.312,5
5,2,PSCO,EPE,1598918400,205.232,239.606,1
5,2,PSCO,EPE,1600236000,173.323,177.195,4
5,2,PSCO,EPE,1601553600,195.586,198.739,6
5,2,PSCO,EPE,1602871200,203.179,208.122,5
5,2,PSCO,EPE,1604188800,214.197,230.317,5
5,2,PSCO,EPE,1605506400,195.422,206.391,4
5,2,PSCO,EPE,1606824000,147.36,147.36,0
5,2,PSCO,EPE,1608141600,172.796,172.796,0
5,3,PSCO,EPE,1577836800,205.671,206.834,1
5,3,PSCO,EPE,1579154400,168.095,168.095,0
5,3,PSCO,EPE,1580472000,165.819,165.819,0
5,3,PSCO,EPE,1581789600,180.406,211.871,2
5,3,PSCO,EPE,1583107200,195.56,195.56,0
5,3,PSCO,EPE,1584424800,209.67,225.4,3
5,3,PSCO,EPE,1585742400,169.885,201.473,1
5,3,PSCO,EPE,1587060000,176.492,215.845,1
5,3,PSCO,EPE,1588377600,187.78,187.407,2
5,3,PSCO,EPE,1589695200,174.63,174.63,0
5,3,PSCO,EPE,1591012800,200.692,225.601,1
5,3,PSCO,EPE,1592330400,179.992,179.992,0
5,3,PSCO,EPE,1593648000,183.595,183.66,2
5,3,PSCO,EPE,1594965600,212.665,216.392,2
5,3,PSCO,EPE,1596283200,202.105,202.105,0
5,3,PSCO,EPE,1597600800,192.237,194.312,1
5,3,PSCO,EPE,1598918400,207.114,239.606,1
5,3,PSCO,EPE,1600236000,174.02,174.02,0
5,3,PSCO,EPE,1601553600,195.176,195.176,0
5,3,PSCO,EPE,1602871200,205.678,208.122,1
5,3,PSCO,EPE,1604188800,219.327,230.317,1
5,3,PSCO,EPE,1605506400,206.127,206.391,4
5,3,PSCO,EPE,1606824000,147.36,147.36,0
5,3,PSCO,EPE,1608141600,172.796,172.796,0
5,4,PSCO,EPE,1577836800,202.28,206.834,3
5,4,PSCO,EPE,1579154400,168.095,168.095,0
5,4,PSCO,EPE,1580472000,165.819,165.819,0
5,4,PSCO,EPE,1581789600,180.921,211.871,1
5,4,PSCO,EPE,1583107200,197.04,199.368,2
5,4,PSCO,EPE,1584424800,210.055,225.4,1
5,4,PSCO,EPE,1585742400,169.885,201.473,1
5,4,PSCO,EPE,1587060000,176.492,215.845,1
5,4,PSCO,EPE,1588377600,185.612,187.407,2
5,4,PSCO,EPE,1589695200,175.529,177.256,2
5,4,PSCO,EPE,1591012800,200.692,225.601,1
5,4,PSCO,EPE,1592330400,188.324,183.617,1
5,4,PSCO,EPE,1593648000,180.132,180.132,0
5,4,PSCO,EPE,1594965600,212.04,216.392,1
5,4,PSCO,EPE,1596283200,196.811,205.15,2
5,4,PSCO,EPE,1597600800,195.911,194.312,1
5,4,PSCO,EPE,1598918400,217.769,239.606,2
5,4,PSCO,EPE,1600236000,174.02,174.02,0
5,4,PSCO,EPE,1601553600,195.176,195.176,0
5,4,PSCO,EPE,1602871200,202.804,202.804,0
5,4,PSCO,EPE,1604188800,219.233,230.317,1
5,4,PSCO,EPE,1605506400,210.671,206.391,2
5,4,PSCO,EPE,1606824000,147.36,147.36,0
5,4,PSCO,EPE,1608141600,172.796,172.796,0
5,5,PSCO,EPE,1577836800,196.051,206.834,5
5,5,PSCO,EPE,1579154400,171.128,171.399,4
5,5,PSCO,EPE,1580472000,169.399,169.296,8
5,5,PSCO,EPE,1581789600,180.778,211.871,7
5,5,PSCO,EPE,1583107200,195.168,199.368,4
5,5,PSCO,EPE,1584424800,207.073,225.4,7
5,5,PSCO,EPE,1585742400,165.098,201.473,3
5,5,PSCO,EPE,1587060000,175.228,215.845,3
5,5,PSCO,EPE,1588377600,178.902,187.407,6
5,5,PSCO,EPE,1589695200,169.183,177.256,4
5,5,PSCO,EPE,1591012800,201.186,225.601,3
5,5,PSCO,EPE,1592330400,177.759,183.617,3
5,5,PSCO,EPE,1593648000,179.203,183.66,4
5,5,PSCO,EPE,1594965600,202.785,216.392,4
5,5,PSCO,EPE,1596283200,195.075,205.15,6
5,5,PSCO,EPE,1597600800,191.495,194.312,5
5,5,PSCO,EPE,1598918400,205.036,239.606,1
5,5,PSCO,EPE,1600236000,172.497,177.195,4
5,5,PSCO,EPE,1601553600,193.862,198.739,6
5,5,PSCO,EPE,1602871200,202.366,208.122,5
5,5,PSCO,EPE,1604188800,213.585,230.317,6
5,5,PSCO,EPE,1605506400,195.016,206.391,4
5,5,PSCO,EPE,1606824000,147.36,147.36,0
5,5,PSCO,EPE,1608141600,172.796,172.796,0
5,6,PSCO,EPE,1577836800,201.806,201.806,0
5,6,PSCO,EPE,1579154400,168.095,168.095,0
5,6,PSCO,EPE,1580472000,165.819,165.819,0
5,6,PSCO,EPE,1581789600,180.921,211.871,1
5,6,PSCO,EPE,1583107200,195.56,195.56,0
5,6,PSCO,EPE,1584424800,210.055,225.4,1
5,6,PSCO,EPE,1585742400,169.885,201.473,1
5,6,PSCO,EPE,1587060000,176.492,215.845,1
5,6,PSCO,EPE,1588377600,183.78,187.407,1
5,6,PSCO,EPE,1589695200,174.63,174.63,0
5,6,PSCO,EPE,1591012800,200.692,225.601,1
5,6,PSCO,EPE,1592330400,179.992,179.992,0
5,6,PSCO,EPE,1593648000,180.132,180.132,0
5,6,PSCO,EPE,1594965600,212.837,216.392,1
5,6,PSCO,EPE,1596283200,202.105,202.105,0
5,6,PSCO,EPE,1597600800,189.709,189.709,0
5,6,PSCO,EPE,1598918400,207.114,239.606,1
5,6,PSCO,EPE,1600236000,174.02,174.02,0
5,6,PSCO,EPE,1601553600,195.176,195.176,0
5,6,PSCO,EPE,1602871200,202.804,202.804,0
5,6,PSCO,EPE,1604188800,219.327,230.317,1
5,6,PSCO,EPE,1605506400,203.332,203.332,0
5,6,PSCO,EPE,1606824000,147.36,147.36,0
5,6,PSCO,EPE,1608141600,172.796,172.796,0
5,1,PSCO,PACE,1577836800,201.806,201.806,0
5,1,PSCO,PACE,1579154400,168.095,168.095,0
5,1,PSCO,PACE,1580472000,165.819,165.819,0
5,1,PSCO,PACE,1581789600,208.599,208.599,0
5,1,PSCO,PACE,1583107200,195.56,195.56,0
5,1,PSCO,PACE,1584424800,221.046,221.046,0
5,1,PSCO,PACE,1585742400,196.694,196.694,0
5,1,PSCO,PACE,1587060000,211.329,211.329,0
5,1,PSCO,PACE,1588377600,184.057,184.057,0
5,1,PSCO,PACE,1589695200,174.63,174.63,0
5,1,PSCO,PACE,1591012800,220.905,220.905,0
5,1,PSCO,PACE,1592330400,179.992,179.992,0
5,1,PSCO,PACE,1593648000,180.132,180.132,0
5,1,PSCO,PACE,1594965600,212.921,212.921,0
5,1,PSCO,PACE,1596283200,202.105,202.105,0
5,1,PSCO,PACE,1597600800,189.709,189.709,0
5,1,PSCO,PACE,1598918400,234.795,234.795,0
5,1,PSCO,PACE,1600236000,174.02,174.02,0
5,1,PSCO,PACE,1601553600,195.176,195.176,0
5,1,PSCO,PACE,1602871200,202.804,202.804,0
5,1,PSCO,PACE,1604188800,225.924,225.924,0
5,1,PSCO,PACE,1605506400,203.332,203.332,0
5,1,PSCO,PACE,1606824000,147.36,147.36,0
5,1,PSCO,PACE,1608141600,172.796,172.796,0
5,2,PSCO,PACE,1577836800,207.327,206.834,5
5,2,PSCO,PACE,1579154400,174.251,171.399,6
5,2,PSCO,PACE,1580472000,170.019,169.296,4
5,2,PSCO,PACE,1581789600,193.022,211.871,6
5,2,PSCO,PACE,1583107200,198.873,199.368,8
5,2,PSCO,PACE,1584424800,227.039,225.4,2
5,2,PSCO,PACE,1585742400,200.792,201.473,6
5,2,PSCO,PACE,1587060000,211.486,215.845,7
5,2,PSCO,PACE,1588377600,174.317,187.407,5
5,2,PSCO,PACE,1589695200,173.814,177.256,2
5,2,PSCO,PACE,1591012800,218.17,225.601,2
5,2,PSCO,PACE,1592330400,168.063,183.617,4
5,2,PSCO,PACE,1593648000,177.618,183.66,6
5,2,PSCO,PACE,1594965600,199.173,216.392,8
5,2,PSCO,PACE,1596283200,203.407,205.15,4
5,2,PSCO,PACE,1597600800,189.709,189.709,0
5,2,PSCO,PACE,1598918400,232.686,239.606,5
5,2,PSCO,PACE,1600236000,174.02,174.02,0
5,2,PSCO,PACE,1601553600,199.798,198.739,4
5,2,PSCO,PACE,1602871200,194.536,208.122,3
5,2,PSCO,PACE,1604188800,229.843,230.317,2
5,2,PSCO,PACE,1605506400,204.604,206.391,4
5,2,PSCO,PACE,1606824000,147.36,147.36,0
5,2,PSCO,PACE,1608141600,172.796,172.796,0
5,3,PSCO,PACE,1577836800,205.939,206.834,1
5,3,PSCO,PACE,1579154400,168.095,168.095,0
5,3,PSCO,PACE,1580472000,165.819,165.819,0
5,3,PSCO,PACE,1581789600,201.005,211.871,2
5,3,PSCO,PACE,1583107200,199.1,199.368,2
5,3,PSCO,PACE,1584424800,221.046,221.046,0
5,3,PSCO,PACE,1585742400,196.694,196.694,0
5,3,PSCO,PACE,1587060000,214.94,215.845,1
5,3,PSCO,PACE,1588377600,185.031,187.407,1
5,3,PSCO,PACE,1589695200,174.63,174.63,0
5,3,PSCO,PACE,1591012800,220.905,220.905,0
5,3,PSCO,PACE,1592330400,179.992,179.992,0
5,3,PSCO,PACE,1593648000,183.662,183.66,2
5,3,PSCO,PACE,1594965600,202.112,216.392,2
5,3,PSCO,PACE,1596283200,202.105,202.105,0
5,3,PSCO,PACE,1597600800,189.709,189.709,0
5,3,PSCO,PACE,1598918400,236.851,239.606,1
5,3,PSCO,PACE,1600236000,174.02,174.02,0
5,3,PSCO,PACE,1601553600,195.176,195.176,0
5,3,PSCO,PACE,1602871200,203.526,208.122,3
5,3,PSCO,PACE,1604188800,225.924,225.924,0
5,3,PSCO,PACE,1605506400,203.332,203.332,0
5,3,PSCO,PACE,1606824000,147.36,147.36,0
5,3,PSCO,PACE,1608141600,172.796,172.796,0
5,4,PSCO,PACE,1577836800,201.806,201.806,0
5,4,PSCO,PACE,1579154400,168.095,168.095,0
5,4,PSCO,PACE,1580472000,165.819,165.819,0
5,4,PSCO,PACE,1581789600,198.034,211.871,2
5,4,PSCO,PACE,1583107200,195.56,195.56,0
5,4,PSCO,PACE,1584424800,221.046,221.046,0
5,4,PSCO,PACE,1585742400,196.694,196.694,0
5,4,PSCO,PACE,1587060000,211.329,211.329,0
5,4,PSCO,PACE,1588377600,191.484,187.407,2
5,4,PSCO,PACE,1589695200,174.63,174.63,0
5,4,PSCO,PACE,1591012800,224.28,225.601,2
5,4,PSCO,PACE,1592330400,198.399,183.617,2
5,4,PSCO,PACE,1593648000,180.132,180.132,0
5,4,PSCO,PACE,1594965600,204.973,216.392,2
5,4,PSCO,PACE,1596283200,202.105,202.105,0
5,4,PSCO,PACE,1597600800,189.709,189.709,0
5,4,PSCO,PACE,1598918400,238.366,239.606,2
5,4,PSCO,PACE,1600236000,174.02,174.02,0
5,4,PSCO,PACE,1601553600,195.176,195.176,0
5,4,PSCO,PACE,1602871200,211.324,208.122,2
5,4,PSCO,PACE,1604188800,225.924,225.924,0
5,4,PSCO,PACE,1605506400,203.332,203.332,0
5,4,PSCO,PACE,1606824000,147.36,147.36,0
5,4,PSCO,PACE,1608141600,172.796,172.796,0
5,5,PSCO,PACE,1577836800,206.024,206.834,5
5,5,PSCO,PACE,1579154400,172.871,171.399,6
5,5,PSCO,PACE,1580472000,169.046,169.296,4
5,5,PSCO,PACE,1581789600,192.146,211.871,6
5,5,PSCO,PACE,1583107200,197.156,199.368,8
5,5,PSCO,PACE,1584424800,226.19,225.4,2
5,5,PSCO,PACE,1585742400,198.338,201.473,4
5,5,PSCO,PACE,1587060000,209.967,215.845,7
5,5,PSCO,PACE,1588377600,173.45,187.407,6
5,5,PSCO,PACE,1589695200,172.748,177.256,2
5,5,PSCO,PACE,1591012800,217.917,225.601,2
5,5,PSCO,PACE,1592330400,167.225,183.617,4
5,5,PSCO,PACE,1593648000,175.835,183.66,4
5,5,PSCO,PACE,1594965600,197.594,216.392,8
5,5,PSCO,PACE,1596283200,202.92,205.15,4
5,5,PSCO,PACE,1597600800,189.709,189.709,0
5,5,PSCO,PACE,1598918400,232.253,239.606,6
5,5,PSCO,PACE,1600236000,174.02,174.02,0
5,5,PSCO,PACE,1601553600,198.501,198.739,4
5,5,PSCO,PACE,1602871200,193.819,208.122,3
5,5,PSCO,PACE,1604188800,229.595,230.317,2
5,5,PSCO,PACE,1605506400,203.841,206.391,4
5,5,PSCO,PACE,1606824000,147.36,147.36,0
5,5,PSCO,PACE,1608141600,172.796,172.796,0
5,6,PSCO,PACE,1577836800,201.806,201.806,0
5,6,PSCO,PACE,1579154400,168.095,168.095,0
5,6,PSCO,PACE,1580472000,165.819,165.819,0
5,6,PSCO,PACE,1581789600,198.034,211.871,2
5,6,PSCO,PACE,1583107200,195.56,195.56,0
5,6,PSCO,PACE,1584424800,221.046,221.046,0
5,6,PSCO,PACE,1585742400,196.694,196.694,0
5,6,PSCO,PACE,1587060000,211.329,211.329,0
5,6,PSCO,PACE,1588377600,183.63,187.407,1
5,6,PSCO,PACE,1589695200,174.63,174.63,0
5,6,PSCO,PACE,1591012800,220.905,220.905,0
5,6,PSCO,PACE,1592330400,179.992,179.992,0
5,6,PSCO,PACE,1593648000,180.132,180.132,0
5,6,PSCO,PACE,1594965600,203.469,216.392,1
5,6,PSCO,PACE,1596283200,202.105,202.105,0
5,6,PSCO,PACE,1597600800,189.709,189.709,0
5,6,PSCO,PACE,1598918400,234.52,239.606,1
5,6,PSCO,PACE,1600236000,174.02,174.02,0
5,6,PSCO,PACE,1601553600,195.176,195.176,0
5,6,PSCO,PACE,1602871200,202.519,208.122,1
5,6,PSCO,PACE,1604188800,225.924,225.924,0
5,6,PSCO,PACE,1605506400,203.332,203.332,0
5,6,PSCO,PACE,1606824000,147.36,147.36,0
5,6,PSCO,PACE,1608141600,172.796,172.796,0
5,1,TEPC,AECI,1577836800,261.782,261.782,0
5,1,TEPC,AECI,1579154400,260.044,260.044,0
5,1,TEPC,AECI,1580472000,227.287,227.287,0
5,1,TEPC,AECI,1581789600,230.952,230.952,0
5,1,TEPC,AECI,1583107200,213.887,213.887,0
5,1,TEPC,AECI,1584424800,209.261,209.261,0
5,1,TEPC,AECI,1585742400,163.89,163.89,0
5,1,TEPC,AECI,1587060000,178.693,178.693,0
5,1,TEPC,AECI,1588377600,179.254,179.254,0
5,1,TEPC,AECI,1589695200,215.518,215.518,0
5,1,TEPC,AECI,1591012800,222.496,222.496,0
5,1,TEPC,AECI,1592330400,189.451,189.451,0
5,1,TEPC,AECI,1593648000,215.878,215.878,0
5,1,TEPC,AECI,1594965600,207.863,207.863,0
5,1,TEPC,AECI,1596283200,219.66,219.66,0
5,1,TEPC,AECI,1597600800,232.192,232.192,0
5,1,TEPC,AECI,1598918400,219.508,219.508,0
5,1,TEPC,AECI,1600236000,245.174,245.174,0
5,1,TEPC,AECI,1601553600,235.921,235.921,0
5,1,TEPC,AECI,1602871200,262.53,262.53,0
5,1,TEPC,AECI,1604188800,265.706,265.706,0
5,1,TEPC,AECI,1605506400,225.001,225.001,0
5,1,TEPC,AECI,1606824000,193.11,193.11,0
5,1,TEPC,AECI,1608141600,251.11,251.11,0
5,2,TEPC,AECI,1577836800,181.314,267.327,3
5,2,TEPC,AECI,1579154400,193.303,265.972,3
5,2,TEPC,AECI,1580472000,179.846,232.948,3
5,2,TEPC,AECI,1581789600,197.543,234.731,4
5,2,TEPC,AECI,1583107200,177.96,218.268,4
5,2,TEPC,AECI,1584424800,188.515,214.078,7
5,2,TEPC,AECI,1585742400,136.956,167.958,6
5,2,TEPC,AECI,1587060000,150.942,181.485,4
5,2,TEPC,AECI,1588377600,158.999,182.828,4
5,2,TEPC,AECI,1589695200,172.822,220.659,5
5,2,TEPC,AECI,1591012800,160.812,227.481,3
5,2,TEPC,AECI,1592330400,171.737,192.904,6
5,2,TEPC,AECI,1593648000,198.234,220.097,4
5,2,TEPC,AECI,1594965600,191.384,212.83,5
5,2,TEPC,AECI,1596283200,203.078,224.499,7
5,2,TEPC,AECI,1597600800,231.295,236.671,6
5,2,TEPC,AECI,1598918400,204.154,224.177,11
5,2,TEPC,AECI,1600236000,223.672,250.543,5
5,2,TEPC,AECI,1601553600,205.471,240.805,9
5,2,TEPC,AECI,1602871200,194.406,267.329,7
5,2,TEPC,AECI,1604188800,232.77,270.432,4
5,2,TEPC,AECI,1605506400,220.47,230.103,3
5,2,TEPC,AECI,1606824000,193.11,193.11,0
5,2,TEPC,AECI,1608141600,208.636,256.156,3
5,3,TEPC,AECI,1577836800,177.506,267.327,1
5,3,TEPC,AECI,1579154400,191.594,265.972,1
5,3,TEPC,AECI,1580472000,183.505,232.948,1
5,3,TEPC,AECI,1581789600,212.689,234.731,4
5,3,TEPC,AECI,1583107200,213.887,213.887,0
5,3,TEPC,AECI,1584424800,184.608,214.078,1
5,3,TEPC,AECI,1585742400,137.156,167.958,4
5,3,TEPC,AECI,1587060000,174.652,181.485,2
5,3,TEPC,AECI,1588377600,179.254,179.254,0
5,3,TEPC,AECI,1589695200,162.604,220.659,1
5,3,TEPC,AECI,1591012800,156.968,227.481,1
5,3,TEPC,AECI,1592330400,184.84,192.904,4
5,3,TEPC,AECI,1593648000,215.878,215.878,0
5,3,TEPC,AECI,1594965600,201.852,212.83,3
5,3,TEPC,AECI,1596283200,189.631,224.499,1
5,3,TEPC,AECI,1597600800,232.192,232.192,0
5,3,TEPC,AECI,1598918400,186.365,224.177,3
5,3,TEPC,AECI,1600236000,246.517,250.543,1
5,3,TEPC,AECI,1601553600,188.016,240.805,1
5,3,TEPC,AECI,1602871200,184.215,267.329,1
5,3,TEPC,AECI,1604188800,257.515,270.432,2
5,3,TEPC,AECI,1605506400,218.979,230.103,1
5,3,TEPC,AECI,1606824000,193.11,193.11,0
5,3,TEPC,AECI,1608141600,199.356,256.156,1
5,4,TEPC,AECI,1577836800,177.506,267.327,1
5,4,TEPC,AECI,1579154400,191.594,265.972,1
5,4,TEPC,AECI,1580472000,175.818,232.948,1
5,4,TEPC,AECI,1581789600,213.829,234.731,3
5,4,TEPC,AECI,1583107200,223.629,218.268,1
5,4,TEPC,AECI,1584424800,183.695,214.078,1
5,4,TEPC,AECI,1585742400,147.571,167.958,2
5,4,TEPC,AECI,1587060000,164.061,181.485,3
5,4,TEPC,AECI,1588377600,179.254,179.254,0
5,4,TEPC,AECI,1589695200,162.604,220.659,1
5,4,TEPC,AECI,1591012800,156.968,227.481,1
5,4,TEPC,AECI,1592330400,189.451,189.451,0
5,4,TEPC,AECI,1593648000,215.878,215.878,0
5,4,TEPC,AECI,1594965600,207.863,207.863,0
5,4,TEPC,AECI,1596283200,206.202,224.499,2
5,4,TEPC,AECI,1597600800,232.192,232.192,0
5,4,TEPC,AECI,1598918400,198.448,224.177,1
5,4,TEPC,AECI,1600236000,236.11,250.543,2
5,4,TEPC,AECI,1601553600,206.15,240.805,4
5,4,TEPC,AECI,1602871200,184.215,267.329,1
5,4,TEPC,AECI,1604188800,246.762,270.432,1
5,4,TEPC,AECI,1605506400,220.205,230.103,1
5,4,TEPC,AECI,1606824000,193.11,193.11,0
5,4,TEPC,AECI,1608141600,199.356,256.156,1
5,5,TEPC,AECI,1577836800,181.081,267.327,3
5,5,TEPC,AECI,1579154400,193.062,265.972,3
5,5,TEPC,AECI,1580472000,178.513,232.948,3
5,5,TEPC,AECI,1581789600,196.973,234.731,4
5,5,TEPC,AECI,1583107200,176.059,218.268,4
5,5,TEPC,AECI,1584424800,187.754,214.078,7
5,5,TEPC,AECI,1585742400,136.425,167.958,4
5,5,TEPC,AECI,1587060000,150.833,181.485,5
5,5,TEPC,AECI,1588377600,157.224,182.828,4
5,5,TEPC,AECI,1589695200,170.594,220.659,5
5,5,TEPC,AECI,1591012800,159.841,227.481,1
5,5,TEPC,AECI,1592330400,170.519,192.904,6
5,5,TEPC,AECI,1593648000,197.299,220.097,4
5,5,TEPC,AECI,1594965600,190.292,212.83,5
5,5,TEPC,AECI,1596283200,202.437,224.499,8
5,5,TEPC,AECI,1597600800,230.921,236.671,6
5,5,TEPC,AECI,1598918400,202.209,224.177,12
5,5,TEPC,AECI,1600236000,222.797,250.543,5
5,5,TEPC,AECI,1601553600,204.816,240.805,9
5,5,TEPC,AECI,1602871200,193.236,267.329,6
5,5,TEPC,AECI,1604188800,231.401,270.432,4
5,5,TEPC,AECI,1605506400,219.282,230.103,3
5,5,TEPC,AECI,1606824000,193.11,193.11,0
5,5,TEPC,AECI,1608141600,207.26,256.156,3
5,6,TEPC,AECI,1577836800,177.506,267.327,1
5,6,TEPC,AECI,1579154400,191.594,265.972,1
5,6,TEPC,AECI,1580472000,183.505,232.948,1
5,6,TEPC,AECI,1581789600,195.892,234.731,2
5,6,TEPC,AECI,1583107200,213.887,213.887,0
5,6,TEPC,AECI,1584424800,183.695,214.078,1
5,6,TEPC,AECI,1585742400,135.417,167.958,1
5,6,TEPC,AECI,1587060000,178.693,178.693,0
5,6,TEPC,AECI,1588377600,179.254,179.254,0
5,6,TEPC,AECI,1589695200,162.604,220.659,1
5,6,TEPC,AECI,1591012800,156.968,227.481,1
5,6,TEPC,AECI,1592330400,189.451,189.451,0
5,6,TEPC,AECI,1593648000,215.878,215.878,0
5,6,TEPC,AECI,1594965600,207.863,207.863,0
5,6,TEPC,AECI,1596283200,192.897,224.499,1
5,6,TEPC,AECI,1597600800,232.192,232.192,0
5,6,TEPC,AECI,1598918400,219.508,219.508,0
5,6,TEPC,AECI,1600236000,245.174,245.174,0
5,6,TEPC,AECI,1601553600,188.016,240.805,1
5,6,TEPC,AECI,1602871200,184.215,267.329,1
5,6,TEPC,AECI,1604188800,250.766,270.432,2
5,6,TEPC,AECI,1605506400,225.001,225.001,0
5,6,TEPC,AECI,1606824000,193.11,193.11,0
5,6,TEPC,AECI,1608141600,199.356,256.156,1
10,1,AECI,EPE,1577836800,171.652,171.652,0
10,1,AECI,EPE,1579154400,184.829,184.829,0
10,1,AECI,EPE,1580472000,179.08,179.08,0
10,1,AECI,EPE,1581789600,190.047,190.047,0
10,1,AECI,EPE,1583107200,177.533,177.533,0
10,1,AECI,EPE,1584424800,173.609,173.609,0
10,1,AECI,EPE,1585742400,130.078,130.078,0
10,1,AECI,EPE,1587060000,146.519,146.519,0
10,1,AECI,EPE,1588377600,154.192,154.192,0
10,1,AECI,EPE,1589695200,158.058,158.058,0
10,1,AECI,EPE,1591012800,151.782,151.782,0
10,1,AECI,EPE,1592330400,159.195,159.195,0
10,1,AECI,EPE,1593648000,183.868,183.868,0
10,1,AECI,EPE,1594965600,175.21,175.21,0
10,1,AECI,EPE,1596283200,180.832,180.832,0
10,1,AECI,EPE,1597600800,201.072,201.072,0
10,1,AECI,EPE,1598918400,180.384,180.384,0
10,1,AECI,EPE,1600236000,202.899,202.899,0
10,1,AECI,EPE,1601553600,182.573,182.573,0
10,1,AECI,EPE,1602871200,178.75,178.75,0
10,1,AECI,EPE,1604188800,219.569,219.569,0
10,1,AECI,EPE,1605506400,205.232,205.232,0
10,1,AECI,EPE,1606824000,196.187,196.187,0
10,1,AECI,EPE,1608141600,194.483,194.483,0
10,2,AECI,EPE,1577836800,198.154,179.057,9
10,2,AECI,EPE,1579154400,208.454,188.789,3
10,2,AECI,EPE,1580472000,175.292,182.532,3
10,2,AECI,EPE,1581789600,180.917,194.225,1
10,2,AECI,EPE,1583107200,186.742,181.799,5
10,2,AECI,EPE,1584424800,190.659,176.679,6
10,2,AECI,EPE,1585742400,142.641,133.734,5
10,2,AECI,EPE,1587060000,160.638,149.147,5
10,2,AECI,EPE,1588377600,164.218,157.765,5
10,2,AECI,EPE,1589695200,176.084,161.536,6
10,2,AECI,EPE,1591012800,170.612,155.24,6
10,2,AECI,EPE,1592330400,184.034,165.665,7
10,2,AECI,EPE,1593648000,199.666,187.798,5
10,2,AECI,EPE,1594965600,192.179,178.469,4
10,2,AECI,EPE,1596283200,200.362,184.458,4
10,2,AECI,EPE,1597600800,218.949,205.228,3
10,2,AECI,EPE,1598918400,207.746,183.948,5
10,2,AECI,EPE,1600236000,205.079,206.444,2
10,2,AECI,EPE,1601553600,203.378,185.848,2
10,2,AECI,EPE,1602871200,196.235,182.572,5
10,2,AECI,EPE,1604188800,214.931,223.947,5
10,2,AECI,EPE,1605506400,205.229,208.412,2
10,2,AECI,EPE,1606824000,202.496,200.233,3
10,2,AECI,EPE,1608141600,218.666,201.57,9
10,3,AECI,EPE,1577836800,207.073,175.342,1
10,3,AECI,EPE,1579154400,211.696,188.789,1
10,3,AECI,EPE,1580472000,173.865,182.532,3
10,3,AECI,EPE,1581789600,180.917,194.225,1
10,3,AECI,EPE,1583107200,207.033,181.799,1
10,3,AECI,EPE,1584424800,200.429,176.679,2
10,3,AECI,EPE,1585742400,140.406,133.734,3
10,3,AECI,EPE,1587060000,175.231,149.147,1
10,3,AECI,EPE,1588377600,187.735,157.765,1
10,3,AECI,EPE,1589695200,191.21,161.536,2
10,3,AECI,EPE,1591012800,151.782,151.782,0
10,3,AECI,EPE,1592330400,166.892,162.435,1
10,3,AECI,EPE,1593648000,202.644,187.798,1
10,3,AECI,EPE,1594965600,203.764,178.469,4
10,3,AECI,EPE,1596283200,196.402,184.458,2
10,3,AECI,EPE,1597600800,219.187,205.228,1
10,3,AECI,EPE,1598918400,208.208,183.948,1
10,3,AECI,EPE,1600236000,204.16,206.444,2
10,3,AECI,EPE,1601553600,196.085,185.848,2
10,3,AECI,EPE,1602871200,186.068,182.572,1
10,3,AECI,EPE,1604188800,220.315,223.947,1
10,3,AECI,EPE,1605506400,202.879,208.412,2
10,3,AECI,EPE,1606824000,203.795,200.233,1
10,3,AECI,EPE,1608141600,220.637,198.171,1
10,4,AECI,EPE,1577836800,202.092,175.342,3
10,4,AECI,EPE,1579154400,211.696,188.789,1
10,4,AECI,EPE,1580472000,185.944,182.532,1
10,4,AECI,EPE,1581789600,180.917,194.225,1
10,4,AECI,EPE,1583107200,207.033,181.799,1
10,4,AECI,EPE,1584424800,207.923,176.679,1
10,4,AECI,EPE,1585742400,146.484,133.734,1
10,4,AECI,EPE,1587060000,165.661,149.147,2
10,4,AECI,EPE,1588377600,172.782,157.765,1
10,4,AECI,EPE,1589695200,178.458,161.536,2
10,4,AECI,EPE,1591012800,151.782,151.782,0
10,4,AECI,EPE,1592330400,172.066,162.435,2
10,4,AECI,EPE,1593648000,202.644,187.798,1
10,4,AECI,EPE,1594965600,213.471,178.469,1
10,4,AECI,EPE,1596283200,209.137,184.458,1
10,4,AECI,EPE,1597600800,219.187,205.228,1
10,4,AECI,EPE,1598918400,208.208,183.948,1
10,4,AECI,EPE,1600236000,204.336,206.444,1
10,4,AECI,EPE,1601553600,203.507,185.848,2
10,4,AECI,EPE,1602871200,192.28,182.572,1
10,4,AECI,EPE,1604188800,220.315,223.947,1
10,4,AECI,EPE,1605506400,208.958,208.412,1
10,4,AECI,EPE,1606824000,203.795,200.233,1
10,4,AECI,EPE,1608141600,220.637,198.171,1
10,5,AECI,EPE,1577836800,197.386,179.057,9
10,5,AECI,EPE,1579154400,207.928,188.789,3
10,5,AECI,EPE,1580472000,175.135,182.532,3
10,5,AECI,EPE,1581789600,180.917,194.225,1
10,5,AECI,EPE,1583107200,184.391,181.799,3
10,5,AECI,EPE,1584424800,190.225,176.679,6
10,5,AECI,EPE,1585742400,142.098,133.734,5
10,5,AECI,EPE,1587060000,160.497,149.147,6
10,5,AECI,EPE,1588377600,163.265,157.765,5
10,5,AECI,EPE,1589695200,174.892,161.536,6
10,5,AECI,EPE,1591012800,174.116,158.729,7
10,5,AECI,EPE,1592330400,183.247,165.665,8
10,5,AECI,EPE,1593648000,198.771,187.798,5
10,5,AECI,EPE,1594965600,191.111,178.469,4
10,5,AECI,EPE,1596283200,200.09,184.458,5
10,5,AECI,EPE,1597600800,218.573,205.228,3
10,5,AECI,EPE,1598918400,208.284,183.948,6
10,5,AECI,EPE,1600236000,204.16,206.444,2
10,5,AECI,EPE,1601553600,202.578,185.848,2
10,5,AECI,EPE,1602871200,195.728,182.572,5
10,5,AECI,EPE,1604188800,214.197,223.947,5
10,5,AECI,EPE,1605506400,204.371,208.412,2
10,5,AECI,EPE,1606824000,202.406,200.233,3
10,5,AECI,EPE,1608141600,218.812,201.57,10
10,6,AECI,EPE,1577836800,207.073,175.342,1
10,6,AECI,EPE,1579154400,211.696,188.789,1
10,6,AECI,EPE,1580472000,172.813,182.532,2
10,6,AECI,EPE,1581789600,180.917,194.225,1
10,6,AECI,EPE,1583107200,207.033,181.799,1
10,6,AECI,EPE,1584424800,207.923,176.679,1
10,6,AECI,EPE,1585742400,130.078,130.078,0
10,6,AECI,EPE,1587060000,175.231,149.147,1
10,6,AECI,EPE,1588377600,185.135,157.765,1
10,6,AECI,EPE,1589695200,191.215,161.536,1
10,6,AECI,EPE,1591012800,151.782,151.782,0
10,6,AECI,EPE,1592330400,159.195,159.195,0
10,6,AECI,EPE,1593648000,202.644,187.798,1
10,6,AECI,EPE,1594965600,212.162,178.469,1
10,6,AECI,EPE,1596283200,209.137,184.458,1
10,6,AECI,EPE,1597600800,219.187,205.228,1
10,6,AECI,EPE,1598918400,208.208,183.948,1
10,6,AECI,EPE,1600236000,204.336,206.444,1
10,6,AECI,EPE,1601553600,182.573,182.573,0
10,6,AECI,EPE,1602871200,178.75,178.75,0
10,6,AECI,EPE,1604188800,220.315,223.947,1
10,6,AECI,EPE,1605506400,208.958,208.412,1
10,6,AECI,EPE,1606824000,203.795,200.233,1
10,6,AECI,EPE,1608141600,220.637,198.171,1
10,1,AECI,PACE,1577836800,171.652,171.652,0
10,1,AECI,PACE,1579154400,184.829,184.829,0
10,1,AECI,PACE,1580472000,179.08,179.08,0
10,1,AECI,PACE,1581789600,190.047,190.047,0
10,1,AECI,PACE,1583107200,177.533,177.533,0
10,1,AECI,PACE,1584424800,173.609,173.609,0
10,1,AECI,PACE,1585742400,130.078,130.078,0
10,1,AECI,PACE,1587060000,146.519,146.519,0
10,1,AECI,PACE,1588377600,154.192,154.192,0
10,1,AECI,PACE,1589695200,158.058,158.058,0
10,1,AECI,PACE,1591012800,151.782,151.782,0
10,1,AECI,PACE,1592330400,159.195,159.195,0
10,1,AECI,PACE,1593648000,183.868,183.868,0
10,1,AECI,PACE,1594965600,175.21,175.21,0
10,1,AECI,PACE,1596283200,180.832,180.832,0
10,1,AECI,PACE,1597600800,201.072,201.072,0
10,1,AECI,PACE,1598918400,180.384,180.384,0
10,1,AECI,PACE,1600236000,202.899,202.899,0
10,1,AECI,PACE,1601553600,182.573,182.573,0
10,1,AECI,PACE,1602871200,178.75,178.75,0
10,1,AECI,PACE,1604188800,219.569,219.569,0
10,1,AECI,PACE,1605506400,205.232,205.232,0
10,1,AECI,PACE,1606824000,196.187,196.187,0
10,1,AECI,PACE,1608141600,194.483,194.483,0
10,2,AECI,PACE,1577836800,183.16,175.342,4
10,2,AECI,PACE,1579154400,201.386,188.789,6
10,2,AECI,PACE,1580472000,186.327,182.532,4
10,2,AECI,PACE,1581789600,197.984,194.225,3
10,2,AECI,PACE,1583107200,180.04,181.799,3
10,2,AECI,PACE,1584424800,181.368,176.679,2
10,2,AECI,PACE,1585742400,130.078,130.078,0
10,2,AECI,PACE,1587060000,152.849,149.147,2
10,2,AECI,PACE,1588377600,152.29,157.765,3
10,2,AECI,PACE,1589695200,170.84,161.536,4
10,2,AECI,PACE,1591012800,160.158,155.24,2
10,2,AECI,PACE,1592330400,162.982,162.435,4
10,2,AECI,PACE,1593648000,190.815,187.798,5
10,2,AECI,PACE,1594965600,193.819,181.77,8
10,2,AECI,PACE,1596283200,195.3,184.458,6
10,2,AECI,PACE,1597600800,230.134,209.122,10
10,2,AECI,PACE,1598918400,190.168,183.948,3
10,2,AECI,PACE,1600236000,223.395,206.444,4
10,2,AECI,PACE,1601553600,196.744,185.848,4
10,2,AECI,PACE,1602871200,185.95,182.572,5
10,2,AECI,PACE,1604188800,233.539,223.947,5
10,2,AECI,PACE,1605506400,221.228,208.412,4
10,2,AECI,PACE,1606824000,212.192,200.233,4
10,2,AECI,PACE,1608141600,221.993,201.57,8
10,3,AECI,PACE,1577836800,190.302,175.342,2
10,3,AECI,PACE,1579154400,212.218,188.789,4
10,3,AECI,PACE,1580472000,188.075,182.532,2
10,3,AECI,PACE,1581789600,202.101,194.225,1
10,3,AECI,PACE,1583107200,211.873,181.799,1
10,3,AECI,PACE,1584424800,173.609,173.609,0
10,3,AECI,PACE,1585742400,130.078,130.078,0
10,3,AECI,PACE,1587060000,146.519,146.519,0
10,3,AECI,PACE,1588377600,184.393,157.765,1
10,3,AECI,PACE,1589695200,165.566,161.536,2
10,3,AECI,PACE,1591012800,151.782,151.782,0
10,3,AECI,PACE,1592330400,159.195,159.195,0
10,3,AECI,PACE,1593648000,217.16,187.798,1
10,3,AECI,PACE,1594965600,182.312,178.469,4
10,3,AECI,PACE,1596283200,180.832,180.832,0
10,3,AECI,PACE,1597600800,216.991,205.228,3
10,3,AECI,PACE,1598918400,192.537,183.948,3
10,3,AECI,PACE,1600236000,221.529,206.444,2
10,3,AECI,PACE,1601553600,182.573,182.573,0
10,3,AECI,PACE,1602871200,198.969,182.572,5
10,3,AECI,PACE,1604188800,250.506,223.947,3
10,3,AECI,PACE,1605506400,224.342,208.412,2
10,3,AECI,PACE,1606824000,218.355,200.233,4
10,3,AECI,PACE,1608141600,208.063,198.171,2
10,4,AECI,PACE,1577836800,171.652,171.652,0
10,4,AECI,PACE,1579154400,208.904,188.789,1
10,4,AECI,PACE,1580472000,188.625,182.532,2
10,4,AECI,PACE,1581789600,199.15,194.225,2
10,4,AECI,PACE,1583107200,197.796,181.799,1
10,4,AECI,PACE,1584424800,173.609,173.609,0
10,4,AECI,PACE,1585742400,130.078,130.078,0
10,4,AECI,PACE,1587060000,146.519,146.519,0
10,4,AECI,PACE,1588377600,168.712,157.765,2
10,4,AECI,PACE,1589695200,158.058,158.058,0
10,4,AECI,PACE,1591012800,151.782,151.782,0
10,4,AECI,PACE,1592330400,181.131,162.435,2
10,4,AECI,PACE,1593648000,215.669,187.798,2
10,4,AECI,PACE,1594965600,187.09,178.469,3
10,4,AECI,PACE,1596283200,180.832,180.832,0
10,4,AECI,PACE,1597600800,216.924,205.228,1
10,4,AECI,PACE,1598918400,180.384,180.384,0
10,4,AECI,PACE,1600236000,202.899,202.899,0
10,4,AECI,PACE,1601553600,182.573,182.573,0
10,4,AECI,PACE,1602871200,215.801,182.572,1
10,4,AECI,PACE,1604188800,241.055,223.947,2
10,4,AECI,PACE,1605506400,225.622,208.412,2
10,4,AECI,PACE,1606824000,224.968,200.233,1
10,4,AECI,PACE,1608141600,211.126,198.171,3
10,5,AECI,PACE,1577836800,181.861,175.342,4
10,5,AECI,PACE,1579154400,200.821,188.789,6
10,5,AECI,PACE,1580472000,185.298,182.532,5
10,5,AECI,PACE,1581789600,197.455,194.225,3
10,5,AECI,PACE,1583107200,180.456,181.799,3
10,5,AECI,PACE,1584424800,180.545,176.679,2
10,5,AECI,PACE,1585742400,130.078,130.078,0
10,5,AECI,PACE,1587060000,152.503,149.147,2
10,5,AECI,PACE,1588377600,151.837,157.765,3
10,5,AECI,PACE,1589695200,169.342,161.536,4
10,5,AECI,PACE,1591012800,159.659,155.24,2
10,5,AECI,PACE,1592330400,160.724,162.435,4
10,5,AECI,PACE,1593648000,189.336,187.798,5
10,5,AECI,PACE,1594965600,191.875,181.77,8
10,5,AECI,PACE,1596283200,194.637,184.458,6
10,5,AECI,PACE,1597600800,228.398,209.122,10
10,5,AECI,PACE,1598918400,191.441,183.948,4
10,5,AECI,PACE,1600236000,222.142,206.444,4
10,5,AECI,PACE,1601553600,195.425,185.848,4
10,5,AECI,PACE,1602871200,184.892,182.572,5
10,5,AECI,PACE,1604188800,233.552,223.947,6
10,5,AECI,PACE,1605506400,219.65,208.412,4
10,5,AECI,PACE,1606824000,212.09,200.233,5
10,5,AECI,PACE,1608141600,220.548,201.57,8
10,6,AECI,PACE,1577836800,171.652,171.652,0
10,6,AECI,PACE,1579154400,184.829,184.829,0
10,6,AECI,PACE,1580472000,186.735,182.532,2
10,6,AECI,PACE,1581789600,202.101,194.225,1
10,6,AECI,PACE,1583107200,211.873,181.799,1
10,6,AECI,PACE,1584424800,173.609,173.609,0
10,6,AECI,PACE,1585742400,130.078,130.078,0
10,6,AECI,PACE,1587060000,146.519,146.519,0
10,6,AECI,PACE,1588377600,182.574,157.765,1
10,6,AECI,PACE,1589695200,158.058,158.058,0
10,6,AECI,PACE,1591012800,151.782,151.782,0
10,6,AECI,PACE,1592330400,159.195,159.195,0
10,6,AECI,PACE,1593648000,217.16,187.798,1
10,6,AECI,PACE,1594965600,203.084,178.469,1
10,6,AECI,PACE,1596283200,180.832,180.832,0
10,6,AECI,PACE,1597600800,201.072,201.072,0
10,6,AECI,PACE,1598918400,180.384,180.384,0
10,6,AECI,PACE,1600236000,202.899,202.899,0
10,6,AECI,PACE,1601553600,182.573,182.573,0
10,6,AECI,PACE,1602871200,196.989,182.572,2
10,6,AECI,PACE,1604188800,263.314,223.947,1
10,6,AECI,PACE,1605506400,235.449,208.412,1
10,6,AECI,PACE,1606824000,196.187,196.187,0
10,6,AECI,PACE,1608141600,227.05,198.171,1
10,1,AECI,TEPC,1577836800,171.652,171.652,0
10,1,AECI,TEPC,1579154400,184.829,184.829,0
10,1,AECI,TEPC,1580472000,179.08,179.08,0
10,1,AECI,TEPC,1581789600,190.047,190.047,0
10,1,AECI,TEPC,1583107200,177.533,177.533,0
10,1,AECI,TEPC,1584424800,173.609,173.609,0
10,1,AECI,TEPC,1585742400,130.078,130.078,0
10,1,AECI,TEPC,1587060000,146.519,146.519,0
10,1,AECI,TEPC,1588377600,154.192,154.192,0
10,1,AECI,TEPC,1589695200,158.058,158.058,0
10,1,AECI,TEPC,1591012800,151.782,151.782,0
10,1,AECI,TEPC,1592330400,159.195,159.195,0
10,1,AECI,TEPC,1593648000,183.868,183.868,0
10,1,AECI,TEPC,1594965600,175.21,175.21,0
10,1,AECI,TEPC,1596283200,180.832,180.832,0
10,1,AECI,TEPC,1597600800,201.072,201.072,0
10,1,AECI,TEPC,1598918400,180.384,180.384,0
10,1,AECI,TEPC,1600236000,202.899,202.899,0
10,1,AECI,TEPC,1601553600,182.573,182.573,0
10,1,AECI,TEPC,1602871200,178.75,178.75,0
10,1,AECI,TEPC,1604188800,219.569,219.569,0
10,1,AECI,TEPC,1605506400,205.232,205.232,0
10,1,AECI,TEPC,1606824000,196.187,196.187,0
10,1,AECI,TEPC,1608141600,194.483,194.483,0
10,2,AECI,TEPC,1577836800,179.913,175.342,2
10,2,AECI,TEPC,1579154400,191.221,188.789,2
10,2,AECI,TEPC,1580472000,180.987,182.532,4
10,2,AECI,TEPC,1581789600,200.097,194.225,5
10,2,AECI,TEPC,1583107200,179.336,181.799,5
10,2,AECI,TEPC,1584424800,189.119,176.679,6
10,2,AECI,TEPC,1585742400,137.18,133.734,5
10,2,AECI,TEPC,1587060000,152.877,149.147,5
10,2,AECI,TEPC,1588377600,160.625,157.765,5
10,2,AECI,TEPC,1589695200,174.319,161.536,6
10,2,AECI,TEPC,1591012800,159.746,155.24,2
10,2,AECI,TEPC,1592330400,177.858,165.665,7
10,2,AECI,TEPC,1593648000,200.233,187.798,5
10,2,AECI,TEPC,1594965600,191.381,178.469,4
10,2,AECI,TEPC,1596283200,203.644,184.458,6
10,2,AECI,TEPC,1597600800,238.162,209.122,7
10,2,AECI,TEPC,1598918400,217.047,191.074,13
10,2,AECI,TEPC,1600236000,223.257,206.444,4
10,2,AECI,TEPC,1601553600,210.019,189.499,8
10,2,AECI,TEPC,1602871200,195.038,182.572,6
10,2,AECI,TEPC,1604188800,234.654,223.947,5
10,2,AECI,TEPC,1605506400,221.772,208.412,4
10,2,AECI,TEPC,1606824000,197.878,200.233,1
10,2,AECI,TEPC,1608141600,209.824,198.171,4
10,3,AECI,TEPC,1577836800,171.652,171.652,0
10,3,AECI,TEPC,1579154400,184.829,184.829,0
10,3,AECI,TEPC,1580472000,179.08,179.08,0
10,3,AECI,TEPC,1581789600,214.617,194.225,5
10,3,AECI,TEPC,1583107200,218.175,181.799,1
10,3,AECI,TEPC,1584424800,184.38,176.679,2
10,3,AECI,TEPC,1585742400,136.703,133.734,3
10,3,AECI,TEPC,1587060000,175.869,149.147,3
10,3,AECI,TEPC,1588377600,183.269,157.765,1
10,3,AECI,TEPC,1589695200,163.169,161.536,2
10,3,AECI,TEPC,1591012800,151.782,151.782,0
10,3,AECI,TEPC,1592330400,186.438,162.435,3
10,3,AECI,TEPC,1593648000,220.635,187.798,1
10,3,AECI,TEPC,1594965600,200.992,178.469,4
10,3,AECI,TEPC,1596283200,188.917,184.458,2
10,3,AECI,TEPC,1597600800,236.872,205.228,1
10,3,AECI,TEPC,1598918400,187.852,183.948,4
10,3,AECI,TEPC,1600236000,245.061,206.444,2
10,3,AECI,TEPC,1601553600,182.573,182.573,0
10,3,AECI,TEPC,1602871200,185.008,182.572,2
10,3,AECI,TEPC,1604188800,258.402,223.947,3
10,3,AECI,TEPC,1605506400,219.791,208.412,2
10,3,AECI,TEPC,1606824000,197.878,200.233,1
10,3,AECI,TEPC,1608141600,194.483,194.483,0
10,4,AECI,TEPC,1577836800,171.652,171.652,0
10,4,AECI,TEPC,1579154400,184.829,184.829,0
10,4,AECI,TEPC,1580472000,177.08,182.532,2
10,4,AECI,TEPC,1581789600,216.022,194.225,2
10,4,AECI,TEPC,1583107200,217.57,181.799,2
10,4,AECI,TEPC,1584424800,183.625,176.679,2
10,4,AECI,TEPC,1585742400,146.089,133.734,1
10,4,AECI,TEPC,1587060000,165.69,149.147,2
10,4,AECI,TEPC,1588377600,183.269,157.765,1
10,4,AECI,TEPC,1589695200,158.058,158.058,0
10,4,AECI,TEPC,1591012800,151.782,151.782,0
10,4,AECI,TEPC,1592330400,193.759,162.435,1
10,4,AECI,TEPC,1593648000,220.635,187.798,1
10,4,AECI,TEPC,1594965600,212.398,178.469,1
10,4,AECI,TEPC,1596283200,192.734,184.458,1
10,4,AECI,TEPC,1597600800,236.872,205.228,1
10,4,AECI,TEPC,1598918400,200.841,183.948,2
10,4,AECI,TEPC,1600236000,232.679,206.444,1
10,4,AECI,TEPC,1601553600,203.002,185.848,3
10,4,AECI,TEPC,1602871200,178.75,178.75,0
10,4,AECI,TEPC,1604188800,247.881,223.947,2
10,4,AECI,TEPC,1605506400,220.547,208.412,2
10,4,AECI,TEPC,1606824000,197.878,200.233,1
10,4,AECI,TEPC,1608141600,194.483,194.483,0
10,5,AECI,TEPC,1577836800,179.653,175.342,2
10,5,AECI,TEPC,1579154400,190.959,188.789,2
10,5,AECI,TEPC,1580472000,179.597,182.532,4
10,5,AECI,TEPC,1581789600,199.443,194.225,5
10,5,AECI,TEPC,1583107200,176.046,181.799,3
10,5,AECI,TEPC,1584424800,188.301,176.679,6
10,5,AECI,TEPC,1585742400,137.148,133.734,5
10,5,AECI,TEPC,1587060000,152.952,149.147,6
10,5,AECI,TEPC,1588377600,158.814,157.765,5
10,5,AECI,TEPC,1589695200,170.756,161.536,4
10,5,AECI,TEPC,1591012800,159.41,155.24,2
10,5,AECI,TEPC,1592330400,176.59,165.665,7
10,5,AECI,TEPC,1593648000,199.219,187.798,5
10,5,AECI,TEPC,1594965600,190.237,178.469,4
10,5,AECI,TEPC,1596283200,207.701,188.162,7
10,5,AECI,TEPC,1597600800,237.756,209.122,7
10,5,AECI,TEPC,1598918400,215.418,191.074,13
10,5,AECI,TEPC,1600236000,222.323,206.444,4
10,5,AECI,TEPC,1601553600,209.897,189.499,9
10,5,AECI,TEPC,1602871200,200.537,186.552,8
10,5,AECI,TEPC,1604188800,233.237,223.947,5
10,5,AECI,TEPC,1605506400,220.567,208.412,4
10,5,AECI,TEPC,1606824000,197.878,200.233,1
10,5,AECI,TEPC,1608141600,208.375,198.171,4
10,6,AECI,TEPC,1577836800,171.652,171.652,0
10,6,AECI,TEPC,1579154400,184.829,184.829,0
10,6,AECI,TEPC,1580472000,179.08,179.08,0
10,6,AECI,TEPC,1581789600,190.047,190.047,0
10,6,AECI,TEPC,1583107200,212.843,181.799,1
10,6,AECI,TEPC,1584424800,173.609,173.609,0
10,6,AECI,TEPC,1585742400,130.078,130.078,0
10,6,AECI,TEPC,1587060000,171.413,149.147,1
10,6,AECI,TEPC,1588377600,183.269,157.765,1
10,6,AECI,TEPC,1589695200,158.058,158.058,0
10,6,AECI,TEPC,1591012800,151.782,151.782,0
10,6,AECI,TEPC,1592330400,159.195,159.195,0
10,6,AECI,TEPC,1593648000,220.635,187.798,1
10,6,AECI,TEPC,1594965600,212.398,178.469,1
10,6,AECI,TEPC,1596283200,180.832,180.832,0
10,6,AECI,TEPC,1597600800,236.872,205.228,1
10,6,AECI,TEPC,1598918400,180.384,180.384,0
10,6,AECI,TEPC,1600236000,244.086,206.444,1
10,6,AECI,TEPC,1601553600,182.573,182.573,0
10,6,AECI,TEPC,1602871200,178.75,178.75,0
10,6,AECI,TEPC,1604188800,259.98,223.947,1
10,6,AECI,TEPC,1605506400,230.28,208.412,1
10,6,AECI,TEPC,1606824000,197.878,200.233,1
10,6,AECI,TEPC,1608141600,194.483,194.483,0
10,1,BANC,CISO,1577836800,76.253,76.253,0
10,1,BANC,CISO,1579154400,81.548,81.548,0
10,1,BANC,CISO,1580472000,55.83,55.83,0
10,1,BANC,CISO,1581789600,52.267,52.267,0
10,1,BANC,CISO,1583107200,52.43,52.43,0
10,1,BANC,CISO,1584424800,83.316,83.316,0
10,1,BANC,CISO,1585742400,44.33,44.33,0
10,1,BANC,CISO,1587060000,33.313,33.313,0
10,1,BANC,CISO,1588377600,42.749,42.749,0
10,1,BANC,CISO,1589695200,42.187,42.187,0
10,1,BANC,CISO,1591012800,42.378,42.378,0
10,1,BANC,CISO,1592330400,40.383,40.383,0
10,1,BANC,CISO,1593648000,37.688,37.688,0
10,1,BANC,CISO,1594965600,55.204,55.204,0
10,1,BANC,CISO,1596283200,56.684,56.684,0
10,1,BANC,CISO,1597600800,78.197,78.197,0
10,1,BANC,CISO,1598918400,75.022,75.022,0
10,1,BANC,CISO,1600236000,80.174,80.174,0
10,1,BANC,CISO,1601553600,81.036,81.036,0
10,1,BANC,CISO,1602871200,74.249,74.249,0
10,1,BANC,CISO,1604188800,87.09,87.09,0
10,1,BANC,CISO,1605506400,93.475,93.475,0
10,1,BANC,CISO,1606824000,108.643,108.643,0
10,1,BANC,CISO,1608141600,91.972,91.972,0
10,2,BANC,CISO,1577836800,82.171,77.755,4
10,2,BANC,CISO,1579154400,90.186,83.236,4
10,2,BANC,CISO,1580472000,59.113,57.124,2
10,2,BANC,CISO,1581789600,56.535,53.687,5
10,2,BANC,CISO,1583107200,56.825,53.467,4
10,2,BANC,CISO,1584424800,93.556,85.416,4
10,2,BANC,CISO,1585742400,48.662,45.136,4
10,2,BANC,CISO,1587060000,35.392,33.965,3
10,2,BANC,CISO,1588377600,40.519,43.544,5
10,2,BANC,CISO,1589695200,39.995,43.181,4
10,2,BANC,CISO,1591012800,44.748,43.426,2
10,2,BANC,CISO,1592330400,42.663,41.117,6
10,2,BANC,CISO,1593648000,40.233,38.452,4
10,2,BANC,CISO,1594965600,58.779,56.286,4
10,2,BANC,CISO,1596283200,59.566,57.855,4
10,2,BANC,CISO,1597600800,82.122,79.796,2
10,2,BANC,CISO,1598918400,80.249,76.177,4
10,2,BANC,CISO,1600236000,87.229,82.008,4
10,2,BANC,CISO,1601553600,89.148,82.694,4
10,2,BANC,CISO,1602871200,79.799,75.808,5
10,2,BANC,CISO,1604188800,91.195,88.215,4
10,2,BANC,CISO,1605506400,106.45,97.995,7
10,2,BANC,CISO,1606824000,124.825,113.865,7
10,2,BANC,CISO,1608141600,103.01,95.082,7
10,3,BANC,CISO,1577836800,78.815,77.755,2
10,3,BANC,CISO,1579154400,81.548,81.548,0
10,3,BANC,CISO,1580472000,55.83,55.83,0
10,3,BANC,CISO,1581789600,53.791,53.687,1
10,3,BANC,CISO,1583107200,55.271,53.467,2
10,3,BANC,CISO,1584424800,83.316,83.316,0
10,3,BANC,CISO,1585742400,44.33,44.33,0
10,3,BANC,CISO,1587060000,34.224,33.965,1
10,3,BANC,CISO,1588377600,56.851,43.544,3
10,3,BANC,CISO,1589695200,45.287,43.181,2
10,3,BANC,CISO,1591012800,42.378,42.378,0
10,3,BANC,CISO,1592330400,42.077,41.117,2
10,3,BANC,CISO,1593648000,39.906,38.452,2
10,3,BANC,CISO,1594965600,55.204,55.204,0
10,3,BANC,CISO,1596283200,56.684,56.684,0
10,3,BANC,CISO,1597600800,78.197,78.197,0
10,3,BANC,CISO,1598918400,81.805,76.177,4
10,3,BANC,CISO,1600236000,80.174,80.174,0
10,3,BANC,CISO,1601553600,81.036,81.036,0
10,3,BANC,CISO,1602871200,76.39,75.808,1
10,3,BANC,CISO,1604188800,87.09,87.09,0
10,3,BANC,CISO,1605506400,121.301,95.731,3
10,3,BANC,CISO,1606824000,124.417,111.264,1
10,3,BANC,CISO,1608141600,94.839,93.461,3
10,4,BANC,CISO,1577836800,76.253,76.253,0
10,4,BANC,CISO,1579154400,81.548,81.548,0
10,4,BANC,CISO,1580472000,55.83,55.83,0
10,4,BANC,CISO,1581789600,52.267,52.267,0
10,4,BANC,CISO,1583107200,52.43,52.43,0
10,4,BANC,CISO,1584424800,83.316,83.316,0
10,4,BANC,CISO,1585742400,44.33,44.33,0
10,4,BANC,CISO,1587060000,33.313,33.313,0
10,4,BANC,CISO,1588377600,52.99,43.544,2
10,4,BANC,CISO,1589695200,46.561,43.181,1
10,4,BANC,CISO,1591012800,42.378,42.378,0
10,4,BANC,CISO,1592330400,40.383,40.383,0
10,4,BANC,CISO,1593648000,37.688,37.688,0
10,4,BANC,CISO,1594965600,55.204,55.204,0
10,4,BANC,CISO,1596283200,56.684,56.684,0
10,4,BANC,CISO,1597600800,78.197,78.197,0
10,4,BANC,CISO,1598918400,75.022,75.022,0
10,4,BANC,CISO,1600236000,80.174,80.174,0
10,4,BANC,CISO,1601553600,81.036,81.036,0
10,4,BANC,CISO,1602871200,74.249,74.249,0
10,4,BANC,CISO,1604188800,87.09,87.09,0
10,4,BANC,CISO,1605506400,113.903,95.731,1
10,4,BANC,CISO,1606824000,124.417,111.264,1
10,4,BANC,CISO,1608141600,100.84,93.461,2
10,5,BANC,CISO,1577836800,80.799,77.755,4
10,5,BANC,CISO,1579154400,88.701,83.236,4
10,5,BANC,CISO,1580472000,58.847,57.124,2
10,5,BANC,CISO,1581789600,54.201,53.687,5
10,5,BANC,CISO,1583107200,55.819,53.467,4
10,5,BANC,CISO,1584424800,91.297,85.416,4
10,5,BANC,CISO,1585742400,46.995,45.136,4
10,5,BANC,CISO,1587060000,35.202,33.965,3
10,5,BANC,CISO,1588377600,39.188,43.544,4
10,5,BANC,CISO,1589695200,39.448,43.181,4
10,5,BANC,CISO,1591012800,44.571,43.426,2
10,5,BANC,CISO,1592330400,41.568,41.117,6
10,5,BANC,CISO,1593648000,39.825,38.452,4
10,5,BANC,CISO,1594965600,58.224,56.286,4
10,5,BANC,CISO,1596283200,59.358,57.855,4
10,5,BANC,CISO,1597600800,81.452,79.796,2
10,5,BANC,CISO,1598918400,79.722,76.177,4
10,5,BANC,CISO,1600236000,86.682,82.008,4
10,5,BANC,CISO,1601553600,88.635,82.694,4
10,5,BANC,CISO,1602871200,78.826,75.808,3
10,5,BANC,CISO,1604188800,90.392,88.215,4
10,5,BANC,CISO,1605506400,105.241,97.995,7
10,5,BANC,CISO,1606824000,123.721,113.865,8
10,5,BANC,CISO,1608141600,100.566,95.082,7
10,6,BANC,CISO,1577836800,76.253,76.253,0
10,6,BANC,CISO,1579154400,81.548,81.548,0
10,6,BANC,CISO,1580472000,55.83,55.83,0
10,6,BANC,CISO,1581789600,52.267,52.267,0
10,6,BANC,CISO,1583107200,52.43,52.43,0
10,6,BANC,CISO,1584424800,83.316,83.316,0
10,6,BANC,CISO,1585742400,44.33,44.33,0
10,6,BANC,CISO,1587060000,33.313,33.313,0
10,6,BANC,CISO,1588377600,55.017,43.544,1
10,6,BANC,CISO,1589695200,43.823,43.181,2
10,6,BANC,CISO,1591012800,42.378,42.378,0
10,6,BANC,CISO,1592330400,40.383,40.383,0
10,6,BANC,CISO,1593648000,37.688,37.688,0
10,6,BANC,CISO,1594965600,55.204,55.204,0
10,6,BANC,CISO,1596283200,56.684,56.684,0
10,6,BANC,CISO,1597600800,78.197,78.197,0
10,6,BANC,CISO,1598918400,79.445,76.177,1
10,6,BANC,CISO,1600236000,80.174,80.174,0
10,6,BANC,CISO,1601553600,81.036,81.036,0
10,6,BANC,CISO,1602871200,74.249,74.249,0
10,6,BANC,CISO,1604188800,87.09,87.09,0
10,6,BANC,CISO,1605506400,121.718,95.731,1
10,6,BANC,CISO,1606824000,124.417,111.264,1
10,6,BANC,CISO,1608141600,91.972,91.972,0
10,1,CISO,BANC,1577836800,130.428,130.428,0
10,1,CISO,BANC,1579154400,140.472,140.472,0
10,1,CISO,BANC,1580472000,117.952,117.952,0
10,1,CISO,BANC,1581789600,103.569,103.569,0
10,1,CISO,BANC,1583107200,104.144,104.144,0
10,1,CISO,BANC,1584424800,135.48,135.48,0
10,1,CISO,BANC,1585742400,79.732,79.732,0
10,1,CISO,BANC,1587060000,80.679,80.679,0
10,1,CISO,BANC,1588377600,56.36,56.36,0
10,1,CISO,BANC,1589695200,62.849,62.849,0
10,1,CISO,BANC,1591012800,94.687,94.687,0
10,1,CISO,BANC,1592330400,66.377,66.377,0
10,1,CISO,BANC,1593648000,73.665,73.665,0
10,1,CISO,BANC,1594965600,90.516,90.516,0
10,1,CISO,BANC,1596283200,92.419,92.419,0
10,1,CISO,BANC,1597600800,127.384,127.384,0
10,1,CISO,BANC,1598918400,110.116,110.116,0
10,1,CISO,BANC,1600236000,126.99,126.99,0
10,1,CISO,BANC,1601553600,129.978,129.978,0
10,1,CISO,BANC,1602871200,142.021,142.021,0
10,1,CISO,BANC,1604188800,143.8,143.8,0
10,1,CISO,BANC,1605506400,123.623,123.623,0
10,1,CISO,BANC,1606824000,121.375,121.375,0
10,1,CISO,BANC,1608141600,120.762,120.762,0
10,2,CISO,BANC,1577836800,84.464,133.596,5
10,2,CISO,BANC,1579154400,92.642,143.954,5
10,2,CISO,BANC,1580472000,61.347,120.693,3
10,2,CISO,BANC,1581789600,56.426,104.847,4
10,2,CISO,BANC,1583107200,57.653,106.009,5
10,2,CISO,BANC,1584424800,95.667,138.572,5
10,2,CISO,BANC,1585742400,50.382,81.722,5
10,2,CISO,BANC,1587060000,35.28,81.482,2
10,2,CISO,BANC,1588377600,40.268,57.048,4
10,2,CISO,BANC,1589695200,41.297,64.365,5
10,2,CISO,BANC,1591012800,46.149,97.07,3
10,2,CISO,BANC,1592330400,42.244,67.397,5
10,2,CISO,BANC,1593648000,41.025,75.098,5
10,2,CISO,BANC,1594965600,60.295,92.803,5
10,2,CISO,BANC,1596283200,60.94,94.38,5
10,2,CISO,BANC,1597600800,82.339,129.72,1
10,2,CISO,BANC,1598918400,81.484,112.244,5
10,2,CISO,BANC,1600236000,88.947,129.943,5
10,2,CISO,BANC,1601553600,90.935,132.794,5
10,2,CISO,BANC,1602871200,80.031,143.701,4
10,2,CISO,BANC,1604188800,93.079,146.605,5
10,2,CISO,BANC,1605506400,108.634,129.055,8
10,2,CISO,BANC,1606824000,121.703,124.252,6
10,2,CISO,BANC,1608141600,103.946,124.225,8
10,3,CISO,BANC,1577836800,80.048,133.596,1
10,3,CISO,BANC,1579154400,85.693,143.954,1
10,3,CISO,BANC,1580472000,59.358,120.693,1
10,3,CISO,BANC,1581789600,54.159,104.847,2
10,3,CISO,BANC,1583107200,55.51,106.009,3
10,3,CISO,BANC,1584424800,87.527,138.572,1
10,3,CISO,BANC,1585742400,46.855,81.722,1
10,3,CISO,BANC,1587060000,34.404,81.482,2
10,3,CISO,BANC,1588377600,56.118,57.048,2
10,3,CISO,BANC,1589695200,45.508,64.365,3
10,3,CISO,BANC,1591012800,44.827,97.07,1
10,3,CISO,BANC,1592330400,41.929,67.397,3
10,3,CISO,BANC,1593648000,39.84,75.098,3
10,3,CISO,BANC,1594965600,57.801,92.803,1
10,3,CISO,BANC,1596283200,59.228,94.38,1
10,3,CISO,BANC,1597600800,80.645,129.72,1
10,3,CISO,BANC,1598918400,81.41,112.244,3
10,3,CISO,BANC,1600236000,83.726,129.943,1
10,3,CISO,BANC,1601553600,84.481,132.794,1
10,3,CISO,BANC,1602871200,77.734,143.701,2
10,3,CISO,BANC,1604188800,90.099,146.605,1
10,3,CISO,BANC,1605506400,122.376,126.344,2
10,3,CISO,BANC,1606824000,121.375,121.375,0
10,3,CISO,BANC,1608141600,95.172,122.495,2
10,4,CISO,BANC,1577836800,80.048,133.596,1
10,4,CISO,BANC,1579154400,85.693,143.954,1
10,4,CISO,BANC,1580472000,59.358,120.693,1
10,4,CISO,BANC,1581789600,54.055,104.847,1
10,4,CISO,BANC,1583107200,54.295,106.009,1
10,4,CISO,BANC,1584424800,87.527,138.572,1
10,4,CISO,BANC,1585742400,46.855,81.722,1
10,4,CISO,BANC,1587060000,34.145,81.482,1
10,4,CISO,BANC,1588377600,58.482,57.048,1
10,4,CISO,BANC,1589695200,47.863,64.365,2
10,4,CISO,BANC,1591012800,44.827,97.07,1
10,4,CISO,BANC,1592330400,40.969,67.397,1
10,4,CISO,BANC,1593648000,39.243,75.098,1
10,4,CISO,BANC,1594965600,57.801,92.803,1
10,4,CISO,BANC,1596283200,59.228,94.38,1
10,4,CISO,BANC,1597600800,80.645,129.72,1
10,4,CISO,BANC,1598918400,77.411,112.244,1
10,4,CISO,BANC,1600236000,83.726,129.943,1
10,4,CISO,BANC,1601553600,84.481,132.794,1
10,4,CISO,BANC,1602871200,76.696,143.701,1
10,4,CISO,BANC,1604188800,90.099,146.605,1
10,4,CISO,BANC,1605506400,116.088,126.344,2
10,4,CISO,BANC,1606824000,121.375,121.375,0
10,4,CISO,BANC,1608141600,101.173,122.495,1
10,5,CISO,BANC,1577836800,83.092,133.596,5
10,5,CISO,BANC,1579154400,91.158,143.954,5
10,5,CISO,BANC,1580472000,61.081,120.693,3
10,5,CISO,BANC,1581789600,54.092,104.847,4
10,5,CISO,BANC,1583107200,56.647,106.009,5
10,5,CISO,BANC,1584424800,93.408,138.572,5
10,5,CISO,BANC,1585742400,48.714,81.722,5
10,5,CISO,BANC,1587060000,35.091,81.482,2
10,5,CISO,BANC,1588377600,39.265,57.048,5
10,5,CISO,BANC,1589695200,40.75,64.365,5
10,5,CISO,BANC,1591012800,45.972,97.07,3
10,5,CISO,BANC,1592330400,41.149,67.397,5
10,5,CISO,BANC,1593648000,40.617,75.098,5
10,5,CISO,BANC,1594965600,59.739,92.803,5
10,5,CISO,BANC,1596283200,60.732,94.38,5
10,5,CISO,BANC,1597600800,81.669,129.72,1
10,5,CISO,BANC,1598918400,80.956,112.244,5
10,5,CISO,BANC,1600236000,88.4,129.943,5
10,5,CISO,BANC,1601553600,90.422,132.794,5
10,5,CISO,BANC,1602871200,79.715,143.701,4
10,5,CISO,BANC,1604188800,92.276,146.605,5
10,5,CISO,BANC,1605506400,107.426,129.055,8
10,5,CISO,BANC,1606824000,120.106,124.252,6
10,5,CISO,BANC,1608141600,99.17,122.495,6
10,6,CISO,BANC,1577836800,80.048,133.596,1
10,6,CISO,BANC,1579154400,85.693,143.954,1
10,6,CISO,BANC,1580472000,59.358,120.693,1
10,6,CISO,BANC,1581789600,54.055,104.847,1
10,6,CISO,BANC,1583107200,54.295,106.009,1
10,6,CISO,BANC,1584424800,87.527,138.572,1
10,6,CISO,BANC,1585742400,46.855,81.722,1
10,6,CISO,BANC,1587060000,34.145,81.482,1
10,6,CISO,BANC,1588377600,56.36,56.36,0
10,6,CISO,BANC,1589695200,45.125,64.365,3
10,6,CISO,BANC,1591012800,44.827,97.07,1
10,6,CISO,BANC,1592330400,40.969,67.397,1
10,6,CISO,BANC,1593648000,39.243,75.098,1
10,6,CISO,BANC,1594965600,57.801,92.803,1
10,6,CISO,BANC,1596283200,59.228,94.38,1
10,6,CISO,BANC,1597600800,80.645,129.72,1
10,6,CISO,BANC,1598918400,80.679,112.244,2
10,6,CISO,BANC,1600236000,83.726,129.943,1
10,6,CISO,BANC,1601553600,84.481,132.794,1
10,6,CISO,BANC,1602871200,76.696,143.701,1
10,6,CISO,BANC,1604188800,90.099,146.605,1
10,6,CISO,BANC,1605506400,123.623,123.623,0
10,6,CISO,BANC,1606824000,121.375,121.375,0
10,6,CISO,BANC,1608141600,100.288,122.495,1
10,1,EPE,AECI,1577836800,202.093,202.093,0
10,1,EPE,AECI,1579154400,207.289,207.289,0
10,1,EPE,AECI,1580472000,181.504,181.504,0
10,1,EPE,AECI,1581789600,175.974,175.974,0
10,1,EPE,AECI,1583107200,202.541,202.541,0
10,1,EPE,AECI,1584424800,204.307,204.307,0
10,1,EPE,AECI,1585742400,164.605,164.605,0
10,1,EPE,AECI,1587060000,171.684,171.684,0
10,1,EPE,AECI,1588377600,183.602,183.602,0
10,1,EPE,AECI,1589695200,189.282,189.282,0
10,1,EPE,AECI,1591012800,195.852,195.852,0
10,1,EPE,AECI,1592330400,195.157,195.157,0
10,1,EPE,AECI,1593648000,198.016,198.016,0
10,1,EPE,AECI,1594965600,209.436,209.436,0
10,1,EPE,AECI,1596283200,204.715,204.715,0
10,1,EPE,AECI,1597600800,214.763,214.763,0
10,1,EPE,AECI,1598918400,203.471,203.471,0
10,1,EPE,AECI,1600236000,199.728,199.728,0
10,1,EPE,AECI,1601553600,220.07,220.07,0
10,1,EPE,AECI,1602871200,223.978,223.978,0
10,1,EPE,AECI,1604188800,214.945,214.945,0
10,1,EPE,AECI,1605506400,203.959,203.959,0
10,1,EPE,AECI,1606824000,198.83,198.83,0
10,1,EPE,AECI,1608141600,215.454,215.454,0
10,2,EPE,AECI,1577836800,197.634,211.05,8
10,2,EPE,AECI,1579154400,208.559,211.801,2
10,2,EPE,AECI,1580472000,175.044,185.696,2
10,2,EPE,AECI,1581789600,175.974,175.974,0
10,2,EPE,AECI,1583107200,186.662,206.952,4
10,2,EPE,AECI,1584424800,195.619,212.501,7
10,2,EPE,AECI,1585742400,142.498,168.307,4
10,2,EPE,AECI,1587060000,160.136,174.728,4
10,2,EPE,AECI,1588377600,163.722,187.24,4
10,2,EPE,AECI,1589695200,181.49,198.114,7
10,2,EPE,AECI,1591012800,176.838,204.385,8
10,2,EPE,AECI,1592330400,179.257,199.038,6
10,2,EPE,AECI,1593648000,199.11,202.089,4
10,2,EPE,AECI,1594965600,194.159,214.068,5
10,2,EPE,AECI,1596283200,201.975,209.351,5
10,2,EPE,AECI,1597600800,218.452,218.69,2
10,2,EPE,AECI,1598918400,207.293,207.754,4
10,2,EPE,AECI,1600236000,199.728,199.728,0
10,2,EPE,AECI,1601553600,205.783,225.219,3
10,2,EPE,AECI,1602871200,195.969,228.349,4
10,2,EPE,AECI,1604188800,213.949,219.333,4
10,2,EPE,AECI,1605506400,204.656,208.386,1
10,2,EPE,AECI,1606824000,202.223,203.521,2
10,2,EPE,AECI,1608141600,217.683,223.802,8
10,3,EPE,AECI,1577836800,202.093,202.093,0
10,3,EPE,AECI,1579154400,207.289,207.289,0
10,3,EPE,AECI,1580472000,173.617,185.696,2
10,3,EPE,AECI,1581789600,175.974,175.974,0
10,3,EPE,AECI,1583107200,202.541,202.541,0
10,3,EPE,AECI,1584424800,201.308,208.54,1
10,3,EPE,AECI,1585742400,142.48,168.307,4
10,3,EPE,AECI,1587060000,171.684,171.684,0
10,3,EPE,AECI,1588377600,183.602,183.602,0
10,3,EPE,AECI,1589695200,191.844,193.609,1
10,3,EPE,AECI,1591012800,157.397,200.346,1
10,3,EPE,AECI,1592330400,167.299,199.038,2
10,3,EPE,AECI,1593648000,198.016,198.016,0
10,3,EPE,AECI,1594965600,205.223,214.068,3
10,3,EPE,AECI,1596283200,196.617,209.351,1
10,3,EPE,AECI,1597600800,214.763,214.763,0
10,3,EPE,AECI,1598918400,208.217,207.754,2
10,3,EPE,AECI,1600236000,199.728,199.728,0
10,3,EPE,AECI,1601553600,199.298,225.219,1
10,3,EPE,AECI,1602871200,188.665,228.349,2
10,3,EPE,AECI,1604188800,214.945,214.945,0
10,3,EPE,AECI,1605506400,202.306,208.386,1
10,3,EPE,AECI,1606824000,204.079,203.521,2
10,3,EPE,AECI,1608141600,220.168,219.654,2
10,4,EPE,AECI,1577836800,201.572,206.553,2
10,4,EPE,AECI,1579154400,207.289,207.289,0
10,4,EPE,AECI,1580472000,181.504,181.504,0
10,4,EPE,AECI,1581789600,175.974,175.974,0
10,4,EPE,AECI,1583107200,202.541,202.541,0
10,4,EPE,AECI,1584424800,204.307,204.307,0
10,4,EPE,AECI,1585742400,147.445,168.307,2
10,4,EPE,AECI,1587060000,166.095,174.728,3
10,4,EPE,AECI,1588377600,183.602,183.602,0
10,4,EPE,AECI,1589695200,180.414,193.609,3
10,4,EPE,AECI,1591012800,157.397,200.346,1
10,4,EPE,AECI,1592330400,171.174,199.038,1
10,4,EPE,AECI,1593648000,198.016,198.016,0
10,4,EPE,AECI,1594965600,209.436,209.436,0
10,4,EPE,AECI,1596283200,204.715,204.715,0
10,4,EPE,AECI,1597600800,214.763,214.763,0
10,4,EPE,AECI,1598918400,203.471,203.471,0
10,4,EPE,AECI,1600236000,199.728,199.728,0
10,4,EPE,AECI,1601553600,204.534,225.219,1
10,4,EPE,AECI,1602871200,193.381,228.349,2
10,4,EPE,AECI,1604188800,214.945,214.945,0
10,4,EPE,AECI,1605506400,203.959,203.959,0
10,4,EPE,AECI,1606824000,198.83,198.83,0
10,4,EPE,AECI,1608141600,215.454,215.454,0
10,5,EPE,AECI,1577836800,196.866,211.05,8
10,5,EPE,AECI,1579154400,208.032,211.801,2
10,5,EPE,AECI,1580472000,174.887,185.696,2
10,5,EPE,AECI,1581789600,175.974,175.974,0
10,5,EPE,AECI,1583107200,185.632,206.952,4
10,5,EPE,AECI,1584424800,195.185,212.501,7
10,5,EPE,AECI,1585742400,141.955,168.307,4
10,5,EPE,AECI,1587060000,159.995,174.728,5
10,5,EPE,AECI,1588377600,162.77,187.24,4
10,5,EPE,AECI,1589695200,180.298,198.114,7
10,5,EPE,AECI,1591012800,170.909,200.346,6
10,5,EPE,AECI,1592330400,177.823,199.038,6
10,5,EPE,AECI,1593648000,198.216,202.089,4
10,5,EPE,AECI,1594965600,193.091,214.068,5
10,5,EPE,AECI,1596283200,200.305,209.351,4
10,5,EPE,AECI,1597600800,218.076,218.69,2
10,5,EPE,AECI,1598918400,207.831,207.754,5
10,5,EPE,AECI,1600236000,204.013,204.188,1
10,5,EPE,AECI,1601553600,204.983,225.219,3
10,5,EPE,AECI,1602871200,195.462,228.349,4
10,5,EPE,AECI,1604188800,213.215,219.333,4
10,5,EPE,AECI,1605506400,203.798,208.386,1
10,5,EPE,AECI,1606824000,202.133,203.521,2
10,5,EPE,AECI,1608141600,217.828,223.802,9
10,6,EPE,AECI,1577836800,202.093,202.093,0
10,6,EPE,AECI,1579154400,207.289,207.289,0
10,6,EPE,AECI,1580472000,172.565,185.696,1
10,6,EPE,AECI,1581789600,175.974,175.974,0
10,6,EPE,AECI,1583107200,202.541,202.541,0
10,6,EPE,AECI,1584424800,204.307,204.307,0
10,6,EPE,AECI,1585742400,134.694,168.307,1
10,6,EPE,AECI,1587060000,171.684,171.684,0
10,6,EPE,AECI,1588377600,183.602,183.602,0
10,6,EPE,AECI,1589695200,189.282,189.282,0
10,6,EPE,AECI,1591012800,157.397,200.346,1
10,6,EPE,AECI,1592330400,163.527,199.038,1
10,6,EPE,AECI,1593648000,198.016,198.016,0
10,6,EPE,AECI,1594965600,209.436,209.436,0
10,6,EPE,AECI,1596283200,204.715,204.715,0
10,6,EPE,AECI,1597600800,214.763,214.763,0
10,6,EPE,AECI,1598918400,203.471,203.471,0
10,6,EPE,AECI,1600236000,199.728,199.728,0
10,6,EPE,AECI,1601553600,204.204,225.219,1
10,6,EPE,AECI,1602871200,183.673,228.349,1
10,6,EPE,AECI,1604188800,214.945,214.945,0
10,6,EPE,AECI,1605506400,203.959,203.959,0
10,6,EPE,AECI,1606824000,198.83,198.83,0
10,6,EPE,AECI,1608141600,215.454,215.454,0
10,1,EPE,PSCO,1577836800,202.093,202.093,0
10,1,EPE,PSCO,1579154400,207.289,207.289,0
10,1,EPE,PSCO,1580472000,181.504,181.504,0
10,1,EPE,PSCO,1581789600,175.974,175.974,0
10,1,EPE,PSCO,1583107200,202.541,202.541,0
10,1,EPE,PSCO,1584424800,204.307,204.307,0
10,1,EPE,PSCO,1585742400,164.605,164.605,0
10,1,EPE,PSCO,1587060000,171.684,171.684,0
10,1,EPE,PSCO,1588377600,183.602,183.602,0
10,1,EPE,PSCO,1589695200,189.282,189.282,0
10,1,EPE,PSCO,1591012800,195.852,195.852,0
10,1,EPE,PSCO,1592330400,195.157,195.157,0
10,1,EPE,PSCO,1593648000,198.016,198.016,0
10,1,EPE,PSCO,1594965600,209.436,209.436,0
10,1,EPE,PSCO,1596283200,204.715,204.715,0
10,1,EPE,PSCO,1597600800,214.763,214.763,0
10,1,EPE,PSCO,1598918400,203.471,203.471,0
10,1,EPE,PSCO,1600236000,199.728,199.728,0
10,1,EPE,PSCO,1601553600,220.07,220.07,0
10,1,EPE,PSCO,1602871200,223.978,223.978,0
10,1,EPE,PSCO,1604188800,214.945,214.945,0
10,1,EPE,PSCO,1605506400,203.959,203.959,0
10,1,EPE,PSCO,1606824000,198.83,198.83,0
10,1,EPE,PSCO,1608141600,215.454,215.454,0
10,2,EPE,PSCO,1577836800,198.117,206.553,4
10,2,EPE,PSCO,1579154400,175.774,211.801,5
10,2,EPE,PSCO,1580472000,177.323,189.855,9
10,2,EPE,PSCO,1581789600,180.992,179.278,5
10,2,EPE,PSCO,1583107200,198.857,206.952,5
10,2,EPE,PSCO,1584424800,208.439,208.54,6
10,2,EPE,PSCO,1585742400,165.237,168.307,2
10,2,EPE,PSCO,1587060000,174.513,174.728,2
10,2,EPE,PSCO,1588377600,185.959,191.138,7
10,2,EPE,PSCO,1589695200,169.612,193.609,3
10,2,EPE,PSCO,1591012800,203.601,200.346,4
10,2,EPE,PSCO,1592330400,180.075,199.038,3
10,2,EPE,PSCO,1593648000,182.415,202.089,5
10,2,EPE,PSCO,1594965600,206.368,214.068,5
10,2,EPE,PSCO,1596283200,196.124,209.351,5
10,2,EPE,PSCO,1597600800,192.541,218.69,4
10,2,EPE,PSCO,1598918400,207.214,207.754,2
10,2,EPE,PSCO,1600236000,176.192,204.188,5
10,2,EPE,PSCO,1601553600,203.288,230.255,7
10,2,EPE,PSCO,1602871200,207.004,228.349,6
10,2,EPE,PSCO,1604188800,217.344,219.333,6
10,2,EPE,PSCO,1605506400,197.776,208.386,5
10,2,EPE,PSCO,1606824000,152.12,203.521,1
10,2,EPE,PSCO,1608141600,177.158,219.654,1
10,3,EPE,PSCO,1577836800,208.146,206.553,4
10,3,EPE,PSCO,1579154400,172.824,211.801,1
10,3,EPE,PSCO,1580472000,170.696,185.696,1
10,3,EPE,PSCO,1581789600,179.101,179.278,1
10,3,EPE,PSCO,1583107200,200.525,206.952,1
10,3,EPE,PSCO,1584424800,208.85,208.54,2
10,3,EPE,PSCO,1585742400,164.605,164.605,0
10,3,EPE,PSCO,1587060000,171.684,171.684,0
10,3,EPE,PSCO,1588377600,183.602,183.602,0
10,3,EPE,PSCO,1589695200,177.476,193.609,1
10,3,EPE,PSCO,1591012800,195.852,195.852,0
10,3,EPE,PSCO,1592330400,184.347,199.038,1
10,3,EPE,PSCO,1593648000,185.015,202.089,3
10,3,EPE,PSCO,1594965600,212.592,214.068,1
10,3,EPE,PSCO,1596283200,205.198,209.351,1
10,3,EPE,PSCO,1597600800,192.759,218.69,2
10,3,EPE,PSCO,1598918400,203.471,203.471,0
10,3,EPE,PSCO,1600236000,178.712,204.188,1
10,3,EPE,PSCO,1601553600,200.652,225.219,1
10,3,EPE,PSCO,1602871200,209.191,228.349,2
10,3,EPE,PSCO,1604188800,214.945,214.945,0
10,3,EPE,PSCO,1605506400,206.757,208.386,3
10,3,EPE,PSCO,1606824000,152.12,203.521,1
10,3,EPE,PSCO,1608141600,177.158,219.654,1
10,4,EPE,PSCO,1577836800,202.237,206.553,2
10,4,EPE,PSCO,1579154400,172.824,211.801,1
10,4,EPE,PSCO,1580472000,170.696,185.696,1
10,4,EPE,PSCO,1581789600,175.974,175.974,0
10,4,EPE,PSCO,1583107200,198.125,206.952,1
10,4,EPE,PSCO,1584424800,204.307,204.307,0
10,4,EPE,PSCO,1585742400,164.605,164.605,0
10,4,EPE,PSCO,1587060000,171.684,171.684,0
10,4,EPE,PSCO,1588377600,188.773,187.24,3
10,4,EPE,PSCO,1589695200,174.927,193.609,1
10,4,EPE,PSCO,1591012800,195.852,195.852,0
10,4,EPE,PSCO,1592330400,188.492,199.038,2
10,4,EPE,PSCO,1593648000,184.884,202.089,1
10,4,EPE,PSCO,1594965600,209.436,209.436,0
10,4,EPE,PSCO,1596283200,195.959,209.351,1
10,4,EPE,PSCO,1597600800,195.171,218.69,2
10,4,EPE,PSCO,1598918400,218.786,207.754,1
10,4,EPE,PSCO,1600236000,178.712,204.188,1
10,4,EPE,PSCO,1601553600,200.652,225.219,1
10,4,EPE,PSCO,1602871200,210.028,228.349,1
10,4,EPE,PSCO,1604188800,214.945,214.945,0
10,4,EPE,PSCO,1605506400,208.044,208.386,1
10,4,EPE,PSCO,1606824000,152.12,203.521,1
10,4,EPE,PSCO,1608141600,177.158,219.654,1
10,5,EPE,PSCO,1577836800,197.029,206.553,4
10,5,EPE,PSCO,1579154400,173.886,211.801,5
10,5,EPE,PSCO,1580472000,176.575,189.855,9
10,5,EPE,PSCO,1581789600,180.931,179.278,6
10,5,EPE,PSCO,1583107200,197.644,206.952,5
10,5,EPE,PSCO,1584424800,207.511,208.54,6
10,5,EPE,PSCO,1585742400,164.097,168.307,2
10,5,EPE,PSCO,1587060000,174.104,174.728,2
10,5,EPE,PSCO,1588377600,184.667,191.138,7
10,5,EPE,PSCO,1589695200,169.112,193.609,3
10,5,EPE,PSCO,1591012800,201.452,200.346,2
10,5,EPE,PSCO,1592330400,179.474,199.038,4
10,5,EPE,PSCO,1593648000,181.72,202.089,5
10,5,EPE,PSCO,1594965600,205.597,214.068,5
10,5,EPE,PSCO,1596283200,195.693,209.351,5
10,5,EPE,PSCO,1597600800,192.084,218.69,4
10,5,EPE,PSCO,1598918400,206.971,207.754,2
10,5,EPE,PSCO,1600236000,175.299,204.188,5
10,5,EPE,PSCO,1601553600,201.442,230.255,7
10,5,EPE,PSCO,1602871200,206.143,228.349,6
10,5,EPE,PSCO,1604188800,221.248,223.743,7
10,5,EPE,PSCO,1605506400,197.281,208.386,5
10,5,EPE,PSCO,1606824000,152.12,203.521,1
10,5,EPE,PSCO,1608141600,177.158,219.654,1
10,6,EPE,PSCO,1577836800,201.779,206.553,1
10,6,EPE,PSCO,1579154400,172.824,211.801,1
10,6,EPE,PSCO,1580472000,170.696,185.696,1
10,6,EPE,PSCO,1581789600,175.974,175.974,0
10,6,EPE,PSCO,1583107200,200.525,206.952,1
10,6,EPE,PSCO,1584424800,204.307,204.307,0
10,6,EPE,PSCO,1585742400,164.605,164.605,0
10,6,EPE,PSCO,1587060000,171.684,171.684,0
10,6,EPE,PSCO,1588377600,183.602,183.602,0
10,6,EPE,PSCO,1589695200,177.476,193.609,1
10,6,EPE,PSCO,1591012800,195.852,195.852,0
10,6,EPE,PSCO,1592330400,184.347,199.038,1
10,6,EPE,PSCO,1593648000,184.884,202.089,1
10,6,EPE,PSCO,1594965600,209.436,209.436,0
10,6,EPE,PSCO,1596283200,204.447,209.351,1
10,6,EPE,PSCO,1597600800,194.544,218.69,1
10,6,EPE,PSCO,1598918400,203.471,203.471,0
10,6,EPE,PSCO,1600236000,178.712,204.188,1
10,6,EPE,PSCO,1601553600,200.652,225.219,1
10,6,EPE,PSCO,1602871200,210.028,228.349,1
10,6,EPE,PSCO,1604188800,214.945,214.945,0
10,6,EPE,PSCO,1605506400,203.157,208.386,1
10,6,EPE,PSCO,1606824000,152.12,203.521,1
10,6,EPE,PSCO,1608141600,177.158,219.654,1
10,1,PACE,AECI,1577836800,222.045,222.045,0
10,1,PACE,AECI,1579154400,234.433,234.433,0
10,1,PACE,AECI,1580472000,198.311,198.311,0
10,1,PACE,AECI,1581789600,196.827,196.827,0
10,1,PACE,AECI,1583107200,208.975,208.975,0
10,1,PACE,AECI,1584424800,252.452,252.452,0
10,1,PACE,AECI,1585742400,225.822,225.822,0
10,1,PACE,AECI,1587060000,224.401,224.401,0
10,1,PACE,AECI,1588377600,195.688,195.688,0
10,1,PACE,AECI,1589695200,218.514,218.514,0
10,1,PACE,AECI,1591012800,230.978,230.978,0
10,1,PACE,AECI,1592330400,200.767,200.767,0
10,1,PACE,AECI,1593648000,211.4,211.4,0
10,1,PACE,AECI,1594965600,197.864,197.864,0
10,1,PACE,AECI,1596283200,232.915,232.915,0
10,1,PACE,AECI,1597600800,252.895,252.895,0
10,1,PACE,AECI,1598918400,239.903,239.903,0
10,1,PACE,AECI,1600236000,257.912,257.912,0
10,1,PACE,AECI,1601553600,250.583,250.583,0
10,1,PACE,AECI,1602871200,211.548,211.548,0
10,1,PACE,AECI,1604188800,258.098,258.098,0
10,1,PACE,AECI,1605506400,230.758,230.758,0
10,1,PACE,AECI,1606824000,241.036,241.036,0
10,1,PACE,AECI,1608141600,221.431,221.431,0
10,2,PACE,AECI,1577836800,182.869,226.717,3
10,2,PACE,AECI,1579154400,208.281,244.419,7
10,2,PACE,AECI,1580472000,186.288,202.703,3
10,2,PACE,AECI,1581789600,196.615,200.732,2
10,2,PACE,AECI,1583107200,182.812,213.105,4
10,2,PACE,AECI,1584424800,184.737,258.582,3
10,2,PACE,AECI,1585742400,136.036,230.918,1
10,2,PACE,AECI,1587060000,154.998,228.312,3
10,2,PACE,AECI,1588377600,154.025,198.668,4
10,2,PACE,AECI,1589695200,173.958,223.55,5
10,2,PACE,AECI,1591012800,163.123,236.311,3
10,2,PACE,AECI,1592330400,161.862,205.289,3
10,2,PACE,AECI,1593648000,189.615,215.96,4
10,2,PACE,AECI,1594965600,193.88,208.244,7
10,2,PACE,AECI,1596283200,201.59,243.136,7
10,2,PACE,AECI,1597600800,231.933,262.641,11
10,2,PACE,AECI,1598918400,192.017,244.161,4
10,2,PACE,AECI,1600236000,226.284,263.157,5
10,2,PACE,AECI,1601553600,200.556,256.736,5
10,2,PACE,AECI,1602871200,185.326,215.177,4
10,2,PACE,AECI,1604188800,233.515,263.29,4
10,2,PACE,AECI,1605506400,221.043,235.265,3
10,2,PACE,AECI,1606824000,214.647,246.095,5
10,2,PACE,AECI,1608141600,221.29,231.251,7
10,3,PACE,AECI,1577836800,189.86,226.717,3
10,3,PACE,AECI,1579154400,212.88,239.487,3
10,3,PACE,AECI,1580472000,188.037,202.703,1
10,3,PACE,AECI,1581789600,196.827,196.827,0
10,3,PACE,AECI,1583107200,208.975,208.975,0
10,3,PACE,AECI,1584424800,180.048,258.582,1
10,3,PACE,AECI,1585742400,136.036,230.918,1
10,3,PACE,AECI,1587060000,151.296,228.312,1
10,3,PACE,AECI,1588377600,188.24,198.668,2
10,3,PACE,AECI,1589695200,167.627,223.55,3
10,3,PACE,AECI,1591012800,158.206,236.311,1
10,3,PACE,AECI,1592330400,162.576,205.289,1
10,3,PACE,AECI,1593648000,211.4,211.4,0
10,3,PACE,AECI,1594965600,189.347,203.144,1
10,3,PACE,AECI,1596283200,187.044,238.256,1
10,3,PACE,AECI,1597600800,219.539,257.798,4
10,3,PACE,AECI,1598918400,194.386,244.161,4
10,3,PACE,AECI,1600236000,222.409,263.157,3
10,3,PACE,AECI,1601553600,189.66,256.736,1
10,3,PACE,AECI,1602871200,199.199,215.177,6
10,3,PACE,AECI,1604188800,250.158,263.29,2
10,3,PACE,AECI,1605506400,224.157,235.265,1
10,3,PACE,AECI,1606824000,220.811,246.095,5
10,3,PACE,AECI,1608141600,207.36,226.347,1
10,4,PACE,AECI,1577836800,176.486,226.717,1
10,4,PACE,AECI,1579154400,211.768,239.487,2
10,4,PACE,AECI,1580472000,188.586,202.703,1
10,4,PACE,AECI,1581789600,197.781,200.732,1
10,4,PACE,AECI,1583107200,200.569,213.105,2
10,4,PACE,AECI,1584424800,180.048,258.582,1
10,4,PACE,AECI,1585742400,136.036,230.918,1
10,4,PACE,AECI,1587060000,151.296,228.312,1
10,4,PACE,AECI,1588377600,170.447,198.668,3
10,4,PACE,AECI,1589695200,164.654,223.55,1
10,4,PACE,AECI,1591012800,158.206,236.311,1
10,4,PACE,AECI,1592330400,180.01,205.289,1
10,4,PACE,AECI,1593648000,214.469,215.96,1
10,4,PACE,AECI,1594965600,187.151,203.144,2
10,4,PACE,AECI,1596283200,187.044,238.256,1
10,4,PACE,AECI,1597600800,218.723,257.798,2
10,4,PACE,AECI,1598918400,185.797,244.161,1
10,4,PACE,AECI,1600236000,209.334,263.157,1
10,4,PACE,AECI,1601553600,189.66,256.736,1
10,4,PACE,AECI,1602871200,211.548,211.548,0
10,4,PACE,AECI,1604188800,241.031,263.29,1
10,4,PACE,AECI,1605506400,225.438,235.265,1
10,4,PACE,AECI,1606824000,227.424,246.095,2
10,4,PACE,AECI,1608141600,210.423,226.347,2
10,5,PACE,AECI,1577836800,181.571,226.717,3
10,5,PACE,AECI,1579154400,207.716,244.419,7
10,5,PACE,AECI,1580472000,185.26,202.703,4
10,5,PACE,AECI,1581789600,196.086,200.732,2
10,5,PACE,AECI,1583107200,183.229,213.105,4
10,5,PACE,AECI,1584424800,183.913,258.582,3
10,5,PACE,AECI,1585742400,136.036,230.918,1
10,5,PACE,AECI,1587060000,154.651,228.312,3
10,5,PACE,AECI,1588377600,153.571,198.668,4
10,5,PACE,AECI,1589695200,172.46,223.55,5
10,5,PACE,AECI,1591012800,162.624,236.311,3
10,5,PACE,AECI,1592330400,159.604,205.289,3
10,5,PACE,AECI,1593648000,188.137,215.96,4
10,5,PACE,AECI,1594965600,191.936,208.244,7
10,5,PACE,AECI,1596283200,201.545,243.136,8
10,5,PACE,AECI,1597600800,230.197,262.641,11
10,5,PACE,AECI,1598918400,193.29,244.161,5
10,5,PACE,AECI,1600236000,225.032,263.157,5
10,5,PACE,AECI,1601553600,199.237,256.736,5
10,5,PACE,AECI,1602871200,184.268,215.177,4
10,5,PACE,AECI,1604188800,233.528,263.29,5
10,5,PACE,AECI,1605506400,219.466,235.265,3
10,5,PACE,AECI,1606824000,214.546,246.095,6
10,5,PACE,AECI,1608141600,219.845,231.251,7
10,6,PACE,AECI,1577836800,176.486,226.717,1
10,6,PACE,AECI,1579154400,191.653,239.487,1
10,6,PACE,AECI,1580472000,186.696,202.703,1
10,6,PACE,AECI,1581789600,196.827,196.827,0
10,6,PACE,AECI,1583107200,208.975,208.975,0
10,6,PACE,AECI,1584424800,180.048,258.582,1
10,6,PACE,AECI,1585742400,136.036,230.918,1
10,6,PACE,AECI,1587060000,151.296,228.312,1
10,6,PACE,AECI,1588377600,184.309,198.668,2
10,6,PACE,AECI,1589695200,164.654,223.55,1
10,6,PACE,AECI,1591012800,158.206,236.311,1
10,6,PACE,AECI,1592330400,162.576,205.289,1
10,6,PACE,AECI,1593648000,211.4,211.4,0
10,6,PACE,AECI,1594965600,197.864,197.864,0
10,6,PACE,AECI,1596283200,187.044,238.256,1
10,6,PACE,AECI,1597600800,207.027,257.798,1
10,6,PACE,AECI,1598918400,185.797,244.161,1
10,6,PACE,AECI,1600236000,209.334,263.157,1
10,6,PACE,AECI,1601553600,189.66,256.736,1
10,6,PACE,AECI,1602871200,196.365,215.177,1
10,6,PACE,AECI,1604188800,258.098,258.098,0
10,6,PACE,AECI,1605506400,230.758,230.758,0
10,6,PACE,AECI,1606824000,241.036,241.036,0
10,6,PACE,AECI,1608141600,221.431,221.431,0
10,1,PACE,PSCO,1577836800,222.045,222.045,0
10,1,PACE,PSCO,1579154400,234.433,234.433,0
10,1,PACE,PSCO,1580472000,198.311,198.311,0
10,1,PACE,PSCO,1581789600,196.827,196.827,0
10,1,PACE,PSCO,1583107200,208.975,208.975,0
10,1,PACE,PSCO,1584424800,252.452,252.452,0
10,1,PACE,PSCO,1585742400,225.822,225.822,0
10,1,PACE,PSCO,1587060000,224.401,224.401,0
10,1,PACE,PSCO,1588377600,195.688,195.688,0
10,1,PACE,PSCO,1589695200,218.514,218.514,0
10,1,PACE,PSCO,1591012800,230.978,230.978,0
10,1,PACE,PSCO,1592330400,200.767,200.767,0
10,1,PACE,PSCO,1593648000,211.4,211.4,0
10,1,PACE,PSCO,1594965600,197.864,197.864,0
10,1,PACE,PSCO,1596283200,232.915,232.915,0
10,1,PACE,PSCO,1597600800,252.895,252.895,0
10,1,PACE,PSCO,1598918400,239.903,239.903,0
10,1,PACE,PSCO,1600236000,257.912,257.912,0
10,1,PACE,PSCO,1601553600,250.583,250.583,0
10,1,PACE,PSCO,1602871200,211.548,211.548,0
10,1,PACE,PSCO,1604188800,258.098,258.098,0
10,1,PACE,PSCO,1605506400,230.758,230.758,0
10,1,PACE,PSCO,1606824000,241.036,241.036,0
10,1,PACE,PSCO,1608141600,221.431,221.431,0
10,2,PACE,PSCO,1577836800,210.196,226.717,6
10,2,PACE,PSCO,1579154400,182.62,244.419,7
10,2,PACE,PSCO,1580472000,172.929,202.703,5
10,2,PACE,PSCO,1581789600,193.58,200.732,5
10,2,PACE,PSCO,1583107200,207.942,217.474,9
10,2,PACE,PSCO,1584424800,229.001,258.582,3
10,2,PACE,PSCO,1585742400,202.248,230.918,5
10,2,PACE,PSCO,1587060000,218.835,232.124,8
10,2,PACE,PSCO,1588377600,177.681,198.668,6
10,2,PACE,PSCO,1589695200,175.908,223.55,3
10,2,PACE,PSCO,1591012800,220.587,236.311,3
10,2,PACE,PSCO,1592330400,168.655,205.289,3
10,2,PACE,PSCO,1593648000,178.875,215.96,5
10,2,PACE,PSCO,1594965600,206.527,208.244,9
10,2,PACE,PSCO,1596283200,205.981,238.256,5
10,2,PACE,PSCO,1597600800,195.481,257.798,1
10,2,PACE,PSCO,1598918400,237.378,244.161,6
10,2,PACE,PSCO,1600236000,180.339,263.157,1
10,2,PACE,PSCO,1601553600,204.739,256.736,5
10,2,PACE,PSCO,1602871200,197.237,215.177,4
10,2,PACE,PSCO,1604188800,232.952,263.29,3
10,2,PACE,PSCO,1605506400,207.45,235.265,5
10,2,PACE,PSCO,1606824000,153.497,246.095,1
10,2,PACE,PSCO,1608141600,177.485,226.347,1
10,3,PACE,PSCO,1577836800,207.593,226.717,2
10,3,PACE,PSCO,1579154400,174.325,239.487,1
10,3,PACE,PSCO,1580472000,170.941,202.703,1
10,3,PACE,PSCO,1581789600,199.22,200.732,1
10,3,PACE,PSCO,1583107200,201.844,213.105,3
10,3,PACE,PSCO,1584424800,226.537,258.582,1
10,3,PACE,PSCO,1585742400,202.21,230.918,1
10,3,PACE,PSCO,1587060000,216.437,228.312,2
10,3,PACE,PSCO,1588377600,187.0,198.668,2
10,3,PACE,PSCO,1589695200,178.638,223.55,1
10,3,PACE,PSCO,1591012800,227.225,236.311,1
10,3,PACE,PSCO,1592330400,184.08,205.289,1
10,3,PACE,PSCO,1593648000,184.913,215.96,3
10,3,PACE,PSCO,1594965600,200.913,203.144,1
10,3,PACE,PSCO,1596283200,206.171,238.256,1
10,3,PACE,PSCO,1597600800,195.481,257.798,1
10,3,PACE,PSCO,1598918400,240.87,244.161,2
10,3,PACE,PSCO,1600236000,180.339,263.157,1
10,3,PACE,PSCO,1601553600,202.059,256.736,1
10,3,PACE,PSCO,1602871200,206.987,215.177,4
10,3,PACE,PSCO,1604188800,232.593,263.29,1
10,3,PACE,PSCO,1605506400,207.708,235.265,1
10,3,PACE,PSCO,1606824000,153.497,246.095,1
10,3,PACE,PSCO,1608141600,177.485,226.347,1
10,4,PACE,PSCO,1577836800,207.809,226.717,1
10,4,PACE,PSCO,1579154400,174.325,239.487,1
10,4,PACE,PSCO,1580472000,170.941,202.703,1
10,4,PACE,PSCO,1581789600,195.928,200.732,1
10,4,PACE,PSCO,1583107200,202.057,213.105,1
10,4,PACE,PSCO,1584424800,226.537,258.582,1
10,4,PACE,PSCO,1585742400,202.21,230.918,1
10,4,PACE,PSCO,1587060000,216.612,228.312,1
10,4,PACE,PSCO,1588377600,193.928,198.668,3
10,4,PACE,PSCO,1589695200,178.638,223.55,1
10,4,PACE,PSCO,1591012800,224.94,236.311,1
10,4,PACE,PSCO,1592330400,196.458,205.289,3
10,4,PACE,PSCO,1593648000,184.133,215.96,1
10,4,PACE,PSCO,1594965600,199.592,203.144,1
10,4,PACE,PSCO,1596283200,206.171,238.256,1
10,4,PACE,PSCO,1597600800,195.481,257.798,1
10,4,PACE,PSCO,1598918400,241.954,244.161,3
10,4,PACE,PSCO,1600236000,180.339,263.157,1
10,4,PACE,PSCO,1601553600,202.059,256.736,1
10,4,PACE,PSCO,1602871200,210.459,215.177,3
10,4,PACE,PSCO,1604188800,232.593,263.29,1
10,4,PACE,PSCO,1605506400,207.708,235.265,1
10,4,PACE,PSCO,1606824000,153.497,246.095,1
10,4,PACE,PSCO,1608141600,177.485,226.347,1
10,5,PACE,PSCO,1577836800,208.78,226.717,6
10,5,PACE,PSCO,1579154400,181.169,244.419,7
10,5,PACE,PSCO,1580472000,171.896,202.703,5
10,5,PACE,PSCO,1581789600,192.592,200.732,5
10,5,PACE,PSCO,1583107200,206.114,217.474,9
10,5,PACE,PSCO,1584424800,228.173,258.582,3
10,5,PACE,PSCO,1585742400,200.477,230.918,5
10,5,PACE,PSCO,1587060000,217.303,232.124,8
10,5,PACE,PSCO,1588377600,180.259,202.184,7
10,5,PACE,PSCO,1589695200,174.81,223.55,3
10,5,PACE,PSCO,1591012800,220.292,236.311,3
10,5,PACE,PSCO,1592330400,167.715,205.289,3
10,5,PACE,PSCO,1593648000,177.628,215.96,5
10,5,PACE,PSCO,1594965600,204.8,208.244,9
10,5,PACE,PSCO,1596283200,205.484,238.256,5
10,5,PACE,PSCO,1597600800,195.481,257.798,1
10,5,PACE,PSCO,1598918400,241.745,248.814,7
10,5,PACE,PSCO,1600236000,180.339,263.157,1
10,5,PACE,PSCO,1601553600,203.328,256.736,5
10,5,PACE,PSCO,1602871200,196.37,215.177,4
10,5,PACE,PSCO,1604188800,232.646,263.29,3
10,5,PACE,PSCO,1605506400,206.647,235.265,5
10,5,PACE,PSCO,1606824000,153.497,246.095,1
10,5,PACE,PSCO,1608141600,177.485,226.347,1
10,6,PACE,PSCO,1577836800,207.809,226.717,1
10,6,PACE,PSCO,1579154400,174.325,239.487,1
10,6,PACE,PSCO,1580472000,170.941,202.703,1
10,6,PACE,PSCO,1581789600,195.928,200.732,1
10,6,PACE,PSCO,1583107200,202.057,213.105,1
10,6,PACE,PSCO,1584424800,226.537,258.582,1
10,6,PACE,PSCO,1585742400,202.21,230.918,1
10,6,PACE,PSCO,1587060000,216.612,228.312,1
10,6,PACE,PSCO,1588377600,185.618,198.668,2
10,6,PACE,PSCO,1589695200,178.638,223.55,1
10,6,PACE,PSCO,1591012800,227.225,236.311,1
10,6,PACE,PSCO,1592330400,184.08,205.289,1
10,6,PACE,PSCO,1593648000,184.133,215.96,1
10,6,PACE,PSCO,1594965600,197.864,197.864,0
10,6,PACE,PSCO,1596283200,206.171,238.256,1
10,6,PACE,PSCO,1597600800,195.481,257.798,1
10,6,PACE,PSCO,1598918400,239.903,239.903,0
10,6,PACE,PSCO,1600236000,180.339,263.157,1
10,6,PACE,PSCO,1601553600,202.059,256.736,1
10,6,PACE,PSCO,1602871200,203.417,215.177,2
10,6,PACE,PSCO,1604188800,232.593,263.29,1
10,6,PACE,PSCO,1605506400,207.708,235.265,1
10,6,PACE,PSCO,1606824000,153.497,246.095,1
10,6,PACE,PSCO,1608141600,177.485,226.347,1
10,1,PSCO,EPE,1577836800,201.806,201.806,0
10,1,PSCO,EPE,1579154400,168.095,168.095,0
10,1,PSCO,EPE,1580472000,165.819,165.819,0
10,1,PSCO,EPE,1581789600,208.599,208.599,0
10,1,PSCO,EPE,1583107200,195.56,195.56,0
10,1,PSCO,EPE,1584424800,221.046,221.046,0
10,1,PSCO,EPE,1585742400,196.694,196.694,0
10,1,PSCO,EPE,1587060000,211.329,211.329,0
10,1,PSCO,EPE,1588377600,184.057,184.057,0
10,1,PSCO,EPE,1589695200,174.63,174.63,0
10,1,PSCO,EPE,1591012800,220.905,220.905,0
10,1,PSCO,EPE,1592330400,179.992,179.992,0
10,1,PSCO,EPE,1593648000,180.132,180.132,0
10,1,PSCO,EPE,1594965600,212.921,212.921,0
10,1,PSCO,EPE,1596283200,202.105,202.105,0
10,1,PSCO,EPE,1597600800,189.709,189.709,0
10,1,PSCO,EPE,1598918400,234.795,234.795,0
10,1,PSCO,EPE,1600236000,174.02,174.02,0
10,1,PSCO,EPE,1601553600,195.176,195.176,0
10,1,PSCO,EPE,1602871200,202.804,202.804,0
10,1,PSCO,EPE,1604188800,225.924,225.924,0
10,1,PSCO,EPE,1605506400,203.332,203.332,0
10,1,PSCO,EPE,1606824000,147.36,147.36,0
10,1,PSCO,EPE,1608141600,172.796,172.796,0
10,2,PSCO,EPE,1577836800,198.833,206.834,5
10,2,PSCO,EPE,1579154400,174.348,171.399,4
10,2,PSCO,EPE,1580472000,175.923,172.775,8
10,2,PSCO,EPE,1581789600,183.017,211.871,6
10,2,PSCO,EPE,1583107200,197.699,199.368,4
10,2,PSCO,EPE,1584424800,214.387,229.727,7
10,2,PSCO,EPE,1585742400,167.205,201.473,3
10,2,PSCO,EPE,1587060000,176.627,215.845,3
10,2,PSCO,EPE,1588377600,182.077,187.407,6
10,2,PSCO,EPE,1589695200,171.004,177.256,4
10,2,PSCO,EPE,1591012800,202.786,225.601,3
10,2,PSCO,EPE,1592330400,179.345,183.617,2
10,2,PSCO,EPE,1593648000,181.191,183.66,4
10,2,PSCO,EPE,1594965600,205.017,216.392,4
10,2,PSCO,EPE,1596283200,197.736,205.15,6
10,2,PSCO,EPE,1597600800,193.774,194.312,5
10,2,PSCO,EPE,1598918400,205.631,239.606,1
10,2,PSCO,EPE,1600236000,174.675,177.195,4
10,2,PSCO,EPE,1601553600,197.915,198.739,6
10,2,PSCO,EPE,1602871200,205.097,208.122,5
10,2,PSCO,EPE,1604188800,216.186,230.317,5
10,2,PSCO,EPE,1605506400,196.912,206.391,4
10,2,PSCO,EPE,1606824000,147.36,147.36,0
10,2,PSCO,EPE,1608141600,172.796,172.796,0
10,3,PSCO,EPE,1577836800,205.983,206.834,1
10,3,PSCO,EPE,1579154400,168.095,168.095,0
10,3,PSCO,EPE,1580472000,165.819,165.819,0
10,3,PSCO,EPE,1581789600,181.125,211.871,2
10,3,PSCO,EPE,1583107200,195.56,195.56,0
10,3,PSCO,EPE,1584424800,210.836,225.4,3
10,3,PSCO,EPE,1585742400,170.276,201.473,1
10,3,PSCO,EPE,1587060000,176.842,215.845,1
10,3,PSCO,EPE,1588377600,188.372,187.407,2
10,3,PSCO,EPE,1589695200,174.63,174.63,0
10,3,PSCO,EPE,1591012800,201.078,225.601,1
10,3,PSCO,EPE,1592330400,179.992,179.992,0
10,3,PSCO,EPE,1593648000,184.232,183.66,2
10,3,PSCO,EPE,1594965600,213.342,216.392,2
10,3,PSCO,EPE,1596283200,202.105,202.105,0
10,3,PSCO,EPE,1597600800,192.527,194.312,1
10,3,PSCO,EPE,1598918400,207.378,239.606,1
10,3,PSCO,EPE,1600236000,174.02,174.02,0
10,3,PSCO,EPE,1601553600,195.176,195.176,0
10,3,PSCO,EPE,1602871200,205.966,208.122,1
10,3,PSCO,EPE,1604188800,219.69,230.317,1
10,3,PSCO,EPE,1605506400,207.597,206.391,4
10,3,PSCO,EPE,1606824000,147.36,147.36,0
10,3,PSCO,EPE,1608141600,172.796,172.796,0
10,4,PSCO,EPE,1577836800,202.953,206.834,3
10,4,PSCO,EPE,1579154400,168.095,168.095,0
10,4,PSCO,EPE,1580472000,165.819,165.819,0
10,4,PSCO,EPE,1581789600,181.302,211.871,1
10,4,PSCO,EPE,1583107200,196.233,199.368,2
10,4,PSCO,EPE,1584424800,210.526,225.4,1
10,4,PSCO,EPE,1585742400,170.276,201.473,1
10,4,PSCO,EPE,1587060000,176.842,215.845,1
10,4,PSCO,EPE,1588377600,185.995,187.407,2
10,4,PSCO,EPE,1589695200,176.318,177.256,2
10,4,PSCO,EPE,1591012800,201.078,225.601,1
10,4,PSCO,EPE,1592330400,187.762,183.617,1
10,4,PSCO,EPE,1593648000,180.132,180.132,0
10,4,PSCO,EPE,1594965600,210.057,216.392,1
10,4,PSCO,EPE,1596283200,197.571,205.15,2
10,4,PSCO,EPE,1597600800,194.939,194.312,1
10,4,PSCO,EPE,1598918400,218.41,239.606,2
10,4,PSCO,EPE,1600236000,174.02,174.02,0
10,4,PSCO,EPE,1601553600,195.176,195.176,0
10,4,PSCO,EPE,1602871200,202.804,202.804,0
10,4,PSCO,EPE,1604188800,219.94,230.317,1
10,4,PSCO,EPE,1605506400,203.332,203.332,0
10,4,PSCO,EPE,1606824000,147.36,147.36,0
10,4,PSCO,EPE,1608141600,172.796,172.796,0
10,5,PSCO,EPE,1577836800,197.746,206.834,5
10,5,PSCO,EPE,1579154400,172.461,171.399,4
10,5,PSCO,EPE,1580472000,175.175,172.775,8
10,5,PSCO,EPE,1581789600,186.199,215.208,7
10,5,PSCO,EPE,1583107200,196.487,199.368,4
10,5,PSCO,EPE,1584424800,213.459,229.727,7
10,5,PSCO,EPE,1585742400,166.065,201.473,3
10,5,PSCO,EPE,1587060000,176.218,215.845,3
10,5,PSCO,EPE,1588377600,180.785,187.407,6
10,5,PSCO,EPE,1589695200,170.504,177.256,4
10,5,PSCO,EPE,1591012800,202.184,225.601,3
10,5,PSCO,EPE,1592330400,178.744,183.617,3
10,5,PSCO,EPE,1593648000,180.496,183.66,4
10,5,PSCO,EPE,1594965600,204.246,216.392,4
10,5,PSCO,EPE,1596283200,197.305,205.15,6
10,5,PSCO,EPE,1597600800,193.316,194.312,5
10,5,PSCO,EPE,1598918400,205.388,239.606,1
10,5,PSCO,EPE,1600236000,173.782,177.195,4
10,5,PSCO,EPE,1601553600,196.069,198.739,6
10,5,PSCO,EPE,1602871200,204.236,208.122,5
10,5,PSCO,EPE,1604188800,215.832,230.317,6
10,5,PSCO,EPE,1605506400,196.417,206.391,4
10,5,PSCO,EPE,1606824000,147.36,147.36,0
10,5,PSCO,EPE,1608141600,172.796,172.796,0
10,6,PSCO,EPE,1577836800,201.806,201.806,0
10,6,PSCO,EPE,1579154400,168.095,168.095,0
10,6,PSCO,EPE,1580472000,165.819,165.819,0
10,6,PSCO,EPE,1581789600,181.302,211.871,1
10,6,PSCO,EPE,1583107200,195.56,195.56,0
10,6,PSCO,EPE,1584424800,210.526,225.4,1
10,6,PSCO,EPE,1585742400,170.276,201.473,1
10,6,PSCO,EPE,1587060000,176.842,215.845,1
10,6,PSCO,EPE,1588377600,184.026,187.407,1
10,6,PSCO,EPE,1589695200,174.63,174.63,0
10,6,PSCO,EPE,1591012800,201.078,225.601,1
10,6,PSCO,EPE,1592330400,179.992,179.992,0
10,6,PSCO,EPE,1593648000,180.132,180.132,0
10,6,PSCO,EPE,1594965600,212.369,216.392,1
10,6,PSCO,EPE,1596283200,202.105,202.105,0
10,6,PSCO,EPE,1597600800,189.709,189.709,0
10,6,PSCO,EPE,1598918400,207.378,239.606,1
10,6,PSCO,EPE,1600236000,174.02,174.02,0
10,6,PSCO,EPE,1601553600,195.176,195.176,0
10,6,PSCO,EPE,1602871200,202.804,202.804,0
10,6,PSCO,EPE,1604188800,219.69,230.317,1
10,6,PSCO,EPE,1605506400,203.332,203.332,0
10,6,PSCO,EPE,1606824000,147.36,147.36,0
10,6,PSCO,EPE,1608141600,172.796,172.796,0
10,1,PSCO,PACE,1577836800,201.806,201.806,0
10,1,PSCO,PACE,1579154400,168.095,168.095,0
10,1,PSCO,PACE,1580472000,165.819,165.819,0
10,1,PSCO,PACE,1581789600,208.599,208.599,0
10,1,PSCO,PACE,1583107200,195.56,195.56,0
10,1,PSCO,PACE,1584424800,221.046,221.046,0
10,1,PSCO,PACE,1585742400,196.694,196.694,0
10,1,PSCO,PACE,1587060000,211.329,211.329,0
10,1,PSCO,PACE,1588377600,184.057,184.057,0
10,1,PSCO,PACE,1589695200,174.63,174.63,0
10,1,PSCO,PACE,1591012800,220.905,220.905,0
10,1,PSCO,PACE,1592330400,179.992,179.992,0
10,1,PSCO,PACE,1593648000,180.132,180.132,0
10,1,PSCO,PACE,1594965600,212.921,212.921,0
10,1,PSCO,PACE,1596283200,202.105,202.105,0
10,1,PSCO,PACE,1597600800,189.709,189.709,0
10,1,PSCO,PACE,1598918400,234.795,234.795,0
10,1,PSCO,PACE,1600236000,174.02,174.02,0
10,1,PSCO,PACE,1601553600,195.176,195.176,0
10,1,PSCO,PACE,1602871200,202.804,202.804,0
10,1,PSCO,PACE,1604188800,225.924,225.924,0
10,1,PSCO,PACE,1605506400,203.332,203.332,0
10,1,PSCO,PACE,1606824000,147.36,147.36,0
10,1,PSCO,PACE,1608141600,172.796,172.796,0
10,2,PSCO,PACE,1577836800,209.221,206.834,5
10,2,PSCO,PACE,1579154400,176.425,171.399,6
10,2,PSCO,PACE,1580472000,171.283,169.296,4
10,2,PSCO,PACE,1581789600,195.334,211.871,6
10,2,PSCO,PACE,1583107200,205.253,202.871,8
10,2,PSCO,PACE,1584424800,227.863,225.4,2
10,2,PSCO,PACE,1585742400,203.066,201.473,6
10,2,PSCO,PACE,1587060000,218.068,220.262,7
10,2,PSCO,PACE,1588377600,175.972,187.407,5
10,2,PSCO,PACE,1589695200,174.526,177.256,2
10,2,PSCO,PACE,1591012800,218.963,225.601,2
10,2,PSCO,PACE,1592330400,169.398,183.617,4
10,2,PSCO,PACE,1593648000,179.587,183.66,6
10,2,PSCO,PACE,1594965600,205.802,220.093,8
10,2,PSCO,PACE,1596283200,204.961,205.15,4
10,2,PSCO,PACE,1597600800,189.709,189.709,0
10,2,PSCO,PACE,1598918400,234.817,239.606,5
10,2,PSCO,PACE,1600236000,174.02,174.02,0
10,2,PSCO,PACE,1601553600,201.419,198.739,4
10,2,PSCO,PACE,1602871200,195.748,208.122,3
10,2,PSCO,PACE,1604188800,230.676,230.317,2
10,2,PSCO,PACE,1605506400,206.133,206.391,4
10,2,PSCO,PACE,1606824000,147.36,147.36,0
10,2,PSCO,PACE,1608141600,172.796,172.796,0
10,3,PSCO,PACE,1577836800,206.247,206.834,1
10,3,PSCO,PACE,1579154400,168.095,168.095,0
10,3,PSCO,PACE,1580472000,165.819,165.819,0
10,3,PSCO,PACE,1581789600,201.736,211.871,2
10,3,PSCO,PACE,1583107200,199.739,199.368,2
10,3,PSCO,PACE,1584424800,221.046,221.046,0
10,3,PSCO,PACE,1585742400,196.694,196.694,0
10,3,PSCO,PACE,1587060000,215.309,215.845,1
10,3,PSCO,PACE,1588377600,185.292,187.407,1
10,3,PSCO,PACE,1589695200,174.63,174.63,0
10,3,PSCO,PACE,1591012800,220.905,220.905,0
10,3,PSCO,PACE,1592330400,179.992,179.992,0
10,3,PSCO,PACE,1593648000,184.272,183.66,2
10,3,PSCO,PACE,1594965600,202.752,216.392,2
10,3,PSCO,PACE,1596283200,202.105,202.105,0
10,3,PSCO,PACE,1597600800,189.709,189.709,0
10,3,PSCO,PACE,1598918400,237.204,239.606,1
10,3,PSCO,PACE,1600236000,174.02,174.02,0
10,3,PSCO,PACE,1601553600,195.176,195.176,0
10,3,PSCO,PACE,1602871200,204.435,208.122,3
10,3,PSCO,PACE,1604188800,225.924,225.924,0
10,3,PSCO,PACE,1605506400,203.332,203.332,0
10,3,PSCO,PACE,1606824000,147.36,147.36,0
10,3,PSCO,PACE,1608141600,172.796,172.796,0
10,4,PSCO,PACE,1577836800,201.806,201.806,0
10,4,PSCO,PACE,1579154400,168.095,168.095,0
10,4,PSCO,PACE,1580472000,165.819,165.819,0
10,4,PSCO,PACE,1581789600,197.682,211.871,2
10,4,PSCO,PACE,1583107200,195.56,195.56,0
10,4,PSCO,PACE,1584424800,221.046,221.046,0
10,4,PSCO,PACE,1585742400,196.694,196.694,0
10,4,PSCO,PACE,1587060000,211.329,211.329,0
10,4,PSCO,PACE,1588377600,192.22,187.407,2
10,4,PSCO,PACE,1589695200,174.63,174.63,0
10,4,PSCO,PACE,1591012800,220.905,220.905,0
10,4,PSCO,PACE,1592330400,195.995,183.617,2
10,4,PSCO,PACE,1593648000,180.132,180.132,0
10,4,PSCO,PACE,1594965600,200.265,216.392,2
10,4,PSCO,PACE,1596283200,202.105,202.105,0
10,4,PSCO,PACE,1597600800,189.709,189.709,0
10,4,PSCO,PACE,1598918400,239.394,239.606,2
10,4,PSCO,PACE,1600236000,174.02,174.02,0
10,4,PSCO,PACE,1601553600,195.176,195.176,0
10,4,PSCO,PACE,1602871200,208.97,208.122,2
10,4,PSCO,PACE,1604188800,225.924,225.924,0
10,4,PSCO,PACE,1605506400,203.332,203.332,0
10,4,PSCO,PACE,1606824000,147.36,147.36,0
10,4,PSCO,PACE,1608141600,172.796,172.796,0
10,5,PSCO,PACE,1577836800,207.805,206.834,5
10,5,PSCO,PACE,1579154400,174.974,171.399,6
10,5,PSCO,PACE,1580472000,170.251,169.296,4
10,5,PSCO,PACE,1581789600,194.347,211.871,6
10,5,PSCO,PACE,1583107200,203.425,202.871,8
10,5,PSCO,PACE,1584424800,227.036,225.4,2
10,5,PSCO,PACE,1585742400,199.74,201.473,4
10,5,PSCO,PACE,1587060000,216.536,220.262,7
10,5,PSCO,PACE,1588377600,175.309,187.407,6
10,5,PSCO,PACE,1589695200,173.429,177.256,2
10,5,PSCO,PACE,1591012800,218.667,225.601,2
10,5,PSCO,PACE,1592330400,168.458,183.617,4
10,5,PSCO,PACE,1593648000,177.155,183.66,4
10,5,PSCO,PACE,1594965600,204.075,220.093,8
10,5,PSCO,PACE,1596283200,204.464,205.15,4
10,5,PSCO,PACE,1597600800,189.709,189.709,0
10,5,PSCO,PACE,1598918400,234.745,239.606,6
10,5,PSCO,PACE,1600236000,174.02,174.02,0
10,5,PSCO,PACE,1601553600,200.007,198.739,4
10,5,PSCO,PACE,1602871200,194.881,208.122,3
10,5,PSCO,PACE,1604188800,230.371,230.317,2
10,5,PSCO,PACE,1605506400,205.329,206.391,4
10,5,PSCO,PACE,1606824000,147.36,147.36,0
10,5,PSCO,PACE,1608141600,172.796,172.796,0
10,6,PSCO,PACE,1577836800,201.806,201.806,0
10,6,PSCO,PACE,1579154400,168.095,168.095,0
10,6,PSCO,PACE,1580472000,165.819,165.819,0
10,6,PSCO,PACE,1581789600,197.682,211.871,2
10,6,PSCO,PACE,1583107200,195.56,195.56,0
10,6,PSCO,PACE,1584424800,221.046,221.046,0
10,6,PSCO,PACE,1585742400,196.694,196.694,0
10,6,PSCO,PACE,1587060000,211.329,211.329,0
10,6,PSCO,PACE,1588377600,183.91,187.407,1
10,6,PSCO,PACE,1589695200,174.63,174.63,0
10,6,PSCO,PACE,1591012800,220.905,220.905,0
10,6,PSCO,PACE,1592330400,179.992,179.992,0
10,6,PSCO,PACE,1593648000,180.132,180.132,0
10,6,PSCO,PACE,1594965600,203.817,216.392,1
10,6,PSCO,PACE,1596283200,202.105,202.105,0
10,6,PSCO,PACE,1597600800,189.709,189.709,0
10,6,PSCO,PACE,1598918400,234.765,239.606,1
10,6,PSCO,PACE,1600236000,174.02,174.02,0
10,6,PSCO,PACE,1601553600,195.176,195.176,0
10,6,PSCO,PACE,1602871200,201.928,208.122,1
10,6,PSCO,PACE,1604188800,225.924,225.924,0
10,6,PSCO,PACE,1605506400,203.332,203.332,0
10,6,PSCO,PACE,1606824000,147.36,147.36,0
10,6,PSCO,PACE,1608141600,172.796,172.796,0
10,1,TEPC,AECI,1577836800,261.782,261.782,0
10,1,TEPC,AECI,1579154400,260.044,260.044,0
10,1,TEPC,AECI,1580472000,227.287,227.287,0
10,1,TEPC,AECI,1581789600,230.952,230.952,0
10,1,TEPC,AECI,1583107200,213.887,213.887,0
10,1,TEPC,AECI,1584424800,209.261,209.261,0
10,1,TEPC,AECI,1585742400,163.89,163.89,0
10,1,TEPC,AECI,1587060000,178.693,178.693,0
10,1,TEPC,AECI,1588377600,179.254,179.254,0
10,1,TEPC,AECI,1589695200,215.518,215.518,0
10,1,TEPC,AECI,1591012800,222.496,222.496,0
10,1,TEPC,AECI,1592330400,189.451,189.451,0
10,1,TEPC,AECI,1593648000,215.878,215.878,0
10,1,TEPC,AECI,1594965600,207.863,207.863,0
10,1,TEPC,AECI,1596283200,219.66,219.66,0
10,1,TEPC,AECI,1597600800,232.192,232.192,0
10,1,TEPC,AECI,1598918400,219.508,219.508,0
10,1,TEPC,AECI,1600236000,245.174,245.174,0
10,1,TEPC,AECI,1601553600,235.921,235.921,0
10,1,TEPC,AECI,1602871200,262.53,262.53,0
10,1,TEPC,AECI,1604188800,265.706,265.706,0
10,1,TEPC,AECI,1605506400,225.001,225.001,0
10,1,TEPC,AECI,1606824000,193.11,193.11,0
10,1,TEPC,AECI,1608141600,251.11,251.11,0
10,2,TEPC,AECI,1577836800,182.559,267.327,3
10,2,TEPC,AECI,1579154400,194.507,265.972,3
10,2,TEPC,AECI,1580472000,180.965,232.948,3
10,2,TEPC,AECI,1581789600,199.048,234.731,4
10,2,TEPC,AECI,1583107200,179.429,218.268,4
10,2,TEPC,AECI,1584424800,193.953,218.766,7
10,2,TEPC,AECI,1585742400,138.663,167.958,6
10,2,TEPC,AECI,1587060000,152.078,181.485,4
10,2,TEPC,AECI,1588377600,160.183,182.828,4
10,2,TEPC,AECI,1589695200,174.485,220.659,5
10,2,TEPC,AECI,1591012800,161.858,227.481,3
10,2,TEPC,AECI,1592330400,173.571,192.904,6
10,2,TEPC,AECI,1593648000,199.695,220.097,4
10,2,TEPC,AECI,1594965600,193.168,212.83,5
10,2,TEPC,AECI,1596283200,209.982,228.951,8
10,2,TEPC,AECI,1597600800,233.563,236.671,6
10,2,TEPC,AECI,1598918400,212.316,228.443,12
10,2,TEPC,AECI,1600236000,225.723,250.543,5
10,2,TEPC,AECI,1601553600,212.611,245.497,9
10,2,TEPC,AECI,1602871200,201.752,272.17,8
10,2,TEPC,AECI,1604188800,234.509,270.432,4
10,2,TEPC,AECI,1605506400,221.594,230.103,3
10,2,TEPC,AECI,1606824000,193.11,193.11,0
10,2,TEPC,AECI,1608141600,209.866,256.156,3
10,3,TEPC,AECI,1577836800,177.988,267.327,1
10,3,TEPC,AECI,1579154400,192.075,265.972,1
10,3,TEPC,AECI,1580472000,183.871,232.948,1
10,3,TEPC,AECI,1581789600,213.95,234.731,4
10,3,TEPC,AECI,1583107200,213.887,213.887,0
10,3,TEPC,AECI,1584424800,184.89,214.078,1
10,3,TEPC,AECI,1585742400,138.185,167.958,4
10,3,TEPC,AECI,1587060000,175.07,181.485,2
10,3,TEPC,AECI,1588377600,179.254,179.254,0
10,3,TEPC,AECI,1589695200,162.946,220.659,1
10,3,TEPC,AECI,1591012800,157.353,227.481,1
10,3,TEPC,AECI,1592330400,186.026,192.904,4
10,3,TEPC,AECI,1593648000,215.878,215.878,0
10,3,TEPC,AECI,1594965600,202.829,212.83,3
10,3,TEPC,AECI,1596283200,189.98,224.499,1
10,3,TEPC,AECI,1597600800,232.192,232.192,0
10,3,TEPC,AECI,1598918400,187.346,224.177,3
10,3,TEPC,AECI,1600236000,246.933,250.543,1
10,3,TEPC,AECI,1601553600,188.44,240.805,1
10,3,TEPC,AECI,1602871200,184.642,267.329,1
10,3,TEPC,AECI,1604188800,258.26,270.432,2
10,3,TEPC,AECI,1605506400,219.344,230.103,1
10,3,TEPC,AECI,1606824000,193.11,193.11,0
10,3,TEPC,AECI,1608141600,199.78,256.156,1
10,4,TEPC,AECI,1577836800,177.988,267.327,1
10,4,TEPC,AECI,1579154400,192.075,265.972,1
10,4,TEPC,AECI,1580472000,177.059,232.948,1
10,4,TEPC,AECI,1581789600,221.466,234.731,3
10,4,TEPC,AECI,1583107200,222.995,218.268,1
10,4,TEPC,AECI,1584424800,184.135,214.078,1
10,4,TEPC,AECI,1585742400,147.572,167.958,2
10,4,TEPC,AECI,1587060000,165.777,181.485,3
10,4,TEPC,AECI,1588377600,179.254,179.254,0
10,4,TEPC,AECI,1589695200,162.946,220.659,1
10,4,TEPC,AECI,1591012800,157.353,227.481,1
10,4,TEPC,AECI,1592330400,189.451,189.451,0
10,4,TEPC,AECI,1593648000,215.878,215.878,0
10,4,TEPC,AECI,1594965600,207.863,207.863,0
10,4,TEPC,AECI,1596283200,206.491,224.499,2
10,4,TEPC,AECI,1597600800,232.192,232.192,0
10,4,TEPC,AECI,1598918400,200.336,224.177,1
10,4,TEPC,AECI,1600236000,235.144,250.543,2
10,4,TEPC,AECI,1601553600,205.594,240.805,4
10,4,TEPC,AECI,1602871200,184.642,267.329,1
10,4,TEPC,AECI,1604188800,247.735,270.432,1
10,4,TEPC,AECI,1605506400,220.369,230.103,1
10,4,TEPC,AECI,1606824000,193.11,193.11,0
10,4,TEPC,AECI,1608141600,199.78,256.156,1
10,5,TEPC,AECI,1577836800,182.299,267.327,3
10,5,TEPC,AECI,1579154400,194.245,265.972,3
10,5,TEPC,AECI,1580472000,179.576,232.948,3
10,5,TEPC,AECI,1581789600,198.394,234.731,4
10,5,TEPC,AECI,1583107200,177.49,218.268,4
10,5,TEPC,AECI,1584424800,193.136,218.766,7
10,5,TEPC,AECI,1585742400,137.452,167.958,4
10,5,TEPC,AECI,1587060000,152.153,181.485,5
10,5,TEPC,AECI,1588377600,158.372,182.828,4
10,5,TEPC,AECI,1589695200,172.166,220.659,5
10,5,TEPC,AECI,1591012800,160.204,227.481,1
10,5,TEPC,AECI,1592330400,172.303,192.904,6
10,5,TEPC,AECI,1593648000,198.681,220.097,4
10,5,TEPC,AECI,1594965600,192.025,212.83,5
10,5,TEPC,AECI,1596283200,209.718,228.951,8
10,5,TEPC,AECI,1597600800,233.157,236.671,6
10,5,TEPC,AECI,1598918400,210.687,228.443,12
10,5,TEPC,AECI,1600236000,224.788,250.543,5
10,5,TEPC,AECI,1601553600,212.489,245.497,10
10,5,TEPC,AECI,1602871200,195.454,267.329,6
10,5,TEPC,AECI,1604188800,233.092,270.432,4
10,5,TEPC,AECI,1605506400,220.39,230.103,3
10,5,TEPC,AECI,1606824000,193.11,193.11,0
10,5,TEPC,AECI,1608141600,208.417,256.156,3
10,6,TEPC,AECI,1577836800,177.988,267.327,1
10,6,TEPC,AECI,1579154400,192.075,265.972,1
10,6,TEPC,AECI,1580472000,183.871,232.948,1
10,6,TEPC,AECI,1581789600,230.952,230.952,0
10,6,TEPC,AECI,1583107200,213.887,213.887,0
10,6,TEPC,AECI,1584424800,183.99,214.078,1
10,6,TEPC,AECI,1585742400,135.706,167.958,1
10,6,TEPC,AECI,1587060000,178.693,178.693,0
10,6,TEPC,AECI,1588377600,179.254,179.254,0
10,6,TEPC,AECI,1589695200,162.946,220.659,1
10,6,TEPC,AECI,1591012800,157.353,227.481,1
10,6,TEPC,AECI,1592330400,189.451,189.451,0
10,6,TEPC,AECI,1593648000,215.878,215.878,0
10,6,TEPC,AECI,1594965600,207.863,207.863,0
10,6,TEPC,AECI,1596283200,219.66,219.66,0
10,6,TEPC,AECI,1597600800,232.192,232.192,0
10,6,TEPC,AECI,1598918400,219.508,219.508,0
10,6,TEPC,AECI,1600236000,245.174,245.174,0
10,6,TEPC,AECI,1601553600,188.44,240.805,1
10,6,TEPC,AECI,1602871200,184.642,267.329,1
10,6,TEPC,AECI,1604188800,265.706,265.706,0
10,6,TEPC,AECI,1605506400,225.001,225.001,0
10,6,TEPC,AECI,1606824000,193.11,193.11,0
10,6,TEPC,AECI,1608141600,199.78,256.156,1
15,1,AECI,EPE,1577836800,171.652,171.652,0
15,1,AECI,EPE,1579154400,184.829,184.829,0
15,1,AECI,EPE,1580472000,179.08,179.08,0
15,1,AECI,EPE,1581789600,190.047,190.047,0
15,1,AECI,EPE,1583107200,177.533,177.533,0
15,1,AECI,EPE,1584424800,173.609,173.609,0
15,1,AECI,EPE,1585742400,130.078,130.078,0
15,1,AECI,EPE,1587060000,146.519,146.519,0
15,1,AECI,EPE,1588377600,154.192,154.192,0
15,1,AECI,EPE,1589695200,158.058,158.058,0
15,1,AECI,EPE,1591012800,151.782,151.782,0
15,1,AECI,EPE,1592330400,159.195,159.195,0
15,1,AECI,EPE,1593648000,183.868,183.868,0
15,1,AECI,EPE,1594965600,175.21,175.21,0
15,1,AECI,EPE,1596283200,180.832,180.832,0
15,1,AECI,EPE,1597600800,201.072,201.072,0
15,1,AECI,EPE,1598918400,180.384,180.384,0
15,1,AECI,EPE,1600236000,202.899,202.899,0
15,1,AECI,EPE,1601553600,182.573,182.573,0
15,1,AECI,EPE,1602871200,178.75,178.75,0
15,1,AECI,EPE,1604188800,219.569,219.569,0
15,1,AECI,EPE,1605506400,205.232,205.232,0
15,1,AECI,EPE,1606824000,196.187,196.187,0
15,1,AECI,EPE,1608141600,194.483,194.483,0
15,2,AECI,EPE,1577836800,205.692,182.887,9
15,2,AECI,EPE,1579154400,209.487,188.789,3
15,2,AECI,EPE,1580472000,176.231,182.532,3
15,2,AECI,EPE,1581789600,181.27,194.225,1
15,2,AECI,EPE,1583107200,192.873,186.056,5
15,2,AECI,EPE,1584424800,195.695,179.684,6
15,2,AECI,EPE,1585742400,147.537,137.315,5
15,2,AECI,EPE,1587060000,165.901,151.4,6
15,2,AECI,EPE,1588377600,169.614,161.5,5
15,2,AECI,EPE,1589695200,181.402,164.985,6
15,2,AECI,EPE,1591012800,176.869,158.729,7
15,2,AECI,EPE,1592330400,186.313,165.665,7
15,2,AECI,EPE,1593648000,205.571,191.747,5
15,2,AECI,EPE,1594965600,193.577,178.469,4
15,2,AECI,EPE,1596283200,201.775,184.458,4
15,2,AECI,EPE,1597600800,220.06,205.228,3
15,2,AECI,EPE,1598918400,214.868,187.524,6
15,2,AECI,EPE,1600236000,205.782,206.444,2
15,2,AECI,EPE,1601553600,204.048,185.848,2
15,2,AECI,EPE,1602871200,202.285,186.552,5
15,2,AECI,EPE,1604188800,221.201,228.152,5
15,2,AECI,EPE,1605506400,205.94,208.412,2
15,2,AECI,EPE,1606824000,203.542,200.233,3
15,2,AECI,EPE,1608141600,227.133,204.894,10
15,3,AECI,EPE,1577836800,207.415,175.342,1
15,3,AECI,EPE,1579154400,211.983,188.789,1
15,3,AECI,EPE,1580472000,174.731,182.532,3
15,3,AECI,EPE,1581789600,181.27,194.225,1
15,3,AECI,EPE,1583107200,207.341,181.799,1
15,3,AECI,EPE,1584424800,201.042,176.679,2
15,3,AECI,EPE,1585742400,141.086,133.734,3
15,3,AECI,EPE,1587060000,175.466,149.147,1
15,3,AECI,EPE,1588377600,188.022,157.765,1
15,3,AECI,EPE,1589695200,191.839,161.536,2
15,3,AECI,EPE,1591012800,151.782,151.782,0
15,3,AECI,EPE,1592330400,167.125,162.435,1
15,3,AECI,EPE,1593648000,202.98,187.798,1
15,3,AECI,EPE,1594965600,205.047,178.469,4
15,3,AECI,EPE,1596283200,197.045,184.458,2
15,3,AECI,EPE,1597600800,219.52,205.228,1
15,3,AECI,EPE,1598918400,208.531,183.948,1
15,3,AECI,EPE,1600236000,204.861,206.444,2
15,3,AECI,EPE,1601553600,196.756,185.848,2
15,3,AECI,EPE,1602871200,186.373,182.572,1
15,3,AECI,EPE,1604188800,220.723,223.947,1
15,3,AECI,EPE,1605506400,203.57,208.412,2
15,3,AECI,EPE,1606824000,204.117,200.233,1
15,3,AECI,EPE,1608141600,220.997,198.171,1
15,4,AECI,EPE,1577836800,207.415,175.342,1
15,4,AECI,EPE,1579154400,211.983,188.789,1
15,4,AECI,EPE,1580472000,186.259,182.532,1
15,4,AECI,EPE,1581789600,181.27,194.225,1
15,4,AECI,EPE,1583107200,207.341,181.799,1
15,4,AECI,EPE,1584424800,208.208,176.679,1
15,4,AECI,EPE,1585742400,146.704,133.734,1
15,4,AECI,EPE,1587060000,167.677,149.147,2
15,4,AECI,EPE,1588377600,172.558,157.765,1
15,4,AECI,EPE,1589695200,178.893,161.536,2
15,4,AECI,EPE,1591012800,151.782,151.782,0
15,4,AECI,EPE,1592330400,175.246,162.435,2
15,4,AECI,EPE,1593648000,202.98,187.798,1
15,4,AECI,EPE,1594965600,213.767,178.469,1
15,4,AECI,EPE,1596283200,209.451,184.458,1
15,4,AECI,EPE,1597600800,219.52,205.228,1
15,4,AECI,EPE,1598918400,208.531,183.948,1
15,4,AECI,EPE,1600236000,204.667,206.444,1
15,4,AECI,EPE,1601553600,203.958,185.848,2
15,4,AECI,EPE,1602871200,190.887,182.572,1
15,4,AECI,EPE,1604188800,220.723,223.947,1
15,4,AECI,EPE,1605506400,209.308,208.412,1
15,4,AECI,EPE,1606824000,204.117,200.233,1
15,4,AECI,EPE,1608141600,220.997,198.171,1
15,5,AECI,EPE,1577836800,204.872,182.887,9
15,5,AECI,EPE,1579154400,208.921,188.789,3
15,5,AECI,EPE,1580472000,176.04,182.532,3
15,5,AECI,EPE,1581789600,181.27,194.225,1
15,5,AECI,EPE,1583107200,185.326,181.799,3
15,5,AECI,EPE,1584424800,195.252,179.684,6
15,5,AECI,EPE,1585742400,146.934,137.315,5
15,5,AECI,EPE,1587060000,164.367,151.4,6
15,5,AECI,EPE,1588377600,168.62,161.5,5
15,5,AECI,EPE,1589695200,180.143,164.985,6
15,5,AECI,EPE,1591012800,176.246,158.729,7
15,5,AECI,EPE,1592330400,185.796,165.665,8
15,5,AECI,EPE,1593648000,204.619,191.747,5
15,5,AECI,EPE,1594965600,192.461,178.469,4
15,5,AECI,EPE,1596283200,206.1,188.162,5
15,5,AECI,EPE,1597600800,219.657,205.228,3
15,5,AECI,EPE,1598918400,213.818,187.524,6
15,5,AECI,EPE,1600236000,204.861,206.444,2
15,5,AECI,EPE,1601553600,203.247,185.848,2
15,5,AECI,EPE,1602871200,201.76,186.552,5
15,5,AECI,EPE,1604188800,220.441,228.152,5
15,5,AECI,EPE,1605506400,205.079,208.412,2
15,5,AECI,EPE,1606824000,203.44,200.233,3
15,5,AECI,EPE,1608141600,226.528,204.894,11
15,6,AECI,EPE,1577836800,207.415,175.342,1
15,6,AECI,EPE,1579154400,211.983,188.789,1
15,6,AECI,EPE,1580472000,174.526,182.532,2
15,6,AECI,EPE,1581789600,181.27,194.225,1
15,6,AECI,EPE,1583107200,207.341,181.799,1
15,6,AECI,EPE,1584424800,208.208,176.679,1
15,6,AECI,EPE,1585742400,130.078,130.078,0
15,6,AECI,EPE,1587060000,175.466,149.147,1
15,6,AECI,EPE,1588377600,185.362,157.765,1
15,6,AECI,EPE,1589695200,191.453,161.536,1
15,6,AECI,EPE,1591012800,151.782,151.782,0
15,6,AECI,EPE,1592330400,159.195,159.195,0
15,6,AECI,EPE,1593648000,202.98,187.798,1
15,6,AECI,EPE,1594965600,211.265,178.469,1
15,6,AECI,EPE,1596283200,209.451,184.458,1
15,6,AECI,EPE,1597600800,219.52,205.228,1
15,6,AECI,EPE,1598918400,208.531,183.948,1
15,6,AECI,EPE,1600236000,204.667,206.444,1
15,6,AECI,EPE,1601553600,182.573,182.573,0
15,6,AECI,EPE,1602871200,178.75,178.75,0
15,6,AECI,EPE,1604188800,220.723,223.947,1
15,6,AECI,EPE,1605506400,209.308,208.412,1
15,6,AECI,EPE,1606824000,204.117,200.233,1
15,6,AECI,EPE,1608141600,220.997,198.171,1
15,1,AECI,PACE,1577836800,171.652,171.652,0
15,1,AECI,PACE,1579154400,184.829,184.829,0
15,1,AECI,PACE,1580472000,179.08,179.08,0
15,1,AECI,PACE,1581789600,190.047,190.047,0
15,1,AECI,PACE,1583107200,177.533,177.533,0
15,1,AECI,PACE,1584424800,173.609,173.609,0
15,1,AECI,PACE,1585742400,130.078,130.078,0
15,1,AECI,PACE,1587060000,146.519,146.519,0
15,1,AECI,PACE,1588377600,154.192,154.192,0
15,1,AECI,PACE,1589695200,158.058,158.058,0
15,1,AECI,PACE,1591012800,151.782,151.782,0
15,1,AECI,PACE,1592330400,159.195,159.195,0
15,1,AECI,PACE,1593648000,183.868,183.868,0
15,1,AECI,PACE,1594965600,175.21,175.21,0
15,1,AECI,PACE,1596283200,180.832,180.832,0
15,1,AECI,PACE,1597600800,201.072,201.072,0
15,1,AECI,PACE,1598918400,180.384,180.384,0
15,1,AECI,PACE,1600236000,202.899,202.899,0
15,1,AECI,PACE,1601553600,182.573,182.573,0
15,1,AECI,PACE,1602871200,178.75,178.75,0
15,1,AECI,PACE,1604188800,219.569,219.569,0
15,1,AECI,PACE,1605506400,205.232,205.232,0
15,1,AECI,PACE,1606824000,196.187,196.187,0
15,1,AECI,PACE,1608141600,194.483,194.483,0
15,2,AECI,PACE,1577836800,184.603,175.342,4
15,2,AECI,PACE,1579154400,207.613,192.82,6
15,2,AECI,PACE,1580472000,187.754,182.532,4
15,2,AECI,PACE,1581789600,199.057,194.225,3
15,2,AECI,PACE,1583107200,181.027,181.799,3
15,2,AECI,PACE,1584424800,182.113,176.679,2
15,2,AECI,PACE,1585742400,130.078,130.078,0
15,2,AECI,PACE,1587060000,153.466,149.147,2
15,2,AECI,PACE,1588377600,153.212,157.765,3
15,2,AECI,PACE,1589695200,172.194,161.536,4
15,2,AECI,PACE,1591012800,160.819,155.24,2
15,2,AECI,PACE,1592330400,164.381,162.435,4
15,2,AECI,PACE,1593648000,197.437,191.747,5
15,2,AECI,PACE,1594965600,196.532,181.77,8
15,2,AECI,PACE,1596283200,201.17,188.162,6
15,2,AECI,PACE,1597600800,238.018,212.985,10
15,2,AECI,PACE,1598918400,191.122,183.948,3
15,2,AECI,PACE,1600236000,225.02,206.444,4
15,2,AECI,PACE,1601553600,198.276,185.848,4
15,2,AECI,PACE,1602871200,191.4,186.552,5
15,2,AECI,PACE,1604188800,242.101,228.152,6
15,2,AECI,PACE,1605506400,222.782,208.412,4
15,2,AECI,PACE,1606824000,213.737,200.233,4
15,2,AECI,PACE,1608141600,224.924,201.57,8
15,3,AECI,PACE,1577836800,190.941,175.342,2
15,3,AECI,PACE,1579154400,213.652,188.789,4
15,3,AECI,PACE,1580472000,188.652,182.532,2
15,3,AECI,PACE,1581789600,202.454,194.225,1
15,3,AECI,PACE,1583107200,212.181,181.799,1
15,3,AECI,PACE,1584424800,173.609,173.609,0
15,3,AECI,PACE,1585742400,130.078,130.078,0
15,3,AECI,PACE,1587060000,146.519,146.519,0
15,3,AECI,PACE,1588377600,184.642,157.765,1
15,3,AECI,PACE,1589695200,166.166,161.536,2
15,3,AECI,PACE,1591012800,151.782,151.782,0
15,3,AECI,PACE,1592330400,159.195,159.195,0
15,3,AECI,PACE,1593648000,217.496,187.798,1
15,3,AECI,PACE,1594965600,183.577,178.469,4
15,3,AECI,PACE,1596283200,180.832,180.832,0
15,3,AECI,PACE,1597600800,218.157,205.228,3
15,3,AECI,PACE,1598918400,193.476,183.948,3
15,3,AECI,PACE,1600236000,222.262,206.444,2
15,3,AECI,PACE,1601553600,182.573,182.573,0
15,3,AECI,PACE,1602871200,204.213,186.552,5
15,3,AECI,PACE,1604188800,251.692,223.947,3
15,3,AECI,PACE,1605506400,225.031,208.412,2
15,3,AECI,PACE,1606824000,219.763,200.233,4
15,3,AECI,PACE,1608141600,208.777,198.171,2
15,4,AECI,PACE,1577836800,171.652,171.652,0
15,4,AECI,PACE,1579154400,206.505,188.789,1
15,4,AECI,PACE,1580472000,189.321,182.532,2
15,4,AECI,PACE,1581789600,200.486,194.225,2
15,4,AECI,PACE,1583107200,195.105,181.799,1
15,4,AECI,PACE,1584424800,173.609,173.609,0
15,4,AECI,PACE,1585742400,130.078,130.078,0
15,4,AECI,PACE,1587060000,146.519,146.519,0
15,4,AECI,PACE,1588377600,168.485,157.765,1
15,4,AECI,PACE,1589695200,158.058,158.058,0
15,4,AECI,PACE,1591012800,151.782,151.782,0
15,4,AECI,PACE,1592330400,182.37,162.435,2
15,4,AECI,PACE,1593648000,217.093,187.798,2
15,4,AECI,PACE,1594965600,189.159,178.469,2
15,4,AECI,PACE,1596283200,180.832,180.832,0
15,4,AECI,PACE,1597600800,214.237,205.228,1
15,4,AECI,PACE,1598918400,180.384,180.384,0
15,4,AECI,PACE,1600236000,202.899,202.899,0
15,4,AECI,PACE,1601553600,182.573,182.573,0
15,4,AECI,PACE,1602871200,216.126,182.572,1
15,4,AECI,PACE,1604188800,242.405,223.947,2
15,4,AECI,PACE,1605506400,226.067,208.412,2
15,4,AECI,PACE,1606824000,217.719,200.233,1
15,4,AECI,PACE,1608141600,212.528,198.171,3
15,5,AECI,PACE,1577836800,183.279,175.342,4
15,5,AECI,PACE,1579154400,206.999,192.82,6
15,5,AECI,PACE,1580472000,191.278,186.263,5
15,5,AECI,PACE,1581789600,198.497,194.225,3
15,5,AECI,PACE,1583107200,181.376,181.799,3
15,5,AECI,PACE,1584424800,181.224,176.679,2
15,5,AECI,PACE,1585742400,130.078,130.078,0
15,5,AECI,PACE,1587060000,153.074,149.147,2
15,5,AECI,PACE,1588377600,152.681,157.765,3
15,5,AECI,PACE,1589695200,170.602,161.536,4
15,5,AECI,PACE,1591012800,160.285,155.24,2
15,5,AECI,PACE,1592330400,162.009,162.435,4
15,5,AECI,PACE,1593648000,197.029,191.747,6
15,5,AECI,PACE,1594965600,194.494,181.77,8
15,5,AECI,PACE,1596283200,201.375,188.162,7
15,5,AECI,PACE,1597600800,236.179,212.985,10
15,5,AECI,PACE,1598918400,192.745,183.948,4
15,5,AECI,PACE,1600236000,223.735,206.444,4
15,5,AECI,PACE,1601553600,196.881,185.848,4
15,5,AECI,PACE,1602871200,190.324,186.552,5
15,5,AECI,PACE,1604188800,240.255,228.152,6
15,5,AECI,PACE,1605506400,221.131,208.412,4
15,5,AECI,PACE,1606824000,218.905,204.333,5
15,5,AECI,PACE,1608141600,223.438,201.57,8
15,6,AECI,PACE,1577836800,171.652,171.652,0
15,6,AECI,PACE,1579154400,184.829,184.829,0
15,6,AECI,PACE,1580472000,187.291,182.532,2
15,6,AECI,PACE,1581789600,202.454,194.225,1
15,6,AECI,PACE,1583107200,212.181,181.799,1
15,6,AECI,PACE,1584424800,173.609,173.609,0
15,6,AECI,PACE,1585742400,130.078,130.078,0
15,6,AECI,PACE,1587060000,146.519,146.519,0
15,6,AECI,PACE,1588377600,182.822,157.765,1
15,6,AECI,PACE,1589695200,158.058,158.058,0
15,6,AECI,PACE,1591012800,151.782,151.782,0
15,6,AECI,PACE,1592330400,159.195,159.195,0
15,6,AECI,PACE,1593648000,217.496,187.798,1
15,6,AECI,PACE,1594965600,203.38,178.469,1
15,6,AECI,PACE,1596283200,180.832,180.832,0
15,6,AECI,PACE,1597600800,201.072,201.072,0
15,6,AECI,PACE,1598918400,180.384,180.384,0
15,6,AECI,PACE,1600236000,202.899,202.899,0
15,6,AECI,PACE,1601553600,182.573,182.573,0
15,6,AECI,PACE,1602871200,197.683,182.572,2
15,6,AECI,PACE,1604188800,263.722,223.947,1
15,6,AECI,PACE,1605506400,235.799,208.412,1
15,6,AECI,PACE,1606824000,196.187,196.187,0
15,6,AECI,PACE,1608141600,227.411,198.171,1
15,1,AECI,TEPC,1577836800,171.652,171.652,0
15,1,AECI,TEPC,1579154400,184.829,184.829,0
15,1,AECI,TEPC,1580472000,179.08,179.08,0
15,1,AECI,TEPC,1581789600,190.047,190.047,0
15,1,AECI,TEPC,1583107200,177.533,177.533,0
15,1,AECI,TEPC,1584424800,173.609,173.609,0
15,1,AECI,TEPC,1585742400,130.078,130.078,0
15,1,AECI,TEPC,1587060000,146.519,146.519,0
15,1,AECI,TEPC,1588377600,154.192,154.192,0
15,1,AECI,TEPC,1589695200,158.058,158.058,0
15,1,AECI,TEPC,1591012800,151.782,151.782,0
15,1,AECI,TEPC,1592330400,159.195,159.195,0
15,1,AECI,TEPC,1593648000,183.868,183.868,0
15,1,AECI,TEPC,1594965600,175.21,175.21,0
15,1,AECI,TEPC,1596283200,180.832,180.832,0
15,1,AECI,TEPC,1597600800,201.072,201.072,0
15,1,AECI,TEPC,1598918400,180.384,180.384,0
15,1,AECI,TEPC,1600236000,202.899,202.899,0
15,1,AECI,TEPC,1601553600,182.573,182.573,0
15,1,AECI,TEPC,1602871200,178.75,178.75,0
15,1,AECI,TEPC,1604188800,219.569,219.569,0
15,1,AECI,TEPC,1605506400,205.232,205.232,0
15,1,AECI,TEPC,1606824000,196.187,196.187,0
15,1,AECI,TEPC,1608141600,194.483,194.483,0
15,2,AECI,TEPC,1577836800,180.676,175.342,2
15,2,AECI,TEPC,1579154400,191.945,188.789,2
15,2,AECI,TEPC,1580472000,182.421,182.532,4
15,2,AECI,TEPC,1581789600,205.605,198.479,5
15,2,AECI,TEPC,1583107200,185.795,186.056,5
15,2,AECI,TEPC,1584424800,194.183,179.684,6
15,2,AECI,TEPC,1585742400,142.551,137.315,5
15,2,AECI,TEPC,1587060000,157.752,151.4,6
15,2,AECI,TEPC,1588377600,165.863,161.5,5
15,2,AECI,TEPC,1589695200,179.712,164.985,6
15,2,AECI,TEPC,1591012800,160.407,155.24,2
15,2,AECI,TEPC,1592330400,180.027,165.665,7
15,2,AECI,TEPC,1593648000,206.584,191.747,5
15,2,AECI,TEPC,1594965600,192.784,178.469,4
15,2,AECI,TEPC,1596283200,210.444,188.162,7
15,2,AECI,TEPC,1597600800,240.763,209.122,7
15,2,AECI,TEPC,1598918400,225.976,194.679,13
15,2,AECI,TEPC,1600236000,224.848,206.444,4
15,2,AECI,TEPC,1601553600,213.084,189.499,8
15,2,AECI,TEPC,1602871200,202.289,186.552,7
15,2,AECI,TEPC,1604188800,241.613,228.152,5
15,2,AECI,TEPC,1605506400,223.246,208.412,4
15,2,AECI,TEPC,1606824000,198.2,200.233,1
15,2,AECI,TEPC,1608141600,211.414,198.171,4
15,3,AECI,TEPC,1577836800,171.652,171.652,0
15,3,AECI,TEPC,1579154400,184.829,184.829,0
15,3,AECI,TEPC,1580472000,179.08,179.08,0
15,3,AECI,TEPC,1581789600,219.868,198.479,5
15,3,AECI,TEPC,1583107200,218.483,181.799,1
15,3,AECI,TEPC,1584424800,184.947,176.679,2
15,3,AECI,TEPC,1585742400,137.403,133.734,3
15,3,AECI,TEPC,1587060000,176.522,149.147,3
15,3,AECI,TEPC,1588377600,183.557,157.765,1
15,3,AECI,TEPC,1589695200,163.792,161.536,2
15,3,AECI,TEPC,1591012800,151.782,151.782,0
15,3,AECI,TEPC,1592330400,187.304,162.435,3
15,3,AECI,TEPC,1593648000,220.97,187.798,1
15,3,AECI,TEPC,1594965600,202.245,178.469,4
15,3,AECI,TEPC,1596283200,189.576,184.458,2
15,3,AECI,TEPC,1597600800,237.205,205.228,1
15,3,AECI,TEPC,1598918400,189.156,183.948,4
15,3,AECI,TEPC,1600236000,245.798,206.444,2
15,3,AECI,TEPC,1601553600,182.573,182.573,0
15,3,AECI,TEPC,1602871200,185.738,182.572,2
15,3,AECI,TEPC,1604188800,259.554,223.947,3
15,3,AECI,TEPC,1605506400,220.523,208.412,2
15,3,AECI,TEPC,1606824000,198.2,200.233,1
15,3,AECI,TEPC,1608141600,194.483,194.483,0
15,4,AECI,TEPC,1577836800,171.652,171.652,0
15,4,AECI,TEPC,1579154400,184.829,184.829,0
15,4,AECI,TEPC,1580472000,177.803,182.532,2
15,4,AECI,TEPC,1581789600,215.865,194.225,2
15,4,AECI,TEPC,1583107200,214.825,181.799,2
15,4,AECI,TEPC,1584424800,185.472,176.679,2
15,4,AECI,TEPC,1585742400,146.316,133.734,1
15,4,AECI,TEPC,1587060000,165.505,149.147,2
15,4,AECI,TEPC,1588377600,181.049,157.765,1
15,4,AECI,TEPC,1589695200,158.058,158.058,0
15,4,AECI,TEPC,1591012800,151.782,151.782,0
15,4,AECI,TEPC,1592330400,194.093,162.435,1
15,4,AECI,TEPC,1593648000,220.97,187.798,1
15,4,AECI,TEPC,1594965600,212.694,178.469,1
15,4,AECI,TEPC,1596283200,180.832,180.832,0
15,4,AECI,TEPC,1597600800,237.205,205.228,1
15,4,AECI,TEPC,1598918400,210.856,183.948,2
15,4,AECI,TEPC,1600236000,231.947,206.444,1
15,4,AECI,TEPC,1601553600,191.823,185.848,1
15,4,AECI,TEPC,1602871200,178.75,178.75,0
15,4,AECI,TEPC,1604188800,247.369,223.947,2
15,4,AECI,TEPC,1605506400,220.928,208.412,2
15,4,AECI,TEPC,1606824000,198.2,200.233,1
15,4,AECI,TEPC,1608141600,194.483,194.483,0
15,5,AECI,TEPC,1577836800,180.389,175.342,2
15,5,AECI,TEPC,1579154400,191.662,188.789,2
15,5,AECI,TEPC,1580472000,180.974,182.532,4
15,5,AECI,TEPC,1581789600,204.867,198.479,5
15,5,AECI,TEPC,1583107200,177.11,181.799,3
15,5,AECI,TEPC,1584424800,193.308,179.684,6
15,5,AECI,TEPC,1585742400,142.429,137.315,5
15,5,AECI,TEPC,1587060000,156.761,151.4,6
15,5,AECI,TEPC,1588377600,164.016,161.5,5
15,5,AECI,TEPC,1589695200,171.987,161.536,4
15,5,AECI,TEPC,1591012800,160.046,155.24,2
15,5,AECI,TEPC,1592330400,178.708,165.665,7
15,5,AECI,TEPC,1593648000,206.629,191.747,6
15,5,AECI,TEPC,1594965600,191.589,178.469,4
15,5,AECI,TEPC,1596283200,210.115,188.162,7
15,5,AECI,TEPC,1597600800,240.325,209.122,7
15,5,AECI,TEPC,1598918400,224.271,194.679,13
15,5,AECI,TEPC,1600236000,223.854,206.444,4
15,5,AECI,TEPC,1601553600,217.439,193.407,9
15,5,AECI,TEPC,1602871200,203.485,186.552,8
15,5,AECI,TEPC,1604188800,240.149,228.152,5
15,5,AECI,TEPC,1605506400,222.024,208.412,4
15,5,AECI,TEPC,1606824000,198.2,200.233,1
15,5,AECI,TEPC,1608141600,209.891,198.171,4
15,6,AECI,TEPC,1577836800,171.652,171.652,0
15,6,AECI,TEPC,1579154400,184.829,184.829,0
15,6,AECI,TEPC,1580472000,179.08,179.08,0
15,6,AECI,TEPC,1581789600,190.047,190.047,0
15,6,AECI,TEPC,1583107200,213.078,181.799,1
15,6,AECI,TEPC,1584424800,173.609,173.609,0
15,6,AECI,TEPC,1585742400,130.078,130.078,0
15,6,AECI,TEPC,1587060000,171.637,149.147,1
15,6,AECI,TEPC,1588377600,183.557,157.765,1
15,6,AECI,TEPC,1589695200,158.058,158.058,0
15,6,AECI,TEPC,1591012800,151.782,151.782,0
15,6,AECI,TEPC,1592330400,159.195,159.195,0
15,6,AECI,TEPC,1593648000,220.97,187.798,1
15,6,AECI,TEPC,1594965600,212.694,178.469,1
15,6,AECI,TEPC,1596283200,180.832,180.832,0
15,6,AECI,TEPC,1597600800,237.205,205.228,1
15,6,AECI,TEPC,1598918400,180.384,180.384,0
15,6,AECI,TEPC,1600236000,242.447,206.444,1
15,6,AECI,TEPC,1601553600,182.573,182.573,0
15,6,AECI,TEPC,1602871200,178.75,178.75,0
15,6,AECI,TEPC,1604188800,260.307,223.947,1
15,6,AECI,TEPC,1605506400,230.63,208.412,1
15,6,AECI,TEPC,1606824000,198.2,200.233,1
15,6,AECI,TEPC,1608141600,194.483,194.483,0
15,1,BANC,CISO,1577836800,76.253,76.253,0
15,1,BANC,CISO,1579154400,81.548,81.548,0
15,1,BANC,CISO,1580472000,55.83,55.83,0
15,1,BANC,CISO,1581789600,52.267,52.267,0
15,1,BANC,CISO,1583107200,52.43,52.43,0
15,1,BANC,CISO,1584424800,83.316,83.316,0
15,1,BANC,CISO,1585742400,44.33,44.33,0
15,1,BANC,CISO,1587060000,33.313,33.313,0
15,1,BANC,CISO,1588377600,42.749,42.749,0
15,1,BANC,CISO,1589695200,42.187,42.187,0
15,1,BANC,CISO,1591012800,42.378,42.378,0
15,1,BANC,CISO,1592330400,40.383,40.383,0
15,1,BANC,CISO,1593648000,37.688,37.688,0
15,1,BANC,CISO,1594965600,55.204,55.204,0
15,1,BANC,CISO,1596283200,56.684,56.684,0
15,1,BANC,CISO,1597600800,78.197,78.197,0
15,1,BANC,CISO,1598918400,75.022,75.022,0
15,1,BANC,CISO,1600236000,80.174,80.174,0
15,1,BANC,CISO,1601553600,81.036,81.036,0
15,1,BANC,CISO,1602871200,74.249,74.249,0
15,1,BANC,CISO,1604188800,87.09,87.09,0
15,1,BANC,CISO,1605506400,93.475,93.475,0
15,1,BANC,CISO,1606824000,108.643,108.643,0
15,1,BANC,CISO,1608141600,91.972,91.972,0
15,2,BANC,CISO,1577836800,82.879,77.755,4
15,2,BANC,CISO,1579154400,90.954,83.236,4
15,2,BANC,CISO,1580472000,59.353,57.124,2
15,2,BANC,CISO,1581789600,58.519,55.191,5
15,2,BANC,CISO,1583107200,57.315,53.467,4
15,2,BANC,CISO,1584424800,94.339,85.416,4
15,2,BANC,CISO,1585742400,49.12,45.136,4
15,2,BANC,CISO,1587060000,35.618,33.965,3
15,2,BANC,CISO,1588377600,42.257,44.17,6
15,2,BANC,CISO,1589695200,40.348,43.181,4
15,2,BANC,CISO,1591012800,44.929,43.426,2
15,2,BANC,CISO,1592330400,43.917,41.842,6
15,2,BANC,CISO,1593648000,40.548,38.452,4
15,2,BANC,CISO,1594965600,59.251,56.286,4
15,2,BANC,CISO,1596283200,60.047,57.855,4
15,2,BANC,CISO,1597600800,82.443,79.796,2
15,2,BANC,CISO,1598918400,80.853,76.177,4
15,2,BANC,CISO,1600236000,87.89,82.008,4
15,2,BANC,CISO,1601553600,89.849,82.694,4
15,2,BANC,CISO,1602871200,82.26,77.394,5
15,2,BANC,CISO,1604188800,92.126,88.215,4
15,2,BANC,CISO,1605506400,107.914,97.995,7
15,2,BANC,CISO,1606824000,126.371,113.865,7
15,2,BANC,CISO,1608141600,104.368,95.082,7
15,3,BANC,CISO,1577836800,79.121,77.755,2
15,3,BANC,CISO,1579154400,81.548,81.548,0
15,3,BANC,CISO,1580472000,55.83,55.83,0
15,3,BANC,CISO,1581789600,53.898,53.687,1
15,3,BANC,CISO,1583107200,55.467,53.467,2
15,3,BANC,CISO,1584424800,83.316,83.316,0
15,3,BANC,CISO,1585742400,44.33,44.33,0
15,3,BANC,CISO,1587060000,34.278,33.965,1
15,3,BANC,CISO,1588377600,57.088,43.544,3
15,3,BANC,CISO,1589695200,45.419,43.181,2
15,3,BANC,CISO,1591012800,42.378,42.378,0
15,3,BANC,CISO,1592330400,42.241,41.117,2
15,3,BANC,CISO,1593648000,40.051,38.452,2
15,3,BANC,CISO,1594965600,55.204,55.204,0
15,3,BANC,CISO,1596283200,56.684,56.684,0
15,3,BANC,CISO,1597600800,78.197,78.197,0
15,3,BANC,CISO,1598918400,82.465,76.177,4
15,3,BANC,CISO,1600236000,80.174,80.174,0
15,3,BANC,CISO,1601553600,81.036,81.036,0
15,3,BANC,CISO,1602871200,76.532,75.808,1
15,3,BANC,CISO,1604188800,87.09,87.09,0
15,3,BANC,CISO,1605506400,121.773,95.731,3
15,3,BANC,CISO,1606824000,124.623,111.264,1
15,3,BANC,CISO,1608141600,95.247,93.461,3
15,4,BANC,CISO,1577836800,76.253,76.253,0
15,4,BANC,CISO,1579154400,81.548,81.548,0
15,4,BANC,CISO,1580472000,55.83,55.83,0
15,4,BANC,CISO,1581789600,52.267,52.267,0
15,4,BANC,CISO,1583107200,52.43,52.43,0
15,4,BANC,CISO,1584424800,83.316,83.316,0
15,4,BANC,CISO,1585742400,44.33,44.33,0
15,4,BANC,CISO,1587060000,33.313,33.313,0
15,4,BANC,CISO,1588377600,42.749,42.749,0
15,4,BANC,CISO,1589695200,45.954,43.181,1
15,4,BANC,CISO,1591012800,42.378,42.378,0
15,4,BANC,CISO,1592330400,40.383,40.383,0
15,4,BANC,CISO,1593648000,37.688,37.688,0
15,4,BANC,CISO,1594965600,55.204,55.204,0
15,4,BANC,CISO,1596283200,56.684,56.684,0
15,4,BANC,CISO,1597600800,78.197,78.197,0
15,4,BANC,CISO,1598918400,75.022,75.022,0
15,4,BANC,CISO,1600236000,80.174,80.174,0
15,4,BANC,CISO,1601553600,81.036,81.036,0
15,4,BANC,CISO,1602871200,74.249,74.249,0
15,4,BANC,CISO,1604188800,87.09,87.09,0
15,4,BANC,CISO,1605506400,114.016,95.731,1
15,4,BANC,CISO,1606824000,124.623,111.264,1
15,4,BANC,CISO,1608141600,101.257,93.461,2
15,5,BANC,CISO,1577836800,81.413,77.755,4
15,5,BANC,CISO,1579154400,89.388,83.236,4
15,5,BANC,CISO,1580472000,59.064,57.124,2
15,5,BANC,CISO,1581789600,56.057,55.191,5
15,5,BANC,CISO,1583107200,56.229,53.467,4
15,5,BANC,CISO,1584424800,91.97,85.416,4
15,5,BANC,CISO,1585742400,47.356,45.136,4
15,5,BANC,CISO,1587060000,35.417,33.965,3
15,5,BANC,CISO,1588377600,39.447,43.544,4
15,5,BANC,CISO,1589695200,39.739,43.181,4
15,5,BANC,CISO,1591012800,44.75,43.426,2
15,5,BANC,CISO,1592330400,42.961,41.842,7
15,5,BANC,CISO,1593648000,40.124,38.452,4
15,5,BANC,CISO,1594965600,58.66,56.286,4
15,5,BANC,CISO,1596283200,59.799,57.855,4
15,5,BANC,CISO,1597600800,81.773,79.796,2
15,5,BANC,CISO,1598918400,80.293,76.177,4
15,5,BANC,CISO,1600236000,87.32,82.008,4
15,5,BANC,CISO,1601553600,89.299,82.694,4
15,5,BANC,CISO,1602871200,79.279,75.808,3
15,5,BANC,CISO,1604188800,91.265,88.215,4
15,5,BANC,CISO,1605506400,106.542,97.995,7
15,5,BANC,CISO,1606824000,125.412,113.865,8
15,5,BANC,CISO,1608141600,101.728,95.082,7
15,6,BANC,CISO,1577836800,76.253,76.253,0
15,6,BANC,CISO,1579154400,81.548,81.548,0
15,6,BANC,CISO,1580472000,55.83,55.83,0
15,6,BANC,CISO,1581789600,52.267,52.267,0
15,6,BANC,CISO,1583107200,52.43,52.43,0
15,6,BANC,CISO,1584424800,83.316,83.316,0
15,6,BANC,CISO,1585742400,44.33,44.33,0
15,6,BANC,CISO,1587060000,33.313,33.313,0
15,6,BANC,CISO,1588377600,55.084,43.544,1
15,6,BANC,CISO,1589695200,42.95,43.181,2
15,6,BANC,CISO,1591012800,42.378,42.378,0
15,6,BANC,CISO,1592330400,40.383,40.383,0
15,6,BANC,CISO,1593648000,37.688,37.688,0
15,6,BANC,CISO,1594965600,55.204,55.204,0
15,6,BANC,CISO,1596283200,56.684,56.684,0
15,6,BANC,CISO,1597600800,78.197,78.197,0
15,6,BANC,CISO,1598918400,79.572,76.177,1
15,6,BANC,CISO,1600236000,80.174,80.174,0
15,6,BANC,CISO,1601553600,81.036,81.036,0
15,6,BANC,CISO,1602871200,74.249,74.249,0
15,6,BANC,CISO,1604188800,87.09,87.09,0
15,6,BANC,CISO,1605506400,121.832,95.731,1
15,6,BANC,CISO,1606824000,124.623,111.264,1
15,6,BANC,CISO,1608141600,91.972,91.972,0
15,1,CISO,BANC,1577836800,130.428,130.428,0
15,1,CISO,BANC,1579154400,140.472,140.472,0
15,1,CISO,BANC,1580472000,117.952,117.952,0
15,1,CISO,BANC,1581789600,103.569,103.569,0
15,1,CISO,BANC,1583107200,104.144,104.144,0
15,1,CISO,BANC,1584424800,135.48,135.48,0
15,1,CISO,BANC,1585742400,79.732,79.732,0
15,1,CISO,BANC,1587060000,80.679,80.679,0
15,1,CISO,BANC,1588377600,56.36,56.36,0
15,1,CISO,BANC,1589695200,62.849,62.849,0
15,1,CISO,BANC,1591012800,94.687,94.687,0
15,1,CISO,BANC,1592330400,66.377,66.377,0
15,1,CISO,BANC,1593648000,73.665,73.665,0
15,1,CISO,BANC,1594965600,90.516,90.516,0
15,1,CISO,BANC,1596283200,92.419,92.419,0
15,1,CISO,BANC,1597600800,127.384,127.384,0
15,1,CISO,BANC,1598918400,110.116,110.116,0
15,1,CISO,BANC,1600236000,126.99,126.99,0
15,1,CISO,BANC,1601553600,129.978,129.978,0
15,1,CISO,BANC,1602871200,142.021,142.021,0
15,1,CISO,BANC,1604188800,143.8,143.8,0
15,1,CISO,BANC,1605506400,123.623,123.623,0
15,1,CISO,BANC,1606824000,121.375,121.375,0
15,1,CISO,BANC,1608141600,120.762,120.762,0
15,2,CISO,BANC,1577836800,86.694,136.984,5
15,2,CISO,BANC,1579154400,95.473,147.439,5
15,2,CISO,BANC,1580472000,61.841,120.693,3
15,2,CISO,BANC,1581789600,57.02,104.847,4
15,2,CISO,BANC,1583107200,59.165,108.396,5
15,2,CISO,BANC,1584424800,98.722,141.612,5
15,2,CISO,BANC,1585742400,51.657,83.754,5
15,2,CISO,BANC,1587060000,35.435,81.482,2
15,2,CISO,BANC,1588377600,40.648,57.048,4
15,2,CISO,BANC,1589695200,42.758,65.806,5
15,2,CISO,BANC,1591012800,46.488,97.07,3
15,2,CISO,BANC,1592330400,43.418,68.483,5
15,2,CISO,BANC,1593648000,42.196,76.823,5
15,2,CISO,BANC,1594965600,62.254,95.128,5
15,2,CISO,BANC,1596283200,62.699,96.285,5
15,2,CISO,BANC,1597600800,82.523,129.72,1
15,2,CISO,BANC,1598918400,83.427,114.727,5
15,2,CISO,BANC,1600236000,91.515,132.825,5
15,2,CISO,BANC,1601553600,93.449,135.594,5
15,2,CISO,BANC,1602871200,80.678,143.701,4
15,2,CISO,BANC,1604188800,95.306,149.845,5
15,2,CISO,BANC,1605506400,110.347,129.055,8
15,2,CISO,BANC,1606824000,126.001,127.209,6
15,2,CISO,BANC,1608141600,105.479,124.225,8
15,3,CISO,BANC,1577836800,80.305,133.596,1
15,3,CISO,BANC,1579154400,85.99,143.954,1
15,3,CISO,BANC,1580472000,59.612,120.693,1
15,3,CISO,BANC,1581789600,54.391,104.847,2
15,3,CISO,BANC,1583107200,55.862,106.009,3
15,3,CISO,BANC,1584424800,87.805,138.572,1
15,3,CISO,BANC,1585742400,47.034,81.722,1
15,3,CISO,BANC,1587060000,34.532,81.482,2
15,3,CISO,BANC,1588377600,56.241,57.048,2
15,3,CISO,BANC,1589695200,45.796,64.365,3
15,3,CISO,BANC,1591012800,44.984,97.07,1
15,3,CISO,BANC,1592330400,42.15,67.397,3
15,3,CISO,BANC,1593648000,40.1,75.098,3
15,3,CISO,BANC,1594965600,57.978,92.803,1
15,3,CISO,BANC,1596283200,59.422,94.38,1
15,3,CISO,BANC,1597600800,80.823,129.72,1
15,3,CISO,BANC,1598918400,81.874,112.244,3
15,3,CISO,BANC,1600236000,83.97,129.943,1
15,3,CISO,BANC,1601553600,84.733,132.794,1
15,3,CISO,BANC,1602871200,78.06,143.701,2
15,3,CISO,BANC,1604188800,90.334,146.605,1
15,3,CISO,BANC,1605506400,122.687,126.344,2
15,3,CISO,BANC,1606824000,121.375,121.375,0
15,3,CISO,BANC,1608141600,95.454,122.495,2
15,4,CISO,BANC,1577836800,80.305,133.596,1
15,4,CISO,BANC,1579154400,85.99,143.954,1
15,4,CISO,BANC,1580472000,59.612,120.693,1
15,4,CISO,BANC,1581789600,54.179,104.847,1
15,4,CISO,BANC,1583107200,54.45,106.009,1
15,4,CISO,BANC,1584424800,87.805,138.572,1
15,4,CISO,BANC,1585742400,47.034,81.722,1
15,4,CISO,BANC,1587060000,34.22,81.482,1
15,4,CISO,BANC,1588377600,58.181,57.048,1
15,4,CISO,BANC,1589695200,47.411,64.365,2
15,4,CISO,BANC,1591012800,44.984,97.07,1
15,4,CISO,BANC,1592330400,41.026,67.397,1
15,4,CISO,BANC,1593648000,39.358,75.098,1
15,4,CISO,BANC,1594965600,57.978,92.803,1
15,4,CISO,BANC,1596283200,59.422,94.38,1
15,4,CISO,BANC,1597600800,80.823,129.72,1
15,4,CISO,BANC,1598918400,77.585,112.244,1
15,4,CISO,BANC,1600236000,83.97,129.943,1
15,4,CISO,BANC,1601553600,84.733,132.794,1
15,4,CISO,BANC,1602871200,76.882,143.701,1
15,4,CISO,BANC,1604188800,90.334,146.605,1
15,4,CISO,BANC,1605506400,116.449,126.344,2
15,4,CISO,BANC,1606824000,121.375,121.375,0
15,4,CISO,BANC,1608141600,101.464,122.495,1
15,5,CISO,BANC,1577836800,85.228,136.984,5
15,5,CISO,BANC,1579154400,93.907,147.439,5
15,5,CISO,BANC,1580472000,61.553,120.693,3
15,5,CISO,BANC,1581789600,54.558,104.847,4
15,5,CISO,BANC,1583107200,58.079,108.396,5
15,5,CISO,BANC,1584424800,96.354,141.612,5
15,5,CISO,BANC,1585742400,49.893,83.754,5
15,5,CISO,BANC,1587060000,35.234,81.482,2
15,5,CISO,BANC,1588377600,40.228,58.067,5
15,5,CISO,BANC,1589695200,42.148,65.806,5
15,5,CISO,BANC,1591012800,46.309,97.07,3
15,5,CISO,BANC,1592330400,42.462,68.483,6
15,5,CISO,BANC,1593648000,41.772,76.823,5
15,5,CISO,BANC,1594965600,61.663,95.128,5
15,5,CISO,BANC,1596283200,62.45,96.285,5
15,5,CISO,BANC,1597600800,81.853,129.72,1
15,5,CISO,BANC,1598918400,82.867,114.727,5
15,5,CISO,BANC,1600236000,90.945,132.825,5
15,5,CISO,BANC,1601553600,92.899,135.594,5
15,5,CISO,BANC,1602871200,80.354,143.701,4
15,5,CISO,BANC,1604188800,94.445,149.845,5
15,5,CISO,BANC,1605506400,108.975,129.055,8
15,5,CISO,BANC,1606824000,125.041,127.209,7
15,5,CISO,BANC,1608141600,101.935,124.225,6
15,6,CISO,BANC,1577836800,80.305,133.596,1
15,6,CISO,BANC,1579154400,85.99,143.954,1
15,6,CISO,BANC,1580472000,59.612,120.693,1
15,6,CISO,BANC,1581789600,54.179,104.847,1
15,6,CISO,BANC,1583107200,54.45,106.009,1
15,6,CISO,BANC,1584424800,87.805,138.572,1
15,6,CISO,BANC,1585742400,47.034,81.722,1
15,6,CISO,BANC,1587060000,34.22,81.482,1
15,6,CISO,BANC,1588377600,56.36,56.36,0
15,6,CISO,BANC,1589695200,44.407,64.365,3
15,6,CISO,BANC,1591012800,44.984,97.07,1
15,6,CISO,BANC,1592330400,41.026,67.397,1
15,6,CISO,BANC,1593648000,39.358,75.098,1
15,6,CISO,BANC,1594965600,57.978,92.803,1
15,6,CISO,BANC,1596283200,59.422,94.38,1
15,6,CISO,BANC,1597600800,80.823,129.72,1
15,6,CISO,BANC,1598918400,80.981,112.244,2
15,6,CISO,BANC,1600236000,83.97,129.943,1
15,6,CISO,BANC,1601553600,84.733,132.794,1
15,6,CISO,BANC,1602871200,76.882,143.701,1
15,6,CISO,BANC,1604188800,90.334,146.605,1
15,6,CISO,BANC,1605506400,123.623,123.623,0
15,6,CISO,BANC,1606824000,121.375,121.375,0
15,6,CISO,BANC,1608141600,100.759,122.495,1
15,1,EPE,AECI,1577836800,202.093,202.093,0
15,1,EPE,AECI,1579154400,207.289,207.289,0
15,1,EPE,AECI,1580472000,181.504,181.504,0
15,1,EPE,AECI,1581789600,175.974,175.974,0
15,1,EPE,AECI,1583107200,202.541,202.541,0
15,1,EPE,AECI,1584424800,204.307,204.307,0
15,1,EPE,AECI,1585742400,164.605,164.605,0
15,1,EPE,AECI,1587060000,171.684,171.684,0
15,1,EPE,AECI,1588377600,183.602,183.602,0
15,1,EPE,AECI,1589695200,189.282,189.282,0
15,1,EPE,AECI,1591012800,195.852,195.852,0
15,1,EPE,AECI,1592330400,195.157,195.157,0
15,1,EPE,AECI,1593648000,198.016,198.016,0
15,1,EPE,AECI,1594965600,209.436,209.436,0
15,1,EPE,AECI,1596283200,204.715,204.715,0
15,1,EPE,AECI,1597600800,214.763,214.763,0
15,1,EPE,AECI,1598918400,203.471,203.471,0
15,1,EPE,AECI,1600236000,199.728,199.728,0
15,1,EPE,AECI,1601553600,220.07,220.07,0
15,1,EPE,AECI,1602871200,223.978,223.978,0
15,1,EPE,AECI,1604188800,214.945,214.945,0
15,1,EPE,AECI,1605506400,203.959,203.959,0
15,1,EPE,AECI,1606824000,198.83,198.83,0
15,1,EPE,AECI,1608141600,215.454,215.454,0
15,2,EPE,AECI,1577836800,200.255,211.05,8
15,2,EPE,AECI,1579154400,209.305,211.801,2
15,2,EPE,AECI,1580472000,175.668,185.696,2
15,2,EPE,AECI,1581789600,175.974,175.974,0
15,2,EPE,AECI,1583107200,188.012,206.952,4
15,2,EPE,AECI,1584424800,198.033,212.501,7
15,2,EPE,AECI,1585742400,143.555,168.307,4
15,2,EPE,AECI,1587060000,161.28,174.728,4
15,2,EPE,AECI,1588377600,164.934,187.24,4
15,2,EPE,AECI,1589695200,183.739,198.114,7
15,2,EPE,AECI,1591012800,179.414,204.385,8
15,2,EPE,AECI,1592330400,185.087,202.922,6
15,2,EPE,AECI,1593648000,200.458,202.089,4
15,2,EPE,AECI,1594965600,199.252,218.743,5
15,2,EPE,AECI,1596283200,208.404,213.686,6
15,2,EPE,AECI,1597600800,219.231,218.69,2
15,2,EPE,AECI,1598918400,208.577,207.754,4
15,2,EPE,AECI,1600236000,199.728,199.728,0
15,2,EPE,AECI,1601553600,206.864,225.219,3
15,2,EPE,AECI,1602871200,197.388,228.349,4
15,2,EPE,AECI,1604188800,215.402,219.333,4
15,2,EPE,AECI,1605506400,205.017,208.386,1
15,2,EPE,AECI,1606824000,202.946,203.521,2
15,2,EPE,AECI,1608141600,220.568,223.802,8
15,3,EPE,AECI,1577836800,202.093,202.093,0
15,3,EPE,AECI,1579154400,207.289,207.289,0
15,3,EPE,AECI,1580472000,174.168,185.696,2
15,3,EPE,AECI,1581789600,175.974,175.974,0
15,3,EPE,AECI,1583107200,202.541,202.541,0
15,3,EPE,AECI,1584424800,201.649,208.54,1
15,3,EPE,AECI,1585742400,143.45,168.307,4
15,3,EPE,AECI,1587060000,171.684,171.684,0
15,3,EPE,AECI,1588377600,183.602,183.602,0
15,3,EPE,AECI,1589695200,192.193,193.609,1
15,3,EPE,AECI,1591012800,157.786,200.346,1
15,3,EPE,AECI,1592330400,167.847,199.038,2
15,3,EPE,AECI,1593648000,198.016,198.016,0
15,3,EPE,AECI,1594965600,206.216,214.068,3
15,3,EPE,AECI,1596283200,196.945,209.351,1
15,3,EPE,AECI,1597600800,214.763,214.763,0
15,3,EPE,AECI,1598918400,208.826,207.754,2
15,3,EPE,AECI,1600236000,199.728,199.728,0
15,3,EPE,AECI,1601553600,199.721,225.219,1
15,3,EPE,AECI,1602871200,189.334,228.349,2
15,3,EPE,AECI,1604188800,214.945,214.945,0
15,3,EPE,AECI,1605506400,202.647,208.386,1
15,3,EPE,AECI,1606824000,204.792,203.521,2
15,3,EPE,AECI,1608141600,220.88,219.654,2
15,4,EPE,AECI,1577836800,202.093,202.093,0
15,4,EPE,AECI,1579154400,207.289,207.289,0
15,4,EPE,AECI,1580472000,181.504,181.504,0
15,4,EPE,AECI,1581789600,175.974,175.974,0
15,4,EPE,AECI,1583107200,202.541,202.541,0
15,4,EPE,AECI,1584424800,204.307,204.307,0
15,4,EPE,AECI,1585742400,147.956,168.307,2
15,4,EPE,AECI,1587060000,174.892,174.728,1
15,4,EPE,AECI,1588377600,183.602,183.602,0
15,4,EPE,AECI,1589695200,181.23,193.609,3
15,4,EPE,AECI,1591012800,158.98,200.346,1
15,4,EPE,AECI,1592330400,174.021,199.038,1
15,4,EPE,AECI,1593648000,198.016,198.016,0
15,4,EPE,AECI,1594965600,209.436,209.436,0
15,4,EPE,AECI,1596283200,204.715,204.715,0
15,4,EPE,AECI,1597600800,214.763,214.763,0
15,4,EPE,AECI,1598918400,203.471,203.471,0
15,4,EPE,AECI,1600236000,199.728,199.728,0
15,4,EPE,AECI,1601553600,204.707,225.219,1
15,4,EPE,AECI,1602871200,192.584,228.349,2
15,4,EPE,AECI,1604188800,214.945,214.945,0
15,4,EPE,AECI,1605506400,203.959,203.959,0
15,4,EPE,AECI,1606824000,198.83,198.83,0
15,4,EPE,AECI,1608141600,215.454,215.454,0
15,5,EPE,AECI,1577836800,199.435,211.05,8
15,5,EPE,AECI,1579154400,208.739,211.801,2
15,5,EPE,AECI,1580472000,175.477,185.696,2
15,5,EPE,AECI,1581789600,175.974,175.974,0
15,5,EPE,AECI,1583107200,186.92,206.952,4
15,5,EPE,AECI,1584424800,197.59,212.501,7
15,5,EPE,AECI,1585742400,142.952,168.307,4
15,5,EPE,AECI,1587060000,163.63,177.835,5
15,5,EPE,AECI,1588377600,163.941,187.24,4
15,5,EPE,AECI,1589695200,182.48,198.114,7
15,5,EPE,AECI,1591012800,176.805,204.385,6
15,5,EPE,AECI,1592330400,184.571,202.922,7
15,5,EPE,AECI,1593648000,199.507,202.089,4
15,5,EPE,AECI,1594965600,198.137,218.743,5
15,5,EPE,AECI,1596283200,201.665,209.351,4
15,5,EPE,AECI,1597600800,218.827,218.69,2
15,5,EPE,AECI,1598918400,213.042,212.166,5
15,5,EPE,AECI,1600236000,204.383,204.188,1
15,5,EPE,AECI,1601553600,206.063,225.219,3
15,5,EPE,AECI,1602871200,196.862,228.349,4
15,5,EPE,AECI,1604188800,214.642,219.333,4
15,5,EPE,AECI,1605506400,204.157,208.386,1
15,5,EPE,AECI,1606824000,202.845,203.521,2
15,5,EPE,AECI,1608141600,225.185,227.979,10
15,6,EPE,AECI,1577836800,202.093,202.093,0
15,6,EPE,AECI,1579154400,207.289,207.289,0
15,6,EPE,AECI,1580472000,173.963,185.696,1
15,6,EPE,AECI,1581789600,175.974,175.974,0
15,6,EPE,AECI,1583107200,202.541,202.541,0
15,6,EPE,AECI,1584424800,204.307,204.307,0
15,6,EPE,AECI,1585742400,134.986,168.307,1
15,6,EPE,AECI,1587060000,171.684,171.684,0
15,6,EPE,AECI,1588377600,183.602,183.602,0
15,6,EPE,AECI,1589695200,189.282,189.282,0
15,6,EPE,AECI,1591012800,157.786,200.346,1
15,6,EPE,AECI,1592330400,164.027,199.038,1
15,6,EPE,AECI,1593648000,198.016,198.016,0
15,6,EPE,AECI,1594965600,209.436,209.436,0
15,6,EPE,AECI,1596283200,204.715,204.715,0
15,6,EPE,AECI,1597600800,214.763,214.763,0
15,6,EPE,AECI,1598918400,203.471,203.471,0
15,6,EPE,AECI,1600236000,199.728,199.728,0
15,6,EPE,AECI,1601553600,204.546,225.219,1
15,6,EPE,AECI,1602871200,184.03,228.349,1
15,6,EPE,AECI,1604188800,214.945,214.945,0
15,6,EPE,AECI,1605506400,203.959,203.959,0
15,6,EPE,AECI,1606824000,198.83,198.83,0
15,6,EPE,AECI,1608141600,215.454,215.454,0
15,1,EPE,PSCO,1577836800,202.093,202.093,0
15,1,EPE,PSCO,1579154400,207.289,207.289,0
15,1,EPE,PSCO,1580472000,181.504,181.504,0
15,1,EPE,PSCO,1581789600,175.974,175.974,0
15,1,EPE,PSCO,1583107200,202.541,202.541,0
15,1,EPE,PSCO,1584424800,204.307,204.307,0
15,1,EPE,PSCO,1585742400,164.605,164.605,0
15,1,EPE,PSCO,1587060000,171.684,171.684,0
15,1,EPE,PSCO,1588377600,183.602,183.602,0
15,1,EPE,PSCO,1589695200,189.282,189.282,0
15,1,EPE,PSCO,1591012800,195.852,195.852,0
15,1,EPE,PSCO,1592330400,195.157,195.157,0
15,1,EPE,PSCO,1593648000,198.016,198.016,0
15,1,EPE,PSCO,1594965600,209.436,209.436,0
15,1,EPE,PSCO,1596283200,204.715,204.715,0
15,1,EPE,PSCO,1597600800,214.763,214.763,0
15,1,EPE,PSCO,1598918400,203.471,203.471,0
15,1,EPE,PSCO,1600236000,199.728,199.728,0
15,1,EPE,PSCO,1601553600,220.07,220.07,0
15,1,EPE,PSCO,1602871200,223.978,223.978,0
15,1,EPE,PSCO,1604188800,214.945,214.945,0
15,1,EPE,PSCO,1605506400,203.959,203.959,0
15,1,EPE,PSCO,1606824000,198.83,198.83,0
15,1,EPE,PSCO,1608141600,215.454,215.454,0
15,2,EPE,PSCO,1577836800,199.559,206.553,4
15,2,EPE,PSCO,1579154400,180.806,216.32,5
15,2,EPE,PSCO,1580472000,183.649,193.983,9
15,2,EPE,PSCO,1581789600,186.732,182.521,6
15,2,EPE,PSCO,1583107200,204.098,211.425,5
15,2,EPE,PSCO,1584424800,214.39,212.501,6
15,2,EPE,PSCO,1585742400,165.901,168.307,2
15,2,EPE,PSCO,1587060000,175.183,174.728,2
15,2,EPE,PSCO,1588377600,188.251,191.138,7
15,2,EPE,PSCO,1589695200,170.546,193.609,3
15,2,EPE,PSCO,1591012800,205.02,200.346,4
15,2,EPE,PSCO,1592330400,181.118,199.038,3
15,2,EPE,PSCO,1593648000,188.109,206.31,5
15,2,EPE,PSCO,1594965600,211.962,218.743,5
15,2,EPE,PSCO,1596283200,201.006,213.686,5
15,2,EPE,PSCO,1597600800,194.012,218.69,4
15,2,EPE,PSCO,1598918400,207.952,207.754,2
15,2,EPE,PSCO,1600236000,181.086,208.783,5
15,2,EPE,PSCO,1601553600,206.027,230.255,7
15,2,EPE,PSCO,1602871200,213.586,232.656,6
15,2,EPE,PSCO,1604188800,225.238,223.743,7
15,2,EPE,PSCO,1605506400,202.484,212.743,5
15,2,EPE,PSCO,1606824000,152.473,203.521,1
15,2,EPE,PSCO,1608141600,177.496,219.654,1
15,3,EPE,PSCO,1577836800,209.512,206.553,4
15,3,EPE,PSCO,1579154400,173.167,211.801,1
15,3,EPE,PSCO,1580472000,171.043,185.696,1
15,3,EPE,PSCO,1581789600,179.44,179.278,1
15,3,EPE,PSCO,1583107200,200.878,206.952,1
15,3,EPE,PSCO,1584424800,209.546,208.54,2
15,3,EPE,PSCO,1585742400,164.605,164.605,0
15,3,EPE,PSCO,1587060000,171.684,171.684,0
15,3,EPE,PSCO,1588377600,183.602,183.602,0
15,3,EPE,PSCO,1589695200,177.857,193.609,1
15,3,EPE,PSCO,1591012800,195.852,195.852,0
15,3,EPE,PSCO,1592330400,184.662,199.038,1
15,3,EPE,PSCO,1593648000,186.002,202.089,3
15,3,EPE,PSCO,1594965600,212.936,214.068,1
15,3,EPE,PSCO,1596283200,205.583,209.351,1
15,3,EPE,PSCO,1597600800,193.395,218.69,2
15,3,EPE,PSCO,1598918400,203.471,203.471,0
15,3,EPE,PSCO,1600236000,179.086,204.188,1
15,3,EPE,PSCO,1601553600,201.062,225.219,1
15,3,EPE,PSCO,1602871200,209.864,228.349,2
15,3,EPE,PSCO,1604188800,214.945,214.945,0
15,3,EPE,PSCO,1605506400,207.863,208.386,3
15,3,EPE,PSCO,1606824000,152.473,203.521,1
15,3,EPE,PSCO,1608141600,177.496,219.654,1
15,4,EPE,PSCO,1577836800,201.866,206.553,2
15,4,EPE,PSCO,1579154400,173.167,211.801,1
15,4,EPE,PSCO,1580472000,171.043,185.696,1
15,4,EPE,PSCO,1581789600,175.974,175.974,0
15,4,EPE,PSCO,1583107200,198.025,206.952,1
15,4,EPE,PSCO,1584424800,204.307,204.307,0
15,4,EPE,PSCO,1585742400,164.605,164.605,0
15,4,EPE,PSCO,1587060000,171.684,171.684,0
15,4,EPE,PSCO,1588377600,191.576,187.24,1
15,4,EPE,PSCO,1589695200,174.724,193.609,1
15,4,EPE,PSCO,1591012800,195.852,195.852,0
15,4,EPE,PSCO,1592330400,188.068,199.038,2
15,4,EPE,PSCO,1593648000,185.23,202.089,1
15,4,EPE,PSCO,1594965600,209.436,209.436,0
15,4,EPE,PSCO,1596283200,196.339,209.351,1
15,4,EPE,PSCO,1597600800,194.498,218.69,2
15,4,EPE,PSCO,1598918400,217.955,207.754,1
15,4,EPE,PSCO,1600236000,179.086,204.188,1
15,4,EPE,PSCO,1601553600,201.062,225.219,1
15,4,EPE,PSCO,1602871200,210.386,228.349,1
15,4,EPE,PSCO,1604188800,214.945,214.945,0
15,4,EPE,PSCO,1605506400,210.055,208.386,1
15,4,EPE,PSCO,1606824000,152.473,203.521,1
15,4,EPE,PSCO,1608141600,177.496,219.654,1
15,5,EPE,PSCO,1577836800,198.367,206.553,4
15,5,EPE,PSCO,1579154400,178.831,216.32,5
15,5,EPE,PSCO,1580472000,182.854,193.983,9
15,5,EPE,PSCO,1581789600,185.971,182.521,6
15,5,EPE,PSCO,1583107200,202.819,211.425,5
15,5,EPE,PSCO,1584424800,213.426,212.501,6
15,5,EPE,PSCO,1585742400,164.674,168.307,2
15,5,EPE,PSCO,1587060000,174.742,174.728,2
15,5,EPE,PSCO,1588377600,186.843,191.138,7
15,5,EPE,PSCO,1589695200,170.008,193.609,3
15,5,EPE,PSCO,1591012800,202.065,200.346,2
15,5,EPE,PSCO,1592330400,180.774,199.038,4
15,5,EPE,PSCO,1593648000,187.384,206.31,5
15,5,EPE,PSCO,1594965600,211.154,218.743,5
15,5,EPE,PSCO,1596283200,200.566,213.686,5
15,5,EPE,PSCO,1597600800,193.52,218.69,4
15,5,EPE,PSCO,1598918400,207.663,207.754,2
15,5,EPE,PSCO,1600236000,180.128,208.783,5
15,5,EPE,PSCO,1601553600,204.06,230.255,7
15,5,EPE,PSCO,1602871200,212.677,232.656,6
15,5,EPE,PSCO,1604188800,223.888,223.743,7
15,5,EPE,PSCO,1605506400,201.899,212.743,5
15,5,EPE,PSCO,1606824000,152.473,203.521,1
15,5,EPE,PSCO,1608141600,177.496,219.654,1
15,6,EPE,PSCO,1577836800,201.456,206.553,1
15,6,EPE,PSCO,1579154400,173.167,211.801,1
15,6,EPE,PSCO,1580472000,171.043,185.696,1
15,6,EPE,PSCO,1581789600,175.974,175.974,0
15,6,EPE,PSCO,1583107200,200.878,206.952,1
15,6,EPE,PSCO,1584424800,204.307,204.307,0
15,6,EPE,PSCO,1585742400,164.605,164.605,0
15,6,EPE,PSCO,1587060000,171.684,171.684,0
15,6,EPE,PSCO,1588377600,183.602,183.602,0
15,6,EPE,PSCO,1589695200,177.857,193.609,1
15,6,EPE,PSCO,1591012800,195.852,195.852,0
15,6,EPE,PSCO,1592330400,184.662,199.038,1
15,6,EPE,PSCO,1593648000,185.23,202.089,1
15,6,EPE,PSCO,1594965600,209.436,209.436,0
15,6,EPE,PSCO,1596283200,203.842,209.351,1
15,6,EPE,PSCO,1597600800,194.891,218.69,1
15,6,EPE,PSCO,1598918400,203.471,203.471,0
15,6,EPE,PSCO,1600236000,179.086,204.188,1
15,6,EPE,PSCO,1601553600,201.062,225.219,1
15,6,EPE,PSCO,1602871200,210.386,228.349,1
15,6,EPE,PSCO,1604188800,214.945,214.945,0
15,6,EPE,PSCO,1605506400,203.473,208.386,1
15,6,EPE,PSCO,1606824000,152.473,203.521,1
15,6,EPE,PSCO,1608141600,177.496,219.654,1
15,1,PACE,AECI,1577836800,222.045,222.045,0
15,1,PACE,AECI,1579154400,234.433,234.433,0
15,1,PACE,AECI,1580472000,198.311,198.311,0
15,1,PACE,AECI,1581789600,196.827,196.827,0
15,1,PACE,AECI,1583107200,208.975,208.975,0
15,1,PACE,AECI,1584424800,252.452,252.452,0
15,1,PACE,AECI,1585742400,225.822,225.822,0
15,1,PACE,AECI,1587060000,224.401,224.401,0
15,1,PACE,AECI,1588377600,195.688,195.688,0
15,1,PACE,AECI,1589695200,218.514,218.514,0
15,1,PACE,AECI,1591012800,230.978,230.978,0
15,1,PACE,AECI,1592330400,200.767,200.767,0
15,1,PACE,AECI,1593648000,211.4,211.4,0
15,1,PACE,AECI,1594965600,197.864,197.864,0
15,1,PACE,AECI,1596283200,232.915,232.915,0
15,1,PACE,AECI,1597600800,252.895,252.895,0
15,1,PACE,AECI,1598918400,239.903,239.903,0
15,1,PACE,AECI,1600236000,257.912,257.912,0
15,1,PACE,AECI,1601553600,250.583,250.583,0
15,1,PACE,AECI,1602871200,211.548,211.548,0
15,1,PACE,AECI,1604188800,258.098,258.098,0
15,1,PACE,AECI,1605506400,230.758,230.758,0
15,1,PACE,AECI,1606824000,241.036,241.036,0
15,1,PACE,AECI,1608141600,221.431,221.431,0
15,2,PACE,AECI,1577836800,183.97,226.717,3
15,2,PACE,AECI,1579154400,210.927,244.419,7
15,2,PACE,AECI,1580472000,187.401,202.703,3
15,2,PACE,AECI,1581789600,197.335,200.732,2
15,2,PACE,AECI,1583107200,184.262,213.105,4
15,2,PACE,AECI,1584424800,185.967,258.582,3
15,2,PACE,AECI,1585742400,136.423,230.918,1
15,2,PACE,AECI,1587060000,155.97,228.312,3
15,2,PACE,AECI,1588377600,155.316,198.668,4
15,2,PACE,AECI,1589695200,179.225,228.222,5
15,2,PACE,AECI,1591012800,164.231,236.311,3
15,2,PACE,AECI,1592330400,162.927,205.289,3
15,2,PACE,AECI,1593648000,191.117,215.96,4
15,2,PACE,AECI,1594965600,196.297,208.244,7
15,2,PACE,AECI,1596283200,204.211,243.136,7
15,2,PACE,AECI,1597600800,240.231,267.477,11
15,2,PACE,AECI,1598918400,193.38,244.161,4
15,2,PACE,AECI,1600236000,232.097,268.524,5
15,2,PACE,AECI,1601553600,206.25,262.744,5
15,2,PACE,AECI,1602871200,186.736,215.177,4
15,2,PACE,AECI,1604188800,235.209,263.29,4
15,2,PACE,AECI,1605506400,222.248,235.265,3
15,2,PACE,AECI,1606824000,221.769,251.093,6
15,2,PACE,AECI,1608141600,223.86,231.251,7
15,3,PACE,AECI,1577836800,190.866,226.717,3
15,3,PACE,AECI,1579154400,214.034,239.487,3
15,3,PACE,AECI,1580472000,188.299,202.703,1
15,3,PACE,AECI,1581789600,196.827,196.827,0
15,3,PACE,AECI,1583107200,208.975,208.975,0
15,3,PACE,AECI,1584424800,180.532,258.582,1
15,3,PACE,AECI,1585742400,136.423,230.918,1
15,3,PACE,AECI,1587060000,151.651,228.312,1
15,3,PACE,AECI,1588377600,188.853,198.668,2
15,3,PACE,AECI,1589695200,168.695,223.55,3
15,3,PACE,AECI,1591012800,158.652,236.311,1
15,3,PACE,AECI,1592330400,162.872,205.289,1
15,3,PACE,AECI,1593648000,211.4,211.4,0
15,3,PACE,AECI,1594965600,189.659,203.144,1
15,3,PACE,AECI,1596283200,187.498,238.256,1
15,3,PACE,AECI,1597600800,221.101,257.798,4
15,3,PACE,AECI,1598918400,195.734,244.161,4
15,3,PACE,AECI,1600236000,223.637,263.157,3
15,3,PACE,AECI,1601553600,190.171,256.736,1
15,3,PACE,AECI,1602871200,206.401,218.893,6
15,3,PACE,AECI,1604188800,250.932,263.29,2
15,3,PACE,AECI,1605506400,224.496,235.265,1
15,3,PACE,AECI,1606824000,227.795,251.093,6
15,3,PACE,AECI,1608141600,207.714,226.347,1
15,4,PACE,AECI,1577836800,176.86,226.717,1
15,4,PACE,AECI,1579154400,209.819,239.487,2
15,4,PACE,AECI,1580472000,188.968,202.703,1
15,4,PACE,AECI,1581789600,198.763,200.732,1
15,4,PACE,AECI,1583107200,198.34,213.105,2
15,4,PACE,AECI,1584424800,180.532,258.582,1
15,4,PACE,AECI,1585742400,136.423,230.918,1
15,4,PACE,AECI,1587060000,151.651,228.312,1
15,4,PACE,AECI,1588377600,170.59,198.668,2
15,4,PACE,AECI,1589695200,165.118,223.55,1
15,4,PACE,AECI,1591012800,158.652,236.311,1
15,4,PACE,AECI,1592330400,180.338,205.289,1
15,4,PACE,AECI,1593648000,215.558,215.96,1
15,4,PACE,AECI,1594965600,188.924,203.144,1
15,4,PACE,AECI,1596283200,200.419,238.256,1
15,4,PACE,AECI,1597600800,217.329,257.798,2
15,4,PACE,AECI,1598918400,186.206,244.161,1
15,4,PACE,AECI,1600236000,209.824,263.157,1
15,4,PACE,AECI,1601553600,190.171,256.736,1
15,4,PACE,AECI,1602871200,211.548,211.548,0
15,4,PACE,AECI,1604188800,241.973,263.29,1
15,4,PACE,AECI,1605506400,225.533,235.265,1
15,4,PACE,AECI,1606824000,220.626,246.095,2
15,4,PACE,AECI,1608141600,211.464,226.347,2
15,5,PACE,AECI,1577836800,182.647,226.717,3
15,5,PACE,AECI,1579154400,210.313,244.419,7
15,5,PACE,AECI,1580472000,186.589,202.703,4
15,5,PACE,AECI,1581789600,196.775,200.732,2
15,5,PACE,AECI,1583107200,184.611,213.105,4
15,5,PACE,AECI,1584424800,185.078,258.582,3
15,5,PACE,AECI,1585742400,136.423,230.918,1
15,5,PACE,AECI,1587060000,155.578,228.312,3
15,5,PACE,AECI,1588377600,154.786,198.668,4
15,5,PACE,AECI,1589695200,177.633,228.222,5
15,5,PACE,AECI,1591012800,163.696,236.311,3
15,5,PACE,AECI,1592330400,160.555,205.289,3
15,5,PACE,AECI,1593648000,189.514,215.96,4
15,5,PACE,AECI,1594965600,194.259,208.244,7
15,5,PACE,AECI,1596283200,204.416,243.136,8
15,5,PACE,AECI,1597600800,238.392,267.477,11
15,5,PACE,AECI,1598918400,198.58,248.814,5
15,5,PACE,AECI,1600236000,230.812,268.524,5
15,5,PACE,AECI,1601553600,204.855,262.744,5
15,5,PACE,AECI,1602871200,185.659,215.177,4
15,5,PACE,AECI,1604188800,239.823,268.458,5
15,5,PACE,AECI,1605506400,220.597,235.265,3
15,5,PACE,AECI,1606824000,221.813,251.093,6
15,5,PACE,AECI,1608141600,222.375,231.251,7
15,6,PACE,AECI,1577836800,176.86,226.717,1
15,6,PACE,AECI,1579154400,192.103,239.487,1
15,6,PACE,AECI,1580472000,186.937,202.703,1
15,6,PACE,AECI,1581789600,196.827,196.827,0
15,6,PACE,AECI,1583107200,208.975,208.975,0
15,6,PACE,AECI,1584424800,180.532,258.582,1
15,6,PACE,AECI,1585742400,136.423,230.918,1
15,6,PACE,AECI,1587060000,151.651,228.312,1
15,6,PACE,AECI,1588377600,184.926,198.668,2
15,6,PACE,AECI,1589695200,165.118,223.55,1
15,6,PACE,AECI,1591012800,158.652,236.311,1
15,6,PACE,AECI,1592330400,162.872,205.289,1
15,6,PACE,AECI,1593648000,211.4,211.4,0
15,6,PACE,AECI,1594965600,197.864,197.864,0
15,6,PACE,AECI,1596283200,187.498,238.256,1
15,6,PACE,AECI,1597600800,207.441,257.798,1
15,6,PACE,AECI,1598918400,186.206,244.161,1
15,6,PACE,AECI,1600236000,209.824,263.157,1
15,6,PACE,AECI,1601553600,190.171,256.736,1
15,6,PACE,AECI,1602871200,196.734,215.177,1
15,6,PACE,AECI,1604188800,258.098,258.098,0
15,6,PACE,AECI,1605506400,230.758,230.758,0
15,6,PACE,AECI,1606824000,241.036,241.036,0
15,6,PACE,AECI,1608141600,221.431,221.431,0
15,1,PACE,PSCO,1577836800,222.045,222.045,0
15,1,PACE,PSCO,1579154400,234.433,234.433,0
15,1,PACE,PSCO,1580472000,198.311,198.311,0
15,1,PACE,PSCO,1581789600,196.827,196.827,0
15,1,PACE,PSCO,1583107200,208.975,208.975,0
15,1,PACE,PSCO,1584424800,252.452,252.452,0
15,1,PACE,PSCO,1585742400,225.822,225.822,0
15,1,PACE,PSCO,1587060000,224.401,224.401,0
15,1,PACE,PSCO,1588377600,195.688,195.688,0
15,1,PACE,PSCO,1589695200,218.514,218.514,0
15,1,PACE,PSCO,1591012800,230.978,230.978,0
15,1,PACE,PSCO,1592330400,200.767,200.767,0
15,1,PACE,PSCO,1593648000,211.4,211.4,0
15,1,PACE,PSCO,1594965600,197.864,197.864,0
15,1,PACE,PSCO,1596283200,232.915,232.915,0
15,1,PACE,PSCO,1597600800,252.895,252.895,0
15,1,PACE,PSCO,1598918400,239.903,239.903,0
15,1,PACE,PSCO,1600236000,257.912,257.912,0
15,1,PACE,PSCO,1601553600,250.583,250.583,0
15,1,PACE,PSCO,1602871200,211.548,211.548,0
15,1,PACE,PSCO,1604188800,258.098,258.098,0
15,1,PACE,PSCO,1605506400,230.758,230.758,0
15,1,PACE,PSCO,1606824000,241.036,241.036,0
15,1,PACE,PSCO,1608141600,221.431,221.431,0
15,2,PACE,PSCO,1577836800,217.151,231.404,6
15,2,PACE,PSCO,1579154400,185.245,244.419,7
15,2,PACE,PSCO,1580472000,178.036,207.039,5
15,2,PACE,PSCO,1581789600,198.849,204.537,5
15,2,PACE,PSCO,1583107200,214.697,221.906,9
15,2,PACE,PSCO,1584424800,230.31,258.582,3
15,2,PACE,PSCO,1585742400,208.99,236.136,5
15,2,PACE,PSCO,1587060000,221.961,232.124,8
15,2,PACE,PSCO,1588377600,184.101,202.184,7
15,2,PACE,PSCO,1589695200,177.084,223.55,3
15,2,PACE,PSCO,1591012800,221.827,236.311,3
15,2,PACE,PSCO,1592330400,169.682,205.289,3
15,2,PACE,PSCO,1593648000,184.571,220.744,5
15,2,PACE,PSCO,1594965600,213.764,213.18,9
15,2,PACE,PSCO,1596283200,211.077,243.136,5
15,2,PACE,PSCO,1597600800,195.895,257.798,1
15,2,PACE,PSCO,1598918400,245.735,248.814,7
15,2,PACE,PSCO,1600236000,180.829,263.157,1
15,2,PACE,PSCO,1601553600,210.332,262.744,5
15,2,PACE,PSCO,1602871200,198.777,215.177,4
15,2,PACE,PSCO,1604188800,234.258,263.29,3
15,2,PACE,PSCO,1605506400,212.228,239.826,5
15,2,PACE,PSCO,1606824000,153.949,246.095,1
15,2,PACE,PSCO,1608141600,177.847,226.347,1
15,3,PACE,PSCO,1577836800,208.278,226.717,2
15,3,PACE,PSCO,1579154400,174.775,239.487,1
15,3,PACE,PSCO,1580472000,171.305,202.703,1
15,3,PACE,PSCO,1581789600,199.578,200.732,1
15,3,PACE,PSCO,1583107200,202.952,213.105,3
15,3,PACE,PSCO,1584424800,227.022,258.582,1
15,3,PACE,PSCO,1585742400,202.598,230.918,1
15,3,PACE,PSCO,1587060000,217.158,228.312,2
15,3,PACE,PSCO,1588377600,187.631,198.668,2
15,3,PACE,PSCO,1589695200,179.101,223.55,1
15,3,PACE,PSCO,1591012800,227.671,236.311,1
15,3,PACE,PSCO,1592330400,184.376,205.289,1
15,3,PACE,PSCO,1593648000,185.827,215.96,3
15,3,PACE,PSCO,1594965600,201.262,203.144,1
15,3,PACE,PSCO,1596283200,206.625,238.256,1
15,3,PACE,PSCO,1597600800,195.895,257.798,1
15,3,PACE,PSCO,1598918400,241.582,244.161,2
15,3,PACE,PSCO,1600236000,180.829,263.157,1
15,3,PACE,PSCO,1601553600,202.57,256.736,1
15,3,PACE,PSCO,1602871200,208.222,215.177,4
15,3,PACE,PSCO,1604188800,233.066,263.29,1
15,3,PACE,PSCO,1605506400,208.101,235.265,1
15,3,PACE,PSCO,1606824000,153.949,246.095,1
15,3,PACE,PSCO,1608141600,177.847,226.347,1
15,4,PACE,PSCO,1577836800,208.184,226.717,1
15,4,PACE,PSCO,1579154400,174.775,239.487,1
15,4,PACE,PSCO,1580472000,171.305,202.703,1
15,4,PACE,PSCO,1581789600,196.184,200.732,1
15,4,PACE,PSCO,1583107200,202.519,213.105,1
15,4,PACE,PSCO,1584424800,227.022,258.582,1
15,4,PACE,PSCO,1585742400,202.598,230.918,1
15,4,PACE,PSCO,1587060000,216.967,228.312,1
15,4,PACE,PSCO,1588377600,193.93,198.668,3
15,4,PACE,PSCO,1589695200,179.101,223.55,1
15,4,PACE,PSCO,1591012800,224.29,236.311,1
15,4,PACE,PSCO,1592330400,194.055,205.289,3
15,4,PACE,PSCO,1593648000,184.424,215.96,1
15,4,PACE,PSCO,1594965600,201.234,203.144,1
15,4,PACE,PSCO,1596283200,206.625,238.256,1
15,4,PACE,PSCO,1597600800,195.895,257.798,1
15,4,PACE,PSCO,1598918400,244.25,244.161,3
15,4,PACE,PSCO,1600236000,180.829,263.157,1
15,4,PACE,PSCO,1601553600,202.57,256.736,1
15,4,PACE,PSCO,1602871200,209.938,215.177,1
15,4,PACE,PSCO,1604188800,233.066,263.29,1
15,4,PACE,PSCO,1605506400,208.101,235.265,1
15,4,PACE,PSCO,1606824000,153.949,246.095,1
15,4,PACE,PSCO,1608141600,177.847,226.347,1
15,5,PACE,PSCO,1577836800,215.623,231.404,6
15,5,PACE,PSCO,1579154400,183.722,244.419,7
15,5,PACE,PSCO,1580472000,176.944,207.039,5
15,5,PACE,PSCO,1581789600,197.749,204.537,5
15,5,PACE,PSCO,1583107200,212.757,221.906,9
15,5,PACE,PSCO,1584424800,229.503,258.582,3
15,5,PACE,PSCO,1585742400,208.339,236.136,6
15,5,PACE,PSCO,1587060000,220.417,232.124,8
15,5,PACE,PSCO,1588377600,182.488,202.184,7
15,5,PACE,PSCO,1589695200,175.954,223.55,3
15,5,PACE,PSCO,1591012800,221.488,236.311,3
15,5,PACE,PSCO,1592330400,168.641,205.289,3
15,5,PACE,PSCO,1593648000,183.267,220.744,5
15,5,PACE,PSCO,1594965600,211.89,213.18,9
15,5,PACE,PSCO,1596283200,210.571,243.136,5
15,5,PACE,PSCO,1597600800,195.895,257.798,1
15,5,PACE,PSCO,1598918400,244.647,248.814,7
15,5,PACE,PSCO,1600236000,180.829,263.157,1
15,5,PACE,PSCO,1601553600,208.805,262.744,5
15,5,PACE,PSCO,1602871200,197.76,215.177,4
15,5,PACE,PSCO,1604188800,233.896,263.29,3
15,5,PACE,PSCO,1605506400,211.385,239.826,5
15,5,PACE,PSCO,1606824000,153.949,246.095,1
15,5,PACE,PSCO,1608141600,177.847,226.347,1
15,6,PACE,PSCO,1577836800,208.184,226.717,1
15,6,PACE,PSCO,1579154400,174.775,239.487,1
15,6,PACE,PSCO,1580472000,171.305,202.703,1
15,6,PACE,PSCO,1581789600,196.184,200.732,1
15,6,PACE,PSCO,1583107200,202.519,213.105,1
15,6,PACE,PSCO,1584424800,227.022,258.582,1
15,6,PACE,PSCO,1585742400,202.598,230.918,1
15,6,PACE,PSCO,1587060000,216.967,228.312,1
15,6,PACE,PSCO,1588377600,185.103,198.668,2
15,6,PACE,PSCO,1589695200,179.101,223.55,1
15,6,PACE,PSCO,1591012800,227.671,236.311,1
15,6,PACE,PSCO,1592330400,184.376,205.289,1
15,6,PACE,PSCO,1593648000,184.424,215.96,1
15,6,PACE,PSCO,1594965600,197.864,197.864,0
15,6,PACE,PSCO,1596283200,206.625,238.256,1
15,6,PACE,PSCO,1597600800,195.895,257.798,1
15,6,PACE,PSCO,1598918400,239.903,239.903,0
15,6,PACE,PSCO,1600236000,180.829,263.157,1
15,6,PACE,PSCO,1601553600,202.57,256.736,1
15,6,PACE,PSCO,1602871200,204.097,215.177,2
15,6,PACE,PSCO,1604188800,233.066,263.29,1
15,6,PACE,PSCO,1605506400,208.101,235.265,1
15,6,PACE,PSCO,1606824000,153.949,246.095,1
15,6,PACE,PSCO,1608141600,177.847,226.347,1
15,1,PSCO,EPE,1577836800,201.806,201.806,0
15,1,PSCO,EPE,1579154400,168.095,168.095,0
15,1,PSCO,EPE,1580472000,165.819,165.819,0
15,1,PSCO,EPE,1581789600,208.599,208.599,0
15,1,PSCO,EPE,1583107200,195.56,195.56,0
15,1,PSCO,EPE,1584424800,221.046,221.046,0
15,1,PSCO,EPE,1585742400,196.694,196.694,0
15,1,PSCO,EPE,1587060000,211.329,211.329,0
15,1,PSCO,EPE,1588377600,184.057,184.057,0
15,1,PSCO,EPE,1589695200,174.63,174.63,0
15,1,PSCO,EPE,1591012800,220.905,220.905,0
15,1,PSCO,EPE,1592330400,179.992,179.992,0
15,1,PSCO,EPE,1593648000,180.132,180.132,0
15,1,PSCO,EPE,1594965600,212.921,212.921,0
15,1,PSCO,EPE,1596283200,202.105,202.105,0
15,1,PSCO,EPE,1597600800,189.709,189.709,0
15,1,PSCO,EPE,1598918400,234.795,234.795,0
15,1,PSCO,EPE,1600236000,174.02,174.02,0
15,1,PSCO,EPE,1601553600,195.176,195.176,0
15,1,PSCO,EPE,1602871200,202.804,202.804,0
15,1,PSCO,EPE,1604188800,225.924,225.924,0
15,1,PSCO,EPE,1605506400,203.332,203.332,0
15,1,PSCO,EPE,1606824000,147.36,147.36,0
15,1,PSCO,EPE,1608141600,172.796,172.796,0
15,2,PSCO,EPE,1577836800,205.128,211.739,5
15,2,PSCO,EPE,1579154400,175.769,171.399,4
15,2,PSCO,EPE,1580472000,178.267,172.775,8
15,2,PSCO,EPE,1581789600,189.137,215.208,7
15,2,PSCO,EPE,1583107200,199.085,199.368,4
15,2,PSCO,EPE,1584424800,216.847,229.727,7
15,2,PSCO,EPE,1585742400,168.26,201.473,3
15,2,PSCO,EPE,1587060000,177.648,215.845,3
15,2,PSCO,EPE,1588377600,187.317,190.648,6
15,2,PSCO,EPE,1589695200,172.363,177.256,4
15,2,PSCO,EPE,1591012800,203.816,225.601,3
15,2,PSCO,EPE,1592330400,180.073,183.617,2
15,2,PSCO,EPE,1593648000,182.513,183.66,4
15,2,PSCO,EPE,1594965600,206.516,216.392,4
15,2,PSCO,EPE,1596283200,203.064,208.238,6
15,2,PSCO,EPE,1597600800,199.553,198.933,5
15,2,PSCO,EPE,1598918400,206.029,239.606,1
15,2,PSCO,EPE,1600236000,176.027,177.195,4
15,2,PSCO,EPE,1601553600,203.703,202.199,6
15,2,PSCO,EPE,1602871200,211.321,213.162,5
15,2,PSCO,EPE,1604188800,223.686,234.575,6
15,2,PSCO,EPE,1605506400,198.402,206.391,4
15,2,PSCO,EPE,1606824000,147.36,147.36,0
15,2,PSCO,EPE,1608141600,172.796,172.796,0
15,3,PSCO,EPE,1577836800,206.294,206.834,1
15,3,PSCO,EPE,1579154400,168.095,168.095,0
15,3,PSCO,EPE,1580472000,165.819,165.819,0
15,3,PSCO,EPE,1581789600,181.845,211.871,2
15,3,PSCO,EPE,1583107200,195.56,195.56,0
15,3,PSCO,EPE,1584424800,212.002,225.4,3
15,3,PSCO,EPE,1585742400,170.666,201.473,1
15,3,PSCO,EPE,1587060000,177.193,215.845,1
15,3,PSCO,EPE,1588377600,188.965,187.407,2
15,3,PSCO,EPE,1589695200,174.63,174.63,0
15,3,PSCO,EPE,1591012800,201.463,225.601,1
15,3,PSCO,EPE,1592330400,179.992,179.992,0
15,3,PSCO,EPE,1593648000,184.868,183.66,2
15,3,PSCO,EPE,1594965600,214.02,216.392,2
15,3,PSCO,EPE,1596283200,202.105,202.105,0
15,3,PSCO,EPE,1597600800,192.816,194.312,1
15,3,PSCO,EPE,1598918400,207.642,239.606,1
15,3,PSCO,EPE,1600236000,174.02,174.02,0
15,3,PSCO,EPE,1601553600,195.176,195.176,0
15,3,PSCO,EPE,1602871200,206.255,208.122,1
15,3,PSCO,EPE,1604188800,220.053,230.317,1
15,3,PSCO,EPE,1605506400,209.068,206.391,4
15,3,PSCO,EPE,1606824000,147.36,147.36,0
15,3,PSCO,EPE,1608141600,172.796,172.796,0
15,4,PSCO,EPE,1577836800,202.939,206.834,3
15,4,PSCO,EPE,1579154400,168.095,168.095,0
15,4,PSCO,EPE,1580472000,165.819,165.819,0
15,4,PSCO,EPE,1581789600,181.683,211.871,1
15,4,PSCO,EPE,1583107200,195.56,195.56,0
15,4,PSCO,EPE,1584424800,210.996,225.4,1
15,4,PSCO,EPE,1585742400,170.666,201.473,1
15,4,PSCO,EPE,1587060000,177.193,215.845,1
15,4,PSCO,EPE,1588377600,186.96,187.407,2
15,4,PSCO,EPE,1589695200,176.541,177.256,2
15,4,PSCO,EPE,1591012800,201.463,225.601,1
15,4,PSCO,EPE,1592330400,187.023,183.617,1
15,4,PSCO,EPE,1593648000,180.132,180.132,0
15,4,PSCO,EPE,1594965600,211.363,216.392,1
15,4,PSCO,EPE,1596283200,198.397,205.15,2
15,4,PSCO,EPE,1597600800,193.919,194.312,1
15,4,PSCO,EPE,1598918400,217.843,239.606,2
15,4,PSCO,EPE,1600236000,174.02,174.02,0
15,4,PSCO,EPE,1601553600,195.176,195.176,0
15,4,PSCO,EPE,1602871200,202.804,202.804,0
15,4,PSCO,EPE,1604188800,218.283,230.317,1
15,4,PSCO,EPE,1605506400,203.332,203.332,0
15,4,PSCO,EPE,1606824000,147.36,147.36,0
15,4,PSCO,EPE,1608141600,172.796,172.796,0
15,5,PSCO,EPE,1577836800,203.937,211.739,5
15,5,PSCO,EPE,1579154400,173.794,171.399,4
15,5,PSCO,EPE,1580472000,177.472,172.775,8
15,5,PSCO,EPE,1581789600,188.376,215.208,7
15,5,PSCO,EPE,1583107200,197.805,199.368,4
15,5,PSCO,EPE,1584424800,215.883,229.727,7
15,5,PSCO,EPE,1585742400,167.033,201.473,3
15,5,PSCO,EPE,1587060000,177.207,215.845,3
15,5,PSCO,EPE,1588377600,185.908,190.648,6
15,5,PSCO,EPE,1589695200,171.825,177.256,4
15,5,PSCO,EPE,1591012800,203.183,225.601,3
15,5,PSCO,EPE,1592330400,179.729,183.617,3
15,5,PSCO,EPE,1593648000,181.788,183.66,4
15,5,PSCO,EPE,1594965600,205.708,216.392,4
15,5,PSCO,EPE,1596283200,202.624,208.238,6
15,5,PSCO,EPE,1597600800,199.061,198.933,5
15,5,PSCO,EPE,1598918400,205.74,239.606,1
15,5,PSCO,EPE,1600236000,175.069,177.195,4
15,5,PSCO,EPE,1601553600,201.736,202.199,6
15,5,PSCO,EPE,1602871200,210.413,213.162,5
15,5,PSCO,EPE,1604188800,222.336,234.575,6
15,5,PSCO,EPE,1605506400,197.817,206.391,4
15,5,PSCO,EPE,1606824000,147.36,147.36,0
15,5,PSCO,EPE,1608141600,172.796,172.796,0
15,6,PSCO,EPE,1577836800,201.806,201.806,0
15,6,PSCO,EPE,1579154400,168.095,168.095,0
15,6,PSCO,EPE,1580472000,165.819,165.819,0
15,6,PSCO,EPE,1581789600,181.683,211.871,1
15,6,PSCO,EPE,1583107200,195.56,195.56,0
15,6,PSCO,EPE,1584424800,210.996,225.4,1
15,6,PSCO,EPE,1585742400,170.666,201.473,1
15,6,PSCO,EPE,1587060000,177.193,215.845,1
15,6,PSCO,EPE,1588377600,183.657,187.407,1
15,6,PSCO,EPE,1589695200,174.63,174.63,0
15,6,PSCO,EPE,1591012800,201.463,225.601,1
15,6,PSCO,EPE,1592330400,179.992,179.992,0
15,6,PSCO,EPE,1593648000,180.132,180.132,0
15,6,PSCO,EPE,1594965600,212.698,216.392,1
15,6,PSCO,EPE,1596283200,202.105,202.105,0
15,6,PSCO,EPE,1597600800,189.709,189.709,0
15,6,PSCO,EPE,1598918400,207.642,239.606,1
15,6,PSCO,EPE,1600236000,174.02,174.02,0
15,6,PSCO,EPE,1601553600,195.176,195.176,0
15,6,PSCO,EPE,1602871200,202.804,202.804,0
15,6,PSCO,EPE,1604188800,220.053,230.317,1
15,6,PSCO,EPE,1605506400,203.332,203.332,0
15,6,PSCO,EPE,1606824000,147.36,147.36,0
15,6,PSCO,EPE,1608141600,172.796,172.796,0
15,1,PSCO,PACE,1577836800,201.806,201.806,0
15,1,PSCO,PACE,1579154400,168.095,168.095,0
15,1,PSCO,PACE,1580472000,165.819,165.819,0
15,1,PSCO,PACE,1581789600,208.599,208.599,0
15,1,PSCO,PACE,1583107200,195.56,195.56,0
15,1,PSCO,PACE,1584424800,221.046,221.046,0
15,1,PSCO,PACE,1585742400,196.694,196.694,0
15,1,PSCO,PACE,1587060000,211.329,211.329,0
15,1,PSCO,PACE,1588377600,184.057,184.057,0
15,1,PSCO,PACE,1589695200,174.63,174.63,0
15,1,PSCO,PACE,1591012800,220.905,220.905,0
15,1,PSCO,PACE,1592330400,179.992,179.992,0
15,1,PSCO,PACE,1593648000,180.132,180.132,0
15,1,PSCO,PACE,1594965600,212.921,212.921,0
15,1,PSCO,PACE,1596283200,202.105,202.105,0
15,1,PSCO,PACE,1597600800,189.709,189.709,0
15,1,PSCO,PACE,1598918400,234.795,234.795,0
15,1,PSCO,PACE,1600236000,174.02,174.02,0
15,1,PSCO,PACE,1601553600,195.176,195.176,0
15,1,PSCO,PACE,1602871200,202.804,202.804,0
15,1,PSCO,PACE,1604188800,225.924,225.924,0
15,1,PSCO,PACE,1605506400,203.332,203.332,0
15,1,PSCO,PACE,1606824000,147.36,147.36,0
15,1,PSCO,PACE,1608141600,172.796,172.796,0
15,2,PSCO,PACE,1577836800,215.801,211.739,5
15,2,PSCO,PACE,1579154400,181.869,174.668,6
15,2,PSCO,PACE,1580472000,172.547,169.296,4
15,2,PSCO,PACE,1581789600,200.984,215.208,6
15,2,PSCO,PACE,1583107200,208.13,202.871,8
15,2,PSCO,PACE,1584424800,228.687,225.4,2
15,2,PSCO,PACE,1585742400,210.199,206.331,6
15,2,PSCO,PACE,1587060000,220.839,220.262,7
15,2,PSCO,PACE,1588377600,182.023,190.648,6
15,2,PSCO,PACE,1589695200,175.239,177.256,2
15,2,PSCO,PACE,1591012800,219.756,225.601,2
15,2,PSCO,PACE,1592330400,170.733,183.617,4
15,2,PSCO,PACE,1593648000,185.583,187.687,6
15,2,PSCO,PACE,1594965600,208.731,220.093,8
15,2,PSCO,PACE,1596283200,206.514,205.15,4
15,2,PSCO,PACE,1597600800,189.709,189.709,0
15,2,PSCO,PACE,1598918400,242.766,244.046,6
15,2,PSCO,PACE,1600236000,174.02,174.02,0
15,2,PSCO,PACE,1601553600,203.04,198.739,4
15,2,PSCO,PACE,1602871200,196.96,208.122,3
15,2,PSCO,PACE,1604188800,231.509,230.317,2
15,2,PSCO,PACE,1605506400,207.661,206.391,4
15,2,PSCO,PACE,1606824000,147.36,147.36,0
15,2,PSCO,PACE,1608141600,172.796,172.796,0
15,3,PSCO,PACE,1577836800,206.554,206.834,1
15,3,PSCO,PACE,1579154400,168.095,168.095,0
15,3,PSCO,PACE,1580472000,165.819,165.819,0
15,3,PSCO,PACE,1581789600,202.467,211.871,2
15,3,PSCO,PACE,1583107200,200.378,199.368,2
15,3,PSCO,PACE,1584424800,221.046,221.046,0
15,3,PSCO,PACE,1585742400,196.694,196.694,0
15,3,PSCO,PACE,1587060000,215.678,215.845,1
15,3,PSCO,PACE,1588377600,185.553,187.407,1
15,3,PSCO,PACE,1589695200,174.63,174.63,0
15,3,PSCO,PACE,1591012800,220.905,220.905,0
15,3,PSCO,PACE,1592330400,179.992,179.992,0
15,3,PSCO,PACE,1593648000,184.882,183.66,2
15,3,PSCO,PACE,1594965600,203.392,216.392,2
15,3,PSCO,PACE,1596283200,202.105,202.105,0
15,3,PSCO,PACE,1597600800,189.709,189.709,0
15,3,PSCO,PACE,1598918400,237.556,239.606,1
15,3,PSCO,PACE,1600236000,174.02,174.02,0
15,3,PSCO,PACE,1601553600,195.176,195.176,0
15,3,PSCO,PACE,1602871200,205.344,208.122,3
15,3,PSCO,PACE,1604188800,225.924,225.924,0
15,3,PSCO,PACE,1605506400,203.332,203.332,0
15,3,PSCO,PACE,1606824000,147.36,147.36,0
15,3,PSCO,PACE,1608141600,172.796,172.796,0
15,4,PSCO,PACE,1577836800,201.806,201.806,0
15,4,PSCO,PACE,1579154400,168.095,168.095,0
15,4,PSCO,PACE,1580472000,165.819,165.819,0
15,4,PSCO,PACE,1581789600,198.319,211.871,2
15,4,PSCO,PACE,1583107200,195.56,195.56,0
15,4,PSCO,PACE,1584424800,221.046,221.046,0
15,4,PSCO,PACE,1585742400,196.694,196.694,0
15,4,PSCO,PACE,1587060000,211.329,211.329,0
15,4,PSCO,PACE,1588377600,191.851,187.407,2
15,4,PSCO,PACE,1589695200,174.63,174.63,0
15,4,PSCO,PACE,1591012800,220.905,220.905,0
15,4,PSCO,PACE,1592330400,193.295,183.617,2
15,4,PSCO,PACE,1593648000,180.132,180.132,0
15,4,PSCO,PACE,1594965600,202.255,216.392,2
15,4,PSCO,PACE,1596283200,202.105,202.105,0
15,4,PSCO,PACE,1597600800,189.709,189.709,0
15,4,PSCO,PACE,1598918400,241.28,239.606,2
15,4,PSCO,PACE,1600236000,174.02,174.02,0
15,4,PSCO,PACE,1601553600,195.176,195.176,0
15,4,PSCO,PACE,1602871200,202.804,202.804,0
15,4,PSCO,PACE,1604188800,225.924,225.924,0
15,4,PSCO,PACE,1605506400,203.332,203.332,0
15,4,PSCO,PACE,1606824000,147.36,147.36,0
15,4,PSCO,PACE,1608141600,172.796,172.796,0
15,5,PSCO,PACE,1577836800,214.273,211.739,5
15,5,PSCO,PACE,1579154400,180.345,174.668,6
15,5,PSCO,PACE,1580472000,171.455,169.296,4
15,5,PSCO,PACE,1581789600,199.885,215.208,6
15,5,PSCO,PACE,1583107200,206.19,202.871,8
15,5,PSCO,PACE,1584424800,227.881,225.4,2
15,5,PSCO,PACE,1585742400,201.142,201.473,4
15,5,PSCO,PACE,1587060000,219.294,220.262,7
15,5,PSCO,PACE,1588377600,180.41,190.648,6
15,5,PSCO,PACE,1589695200,174.109,177.256,2
15,5,PSCO,PACE,1591012800,219.417,225.601,2
15,5,PSCO,PACE,1592330400,169.692,183.617,4
15,5,PSCO,PACE,1593648000,178.476,183.66,4
15,5,PSCO,PACE,1594965600,206.857,220.093,8
15,5,PSCO,PACE,1596283200,206.008,205.15,4
15,5,PSCO,PACE,1597600800,189.709,189.709,0
15,5,PSCO,PACE,1598918400,241.678,244.046,6
15,5,PSCO,PACE,1600236000,174.02,174.02,0
15,5,PSCO,PACE,1601553600,201.513,198.739,4
15,5,PSCO,PACE,1602871200,195.943,208.122,3
15,5,PSCO,PACE,1604188800,231.147,230.317,2
15,5,PSCO,PACE,1605506400,206.818,206.391,4
15,5,PSCO,PACE,1606824000,147.36,147.36,0
15,5,PSCO,PACE,1608141600,172.796,172.796,0
15,6,PSCO,PACE,1577836800,201.806,201.806,0
15,6,PSCO,PACE,1579154400,168.095,168.095,0
15,6,PSCO,PACE,1580472000,165.819,165.819,0
15,6,PSCO,PACE,1581789600,198.319,211.871,2
15,6,PSCO,PACE,1583107200,195.56,195.56,0
15,6,PSCO,PACE,1584424800,221.046,221.046,0
15,6,PSCO,PACE,1585742400,196.694,196.694,0
15,6,PSCO,PACE,1587060000,211.329,211.329,0
15,6,PSCO,PACE,1588377600,183.025,187.407,1
15,6,PSCO,PACE,1589695200,174.63,174.63,0
15,6,PSCO,PACE,1591012800,220.905,220.905,0
15,6,PSCO,PACE,1592330400,179.992,179.992,0
15,6,PSCO,PACE,1593648000,180.132,180.132,0
15,6,PSCO,PACE,1594965600,204.166,216.392,1
15,6,PSCO,PACE,1596283200,202.105,202.105,0
15,6,PSCO,PACE,1597600800,189.709,189.709,0
15,6,PSCO,PACE,1598918400,234.503,239.606,1
15,6,PSCO,PACE,1600236000,174.02,174.02,0
15,6,PSCO,PACE,1601553600,195.176,195.176,0
15,6,PSCO,PACE,1602871200,202.281,208.122,1
15,6,PSCO,PACE,1604188800,225.924,225.924,0
15,6,PSCO,PACE,1605506400,203.332,203.332,0
15,6,PSCO,PACE,1606824000,147.36,147.36,0
15,6,PSCO,PACE,1608141600,172.796,172.796,0
15,1,TEPC,AECI,1577836800,261.782,261.782,0
15,1,TEPC,AECI,1579154400,260.044,260.044,0
15,1,TEPC,AECI,1580472000,227.287,227.287,0
15,1,TEPC,AECI,1581789600,230.952,230.952,0
15,1,TEPC,AECI,1583107200,213.887,213.887,0
15,1,TEPC,AECI,1584424800,209.261,209.261,0
15,1,TEPC,AECI,1585742400,163.89,163.89,0
15,1,TEPC,AECI,1587060000,178.693,178.693,0
15,1,TEPC,AECI,1588377600,179.254,179.254,0
15,1,TEPC,AECI,1589695200,215.518,215.518,0
15,1,TEPC,AECI,1591012800,222.496,222.496,0
15,1,TEPC,AECI,1592330400,189.451,189.451,0
15,1,TEPC,AECI,1593648000,215.878,215.878,0
15,1,TEPC,AECI,1594965600,207.863,207.863,0
15,1,TEPC,AECI,1596283200,219.66,219.66,0
15,1,TEPC,AECI,1597600800,232.192,232.192,0
15,1,TEPC,AECI,1598918400,219.508,219.508,0
15,1,TEPC,AECI,1600236000,245.174,245.174,0
15,1,TEPC,AECI,1601553600,235.921,235.921,0
15,1,TEPC,AECI,1602871200,262.53,262.53,0
15,1,TEPC,AECI,1604188800,265.706,265.706,0
15,1,TEPC,AECI,1605506400,225.001,225.001,0
15,1,TEPC,AECI,1606824000,193.11,193.11,0
15,1,TEPC,AECI,1608141600,251.11,251.11,0
15,2,TEPC,AECI,1577836800,183.805,267.327,3
15,2,TEPC,AECI,1579154400,195.711,265.972,3
15,2,TEPC,AECI,1580472000,182.085,232.948,3
15,2,TEPC,AECI,1581789600,200.553,234.731,4
15,2,TEPC,AECI,1583107200,180.898,218.268,4
15,2,TEPC,AECI,1584424800,196.387,218.766,7
15,2,TEPC,AECI,1585742400,144.363,171.952,6
15,2,TEPC,AECI,1587060000,153.214,181.485,4
15,2,TEPC,AECI,1588377600,161.368,182.828,4
15,2,TEPC,AECI,1589695200,179.597,225.929,5
15,2,TEPC,AECI,1591012800,162.904,227.481,3
15,2,TEPC,AECI,1592330400,178.838,196.336,6
15,2,TEPC,AECI,1593648000,201.156,220.097,4
15,2,TEPC,AECI,1594965600,198.253,217.978,5
15,2,TEPC,AECI,1596283200,212.874,228.951,8
15,2,TEPC,AECI,1597600800,240.229,241.07,6
15,2,TEPC,AECI,1598918400,220.83,232.668,12
15,2,TEPC,AECI,1600236000,231.471,256.016,5
15,2,TEPC,AECI,1601553600,220.985,249.744,10
15,2,TEPC,AECI,1602871200,204.786,272.17,8
15,2,TEPC,AECI,1604188800,236.247,270.432,4
15,2,TEPC,AECI,1605506400,222.719,230.103,3
15,2,TEPC,AECI,1606824000,193.11,193.11,0
15,2,TEPC,AECI,1608141600,211.096,256.156,3
15,3,TEPC,AECI,1577836800,178.47,267.327,1
15,3,TEPC,AECI,1579154400,192.555,265.972,1
15,3,TEPC,AECI,1580472000,184.236,232.948,1
15,3,TEPC,AECI,1581789600,215.21,234.731,4
15,3,TEPC,AECI,1583107200,213.887,213.887,0
15,3,TEPC,AECI,1584424800,185.173,214.078,1
15,3,TEPC,AECI,1585742400,139.215,167.958,4
15,3,TEPC,AECI,1587060000,175.487,181.485,2
15,3,TEPC,AECI,1588377600,179.254,179.254,0
15,3,TEPC,AECI,1589695200,163.287,220.659,1
15,3,TEPC,AECI,1591012800,157.738,227.481,1
15,3,TEPC,AECI,1592330400,187.211,192.904,4
15,3,TEPC,AECI,1593648000,215.878,215.878,0
15,3,TEPC,AECI,1594965600,203.806,212.83,3
15,3,TEPC,AECI,1596283200,190.33,224.499,1
15,3,TEPC,AECI,1597600800,232.192,232.192,0
15,3,TEPC,AECI,1598918400,188.327,224.177,3
15,3,TEPC,AECI,1600236000,247.348,250.543,1
15,3,TEPC,AECI,1601553600,188.864,240.805,1
15,3,TEPC,AECI,1602871200,185.069,267.329,1
15,3,TEPC,AECI,1604188800,259.004,270.432,2
15,3,TEPC,AECI,1605506400,219.71,230.103,1
15,3,TEPC,AECI,1606824000,193.11,193.11,0
15,3,TEPC,AECI,1608141600,200.203,256.156,1
15,4,TEPC,AECI,1577836800,178.47,267.327,1
15,4,TEPC,AECI,1579154400,192.555,265.972,1
15,4,TEPC,AECI,1580472000,177.466,232.948,1
15,4,TEPC,AECI,1581789600,225.432,234.731,3
15,4,TEPC,AECI,1583107200,222.199,218.268,1
15,4,TEPC,AECI,1584424800,185.698,214.078,1
15,4,TEPC,AECI,1585742400,148.128,167.958,2
15,4,TEPC,AECI,1587060000,165.8,181.485,3
15,4,TEPC,AECI,1588377600,179.254,179.254,0
15,4,TEPC,AECI,1589695200,163.287,220.659,1
15,4,TEPC,AECI,1591012800,157.738,227.481,1
15,4,TEPC,AECI,1592330400,189.451,189.451,0
15,4,TEPC,AECI,1593648000,215.878,215.878,0
15,4,TEPC,AECI,1594965600,207.863,207.863,0
15,4,TEPC,AECI,1596283200,219.66,219.66,0
15,4,TEPC,AECI,1597600800,232.192,232.192,0
15,4,TEPC,AECI,1598918400,210.027,224.177,1
15,4,TEPC,AECI,1600236000,236.649,250.543,2
15,4,TEPC,AECI,1601553600,194.839,240.805,2
15,4,TEPC,AECI,1602871200,185.069,267.329,1
15,4,TEPC,AECI,1604188800,248.724,270.432,1
15,4,TEPC,AECI,1605506400,220.401,230.103,1
15,4,TEPC,AECI,1606824000,193.11,193.11,0
15,4,TEPC,AECI,1608141600,200.203,256.156,1
15,5,TEPC,AECI,1577836800,183.517,267.327,3
15,5,TEPC,AECI,1579154400,195.428,265.972,3
15,5,TEPC,AECI,1580472000,180.638,232.948,3
15,5,TEPC,AECI,1581789600,199.815,234.731,4
15,5,TEPC,AECI,1583107200,178.92,218.268,4
15,5,TEPC,AECI,1584424800,195.513,218.766,7
15,5,TEPC,AECI,1585742400,138.48,167.958,4
15,5,TEPC,AECI,1587060000,155.727,184.288,5
15,5,TEPC,AECI,1588377600,159.521,182.828,4
15,5,TEPC,AECI,1589695200,177.187,225.929,5
15,5,TEPC,AECI,1591012800,160.567,227.481,1
15,5,TEPC,AECI,1592330400,177.518,196.336,6
15,5,TEPC,AECI,1593648000,200.063,220.097,4
15,5,TEPC,AECI,1594965600,197.058,217.978,5
15,5,TEPC,AECI,1596283200,212.546,228.951,8
15,5,TEPC,AECI,1597600800,239.791,241.07,6
15,5,TEPC,AECI,1598918400,219.125,232.668,12
15,5,TEPC,AECI,1600236000,230.477,256.016,5
15,5,TEPC,AECI,1601553600,220.455,249.744,10
15,5,TEPC,AECI,1602871200,203.725,272.17,7
15,5,TEPC,AECI,1604188800,234.782,270.432,4
15,5,TEPC,AECI,1605506400,221.497,230.103,3
15,5,TEPC,AECI,1606824000,193.11,193.11,0
15,5,TEPC,AECI,1608141600,209.573,256.156,3
15,6,TEPC,AECI,1577836800,178.47,267.327,1
15,6,TEPC,AECI,1579154400,192.555,265.972,1
15,6,TEPC,AECI,1580472000,184.236,232.948,1
15,6,TEPC,AECI,1581789600,230.952,230.952,0
15,6,TEPC,AECI,1583107200,213.887,213.887,0
15,6,TEPC,AECI,1584424800,184.285,214.078,1
15,6,TEPC,AECI,1585742400,135.986,167.958,1
15,6,TEPC,AECI,1587060000,178.693,178.693,0
15,6,TEPC,AECI,1588377600,179.254,179.254,0
15,6,TEPC,AECI,1589695200,163.287,220.659,1
15,6,TEPC,AECI,1591012800,157.738,227.481,1
15,6,TEPC,AECI,1592330400,189.451,189.451,0
15,6,TEPC,AECI,1593648000,215.878,215.878,0
15,6,TEPC,AECI,1594965600,207.863,207.863,0
15,6,TEPC,AECI,1596283200,219.66,219.66,0
15,6,TEPC,AECI,1597600800,232.192,232.192,0
15,6,TEPC,AECI,1598918400,219.508,219.508,0
15,6,TEPC,AECI,1600236000,245.174,245.174,0
15,6,TEPC,AECI,1601553600,188.864,240.805,1
15,6,TEPC,AECI,1602871200,185.069,267.329,1
15,6,TEPC,AECI,1604188800,265.706,265.706,0
15,6,TEPC,AECI,1605506400,225.001,225.001,0
15,6,TEPC,AECI,1606824000,193.11,193.11,0
15,6,TEPC,AECI,1608141600,200.203,256.156,1
20,1,AECI,EPE,1577836800,171.652,171.652,0
20,1,AECI,EPE,1579154400,184.829,184.829,0
20,1,AECI,EPE,1580472000,179.08,179.08,0
20,1,AECI,EPE,1581789600,190.047,190.047,0
20,1,AECI,EPE,1583107200,177.533,177.533,0
20,1,AECI,EPE,1584424800,173.609,173.609,0
20,1,AECI,EPE,1585742400,130.078,130.078,0
20,1,AECI,EPE,1587060000,146.519,146.519,0
20,1,AECI,EPE,1588377600,154.192,154.192,0
20,1,AECI,EPE,1589695200,158.058,158.058,0
20,1,AECI,EPE,1591012800,151.782,151.782,0
20,1,AECI,EPE,1592330400,159.195,159.195,0
20,1,AECI,EPE,1593648000,183.868,183.868,0
20,1,AECI,EPE,1594965600,175.21,175.21,0
20,1,AECI,EPE,1596283200,180.832,180.832,0
20,1,AECI,EPE,1597600800,201.072,201.072,0
20,1,AECI,EPE,1598918400,180.384,180.384,0
20,1,AECI,EPE,1600236000,202.899,202.899,0
20,1,AECI,EPE,1601553600,182.573,182.573,0
20,1,AECI,EPE,1602871200,178.75,178.75,0
20,1,AECI,EPE,1604188800,219.569,219.569,0
20,1,AECI,EPE,1605506400,205.232,205.232,0
20,1,AECI,EPE,1606824000,196.187,196.187,0
20,1,AECI,EPE,1608141600,194.483,194.483,0
20,2,AECI,EPE,1577836800,208.655,182.887,9
20,2,AECI,EPE,1579154400,210.519,188.789,3
20,2,AECI,EPE,1580472000,177.17,182.532,3
20,2,AECI,EPE,1581789600,181.623,194.225,1
20,2,AECI,EPE,1583107200,194.531,186.056,5
20,2,AECI,EPE,1584424800,197.725,179.684,6
20,2,AECI,EPE,1585742400,148.855,137.315,5
20,2,AECI,EPE,1587060000,167.538,151.4,6
20,2,AECI,EPE,1588377600,171.113,161.5,5
20,2,AECI,EPE,1589695200,183.271,164.985,6
20,2,AECI,EPE,1591012800,182.853,162.093,7
20,2,AECI,EPE,1592330400,193.788,168.835,8
20,2,AECI,EPE,1593648000,207.254,191.747,5
20,2,AECI,EPE,1594965600,198.275,181.77,4
20,2,AECI,EPE,1596283200,208.127,188.162,5
20,2,AECI,EPE,1597600800,221.171,205.228,3
20,2,AECI,EPE,1598918400,216.843,187.524,6
20,2,AECI,EPE,1600236000,206.484,206.444,2
20,2,AECI,EPE,1601553600,204.719,185.848,2
20,2,AECI,EPE,1602871200,204.029,186.552,5
20,2,AECI,EPE,1604188800,223.061,228.152,5
20,2,AECI,EPE,1605506400,206.65,208.412,2
20,2,AECI,EPE,1606824000,204.588,200.233,3
20,2,AECI,EPE,1608141600,235.431,208.422,11
20,3,AECI,EPE,1577836800,207.757,175.342,1
20,3,AECI,EPE,1579154400,212.269,188.789,1
20,3,AECI,EPE,1580472000,175.597,182.532,3
20,3,AECI,EPE,1581789600,181.623,194.225,1
20,3,AECI,EPE,1583107200,207.649,181.799,1
20,3,AECI,EPE,1584424800,201.654,176.679,2
20,3,AECI,EPE,1585742400,141.766,133.734,3
20,3,AECI,EPE,1587060000,175.701,149.147,1
20,3,AECI,EPE,1588377600,188.31,157.765,1
20,3,AECI,EPE,1589695200,192.469,161.536,2
20,3,AECI,EPE,1591012800,151.782,151.782,0
20,3,AECI,EPE,1592330400,167.357,162.435,1
20,3,AECI,EPE,1593648000,203.315,187.798,1
20,3,AECI,EPE,1594965600,209.63,181.77,4
20,3,AECI,EPE,1596283200,197.688,184.458,2
20,3,AECI,EPE,1597600800,219.853,205.228,1
20,3,AECI,EPE,1598918400,208.854,183.948,1
20,3,AECI,EPE,1600236000,205.562,206.444,2
20,3,AECI,EPE,1601553600,197.427,185.848,2
20,3,AECI,EPE,1602871200,186.678,182.572,1
20,3,AECI,EPE,1604188800,221.131,223.947,1
20,3,AECI,EPE,1605506400,204.261,208.412,2
20,3,AECI,EPE,1606824000,204.44,200.233,1
20,3,AECI,EPE,1608141600,221.357,198.171,1
20,4,AECI,EPE,1577836800,207.757,175.342,1
20,4,AECI,EPE,1579154400,212.269,188.789,1
20,4,AECI,EPE,1580472000,186.574,182.532,1
20,4,AECI,EPE,1581789600,181.623,194.225,1
20,4,AECI,EPE,1583107200,204.63,181.799,1
20,4,AECI,EPE,1584424800,204.381,176.679,1
20,4,AECI,EPE,1585742400,146.695,133.734,1
20,4,AECI,EPE,1587060000,167.394,149.147,2
20,4,AECI,EPE,1588377600,171.079,157.765,1
20,4,AECI,EPE,1589695200,179.638,161.536,1
20,4,AECI,EPE,1591012800,151.782,151.782,0
20,4,AECI,EPE,1592330400,159.195,159.195,0
20,4,AECI,EPE,1593648000,203.315,187.798,1
20,4,AECI,EPE,1594965600,184.58,178.469,1
20,4,AECI,EPE,1596283200,209.766,184.458,1
20,4,AECI,EPE,1597600800,219.853,205.228,1
20,4,AECI,EPE,1598918400,208.854,183.948,1
20,4,AECI,EPE,1600236000,204.998,206.444,1
20,4,AECI,EPE,1601553600,203.059,185.848,2
20,4,AECI,EPE,1602871200,191.173,182.572,1
20,4,AECI,EPE,1604188800,221.131,223.947,1
20,4,AECI,EPE,1605506400,209.658,208.412,1
20,4,AECI,EPE,1606824000,204.44,200.233,1
20,4,AECI,EPE,1608141600,221.357,198.171,1
20,5,AECI,EPE,1577836800,207.783,182.887,9
20,5,AECI,EPE,1579154400,209.915,188.789,3
20,5,AECI,EPE,1580472000,176.945,182.532,3
20,5,AECI,EPE,1581789600,181.623,194.225,1
20,5,AECI,EPE,1583107200,186.262,181.799,3
20,5,AECI,EPE,1584424800,197.273,179.684,6
20,5,AECI,EPE,1585742400,148.191,137.315,5
20,5,AECI,EPE,1587060000,165.984,151.4,6
20,5,AECI,EPE,1588377600,170.078,161.5,5
20,5,AECI,EPE,1589695200,181.944,164.985,6
20,5,AECI,EPE,1591012800,182.173,162.093,7
20,5,AECI,EPE,1592330400,191.516,168.835,8
20,5,AECI,EPE,1593648000,206.246,191.747,5
20,5,AECI,EPE,1594965600,197.112,181.77,4
20,5,AECI,EPE,1596283200,207.774,188.162,5
20,5,AECI,EPE,1597600800,220.741,205.228,3
20,5,AECI,EPE,1598918400,215.776,187.524,6
20,5,AECI,EPE,1600236000,205.562,206.444,2
20,5,AECI,EPE,1601553600,203.916,185.848,2
20,5,AECI,EPE,1602871200,203.485,186.552,5
20,5,AECI,EPE,1604188800,222.275,228.152,5
20,5,AECI,EPE,1605506400,205.788,208.412,2
20,5,AECI,EPE,1606824000,204.474,200.233,3
20,5,AECI,EPE,1608141600,234.545,208.422,11
20,6,AECI,EPE,1577836800,207.757,175.342,1
20,6,AECI,EPE,1579154400,212.269,188.789,1
20,6,AECI,EPE,1580472000,186.574,182.532,1
20,6,AECI,EPE,1581789600,181.623,194.225,1
20,6,AECI,EPE,1583107200,207.649,181.799,1
20,6,AECI,EPE,1584424800,208.492,176.679,1
20,6,AECI,EPE,1585742400,130.078,130.078,0
20,6,AECI,EPE,1587060000,175.701,149.147,1
20,6,AECI,EPE,1588377600,184.538,157.765,1
20,6,AECI,EPE,1589695200,189.749,161.536,1
20,6,AECI,EPE,1591012800,151.782,151.782,0
20,6,AECI,EPE,1592330400,159.195,159.195,0
20,6,AECI,EPE,1593648000,203.315,187.798,1
20,6,AECI,EPE,1594965600,210.588,178.469,1
20,6,AECI,EPE,1596283200,209.766,184.458,1
20,6,AECI,EPE,1597600800,219.853,205.228,1
20,6,AECI,EPE,1598918400,208.854,183.948,1
20,6,AECI,EPE,1600236000,204.998,206.444,1
20,6,AECI,EPE,1601553600,182.573,182.573,0
20,6,AECI,EPE,1602871200,178.75,178.75,0
20,6,AECI,EPE,1604188800,221.131,223.947,1
20,6,AECI,EPE,1605506400,209.658,208.412,1
20,6,AECI,EPE,1606824000,204.44,200.233,1
20,6,AECI,EPE,1608141600,221.357,198.171,1
20,1,AECI,PACE,1577836800,171.652,171.652,0
20,1,AECI,PACE,1579154400,184.829,184.829,0
20,1,AECI,PACE,1580472000,179.08,179.08,0
20,1,AECI,PACE,1581789600,190.047,190.047,0
20,1,AECI,PACE,1583107200,177.533,177.533,0
20,1,AECI,PACE,1584424800,173.609,173.609,0
20,1,AECI,PACE,1585742400,130.078,130.078,0
20,1,AECI,PACE,1587060000,146.519,146.519,0
20,1,AECI,PACE,1588377600,154.192,154.192,0
20,1,AECI,PACE,1589695200,158.058,158.058,0
20,1,AECI,PACE,1591012800,151.782,151.782,0
20,1,AECI,PACE,1592330400,159.195,159.195,0
20,1,AECI,PACE,1593648000,183.868,183.868,0
20,1,AECI,PACE,1594965600,175.21,175.21,0
20,1,AECI,PACE,1596283200,180.832,180.832,0
20,1,AECI,PACE,1597600800,201.072,201.072,0
20,1,AECI,PACE,1598918400,180.384,180.384,0
20,1,AECI,PACE,1600236000,202.899,202.899,0
20,1,AECI,PACE,1601553600,182.573,182.573,0
20,1,AECI,PACE,1602871200,178.75,178.75,0
20,1,AECI,PACE,1604188800,219.569,219.569,0
20,1,AECI,PACE,1605506400,205.232,205.232,0
20,1,AECI,PACE,1606824000,196.187,196.187,0
20,1,AECI,PACE,1608141600,194.483,194.483,0
20,2,AECI,PACE,1577836800,189.762,179.057,4
20,2,AECI,PACE,1579154400,209.808,192.82,6
20,2,AECI,PACE,1580472000,194.156,186.263,5
20,2,AECI,PACE,1581789600,200.13,194.225,3
20,2,AECI,PACE,1583107200,182.015,181.799,3
20,2,AECI,PACE,1584424800,182.858,176.679,2
20,2,AECI,PACE,1585742400,130.078,130.078,0
20,2,AECI,PACE,1587060000,154.083,149.147,2
20,2,AECI,PACE,1588377600,154.133,157.765,3
20,2,AECI,PACE,1589695200,176.997,164.985,4
20,2,AECI,PACE,1591012800,161.481,155.24,2
20,2,AECI,PACE,1592330400,169.01,165.665,4
20,2,AECI,PACE,1593648000,199.274,191.747,5
20,2,AECI,PACE,1594965600,202.664,185.187,8
20,2,AECI,PACE,1596283200,203.336,188.162,6
20,2,AECI,PACE,1597600800,245.897,216.844,10
20,2,AECI,PACE,1598918400,192.076,183.948,3
20,2,AECI,PACE,1600236000,230.343,210.142,4
20,2,AECI,PACE,1601553600,203.458,189.499,4
20,2,AECI,PACE,1602871200,193.135,186.552,5
20,2,AECI,PACE,1604188800,244.633,228.152,6
20,2,AECI,PACE,1605506400,227.482,211.558,4
20,2,AECI,PACE,1606824000,220.748,204.333,5
20,2,AECI,PACE,1608141600,231.178,204.894,8
20,3,AECI,PACE,1577836800,191.581,175.342,2
20,3,AECI,PACE,1579154400,219.118,192.82,4
20,3,AECI,PACE,1580472000,189.23,182.532,2
20,3,AECI,PACE,1581789600,202.808,194.225,1
20,3,AECI,PACE,1583107200,212.489,181.799,1
20,3,AECI,PACE,1584424800,173.609,173.609,0
20,3,AECI,PACE,1585742400,130.078,130.078,0
20,3,AECI,PACE,1587060000,146.519,146.519,0
20,3,AECI,PACE,1588377600,184.892,157.765,1
20,3,AECI,PACE,1589695200,166.766,161.536,2
20,3,AECI,PACE,1591012800,151.782,151.782,0
20,3,AECI,PACE,1592330400,159.195,159.195,0
20,3,AECI,PACE,1593648000,217.831,187.798,1
20,3,AECI,PACE,1594965600,188.141,181.77,4
20,3,AECI,PACE,1596283200,180.832,180.832,0
20,3,AECI,PACE,1597600800,219.324,205.228,3
20,3,AECI,PACE,1598918400,194.415,183.948,3
20,3,AECI,PACE,1600236000,222.996,206.444,2
20,3,AECI,PACE,1601553600,182.573,182.573,0
20,3,AECI,PACE,1602871200,207.304,186.552,5
20,3,AECI,PACE,1604188800,252.877,223.947,3
20,3,AECI,PACE,1605506400,225.719,208.412,2
20,3,AECI,PACE,1606824000,226.637,204.333,5
20,3,AECI,PACE,1608141600,209.49,198.171,2
20,4,AECI,PACE,1577836800,171.652,171.652,0
20,4,AECI,PACE,1579154400,184.829,184.829,0
20,4,AECI,PACE,1580472000,191.486,182.532,2
20,4,AECI,PACE,1581789600,201.211,194.225,2
20,4,AECI,PACE,1583107200,195.335,181.799,1
20,4,AECI,PACE,1584424800,173.609,173.609,0
20,4,AECI,PACE,1585742400,130.078,130.078,0
20,4,AECI,PACE,1587060000,146.519,146.519,0
20,4,AECI,PACE,1588377600,168.504,157.765,1
20,4,AECI,PACE,1589695200,158.058,158.058,0
20,4,AECI,PACE,1591012800,151.782,151.782,0
20,4,AECI,PACE,1592330400,178.241,162.435,2
20,4,AECI,PACE,1593648000,217.831,187.798,1
20,4,AECI,PACE,1594965600,190.774,178.469,2
20,4,AECI,PACE,1596283200,180.832,180.832,0
20,4,AECI,PACE,1597600800,212.038,205.228,1
20,4,AECI,PACE,1598918400,180.384,180.384,0
20,4,AECI,PACE,1600236000,202.899,202.899,0
20,4,AECI,PACE,1601553600,182.573,182.573,0
20,4,AECI,PACE,1602871200,216.452,182.572,1
20,4,AECI,PACE,1604188800,243.275,223.947,2
20,4,AECI,PACE,1605506400,226.799,208.412,2
20,4,AECI,PACE,1606824000,216.173,200.233,1
20,4,AECI,PACE,1608141600,213.027,198.171,3
20,5,AECI,PACE,1577836800,188.413,179.057,4
20,5,AECI,PACE,1579154400,209.145,192.82,6
20,5,AECI,PACE,1580472000,192.923,186.263,5
20,5,AECI,PACE,1581789600,199.539,194.225,3
20,5,AECI,PACE,1583107200,182.297,181.799,3
20,5,AECI,PACE,1584424800,181.904,176.679,2
20,5,AECI,PACE,1585742400,130.078,130.078,0
20,5,AECI,PACE,1587060000,153.645,149.147,2
20,5,AECI,PACE,1588377600,153.525,157.765,3
20,5,AECI,PACE,1589695200,175.312,164.985,4
20,5,AECI,PACE,1591012800,160.91,155.24,2
20,5,AECI,PACE,1592330400,166.525,165.665,4
20,5,AECI,PACE,1593648000,199.141,191.747,6
20,5,AECI,PACE,1594965600,200.531,185.187,8
20,5,AECI,PACE,1596283200,208.29,191.964,7
20,5,AECI,PACE,1597600800,243.954,216.844,10
20,5,AECI,PACE,1598918400,197.626,187.524,4
20,5,AECI,PACE,1600236000,229.025,210.142,4
20,5,AECI,PACE,1601553600,201.988,189.499,4
20,5,AECI,PACE,1602871200,192.04,186.552,5
20,5,AECI,PACE,1604188800,242.752,228.152,6
20,5,AECI,PACE,1605506400,225.758,211.558,4
20,5,AECI,PACE,1606824000,220.723,204.333,5
20,5,AECI,PACE,1608141600,229.652,204.894,8
20,6,AECI,PACE,1577836800,171.652,171.652,0
20,6,AECI,PACE,1579154400,184.829,184.829,0
20,6,AECI,PACE,1580472000,187.099,182.532,2
20,6,AECI,PACE,1581789600,202.808,194.225,1
20,6,AECI,PACE,1583107200,212.489,181.799,1
20,6,AECI,PACE,1584424800,173.609,173.609,0
20,6,AECI,PACE,1585742400,130.078,130.078,0
20,6,AECI,PACE,1587060000,146.519,146.519,0
20,6,AECI,PACE,1588377600,181.257,157.765,1
20,6,AECI,PACE,1589695200,158.058,158.058,0
20,6,AECI,PACE,1591012800,151.782,151.782,0
20,6,AECI,PACE,1592330400,159.195,159.195,0
20,6,AECI,PACE,1593648000,217.831,187.798,1
20,6,AECI,PACE,1594965600,203.676,178.469,1
20,6,AECI,PACE,1596283200,180.832,180.832,0
20,6,AECI,PACE,1597600800,201.072,201.072,0
20,6,AECI,PACE,1598918400,180.384,180.384,0
20,6,AECI,PACE,1600236000,202.899,202.899,0
20,6,AECI,PACE,1601553600,182.573,182.573,0
20,6,AECI,PACE,1602871200,198.733,182.572,2
20,6,AECI,PACE,1604188800,264.13,223.947,1
20,6,AECI,PACE,1605506400,236.149,208.412,1
20,6,AECI,PACE,1606824000,196.187,196.187,0
20,6,AECI,PACE,1608141600,227.77,198.171,1
20,1,AECI,TEPC,1577836800,171.652,171.652,0
20,1,AECI,TEPC,1579154400,184.829,184.829,0
20,1,AECI,TEPC,1580472000,179.08,179.08,0
20,1,AECI,TEPC,1581789600,190.047,190.047,0
20,1,AECI,TEPC,1583107200,177.533,177.533,0
20,1,AECI,TEPC,1584424800,173.609,173.609,0
20,1,AECI,TEPC,1585742400,130.078,130.078,0
20,1,AECI,TEPC,1587060000,146.519,146.519,0
20,1,AECI,TEPC,1588377600,154.192,154.192,0
20,1,AECI,TEPC,1589695200,158.058,158.058,0
20,1,AECI,TEPC,1591012800,151.782,151.782,0
20,1,AECI,TEPC,1592330400,159.195,159.195,0
20,1,AECI,TEPC,1593648000,183.868,183.868,0
20,1,AECI,TEPC,1594965600,175.21,175.21,0
20,1,AECI,TEPC,1596283200,180.832,180.832,0
20,1,AECI,TEPC,1597600800,201.072,201.072,0
20,1,AECI,TEPC,1598918400,180.384,180.384,0
20,1,AECI,TEPC,1600236000,202.899,202.899,0
20,1,AECI,TEPC,1601553600,182.573,182.573,0
20,1,AECI,TEPC,1602871200,178.75,178.75,0
20,1,AECI,TEPC,1604188800,219.569,219.569,0
20,1,AECI,TEPC,1605506400,205.232,205.232,0
20,1,AECI,TEPC,1606824000,196.187,196.187,0
20,1,AECI,TEPC,1608141600,194.483,194.483,0
20,2,AECI,TEPC,1577836800,181.439,175.342,2
20,2,AECI,TEPC,1579154400,192.669,188.789,2
20,2,AECI,TEPC,1580472000,187.587,186.263,4
20,2,AECI,TEPC,1581789600,207.463,198.479,5
20,2,AECI,TEPC,1583107200,187.572,186.056,5
20,2,AECI,TEPC,1584424800,196.241,179.684,6
20,2,AECI,TEPC,1585742400,143.929,137.315,5
20,2,AECI,TEPC,1587060000,159.356,151.4,6
20,2,AECI,TEPC,1588377600,167.335,161.5,5
20,2,AECI,TEPC,1589695200,181.655,164.985,6
20,2,AECI,TEPC,1591012800,161.068,155.24,2
20,2,AECI,TEPC,1592330400,185.612,168.835,7
20,2,AECI,TEPC,1593648000,208.38,191.747,5
20,2,AECI,TEPC,1594965600,197.488,181.77,4
20,2,AECI,TEPC,1596283200,217.288,191.964,7
20,2,AECI,TEPC,1597600800,247.756,212.985,7
20,2,AECI,TEPC,1598918400,235.051,198.369,13
20,2,AECI,TEPC,1600236000,230.137,210.142,4
20,2,AECI,TEPC,1601553600,221.36,193.407,9
20,2,AECI,TEPC,1602871200,211.762,190.616,8
20,2,AECI,TEPC,1604188800,243.76,228.152,5
20,2,AECI,TEPC,1605506400,227.866,211.558,4
20,2,AECI,TEPC,1606824000,198.523,200.233,1
20,2,AECI,TEPC,1608141600,216.403,201.57,4
20,3,AECI,TEPC,1577836800,171.652,171.652,0
20,3,AECI,TEPC,1579154400,184.829,184.829,0
20,3,AECI,TEPC,1580472000,179.08,179.08,0
20,3,AECI,TEPC,1581789600,230.759,202.752,7
20,3,AECI,TEPC,1583107200,218.791,181.799,1
20,3,AECI,TEPC,1584424800,185.514,176.679,2
20,3,AECI,TEPC,1585742400,138.104,133.734,3
20,3,AECI,TEPC,1587060000,177.174,149.147,3
20,3,AECI,TEPC,1588377600,183.844,157.765,1
20,3,AECI,TEPC,1589695200,164.416,161.536,2
20,3,AECI,TEPC,1591012800,151.782,151.782,0
20,3,AECI,TEPC,1592330400,188.17,162.435,3
20,3,AECI,TEPC,1593648000,221.306,187.798,1
20,3,AECI,TEPC,1594965600,206.799,181.77,4
20,3,AECI,TEPC,1596283200,190.235,184.458,2
20,3,AECI,TEPC,1597600800,237.538,205.228,1
20,3,AECI,TEPC,1598918400,195.229,187.524,5
20,3,AECI,TEPC,1600236000,246.535,206.444,2
20,3,AECI,TEPC,1601553600,182.573,182.573,0
20,3,AECI,TEPC,1602871200,186.469,182.572,2
20,3,AECI,TEPC,1604188800,260.706,223.947,3
20,3,AECI,TEPC,1605506400,221.254,208.412,2
20,3,AECI,TEPC,1606824000,198.523,200.233,1
20,3,AECI,TEPC,1608141600,194.483,194.483,0
20,4,AECI,TEPC,1577836800,171.652,171.652,0
20,4,AECI,TEPC,1579154400,184.829,184.829,0
20,4,AECI,TEPC,1580472000,179.58,182.532,2
20,4,AECI,TEPC,1581789600,213.263,194.225,2
20,4,AECI,TEPC,1583107200,213.258,181.799,2
20,4,AECI,TEPC,1584424800,191.13,176.679,2
20,4,AECI,TEPC,1585742400,146.192,133.734,1
20,4,AECI,TEPC,1587060000,166.422,149.147,2
20,4,AECI,TEPC,1588377600,179.117,157.765,1
20,4,AECI,TEPC,1589695200,158.058,158.058,0
20,4,AECI,TEPC,1591012800,151.782,151.782,0
20,4,AECI,TEPC,1592330400,194.427,162.435,1
20,4,AECI,TEPC,1593648000,221.306,187.798,1
20,4,AECI,TEPC,1594965600,212.99,178.469,1
20,4,AECI,TEPC,1596283200,180.832,180.832,0
20,4,AECI,TEPC,1597600800,237.538,205.228,1
20,4,AECI,TEPC,1598918400,180.384,180.384,0
20,4,AECI,TEPC,1600236000,230.789,206.444,1
20,4,AECI,TEPC,1601553600,190.198,185.848,1
20,4,AECI,TEPC,1602871200,178.75,178.75,0
20,4,AECI,TEPC,1604188800,248.623,223.947,2
20,4,AECI,TEPC,1605506400,221.381,208.412,2
20,4,AECI,TEPC,1606824000,198.523,200.233,1
20,4,AECI,TEPC,1608141600,194.483,194.483,0
20,5,AECI,TEPC,1577836800,181.125,175.342,2
20,5,AECI,TEPC,1579154400,192.365,188.789,2
20,5,AECI,TEPC,1580472000,186.083,186.263,4
20,5,AECI,TEPC,1581789600,206.641,198.479,5
20,5,AECI,TEPC,1583107200,178.173,181.799,3
20,5,AECI,TEPC,1584424800,195.311,179.684,6
20,5,AECI,TEPC,1585742400,143.716,137.315,5
20,5,AECI,TEPC,1587060000,158.317,151.4,6
20,5,AECI,TEPC,1588377600,165.452,161.5,5
20,5,AECI,TEPC,1589695200,176.666,164.985,4
20,5,AECI,TEPC,1591012800,160.683,155.24,2
20,5,AECI,TEPC,1592330400,184.242,168.835,7
20,5,AECI,TEPC,1593648000,208.726,191.747,6
20,5,AECI,TEPC,1594965600,196.24,181.77,4
20,5,AECI,TEPC,1596283200,216.896,191.964,7
20,5,AECI,TEPC,1597600800,247.286,212.985,7
20,5,AECI,TEPC,1598918400,234.758,198.369,14
20,5,AECI,TEPC,1600236000,229.083,210.142,4
20,5,AECI,TEPC,1601553600,220.733,193.407,9
20,5,AECI,TEPC,1602871200,211.851,190.616,9
20,5,AECI,TEPC,1604188800,242.247,228.152,5
20,5,AECI,TEPC,1605506400,226.627,211.558,4
20,5,AECI,TEPC,1606824000,198.523,200.233,1
20,5,AECI,TEPC,1608141600,214.807,201.57,4
20,6,AECI,TEPC,1577836800,171.652,171.652,0
20,6,AECI,TEPC,1579154400,184.829,184.829,0
20,6,AECI,TEPC,1580472000,179.08,179.08,0
20,6,AECI,TEPC,1581789600,190.047,190.047,0
20,6,AECI,TEPC,1583107200,213.312,181.799,1
20,6,AECI,TEPC,1584424800,173.609,173.609,0
20,6,AECI,TEPC,1585742400,130.078,130.078,0
20,6,AECI,TEPC,1587060000,169.65,149.147,1
20,6,AECI,TEPC,1588377600,183.844,157.765,1
20,6,AECI,TEPC,1589695200,158.058,158.058,0
20,6,AECI,TEPC,1591012800,151.782,151.782,0
20,6,AECI,TEPC,1592330400,159.195,159.195,0
20,6,AECI,TEPC,1593648000,221.306,187.798,1
20,6,AECI,TEPC,1594965600,212.99,178.469,1
20,6,AECI,TEPC,1596283200,180.832,180.832,0
20,6,AECI,TEPC,1597600800,237.538,205.228,1
20,6,AECI,TEPC,1598918400,180.384,180.384,0
20,6,AECI,TEPC,1600236000,242.775,206.444,1
20,6,AECI,TEPC,1601553600,182.573,182.573,0
20,6,AECI,TEPC,1602871200,178.75,178.75,0
20,6,AECI,TEPC,1604188800,259.104,223.947,1
20,6,AECI,TEPC,1605506400,230.98,208.412,1
20,6,AECI,TEPC,1606824000,198.523,200.233,1
20,6,AECI,TEPC,1608141600,194.483,194.483,0
20,1,BANC,CISO,1577836800,76.253,76.253,0
20,1,BANC,CISO,1579154400,81.548,81.548,0
20,1,BANC,CISO,1580472000,55.83,55.83,0
20,1,BANC,CISO,1581789600,52.267,52.267,0
20,1,BANC,CISO,1583107200,52.43,52.43,0
20,1,BANC,CISO,1584424800,83.316,83.316,0
20,1,BANC,CISO,1585742400,44.33,44.33,0
20,1,BANC,CISO,1587060000,33.313,33.313,0
20,1,BANC,CISO,1588377600,42.749,42.749,0
20,1,BANC,CISO,1589695200,42.187,42.187,0
20,1,BANC,CISO,1591012800,42.378,42.378,0
20,1,BANC,CISO,1592330400,40.383,40.383,0
20,1,BANC,CISO,1593648000,37.688,37.688,0
20,1,BANC,CISO,1594965600,55.204,55.204,0
20,1,BANC,CISO,1596283200,56.684,56.684,0
20,1,BANC,CISO,1597600800,78.197,78.197,0
20,1,BANC,CISO,1598918400,75.022,75.022,0
20,1,BANC,CISO,1600236000,80.174,80.174,0
20,1,BANC,CISO,1601553600,81.036,81.036,0
20,1,BANC,CISO,1602871200,74.249,74.249,0
20,1,BANC,CISO,1604188800,87.09,87.09,0
20,1,BANC,CISO,1605506400,93.475,93.475,0
20,1,BANC,CISO,1606824000,108.643,108.643,0
20,1,BANC,CISO,1608141600,91.972,91.972,0
20,2,BANC,CISO,1577836800,84.854,79.02,4
20,2,BANC,CISO,1579154400,93.488,85.001,4
20,2,BANC,CISO,1580472000,59.592,57.124,2
20,2,BANC,CISO,1581789600,59.227,55.191,5
20,2,BANC,CISO,1583107200,58.672,54.335,4
20,2,BANC,CISO,1584424800,97.115,87.409,4
20,2,BANC,CISO,1585742400,50.216,45.774,4
20,2,BANC,CISO,1587060000,35.845,33.965,3
20,2,BANC,CISO,1588377600,42.807,44.17,6
20,2,BANC,CISO,1589695200,41.653,44.133,4
20,2,BANC,CISO,1591012800,45.11,43.426,2
20,2,BANC,CISO,1592330400,44.446,41.842,6
20,2,BANC,CISO,1593648000,41.605,39.194,4
20,2,BANC,CISO,1594965600,61.034,57.597,4
20,2,BANC,CISO,1596283200,61.612,58.939,4
20,2,BANC,CISO,1597600800,82.764,79.796,2
20,2,BANC,CISO,1598918400,82.622,77.342,4
20,2,BANC,CISO,1600236000,90.213,83.671,4
20,2,BANC,CISO,1601553600,92.11,84.255,4
20,2,BANC,CISO,1602871200,83.05,77.394,5
20,2,BANC,CISO,1604188800,94.117,89.275,4
20,2,BANC,CISO,1605506400,112.073,100.35,7
20,2,BANC,CISO,1606824000,131.849,115.975,8
20,2,BANC,CISO,1608141600,107.437,96.743,7
20,3,BANC,CISO,1577836800,79.427,77.755,2
20,3,BANC,CISO,1579154400,81.548,81.548,0
20,3,BANC,CISO,1580472000,55.83,55.83,0
20,3,BANC,CISO,1581789600,54.006,53.687,1
20,3,BANC,CISO,1583107200,55.662,53.467,2
20,3,BANC,CISO,1584424800,83.316,83.316,0
20,3,BANC,CISO,1585742400,44.33,44.33,0
20,3,BANC,CISO,1587060000,34.332,33.965,1
20,3,BANC,CISO,1588377600,57.326,43.544,3
20,3,BANC,CISO,1589695200,45.552,43.181,2
20,3,BANC,CISO,1591012800,42.378,42.378,0
20,3,BANC,CISO,1592330400,42.405,41.117,2
20,3,BANC,CISO,1593648000,40.197,38.452,2
20,3,BANC,CISO,1594965600,55.204,55.204,0
20,3,BANC,CISO,1596283200,56.684,56.684,0
20,3,BANC,CISO,1597600800,78.197,78.197,0
20,3,BANC,CISO,1598918400,84.291,77.342,4
20,3,BANC,CISO,1600236000,80.174,80.174,0
20,3,BANC,CISO,1601553600,81.036,81.036,0
20,3,BANC,CISO,1602871200,76.673,75.808,1
20,3,BANC,CISO,1604188800,87.09,87.09,0
20,3,BANC,CISO,1605506400,122.244,95.731,3
20,3,BANC,CISO,1606824000,124.828,111.264,1
20,3,BANC,CISO,1608141600,95.655,93.461,3
20,4,BANC,CISO,1577836800,76.253,76.253,0
20,4,BANC,CISO,1579154400,81.548,81.548,0
20,4,BANC,CISO,1580472000,55.83,55.83,0
20,4,BANC,CISO,1581789600,52.267,52.267,0
20,4,BANC,CISO,1583107200,52.43,52.43,0
20,4,BANC,CISO,1584424800,83.316,83.316,0
20,4,BANC,CISO,1585742400,44.33,44.33,0
20,4,BANC,CISO,1587060000,33.313,33.313,0
20,4,BANC,CISO,1588377600,42.749,42.749,0
20,4,BANC,CISO,1589695200,46.015,43.181,1
20,4,BANC,CISO,1591012800,42.378,42.378,0
20,4,BANC,CISO,1592330400,40.383,40.383,0
20,4,BANC,CISO,1593648000,37.688,37.688,0
20,4,BANC,CISO,1594965600,55.204,55.204,0
20,4,BANC,CISO,1596283200,56.684,56.684,0
20,4,BANC,CISO,1597600800,78.197,78.197,0
20,4,BANC,CISO,1598918400,75.022,75.022,0
20,4,BANC,CISO,1600236000,80.174,80.174,0
20,4,BANC,CISO,1601553600,81.036,81.036,0
20,4,BANC,CISO,1602871200,74.249,74.249,0
20,4,BANC,CISO,1604188800,87.09,87.09,0
20,4,BANC,CISO,1605506400,114.128,95.731,1
20,4,BANC,CISO,1606824000,124.828,111.264,1
20,4,BANC,CISO,1608141600,101.602,93.461,2
20,5,BANC,CISO,1577836800,83.293,79.02,4
20,5,BANC,CISO,1579154400,91.839,85.001,4
20,5,BANC,CISO,1580472000,59.281,57.124,2
20,5,BANC,CISO,1581789600,56.637,55.191,5
20,5,BANC,CISO,1583107200,57.507,54.335,4
20,5,BANC,CISO,1584424800,94.637,87.409,4
20,5,BANC,CISO,1585742400,48.355,45.774,4
20,5,BANC,CISO,1587060000,35.631,33.965,3
20,5,BANC,CISO,1588377600,40.332,44.17,4
20,5,BANC,CISO,1589695200,40.982,44.133,4
20,5,BANC,CISO,1591012800,44.929,43.426,2
20,5,BANC,CISO,1592330400,44.668,42.846,7
20,5,BANC,CISO,1593648000,41.164,39.194,4
20,5,BANC,CISO,1594965600,60.408,57.597,4
20,5,BANC,CISO,1596283200,61.324,58.939,4
20,5,BANC,CISO,1597600800,82.095,79.796,2
20,5,BANC,CISO,1598918400,82.03,77.342,4
20,5,BANC,CISO,1600236000,89.621,83.671,4
20,5,BANC,CISO,1601553600,91.523,84.255,4
20,5,BANC,CISO,1602871200,79.732,75.808,3
20,5,BANC,CISO,1604188800,93.198,89.275,4
20,5,BANC,CISO,1605506400,110.539,100.35,7
20,5,BANC,CISO,1606824000,129.917,115.975,9
20,5,BANC,CISO,1608141600,104.602,96.743,7
20,6,BANC,CISO,1577836800,76.253,76.253,0
20,6,BANC,CISO,1579154400,81.548,81.548,0
20,6,BANC,CISO,1580472000,55.83,55.83,0
20,6,BANC,CISO,1581789600,52.267,52.267,0
20,6,BANC,CISO,1583107200,52.43,52.43,0
20,6,BANC,CISO,1584424800,83.316,83.316,0
20,6,BANC,CISO,1585742400,44.33,44.33,0
20,6,BANC,CISO,1587060000,33.313,33.313,0
20,6,BANC,CISO,1588377600,55.151,43.544,1
20,6,BANC,CISO,1589695200,43.093,43.181,2
20,6,BANC,CISO,1591012800,42.378,42.378,0
20,6,BANC,CISO,1592330400,40.383,40.383,0
20,6,BANC,CISO,1593648000,37.688,37.688,0
20,6,BANC,CISO,1594965600,55.204,55.204,0
20,6,BANC,CISO,1596283200,56.684,56.684,0
20,6,BANC,CISO,1597600800,78.197,78.197,0
20,6,BANC,CISO,1598918400,75.022,75.022,0
20,6,BANC,CISO,1600236000,80.174,80.174,0
20,6,BANC,CISO,1601553600,81.036,81.036,0
20,6,BANC,CISO,1602871200,74.249,74.249,0
20,6,BANC,CISO,1604188800,87.09,87.09,0
20,6,BANC,CISO,1605506400,121.945,95.731,1
20,6,BANC,CISO,1606824000,124.828,111.264,1
20,6,BANC,CISO,1608141600,91.972,91.972,0
20,1,CISO,BANC,1577836800,130.428,130.428,0
20,1,CISO,BANC,1579154400,140.472,140.472,0
20,1,CISO,BANC,1580472000,117.952,117.952,0
20,1,CISO,BANC,1581789600,103.569,103.569,0
20,1,CISO,BANC,1583107200,104.144,104.144,0
20,1,CISO,BANC,1584424800,135.48,135.48,0
20,1,CISO,BANC,1585742400,79.732,79.732,0
20,1,CISO,BANC,1587060000,80.679,80.679,0
20,1,CISO,BANC,1588377600,56.36,56.36,0
20,1,CISO,BANC,1589695200,62.849,62.849,0
20,1,CISO,BANC,1591012800,94.687,94.687,0
20,1,CISO,BANC,1592330400,66.377,66.377,0
20,1,CISO,BANC,1593648000,73.665,73.665,0
20,1,CISO,BANC,1594965600,90.516,90.516,0
20,1,CISO,BANC,1596283200,92.419,92.419,0
20,1,CISO,BANC,1597600800,127.384,127.384,0
20,1,CISO,BANC,1598918400,110.116,110.116,0
20,1,CISO,BANC,1600236000,126.99,126.99,0
20,1,CISO,BANC,1601553600,129.978,129.978,0
20,1,CISO,BANC,1602871200,142.021,142.021,0
20,1,CISO,BANC,1604188800,143.8,143.8,0
20,1,CISO,BANC,1605506400,123.623,123.623,0
20,1,CISO,BANC,1606824000,121.375,121.375,0
20,1,CISO,BANC,1608141600,120.762,120.762,0
20,2,CISO,BANC,1577836800,87.66,136.984,5
20,2,CISO,BANC,1579154400,96.539,147.439,5
20,2,CISO,BANC,1580472000,62.335,120.693,3
20,2,CISO,BANC,1581789600,58.89,106.124,4
20,2,CISO,BANC,1583107200,59.81,108.396,5
20,2,CISO,BANC,1584424800,99.783,141.612,5
20,2,CISO,BANC,1585742400,52.294,83.754,5
20,2,CISO,BANC,1587060000,35.59,81.482,2
20,2,CISO,BANC,1588377600,42.386,58.067,5
20,2,CISO,BANC,1589695200,43.267,65.806,5
20,2,CISO,BANC,1591012800,46.826,97.07,3
20,2,CISO,BANC,1592330400,43.868,68.483,5
20,2,CISO,BANC,1593648000,42.625,76.823,5
20,2,CISO,BANC,1594965600,62.903,95.128,5
20,2,CISO,BANC,1596283200,63.372,96.285,5
20,2,CISO,BANC,1597600800,82.706,129.72,1
20,2,CISO,BANC,1598918400,84.204,114.727,5
20,2,CISO,BANC,1600236000,92.42,132.825,5
20,2,CISO,BANC,1601553600,94.402,135.594,5
20,2,CISO,BANC,1602871200,82.996,145.373,4
20,2,CISO,BANC,1604188800,96.471,149.845,5
20,2,CISO,BANC,1605506400,114.755,131.75,8
20,2,CISO,BANC,1606824000,127.342,127.209,6
20,2,CISO,BANC,1608141600,108.723,125.937,8
20,3,CISO,BANC,1577836800,80.561,133.596,1
20,3,CISO,BANC,1579154400,86.287,143.954,1
20,3,CISO,BANC,1580472000,59.867,120.693,1
20,3,CISO,BANC,1581789600,54.622,104.847,2
20,3,CISO,BANC,1583107200,56.213,106.009,3
20,3,CISO,BANC,1584424800,88.084,138.572,1
20,3,CISO,BANC,1585742400,47.213,81.722,1
20,3,CISO,BANC,1587060000,34.661,81.482,2
20,3,CISO,BANC,1588377600,56.365,57.048,2
20,3,CISO,BANC,1589695200,46.084,64.365,3
20,3,CISO,BANC,1591012800,45.142,97.07,1
20,3,CISO,BANC,1592330400,42.371,67.397,3
20,3,CISO,BANC,1593648000,40.361,75.098,3
20,3,CISO,BANC,1594965600,58.154,92.803,1
20,3,CISO,BANC,1596283200,59.615,94.38,1
20,3,CISO,BANC,1597600800,81.002,129.72,1
20,3,CISO,BANC,1598918400,82.338,112.244,3
20,3,CISO,BANC,1600236000,84.215,129.943,1
20,3,CISO,BANC,1601553600,84.985,132.794,1
20,3,CISO,BANC,1602871200,78.385,143.701,2
20,3,CISO,BANC,1604188800,90.569,146.605,1
20,3,CISO,BANC,1605506400,122.997,126.344,2
20,3,CISO,BANC,1606824000,121.375,121.375,0
20,3,CISO,BANC,1608141600,95.735,122.495,2
20,4,CISO,BANC,1577836800,80.561,133.596,1
20,4,CISO,BANC,1579154400,86.287,143.954,1
20,4,CISO,BANC,1580472000,59.867,120.693,1
20,4,CISO,BANC,1581789600,54.303,104.847,1
20,4,CISO,BANC,1583107200,54.605,106.009,1
20,4,CISO,BANC,1584424800,88.084,138.572,1
20,4,CISO,BANC,1585742400,47.213,81.722,1
20,4,CISO,BANC,1587060000,34.294,81.482,1
20,4,CISO,BANC,1588377600,57.898,57.048,1
20,4,CISO,BANC,1589695200,47.628,64.365,2
20,4,CISO,BANC,1591012800,45.142,97.07,1
20,4,CISO,BANC,1592330400,41.084,67.397,1
20,4,CISO,BANC,1593648000,39.472,75.098,1
20,4,CISO,BANC,1594965600,58.154,92.803,1
20,4,CISO,BANC,1596283200,59.615,94.38,1
20,4,CISO,BANC,1597600800,81.002,129.72,1
20,4,CISO,BANC,1598918400,77.76,112.244,1
20,4,CISO,BANC,1600236000,84.215,129.943,1
20,4,CISO,BANC,1601553600,84.985,132.794,1
20,4,CISO,BANC,1602871200,77.068,143.701,1
20,4,CISO,BANC,1604188800,90.569,146.605,1
20,4,CISO,BANC,1605506400,116.81,126.344,2
20,4,CISO,BANC,1606824000,121.375,121.375,0
20,4,CISO,BANC,1608141600,101.683,122.495,1
20,5,CISO,BANC,1577836800,86.099,136.984,5
20,5,CISO,BANC,1579154400,94.891,147.439,5
20,5,CISO,BANC,1580472000,62.024,120.693,3
20,5,CISO,BANC,1581789600,56.3,106.124,4
20,5,CISO,BANC,1583107200,58.644,108.396,5
20,5,CISO,BANC,1584424800,97.305,141.612,5
20,5,CISO,BANC,1585742400,50.433,83.754,5
20,5,CISO,BANC,1587060000,35.377,81.482,2
20,5,CISO,BANC,1588377600,40.566,58.067,5
20,5,CISO,BANC,1589695200,42.595,65.806,5
20,5,CISO,BANC,1591012800,46.645,97.07,3
20,5,CISO,BANC,1592330400,42.931,68.483,6
20,5,CISO,BANC,1593648000,42.185,76.823,5
20,5,CISO,BANC,1594965600,62.276,95.128,5
20,5,CISO,BANC,1596283200,63.084,96.285,5
20,5,CISO,BANC,1597600800,82.037,129.72,1
20,5,CISO,BANC,1598918400,83.613,114.727,5
20,5,CISO,BANC,1600236000,91.827,132.825,5
20,5,CISO,BANC,1601553600,93.815,135.594,5
20,5,CISO,BANC,1602871200,82.665,145.373,4
20,5,CISO,BANC,1604188800,95.552,149.845,5
20,5,CISO,BANC,1605506400,113.221,131.75,8
20,5,CISO,BANC,1606824000,129.341,130.157,8
20,5,CISO,BANC,1608141600,102.97,124.225,6
20,6,CISO,BANC,1577836800,80.561,133.596,1
20,6,CISO,BANC,1579154400,86.287,143.954,1
20,6,CISO,BANC,1580472000,59.867,120.693,1
20,6,CISO,BANC,1581789600,54.303,104.847,1
20,6,CISO,BANC,1583107200,54.605,106.009,1
20,6,CISO,BANC,1584424800,88.084,138.572,1
20,6,CISO,BANC,1585742400,47.213,81.722,1
20,6,CISO,BANC,1587060000,34.294,81.482,1
20,6,CISO,BANC,1588377600,56.36,56.36,0
20,6,CISO,BANC,1589695200,44.707,64.365,3
20,6,CISO,BANC,1591012800,45.142,97.07,1
20,6,CISO,BANC,1592330400,41.084,67.397,1
20,6,CISO,BANC,1593648000,39.472,75.098,1
20,6,CISO,BANC,1594965600,58.154,92.803,1
20,6,CISO,BANC,1596283200,59.615,94.38,1
20,6,CISO,BANC,1597600800,81.002,129.72,1
20,6,CISO,BANC,1598918400,77.76,112.244,1
20,6,CISO,BANC,1600236000,84.215,129.943,1
20,6,CISO,BANC,1601553600,84.985,132.794,1
20,6,CISO,BANC,1602871200,77.068,143.701,1
20,6,CISO,BANC,1604188800,90.569,146.605,1
20,6,CISO,BANC,1605506400,123.623,123.623,0
20,6,CISO,BANC,1606824000,121.375,121.375,0
20,6,CISO,BANC,1608141600,101.001,122.495,1
20,1,EPE,AECI,1577836800,202.093,202.093,0
20,1,EPE,AECI,1579154400,207.289,207.289,0
20,1,EPE,AECI,1580472000,181.504,181.504,0
20,1,EPE,AECI,1581789600,175.974,175.974,0
20,1,EPE,AECI,1583107200,202.541,202.541,0
20,1,EPE,AECI,1584424800,204.307,204.307,0
20,1,EPE,AECI,1585742400,164.605,164.605,0
20,1,EPE,AECI,1587060000,171.684,171.684,0
20,1,EPE,AECI,1588377600,183.602,183.602,0
20,1,EPE,AECI,1589695200,189.282,189.282,0
20,1,EPE,AECI,1591012800,195.852,195.852,0
20,1,EPE,AECI,1592330400,195.157,195.157,0
20,1,EPE,AECI,1593648000,198.016,198.016,0
20,1,EPE,AECI,1594965600,209.436,209.436,0
20,1,EPE,AECI,1596283200,204.715,204.715,0
20,1,EPE,AECI,1597600800,214.763,214.763,0
20,1,EPE,AECI,1598918400,203.471,203.471,0
20,1,EPE,AECI,1600236000,199.728,199.728,0
20,1,EPE,AECI,1601553600,220.07,220.07,0
20,1,EPE,AECI,1602871200,223.978,223.978,0
20,1,EPE,AECI,1604188800,214.945,214.945,0
20,1,EPE,AECI,1605506400,203.959,203.959,0
20,1,EPE,AECI,1606824000,198.83,198.83,0
20,1,EPE,AECI,1608141600,215.454,215.454,0
20,2,EPE,AECI,1577836800,207.45,215.624,8
20,2,EPE,AECI,1579154400,210.051,211.801,2
20,2,EPE,AECI,1580472000,176.292,185.696,2
20,2,EPE,AECI,1581789600,175.974,175.974,0
20,2,EPE,AECI,1583107200,193.834,211.425,4
20,2,EPE,AECI,1584424800,203.397,216.382,7
20,2,EPE,AECI,1585742400,148.191,171.887,4
20,2,EPE,AECI,1587060000,166.566,177.835,5
20,2,EPE,AECI,1588377600,170.044,191.138,4
20,2,EPE,AECI,1589695200,189.291,202.744,7
20,2,EPE,AECI,1591012800,185.786,208.18,8
20,2,EPE,AECI,1592330400,187.032,202.922,6
20,2,EPE,AECI,1593648000,206.027,206.31,4
20,2,EPE,AECI,1594965600,201.045,218.743,5
20,2,EPE,AECI,1596283200,210.511,213.686,6
20,2,EPE,AECI,1597600800,220.009,218.69,2
20,2,EPE,AECI,1598918400,215.743,212.166,5
20,2,EPE,AECI,1600236000,199.728,199.728,0
20,2,EPE,AECI,1601553600,207.945,225.219,3
20,2,EPE,AECI,1602871200,203.112,232.656,4
20,2,EPE,AECI,1604188800,221.264,223.743,4
20,2,EPE,AECI,1605506400,205.378,208.386,1
20,2,EPE,AECI,1606824000,203.67,203.521,2
20,2,EPE,AECI,1608141600,229.024,227.979,9
20,3,EPE,AECI,1577836800,202.093,202.093,0
20,3,EPE,AECI,1579154400,207.289,207.289,0
20,3,EPE,AECI,1580472000,174.719,185.696,2
20,3,EPE,AECI,1581789600,175.974,175.974,0
20,3,EPE,AECI,1583107200,202.541,202.541,0
20,3,EPE,AECI,1584424800,201.99,208.54,1
20,3,EPE,AECI,1585742400,148.0,171.887,4
20,3,EPE,AECI,1587060000,171.684,171.684,0
20,3,EPE,AECI,1588377600,183.602,183.602,0
20,3,EPE,AECI,1589695200,192.541,193.609,1
20,3,EPE,AECI,1591012800,158.174,200.346,1
20,3,EPE,AECI,1592330400,168.395,199.038,2
20,3,EPE,AECI,1593648000,198.016,198.016,0
20,3,EPE,AECI,1594965600,207.209,214.068,3
20,3,EPE,AECI,1596283200,197.274,209.351,1
20,3,EPE,AECI,1597600800,214.763,214.763,0
20,3,EPE,AECI,1598918400,209.435,207.754,2
20,3,EPE,AECI,1600236000,199.728,199.728,0
20,3,EPE,AECI,1601553600,200.143,225.219,1
20,3,EPE,AECI,1602871200,190.003,228.349,2
20,3,EPE,AECI,1604188800,214.945,214.945,0
20,3,EPE,AECI,1605506400,202.988,208.386,1
20,3,EPE,AECI,1606824000,205.506,203.521,2
20,3,EPE,AECI,1608141600,221.591,219.654,2
20,4,EPE,AECI,1577836800,202.093,202.093,0
20,4,EPE,AECI,1579154400,207.289,207.289,0
20,4,EPE,AECI,1580472000,181.504,181.504,0
20,4,EPE,AECI,1581789600,175.974,175.974,0
20,4,EPE,AECI,1583107200,202.541,202.541,0
20,4,EPE,AECI,1584424800,204.307,204.307,0
20,4,EPE,AECI,1585742400,148.239,168.307,2
20,4,EPE,AECI,1587060000,176.737,174.728,1
20,4,EPE,AECI,1588377600,183.602,183.602,0
20,4,EPE,AECI,1589695200,182.356,193.609,2
20,4,EPE,AECI,1591012800,159.707,200.346,1
20,4,EPE,AECI,1592330400,177.663,199.038,1
20,4,EPE,AECI,1593648000,198.016,198.016,0
20,4,EPE,AECI,1594965600,209.436,209.436,0
20,4,EPE,AECI,1596283200,204.715,204.715,0
20,4,EPE,AECI,1597600800,214.763,214.763,0
20,4,EPE,AECI,1598918400,203.471,203.471,0
20,4,EPE,AECI,1600236000,199.728,199.728,0
20,4,EPE,AECI,1601553600,204.887,225.219,1
20,4,EPE,AECI,1602871200,223.978,223.978,0
20,4,EPE,AECI,1604188800,214.945,214.945,0
20,4,EPE,AECI,1605506400,203.959,203.959,0
20,4,EPE,AECI,1606824000,198.83,198.83,0
20,4,EPE,AECI,1608141600,215.454,215.454,0
20,5,EPE,AECI,1577836800,206.579,215.624,8
20,5,EPE,AECI,1579154400,209.447,211.801,2
20,5,EPE,AECI,1580472000,176.067,185.696,2
20,5,EPE,AECI,1581789600,175.974,175.974,0
20,5,EPE,AECI,1583107200,192.68,211.425,4
20,5,EPE,AECI,1584424800,202.945,216.382,7
20,5,EPE,AECI,1585742400,147.528,171.887,4
20,5,EPE,AECI,1587060000,165.011,177.835,5
20,5,EPE,AECI,1588377600,169.009,191.138,4
20,5,EPE,AECI,1589695200,187.963,202.744,7
20,5,EPE,AECI,1591012800,178.662,204.385,6
20,5,EPE,AECI,1592330400,189.956,206.819,7
20,5,EPE,AECI,1593648000,205.019,206.31,4
20,5,EPE,AECI,1594965600,199.882,218.743,5
20,5,EPE,AECI,1596283200,207.359,213.686,4
20,5,EPE,AECI,1597600800,219.578,218.69,2
20,5,EPE,AECI,1598918400,214.676,212.166,5
20,5,EPE,AECI,1600236000,204.753,204.188,1
20,5,EPE,AECI,1601553600,207.142,225.219,3
20,5,EPE,AECI,1602871200,202.569,232.656,4
20,5,EPE,AECI,1604188800,220.478,223.743,4
20,5,EPE,AECI,1605506400,204.515,208.386,1
20,5,EPE,AECI,1606824000,203.556,203.521,2
20,5,EPE,AECI,1608141600,232.842,232.157,10
20,6,EPE,AECI,1577836800,202.093,202.093,0
20,6,EPE,AECI,1579154400,207.289,207.289,0
20,6,EPE,AECI,1580472000,181.504,181.504,0
20,6,EPE,AECI,1581789600,175.974,175.974,0
20,6,EPE,AECI,1583107200,202.541,202.541,0
20,6,EPE,AECI,1584424800,204.307,204.307,0
20,6,EPE,AECI,1585742400,135.278,168.307,1
20,6,EPE,AECI,1587060000,171.684,171.684,0
20,6,EPE,AECI,1588377600,183.602,183.602,0
20,6,EPE,AECI,1589695200,189.282,189.282,0
20,6,EPE,AECI,1591012800,158.174,200.346,1
20,6,EPE,AECI,1592330400,164.348,199.038,1
20,6,EPE,AECI,1593648000,198.016,198.016,0
20,6,EPE,AECI,1594965600,209.436,209.436,0
20,6,EPE,AECI,1596283200,204.715,204.715,0
20,6,EPE,AECI,1597600800,214.763,214.763,0
20,6,EPE,AECI,1598918400,203.471,203.471,0
20,6,EPE,AECI,1600236000,199.728,199.728,0
20,6,EPE,AECI,1601553600,204.887,225.219,1
20,6,EPE,AECI,1602871200,184.541,228.349,1
20,6,EPE,AECI,1604188800,214.945,214.945,0
20,6,EPE,AECI,1605506400,203.959,203.959,0
20,6,EPE,AECI,1606824000,198.83,198.83,0
20,6,EPE,AECI,1608141600,215.454,215.454,0
20,1,EPE,PSCO,1577836800,202.093,202.093,0
20,1,EPE,PSCO,1579154400,207.289,207.289,0
20,1,EPE,PSCO,1580472000,181.504,181.504,0
20,1,EPE,PSCO,1581789600,175.974,175.974,0
20,1,EPE,PSCO,1583107200,202.541,202.541,0
20,1,EPE,PSCO,1584424800,204.307,204.307,0
20,1,EPE,PSCO,1585742400,164.605,164.605,0
20,1,EPE,PSCO,1587060000,171.684,171.684,0
20,1,EPE,PSCO,1588377600,183.602,183.602,0
20,1,EPE,PSCO,1589695200,189.282,189.282,0
20,1,EPE,PSCO,1591012800,195.852,195.852,0
20,1,EPE,PSCO,1592330400,195.157,195.157,0
20,1,EPE,PSCO,1593648000,198.016,198.016,0
20,1,EPE,PSCO,1594965600,209.436,209.436,0
20,1,EPE,PSCO,1596283200,204.715,204.715,0
20,1,EPE,PSCO,1597600800,214.763,214.763,0
20,1,EPE,PSCO,1598918400,203.471,203.471,0
20,1,EPE,PSCO,1600236000,199.728,199.728,0
20,1,EPE,PSCO,1601553600,220.07,220.07,0
20,1,EPE,PSCO,1602871200,223.978,223.978,0
20,1,EPE,PSCO,1604188800,214.945,214.945,0
20,1,EPE,PSCO,1605506400,203.959,203.959,0
20,1,EPE,PSCO,1606824000,198.83,198.83,0
20,1,EPE,PSCO,1608141600,215.454,215.454,0
20,2,EPE,PSCO,1577836800,205.497,211.05,4
20,2,EPE,PSCO,1579154400,182.57,216.32,5
20,2,EPE,PSCO,1580472000,186.34,193.983,9
20,2,EPE,PSCO,1581789600,188.579,182.521,6
20,2,EPE,PSCO,1583107200,205.837,211.425,5
20,2,EPE,PSCO,1584424800,216.379,212.501,6
20,2,EPE,PSCO,1585742400,166.565,168.307,2
20,2,EPE,PSCO,1587060000,175.854,174.728,2
20,2,EPE,PSCO,1588377600,193.82,195.06,7
20,2,EPE,PSCO,1589695200,171.48,193.609,3
20,2,EPE,PSCO,1591012800,210.478,204.385,4
20,2,EPE,PSCO,1592330400,182.162,199.038,3
20,2,EPE,PSCO,1593648000,189.777,206.31,5
20,2,EPE,PSCO,1594965600,213.856,218.743,5
20,2,EPE,PSCO,1596283200,202.801,213.686,5
20,2,EPE,PSCO,1597600800,199.406,222.614,4
20,2,EPE,PSCO,1598918400,208.69,207.754,2
20,2,EPE,PSCO,1600236000,182.812,208.783,5
20,2,EPE,PSCO,1601553600,212.18,234.765,7
20,2,EPE,PSCO,1602871200,215.862,232.656,6
20,2,EPE,PSCO,1604188800,232.293,228.189,7
20,2,EPE,PSCO,1605506400,204.334,212.743,5
20,2,EPE,PSCO,1606824000,152.827,203.521,1
20,2,EPE,PSCO,1608141600,177.834,219.654,1
20,3,EPE,PSCO,1577836800,215.375,211.05,4
20,3,EPE,PSCO,1579154400,173.51,211.801,1
20,3,EPE,PSCO,1580472000,171.389,185.696,1
20,3,EPE,PSCO,1581789600,179.779,179.278,1
20,3,EPE,PSCO,1583107200,201.23,206.952,1
20,3,EPE,PSCO,1584424800,210.241,208.54,2
20,3,EPE,PSCO,1585742400,164.605,164.605,0
20,3,EPE,PSCO,1587060000,171.684,171.684,0
20,3,EPE,PSCO,1588377600,183.602,183.602,0
20,3,EPE,PSCO,1589695200,178.237,193.609,1
20,3,EPE,PSCO,1591012800,195.852,195.852,0
20,3,EPE,PSCO,1592330400,184.978,199.038,1
20,3,EPE,PSCO,1593648000,186.989,202.089,3
20,3,EPE,PSCO,1594965600,213.28,214.068,1
20,3,EPE,PSCO,1596283200,205.968,209.351,1
20,3,EPE,PSCO,1597600800,194.031,218.69,2
20,3,EPE,PSCO,1598918400,203.471,203.471,0
20,3,EPE,PSCO,1600236000,179.46,204.188,1
20,3,EPE,PSCO,1601553600,201.473,225.219,1
20,3,EPE,PSCO,1602871200,210.537,228.349,2
20,3,EPE,PSCO,1604188800,214.945,214.945,0
20,3,EPE,PSCO,1605506400,208.968,208.386,3
20,3,EPE,PSCO,1606824000,152.827,203.521,1
20,3,EPE,PSCO,1608141600,177.834,219.654,1
20,4,EPE,PSCO,1577836800,201.027,206.553,2
20,4,EPE,PSCO,1579154400,173.51,211.801,1
20,4,EPE,PSCO,1580472000,171.389,185.696,1
20,4,EPE,PSCO,1581789600,175.974,175.974,0
20,4,EPE,PSCO,1583107200,198.396,206.952,1
20,4,EPE,PSCO,1584424800,204.307,204.307,0
20,4,EPE,PSCO,1585742400,164.605,164.605,0
20,4,EPE,PSCO,1587060000,171.684,171.684,0
20,4,EPE,PSCO,1588377600,191.622,187.24,1
20,4,EPE,PSCO,1589695200,174.657,193.609,1
20,4,EPE,PSCO,1591012800,195.852,195.852,0
20,4,EPE,PSCO,1592330400,187.186,199.038,2
20,4,EPE,PSCO,1593648000,185.575,202.089,1
20,4,EPE,PSCO,1594965600,209.436,209.436,0
20,4,EPE,PSCO,1596283200,196.716,209.351,1
20,4,EPE,PSCO,1597600800,194.031,218.69,2
20,4,EPE,PSCO,1598918400,218.295,207.754,1
20,4,EPE,PSCO,1600236000,179.46,204.188,1
20,4,EPE,PSCO,1601553600,201.473,225.219,1
20,4,EPE,PSCO,1602871200,210.744,228.349,1
20,4,EPE,PSCO,1604188800,214.945,214.945,0
20,4,EPE,PSCO,1605506400,210.464,208.386,1
20,4,EPE,PSCO,1606824000,152.827,203.521,1
20,4,EPE,PSCO,1608141600,177.834,219.654,1
20,5,EPE,PSCO,1577836800,204.202,211.05,4
20,5,EPE,PSCO,1579154400,180.507,216.32,5
20,5,EPE,PSCO,1580472000,185.497,193.983,9
20,5,EPE,PSCO,1581789600,187.768,182.521,6
20,5,EPE,PSCO,1583107200,204.49,211.425,5
20,5,EPE,PSCO,1584424800,215.379,212.501,6
20,5,EPE,PSCO,1585742400,165.251,168.307,2
20,5,EPE,PSCO,1587060000,175.381,174.728,2
20,5,EPE,PSCO,1588377600,192.296,195.06,7
20,5,EPE,PSCO,1589695200,170.904,193.609,3
20,5,EPE,PSCO,1591012800,202.678,200.346,2
20,5,EPE,PSCO,1592330400,185.959,202.922,4
20,5,EPE,PSCO,1593648000,189.022,206.31,5
20,5,EPE,PSCO,1594965600,213.011,218.743,5
20,5,EPE,PSCO,1596283200,202.352,213.686,5
20,5,EPE,PSCO,1597600800,198.88,222.614,4
20,5,EPE,PSCO,1598918400,208.355,207.754,2
20,5,EPE,PSCO,1600236000,181.788,208.783,5
20,5,EPE,PSCO,1601553600,210.091,234.765,7
20,5,EPE,PSCO,1602871200,214.905,232.656,6
20,5,EPE,PSCO,1604188800,230.834,228.189,7
20,5,EPE,PSCO,1605506400,203.659,212.743,5
20,5,EPE,PSCO,1606824000,152.827,203.521,1
20,5,EPE,PSCO,1608141600,177.834,219.654,1
20,6,EPE,PSCO,1577836800,201.774,206.553,1
20,6,EPE,PSCO,1579154400,173.51,211.801,1
20,6,EPE,PSCO,1580472000,171.389,185.696,1
20,6,EPE,PSCO,1581789600,175.974,175.974,0
20,6,EPE,PSCO,1583107200,201.23,206.952,1
20,6,EPE,PSCO,1584424800,204.307,204.307,0
20,6,EPE,PSCO,1585742400,164.605,164.605,0
20,6,EPE,PSCO,1587060000,171.684,171.684,0
20,6,EPE,PSCO,1588377600,183.602,183.602,0
20,6,EPE,PSCO,1589695200,178.237,193.609,1
20,6,EPE,PSCO,1591012800,195.852,195.852,0
20,6,EPE,PSCO,1592330400,184.978,199.038,1
20,6,EPE,PSCO,1593648000,185.575,202.089,1
20,6,EPE,PSCO,1594965600,209.436,209.436,0
20,6,EPE,PSCO,1596283200,204.175,209.351,1
20,6,EPE,PSCO,1597600800,195.238,218.69,1
20,6,EPE,PSCO,1598918400,203.471,203.471,0
20,6,EPE,PSCO,1600236000,179.46,204.188,1
20,6,EPE,PSCO,1601553600,201.473,225.219,1
20,6,EPE,PSCO,1602871200,210.744,228.349,1
20,6,EPE,PSCO,1604188800,214.945,214.945,0
20,6,EPE,PSCO,1605506400,203.788,208.386,1
20,6,EPE,PSCO,1606824000,152.827,203.521,1
20,6,EPE,PSCO,1608141600,177.834,219.654,1
20,1,PACE,AECI,1577836800,222.045,222.045,0
20,1,PACE,AECI,1579154400,234.433,234.433,0
20,1,PACE,AECI,1580472000,198.311,198.311,0
20,1,PACE,AECI,1581789600,196.827,196.827,0
20,1,PACE,AECI,1583107200,208.975,208.975,0
20,1,PACE,AECI,1584424800,252.452,252.452,0
20,1,PACE,AECI,1585742400,225.822,225.822,0
20,1,PACE,AECI,1587060000,224.401,224.401,0
20,1,PACE,AECI,1588377600,195.688,195.688,0
20,1,PACE,AECI,1589695200,218.514,218.514,0
20,1,PACE,AECI,1591012800,230.978,230.978,0
20,1,PACE,AECI,1592330400,200.767,200.767,0
20,1,PACE,AECI,1593648000,211.4,211.4,0
20,1,PACE,AECI,1594965600,197.864,197.864,0
20,1,PACE,AECI,1596283200,232.915,232.915,0
20,1,PACE,AECI,1597600800,252.895,252.895,0
20,1,PACE,AECI,1598918400,239.903,239.903,0
20,1,PACE,AECI,1600236000,257.912,257.912,0
20,1,PACE,AECI,1601553600,250.583,250.583,0
20,1,PACE,AECI,1602871200,211.548,211.548,0
20,1,PACE,AECI,1604188800,258.098,258.098,0
20,1,PACE,AECI,1605506400,230.758,230.758,0
20,1,PACE,AECI,1606824000,241.036,241.036,0
20,1,PACE,AECI,1608141600,221.431,221.431,0
20,2,PACE,AECI,1577836800,185.072,226.717,3
20,2,PACE,AECI,1579154400,217.416,249.287,7
20,2,PACE,AECI,1580472000,188.513,202.703,3
20,2,PACE,AECI,1581789600,198.054,200.732,2
20,2,PACE,AECI,1583107200,190.08,217.474,4
20,2,PACE,AECI,1584424800,187.197,258.582,3
20,2,PACE,AECI,1585742400,136.81,230.918,1
20,2,PACE,AECI,1587060000,156.942,228.312,3
20,2,PACE,AECI,1588377600,160.123,202.184,4
20,2,PACE,AECI,1589695200,181.042,228.222,5
20,2,PACE,AECI,1591012800,165.338,236.311,3
20,2,PACE,AECI,1592330400,163.992,205.289,3
20,2,PACE,AECI,1593648000,197.403,220.744,4
20,2,PACE,AECI,1594965600,202.133,213.18,7
20,2,PACE,AECI,1596283200,211.901,247.634,8
20,2,PACE,AECI,1597600800,248.523,272.218,11
20,2,PACE,AECI,1598918400,200.948,248.814,5
20,2,PACE,AECI,1600236000,234.213,268.524,5
20,2,PACE,AECI,1601553600,208.293,262.744,5
20,2,PACE,AECI,1602871200,191.86,218.893,4
20,2,PACE,AECI,1604188800,243.794,268.458,5
20,2,PACE,AECI,1605506400,223.452,235.265,3
20,2,PACE,AECI,1606824000,224.107,251.093,6
20,2,PACE,AECI,1608141600,229.755,236.191,7
20,3,PACE,AECI,1577836800,191.873,226.717,3
20,3,PACE,AECI,1579154400,215.189,239.487,3
20,3,PACE,AECI,1580472000,188.562,202.703,1
20,3,PACE,AECI,1581789600,196.827,196.827,0
20,3,PACE,AECI,1583107200,208.975,208.975,0
20,3,PACE,AECI,1584424800,181.017,258.582,1
20,3,PACE,AECI,1585742400,136.81,230.918,1
20,3,PACE,AECI,1587060000,152.006,228.312,1
20,3,PACE,AECI,1588377600,189.466,198.668,2
20,3,PACE,AECI,1589695200,169.762,223.55,3
20,3,PACE,AECI,1591012800,159.098,236.311,1
20,3,PACE,AECI,1592330400,163.168,205.289,1
20,3,PACE,AECI,1593648000,211.4,211.4,0
20,3,PACE,AECI,1594965600,189.97,203.144,1
20,3,PACE,AECI,1596283200,187.952,238.256,1
20,3,PACE,AECI,1597600800,229.121,262.641,5
20,3,PACE,AECI,1598918400,201.329,248.814,5
20,3,PACE,AECI,1600236000,224.864,263.157,3
20,3,PACE,AECI,1601553600,190.682,256.736,1
20,3,PACE,AECI,1602871200,207.783,218.893,6
20,3,PACE,AECI,1604188800,251.706,263.29,2
20,3,PACE,AECI,1605506400,224.835,235.265,1
20,3,PACE,AECI,1606824000,229.996,251.093,6
20,3,PACE,AECI,1608141600,208.067,226.347,1
20,4,PACE,AECI,1577836800,177.235,226.717,1
20,4,PACE,AECI,1579154400,192.553,239.487,1
20,4,PACE,AECI,1580472000,190.819,202.703,1
20,4,PACE,AECI,1581789600,199.135,200.732,1
20,4,PACE,AECI,1583107200,199.033,213.105,2
20,4,PACE,AECI,1584424800,181.017,258.582,1
20,4,PACE,AECI,1585742400,136.81,230.918,1
20,4,PACE,AECI,1587060000,152.006,228.312,1
20,4,PACE,AECI,1588377600,170.979,198.668,2
20,4,PACE,AECI,1589695200,165.581,223.55,1
20,4,PACE,AECI,1591012800,159.098,236.311,1
20,4,PACE,AECI,1592330400,180.315,205.289,1
20,4,PACE,AECI,1593648000,211.4,211.4,0
20,4,PACE,AECI,1594965600,190.243,203.144,1
20,4,PACE,AECI,1596283200,202.937,238.256,1
20,4,PACE,AECI,1597600800,218.521,257.798,2
20,4,PACE,AECI,1598918400,186.615,244.161,1
20,4,PACE,AECI,1600236000,210.314,263.157,1
20,4,PACE,AECI,1601553600,190.682,256.736,1
20,4,PACE,AECI,1602871200,211.548,211.548,0
20,4,PACE,AECI,1604188800,242.436,263.29,1
20,4,PACE,AECI,1605506400,225.915,235.265,1
20,4,PACE,AECI,1606824000,241.036,241.036,0
20,4,PACE,AECI,1608141600,211.604,226.347,2
20,5,PACE,AECI,1577836800,183.722,226.717,3
20,5,PACE,AECI,1579154400,216.752,249.287,7
20,5,PACE,AECI,1580472000,192.255,207.039,4
20,5,PACE,AECI,1581789600,197.464,200.732,2
20,5,PACE,AECI,1583107200,190.362,217.474,4
20,5,PACE,AECI,1584424800,186.243,258.582,3
20,5,PACE,AECI,1585742400,136.81,230.918,1
20,5,PACE,AECI,1587060000,156.504,228.312,3
20,5,PACE,AECI,1588377600,160.687,202.184,5
20,5,PACE,AECI,1589695200,179.357,228.222,5
20,5,PACE,AECI,1591012800,164.768,236.311,3
20,5,PACE,AECI,1592330400,161.507,205.289,3
20,5,PACE,AECI,1593648000,197.27,220.744,5
20,5,PACE,AECI,1594965600,200.0,213.18,7
20,5,PACE,AECI,1596283200,211.785,247.634,8
20,5,PACE,AECI,1597600800,246.581,272.218,11
20,5,PACE,AECI,1598918400,200.294,248.814,5
20,5,PACE,AECI,1600236000,232.895,268.524,5
20,5,PACE,AECI,1601553600,206.822,262.744,5
20,5,PACE,AECI,1602871200,190.766,218.893,4
20,5,PACE,AECI,1604188800,241.912,268.458,5
20,5,PACE,AECI,1605506400,221.728,235.265,3
20,5,PACE,AECI,1606824000,224.082,251.093,6
20,5,PACE,AECI,1608141600,228.229,236.191,7
20,6,PACE,AECI,1577836800,177.235,226.717,1
20,6,PACE,AECI,1579154400,192.553,239.487,1
20,6,PACE,AECI,1580472000,186.431,202.703,1
20,6,PACE,AECI,1581789600,196.827,196.827,0
20,6,PACE,AECI,1583107200,208.975,208.975,0
20,6,PACE,AECI,1584424800,181.017,258.582,1
20,6,PACE,AECI,1585742400,136.81,230.918,1
20,6,PACE,AECI,1587060000,152.006,228.312,1
20,6,PACE,AECI,1588377600,183.731,198.668,2
20,6,PACE,AECI,1589695200,165.581,223.55,1
20,6,PACE,AECI,1591012800,159.098,236.311,1
20,6,PACE,AECI,1592330400,163.168,205.289,1
20,6,PACE,AECI,1593648000,211.4,211.4,0
20,6,PACE,AECI,1594965600,197.864,197.864,0
20,6,PACE,AECI,1596283200,187.952,238.256,1
20,6,PACE,AECI,1597600800,207.855,257.798,1
20,6,PACE,AECI,1598918400,186.615,244.161,1
20,6,PACE,AECI,1600236000,210.314,263.157,1
20,6,PACE,AECI,1601553600,190.682,256.736,1
20,6,PACE,AECI,1602871200,197.458,215.177,1
20,6,PACE,AECI,1604188800,258.098,258.098,0
20,6,PACE,AECI,1605506400,230.758,230.758,0
20,6,PACE,AECI,1606824000,241.036,241.036,0
20,6,PACE,AECI,1608141600,221.431,221.431,0
20,1,PACE,PSCO,1577836800,222.045,222.045,0
20,1,PACE,PSCO,1579154400,234.433,234.433,0
20,1,PACE,PSCO,1580472000,198.311,198.311,0
20,1,PACE,PSCO,1581789600,196.827,196.827,0
20,1,PACE,PSCO,1583107200,208.975,208.975,0
20,1,PACE,PSCO,1584424800,252.452,252.452,0
20,1,PACE,PSCO,1585742400,225.822,225.822,0
20,1,PACE,PSCO,1587060000,224.401,224.401,0
20,1,PACE,PSCO,1588377600,195.688,195.688,0
20,1,PACE,PSCO,1589695200,218.514,218.514,0
20,1,PACE,PSCO,1591012800,230.978,230.978,0
20,1,PACE,PSCO,1592330400,200.767,200.767,0
20,1,PACE,PSCO,1593648000,211.4,211.4,0
20,1,PACE,PSCO,1594965600,197.864,197.864,0
20,1,PACE,PSCO,1596283200,232.915,232.915,0
20,1,PACE,PSCO,1597600800,252.895,252.895,0
20,1,PACE,PSCO,1598918400,239.903,239.903,0
20,1,PACE,PSCO,1600236000,257.912,257.912,0
20,1,PACE,PSCO,1601553600,250.583,250.583,0
20,1,PACE,PSCO,1602871200,211.548,211.548,0
20,1,PACE,PSCO,1604188800,258.098,258.098,0
20,1,PACE,PSCO,1605506400,230.758,230.758,0
20,1,PACE,PSCO,1606824000,241.036,241.036,0
20,1,PACE,PSCO,1608141600,221.431,221.431,0
20,2,PACE,PSCO,1577836800,219.42,231.404,6
20,2,PACE,PSCO,1579154400,191.282,249.287,7
20,2,PACE,PSCO,1580472000,179.664,207.039,5
20,2,PACE,PSCO,1581789600,200.781,204.537,5
20,2,PACE,PSCO,1583107200,218.036,221.906,9
20,2,PACE,PSCO,1584424800,231.619,258.582,3
20,2,PACE,PSCO,1585742400,210.874,236.136,5
20,2,PACE,PSCO,1587060000,228.966,236.003,8
20,2,PACE,PSCO,1588377600,189.697,206.522,7
20,2,PACE,PSCO,1589695200,178.261,223.55,3
20,2,PACE,PSCO,1591012800,223.066,236.311,3
20,2,PACE,PSCO,1592330400,170.71,205.289,3
20,2,PACE,PSCO,1593648000,186.239,220.744,5
20,2,PACE,PSCO,1594965600,217.044,213.18,9
20,2,PACE,PSCO,1596283200,213.085,243.136,5
20,2,PACE,PSCO,1597600800,196.309,257.798,1
20,2,PACE,PSCO,1598918400,252.318,253.583,7
20,2,PACE,PSCO,1600236000,181.319,263.157,1
20,2,PACE,PSCO,1601553600,212.463,262.744,5
20,2,PACE,PSCO,1602871200,204.032,218.893,4
20,2,PACE,PSCO,1604188800,235.565,263.29,3
20,2,PACE,PSCO,1605506400,214.149,239.826,5
20,2,PACE,PSCO,1606824000,154.4,246.095,1
20,2,PACE,PSCO,1608141600,178.208,226.347,1
20,3,PACE,PSCO,1577836800,208.962,226.717,2
20,3,PACE,PSCO,1579154400,175.225,239.487,1
20,3,PACE,PSCO,1580472000,171.669,202.703,1
20,3,PACE,PSCO,1581789600,199.936,200.732,1
20,3,PACE,PSCO,1583107200,204.061,213.105,3
20,3,PACE,PSCO,1584424800,227.507,258.582,1
20,3,PACE,PSCO,1585742400,202.985,230.918,1
20,3,PACE,PSCO,1587060000,217.879,228.312,2
20,3,PACE,PSCO,1588377600,188.262,198.668,2
20,3,PACE,PSCO,1589695200,179.565,223.55,1
20,3,PACE,PSCO,1591012800,228.117,236.311,1
20,3,PACE,PSCO,1592330400,184.673,205.289,1
20,3,PACE,PSCO,1593648000,186.74,215.96,3
20,3,PACE,PSCO,1594965600,201.611,203.144,1
20,3,PACE,PSCO,1596283200,207.079,238.256,1
20,3,PACE,PSCO,1597600800,196.309,257.798,1
20,3,PACE,PSCO,1598918400,242.294,244.161,2
20,3,PACE,PSCO,1600236000,181.319,263.157,1
20,3,PACE,PSCO,1601553600,203.081,256.736,1
20,3,PACE,PSCO,1602871200,213.172,218.893,4
20,3,PACE,PSCO,1604188800,233.54,263.29,1
20,3,PACE,PSCO,1605506400,208.494,235.265,1
20,3,PACE,PSCO,1606824000,154.4,246.095,1
20,3,PACE,PSCO,1608141600,178.208,226.347,1
20,4,PACE,PSCO,1577836800,208.923,226.717,1
20,4,PACE,PSCO,1579154400,175.225,239.487,1
20,4,PACE,PSCO,1580472000,171.669,202.703,1
20,4,PACE,PSCO,1581789600,195.101,200.732,1
20,4,PACE,PSCO,1583107200,202.981,213.105,1
20,4,PACE,PSCO,1584424800,227.507,258.582,1
20,4,PACE,PSCO,1585742400,202.985,230.918,1
20,4,PACE,PSCO,1587060000,217.322,228.312,1
20,4,PACE,PSCO,1588377600,195.261,198.668,3
20,4,PACE,PSCO,1589695200,179.565,223.55,1
20,4,PACE,PSCO,1591012800,224.607,236.311,1
20,4,PACE,PSCO,1592330400,184.673,205.289,1
20,4,PACE,PSCO,1593648000,184.716,215.96,1
20,4,PACE,PSCO,1594965600,197.864,197.864,0
20,4,PACE,PSCO,1596283200,207.079,238.256,1
20,4,PACE,PSCO,1597600800,196.309,257.798,1
20,4,PACE,PSCO,1598918400,246.416,244.161,3
20,4,PACE,PSCO,1600236000,181.319,263.157,1
20,4,PACE,PSCO,1601553600,203.081,256.736,1
20,4,PACE,PSCO,1602871200,210.266,215.177,1
20,4,PACE,PSCO,1604188800,233.54,263.29,1
20,4,PACE,PSCO,1605506400,208.494,235.265,1
20,4,PACE,PSCO,1606824000,154.4,246.095,1
20,4,PACE,PSCO,1608141600,178.208,226.347,1
20,5,PACE,PSCO,1577836800,217.78,231.404,6
20,5,PACE,PSCO,1579154400,189.687,249.287,7
20,5,PACE,PSCO,1580472000,178.512,207.039,5
20,5,PACE,PSCO,1581789600,199.569,204.537,5
20,5,PACE,PSCO,1583107200,215.985,221.906,9
20,5,PACE,PSCO,1584424800,230.833,258.582,3
20,5,PACE,PSCO,1585742400,210.533,236.136,6
20,5,PACE,PSCO,1587060000,227.409,236.003,8
20,5,PACE,PSCO,1588377600,187.995,206.522,7
20,5,PACE,PSCO,1589695200,177.098,223.55,3
20,5,PACE,PSCO,1591012800,222.684,236.311,3
20,5,PACE,PSCO,1592330400,169.568,205.289,3
20,5,PACE,PSCO,1593648000,184.879,220.744,5
20,5,PACE,PSCO,1594965600,215.021,213.18,9
20,5,PACE,PSCO,1596283200,212.569,243.136,5
20,5,PACE,PSCO,1597600800,196.309,257.798,1
20,5,PACE,PSCO,1598918400,251.203,253.583,7
20,5,PACE,PSCO,1600236000,181.319,263.157,1
20,5,PACE,PSCO,1601553600,210.822,262.744,5
20,5,PACE,PSCO,1602871200,202.865,218.893,4
20,5,PACE,PSCO,1604188800,235.145,263.29,3
20,5,PACE,PSCO,1605506400,213.267,239.826,5
20,5,PACE,PSCO,1606824000,154.4,246.095,1
20,5,PACE,PSCO,1608141600,178.208,226.347,1
20,6,PACE,PSCO,1577836800,208.559,226.717,1
20,6,PACE,PSCO,1579154400,175.225,239.487,1
20,6,PACE,PSCO,1580472000,171.669,202.703,1
20,6,PACE,PSCO,1581789600,196.44,200.732,1
20,6,PACE,PSCO,1583107200,202.981,213.105,1
20,6,PACE,PSCO,1584424800,227.507,258.582,1
20,6,PACE,PSCO,1585742400,202.985,230.918,1
20,6,PACE,PSCO,1587060000,217.322,228.312,1
20,6,PACE,PSCO,1588377600,185.764,198.668,2
20,6,PACE,PSCO,1589695200,179.565,223.55,1
20,6,PACE,PSCO,1591012800,228.117,236.311,1
20,6,PACE,PSCO,1592330400,184.673,205.289,1
20,6,PACE,PSCO,1593648000,184.716,215.96,1
20,6,PACE,PSCO,1594965600,197.864,197.864,0
20,6,PACE,PSCO,1596283200,207.079,238.256,1
20,6,PACE,PSCO,1597600800,196.309,257.798,1
20,6,PACE,PSCO,1598918400,239.903,239.903,0
20,6,PACE,PSCO,1600236000,181.319,263.157,1
20,6,PACE,PSCO,1601553600,203.081,256.736,1
20,6,PACE,PSCO,1602871200,204.777,215.177,2
20,6,PACE,PSCO,1604188800,233.54,263.29,1
20,6,PACE,PSCO,1605506400,208.494,235.265,1
20,6,PACE,PSCO,1606824000,154.4,246.095,1
20,6,PACE,PSCO,1608141600,178.208,226.347,1
20,1,PSCO,EPE,1577836800,201.806,201.806,0
20,1,PSCO,EPE,1579154400,168.095,168.095,0
20,1,PSCO,EPE,1580472000,165.819,165.819,0
20,1,PSCO,EPE,1581789600,208.599,208.599,0
20,1,PSCO,EPE,1583107200,195.56,195.56,0
20,1,PSCO,EPE,1584424800,221.046,221.046,0
20,1,PSCO,EPE,1585742400,196.694,196.694,0
20,1,PSCO,EPE,1587060000,211.329,211.329,0
20,1,PSCO,EPE,1588377600,184.057,184.057,0
20,1,PSCO,EPE,1589695200,174.63,174.63,0
20,1,PSCO,EPE,1591012800,220.905,220.905,0
20,1,PSCO,EPE,1592330400,179.992,179.992,0
20,1,PSCO,EPE,1593648000,180.132,180.132,0
20,1,PSCO,EPE,1594965600,212.921,212.921,0
20,1,PSCO,EPE,1596283200,202.105,202.105,0
20,1,PSCO,EPE,1597600800,189.709,189.709,0
20,1,PSCO,EPE,1598918400,234.795,234.795,0
20,1,PSCO,EPE,1600236000,174.02,174.02,0
20,1,PSCO,EPE,1601553600,195.176,195.176,0
20,1,PSCO,EPE,1602871200,202.804,202.804,0
20,1,PSCO,EPE,1604188800,225.924,225.924,0
20,1,PSCO,EPE,1605506400,203.332,203.332,0
20,1,PSCO,EPE,1606824000,147.36,147.36,0
20,1,PSCO,EPE,1608141600,172.796,172.796,0
20,2,PSCO,EPE,1577836800,206.926,211.739,5
20,2,PSCO,EPE,1579154400,180.459,174.668,4
20,2,PSCO,EPE,1580472000,184.246,176.411,8
20,2,PSCO,EPE,1581789600,194.556,218.69,7
20,2,PSCO,EPE,1583107200,203.974,202.871,4
20,2,PSCO,EPE,1584424800,223.187,234.046,7
20,2,PSCO,EPE,1585742400,169.314,201.473,3
20,2,PSCO,EPE,1587060000,178.669,215.845,3
20,2,PSCO,EPE,1588377600,189.315,190.648,6
20,2,PSCO,EPE,1589695200,176.422,179.956,4
20,2,PSCO,EPE,1591012800,204.846,225.601,3
20,2,PSCO,EPE,1592330400,180.801,183.617,2
20,2,PSCO,EPE,1593648000,187.862,187.687,4
20,2,PSCO,EPE,1594965600,211.715,220.093,4
20,2,PSCO,EPE,1596283200,205.303,208.238,6
20,2,PSCO,EPE,1597600800,201.409,198.933,5
20,2,PSCO,EPE,1598918400,206.427,239.606,1
20,2,PSCO,EPE,1600236000,180.547,180.364,4
20,2,PSCO,EPE,1601553600,206.032,202.199,6
20,2,PSCO,EPE,1602871200,213.24,213.162,5
20,2,PSCO,EPE,1604188800,226.042,234.575,6
20,2,PSCO,EPE,1605506400,202.749,209.248,4
20,2,PSCO,EPE,1606824000,147.36,147.36,0
20,2,PSCO,EPE,1608141600,172.796,172.796,0
20,3,PSCO,EPE,1577836800,206.606,206.834,1
20,3,PSCO,EPE,1579154400,168.095,168.095,0
20,3,PSCO,EPE,1580472000,165.819,165.819,0
20,3,PSCO,EPE,1581789600,182.565,211.871,2
20,3,PSCO,EPE,1583107200,195.56,195.56,0
20,3,PSCO,EPE,1584424800,213.169,225.4,3
20,3,PSCO,EPE,1585742400,171.057,201.473,1
20,3,PSCO,EPE,1587060000,177.543,215.845,1
20,3,PSCO,EPE,1588377600,189.557,187.407,2
20,3,PSCO,EPE,1589695200,174.63,174.63,0
20,3,PSCO,EPE,1591012800,201.849,225.601,1
20,3,PSCO,EPE,1592330400,179.992,179.992,0
20,3,PSCO,EPE,1593648000,185.505,183.66,2
20,3,PSCO,EPE,1594965600,214.698,216.392,2
20,3,PSCO,EPE,1596283200,202.105,202.105,0
20,3,PSCO,EPE,1597600800,193.106,194.312,1
20,3,PSCO,EPE,1598918400,207.906,239.606,1
20,3,PSCO,EPE,1600236000,174.02,174.02,0
20,3,PSCO,EPE,1601553600,195.176,195.176,0
20,3,PSCO,EPE,1602871200,206.544,208.122,1
20,3,PSCO,EPE,1604188800,220.417,230.317,1
20,3,PSCO,EPE,1605506400,213.395,209.248,4
20,3,PSCO,EPE,1606824000,147.36,147.36,0
20,3,PSCO,EPE,1608141600,172.796,172.796,0
20,4,PSCO,EPE,1577836800,202.456,206.834,3
20,4,PSCO,EPE,1579154400,168.095,168.095,0
20,4,PSCO,EPE,1580472000,165.819,165.819,0
20,4,PSCO,EPE,1581789600,182.064,211.871,1
20,4,PSCO,EPE,1583107200,195.56,195.56,0
20,4,PSCO,EPE,1584424800,211.467,225.4,1
20,4,PSCO,EPE,1585742400,171.057,201.473,1
20,4,PSCO,EPE,1587060000,177.543,215.845,1
20,4,PSCO,EPE,1588377600,184.057,184.057,0
20,4,PSCO,EPE,1589695200,176.9,177.256,2
20,4,PSCO,EPE,1591012800,201.849,225.601,1
20,4,PSCO,EPE,1592330400,185.826,183.617,1
20,4,PSCO,EPE,1593648000,180.132,180.132,0
20,4,PSCO,EPE,1594965600,213.602,216.392,1
20,4,PSCO,EPE,1596283200,199.218,205.15,2
20,4,PSCO,EPE,1597600800,193.106,194.312,1
20,4,PSCO,EPE,1598918400,218.447,239.606,2
20,4,PSCO,EPE,1600236000,174.02,174.02,0
20,4,PSCO,EPE,1601553600,195.176,195.176,0
20,4,PSCO,EPE,1602871200,202.804,202.804,0
20,4,PSCO,EPE,1604188800,217.15,230.317,1
20,4,PSCO,EPE,1605506400,203.332,203.332,0
20,4,PSCO,EPE,1606824000,147.36,147.36,0
20,4,PSCO,EPE,1608141600,172.796,172.796,0
20,5,PSCO,EPE,1577836800,205.631,211.739,5
20,5,PSCO,EPE,1579154400,178.396,174.668,4
20,5,PSCO,EPE,1580472000,183.404,176.411,8
20,5,PSCO,EPE,1581789600,193.746,218.69,7
20,5,PSCO,EPE,1583107200,202.627,202.871,4
20,5,PSCO,EPE,1584424800,222.187,234.046,7
20,5,PSCO,EPE,1585742400,168.0,201.473,3
20,5,PSCO,EPE,1587060000,178.196,215.845,3
20,5,PSCO,EPE,1588377600,187.791,190.648,6
20,5,PSCO,EPE,1589695200,175.846,179.956,4
20,5,PSCO,EPE,1591012800,204.181,225.601,3
20,5,PSCO,EPE,1592330400,180.714,183.617,3
20,5,PSCO,EPE,1593648000,187.107,187.687,4
20,5,PSCO,EPE,1594965600,210.869,220.093,4
20,5,PSCO,EPE,1596283200,204.854,208.238,6
20,5,PSCO,EPE,1597600800,200.882,198.933,5
20,5,PSCO,EPE,1598918400,206.092,239.606,1
20,5,PSCO,EPE,1600236000,179.523,180.364,4
20,5,PSCO,EPE,1601553600,203.944,202.199,6
20,5,PSCO,EPE,1602871200,212.283,213.162,5
20,5,PSCO,EPE,1604188800,224.583,234.575,6
20,5,PSCO,EPE,1605506400,202.074,209.248,4
20,5,PSCO,EPE,1606824000,147.36,147.36,0
20,5,PSCO,EPE,1608141600,172.796,172.796,0
20,6,PSCO,EPE,1577836800,201.806,201.806,0
20,6,PSCO,EPE,1579154400,168.095,168.095,0
20,6,PSCO,EPE,1580472000,165.819,165.819,0
20,6,PSCO,EPE,1581789600,182.064,211.871,1
20,6,PSCO,EPE,1583107200,195.56,195.56,0
20,6,PSCO,EPE,1584424800,211.467,225.4,1
20,6,PSCO,EPE,1585742400,171.057,201.473,1
20,6,PSCO,EPE,1587060000,177.543,215.845,1
20,6,PSCO,EPE,1588377600,183.918,187.407,1
20,6,PSCO,EPE,1589695200,174.63,174.63,0
20,6,PSCO,EPE,1591012800,201.849,225.601,1
20,6,PSCO,EPE,1592330400,179.992,179.992,0
20,6,PSCO,EPE,1593648000,180.132,180.132,0
20,6,PSCO,EPE,1594965600,212.414,216.392,1
20,6,PSCO,EPE,1596283200,202.105,202.105,0
20,6,PSCO,EPE,1597600800,189.709,189.709,0
20,6,PSCO,EPE,1598918400,207.906,239.606,1
20,6,PSCO,EPE,1600236000,174.02,174.02,0
20,6,PSCO,EPE,1601553600,195.176,195.176,0
20,6,PSCO,EPE,1602871200,202.804,202.804,0
20,6,PSCO,EPE,1604188800,220.417,230.317,1
20,6,PSCO,EPE,1605506400,203.332,203.332,0
20,6,PSCO,EPE,1606824000,147.36,147.36,0
20,6,PSCO,EPE,1608141600,172.796,172.796,0
20,1,PSCO,PACE,1577836800,201.806,201.806,0
20,1,PSCO,PACE,1579154400,168.095,168.095,0
20,1,PSCO,PACE,1580472000,165.819,165.819,0
20,1,PSCO,PACE,1581789600,208.599,208.599,0
20,1,PSCO,PACE,1583107200,195.56,195.56,0
20,1,PSCO,PACE,1584424800,221.046,221.046,0
20,1,PSCO,PACE,1585742400,196.694,196.694,0
20,1,PSCO,PACE,1587060000,211.329,211.329,0
20,1,PSCO,PACE,1588377600,184.057,184.057,0
20,1,PSCO,PACE,1589695200,174.63,174.63,0
20,1,PSCO,PACE,1591012800,220.905,220.905,0
20,1,PSCO,PACE,1592330400,179.992,179.992,0
20,1,PSCO,PACE,1593648000,180.132,180.132,0
20,1,PSCO,PACE,1594965600,212.921,212.921,0
20,1,PSCO,PACE,1596283200,202.105,202.105,0
20,1,PSCO,PACE,1597600800,189.709,189.709,0
20,1,PSCO,PACE,1598918400,234.795,234.795,0
20,1,PSCO,PACE,1600236000,174.02,174.02,0
20,1,PSCO,PACE,1601553600,195.176,195.176,0
20,1,PSCO,PACE,1602871200,202.804,202.804,0
20,1,PSCO,PACE,1604188800,225.924,225.924,0
20,1,PSCO,PACE,1605506400,203.332,203.332,0
20,1,PSCO,PACE,1606824000,147.36,147.36,0
20,1,PSCO,PACE,1608141600,172.796,172.796,0
20,2,PSCO,PACE,1577836800,217.695,211.739,5
20,2,PSCO,PACE,1579154400,184.043,174.668,6
20,2,PSCO,PACE,1580472000,177.291,172.775,4
20,2,PSCO,PACE,1581789600,203.297,215.208,6
20,2,PSCO,PACE,1583107200,214.422,206.286,8
20,2,PSCO,PACE,1584424800,229.511,225.4,2
20,2,PSCO,PACE,1585742400,212.474,206.331,6
20,2,PSCO,PACE,1587060000,227.488,224.553,7
20,2,PSCO,PACE,1588377600,183.971,190.648,6
20,2,PSCO,PACE,1589695200,175.952,177.256,2
20,2,PSCO,PACE,1591012800,220.549,225.601,2
20,2,PSCO,PACE,1592330400,175.986,187.535,4
20,2,PSCO,PACE,1593648000,187.552,187.687,6
20,2,PSCO,PACE,1594965600,215.618,224.05,8
20,2,PSCO,PACE,1596283200,211.156,208.238,4
20,2,PSCO,PACE,1597600800,189.709,189.709,0
20,2,PSCO,PACE,1598918400,245.285,244.046,6
20,2,PSCO,PACE,1600236000,174.02,174.02,0
20,2,PSCO,PACE,1601553600,208.121,202.199,4
20,2,PSCO,PACE,1602871200,198.173,208.122,3
20,2,PSCO,PACE,1604188800,232.342,230.317,2
20,2,PSCO,PACE,1605506400,212.047,209.248,4
20,2,PSCO,PACE,1606824000,147.36,147.36,0
20,2,PSCO,PACE,1608141600,172.796,172.796,0
20,3,PSCO,PACE,1577836800,206.862,206.834,1
20,3,PSCO,PACE,1579154400,168.095,168.095,0
20,3,PSCO,PACE,1580472000,165.819,165.819,0
20,3,PSCO,PACE,1581789600,203.197,211.871,2
20,3,PSCO,PACE,1583107200,201.017,199.368,2
20,3,PSCO,PACE,1584424800,221.046,221.046,0
20,3,PSCO,PACE,1585742400,196.694,196.694,0
20,3,PSCO,PACE,1587060000,216.047,215.845,1
20,3,PSCO,PACE,1588377600,185.813,187.407,1
20,3,PSCO,PACE,1589695200,174.63,174.63,0
20,3,PSCO,PACE,1591012800,220.905,220.905,0
20,3,PSCO,PACE,1592330400,179.992,179.992,0
20,3,PSCO,PACE,1593648000,185.492,183.66,2
20,3,PSCO,PACE,1594965600,204.031,216.392,2
20,3,PSCO,PACE,1596283200,202.105,202.105,0
20,3,PSCO,PACE,1597600800,189.709,189.709,0
20,3,PSCO,PACE,1598918400,237.908,239.606,1
20,3,PSCO,PACE,1600236000,174.02,174.02,0
20,3,PSCO,PACE,1601553600,195.176,195.176,0
20,3,PSCO,PACE,1602871200,206.253,208.122,3
20,3,PSCO,PACE,1604188800,225.924,225.924,0
20,3,PSCO,PACE,1605506400,203.332,203.332,0
20,3,PSCO,PACE,1606824000,147.36,147.36,0
20,3,PSCO,PACE,1608141600,172.796,172.796,0
20,4,PSCO,PACE,1577836800,201.806,201.806,0
20,4,PSCO,PACE,1579154400,168.095,168.095,0
20,4,PSCO,PACE,1580472000,165.819,165.819,0
20,4,PSCO,PACE,1581789600,197.618,211.871,2
20,4,PSCO,PACE,1583107200,195.56,195.56,0
20,4,PSCO,PACE,1584424800,221.046,221.046,0
20,4,PSCO,PACE,1585742400,196.694,196.694,0
20,4,PSCO,PACE,1587060000,211.329,211.329,0
20,4,PSCO,PACE,1588377600,192.813,187.407,2
20,4,PSCO,PACE,1589695200,174.63,174.63,0
20,4,PSCO,PACE,1591012800,220.905,220.905,0
20,4,PSCO,PACE,1592330400,179.992,179.992,0
20,4,PSCO,PACE,1593648000,180.132,180.132,0
20,4,PSCO,PACE,1594965600,204.514,216.392,1
20,4,PSCO,PACE,1596283200,202.105,202.105,0
20,4,PSCO,PACE,1597600800,189.709,189.709,0
20,4,PSCO,PACE,1598918400,243.038,239.606,2
20,4,PSCO,PACE,1600236000,174.02,174.02,0
20,4,PSCO,PACE,1601553600,195.176,195.176,0
20,4,PSCO,PACE,1602871200,202.804,202.804,0
20,4,PSCO,PACE,1604188800,225.924,225.924,0
20,4,PSCO,PACE,1605506400,203.332,203.332,0
20,4,PSCO,PACE,1606824000,147.36,147.36,0
20,4,PSCO,PACE,1608141600,172.796,172.796,0
20,5,PSCO,PACE,1577836800,216.054,211.739,5
20,5,PSCO,PACE,1579154400,182.448,174.668,6
20,5,PSCO,PACE,1580472000,176.139,172.775,4
20,5,PSCO,PACE,1581789600,202.085,215.208,6
20,5,PSCO,PACE,1583107200,212.371,206.286,8
20,5,PSCO,PACE,1584424800,228.726,225.4,2
20,5,PSCO,PACE,1585742400,209.021,206.331,5
20,5,PSCO,PACE,1587060000,225.931,224.553,7
20,5,PSCO,PACE,1588377600,182.27,190.648,6
20,5,PSCO,PACE,1589695200,174.789,177.256,2
20,5,PSCO,PACE,1591012800,220.167,225.601,2
20,5,PSCO,PACE,1592330400,174.844,187.535,4
20,5,PSCO,PACE,1593648000,183.823,187.687,4
20,5,PSCO,PACE,1594965600,213.595,224.05,8
20,5,PSCO,PACE,1596283200,210.64,208.238,4
20,5,PSCO,PACE,1597600800,189.709,189.709,0
20,5,PSCO,PACE,1598918400,244.17,244.046,6
20,5,PSCO,PACE,1600236000,174.02,174.02,0
20,5,PSCO,PACE,1601553600,206.48,202.199,4
20,5,PSCO,PACE,1602871200,197.006,208.122,3
20,5,PSCO,PACE,1604188800,231.922,230.317,2
20,5,PSCO,PACE,1605506400,211.164,209.248,4
20,5,PSCO,PACE,1606824000,147.36,147.36,0
20,5,PSCO,PACE,1608141600,172.796,172.796,0
20,6,PSCO,PACE,1577836800,201.806,201.806,0
20,6,PSCO,PACE,1579154400,168.095,168.095,0
20,6,PSCO,PACE,1580472000,165.819,165.819,0
20,6,PSCO,PACE,1581789600,198.956,211.871,2
20,6,PSCO,PACE,1583107200,195.56,195.56,0
20,6,PSCO,PACE,1584424800,221.046,221.046,0
20,6,PSCO,PACE,1585742400,196.694,196.694,0
20,6,PSCO,PACE,1587060000,211.329,211.329,0
20,6,PSCO,PACE,1588377600,183.315,187.407,1
20,6,PSCO,PACE,1589695200,174.63,174.63,0
20,6,PSCO,PACE,1591012800,220.905,220.905,0
20,6,PSCO,PACE,1592330400,179.992,179.992,0
20,6,PSCO,PACE,1593648000,180.132,180.132,0
20,6,PSCO,PACE,1594965600,204.514,216.392,1
20,6,PSCO,PACE,1596283200,202.105,202.105,0
20,6,PSCO,PACE,1597600800,189.709,189.709,0
20,6,PSCO,PACE,1598918400,234.509,239.606,1
20,6,PSCO,PACE,1600236000,174.02,174.02,0
20,6,PSCO,PACE,1601553600,195.176,195.176,0
20,6,PSCO,PACE,1602871200,202.633,208.122,1
20,6,PSCO,PACE,1604188800,225.924,225.924,0
20,6,PSCO,PACE,1605506400,203.332,203.332,0
20,6,PSCO,PACE,1606824000,147.36,147.36,0
20,6,PSCO,PACE,1608141600,172.796,172.796,0
20,1,TEPC,AECI,1577836800,261.782,261.782,0
20,1,TEPC,AECI,1579154400,260.044,260.044,0
20,1,TEPC,AECI,1580472000,227.287,227.287,0
20,1,TEPC,AECI,1581789600,230.952,230.952,0
20,1,TEPC,AECI,1583107200,213.887,213.887,0
20,1,TEPC,AECI,1584424800,209.261,209.261,0
20,1,TEPC,AECI,1585742400,163.89,163.89,0
20,1,TEPC,AECI,1587060000,178.693,178.693,0
20,1,TEPC,AECI,1588377600,179.254,179.254,0
20,1,TEPC,AECI,1589695200,215.518,215.518,0
20,1,TEPC,AECI,1591012800,222.496,222.496,0
20,1,TEPC,AECI,1592330400,189.451,189.451,0
20,1,TEPC,AECI,1593648000,215.878,215.878,0
20,1,TEPC,AECI,1594965600,207.863,207.863,0
20,1,TEPC,AECI,1596283200,219.66,219.66,0
20,1,TEPC,AECI,1597600800,232.192,232.192,0
20,1,TEPC,AECI,1598918400,219.508,219.508,0
20,1,TEPC,AECI,1600236000,245.174,245.174,0
20,1,TEPC,AECI,1601553600,235.921,235.921,0
20,1,TEPC,AECI,1602871200,262.53,262.53,0
20,1,TEPC,AECI,1604188800,265.706,265.706,0
20,1,TEPC,AECI,1605506400,225.001,225.001,0
20,1,TEPC,AECI,1606824000,193.11,193.11,0
20,1,TEPC,AECI,1608141600,251.11,251.11,0
20,2,TEPC,AECI,1577836800,185.05,267.327,3
20,2,TEPC,AECI,1579154400,196.915,265.972,3
20,2,TEPC,AECI,1580472000,183.205,232.948,3
20,2,TEPC,AECI,1581789600,205.707,238.38,4
20,2,TEPC,AECI,1583107200,187.049,222.949,4
20,2,TEPC,AECI,1584424800,201.771,223.393,7
20,2,TEPC,AECI,1585742400,146.069,171.952,6
20,2,TEPC,AECI,1587060000,158.087,184.288,5
20,2,TEPC,AECI,1588377600,166.319,186.595,4
20,2,TEPC,AECI,1589695200,181.259,225.929,5
20,2,TEPC,AECI,1591012800,163.951,227.481,3
20,2,TEPC,AECI,1592330400,180.673,196.336,6
20,2,TEPC,AECI,1593648000,207.171,224.651,4
20,2,TEPC,AECI,1594965600,200.038,217.978,5
20,2,TEPC,AECI,1596283200,220.132,233.317,8
20,2,TEPC,AECI,1597600800,242.497,241.07,6
20,2,TEPC,AECI,1598918400,229.435,236.985,12
20,2,TEPC,AECI,1600236000,233.522,256.016,5
20,2,TEPC,AECI,1601553600,228.844,253.789,10
20,2,TEPC,AECI,1602871200,214.686,277.32,9
20,2,TEPC,AECI,1604188800,242.798,275.245,4
20,2,TEPC,AECI,1605506400,223.843,230.103,3
20,2,TEPC,AECI,1606824000,193.11,193.11,0
20,2,TEPC,AECI,1608141600,212.326,256.156,3
20,3,TEPC,AECI,1577836800,178.953,267.327,1
20,3,TEPC,AECI,1579154400,193.035,265.972,1
20,3,TEPC,AECI,1580472000,184.602,232.948,1
20,3,TEPC,AECI,1581789600,220.12,238.38,4
20,3,TEPC,AECI,1583107200,213.887,213.887,0
20,3,TEPC,AECI,1584424800,185.455,214.078,1
20,3,TEPC,AECI,1585742400,144.238,171.952,4
20,3,TEPC,AECI,1587060000,175.905,181.485,2
20,3,TEPC,AECI,1588377600,179.254,179.254,0
20,3,TEPC,AECI,1589695200,163.629,220.659,1
20,3,TEPC,AECI,1591012800,158.124,227.481,1
20,3,TEPC,AECI,1592330400,191.829,196.336,4
20,3,TEPC,AECI,1593648000,215.878,215.878,0
20,3,TEPC,AECI,1594965600,204.784,212.83,3
20,3,TEPC,AECI,1596283200,190.679,224.499,1
20,3,TEPC,AECI,1597600800,232.192,232.192,0
20,3,TEPC,AECI,1598918400,189.308,224.177,3
20,3,TEPC,AECI,1600236000,247.763,250.543,1
20,3,TEPC,AECI,1601553600,189.287,240.805,1
20,3,TEPC,AECI,1602871200,185.496,267.329,1
20,3,TEPC,AECI,1604188800,259.749,270.432,2
20,3,TEPC,AECI,1605506400,220.076,230.103,1
20,3,TEPC,AECI,1606824000,193.11,193.11,0
20,3,TEPC,AECI,1608141600,200.627,256.156,1
20,4,TEPC,AECI,1577836800,178.953,267.327,1
20,4,TEPC,AECI,1579154400,193.035,265.972,1
20,4,TEPC,AECI,1580472000,178.93,232.948,1
20,4,TEPC,AECI,1581789600,236.818,234.731,1
20,4,TEPC,AECI,1583107200,222.468,218.268,1
20,4,TEPC,AECI,1584424800,191.071,214.078,1
20,4,TEPC,AECI,1585742400,148.333,167.958,2
20,4,TEPC,AECI,1587060000,166.925,181.485,3
20,4,TEPC,AECI,1588377600,179.254,179.254,0
20,4,TEPC,AECI,1589695200,163.629,220.659,1
20,4,TEPC,AECI,1591012800,158.124,227.481,1
20,4,TEPC,AECI,1592330400,189.451,189.451,0
20,4,TEPC,AECI,1593648000,215.878,215.878,0
20,4,TEPC,AECI,1594965600,207.863,207.863,0
20,4,TEPC,AECI,1596283200,219.66,219.66,0
20,4,TEPC,AECI,1597600800,232.192,232.192,0
20,4,TEPC,AECI,1598918400,213.803,224.177,1
20,4,TEPC,AECI,1600236000,245.174,245.174,0
20,4,TEPC,AECI,1601553600,214.984,240.805,2
20,4,TEPC,AECI,1602871200,185.496,267.329,1
20,4,TEPC,AECI,1604188800,250.892,270.432,1
20,4,TEPC,AECI,1605506400,220.504,230.103,1
20,4,TEPC,AECI,1606824000,193.11,193.11,0
20,4,TEPC,AECI,1608141600,200.627,256.156,1
20,5,TEPC,AECI,1577836800,184.736,267.327,3
20,5,TEPC,AECI,1579154400,196.611,265.972,3
20,5,TEPC,AECI,1580472000,181.7,232.948,3
20,5,TEPC,AECI,1581789600,204.885,238.38,4
20,5,TEPC,AECI,1583107200,186.593,222.949,5
20,5,TEPC,AECI,1584424800,200.841,223.393,7
20,5,TEPC,AECI,1585742400,143.5,171.952,4
20,5,TEPC,AECI,1587060000,157.047,184.288,5
20,5,TEPC,AECI,1588377600,164.436,186.595,4
20,5,TEPC,AECI,1589695200,178.759,225.929,5
20,5,TEPC,AECI,1591012800,160.93,227.481,1
20,5,TEPC,AECI,1592330400,179.302,196.336,6
20,5,TEPC,AECI,1593648000,207.517,224.651,5
20,5,TEPC,AECI,1594965600,198.79,217.978,5
20,5,TEPC,AECI,1596283200,219.74,233.317,8
20,5,TEPC,AECI,1597600800,242.027,241.07,6
20,5,TEPC,AECI,1598918400,227.655,236.985,12
20,5,TEPC,AECI,1600236000,232.468,256.016,5
20,5,TEPC,AECI,1601553600,228.217,253.789,10
20,5,TEPC,AECI,1602871200,211.765,277.32,8
20,5,TEPC,AECI,1604188800,241.286,275.245,4
20,5,TEPC,AECI,1605506400,222.605,230.103,3
20,5,TEPC,AECI,1606824000,193.11,193.11,0
20,5,TEPC,AECI,1608141600,210.73,256.156,3
20,6,TEPC,AECI,1577836800,178.953,267.327,1
20,6,TEPC,AECI,1579154400,193.035,265.972,1
20,6,TEPC,AECI,1580472000,184.602,232.948,1
20,6,TEPC,AECI,1581789600,230.952,230.952,0
20,6,TEPC,AECI,1583107200,213.887,213.887,0
20,6,TEPC,AECI,1584424800,184.792,214.078,1
20,6,TEPC,AECI,1585742400,135.878,167.958,1
20,6,TEPC,AECI,1587060000,178.693,178.693,0
20,6,TEPC,AECI,1588377600,179.254,179.254,0
20,6,TEPC,AECI,1589695200,163.629,220.659,1
20,6,TEPC,AECI,1591012800,158.124,227.481,1
20,6,TEPC,AECI,1592330400,189.451,189.451,0
20,6,TEPC,AECI,1593648000,215.878,215.878,0
20,6,TEPC,AECI,1594965600,207.863,207.863,0
20,6,TEPC,AECI,1596283200,219.66,219.66,0
20,6,TEPC,AECI,1597600800,232.192,232.192,0
20,6,TEPC,AECI,1598918400,219.508,219.508,0
20,6,TEPC,AECI,1600236000,245.174,245.174,0
20,6,TEPC,AECI,1601553600,189.287,240.805,1
20,6,TEPC,AECI,1602871200,185.496,267.329,1
20,6,TEPC,AECI,1604188800,265.706,265.706,0
20,6,TEPC,AECI,1605506400,225.001,225.001,0
20,6,TEPC,AECI,1606824000,193.11,193.11,0
20,6,TEPC,AECI,1608141600,200.627,256.156,1
30,1,AECI,EPE,1577836800,171.652,171.652,0
30,1,AECI,EPE,1579154400,184.829,184.829,0
30,1,AECI,EPE,1580472000,179.08,179.08,0
30,1,AECI,EPE,1581789600,190.047,190.047,0
30,1,AECI,EPE,1583107200,177.533,177.533,0
30,1,AECI,EPE,1584424800,173.609,173.609,0
30,1,AECI,EPE,1585742400,130.078,130.078,0
30,1,AECI,EPE,1587060000,146.519,146.519,0
30,1,AECI,EPE,1588377600,154.192,154.192,0
30,1,AECI,EPE,1589695200,158.058,158.058,0
30,1,AECI,EPE,1591012800,151.782,151.782,0
30,1,AECI,EPE,1592330400,159.195,159.195,0
30,1,AECI,EPE,1593648000,183.868,183.868,0
30,1,AECI,EPE,1594965600,175.21,175.21,0
30,1,AECI,EPE,1596283200,180.832,180.832,0
30,1,AECI,EPE,1597600800,201.072,201.072,0
30,1,AECI,EPE,1598918400,180.384,180.384,0
30,1,AECI,EPE,1600236000,202.899,202.899,0
30,1,AECI,EPE,1601553600,182.573,182.573,0
30,1,AECI,EPE,1602871200,178.75,178.75,0
30,1,AECI,EPE,1604188800,219.569,219.569,0
30,1,AECI,EPE,1605506400,205.232,205.232,0
30,1,AECI,EPE,1606824000,196.187,196.187,0
30,1,AECI,EPE,1608141600,194.483,194.483,0
30,2,AECI,EPE,1577836800,223.778,190.783,9
30,2,AECI,EPE,1579154400,217.103,192.82,3
30,2,AECI,EPE,1580472000,183.207,186.263,3
30,2,AECI,EPE,1581789600,182.329,194.225,1
30,2,AECI,EPE,1583107200,202.339,189.972,5
30,2,AECI,EPE,1584424800,204.736,182.634,6
30,2,AECI,EPE,1585742400,154.62,140.908,5
30,2,AECI,EPE,1587060000,173.042,153.628,6
30,2,AECI,EPE,1588377600,178.033,165.031,5
30,2,AECI,EPE,1589695200,190.311,168.287,6
30,2,AECI,EPE,1591012800,190.996,165.617,7
30,2,AECI,EPE,1592330400,202.121,171.96,8
30,2,AECI,EPE,1593648000,214.853,195.49,5
30,2,AECI,EPE,1594965600,201.07,181.77,4
30,2,AECI,EPE,1596283200,215.613,191.964,5
30,2,AECI,EPE,1597600800,227.317,209.122,3
30,2,AECI,EPE,1598918400,224.343,191.074,6
30,2,AECI,EPE,1600236000,207.89,206.444,2
30,2,AECI,EPE,1601553600,206.06,185.848,2
30,2,AECI,EPE,1602871200,211.772,190.616,5
30,2,AECI,EPE,1604188800,231.23,232.243,5
30,2,AECI,EPE,1605506400,208.072,208.412,2
30,2,AECI,EPE,1606824000,211.183,204.333,3
30,2,AECI,EPE,1608141600,252.088,216.395,11
30,3,AECI,EPE,1577836800,208.442,175.342,1
30,3,AECI,EPE,1579154400,212.842,188.789,1
30,3,AECI,EPE,1580472000,181.488,186.263,3
30,3,AECI,EPE,1581789600,182.329,194.225,1
30,3,AECI,EPE,1583107200,208.265,181.799,1
30,3,AECI,EPE,1584424800,202.878,176.679,2
30,3,AECI,EPE,1585742400,146.706,137.315,3
30,3,AECI,EPE,1587060000,176.172,149.147,1
30,3,AECI,EPE,1588377600,188.884,157.765,1
30,3,AECI,EPE,1589695200,193.727,161.536,2
30,3,AECI,EPE,1591012800,151.782,151.782,0
30,3,AECI,EPE,1592330400,167.823,162.435,1
30,3,AECI,EPE,1593648000,203.987,187.798,1
30,3,AECI,EPE,1594965600,211.751,181.77,4
30,3,AECI,EPE,1596283200,198.974,184.458,2
30,3,AECI,EPE,1597600800,220.518,205.228,1
30,3,AECI,EPE,1598918400,209.501,183.948,1
30,3,AECI,EPE,1600236000,206.964,206.444,2
30,3,AECI,EPE,1601553600,198.768,185.848,2
30,3,AECI,EPE,1602871200,187.288,182.572,1
30,3,AECI,EPE,1604188800,221.947,223.947,1
30,3,AECI,EPE,1605506400,205.642,208.412,2
30,3,AECI,EPE,1606824000,205.084,200.233,1
30,3,AECI,EPE,1608141600,222.077,198.171,1
30,4,AECI,EPE,1577836800,171.652,171.652,0
30,4,AECI,EPE,1579154400,212.842,188.789,1
30,4,AECI,EPE,1580472000,187.203,182.532,1
30,4,AECI,EPE,1581789600,182.329,194.225,1
30,4,AECI,EPE,1583107200,203.476,181.799,1
30,4,AECI,EPE,1584424800,199.847,176.679,1
30,4,AECI,EPE,1585742400,146.129,133.734,1
30,4,AECI,EPE,1587060000,164.655,149.147,2
30,4,AECI,EPE,1588377600,158.496,157.765,1
30,4,AECI,EPE,1589695200,178.327,161.536,1
30,4,AECI,EPE,1591012800,151.782,151.782,0
30,4,AECI,EPE,1592330400,159.195,159.195,0
30,4,AECI,EPE,1593648000,203.987,187.798,1
30,4,AECI,EPE,1594965600,175.21,175.21,0
30,4,AECI,EPE,1596283200,210.395,184.458,1
30,4,AECI,EPE,1597600800,220.518,205.228,1
30,4,AECI,EPE,1598918400,209.501,183.948,1
30,4,AECI,EPE,1600236000,205.66,206.444,1
30,4,AECI,EPE,1601553600,221.998,185.848,1
30,4,AECI,EPE,1602871200,185.714,182.572,1
30,4,AECI,EPE,1604188800,221.947,223.947,1
30,4,AECI,EPE,1605506400,210.358,208.412,1
30,4,AECI,EPE,1606824000,205.084,200.233,1
30,4,AECI,EPE,1608141600,222.077,198.171,1
30,5,AECI,EPE,1577836800,222.802,190.783,9
30,5,AECI,EPE,1579154400,216.421,192.82,3
30,5,AECI,EPE,1580472000,182.914,186.263,3
30,5,AECI,EPE,1581789600,182.329,194.225,1
30,5,AECI,EPE,1583107200,192.605,186.056,3
30,5,AECI,EPE,1584424800,204.266,182.634,6
30,5,AECI,EPE,1585742400,153.838,140.908,5
30,5,AECI,EPE,1587060000,171.445,153.628,6
30,5,AECI,EPE,1588377600,176.916,165.031,5
30,5,AECI,EPE,1589695200,188.848,168.287,6
30,5,AECI,EPE,1591012800,190.201,165.617,7
30,5,AECI,EPE,1592330400,199.738,171.96,8
30,5,AECI,EPE,1593648000,213.732,195.49,5
30,5,AECI,EPE,1594965600,199.812,181.77,4
30,5,AECI,EPE,1596283200,215.163,191.964,5
30,5,AECI,EPE,1597600800,226.832,209.122,3
30,5,AECI,EPE,1598918400,223.242,191.074,6
30,5,AECI,EPE,1600236000,206.964,206.444,2
30,5,AECI,EPE,1601553600,205.253,185.848,2
30,5,AECI,EPE,1602871200,211.192,190.616,5
30,5,AECI,EPE,1604188800,230.392,232.243,5
30,5,AECI,EPE,1605506400,207.205,208.412,2
30,5,AECI,EPE,1606824000,211.044,204.333,3
30,5,AECI,EPE,1608141600,251.104,216.395,11
30,6,AECI,EPE,1577836800,171.652,171.652,0
30,6,AECI,EPE,1579154400,212.842,188.789,1
30,6,AECI,EPE,1580472000,187.203,182.532,1
30,6,AECI,EPE,1581789600,182.329,194.225,1
30,6,AECI,EPE,1583107200,208.265,181.799,1
30,6,AECI,EPE,1584424800,209.062,176.679,1
30,6,AECI,EPE,1585742400,130.078,130.078,0
30,6,AECI,EPE,1587060000,176.172,149.147,1
30,6,AECI,EPE,1588377600,182.504,157.765,1
30,6,AECI,EPE,1589695200,190.199,161.536,1
30,6,AECI,EPE,1591012800,151.782,151.782,0
30,6,AECI,EPE,1592330400,159.195,159.195,0
30,6,AECI,EPE,1593648000,203.987,187.798,1
30,6,AECI,EPE,1594965600,175.21,175.21,0
30,6,AECI,EPE,1596283200,210.395,184.458,1
30,6,AECI,EPE,1597600800,220.518,205.228,1
30,6,AECI,EPE,1598918400,209.501,183.948,1
30,6,AECI,EPE,1600236000,205.66,206.444,1
30,6,AECI,EPE,1601553600,182.573,182.573,0
30,6,AECI,EPE,1602871200,178.75,178.75,0
30,6,AECI,EPE,1604188800,221.947,223.947,1
30,6,AECI,EPE,1605506400,210.358,208.412,1
30,6,AECI,EPE,1606824000,205.084,200.233,1
30,6,AECI,EPE,1608141600,222.077,198.171,1
30,1,AECI,PACE,1577836800,171.652,171.652,0
30,1,AECI,PACE,1579154400,184.829,184.829,0
30,1,AECI,PACE,1580472000,179.08,179.08,0
30,1,AECI,PACE,1581789600,190.047,190.047,0
30,1,AECI,PACE,1583107200,177.533,177.533,0
30,1,AECI,PACE,1584424800,173.609,173.609,0
30,1,AECI,PACE,1585742400,130.078,130.078,0
30,1,AECI,PACE,1587060000,146.519,146.519,0
30,1,AECI,PACE,1588377600,154.192,154.192,0
30,1,AECI,PACE,1589695200,158.058,158.058,0
30,1,AECI,PACE,1591012800,151.782,151.782,0
30,1,AECI,PACE,1592330400,159.195,159.195,0
30,1,AECI,PACE,1593648000,183.868,183.868,0
30,1,AECI,PACE,1594965600,175.21,175.21,0
30,1,AECI,PACE,1596283200,180.832,180.832,0
30,1,AECI,PACE,1597600800,201.072,201.072,0
30,1,AECI,PACE,1598918400,180.384,180.384,0
30,1,AECI,PACE,1600236000,202.899,202.899,0
30,1,AECI,PACE,1601553600,182.573,182.573,0
30,1,AECI,PACE,1602871200,178.75,178.75,0
30,1,AECI,PACE,1604188800,219.569,219.569,0
30,1,AECI,PACE,1605506400,205.232,205.232,0
30,1,AECI,PACE,1606824000,196.187,196.187,0
30,1,AECI,PACE,1608141600,194.483,194.483,0
30,2,AECI,PACE,1577836800,192.649,179.057,4
30,2,AECI,PACE,1579154400,218.043,196.664,6
30,2,AECI,PACE,1580472000,202.051,190.145,5
30,2,AECI,PACE,1581789600,206.081,198.479,3
30,2,AECI,PACE,1583107200,188.358,186.056,3
30,2,AECI,PACE,1584424800,184.349,176.679,2
30,2,AECI,PACE,1585742400,130.078,130.078,0
30,2,AECI,PACE,1587060000,155.317,149.147,2
30,2,AECI,PACE,1588377600,159.492,161.5,3
30,2,AECI,PACE,1589695200,179.704,164.985,4
30,2,AECI,PACE,1591012800,162.803,155.24,2
30,2,AECI,PACE,1592330400,171.808,165.665,4
30,2,AECI,PACE,1593648000,210.599,195.49,6
30,2,AECI,PACE,1594965600,211.582,188.678,8
30,2,AECI,PACE,1596283200,217.521,195.708,7
30,2,AECI,PACE,1597600800,257.802,220.708,10
30,2,AECI,PACE,1598918400,200.964,187.524,4
30,2,AECI,PACE,1600236000,233.594,210.142,4
30,2,AECI,PACE,1601553600,206.522,189.499,4
30,2,AECI,PACE,1602871200,200.294,190.616,5
30,2,AECI,PACE,1604188800,253.789,232.243,6
30,2,AECI,PACE,1605506400,230.59,211.558,4
30,2,AECI,PACE,1606824000,229.499,208.508,5
30,2,AECI,PACE,1608141600,240.568,208.422,8
30,3,AECI,PACE,1577836800,192.86,175.342,2
30,3,AECI,PACE,1579154400,221.987,192.82,4
30,3,AECI,PACE,1580472000,190.384,182.532,2
30,3,AECI,PACE,1581789600,203.514,194.225,1
30,3,AECI,PACE,1583107200,213.105,181.799,1
30,3,AECI,PACE,1584424800,173.609,173.609,0
30,3,AECI,PACE,1585742400,130.078,130.078,0
30,3,AECI,PACE,1587060000,146.519,146.519,0
30,3,AECI,PACE,1588377600,185.39,157.765,1
30,3,AECI,PACE,1589695200,167.967,161.536,2
30,3,AECI,PACE,1591012800,151.782,151.782,0
30,3,AECI,PACE,1592330400,159.195,159.195,0
30,3,AECI,PACE,1593648000,218.502,187.798,1
30,3,AECI,PACE,1594965600,190.67,181.77,4
30,3,AECI,PACE,1596283200,180.832,180.832,0
30,3,AECI,PACE,1597600800,228.921,209.122,4
30,3,AECI,PACE,1598918400,201.221,187.524,4
30,3,AECI,PACE,1600236000,224.463,206.444,2
30,3,AECI,PACE,1601553600,182.573,182.573,0
30,3,AECI,PACE,1602871200,213.567,190.616,5
30,3,AECI,PACE,1604188800,263.0,228.152,4
30,3,AECI,PACE,1605506400,227.097,208.412,2
30,3,AECI,PACE,1606824000,235.113,208.508,5
30,3,AECI,PACE,1608141600,210.918,198.171,2
30,4,AECI,PACE,1577836800,171.652,171.652,0
30,4,AECI,PACE,1579154400,184.829,184.829,0
30,4,AECI,PACE,1580472000,197.512,182.532,2
30,4,AECI,PACE,1581789600,203.285,194.225,2
30,4,AECI,PACE,1583107200,193.152,181.799,1
30,4,AECI,PACE,1584424800,173.609,173.609,0
30,4,AECI,PACE,1585742400,130.078,130.078,0
30,4,AECI,PACE,1587060000,146.519,146.519,0
30,4,AECI,PACE,1588377600,168.969,157.765,1
30,4,AECI,PACE,1589695200,158.058,158.058,0
30,4,AECI,PACE,1591012800,151.782,151.782,0
30,4,AECI,PACE,1592330400,159.195,159.195,0
30,4,AECI,PACE,1593648000,218.502,187.798,1
30,4,AECI,PACE,1594965600,204.268,178.469,1
30,4,AECI,PACE,1596283200,180.832,180.832,0
30,4,AECI,PACE,1597600800,201.072,201.072,0
30,4,AECI,PACE,1598918400,180.384,180.384,0
30,4,AECI,PACE,1600236000,202.899,202.899,0
30,4,AECI,PACE,1601553600,182.573,182.573,0
30,4,AECI,PACE,1602871200,192.409,182.572,1
30,4,AECI,PACE,1604188800,264.945,223.947,1
30,4,AECI,PACE,1605506400,227.097,208.412,2
30,4,AECI,PACE,1606824000,203.218,200.233,1
30,4,AECI,PACE,1608141600,228.491,198.171,1
30,5,AECI,PACE,1577836800,191.249,179.057,4
30,5,AECI,PACE,1579154400,217.281,196.664,6
30,5,AECI,PACE,1580472000,200.63,190.145,5
30,5,AECI,PACE,1581789600,205.429,198.479,3
30,5,AECI,PACE,1583107200,188.505,186.056,3
30,5,AECI,PACE,1584424800,183.264,176.679,2
30,5,AECI,PACE,1585742400,130.078,130.078,0
30,5,AECI,PACE,1587060000,154.787,149.147,2
30,5,AECI,PACE,1588377600,160.487,161.5,4
30,5,AECI,PACE,1589695200,177.832,164.985,4
30,5,AECI,PACE,1591012800,162.162,155.24,2
30,5,AECI,PACE,1592330400,169.096,165.665,4
30,5,AECI,PACE,1593648000,207.107,195.49,6
30,5,AECI,PACE,1594965600,209.26,188.678,8
30,5,AECI,PACE,1596283200,217.272,195.708,7
30,5,AECI,PACE,1597600800,262.402,224.754,11
30,5,AECI,PACE,1598918400,200.235,187.524,4
30,5,AECI,PACE,1600236000,232.211,210.142,4
30,5,AECI,PACE,1601553600,204.9,189.499,4
30,5,AECI,PACE,1602871200,199.163,190.616,5
30,5,AECI,PACE,1604188800,251.837,232.243,6
30,5,AECI,PACE,1605506400,228.72,211.558,4
30,5,AECI,PACE,1606824000,229.335,208.508,5
30,5,AECI,PACE,1608141600,238.96,208.422,8
30,6,AECI,PACE,1577836800,171.652,171.652,0
30,6,AECI,PACE,1579154400,184.829,184.829,0
30,6,AECI,PACE,1580472000,188.202,182.532,2
30,6,AECI,PACE,1581789600,203.514,194.225,1
30,6,AECI,PACE,1583107200,213.105,181.799,1
30,6,AECI,PACE,1584424800,173.609,173.609,0
30,6,AECI,PACE,1585742400,130.078,130.078,0
30,6,AECI,PACE,1587060000,146.519,146.519,0
30,6,AECI,PACE,1588377600,181.739,157.765,1
30,6,AECI,PACE,1589695200,158.058,158.058,0
30,6,AECI,PACE,1591012800,151.782,151.782,0
30,6,AECI,PACE,1592330400,159.195,159.195,0
30,6,AECI,PACE,1593648000,218.502,187.798,1
30,6,AECI,PACE,1594965600,204.268,178.469,1
30,6,AECI,PACE,1596283200,180.832,180.832,0
30,6,AECI,PACE,1597600800,201.072,201.072,0
30,6,AECI,PACE,1598918400,180.384,180.384,0
30,6,AECI,PACE,1600236000,202.899,202.899,0
30,6,AECI,PACE,1601553600,182.573,182.573,0
30,6,AECI,PACE,1602871200,178.75,178.75,0
30,6,AECI,PACE,1604188800,264.945,223.947,1
30,6,AECI,PACE,1605506400,236.849,208.412,1
30,6,AECI,PACE,1606824000,196.187,196.187,0
30,6,AECI,PACE,1608141600,228.491,198.171,1
30,1,AECI,TEPC,1577836800,171.652,171.652,0
30,1,AECI,TEPC,1579154400,184.829,184.829,0
30,1,AECI,TEPC,1580472000,179.08,179.08,0
30,1,AECI,TEPC,1581789600,190.047,190.047,0
30,1,AECI,TEPC,1583107200,177.533,177.533,0
30,1,AECI,TEPC,1584424800,173.609,173.609,0
30,1,AECI,TEPC,1585742400,130.078,130.078,0
30,1,AECI,TEPC,1587060000,146.519,146.519,0
30,1,AECI,TEPC,1588377600,154.192,154.192,0
30,1,AECI,TEPC,1589695200,158.058,158.058,0
30,1,AECI,TEPC,1591012800,151.782,151.782,0
30,1,AECI,TEPC,1592330400,159.195,159.195,0
30,1,AECI,TEPC,1593648000,183.868,183.868,0
30,1,AECI,TEPC,1594965600,175.21,175.21,0
30,1,AECI,TEPC,1596283200,180.832,180.832,0
30,1,AECI,TEPC,1597600800,201.072,201.072,0
30,1,AECI,TEPC,1598918400,180.384,180.384,0
30,1,AECI,TEPC,1600236000,202.899,202.899,0
30,1,AECI,TEPC,1601553600,182.573,182.573,0
30,1,AECI,TEPC,1602871200,178.75,178.75,0
30,1,AECI,TEPC,1604188800,219.569,219.569,0
30,1,AECI,TEPC,1605506400,205.232,205.232,0
30,1,AECI,TEPC,1606824000,196.187,196.187,0
30,1,AECI,TEPC,1608141600,194.483,194.483,0
30,2,AECI,TEPC,1577836800,182.966,175.342,2
30,2,AECI,TEPC,1579154400,194.117,188.789,2
30,2,AECI,TEPC,1580472000,190.456,186.263,4
30,2,AECI,TEPC,1581789600,214.653,202.752,5
30,2,AECI,TEPC,1583107200,198.481,189.972,6
30,2,AECI,TEPC,1584424800,203.309,182.634,6
30,2,AECI,TEPC,1585742400,150.076,140.908,5
30,2,AECI,TEPC,1587060000,164.793,153.628,6
30,2,AECI,TEPC,1588377600,174.186,165.031,5
30,2,AECI,TEPC,1589695200,188.845,168.287,6
30,2,AECI,TEPC,1591012800,162.39,155.24,2
30,2,AECI,TEPC,1592330400,193.362,171.96,7
30,2,AECI,TEPC,1593648000,219.077,195.49,6
30,2,AECI,TEPC,1594965600,200.294,181.77,4
30,2,AECI,TEPC,1596283200,226.455,195.708,7
30,2,AECI,TEPC,1597600800,257.35,216.844,7
30,2,AECI,TEPC,1598918400,254.573,205.536,14
30,2,AECI,TEPC,1600236000,233.319,210.142,4
30,2,AECI,TEPC,1601553600,236.161,201.35,9
30,2,AECI,TEPC,1602871200,229.068,198.886,9
30,2,AECI,TEPC,1604188800,252.915,232.243,5
30,2,AECI,TEPC,1605506400,230.815,211.558,4
30,2,AECI,TEPC,1606824000,199.168,200.233,1
30,2,AECI,TEPC,1608141600,219.583,201.57,4
30,3,AECI,TEPC,1577836800,171.652,171.652,0
30,3,AECI,TEPC,1579154400,184.829,184.829,0
30,3,AECI,TEPC,1580472000,179.08,179.08,0
30,3,AECI,TEPC,1581789600,231.444,202.752,5
30,3,AECI,TEPC,1583107200,219.407,181.799,1
30,3,AECI,TEPC,1584424800,186.648,176.679,2
30,3,AECI,TEPC,1585742400,143.498,137.315,3
30,3,AECI,TEPC,1587060000,182.685,151.4,4
30,3,AECI,TEPC,1588377600,184.418,157.765,1
30,3,AECI,TEPC,1589695200,165.664,161.536,2
30,3,AECI,TEPC,1591012800,151.782,151.782,0
30,3,AECI,TEPC,1592330400,193.333,165.665,3
30,3,AECI,TEPC,1593648000,221.977,187.798,1
30,3,AECI,TEPC,1594965600,213.778,185.187,6
30,3,AECI,TEPC,1596283200,191.553,184.458,2
30,3,AECI,TEPC,1597600800,238.203,205.228,1
30,3,AECI,TEPC,1598918400,202.658,191.074,5
30,3,AECI,TEPC,1600236000,248.009,206.444,2
30,3,AECI,TEPC,1601553600,182.573,182.573,0
30,3,AECI,TEPC,1602871200,187.929,182.572,2
30,3,AECI,TEPC,1604188800,267.822,228.152,3
30,3,AECI,TEPC,1605506400,222.716,208.412,2
30,3,AECI,TEPC,1606824000,199.168,200.233,1
30,3,AECI,TEPC,1608141600,194.483,194.483,0
30,4,AECI,TEPC,1577836800,171.652,171.652,0
30,4,AECI,TEPC,1579154400,184.829,184.829,0
30,4,AECI,TEPC,1580472000,182.206,182.532,2
30,4,AECI,TEPC,1581789600,190.047,190.047,0
30,4,AECI,TEPC,1583107200,177.533,177.533,0
30,4,AECI,TEPC,1584424800,203.337,176.679,2
30,4,AECI,TEPC,1585742400,146.558,133.734,1
30,4,AECI,TEPC,1587060000,164.05,149.147,2
30,4,AECI,TEPC,1588377600,170.217,157.765,1
30,4,AECI,TEPC,1589695200,158.058,158.058,0
30,4,AECI,TEPC,1591012800,151.782,151.782,0
30,4,AECI,TEPC,1592330400,164.421,162.435,1
30,4,AECI,TEPC,1593648000,183.868,183.868,0
30,4,AECI,TEPC,1594965600,175.21,175.21,0
30,4,AECI,TEPC,1596283200,180.832,180.832,0
30,4,AECI,TEPC,1597600800,220.64,205.228,1
30,4,AECI,TEPC,1598918400,180.384,180.384,0
30,4,AECI,TEPC,1600236000,202.899,202.899,0
30,4,AECI,TEPC,1601553600,182.573,182.573,0
30,4,AECI,TEPC,1602871200,178.75,178.75,0
30,4,AECI,TEPC,1604188800,265.378,223.947,2
30,4,AECI,TEPC,1605506400,222.716,208.412,2
30,4,AECI,TEPC,1606824000,199.168,200.233,1
30,4,AECI,TEPC,1608141600,194.483,194.483,0
30,5,AECI,TEPC,1577836800,182.597,175.342,2
30,5,AECI,TEPC,1579154400,193.771,188.789,2
30,5,AECI,TEPC,1580472000,188.837,186.263,4
30,5,AECI,TEPC,1581789600,213.662,202.752,5
30,5,AECI,TEPC,1583107200,187.323,186.056,4
30,5,AECI,TEPC,1584424800,202.266,182.634,6
30,5,AECI,TEPC,1585742400,149.683,140.908,5
30,5,AECI,TEPC,1587060000,163.656,153.628,6
30,5,AECI,TEPC,1588377600,174.185,165.031,6
30,5,AECI,TEPC,1589695200,179.128,164.985,4
30,5,AECI,TEPC,1591012800,161.956,155.24,2
30,5,AECI,TEPC,1592330400,191.89,171.96,7
30,5,AECI,TEPC,1593648000,216.663,195.49,6
30,5,AECI,TEPC,1594965600,198.943,181.77,4
30,5,AECI,TEPC,1596283200,225.936,195.708,7
30,5,AECI,TEPC,1597600800,256.816,216.844,7
30,5,AECI,TEPC,1598918400,251.742,205.536,14
30,5,AECI,TEPC,1600236000,232.146,210.142,4
30,5,AECI,TEPC,1601553600,235.341,201.35,9
30,5,AECI,TEPC,1602871200,231.054,198.886,10
30,5,AECI,TEPC,1604188800,253.739,232.243,6
30,5,AECI,TEPC,1605506400,229.542,211.558,4
30,5,AECI,TEPC,1606824000,199.168,200.233,1
30,5,AECI,TEPC,1608141600,217.84,201.57,4
30,6,AECI,TEPC,1577836800,171.652,171.652,0
30,6,AECI,TEPC,1579154400,184.829,184.829,0
30,6,AECI,TEPC,1580472000,179.08,179.08,0
30,6,AECI,TEPC,1581789600,190.047,190.047,0
30,6,AECI,TEPC,1583107200,213.781,181.799,1
30,6,AECI,TEPC,1584424800,173.609,173.609,0
30,6,AECI,TEPC,1585742400,130.078,130.078,0
30,6,AECI,TEPC,1587060000,170.089,149.147,1
30,6,AECI,TEPC,1588377600,184.418,157.765,1
30,6,AECI,TEPC,1589695200,158.058,158.058,0
30,6,AECI,TEPC,1591012800,151.782,151.782,0
30,6,AECI,TEPC,1592330400,159.195,159.195,0
30,6,AECI,TEPC,1593648000,221.977,187.798,1
30,6,AECI,TEPC,1594965600,211.176,178.469,1
30,6,AECI,TEPC,1596283200,180.832,180.832,0
30,6,AECI,TEPC,1597600800,238.203,205.228,1
30,6,AECI,TEPC,1598918400,180.384,180.384,0
30,6,AECI,TEPC,1600236000,241.541,206.444,1
30,6,AECI,TEPC,1601553600,182.573,182.573,0
30,6,AECI,TEPC,1602871200,178.75,178.75,0
30,6,AECI,TEPC,1604188800,255.975,223.947,1
30,6,AECI,TEPC,1605506400,231.679,208.412,1
30,6,AECI,TEPC,1606824000,199.168,200.233,1
30,6,AECI,TEPC,1608141600,194.483,194.483,0
30,1,BANC,CISO,1577836800,76.253,76.253,0
30,1,BANC,CISO,1579154400,81.548,81.548,0
30,1,BANC,CISO,1580472000,55.83,55.83,0
30,1,BANC,CISO,1581789600,52.267,52.267,0
30,1,BANC,CISO,1583107200,52.43,52.43,0
30,1,BANC,CISO,1584424800,83.316,83.316,0
30,1,BANC,CISO,1585742400,44.33,44.33,0
30,1,BANC,CISO,1587060000,33.313,33.313,0
30,1,BANC,CISO,1588377600,42.749,42.749,0
30,1,BANC,CISO,1589695200,42.187,42.187,0
30,1,BANC,CISO,1591012800,42.378,42.378,0
30,1,BANC,CISO,1592330400,40.383,40.383,0
30,1,BANC,CISO,1593648000,37.688,37.688,0
30,1,BANC,CISO,1594965600,55.204,55.204,0
30,1,BANC,CISO,1596283200,56.684,56.684,0
30,1,BANC,CISO,1597600800,78.197,78.197,0
30,1,BANC,CISO,1598918400,75.022,75.022,0
30,1,BANC,CISO,1600236000,80.174,80.174,0
30,1,BANC,CISO,1601553600,81.036,81.036,0
30,1,BANC,CISO,1602871200,74.249,74.249,0
30,1,BANC,CISO,1604188800,87.09,87.09,0
30,1,BANC,CISO,1605506400,93.475,93.475,0
30,1,BANC,CISO,1606824000,108.643,108.643,0
30,1,BANC,CISO,1608141600,91.972,91.972,0
30,2,BANC,CISO,1577836800,86.271,79.02,4
30,2,BANC,CISO,1579154400,95.025,85.001,4
30,2,BANC,CISO,1580472000,60.071,57.124,2
30,2,BANC,CISO,1581789600,61.918,56.696,5
30,2,BANC,CISO,1583107200,59.652,54.335,4
30,2,BANC,CISO,1584424800,98.681,87.409,4
30,2,BANC,CISO,1585742400,51.132,45.774,4
30,2,BANC,CISO,1587060000,37.057,34.563,3
30,2,BANC,CISO,1588377600,44.64,44.902,6
30,2,BANC,CISO,1589695200,42.36,44.133,4
30,2,BANC,CISO,1591012800,45.472,43.426,2
30,2,BANC,CISO,1592330400,48.273,43.909,7
30,2,BANC,CISO,1593648000,42.233,39.194,4
30,2,BANC,CISO,1594965600,61.978,57.597,4
30,2,BANC,CISO,1596283200,62.574,58.939,4
30,2,BANC,CISO,1597600800,83.406,79.796,2
30,2,BANC,CISO,1598918400,83.829,77.342,4
30,2,BANC,CISO,1600236000,91.535,83.671,4
30,2,BANC,CISO,1601553600,93.51,84.255,4
30,2,BANC,CISO,1602871200,86.377,79.011,5
30,2,BANC,CISO,1604188800,95.977,89.275,4
30,2,BANC,CISO,1605506400,117.64,102.65,7
30,2,BANC,CISO,1606824000,141.077,120.541,9
30,2,BANC,CISO,1608141600,111.928,98.52,7
30,3,BANC,CISO,1577836800,80.039,77.755,2
30,3,BANC,CISO,1579154400,81.548,81.548,0
30,3,BANC,CISO,1580472000,55.83,55.83,0
30,3,BANC,CISO,1581789600,54.22,53.687,1
30,3,BANC,CISO,1583107200,56.053,53.467,2
30,3,BANC,CISO,1584424800,83.316,83.316,0
30,3,BANC,CISO,1585742400,44.33,44.33,0
30,3,BANC,CISO,1587060000,34.44,33.965,1
30,3,BANC,CISO,1588377600,59.33,44.17,4
30,3,BANC,CISO,1589695200,45.816,43.181,2
30,3,BANC,CISO,1591012800,42.378,42.378,0
30,3,BANC,CISO,1592330400,42.733,41.117,2
30,3,BANC,CISO,1593648000,40.487,38.452,2
30,3,BANC,CISO,1594965600,55.204,55.204,0
30,3,BANC,CISO,1596283200,56.684,56.684,0
30,3,BANC,CISO,1597600800,78.197,78.197,0
30,3,BANC,CISO,1598918400,86.74,78.526,6
30,3,BANC,CISO,1600236000,80.174,80.174,0
30,3,BANC,CISO,1601553600,81.036,81.036,0
30,3,BANC,CISO,1602871200,76.957,75.808,1
30,3,BANC,CISO,1604188800,87.09,87.09,0
30,3,BANC,CISO,1605506400,125.898,97.995,3
30,3,BANC,CISO,1606824000,125.239,111.264,1
30,3,BANC,CISO,1608141600,98.2,95.082,3
30,4,BANC,CISO,1577836800,76.253,76.253,0
30,4,BANC,CISO,1579154400,81.548,81.548,0
30,4,BANC,CISO,1580472000,55.83,55.83,0
30,4,BANC,CISO,1581789600,52.267,52.267,0
30,4,BANC,CISO,1583107200,52.43,52.43,0
30,4,BANC,CISO,1584424800,83.316,83.316,0
30,4,BANC,CISO,1585742400,44.33,44.33,0
30,4,BANC,CISO,1587060000,33.313,33.313,0
30,4,BANC,CISO,1588377600,42.749,42.749,0
30,4,BANC,CISO,1589695200,45.828,43.181,1
30,4,BANC,CISO,1591012800,42.378,42.378,0
30,4,BANC,CISO,1592330400,40.383,40.383,0
30,4,BANC,CISO,1593648000,37.688,37.688,0
30,4,BANC,CISO,1594965600,55.204,55.204,0
30,4,BANC,CISO,1596283200,56.684,56.684,0
30,4,BANC,CISO,1597600800,78.197,78.197,0
30,4,BANC,CISO,1598918400,75.022,75.022,0
30,4,BANC,CISO,1600236000,80.174,80.174,0
30,4,BANC,CISO,1601553600,81.036,81.036,0
30,4,BANC,CISO,1602871200,74.249,74.249,0
30,4,BANC,CISO,1604188800,87.09,87.09,0
30,4,BANC,CISO,1605506400,111.816,95.731,1
30,4,BANC,CISO,1606824000,125.239,111.264,1
30,4,BANC,CISO,1608141600,102.657,93.461,2
30,5,BANC,CISO,1577836800,84.521,79.02,4
30,5,BANC,CISO,1579154400,93.213,85.001,4
30,5,BANC,CISO,1580472000,59.715,57.124,2
30,5,BANC,CISO,1581789600,59.072,56.696,5
30,5,BANC,CISO,1583107200,58.327,54.335,4
30,5,BANC,CISO,1584424800,95.984,87.409,4
30,5,BANC,CISO,1585742400,49.078,45.774,4
30,5,BANC,CISO,1587060000,36.819,34.563,3
30,5,BANC,CISO,1588377600,40.85,44.17,4
30,5,BANC,CISO,1589695200,41.564,44.133,4
30,5,BANC,CISO,1591012800,45.287,43.426,2
30,5,BANC,CISO,1592330400,47.026,43.909,7
30,5,BANC,CISO,1593648000,41.761,39.194,4
30,5,BANC,CISO,1594965600,61.282,57.597,4
30,5,BANC,CISO,1596283200,62.204,58.939,4
30,5,BANC,CISO,1597600800,82.737,79.796,2
30,5,BANC,CISO,1598918400,83.174,77.342,4
30,5,BANC,CISO,1600236000,90.897,83.671,4
30,5,BANC,CISO,1601553600,92.85,84.255,4
30,5,BANC,CISO,1602871200,82.31,77.394,3
30,5,BANC,CISO,1604188800,94.943,89.275,4
30,5,BANC,CISO,1605506400,115.779,102.65,7
30,5,BANC,CISO,1606824000,138.373,120.541,9
30,5,BANC,CISO,1608141600,108.702,98.52,7
30,6,BANC,CISO,1577836800,76.253,76.253,0
30,6,BANC,CISO,1579154400,81.548,81.548,0
30,6,BANC,CISO,1580472000,55.83,55.83,0
30,6,BANC,CISO,1581789600,52.267,52.267,0
30,6,BANC,CISO,1583107200,52.43,52.43,0
30,6,BANC,CISO,1584424800,83.316,83.316,0
30,6,BANC,CISO,1585742400,44.33,44.33,0
30,6,BANC,CISO,1587060000,33.313,33.313,0
30,6,BANC,CISO,1588377600,55.285,43.544,1
30,6,BANC,CISO,1589695200,46.793,43.181,1
30,6,BANC,CISO,1591012800,42.378,42.378,0
30,6,BANC,CISO,1592330400,40.383,40.383,0
30,6,BANC,CISO,1593648000,37.688,37.688,0
30,6,BANC,CISO,1594965600,55.204,55.204,0
30,6,BANC,CISO,1596283200,56.684,56.684,0
30,6,BANC,CISO,1597600800,78.197,78.197,0
30,6,BANC,CISO,1598918400,75.022,75.022,0
30,6,BANC,CISO,1600236000,80.174,80.174,0
30,6,BANC,CISO,1601553600,81.036,81.036,0
30,6,BANC,CISO,1602871200,74.249,74.249,0
30,6,BANC,CISO,1604188800,87.09,87.09,0
30,6,BANC,CISO,1605506400,122.173,95.731,1
30,6,BANC,CISO,1606824000,125.239,111.264,1
30,6,BANC,CISO,1608141600,91.972,91.972,0
30,1,CISO,BANC,1577836800,130.428,130.428,0
30,1,CISO,BANC,1579154400,140.472,140.472,0
30,1,CISO,BANC,1580472000,117.952,117.952,0
30,1,CISO,BANC,1581789600,103.569,103.569,0
30,1,CISO,BANC,1583107200,104.144,104.144,0
30,1,CISO,BANC,1584424800,135.48,135.48,0
30,1,CISO,BANC,1585742400,79.732,79.732,0
30,1,CISO,BANC,1587060000,80.679,80.679,0
30,1,CISO,BANC,1588377600,56.36,56.36,0
30,1,CISO,BANC,1589695200,62.849,62.849,0
30,1,CISO,BANC,1591012800,94.687,94.687,0
30,1,CISO,BANC,1592330400,66.377,66.377,0
30,1,CISO,BANC,1593648000,73.665,73.665,0
30,1,CISO,BANC,1594965600,90.516,90.516,0
30,1,CISO,BANC,1596283200,92.419,92.419,0
30,1,CISO,BANC,1597600800,127.384,127.384,0
30,1,CISO,BANC,1598918400,110.116,110.116,0
30,1,CISO,BANC,1600236000,126.99,126.99,0
30,1,CISO,BANC,1601553600,129.978,129.978,0
30,1,CISO,BANC,1602871200,142.021,142.021,0
30,1,CISO,BANC,1604188800,143.8,143.8,0
30,1,CISO,BANC,1605506400,123.623,123.623,0
30,1,CISO,BANC,1606824000,121.375,121.375,0
30,1,CISO,BANC,1608141600,120.762,120.762,0
30,2,CISO,BANC,1577836800,90.84,140.399,5
30,2,CISO,BANC,1579154400,100.547,150.99,5
30,2,CISO,BANC,1580472000,64.542,123.407,3
30,2,CISO,BANC,1581789600,60.076,106.124,4
30,2,CISO,BANC,1583107200,61.934,111.307,5
30,2,CISO,BANC,1584424800,103.859,144.663,5
30,2,CISO,BANC,1585742400,54.34,85.61,5
30,2,CISO,BANC,1587060000,35.9,81.482,2
30,2,CISO,BANC,1588377600,44.049,59.593,5
30,2,CISO,BANC,1589695200,45.277,67.236,5
30,2,CISO,BANC,1591012800,48.572,99.409,3
30,2,CISO,BANC,1592330400,46.275,69.642,6
30,2,CISO,BANC,1593648000,44.217,78.928,5
30,2,CISO,BANC,1594965600,65.559,97.406,5
30,2,CISO,BANC,1596283200,65.955,97.942,5
30,2,CISO,BANC,1597600800,83.074,129.72,1
30,2,CISO,BANC,1598918400,86.944,117.369,5
30,2,CISO,BANC,1600236000,95.91,135.669,5
30,2,CISO,BANC,1601553600,97.888,138.281,5
30,2,CISO,BANC,1602871200,84.289,145.373,4
30,2,CISO,BANC,1604188800,99.874,153.239,5
30,2,CISO,BANC,1605506400,120.819,134.389,8
30,2,CISO,BANC,1606824000,138.02,132.81,8
30,2,CISO,BANC,1608141600,113.565,127.714,8
30,3,CISO,BANC,1577836800,81.074,133.596,1
30,3,CISO,BANC,1579154400,86.882,143.954,1
30,3,CISO,BANC,1580472000,60.376,120.693,1
30,3,CISO,BANC,1581789600,55.085,104.847,2
30,3,CISO,BANC,1583107200,57.785,108.396,3
30,3,CISO,BANC,1584424800,88.64,138.572,1
30,3,CISO,BANC,1585742400,47.571,81.722,1
30,3,CISO,BANC,1587060000,34.917,81.482,2
30,3,CISO,BANC,1588377600,56.612,57.048,2
30,3,CISO,BANC,1589695200,47.613,65.806,3
30,3,CISO,BANC,1591012800,45.456,97.07,1
30,3,CISO,BANC,1592330400,43.537,68.483,3
30,3,CISO,BANC,1593648000,41.623,76.823,3
30,3,CISO,BANC,1594965600,58.508,92.803,1
30,3,CISO,BANC,1596283200,60.001,94.38,1
30,3,CISO,BANC,1597600800,81.359,129.72,1
30,3,CISO,BANC,1598918400,84.433,114.727,3
30,3,CISO,BANC,1600236000,84.704,129.943,1
30,3,CISO,BANC,1601553600,85.49,132.794,1
30,3,CISO,BANC,1602871200,79.036,143.701,2
30,3,CISO,BANC,1604188800,91.04,146.605,1
30,3,CISO,BANC,1605506400,123.618,126.344,2
30,3,CISO,BANC,1606824000,121.375,121.375,0
30,3,CISO,BANC,1608141600,96.299,122.495,2
30,4,CISO,BANC,1577836800,81.074,133.596,1
30,4,CISO,BANC,1579154400,86.882,143.954,1
30,4,CISO,BANC,1580472000,60.376,120.693,1
30,4,CISO,BANC,1581789600,54.551,104.847,1
30,4,CISO,BANC,1583107200,54.914,106.009,1
30,4,CISO,BANC,1584424800,88.64,138.572,1
30,4,CISO,BANC,1585742400,47.571,81.722,1
30,4,CISO,BANC,1587060000,34.442,81.482,1
30,4,CISO,BANC,1588377600,57.462,57.048,1
30,4,CISO,BANC,1589695200,47.752,64.365,2
30,4,CISO,BANC,1591012800,45.456,97.07,1
30,4,CISO,BANC,1592330400,41.198,67.397,1
30,4,CISO,BANC,1593648000,39.701,75.098,1
30,4,CISO,BANC,1594965600,58.508,92.803,1
30,4,CISO,BANC,1596283200,60.001,94.38,1
30,4,CISO,BANC,1597600800,81.359,129.72,1
30,4,CISO,BANC,1598918400,78.108,112.244,1
30,4,CISO,BANC,1600236000,84.704,129.943,1
30,4,CISO,BANC,1601553600,85.49,132.794,1
30,4,CISO,BANC,1602871200,77.439,143.701,1
30,4,CISO,BANC,1604188800,105.453,146.605,1
30,4,CISO,BANC,1605506400,114.995,126.344,2
30,4,CISO,BANC,1606824000,121.375,121.375,0
30,4,CISO,BANC,1608141600,102.485,122.495,1
30,5,CISO,BANC,1577836800,89.09,140.399,5
30,5,CISO,BANC,1579154400,98.734,150.99,5
30,5,CISO,BANC,1580472000,64.187,123.407,3
30,5,CISO,BANC,1581789600,57.231,106.124,4
30,5,CISO,BANC,1583107200,60.609,111.307,5
30,5,CISO,BANC,1584424800,101.161,144.663,5
30,5,CISO,BANC,1585742400,52.286,85.61,5
30,5,CISO,BANC,1587060000,35.663,81.482,2
30,5,CISO,BANC,1588377600,41.974,59.593,5
30,5,CISO,BANC,1589695200,44.48,67.236,5
30,5,CISO,BANC,1591012800,48.387,99.409,3
30,5,CISO,BANC,1592330400,45.027,69.642,6
30,5,CISO,BANC,1593648000,43.744,78.928,5
30,5,CISO,BANC,1594965600,64.863,97.406,5
30,5,CISO,BANC,1596283200,66.203,97.942,6
30,5,CISO,BANC,1597600800,82.404,129.72,1
30,5,CISO,BANC,1598918400,86.289,117.369,5
30,5,CISO,BANC,1600236000,95.271,135.669,5
30,5,CISO,BANC,1601553600,98.017,138.281,6
30,5,CISO,BANC,1602871200,83.942,145.373,4
30,5,CISO,BANC,1604188800,98.839,153.239,5
30,5,CISO,BANC,1605506400,118.958,134.389,8
30,5,CISO,BANC,1606824000,135.316,132.81,8
30,5,CISO,BANC,1608141600,106.753,125.937,6
30,6,CISO,BANC,1577836800,81.074,133.596,1
30,6,CISO,BANC,1579154400,86.882,143.954,1
30,6,CISO,BANC,1580472000,60.376,120.693,1
30,6,CISO,BANC,1581789600,54.551,104.847,1
30,6,CISO,BANC,1583107200,54.914,106.009,1
30,6,CISO,BANC,1584424800,88.64,138.572,1
30,6,CISO,BANC,1585742400,47.571,81.722,1
30,6,CISO,BANC,1587060000,34.442,81.482,1
30,6,CISO,BANC,1588377600,56.36,56.36,0
30,6,CISO,BANC,1589695200,48.718,64.365,2
30,6,CISO,BANC,1591012800,45.456,97.07,1
30,6,CISO,BANC,1592330400,41.198,67.397,1
30,6,CISO,BANC,1593648000,39.701,75.098,1
30,6,CISO,BANC,1594965600,58.508,92.803,1
30,6,CISO,BANC,1596283200,60.001,94.38,1
30,6,CISO,BANC,1597600800,81.359,129.72,1
30,6,CISO,BANC,1598918400,78.108,112.244,1
30,6,CISO,BANC,1600236000,84.704,129.943,1
30,6,CISO,BANC,1601553600,85.49,132.794,1
30,6,CISO,BANC,1602871200,77.439,143.701,1
30,6,CISO,BANC,1604188800,91.04,146.605,1
30,6,CISO,BANC,1605506400,123.623,123.623,0
30,6,CISO,BANC,1606824000,121.375,121.375,0
30,6,CISO,BANC,1608141600,101.651,122.495,1
30,1,EPE,AECI,1577836800,202.093,202.093,0
30,1,EPE,AECI,1579154400,207.289,207.289,0
30,1,EPE,AECI,1580472000,181.504,181.504,0
30,1,EPE,AECI,1581789600,175.974,175.974,0
30,1,EPE,AECI,1583107200,202.541,202.541,0
30,1,EPE,AECI,1584424800,204.307,204.307,0
30,1,EPE,AECI,1585742400,164.605,164.605,0
30,1,EPE,AECI,1587060000,171.684,171.684,0
30,1,EPE,AECI,1588377600,183.602,183.602,0
30,1,EPE,AECI,1589695200,189.282,189.282,0
30,1,EPE,AECI,1591012800,195.852,195.852,0
30,1,EPE,AECI,1592330400,195.157,195.157,0
30,1,EPE,AECI,1593648000,198.016,198.016,0
30,1,EPE,AECI,1594965600,209.436,209.436,0
30,1,EPE,AECI,1596283200,204.715,204.715,0
30,1,EPE,AECI,1597600800,214.763,214.763,0
30,1,EPE,AECI,1598918400,203.471,203.471,0
30,1,EPE,AECI,1600236000,199.728,199.728,0
30,1,EPE,AECI,1601553600,220.07,220.07,0
30,1,EPE,AECI,1602871200,223.978,223.978,0
30,1,EPE,AECI,1604188800,214.945,214.945,0
30,1,EPE,AECI,1605506400,203.959,203.959,0
30,1,EPE,AECI,1606824000,198.83,198.83,0
30,1,EPE,AECI,1608141600,215.454,215.454,0
30,2,EPE,AECI,1577836800,217.31,220.243,8
30,2,EPE,AECI,1579154400,211.543,211.801,2
30,2,EPE,AECI,1580472000,177.54,185.696,2
30,2,EPE,AECI,1581789600,175.974,175.974,0
30,2,EPE,AECI,1583107200,196.535,211.425,4
30,2,EPE,AECI,1584424800,211.154,220.305,7
30,2,EPE,AECI,1585742400,150.305,171.887,4
30,2,EPE,AECI,1587060000,171.598,181.096,5
30,2,EPE,AECI,1588377600,172.467,191.138,4
30,2,EPE,AECI,1589695200,197.038,207.433,7
30,2,EPE,AECI,1591012800,194.706,211.947,8
30,2,EPE,AECI,1592330400,199.893,210.702,7
30,2,EPE,AECI,1593648000,208.723,206.31,4
30,2,EPE,AECI,1594965600,208.048,223.387,5
30,2,EPE,AECI,1596283200,218.765,217.727,6
30,2,EPE,AECI,1597600800,221.565,218.69,2
30,2,EPE,AECI,1598918400,222.596,216.536,5
30,2,EPE,AECI,1600236000,199.728,199.728,0
30,2,EPE,AECI,1601553600,213.758,230.255,3
30,2,EPE,AECI,1602871200,205.948,232.656,4
30,2,EPE,AECI,1604188800,224.17,223.743,4
30,2,EPE,AECI,1605506400,206.1,208.386,1
30,2,EPE,AECI,1606824000,205.118,203.521,2
30,2,EPE,AECI,1608141600,244.996,236.37,10
30,3,EPE,AECI,1577836800,202.093,202.093,0
30,3,EPE,AECI,1579154400,207.289,207.289,0
30,3,EPE,AECI,1580472000,175.821,185.696,2
30,3,EPE,AECI,1581789600,175.974,175.974,0
30,3,EPE,AECI,1583107200,202.541,202.541,0
30,3,EPE,AECI,1584424800,202.673,208.54,1
30,3,EPE,AECI,1585742400,152.309,171.887,4
30,3,EPE,AECI,1587060000,171.684,171.684,0
30,3,EPE,AECI,1588377600,183.602,183.602,0
30,3,EPE,AECI,1589695200,193.238,193.609,1
30,3,EPE,AECI,1591012800,158.951,200.346,1
30,3,EPE,AECI,1592330400,169.492,199.038,2
30,3,EPE,AECI,1593648000,198.016,198.016,0
30,3,EPE,AECI,1594965600,212.494,218.743,3
30,3,EPE,AECI,1596283200,197.93,209.351,1
30,3,EPE,AECI,1597600800,214.763,214.763,0
30,3,EPE,AECI,1598918400,210.654,207.754,2
30,3,EPE,AECI,1600236000,199.728,199.728,0
30,3,EPE,AECI,1601553600,200.987,225.219,1
30,3,EPE,AECI,1602871200,191.34,228.349,2
30,3,EPE,AECI,1604188800,214.945,214.945,0
30,3,EPE,AECI,1605506400,203.67,208.386,1
30,3,EPE,AECI,1606824000,206.932,203.521,2
30,3,EPE,AECI,1608141600,223.015,219.654,2
30,4,EPE,AECI,1577836800,202.093,202.093,0
30,4,EPE,AECI,1579154400,207.289,207.289,0
30,4,EPE,AECI,1580472000,181.504,181.504,0
30,4,EPE,AECI,1581789600,175.974,175.974,0
30,4,EPE,AECI,1583107200,202.541,202.541,0
30,4,EPE,AECI,1584424800,204.307,204.307,0
30,4,EPE,AECI,1585742400,148.256,168.307,2
30,4,EPE,AECI,1587060000,176.749,174.728,1
30,4,EPE,AECI,1588377600,183.602,183.602,0
30,4,EPE,AECI,1589695200,189.282,189.282,0
30,4,EPE,AECI,1591012800,161.317,200.346,1
30,4,EPE,AECI,1592330400,195.157,195.157,0
30,4,EPE,AECI,1593648000,198.016,198.016,0
30,4,EPE,AECI,1594965600,209.436,209.436,0
30,4,EPE,AECI,1596283200,204.715,204.715,0
30,4,EPE,AECI,1597600800,214.763,214.763,0
30,4,EPE,AECI,1598918400,203.471,203.471,0
30,4,EPE,AECI,1600236000,199.728,199.728,0
30,4,EPE,AECI,1601553600,220.07,220.07,0
30,4,EPE,AECI,1602871200,223.978,223.978,0
30,4,EPE,AECI,1604188800,214.945,214.945,0
30,4,EPE,AECI,1605506400,203.959,203.959,0
30,4,EPE,AECI,1606824000,198.83,198.83,0
30,4,EPE,AECI,1608141600,215.454,215.454,0
30,5,EPE,AECI,1577836800,216.335,220.243,8
30,5,EPE,AECI,1579154400,210.861,211.801,2
30,5,EPE,AECI,1580472000,177.248,185.696,2
30,5,EPE,AECI,1581789600,175.974,175.974,0
30,5,EPE,AECI,1583107200,195.257,211.425,4
30,5,EPE,AECI,1584424800,210.683,220.305,7
30,5,EPE,AECI,1585742400,149.522,171.887,4
30,5,EPE,AECI,1587060000,170.002,181.096,5
30,5,EPE,AECI,1588377600,171.35,191.138,4
30,5,EPE,AECI,1589695200,195.574,207.433,7
30,5,EPE,AECI,1591012800,186.173,208.18,6
30,5,EPE,AECI,1592330400,197.511,210.702,7
30,5,EPE,AECI,1593648000,207.601,206.31,4
30,5,EPE,AECI,1594965600,206.791,223.387,5
30,5,EPE,AECI,1596283200,210.079,213.686,4
30,5,EPE,AECI,1597600800,221.08,218.69,2
30,5,EPE,AECI,1598918400,221.495,216.536,5
30,5,EPE,AECI,1600236000,205.492,204.188,1
30,5,EPE,AECI,1601553600,214.777,230.255,4
30,5,EPE,AECI,1602871200,205.368,232.656,4
30,5,EPE,AECI,1604188800,223.332,223.743,4
30,5,EPE,AECI,1605506400,205.233,208.386,1
30,5,EPE,AECI,1606824000,204.978,203.521,2
30,5,EPE,AECI,1608141600,244.012,236.37,10
30,6,EPE,AECI,1577836800,202.093,202.093,0
30,6,EPE,AECI,1579154400,207.289,207.289,0
30,6,EPE,AECI,1580472000,181.504,181.504,0
30,6,EPE,AECI,1581789600,175.974,175.974,0
30,6,EPE,AECI,1583107200,202.541,202.541,0
30,6,EPE,AECI,1584424800,204.307,204.307,0
30,6,EPE,AECI,1585742400,136.227,168.307,1
30,6,EPE,AECI,1587060000,171.684,171.684,0
30,6,EPE,AECI,1588377600,183.602,183.602,0
30,6,EPE,AECI,1589695200,189.282,189.282,0
30,6,EPE,AECI,1591012800,158.951,200.346,1
30,6,EPE,AECI,1592330400,166.059,199.038,1
30,6,EPE,AECI,1593648000,198.016,198.016,0
30,6,EPE,AECI,1594965600,209.436,209.436,0
30,6,EPE,AECI,1596283200,204.715,204.715,0
30,6,EPE,AECI,1597600800,214.763,214.763,0
30,6,EPE,AECI,1598918400,203.471,203.471,0
30,6,EPE,AECI,1600236000,199.728,199.728,0
30,6,EPE,AECI,1601553600,205.562,225.219,1
30,6,EPE,AECI,1602871200,185.328,228.349,1
30,6,EPE,AECI,1604188800,214.945,214.945,0
30,6,EPE,AECI,1605506400,203.959,203.959,0
30,6,EPE,AECI,1606824000,198.83,198.83,0
30,6,EPE,AECI,1608141600,215.454,215.454,0
30,1,EPE,PSCO,1577836800,202.093,202.093,0
30,1,EPE,PSCO,1579154400,207.289,207.289,0
30,1,EPE,PSCO,1580472000,181.504,181.504,0
30,1,EPE,PSCO,1581789600,175.974,175.974,0
30,1,EPE,PSCO,1583107200,202.541,202.541,0
30,1,EPE,PSCO,1584424800,204.307,204.307,0
30,1,EPE,PSCO,1585742400,164.605,164.605,0
30,1,EPE,PSCO,1587060000,171.684,171.684,0
30,1,EPE,PSCO,1588377600,183.602,183.602,0
30,1,EPE,PSCO,1589695200,189.282,189.282,0
30,1,EPE,PSCO,1591012800,195.852,195.852,0
30,1,EPE,PSCO,1592330400,195.157,195.157,0
30,1,EPE,PSCO,1593648000,198.016,198.016,0
30,1,EPE,PSCO,1594965600,209.436,209.436,0
30,1,EPE,PSCO,1596283200,204.715,204.715,0
30,1,EPE,PSCO,1597600800,214.763,214.763,0
30,1,EPE,PSCO,1598918400,203.471,203.471,0
30,1,EPE,PSCO,1600236000,199.728,199.728,0
30,1,EPE,PSCO,1601553600,220.07,220.07,0
30,1,EPE,PSCO,1602871200,223.978,223.978,0
30,1,EPE,PSCO,1604188800,214.945,214.945,0
30,1,EPE,PSCO,1605506400,203.959,203.959,0
30,1,EPE,PSCO,1606824000,198.83,198.83,0
30,1,EPE,PSCO,1608141600,215.454,215.454,0
30,2,EPE,PSCO,1577836800,208.381,211.05,4
30,2,EPE,PSCO,1579154400,189.511,220.931,5
30,2,EPE,PSCO,1580472000,201.783,201.659,10
30,2,EPE,PSCO,1581789600,195.463,185.713,6
30,2,EPE,PSCO,1583107200,212.729,215.916,5
30,2,EPE,PSCO,1584424800,224.237,216.382,6
30,2,EPE,PSCO,1585742400,167.893,168.307,2
30,2,EPE,PSCO,1587060000,177.195,174.728,2
30,2,EPE,PSCO,1588377600,201.908,198.949,7
30,2,EPE,PSCO,1589695200,176.047,198.114,3
30,2,EPE,PSCO,1591012800,213.315,204.385,4
30,2,EPE,PSCO,1592330400,190.126,202.922,4
30,2,EPE,PSCO,1593648000,196.993,210.543,5
30,2,EPE,PSCO,1594965600,221.602,223.387,5
30,2,EPE,PSCO,1596283200,209.539,217.727,5
30,2,EPE,PSCO,1597600800,202.346,222.614,4
30,2,EPE,PSCO,1598918400,210.165,207.754,2
30,2,EPE,PSCO,1600236000,189.376,213.427,5
30,2,EPE,PSCO,1601553600,220.893,238.903,7
30,2,EPE,PSCO,1602871200,224.669,236.912,6
30,2,EPE,PSCO,1604188800,241.964,232.626,7
30,2,EPE,PSCO,1605506400,210.955,216.982,5
30,2,EPE,PSCO,1606824000,153.533,203.521,1
30,2,EPE,PSCO,1608141600,178.511,219.654,1
30,3,EPE,PSCO,1577836800,218.462,211.05,4
30,3,EPE,PSCO,1579154400,174.196,211.801,1
30,3,EPE,PSCO,1580472000,172.082,185.696,1
30,3,EPE,PSCO,1581789600,180.457,179.278,1
30,3,EPE,PSCO,1583107200,201.936,206.952,1
30,3,EPE,PSCO,1584424800,211.632,208.54,2
30,3,EPE,PSCO,1585742400,164.605,164.605,0
30,3,EPE,PSCO,1587060000,171.684,171.684,0
30,3,EPE,PSCO,1588377600,183.602,183.602,0
30,3,EPE,PSCO,1589695200,178.998,193.609,1
30,3,EPE,PSCO,1591012800,195.852,195.852,0
30,3,EPE,PSCO,1592330400,185.608,199.038,1
30,3,EPE,PSCO,1593648000,192.99,206.31,3
30,3,EPE,PSCO,1594965600,213.967,214.068,1
30,3,EPE,PSCO,1596283200,206.737,209.351,1
30,3,EPE,PSCO,1597600800,195.303,218.69,2
30,3,EPE,PSCO,1598918400,203.471,203.471,0
30,3,EPE,PSCO,1600236000,180.207,204.188,1
30,3,EPE,PSCO,1601553600,202.294,225.219,1
30,3,EPE,PSCO,1602871200,211.882,228.349,2
30,3,EPE,PSCO,1604188800,214.945,214.945,0
30,3,EPE,PSCO,1605506400,214.036,212.743,3
30,3,EPE,PSCO,1606824000,153.533,203.521,1
30,3,EPE,PSCO,1608141600,178.511,219.654,1
30,4,EPE,PSCO,1577836800,201.502,206.553,2
30,4,EPE,PSCO,1579154400,174.196,211.801,1
30,4,EPE,PSCO,1580472000,171.371,185.696,1
30,4,EPE,PSCO,1581789600,175.974,175.974,0
30,4,EPE,PSCO,1583107200,200.472,206.952,1
30,4,EPE,PSCO,1584424800,204.307,204.307,0
30,4,EPE,PSCO,1585742400,164.605,164.605,0
30,4,EPE,PSCO,1587060000,171.684,171.684,0
30,4,EPE,PSCO,1588377600,191.604,187.24,1
30,4,EPE,PSCO,1589695200,175.133,193.609,1
30,4,EPE,PSCO,1591012800,195.852,195.852,0
30,4,EPE,PSCO,1592330400,188.27,199.038,2
30,4,EPE,PSCO,1593648000,186.265,202.089,1
30,4,EPE,PSCO,1594965600,209.436,209.436,0
30,4,EPE,PSCO,1596283200,197.956,209.351,1
30,4,EPE,PSCO,1597600800,194.462,218.69,2
30,4,EPE,PSCO,1598918400,217.618,207.754,1
30,4,EPE,PSCO,1600236000,180.207,204.188,1
30,4,EPE,PSCO,1601553600,202.294,225.219,1
30,4,EPE,PSCO,1602871200,211.459,228.349,1
30,4,EPE,PSCO,1604188800,214.945,214.945,0
30,4,EPE,PSCO,1605506400,210.331,208.386,1
30,4,EPE,PSCO,1606824000,153.533,203.521,1
30,4,EPE,PSCO,1608141600,178.511,219.654,1
30,5,EPE,PSCO,1577836800,206.879,211.05,4
30,5,EPE,PSCO,1579154400,187.272,220.931,5
30,5,EPE,PSCO,1580472000,200.081,201.659,10
30,5,EPE,PSCO,1581789600,194.554,185.713,6
30,5,EPE,PSCO,1583107200,211.249,215.916,5
30,5,EPE,PSCO,1584424800,223.165,216.382,6
30,5,EPE,PSCO,1585742400,166.405,168.307,2
30,5,EPE,PSCO,1587060000,176.659,174.728,2
30,5,EPE,PSCO,1588377600,200.151,198.949,7
30,5,EPE,PSCO,1589695200,175.395,198.114,3
30,5,EPE,PSCO,1591012800,203.904,200.346,2
30,5,EPE,PSCO,1592330400,188.56,202.922,4
30,5,EPE,PSCO,1593648000,196.178,210.543,5
30,5,EPE,PSCO,1594965600,220.681,223.387,5
30,5,EPE,PSCO,1596283200,209.072,217.727,5
30,5,EPE,PSCO,1597600800,201.751,222.614,4
30,5,EPE,PSCO,1598918400,209.738,207.754,2
30,5,EPE,PSCO,1600236000,188.221,213.427,5
30,5,EPE,PSCO,1601553600,218.562,238.903,7
30,5,EPE,PSCO,1602871200,223.616,236.912,6
30,5,EPE,PSCO,1604188800,240.286,232.626,7
30,5,EPE,PSCO,1605506400,210.1,216.982,5
30,5,EPE,PSCO,1606824000,153.533,203.521,1
30,5,EPE,PSCO,1608141600,178.511,219.654,1
30,6,EPE,PSCO,1577836800,201.386,206.553,1
30,6,EPE,PSCO,1579154400,174.196,211.801,1
30,6,EPE,PSCO,1580472000,172.082,185.696,1
30,6,EPE,PSCO,1581789600,175.974,175.974,0
30,6,EPE,PSCO,1583107200,201.936,206.952,1
30,6,EPE,PSCO,1584424800,204.307,204.307,0
30,6,EPE,PSCO,1585742400,164.605,164.605,0
30,6,EPE,PSCO,1587060000,171.684,171.684,0
30,6,EPE,PSCO,1588377600,183.602,183.602,0
30,6,EPE,PSCO,1589695200,178.998,193.609,1
30,6,EPE,PSCO,1591012800,195.852,195.852,0
30,6,EPE,PSCO,1592330400,185.608,199.038,1
30,6,EPE,PSCO,1593648000,186.265,202.089,1
30,6,EPE,PSCO,1594965600,209.436,209.436,0
30,6,EPE,PSCO,1596283200,203.758,209.351,1
30,6,EPE,PSCO,1597600800,195.931,218.69,1
30,6,EPE,PSCO,1598918400,203.471,203.471,0
30,6,EPE,PSCO,1600236000,180.207,204.188,1
30,6,EPE,PSCO,1601553600,202.294,225.219,1
30,6,EPE,PSCO,1602871200,211.459,228.349,1
30,6,EPE,PSCO,1604188800,214.945,214.945,0
30,6,EPE,PSCO,1605506400,203.859,208.386,1
30,6,EPE,PSCO,1606824000,153.533,203.521,1
30,6,EPE,PSCO,1608141600,178.511,219.654,1
30,1,PACE,AECI,1577836800,222.045,222.045,0
30,1,PACE,AECI,1579154400,234.433,234.433,0
30,1,PACE,AECI,1580472000,198.311,198.311,0
30,1,PACE,AECI,1581789600,196.827,196.827,0
30,1,PACE,AECI,1583107200,208.975,208.975,0
30,1,PACE,AECI,1584424800,252.452,252.452,0
30,1,PACE,AECI,1585742400,225.822,225.822,0
30,1,PACE,AECI,1587060000,224.401,224.401,0
30,1,PACE,AECI,1588377600,195.688,195.688,0
30,1,PACE,AECI,1589695200,218.514,218.514,0
30,1,PACE,AECI,1591012800,230.978,230.978,0
30,1,PACE,AECI,1592330400,200.767,200.767,0
30,1,PACE,AECI,1593648000,211.4,211.4,0
30,1,PACE,AECI,1594965600,197.864,197.864,0
30,1,PACE,AECI,1596283200,232.915,232.915,0
30,1,PACE,AECI,1597600800,252.895,252.895,0
30,1,PACE,AECI,1598918400,239.903,239.903,0
30,1,PACE,AECI,1600236000,257.912,257.912,0
30,1,PACE,AECI,1601553600,250.583,250.583,0
30,1,PACE,AECI,1602871200,211.548,211.548,0
30,1,PACE,AECI,1604188800,258.098,258.098,0
30,1,PACE,AECI,1605506400,230.758,230.758,0
30,1,PACE,AECI,1606824000,241.036,241.036,0
30,1,PACE,AECI,1608141600,221.431,221.431,0
30,2,PACE,AECI,1577836800,190.99,231.404,3
30,2,PACE,AECI,1579154400,226.356,254.109,7
30,2,PACE,AECI,1580472000,196.335,207.039,4
30,2,PACE,AECI,1581789600,199.494,200.732,2
30,2,PACE,AECI,1583107200,192.98,217.474,4
30,2,PACE,AECI,1584424800,192.662,264.664,3
30,2,PACE,AECI,1585742400,137.585,230.918,1
30,2,PACE,AECI,1587060000,161.14,232.124,3
30,2,PACE,AECI,1588377600,162.706,202.184,4
30,2,PACE,AECI,1589695200,187.978,232.838,5
30,2,PACE,AECI,1591012800,171.042,241.566,3
30,2,PACE,AECI,1592330400,169.352,209.922,3
30,2,PACE,AECI,1593648000,200.406,220.744,4
30,2,PACE,AECI,1594965600,210.458,218.113,7
30,2,PACE,AECI,1596283200,221.925,251.782,8
30,2,PACE,AECI,1597600800,267.324,281.818,12
30,2,PACE,AECI,1598918400,208.0,253.583,5
30,2,PACE,AECI,1600236000,242.203,274.142,5
30,2,PACE,AECI,1601553600,216.286,268.308,5
30,2,PACE,AECI,1602871200,194.679,218.893,4
30,2,PACE,AECI,1604188800,252.133,273.673,5
30,2,PACE,AECI,1605506400,229.006,239.826,3
30,2,PACE,AECI,1606824000,233.762,256.069,6
30,2,PACE,AECI,1608141600,238.425,241.0,7
30,3,PACE,AECI,1577836800,197.601,231.404,3
30,3,PACE,AECI,1579154400,221.528,244.419,3
30,3,PACE,AECI,1580472000,189.087,202.703,1
30,3,PACE,AECI,1581789600,196.827,196.827,0
30,3,PACE,AECI,1583107200,208.975,208.975,0
30,3,PACE,AECI,1584424800,181.987,258.582,1
30,3,PACE,AECI,1585742400,137.585,230.918,1
30,3,PACE,AECI,1587060000,152.716,228.312,1
30,3,PACE,AECI,1588377600,190.693,198.668,2
30,3,PACE,AECI,1589695200,175.347,228.222,3
30,3,PACE,AECI,1591012800,159.991,236.311,1
30,3,PACE,AECI,1592330400,163.761,205.289,1
30,3,PACE,AECI,1593648000,211.4,211.4,0
30,3,PACE,AECI,1594965600,190.593,203.144,1
30,3,PACE,AECI,1596283200,188.861,238.256,1
30,3,PACE,AECI,1597600800,236.917,267.477,5
30,3,PACE,AECI,1598918400,200.305,248.814,3
30,3,PACE,AECI,1600236000,231.018,268.524,3
30,3,PACE,AECI,1601553600,191.704,256.736,1
30,3,PACE,AECI,1602871200,221.455,222.582,6
30,3,PACE,AECI,1604188800,253.255,263.29,2
30,3,PACE,AECI,1605506400,225.513,235.265,1
30,3,PACE,AECI,1606824000,240.248,256.069,6
30,3,PACE,AECI,1608141600,208.774,226.347,1
30,4,PACE,AECI,1577836800,177.985,226.717,1
30,4,PACE,AECI,1579154400,193.453,239.487,1
30,4,PACE,AECI,1580472000,196.215,202.703,1
30,4,PACE,AECI,1581789600,200.503,200.732,1
30,4,PACE,AECI,1583107200,197.774,213.105,2
30,4,PACE,AECI,1584424800,181.987,258.582,1
30,4,PACE,AECI,1585742400,137.585,230.918,1
30,4,PACE,AECI,1587060000,152.716,228.312,1
30,4,PACE,AECI,1588377600,172.183,198.668,2
30,4,PACE,AECI,1589695200,166.508,223.55,1
30,4,PACE,AECI,1591012800,159.991,236.311,1
30,4,PACE,AECI,1592330400,179.631,205.289,1
30,4,PACE,AECI,1593648000,211.4,211.4,0
30,4,PACE,AECI,1594965600,197.864,197.864,0
30,4,PACE,AECI,1596283200,207.575,238.256,1
30,4,PACE,AECI,1597600800,252.895,252.895,0
30,4,PACE,AECI,1598918400,187.434,244.161,1
30,4,PACE,AECI,1600236000,211.294,263.157,1
30,4,PACE,AECI,1601553600,191.704,256.736,1
30,4,PACE,AECI,1602871200,211.548,211.548,0
30,4,PACE,AECI,1604188800,258.098,258.098,0
30,4,PACE,AECI,1605506400,225.513,235.265,1
30,4,PACE,AECI,1606824000,241.036,241.036,0
30,4,PACE,AECI,1608141600,221.431,221.431,0
30,5,PACE,AECI,1577836800,189.59,231.404,3
30,5,PACE,AECI,1579154400,225.594,254.109,7
30,5,PACE,AECI,1580472000,194.914,207.039,4
30,5,PACE,AECI,1581789600,198.842,200.732,2
30,5,PACE,AECI,1583107200,193.127,217.474,4
30,5,PACE,AECI,1584424800,191.577,264.664,3
30,5,PACE,AECI,1585742400,137.585,230.918,1
30,5,PACE,AECI,1587060000,160.61,232.124,3
30,5,PACE,AECI,1588377600,167.232,206.522,5
30,5,PACE,AECI,1589695200,186.106,232.838,5
30,5,PACE,AECI,1591012800,170.401,241.566,3
30,5,PACE,AECI,1592330400,166.64,209.922,3
30,5,PACE,AECI,1593648000,204.565,225.845,5
30,5,PACE,AECI,1594965600,208.137,218.113,7
30,5,PACE,AECI,1596283200,221.675,251.782,8
30,5,PACE,AECI,1597600800,265.856,281.818,12
30,5,PACE,AECI,1598918400,207.272,253.583,5
30,5,PACE,AECI,1600236000,240.82,274.142,5
30,5,PACE,AECI,1601553600,214.665,268.308,5
30,5,PACE,AECI,1602871200,193.548,218.893,4
30,5,PACE,AECI,1604188800,250.182,273.673,5
30,5,PACE,AECI,1605506400,227.136,239.826,3
30,5,PACE,AECI,1606824000,233.598,256.069,6
30,5,PACE,AECI,1608141600,236.817,241.0,7
30,6,PACE,AECI,1577836800,177.985,226.717,1
30,6,PACE,AECI,1579154400,234.433,234.433,0
30,6,PACE,AECI,1580472000,186.905,202.703,1
30,6,PACE,AECI,1581789600,196.827,196.827,0
30,6,PACE,AECI,1583107200,208.975,208.975,0
30,6,PACE,AECI,1584424800,181.987,258.582,1
30,6,PACE,AECI,1585742400,137.585,230.918,1
30,6,PACE,AECI,1587060000,152.716,228.312,1
30,6,PACE,AECI,1588377600,184.953,198.668,2
30,6,PACE,AECI,1589695200,166.508,223.55,1
30,6,PACE,AECI,1591012800,159.991,236.311,1
30,6,PACE,AECI,1592330400,163.761,205.289,1
30,6,PACE,AECI,1593648000,211.4,211.4,0
30,6,PACE,AECI,1594965600,197.864,197.864,0
30,6,PACE,AECI,1596283200,188.861,238.256,1
30,6,PACE,AECI,1597600800,218.836,257.798,1
30,6,PACE,AECI,1598918400,187.434,244.161,1
30,6,PACE,AECI,1600236000,211.294,263.157,1
30,6,PACE,AECI,1601553600,191.704,256.736,1
30,6,PACE,AECI,1602871200,211.548,211.548,0
30,6,PACE,AECI,1604188800,258.098,258.098,0
30,6,PACE,AECI,1605506400,230.758,230.758,0
30,6,PACE,AECI,1606824000,241.036,241.036,0
30,6,PACE,AECI,1608141600,221.431,221.431,0
30,1,PACE,PSCO,1577836800,222.045,222.045,0
30,1,PACE,PSCO,1579154400,234.433,234.433,0
30,1,PACE,PSCO,1580472000,198.311,198.311,0
30,1,PACE,PSCO,1581789600,196.827,196.827,0
30,1,PACE,PSCO,1583107200,208.975,208.975,0
30,1,PACE,PSCO,1584424800,252.452,252.452,0
30,1,PACE,PSCO,1585742400,225.822,225.822,0
30,1,PACE,PSCO,1587060000,224.401,224.401,0
30,1,PACE,PSCO,1588377600,195.688,195.688,0
30,1,PACE,PSCO,1589695200,218.514,218.514,0
30,1,PACE,PSCO,1591012800,230.978,230.978,0
30,1,PACE,PSCO,1592330400,200.767,200.767,0
30,1,PACE,PSCO,1593648000,211.4,211.4,0
30,1,PACE,PSCO,1594965600,197.864,197.864,0
30,1,PACE,PSCO,1596283200,232.915,232.915,0
30,1,PACE,PSCO,1597600800,252.895,252.895,0
30,1,PACE,PSCO,1598918400,239.903,239.903,0
30,1,PACE,PSCO,1600236000,257.912,257.912,0
30,1,PACE,PSCO,1601553600,250.583,250.583,0
30,1,PACE,PSCO,1602871200,211.548,211.548,0
30,1,PACE,PSCO,1604188800,258.098,258.098,0
30,1,PACE,PSCO,1605506400,230.758,230.758,0
30,1,PACE,PSCO,1606824000,241.036,241.036,0
30,1,PACE,PSCO,1608141600,221.431,221.431,0
30,2,PACE,PSCO,1577836800,228.737,236.183,6
30,2,PACE,PSCO,1579154400,200.02,254.109,7
30,2,PACE,PSCO,1580472000,186.555,211.457,5
30,2,PACE,PSCO,1581789600,208.126,208.335,5
30,2,PACE,PSCO,1583107200,232.259,230.78,9
30,2,PACE,PSCO,1584424800,238.564,264.664,3
30,2,PACE,PSCO,1585742400,221.857,240.809,6
30,2,PACE,PSCO,1587060000,239.1,239.886,8
30,2,PACE,PSCO,1588377600,197.838,210.827,7
30,2,PACE,PSCO,1589695200,183.312,228.222,3
30,2,PACE,PSCO,1591012800,229.931,241.566,3
30,2,PACE,PSCO,1592330400,176.684,209.922,3
30,2,PACE,PSCO,1593648000,193.457,225.845,5
30,2,PACE,PSCO,1594965600,232.829,223.005,9
30,2,PACE,PSCO,1596283200,220.251,247.634,5
30,2,PACE,PSCO,1597600800,197.136,257.798,1
30,2,PACE,PSCO,1598918400,261.605,258.417,7
30,2,PACE,PSCO,1600236000,182.299,263.157,1
30,2,PACE,PSCO,1601553600,220.141,268.308,5
30,2,PACE,PSCO,1602871200,207.113,218.893,4
30,2,PACE,PSCO,1604188800,242.437,268.458,3
30,2,PACE,PSCO,1605506400,220.911,244.598,5
30,2,PACE,PSCO,1606824000,155.304,246.095,1
30,2,PACE,PSCO,1608141600,178.931,226.347,1
30,3,PACE,PSCO,1577836800,210.331,226.717,2
30,3,PACE,PSCO,1579154400,176.125,239.487,1
30,3,PACE,PSCO,1580472000,172.397,202.703,1
30,3,PACE,PSCO,1581789600,200.652,200.732,1
30,3,PACE,PSCO,1583107200,209.781,217.474,3
30,3,PACE,PSCO,1584424800,228.477,258.582,1
30,3,PACE,PSCO,1585742400,203.76,230.918,1
30,3,PACE,PSCO,1587060000,219.321,228.312,2
30,3,PACE,PSCO,1588377600,189.523,198.668,2
30,3,PACE,PSCO,1589695200,180.492,223.55,1
30,3,PACE,PSCO,1591012800,229.01,236.311,1
30,3,PACE,PSCO,1592330400,185.266,205.289,1
30,3,PACE,PSCO,1593648000,192.595,220.744,3
30,3,PACE,PSCO,1594965600,202.31,203.144,1
30,3,PACE,PSCO,1596283200,207.988,238.256,1
30,3,PACE,PSCO,1597600800,197.136,257.798,1
30,3,PACE,PSCO,1598918400,243.719,244.161,2
30,3,PACE,PSCO,1600236000,182.299,263.157,1
30,3,PACE,PSCO,1601553600,204.103,256.736,1
30,3,PACE,PSCO,1602871200,218.614,218.893,4
30,3,PACE,PSCO,1604188800,234.488,263.29,1
30,3,PACE,PSCO,1605506400,209.279,235.265,1
30,3,PACE,PSCO,1606824000,155.304,246.095,1
30,3,PACE,PSCO,1608141600,178.931,226.347,1
30,4,PACE,PSCO,1577836800,211.787,226.717,1
30,4,PACE,PSCO,1579154400,176.125,239.487,1
30,4,PACE,PSCO,1580472000,172.397,202.703,1
30,4,PACE,PSCO,1581789600,194.433,200.732,1
30,4,PACE,PSCO,1583107200,203.905,213.105,1
30,4,PACE,PSCO,1584424800,228.477,258.582,1
30,4,PACE,PSCO,1585742400,203.76,230.918,1
30,4,PACE,PSCO,1587060000,218.032,228.312,1
30,4,PACE,PSCO,1588377600,197.028,202.184,3
30,4,PACE,PSCO,1589695200,180.79,223.55,1
30,4,PACE,PSCO,1591012800,224.295,236.311,1
30,4,PACE,PSCO,1592330400,185.266,205.289,1
30,4,PACE,PSCO,1593648000,185.299,215.96,1
30,4,PACE,PSCO,1594965600,197.864,197.864,0
30,4,PACE,PSCO,1596283200,206.382,238.256,1
30,4,PACE,PSCO,1597600800,197.136,257.798,1
30,4,PACE,PSCO,1598918400,243.804,244.161,1
30,4,PACE,PSCO,1600236000,182.299,263.157,1
30,4,PACE,PSCO,1601553600,204.103,256.736,1
30,4,PACE,PSCO,1602871200,210.921,215.177,1
30,4,PACE,PSCO,1604188800,234.488,263.29,1
30,4,PACE,PSCO,1605506400,209.279,235.265,1
30,4,PACE,PSCO,1606824000,155.304,246.095,1
30,4,PACE,PSCO,1608141600,178.931,226.347,1
30,5,PACE,PSCO,1577836800,234.16,241.117,7
30,5,PACE,PSCO,1579154400,198.281,254.109,7
30,5,PACE,PSCO,1580472000,185.285,211.457,5
30,5,PACE,PSCO,1581789600,206.691,208.335,5
30,5,PACE,PSCO,1583107200,229.985,230.78,9
30,5,PACE,PSCO,1584424800,237.821,264.664,3
30,5,PACE,PSCO,1585742400,219.595,240.809,6
30,5,PACE,PSCO,1587060000,237.518,239.886,8
30,5,PACE,PSCO,1588377600,195.958,210.827,7
30,5,PACE,PSCO,1589695200,182.085,228.222,3
30,5,PACE,PSCO,1591012800,229.463,241.566,3
30,5,PACE,PSCO,1592330400,175.339,209.922,3
30,5,PACE,PSCO,1593648000,191.984,225.845,5
30,5,PACE,PSCO,1594965600,232.934,223.005,10
30,5,PACE,PSCO,1596283200,219.716,247.634,5
30,5,PACE,PSCO,1597600800,197.136,257.798,1
30,5,PACE,PSCO,1598918400,260.437,258.417,7
30,5,PACE,PSCO,1600236000,182.299,263.157,1
30,5,PACE,PSCO,1601553600,218.269,268.308,5
30,5,PACE,PSCO,1602871200,205.645,218.893,4
30,5,PACE,PSCO,1604188800,241.902,268.458,3
30,5,PACE,PSCO,1605506400,219.949,244.598,5
30,5,PACE,PSCO,1606824000,155.304,246.095,1
30,5,PACE,PSCO,1608141600,178.931,226.347,1
30,6,PACE,PSCO,1577836800,209.309,226.717,1
30,6,PACE,PSCO,1579154400,176.125,239.487,1
30,6,PACE,PSCO,1580472000,172.397,202.703,1
30,6,PACE,PSCO,1581789600,195.583,200.732,1
30,6,PACE,PSCO,1583107200,203.905,213.105,1
30,6,PACE,PSCO,1584424800,228.477,258.582,1
30,6,PACE,PSCO,1585742400,203.76,230.918,1
30,6,PACE,PSCO,1587060000,218.032,228.312,1
30,6,PACE,PSCO,1588377600,187.084,198.668,2
30,6,PACE,PSCO,1589695200,180.492,223.55,1
30,6,PACE,PSCO,1591012800,229.01,236.311,1
30,6,PACE,PSCO,1592330400,185.266,205.289,1
30,6,PACE,PSCO,1593648000,185.299,215.96,1
30,6,PACE,PSCO,1594965600,197.864,197.864,0
30,6,PACE,PSCO,1596283200,207.988,238.256,1
30,6,PACE,PSCO,1597600800,197.136,257.798,1
30,6,PACE,PSCO,1598918400,239.903,239.903,0
30,6,PACE,PSCO,1600236000,182.299,263.157,1
30,6,PACE,PSCO,1601553600,204.103,256.736,1
30,6,PACE,PSCO,1602871200,205.376,215.177,2
30,6,PACE,PSCO,1604188800,234.488,263.29,1
30,6,PACE,PSCO,1605506400,209.279,235.265,1
30,6,PACE,PSCO,1606824000,155.304,246.095,1
30,6,PACE,PSCO,1608141600,178.931,226.347,1
30,1,PSCO,EPE,1577836800,201.806,201.806,0
30,1,PSCO,EPE,1579154400,168.095,168.095,0
30,1,PSCO,EPE,1580472000,165.819,165.819,0
30,1,PSCO,EPE,1581789600,208.599,208.599,0
30,1,PSCO,EPE,1583107200,195.56,195.56,0
30,1,PSCO,EPE,1584424800,221.046,221.046,0
30,1,PSCO,EPE,1585742400,196.694,196.694,0
30,1,PSCO,EPE,1587060000,211.329,211.329,0
30,1,PSCO,EPE,1588377600,184.057,184.057,0
30,1,PSCO,EPE,1589695200,174.63,174.63,0
30,1,PSCO,EPE,1591012800,220.905,220.905,0
30,1,PSCO,EPE,1592330400,179.992,179.992,0
30,1,PSCO,EPE,1593648000,180.132,180.132,0
30,1,PSCO,EPE,1594965600,212.921,212.921,0
30,1,PSCO,EPE,1596283200,202.105,202.105,0
30,1,PSCO,EPE,1597600800,189.709,189.709,0
30,1,PSCO,EPE,1598918400,234.795,234.795,0
30,1,PSCO,EPE,1600236000,174.02,174.02,0
30,1,PSCO,EPE,1601553600,195.176,195.176,0
30,1,PSCO,EPE,1602871200,202.804,202.804,0
30,1,PSCO,EPE,1604188800,225.924,225.924,0
30,1,PSCO,EPE,1605506400,203.332,203.332,0
30,1,PSCO,EPE,1606824000,147.36,147.36,0
30,1,PSCO,EPE,1608141600,172.796,172.796,0
30,2,PSCO,EPE,1577836800,215.097,216.597,5
30,2,PSCO,EPE,1579154400,183.301,174.668,4
30,2,PSCO,EPE,1580472000,192.661,180.138,8
30,2,PSCO,EPE,1581789600,202.268,222.278,7
30,2,PSCO,EPE,1583107200,206.745,202.871,4
30,2,PSCO,EPE,1584424800,232.029,238.423,7
30,2,PSCO,EPE,1585742400,175.003,206.331,3
30,2,PSCO,EPE,1587060000,183.818,220.262,3
30,2,PSCO,EPE,1588377600,196.589,193.925,6
30,2,PSCO,EPE,1589695200,179.14,179.956,4
30,2,PSCO,EPE,1591012800,210.946,229.987,3
30,2,PSCO,EPE,1592330400,182.257,183.617,2
30,2,PSCO,EPE,1593648000,190.506,187.687,4
30,2,PSCO,EPE,1594965600,214.713,220.093,4
30,2,PSCO,EPE,1596283200,212.932,211.388,6
30,2,PSCO,EPE,1597600800,209.003,203.57,5
30,2,PSCO,EPE,1598918400,207.224,239.606,1
30,2,PSCO,EPE,1600236000,183.251,180.364,4
30,2,PSCO,EPE,1601553600,214.103,205.613,6
30,2,PSCO,EPE,1602871200,221.332,217.966,5
30,2,PSCO,EPE,1604188800,235.059,238.88,6
30,2,PSCO,EPE,1605506400,205.73,209.248,4
30,2,PSCO,EPE,1606824000,147.36,147.36,0
30,2,PSCO,EPE,1608141600,172.796,172.796,0
30,3,PSCO,EPE,1577836800,207.23,206.834,1
30,3,PSCO,EPE,1579154400,168.095,168.095,0
30,3,PSCO,EPE,1580472000,165.819,165.819,0
30,3,PSCO,EPE,1581789600,184.004,211.871,2
30,3,PSCO,EPE,1583107200,195.56,195.56,0
30,3,PSCO,EPE,1584424800,219.463,229.727,3
30,3,PSCO,EPE,1585742400,171.838,201.473,1
30,3,PSCO,EPE,1587060000,178.244,215.845,1
30,3,PSCO,EPE,1588377600,190.742,187.407,2
30,3,PSCO,EPE,1589695200,174.63,174.63,0
30,3,PSCO,EPE,1591012800,202.619,225.601,1
30,3,PSCO,EPE,1592330400,179.992,179.992,0
30,3,PSCO,EPE,1593648000,186.778,183.66,2
30,3,PSCO,EPE,1594965600,216.054,216.392,2
30,3,PSCO,EPE,1596283200,202.105,202.105,0
30,3,PSCO,EPE,1597600800,193.684,194.312,1
30,3,PSCO,EPE,1598918400,208.435,239.606,1
30,3,PSCO,EPE,1600236000,174.02,174.02,0
30,3,PSCO,EPE,1601553600,195.176,195.176,0
30,3,PSCO,EPE,1602871200,207.122,208.122,1
30,3,PSCO,EPE,1604188800,221.143,230.317,1
30,3,PSCO,EPE,1605506400,218.532,209.248,4
30,3,PSCO,EPE,1606824000,147.36,147.36,0
30,3,PSCO,EPE,1608141600,172.796,172.796,0
30,4,PSCO,EPE,1577836800,208.14,211.739,3
30,4,PSCO,EPE,1579154400,168.095,168.095,0
30,4,PSCO,EPE,1580472000,165.819,165.819,0
30,4,PSCO,EPE,1581789600,182.825,211.871,1
30,4,PSCO,EPE,1583107200,195.56,195.56,0
30,4,PSCO,EPE,1584424800,212.409,225.4,1
30,4,PSCO,EPE,1585742400,171.838,201.473,1
30,4,PSCO,EPE,1587060000,178.244,215.845,1
30,4,PSCO,EPE,1588377600,184.057,184.057,0
30,4,PSCO,EPE,1589695200,174.63,174.63,0
30,4,PSCO,EPE,1591012800,202.619,225.601,1
30,4,PSCO,EPE,1592330400,186.279,183.617,1
30,4,PSCO,EPE,1593648000,180.132,180.132,0
30,4,PSCO,EPE,1594965600,216.814,216.392,1
30,4,PSCO,EPE,1596283200,201.348,205.15,2
30,4,PSCO,EPE,1597600800,192.843,194.312,1
30,4,PSCO,EPE,1598918400,218.298,239.606,2
30,4,PSCO,EPE,1600236000,174.02,174.02,0
30,4,PSCO,EPE,1601553600,195.176,195.176,0
30,4,PSCO,EPE,1602871200,202.804,202.804,0
30,4,PSCO,EPE,1604188800,216.075,230.317,1
30,4,PSCO,EPE,1605506400,203.332,203.332,0
30,4,PSCO,EPE,1606824000,147.36,147.36,0
30,4,PSCO,EPE,1608141600,172.796,172.796,0
30,5,PSCO,EPE,1577836800,213.594,216.597,5
30,5,PSCO,EPE,1579154400,181.061,174.668,4
30,5,PSCO,EPE,1580472000,197.295,184.362,9
30,5,PSCO,EPE,1581789600,201.358,222.278,7
30,5,PSCO,EPE,1583107200,205.265,202.871,4
30,5,PSCO,EPE,1584424800,230.957,238.423,7
30,5,PSCO,EPE,1585742400,173.515,206.331,3
30,5,PSCO,EPE,1587060000,183.282,220.262,3
30,5,PSCO,EPE,1588377600,194.832,193.925,6
30,5,PSCO,EPE,1589695200,178.488,179.956,4
30,5,PSCO,EPE,1591012800,210.216,229.987,3
30,5,PSCO,EPE,1592330400,186.568,187.535,3
30,5,PSCO,EPE,1593648000,189.691,187.687,4
30,5,PSCO,EPE,1594965600,213.792,220.093,4
30,5,PSCO,EPE,1596283200,212.464,211.388,6
30,5,PSCO,EPE,1597600800,208.408,203.57,5
30,5,PSCO,EPE,1598918400,206.796,239.606,1
30,5,PSCO,EPE,1600236000,182.095,180.364,4
30,5,PSCO,EPE,1601553600,211.771,205.613,6
30,5,PSCO,EPE,1602871200,220.279,217.966,5
30,5,PSCO,EPE,1604188800,233.38,238.88,6
30,5,PSCO,EPE,1605506400,204.875,209.248,4
30,5,PSCO,EPE,1606824000,147.36,147.36,0
30,5,PSCO,EPE,1608141600,172.796,172.796,0
30,6,PSCO,EPE,1577836800,201.806,201.806,0
30,6,PSCO,EPE,1579154400,168.095,168.095,0
30,6,PSCO,EPE,1580472000,165.819,165.819,0
30,6,PSCO,EPE,1581789600,182.825,211.871,1
30,6,PSCO,EPE,1583107200,195.56,195.56,0
30,6,PSCO,EPE,1584424800,212.409,225.4,1
30,6,PSCO,EPE,1585742400,171.838,201.473,1
30,6,PSCO,EPE,1587060000,178.244,215.845,1
30,6,PSCO,EPE,1588377600,183.971,187.407,1
30,6,PSCO,EPE,1589695200,174.63,174.63,0
30,6,PSCO,EPE,1591012800,202.619,225.601,1
30,6,PSCO,EPE,1592330400,179.992,179.992,0
30,6,PSCO,EPE,1593648000,180.132,180.132,0
30,6,PSCO,EPE,1594965600,212.189,216.392,1
30,6,PSCO,EPE,1596283200,202.105,202.105,0
30,6,PSCO,EPE,1597600800,189.709,189.709,0
30,6,PSCO,EPE,1598918400,208.435,239.606,1
30,6,PSCO,EPE,1600236000,174.02,174.02,0
30,6,PSCO,EPE,1601553600,195.176,195.176,0
30,6,PSCO,EPE,1602871200,202.804,202.804,0
30,6,PSCO,EPE,1604188800,221.143,230.317,1
30,6,PSCO,EPE,1605506400,203.332,203.332,0
30,6,PSCO,EPE,1606824000,147.36,147.36,0
30,6,PSCO,EPE,1608141600,172.796,172.796,0
30,1,PSCO,PACE,1577836800,201.806,201.806,0
30,1,PSCO,PACE,1579154400,168.095,168.095,0
30,1,PSCO,PACE,1580472000,165.819,165.819,0
30,1,PSCO,PACE,1581789600,208.599,208.599,0
30,1,PSCO,PACE,1583107200,195.56,195.56,0
30,1,PSCO,PACE,1584424800,221.046,221.046,0
30,1,PSCO,PACE,1585742400,196.694,196.694,0
30,1,PSCO,PACE,1587060000,211.329,211.329,0
30,1,PSCO,PACE,1588377600,184.057,184.057,0
30,1,PSCO,PACE,1589695200,174.63,174.63,0
30,1,PSCO,PACE,1591012800,220.905,220.905,0
30,1,PSCO,PACE,1592330400,179.992,179.992,0
30,1,PSCO,PACE,1593648000,180.132,180.132,0
30,1,PSCO,PACE,1594965600,212.921,212.921,0
30,1,PSCO,PACE,1596283200,202.105,202.105,0
30,1,PSCO,PACE,1597600800,189.709,189.709,0
30,1,PSCO,PACE,1598918400,234.795,234.795,0
30,1,PSCO,PACE,1600236000,174.02,174.02,0
30,1,PSCO,PACE,1601553600,195.176,195.176,0
30,1,PSCO,PACE,1602871200,202.804,202.804,0
30,1,PSCO,PACE,1604188800,225.924,225.924,0
30,1,PSCO,PACE,1605506400,203.332,203.332,0
30,1,PSCO,PACE,1606824000,147.36,147.36,0
30,1,PSCO,PACE,1608141600,172.796,172.796,0
30,2,PSCO,PACE,1577836800,226.262,216.597,5
30,2,PSCO,PACE,1579154400,191.805,178.081,6
30,2,PSCO,PACE,1580472000,179.819,172.775,4
30,2,PSCO,PACE,1581789600,211.404,218.69,6
30,2,PSCO,PACE,1583107200,223.871,209.983,8
30,2,PSCO,PACE,1584424800,231.16,225.4,2
30,2,PSCO,PACE,1585742400,228.525,215.929,7
30,2,PSCO,PACE,1587060000,236.913,228.708,7
30,2,PSCO,PACE,1588377600,191.146,193.925,6
30,2,PSCO,PACE,1589695200,177.378,177.256,2
30,2,PSCO,PACE,1591012800,222.135,225.601,2
30,2,PSCO,PACE,1592330400,178.656,187.535,4
30,2,PSCO,PACE,1593648000,195.372,191.568,6
30,2,PSCO,PACE,1594965600,225.856,228.43,8
30,2,PSCO,PACE,1596283200,214.264,208.238,4
30,2,PSCO,PACE,1597600800,189.709,189.709,0
30,2,PSCO,PACE,1598918400,253.978,247.701,6
30,2,PSCO,PACE,1600236000,174.02,174.02,0
30,2,PSCO,PACE,1601553600,211.363,202.199,4
30,2,PSCO,PACE,1602871200,204.313,213.162,3
30,2,PSCO,PACE,1604188800,234.008,230.317,2
30,2,PSCO,PACE,1605506400,215.103,209.248,4
30,2,PSCO,PACE,1606824000,147.36,147.36,0
30,2,PSCO,PACE,1608141600,172.796,172.796,0
30,3,PSCO,PACE,1577836800,207.476,206.834,1
30,3,PSCO,PACE,1579154400,168.095,168.095,0
30,3,PSCO,PACE,1580472000,165.819,165.819,0
30,3,PSCO,PACE,1581789600,204.659,211.871,2
30,3,PSCO,PACE,1583107200,202.296,199.368,2
30,3,PSCO,PACE,1584424800,221.046,221.046,0
30,3,PSCO,PACE,1585742400,196.694,196.694,0
30,3,PSCO,PACE,1587060000,216.785,215.845,1
30,3,PSCO,PACE,1588377600,186.335,187.407,1
30,3,PSCO,PACE,1589695200,174.63,174.63,0
30,3,PSCO,PACE,1591012800,220.905,220.905,0
30,3,PSCO,PACE,1592330400,179.992,179.992,0
30,3,PSCO,PACE,1593648000,186.712,183.66,2
30,3,PSCO,PACE,1594965600,205.311,216.392,2
30,3,PSCO,PACE,1596283200,202.105,202.105,0
30,3,PSCO,PACE,1597600800,189.709,189.709,0
30,3,PSCO,PACE,1598918400,238.612,239.606,1
30,3,PSCO,PACE,1600236000,174.02,174.02,0
30,3,PSCO,PACE,1601553600,195.176,195.176,0
30,3,PSCO,PACE,1602871200,211.786,213.162,3
30,3,PSCO,PACE,1604188800,225.924,225.924,0
30,3,PSCO,PACE,1605506400,203.332,203.332,0
30,3,PSCO,PACE,1606824000,147.36,147.36,0
30,3,PSCO,PACE,1608141600,172.796,172.796,0
30,4,PSCO,PACE,1577836800,201.806,201.806,0
30,4,PSCO,PACE,1579154400,168.095,168.095,0
30,4,PSCO,PACE,1580472000,165.819,165.819,0
30,4,PSCO,PACE,1581789600,197.711,211.871,2
30,4,PSCO,PACE,1583107200,195.56,195.56,0
30,4,PSCO,PACE,1584424800,221.046,221.046,0
30,4,PSCO,PACE,1585742400,196.694,196.694,0
30,4,PSCO,PACE,1587060000,211.329,211.329,0
30,4,PSCO,PACE,1588377600,190.598,187.407,2
30,4,PSCO,PACE,1589695200,174.63,174.63,0
30,4,PSCO,PACE,1591012800,220.905,220.905,0
30,4,PSCO,PACE,1592330400,179.992,179.992,0
30,4,PSCO,PACE,1593648000,180.132,180.132,0
30,4,PSCO,PACE,1594965600,205.211,216.392,1
30,4,PSCO,PACE,1596283200,202.105,202.105,0
30,4,PSCO,PACE,1597600800,189.709,189.709,0
30,4,PSCO,PACE,1598918400,234.795,234.795,0
30,4,PSCO,PACE,1600236000,174.02,174.02,0
30,4,PSCO,PACE,1601553600,195.176,195.176,0
30,4,PSCO,PACE,1602871200,202.804,202.804,0
30,4,PSCO,PACE,1604188800,225.924,225.924,0
30,4,PSCO,PACE,1605506400,203.332,203.332,0
30,4,PSCO,PACE,1606824000,147.36,147.36,0
30,4,PSCO,PACE,1608141600,172.796,172.796,0
30,5,PSCO,PACE,1577836800,226.786,216.597,6
30,5,PSCO,PACE,1579154400,190.066,178.081,6
30,5,PSCO,PACE,1580472000,178.548,172.775,4
30,5,PSCO,PACE,1581789600,209.969,218.69,6
30,5,PSCO,PACE,1583107200,221.598,209.983,8
30,5,PSCO,PACE,1584424800,230.416,225.4,2
30,5,PSCO,PACE,1585742400,217.308,211.141,5
30,5,PSCO,PACE,1587060000,235.33,228.708,7
30,5,PSCO,PACE,1588377600,189.266,193.925,6
30,5,PSCO,PACE,1589695200,176.15,177.256,2
30,5,PSCO,PACE,1591012800,221.667,225.601,2
30,5,PSCO,PACE,1592330400,177.311,187.535,4
30,5,PSCO,PACE,1593648000,186.464,187.687,4
30,5,PSCO,PACE,1594965600,223.537,228.43,8
30,5,PSCO,PACE,1596283200,213.728,208.238,4
30,5,PSCO,PACE,1597600800,189.709,189.709,0
30,5,PSCO,PACE,1598918400,252.809,247.701,6
30,5,PSCO,PACE,1600236000,174.02,174.02,0
30,5,PSCO,PACE,1601553600,209.491,202.199,4
30,5,PSCO,PACE,1602871200,202.845,213.162,3
30,5,PSCO,PACE,1604188800,233.473,230.317,2
30,5,PSCO,PACE,1605506400,214.141,209.248,4
30,5,PSCO,PACE,1606824000,147.36,147.36,0
30,5,PSCO,PACE,1608141600,172.796,172.796,0
30,6,PSCO,PACE,1577836800,201.806,201.806,0
30,6,PSCO,PACE,1579154400,168.095,168.095,0
30,6,PSCO,PACE,1580472000,165.819,165.819,0
30,6,PSCO,PACE,1581789600,198.86,211.871,2
30,6,PSCO,PACE,1583107200,195.56,195.56,0
30,6,PSCO,PACE,1584424800,221.046,221.046,0
30,6,PSCO,PACE,1585742400,196.694,196.694,0
30,6,PSCO,PACE,1587060000,211.329,211.329,0
30,6,PSCO,PACE,1588377600,183.896,187.407,1
30,6,PSCO,PACE,1589695200,174.63,174.63,0
30,6,PSCO,PACE,1591012800,220.905,220.905,0
30,6,PSCO,PACE,1592330400,179.992,179.992,0
30,6,PSCO,PACE,1593648000,180.132,180.132,0
30,6,PSCO,PACE,1594965600,205.211,216.392,1
30,6,PSCO,PACE,1596283200,202.105,202.105,0
30,6,PSCO,PACE,1597600800,189.709,189.709,0
30,6,PSCO,PACE,1598918400,234.718,239.606,1
30,6,PSCO,PACE,1600236000,174.02,174.02,0
30,6,PSCO,PACE,1601553600,195.176,195.176,0
30,6,PSCO,PACE,1602871200,202.576,208.122,1
30,6,PSCO,PACE,1604188800,225.924,225.924,0
30,6,PSCO,PACE,1605506400,203.332,203.332,0
30,6,PSCO,PACE,1606824000,147.36,147.36,0
30,6,PSCO,PACE,1608141600,172.796,172.796,0
30,1,TEPC,AECI,1577836800,261.782,261.782,0
30,1,TEPC,AECI,1579154400,260.044,260.044,0
30,1,TEPC,AECI,1580472000,227.287,227.287,0
30,1,TEPC,AECI,1581789600,230.952,230.952,0
30,1,TEPC,AECI,1583107200,213.887,213.887,0
30,1,TEPC,AECI,1584424800,209.261,209.261,0
30,1,TEPC,AECI,1585742400,163.89,163.89,0
30,1,TEPC,AECI,1587060000,178.693,178.693,0
30,1,TEPC,AECI,1588377600,179.254,179.254,0
30,1,TEPC,AECI,1589695200,215.518,215.518,0
30,1,TEPC,AECI,1591012800,222.496,222.496,0
30,1,TEPC,AECI,1592330400,189.451,189.451,0
30,1,TEPC,AECI,1593648000,215.878,215.878,0
30,1,TEPC,AECI,1594965600,207.863,207.863,0
30,1,TEPC,AECI,1596283200,219.66,219.66,0
30,1,TEPC,AECI,1597600800,232.192,232.192,0
30,1,TEPC,AECI,1598918400,219.508,219.508,0
30,1,TEPC,AECI,1600236000,245.174,245.174,0
30,1,TEPC,AECI,1601553600,235.921,235.921,0
30,1,TEPC,AECI,1602871200,262.53,262.53,0
30,1,TEPC,AECI,1604188800,265.706,265.706,0
30,1,TEPC,AECI,1605506400,225.001,225.001,0
30,1,TEPC,AECI,1606824000,193.11,193.11,0
30,1,TEPC,AECI,1608141600,251.11,251.11,0
30,2,TEPC,AECI,1577836800,191.257,272.952,3
30,2,TEPC,AECI,1579154400,203.355,271.749,3
30,2,TEPC,AECI,1580472000,189.176,238.772,3
30,2,TEPC,AECI,1581789600,208.717,238.38,4
30,2,TEPC,AECI,1583107200,189.987,222.949,4
30,2,TEPC,AECI,1584424800,209.567,228.073,7
30,2,TEPC,AECI,1585742400,152.874,175.344,6
30,2,TEPC,AECI,1587060000,163.053,187.04,5
30,2,TEPC,AECI,1588377600,168.688,186.595,4
30,2,TEPC,AECI,1589695200,187.887,231.19,5
30,2,TEPC,AECI,1591012800,169.532,232.179,3
30,2,TEPC,AECI,1592330400,187.758,199.752,6
30,2,TEPC,AECI,1593648000,210.093,224.651,4
30,2,TEPC,AECI,1594965600,207.025,222.941,5
30,2,TEPC,AECI,1596283200,230.127,237.528,8
30,2,TEPC,AECI,1597600800,251.426,245.462,6
30,2,TEPC,AECI,1598918400,252.774,250.578,13
30,2,TEPC,AECI,1600236000,241.383,261.561,5
30,2,TEPC,AECI,1601553600,240.448,257.764,10
30,2,TEPC,AECI,1602871200,232.846,287.411,10
30,2,TEPC,AECI,1604188800,246.275,275.245,4
30,2,TEPC,AECI,1605506400,229.238,235.056,3
30,2,TEPC,AECI,1606824000,193.11,193.11,0
30,2,TEPC,AECI,1608141600,218.185,261.214,3
30,3,TEPC,AECI,1577836800,179.917,267.327,1
30,3,TEPC,AECI,1579154400,193.995,265.972,1
30,3,TEPC,AECI,1580472000,185.332,232.948,1
30,3,TEPC,AECI,1581789600,240.207,241.853,6
30,3,TEPC,AECI,1583107200,213.887,213.887,0
30,3,TEPC,AECI,1584424800,186.019,214.078,1
30,3,TEPC,AECI,1585742400,147.153,171.952,4
30,3,TEPC,AECI,1587060000,176.74,181.485,2
30,3,TEPC,AECI,1588377600,179.254,179.254,0
30,3,TEPC,AECI,1589695200,164.311,220.659,1
30,3,TEPC,AECI,1591012800,158.894,227.481,1
30,3,TEPC,AECI,1592330400,195.731,196.336,4
30,3,TEPC,AECI,1593648000,215.878,215.878,0
30,3,TEPC,AECI,1594965600,210.039,217.978,3
30,3,TEPC,AECI,1596283200,191.378,224.499,1
30,3,TEPC,AECI,1597600800,232.192,232.192,0
30,3,TEPC,AECI,1598918400,196.634,228.443,4
30,3,TEPC,AECI,1600236000,248.593,250.543,1
30,3,TEPC,AECI,1601553600,190.135,240.805,1
30,3,TEPC,AECI,1602871200,186.349,267.329,1
30,3,TEPC,AECI,1604188800,261.238,270.432,2
30,3,TEPC,AECI,1605506400,220.807,230.103,1
30,3,TEPC,AECI,1606824000,193.11,193.11,0
30,3,TEPC,AECI,1608141600,201.474,256.156,1
30,4,TEPC,AECI,1577836800,179.917,267.327,1
30,4,TEPC,AECI,1579154400,193.995,265.972,1
30,4,TEPC,AECI,1580472000,180.926,232.948,1
30,4,TEPC,AECI,1581789600,230.952,230.952,0
30,4,TEPC,AECI,1583107200,220.876,218.268,1
30,4,TEPC,AECI,1584424800,202.708,214.078,1
30,4,TEPC,AECI,1585742400,149.648,167.958,2
30,4,TEPC,AECI,1587060000,167.223,184.288,3
30,4,TEPC,AECI,1588377600,179.254,179.254,0
30,4,TEPC,AECI,1589695200,164.311,220.659,1
30,4,TEPC,AECI,1591012800,158.894,227.481,1
30,4,TEPC,AECI,1592330400,189.451,189.451,0
30,4,TEPC,AECI,1593648000,215.878,215.878,0
30,4,TEPC,AECI,1594965600,207.863,207.863,0
30,4,TEPC,AECI,1596283200,219.66,219.66,0
30,4,TEPC,AECI,1597600800,232.192,232.192,0
30,4,TEPC,AECI,1598918400,219.508,219.508,0
30,4,TEPC,AECI,1600236000,245.174,245.174,0
30,4,TEPC,AECI,1601553600,215.368,240.805,2
30,4,TEPC,AECI,1602871200,186.349,267.329,1
30,4,TEPC,AECI,1604188800,265.706,265.706,0
30,4,TEPC,AECI,1605506400,221.139,230.103,1
30,4,TEPC,AECI,1606824000,193.11,193.11,0
30,4,TEPC,AECI,1608141600,202.27,256.156,1
30,5,TEPC,AECI,1577836800,190.887,272.952,3
30,5,TEPC,AECI,1579154400,203.009,271.749,3
30,5,TEPC,AECI,1580472000,187.556,238.772,3
30,5,TEPC,AECI,1581789600,207.726,238.38,4
30,5,TEPC,AECI,1583107200,194.151,227.853,5
30,5,TEPC,AECI,1584424800,208.524,228.073,7
30,5,TEPC,AECI,1585742400,145.555,171.952,4
30,5,TEPC,AECI,1587060000,161.916,187.04,5
30,5,TEPC,AECI,1588377600,166.733,186.595,4
30,5,TEPC,AECI,1589695200,185.205,231.19,5
30,5,TEPC,AECI,1591012800,161.656,227.481,1
30,5,TEPC,AECI,1592330400,186.286,199.752,6
30,5,TEPC,AECI,1593648000,214.783,229.386,5
30,5,TEPC,AECI,1594965600,205.673,222.941,5
30,5,TEPC,AECI,1596283200,229.607,237.528,8
30,5,TEPC,AECI,1597600800,250.892,245.462,6
30,5,TEPC,AECI,1598918400,249.942,250.578,13
30,5,TEPC,AECI,1600236000,240.21,261.561,5
30,5,TEPC,AECI,1601553600,239.628,257.764,10
30,5,TEPC,AECI,1602871200,222.698,282.332,8
30,5,TEPC,AECI,1604188800,244.667,275.245,4
30,5,TEPC,AECI,1605506400,227.965,235.056,3
30,5,TEPC,AECI,1606824000,193.11,193.11,0
30,5,TEPC,AECI,1608141600,216.442,261.214,3
30,6,TEPC,AECI,1577836800,179.917,267.327,1
30,6,TEPC,AECI,1579154400,193.995,265.972,1
30,6,TEPC,AECI,1580472000,185.332,232.948,1
30,6,TEPC,AECI,1581789600,230.952,230.952,0
30,6,TEPC,AECI,1583107200,213.887,213.887,0
30,6,TEPC,AECI,1584424800,209.261,209.261,0
30,6,TEPC,AECI,1585742400,136.363,167.958,1
30,6,TEPC,AECI,1587060000,178.693,178.693,0
30,6,TEPC,AECI,1588377600,179.254,179.254,0
30,6,TEPC,AECI,1589695200,164.311,220.659,1
30,6,TEPC,AECI,1591012800,158.894,227.481,1
30,6,TEPC,AECI,1592330400,189.451,189.451,0
30,6,TEPC,AECI,1593648000,215.878,215.878,0
30,6,TEPC,AECI,1594965600,207.863,207.863,0
30,6,TEPC,AECI,1596283200,219.66,219.66,0
30,6,TEPC,AECI,1597600800,232.192,232.192,0
30,6,TEPC,AECI,1598918400,219.508,219.508,0
30,6,TEPC,AECI,1600236000,245.174,245.174,0
30,6,TEPC,AECI,1601553600,190.135,240.805,1
30,6,TEPC,AECI,1602871200,186.349,267.329,1
30,6,TEPC,AECI,1604188800,265.706,265.706,0
30,6,TEPC,AECI,1605506400,225.001,225.001,0
30,6,TEPC,AECI,1606824000,193.11,193.11,0
30,6,TEPC,AECI,1608141600,201.474,256.156,1
45,1,AECI,EPE,1577836800,171.652,171.652,0
45,1,AECI,EPE,1579154400,184.829,184.829,0
45,1,AECI,EPE,1580472000,179.08,179.08,0
45,1,AECI,EPE,1581789600,190.047,190.047,0
45,1,AECI,EPE,1583107200,177.533,177.533,0
45,1,AECI,EPE,1584424800,173.609,173.609,0
45,1,AECI,EPE,1585742400,130.078,130.078,0
45,1,AECI,EPE,1587060000,146.519,146.519,0
45,1,AECI,EPE,1588377600,154.192,154.192,0
45,1,AECI,EPE,1589695200,158.058,158.058,0
45,1,AECI,EPE,1591012800,151.782,151.782,0
45,1,AECI,EPE,1592330400,159.195,159.195,0
45,1,AECI,EPE,1593648000,183.868,183.868,0
45,1,AECI,EPE,1594965600,175.21,175.21,0
45,1,AECI,EPE,1596283200,180.832,180.832,0
45,1,AECI,EPE,1597600800,201.072,201.072,0
45,1,AECI,EPE,1598918400,180.384,180.384,0
45,1,AECI,EPE,1600236000,202.899,202.899,0
45,1,AECI,EPE,1601553600,182.573,182.573,0
45,1,AECI,EPE,1602871200,178.75,178.75,0
45,1,AECI,EPE,1604188800,219.569,219.569,0
45,1,AECI,EPE,1605506400,205.232,205.232,0
45,1,AECI,EPE,1606824000,196.187,196.187,0
45,1,AECI,EPE,1608141600,194.483,194.483,0
45,2,AECI,EPE,1577836800,249.039,201.708,10
45,2,AECI,EPE,1579154400,224.813,196.664,3
45,2,AECI,EPE,1580472000,190.151,190.145,3
45,2,AECI,EPE,1581789600,183.389,194.225,1
45,2,AECI,EPE,1583107200,218.459,196.629,6
45,2,AECI,EPE,1584424800,216.703,188.51,6
45,2,AECI,EPE,1585742400,161.607,144.471,5
45,2,AECI,EPE,1587060000,182.924,158.597,6
45,2,AECI,EPE,1588377600,186.419,168.311,5
45,2,AECI,EPE,1589695200,202.427,174.796,6
45,2,AECI,EPE,1591012800,205.151,172.826,7
45,2,AECI,EPE,1592330400,216.17,178.197,8
45,2,AECI,EPE,1593648000,224.159,199.132,5
45,2,AECI,EPE,1594965600,208.681,185.187,4
45,2,AECI,EPE,1596283200,224.678,195.708,5
45,2,AECI,EPE,1597600800,234.534,212.985,3
45,2,AECI,EPE,1598918400,244.789,202.042,7
45,2,AECI,EPE,1600236000,213.696,210.142,2
45,2,AECI,EPE,1601553600,211.723,189.499,2
45,2,AECI,EPE,1602871200,221.156,194.718,5
45,2,AECI,EPE,1604188800,241.248,236.269,5
45,2,AECI,EPE,1605506400,213.35,211.558,2
45,2,AECI,EPE,1606824000,218.681,208.508,3
45,2,AECI,EPE,1608141600,278.443,229.53,11
45,3,AECI,EPE,1577836800,209.468,175.342,1
45,3,AECI,EPE,1579154400,213.701,188.789,1
45,3,AECI,EPE,1580472000,188.684,190.145,3
45,3,AECI,EPE,1581789600,183.389,194.225,1
45,3,AECI,EPE,1583107200,209.189,181.799,1
45,3,AECI,EPE,1584424800,207.72,179.684,2
45,3,AECI,EPE,1585742400,154.264,140.908,3
45,3,AECI,EPE,1587060000,176.878,149.147,1
45,3,AECI,EPE,1588377600,189.745,157.765,1
45,3,AECI,EPE,1589695200,199.065,164.985,2
45,3,AECI,EPE,1591012800,151.782,151.782,0
45,3,AECI,EPE,1592330400,168.522,162.435,1
45,3,AECI,EPE,1593648000,204.993,187.798,1
45,3,AECI,EPE,1594965600,217.26,185.187,4
45,3,AECI,EPE,1596283200,211.425,191.964,3
45,3,AECI,EPE,1597600800,221.516,205.228,1
45,3,AECI,EPE,1598918400,210.471,183.948,1
45,3,AECI,EPE,1600236000,212.764,210.142,2
45,3,AECI,EPE,1601553600,204.432,189.499,2
45,3,AECI,EPE,1602871200,188.203,182.572,1
45,3,AECI,EPE,1604188800,223.17,223.947,1
45,3,AECI,EPE,1605506400,210.86,211.558,2
45,3,AECI,EPE,1606824000,206.052,200.233,1
45,3,AECI,EPE,1608141600,223.157,198.171,1
45,4,AECI,EPE,1577836800,171.652,171.652,0
45,4,AECI,EPE,1579154400,184.829,184.829,0
45,4,AECI,EPE,1580472000,188.147,182.532,1
45,4,AECI,EPE,1581789600,183.389,194.225,1
45,4,AECI,EPE,1583107200,199.699,181.799,1
45,4,AECI,EPE,1584424800,173.609,173.609,0
45,4,AECI,EPE,1585742400,145.881,133.734,1
45,4,AECI,EPE,1587060000,159.635,149.147,1
45,4,AECI,EPE,1588377600,154.192,154.192,0
45,4,AECI,EPE,1589695200,174.504,161.536,1
45,4,AECI,EPE,1591012800,151.782,151.782,0
45,4,AECI,EPE,1592330400,159.195,159.195,0
45,4,AECI,EPE,1593648000,204.993,187.798,1
45,4,AECI,EPE,1594965600,175.21,175.21,0
45,4,AECI,EPE,1596283200,210.743,184.458,1
45,4,AECI,EPE,1597600800,221.516,205.228,1
45,4,AECI,EPE,1598918400,180.384,180.384,0
45,4,AECI,EPE,1600236000,206.653,206.444,1
45,4,AECI,EPE,1601553600,220.596,185.848,1
45,4,AECI,EPE,1602871200,178.75,178.75,0
45,4,AECI,EPE,1604188800,223.17,223.947,1
45,4,AECI,EPE,1605506400,211.407,208.412,1
45,4,AECI,EPE,1606824000,206.052,200.233,1
45,4,AECI,EPE,1608141600,223.157,198.171,1
45,5,AECI,EPE,1577836800,246.815,201.708,10
45,5,AECI,EPE,1579154400,227.472,196.664,4
45,5,AECI,EPE,1580472000,189.757,190.145,3
45,5,AECI,EPE,1581789600,183.389,194.225,1
45,5,AECI,EPE,1583107200,203.272,189.972,4
45,5,AECI,EPE,1584424800,222.404,191.775,7
45,5,AECI,EPE,1585742400,160.645,144.471,5
45,5,AECI,EPE,1587060000,181.265,158.597,6
45,5,AECI,EPE,1588377600,191.075,171.291,6
45,5,AECI,EPE,1589695200,200.759,174.796,6
45,5,AECI,EPE,1591012800,204.185,172.826,7
45,5,AECI,EPE,1592330400,226.783,185.195,10
45,5,AECI,EPE,1593648000,222.867,199.132,5
45,5,AECI,EPE,1594965600,207.281,185.187,4
45,5,AECI,EPE,1596283200,224.085,195.708,5
45,5,AECI,EPE,1597600800,233.967,212.985,3
45,5,AECI,EPE,1598918400,247.67,202.042,8
45,5,AECI,EPE,1600236000,212.764,210.142,2
45,5,AECI,EPE,1601553600,218.159,193.407,3
45,5,AECI,EPE,1602871200,220.521,194.718,5
45,5,AECI,EPE,1604188800,240.332,236.269,5
45,5,AECI,EPE,1605506400,212.477,211.558,2
45,5,AECI,EPE,1606824000,218.505,208.508,3
45,5,AECI,EPE,1608141600,277.311,229.53,11
45,6,AECI,EPE,1577836800,171.652,171.652,0
45,6,AECI,EPE,1579154400,213.701,188.789,1
45,6,AECI,EPE,1580472000,188.147,182.532,1
45,6,AECI,EPE,1581789600,183.389,194.225,1
45,6,AECI,EPE,1583107200,209.189,181.799,1
45,6,AECI,EPE,1584424800,209.917,176.679,1
45,6,AECI,EPE,1585742400,130.078,130.078,0
45,6,AECI,EPE,1587060000,176.878,149.147,1
45,6,AECI,EPE,1588377600,180.793,157.765,1
45,6,AECI,EPE,1589695200,188.96,161.536,1
45,6,AECI,EPE,1591012800,151.782,151.782,0
45,6,AECI,EPE,1592330400,159.195,159.195,0
45,6,AECI,EPE,1593648000,204.993,187.798,1
45,6,AECI,EPE,1594965600,175.21,175.21,0
45,6,AECI,EPE,1596283200,211.338,184.458,1
45,6,AECI,EPE,1597600800,221.516,205.228,1
45,6,AECI,EPE,1598918400,210.471,183.948,1
45,6,AECI,EPE,1600236000,206.653,206.444,1
45,6,AECI,EPE,1601553600,182.573,182.573,0
45,6,AECI,EPE,1602871200,178.75,178.75,0
45,6,AECI,EPE,1604188800,223.17,223.947,1
45,6,AECI,EPE,1605506400,211.407,208.412,1
45,6,AECI,EPE,1606824000,206.052,200.233,1
45,6,AECI,EPE,1608141600,223.157,198.171,1
45,1,AECI,PACE,1577836800,171.652,171.652,0
45,1,AECI,PACE,1579154400,184.829,184.829,0
45,1,AECI,PACE,1580472000,179.08,179.08,0
45,1,AECI,PACE,1581789600,190.047,190.047,0
45,1,AECI,PACE,1583107200,177.533,177.533,0
45,1,AECI,PACE,1584424800,173.609,173.609,0
45,1,AECI,PACE,1585742400,130.078,130.078,0
45,1,AECI,PACE,1587060000,146.519,146.519,0
45,1,AECI,PACE,1588377600,154.192,154.192,0
45,1,AECI,PACE,1589695200,158.058,158.058,0
45,1,AECI,PACE,1591012800,151.782,151.782,0
45,1,AECI,PACE,1592330400,159.195,159.195,0
45,1,AECI,PACE,1593648000,183.868,183.868,0
45,1,AECI,PACE,1594965600,175.21,175.21,0
45,1,AECI,PACE,1596283200,180.832,180.832,0
45,1,AECI,PACE,1597600800,201.072,201.072,0
45,1,AECI,PACE,1598918400,180.384,180.384,0
45,1,AECI,PACE,1600236000,202.899,202.899,0
45,1,AECI,PACE,1601553600,182.573,182.573,0
45,1,AECI,PACE,1602871200,178.75,178.75,0
45,1,AECI,PACE,1604188800,219.569,219.569,0
45,1,AECI,PACE,1605506400,205.232,205.232,0
45,1,AECI,PACE,1606824000,196.187,196.187,0
45,1,AECI,PACE,1608141600,194.483,194.483,0
45,2,AECI,PACE,1577836800,200.81,182.887,4
45,2,AECI,PACE,1579154400,231.794,203.828,6
45,2,AECI,PACE,1580472000,211.544,194.05,5
45,2,AECI,PACE,1581789600,213.097,202.752,3
45,2,AECI,PACE,1583107200,195.754,189.972,3
45,2,AECI,PACE,1584424800,189.589,179.684,2
45,2,AECI,PACE,1585742400,130.078,130.078,0
45,2,AECI,PACE,1587060000,159.421,151.4,2
45,2,AECI,PACE,1588377600,169.847,165.031,4
45,2,AECI,PACE,1589695200,187.067,168.287,4
45,2,AECI,PACE,1591012800,168.275,158.729,2
45,2,AECI,PACE,1592330400,179.175,168.835,4
45,2,AECI,PACE,1593648000,224.649,202.753,6
45,2,AECI,PACE,1594965600,226.624,195.58,8
45,2,AECI,PACE,1596283200,233.42,203.178,7
45,2,AECI,PACE,1597600800,292.188,237.975,11
45,2,AECI,PACE,1598918400,208.539,191.074,4
45,2,AECI,PACE,1600236000,242.229,213.901,4
45,2,AECI,PACE,1601553600,215.025,193.407,4
45,2,AECI,PACE,1602871200,209.148,194.718,5
45,2,AECI,PACE,1604188800,269.272,240.129,6
45,2,AECI,PACE,1605506400,238.498,214.804,4
45,2,AECI,PACE,1606824000,239.888,212.742,5
45,2,AECI,PACE,1608141600,257.334,216.395,8
45,3,AECI,PACE,1577836800,198.494,179.057,2
45,3,AECI,PACE,1579154400,229.439,196.664,4
45,3,AECI,PACE,1580472000,203.458,190.145,3
45,3,AECI,PACE,1581789600,204.574,194.225,1
45,3,AECI,PACE,1583107200,214.029,181.799,1
45,3,AECI,PACE,1584424800,173.609,173.609,0
45,3,AECI,PACE,1585742400,130.078,130.078,0
45,3,AECI,PACE,1587060000,146.519,146.519,0
45,3,AECI,PACE,1588377600,186.138,157.765,1
45,3,AECI,PACE,1589695200,173.217,164.985,2
45,3,AECI,PACE,1591012800,151.782,151.782,0
45,3,AECI,PACE,1592330400,159.195,159.195,0
45,3,AECI,PACE,1593648000,219.509,187.798,1
45,3,AECI,PACE,1594965600,189.127,181.77,2
45,3,AECI,PACE,1596283200,180.832,180.832,0
45,3,AECI,PACE,1597600800,236.591,212.985,4
45,3,AECI,PACE,1598918400,198.816,187.524,2
45,3,AECI,PACE,1600236000,230.362,210.142,2
45,3,AECI,PACE,1601553600,182.573,182.573,0
45,3,AECI,PACE,1602871200,228.11,194.718,5
45,3,AECI,PACE,1604188800,270.994,232.243,4
45,3,AECI,PACE,1605506400,232.309,211.558,2
45,3,AECI,PACE,1606824000,245.948,212.742,5
45,3,AECI,PACE,1608141600,216.457,201.57,2
45,4,AECI,PACE,1577836800,171.652,171.652,0
45,4,AECI,PACE,1579154400,184.829,184.829,0
45,4,AECI,PACE,1580472000,206.459,186.263,2
45,4,AECI,PACE,1581789600,211.734,198.479,2
45,4,AECI,PACE,1583107200,187.1,181.799,1
45,4,AECI,PACE,1584424800,173.609,173.609,0
45,4,AECI,PACE,1585742400,130.078,130.078,0
45,4,AECI,PACE,1587060000,146.519,146.519,0
45,4,AECI,PACE,1588377600,166.948,157.765,1
45,4,AECI,PACE,1589695200,158.058,158.058,0
45,4,AECI,PACE,1591012800,151.782,151.782,0
45,4,AECI,PACE,1592330400,159.195,159.195,0
45,4,AECI,PACE,1593648000,219.509,187.798,1
45,4,AECI,PACE,1594965600,205.156,178.469,1
45,4,AECI,PACE,1596283200,180.832,180.832,0
45,4,AECI,PACE,1597600800,201.072,201.072,0
45,4,AECI,PACE,1598918400,180.384,180.384,0
45,4,AECI,PACE,1600236000,202.899,202.899,0
45,4,AECI,PACE,1601553600,182.573,182.573,0
45,4,AECI,PACE,1602871200,189.679,182.572,1
45,4,AECI,PACE,1604188800,260.551,223.947,1
45,4,AECI,PACE,1605506400,232.211,208.412,1
45,4,AECI,PACE,1606824000,196.187,196.187,0
45,4,AECI,PACE,1608141600,229.571,198.171,1
45,5,AECI,PACE,1577836800,199.333,182.887,4
45,5,AECI,PACE,1579154400,230.884,203.828,6
45,5,AECI,PACE,1580472000,209.841,194.05,5
45,5,AECI,PACE,1581789600,212.355,202.752,3
45,5,AECI,PACE,1583107200,199.023,189.972,4
45,5,AECI,PACE,1584424800,188.308,179.684,2
45,5,AECI,PACE,1585742400,130.078,130.078,0
45,5,AECI,PACE,1587060000,158.753,151.4,2
45,5,AECI,PACE,1588377600,167.429,165.031,4
45,5,AECI,PACE,1589695200,184.915,168.287,4
45,5,AECI,PACE,1591012800,167.528,158.729,2
45,5,AECI,PACE,1592330400,176.123,168.835,4
45,5,AECI,PACE,1593648000,220.704,202.753,6
45,5,AECI,PACE,1594965600,224.019,195.58,8
45,5,AECI,PACE,1596283200,236.165,203.178,8
45,5,AECI,PACE,1597600800,290.365,237.975,11
45,5,AECI,PACE,1598918400,207.699,191.074,4
45,5,AECI,PACE,1600236000,240.748,213.901,4
45,5,AECI,PACE,1601553600,213.177,193.407,4
45,5,AECI,PACE,1602871200,207.963,194.718,5
45,5,AECI,PACE,1604188800,267.216,240.129,6
45,5,AECI,PACE,1605506400,236.409,214.804,4
45,5,AECI,PACE,1606824000,239.516,212.742,5
45,5,AECI,PACE,1608141600,263.726,220.676,9
45,6,AECI,PACE,1577836800,171.652,171.652,0
45,6,AECI,PACE,1579154400,184.829,184.829,0
45,6,AECI,PACE,1580472000,193.59,186.263,2
45,6,AECI,PACE,1581789600,204.574,194.225,1
45,6,AECI,PACE,1583107200,214.029,181.799,1
45,6,AECI,PACE,1584424800,173.609,173.609,0
45,6,AECI,PACE,1585742400,130.078,130.078,0
45,6,AECI,PACE,1587060000,146.519,146.519,0
45,6,AECI,PACE,1588377600,180.586,157.765,1
45,6,AECI,PACE,1589695200,158.058,158.058,0
45,6,AECI,PACE,1591012800,151.782,151.782,0
45,6,AECI,PACE,1592330400,159.195,159.195,0
45,6,AECI,PACE,1593648000,219.509,187.798,1
45,6,AECI,PACE,1594965600,205.156,178.469,1
45,6,AECI,PACE,1596283200,180.832,180.832,0
45,6,AECI,PACE,1597600800,201.072,201.072,0
45,6,AECI,PACE,1598918400,180.384,180.384,0
45,6,AECI,PACE,1600236000,202.899,202.899,0
45,6,AECI,PACE,1601553600,182.573,182.573,0
45,6,AECI,PACE,1602871200,178.75,178.75,0
45,6,AECI,PACE,1604188800,265.026,223.947,1
45,6,AECI,PACE,1605506400,237.898,208.412,1
45,6,AECI,PACE,1606824000,196.187,196.187,0
45,6,AECI,PACE,1608141600,229.571,198.171,1
45,1,AECI,TEPC,1577836800,171.652,171.652,0
45,1,AECI,TEPC,1579154400,184.829,184.829,0
45,1,AECI,TEPC,1580472000,179.08,179.08,0
45,1,AECI,TEPC,1581789600,190.047,190.047,0
45,1,AECI,TEPC,1583107200,177.533,177.533,0
45,1,AECI,TEPC,1584424800,173.609,173.609,0
45,1,AECI,TEPC,1585742400,130.078,130.078,0
45,1,AECI,TEPC,1587060000,146.519,146.519,0
45,1,AECI,TEPC,1588377600,154.192,154.192,0
45,1,AECI,TEPC,1589695200,158.058,158.058,0
45,1,AECI,TEPC,1591012800,151.782,151.782,0
45,1,AECI,TEPC,1592330400,159.195,159.195,0
45,1,AECI,TEPC,1593648000,183.868,183.868,0
45,1,AECI,TEPC,1594965600,175.21,175.21,0
45,1,AECI,TEPC,1596283200,180.832,180.832,0
45,1,AECI,TEPC,1597600800,201.072,201.072,0
45,1,AECI,TEPC,1598918400,180.384,180.384,0
45,1,AECI,TEPC,1600236000,202.899,202.899,0
45,1,AECI,TEPC,1601553600,182.573,182.573,0
45,1,AECI,TEPC,1602871200,178.75,178.75,0
45,1,AECI,TEPC,1604188800,219.569,219.569,0
45,1,AECI,TEPC,1605506400,205.232,205.232,0
45,1,AECI,TEPC,1606824000,196.187,196.187,0
45,1,AECI,TEPC,1608141600,194.483,194.483,0
45,2,AECI,TEPC,1577836800,188.971,179.057,2
45,2,AECI,TEPC,1579154400,200.32,192.82,2
45,2,AECI,TEPC,1580472000,198.641,190.145,4
45,2,AECI,TEPC,1581789600,223.827,206.718,5
45,2,AECI,TEPC,1583107200,211.696,196.629,6
45,2,AECI,TEPC,1584424800,215.362,188.51,6
45,2,AECI,TEPC,1585742400,157.069,144.471,5
45,2,AECI,TEPC,1587060000,182.245,161.191,8
45,2,AECI,TEPC,1588377600,188.642,171.291,6
45,2,AECI,TEPC,1589695200,201.183,174.796,6
45,2,AECI,TEPC,1591012800,167.861,158.729,2
45,2,AECI,TEPC,1592330400,206.679,178.197,7
45,2,AECI,TEPC,1593648000,232.913,202.753,6
45,2,AECI,TEPC,1594965600,207.921,185.187,4
45,2,AECI,TEPC,1596283200,241.929,203.178,7
45,2,AECI,TEPC,1597600800,273.905,224.754,7
45,2,AECI,TEPC,1598918400,283.675,219.668,14
45,2,AECI,TEPC,1600236000,241.851,213.901,4
45,2,AECI,TEPC,1601553600,254.506,209.34,9
45,2,AECI,TEPC,1602871200,256.769,211.475,10
45,2,AECI,TEPC,1604188800,271.895,240.129,6
45,2,AECI,TEPC,1605506400,238.484,214.804,4
45,2,AECI,TEPC,1606824000,200.135,200.233,1
45,2,AECI,TEPC,1608141600,227.677,204.894,4
45,3,AECI,TEPC,1577836800,171.652,171.652,0
45,3,AECI,TEPC,1579154400,184.829,184.829,0
45,3,AECI,TEPC,1580472000,179.08,179.08,0
45,3,AECI,TEPC,1581789600,239.721,202.752,3
45,3,AECI,TEPC,1583107200,220.331,181.799,1
45,3,AECI,TEPC,1584424800,191.353,179.684,2
45,3,AECI,TEPC,1585742400,149.812,140.908,3
45,3,AECI,TEPC,1587060000,187.571,153.628,4
45,3,AECI,TEPC,1588377600,185.28,157.765,1
45,3,AECI,TEPC,1589695200,170.985,164.985,2
45,3,AECI,TEPC,1591012800,151.782,151.782,0
45,3,AECI,TEPC,1592330400,200.879,168.835,3
45,3,AECI,TEPC,1593648000,222.984,187.798,1
45,3,AECI,TEPC,1594965600,212.072,185.187,4
45,3,AECI,TEPC,1596283200,204.379,191.964,3
45,3,AECI,TEPC,1597600800,239.201,205.228,1
45,3,AECI,TEPC,1598918400,211.782,194.679,5
45,3,AECI,TEPC,1600236000,253.917,210.142,2
45,3,AECI,TEPC,1601553600,182.573,182.573,0
45,3,AECI,TEPC,1602871200,206.096,190.616,4
45,3,AECI,TEPC,1604188800,276.139,232.243,3
45,3,AECI,TEPC,1605506400,228.055,211.558,2
45,3,AECI,TEPC,1606824000,200.135,200.233,1
45,3,AECI,TEPC,1608141600,194.483,194.483,0
45,4,AECI,TEPC,1577836800,171.652,171.652,0
45,4,AECI,TEPC,1579154400,184.829,184.829,0
45,4,AECI,TEPC,1580472000,192.292,186.263,2
45,4,AECI,TEPC,1581789600,190.047,190.047,0
45,4,AECI,TEPC,1583107200,177.533,177.533,0
45,4,AECI,TEPC,1584424800,173.609,173.609,0
45,4,AECI,TEPC,1585742400,148.157,133.734,1
45,4,AECI,TEPC,1587060000,146.519,146.519,0
45,4,AECI,TEPC,1588377600,154.192,154.192,0
45,4,AECI,TEPC,1589695200,158.058,158.058,0
45,4,AECI,TEPC,1591012800,151.782,151.782,0
45,4,AECI,TEPC,1592330400,159.195,159.195,0
45,4,AECI,TEPC,1593648000,183.868,183.868,0
45,4,AECI,TEPC,1594965600,175.21,175.21,0
45,4,AECI,TEPC,1596283200,180.832,180.832,0
45,4,AECI,TEPC,1597600800,216.925,205.228,1
45,4,AECI,TEPC,1598918400,180.384,180.384,0
45,4,AECI,TEPC,1600236000,202.899,202.899,0
45,4,AECI,TEPC,1601553600,182.573,182.573,0
45,4,AECI,TEPC,1602871200,178.75,178.75,0
45,4,AECI,TEPC,1604188800,219.569,219.569,0
45,4,AECI,TEPC,1605506400,227.562,211.558,2
45,4,AECI,TEPC,1606824000,200.135,200.233,1
45,4,AECI,TEPC,1608141600,194.483,194.483,0
45,5,AECI,TEPC,1577836800,188.52,179.057,2
45,5,AECI,TEPC,1579154400,199.911,192.82,2
45,5,AECI,TEPC,1580472000,196.849,190.145,4
45,5,AECI,TEPC,1581789600,222.584,206.718,5
45,5,AECI,TEPC,1583107200,195.6,189.972,4
45,5,AECI,TEPC,1584424800,214.149,188.51,6
45,5,AECI,TEPC,1585742400,156.405,144.471,5
45,5,AECI,TEPC,1587060000,180.195,161.191,8
45,5,AECI,TEPC,1588377600,185.728,171.291,6
45,5,AECI,TEPC,1589695200,186.121,168.287,4
45,5,AECI,TEPC,1591012800,167.354,158.729,2
45,5,AECI,TEPC,1592330400,205.053,178.197,7
45,5,AECI,TEPC,1593648000,230.217,202.753,6
45,5,AECI,TEPC,1594965600,206.414,185.187,4
45,5,AECI,TEPC,1596283200,241.219,203.178,7
45,5,AECI,TEPC,1597600800,273.274,224.754,7
45,5,AECI,TEPC,1598918400,280.598,219.668,14
45,5,AECI,TEPC,1600236000,240.499,213.901,4
45,5,AECI,TEPC,1601553600,253.398,209.34,9
45,5,AECI,TEPC,1602871200,254.773,211.475,10
45,5,AECI,TEPC,1604188800,269.137,240.129,6
45,5,AECI,TEPC,1605506400,237.16,214.804,4
45,5,AECI,TEPC,1606824000,200.135,200.233,1
45,5,AECI,TEPC,1608141600,225.714,204.894,4
45,6,AECI,TEPC,1577836800,171.652,171.652,0
45,6,AECI,TEPC,1579154400,184.829,184.829,0
45,6,AECI,TEPC,1580472000,179.08,179.08,0
45,6,AECI,TEPC,1581789600,190.047,190.047,0
45,6,AECI,TEPC,1583107200,212.231,181.799,1
45,6,AECI,TEPC,1584424800,173.609,173.609,0
45,6,AECI,TEPC,1585742400,130.078,130.078,0
45,6,AECI,TEPC,1587060000,168.782,149.147,1
45,6,AECI,TEPC,1588377600,185.28,157.765,1
45,6,AECI,TEPC,1589695200,158.058,158.058,0
45,6,AECI,TEPC,1591012800,151.782,151.782,0
45,6,AECI,TEPC,1592330400,159.195,159.195,0
45,6,AECI,TEPC,1593648000,217.223,187.798,1
45,6,AECI,TEPC,1594965600,175.21,175.21,0
45,6,AECI,TEPC,1596283200,180.832,180.832,0
45,6,AECI,TEPC,1597600800,239.201,205.228,1
45,6,AECI,TEPC,1598918400,180.384,180.384,0
45,6,AECI,TEPC,1600236000,239.619,206.444,1
45,6,AECI,TEPC,1601553600,182.573,182.573,0
45,6,AECI,TEPC,1602871200,178.75,178.75,0
45,6,AECI,TEPC,1604188800,219.569,219.569,0
45,6,AECI,TEPC,1605506400,232.729,208.412,1
45,6,AECI,TEPC,1606824000,200.135,200.233,1
45,6,AECI,TEPC,1608141600,194.483,194.483,0
45,1,BANC,CISO,1577836800,76.253,76.253,0
45,1,BANC,CISO,1579154400,81.548,81.548,0
45,1,BANC,CISO,1580472000,55.83,55.83,0
45,1,BANC,CISO,1581789600,52.267,52.267,0
45,1,BANC,CISO,1583107200,52.43,52.43,0
45,1,BANC,CISO,1584424800,83.316,83.316,0
45,1,BANC,CISO,1585742400,44.33,44.33,0
45,1,BANC,CISO,1587060000,33.313,33.313,0
45,1,BANC,CISO,1588377600,42.749,42.749,0
45,1,BANC,CISO,1589695200,42.187,42.187,0
45,1,BANC,CISO,1591012800,42.378,42.378,0
45,1,BANC,CISO,1592330400,40.383,40.383,0
45,1,BANC,CISO,1593648000,37.688,37.688,0
45,1,BANC,CISO,1594965600,55.204,55.204,0
45,1,BANC,CISO,1596283200,56.684,56.684,0
45,1,BANC,CISO,1597600800,78.197,78.197,0
45,1,BANC,CISO,1598918400,75.022,75.022,0
45,1,BANC,CISO,1600236000,80.174,80.174,0
45,1,BANC,CISO,1601553600,81.036,81.036,0
45,1,BANC,CISO,1602871200,74.249,74.249,0
45,1,BANC,CISO,1604188800,87.09,87.09,0
45,1,BANC,CISO,1605506400,93.475,93.475,0
45,1,BANC,CISO,1606824000,108.643,108.643,0
45,1,BANC,CISO,1608141600,91.972,91.972,0
45,2,BANC,CISO,1577836800,89.648,80.27,4
45,2,BANC,CISO,1579154400,99.207,86.878,4
45,2,BANC,CISO,1580472000,62.009,58.344,2
45,2,BANC,CISO,1581789600,65.39,58.219,5
45,2,BANC,CISO,1583107200,61.956,55.169,4
45,2,BANC,CISO,1584424800,102.982,89.362,4
45,2,BANC,CISO,1585742400,53.278,46.548,4
45,2,BANC,CISO,1587060000,38.499,35.155,3
45,2,BANC,CISO,1588377600,47.777,46.389,6
45,2,BANC,CISO,1589695200,44.412,45.124,4
45,2,BANC,CISO,1591012800,47.084,44.495,2
45,2,BANC,CISO,1592330400,52.824,46.13,7
45,2,BANC,CISO,1593648000,43.911,39.928,4
45,2,BANC,CISO,1594965600,64.753,58.956,4
45,2,BANC,CISO,1596283200,65.25,60.174,4
45,2,BANC,CISO,1597600800,86.014,81.44,2
45,2,BANC,CISO,1598918400,86.823,78.526,4
45,2,BANC,CISO,1600236000,95.198,85.35,4
45,2,BANC,CISO,1601553600,97.191,85.836,4
45,2,BANC,CISO,1602871200,90.58,80.671,5
45,2,BANC,CISO,1604188800,99.839,90.347,4
45,2,BANC,CISO,1605506400,127.323,107.314,7
45,2,BANC,CISO,1606824000,150.583,124.373,9
45,2,BANC,CISO,1608141600,121.784,101.7,8
45,3,BANC,CISO,1577836800,82.222,79.02,2
45,3,BANC,CISO,1579154400,81.548,81.548,0
45,3,BANC,CISO,1580472000,55.83,55.83,0
45,3,BANC,CISO,1581789600,54.542,53.687,1
45,3,BANC,CISO,1583107200,57.507,54.335,2
45,3,BANC,CISO,1584424800,83.316,83.316,0
45,3,BANC,CISO,1585742400,44.33,44.33,0
45,3,BANC,CISO,1587060000,34.602,33.965,1
45,3,BANC,CISO,1588377600,59.538,44.902,4
45,3,BANC,CISO,1589695200,47.165,44.133,2
45,3,BANC,CISO,1591012800,42.378,42.378,0
45,3,BANC,CISO,1592330400,43.949,41.842,2
45,3,BANC,CISO,1593648000,41.666,39.194,2
45,3,BANC,CISO,1594965600,55.204,55.204,0
45,3,BANC,CISO,1596283200,56.684,56.684,0
45,3,BANC,CISO,1597600800,78.197,78.197,0
45,3,BANC,CISO,1598918400,85.525,78.526,4
45,3,BANC,CISO,1600236000,80.174,80.174,0
45,3,BANC,CISO,1601553600,81.036,81.036,0
45,3,BANC,CISO,1602871200,77.383,75.808,1
45,3,BANC,CISO,1604188800,87.09,87.09,0
45,3,BANC,CISO,1605506400,130.009,100.35,3
45,3,BANC,CISO,1606824000,125.856,111.264,1
45,3,BANC,CISO,1608141600,107.129,98.52,5
45,4,BANC,CISO,1577836800,76.253,76.253,0
45,4,BANC,CISO,1579154400,81.548,81.548,0
45,4,BANC,CISO,1580472000,55.83,55.83,0
45,4,BANC,CISO,1581789600,52.267,52.267,0
45,4,BANC,CISO,1583107200,52.43,52.43,0
45,4,BANC,CISO,1584424800,83.316,83.316,0
45,4,BANC,CISO,1585742400,44.33,44.33,0
45,4,BANC,CISO,1587060000,33.313,33.313,0
45,4,BANC,CISO,1588377600,42.749,42.749,0
45,4,BANC,CISO,1589695200,45.921,43.181,1
45,4,BANC,CISO,1591012800,42.378,42.378,0
45,4,BANC,CISO,1592330400,40.383,40.383,0
45,4,BANC,CISO,1593648000,37.688,37.688,0
45,4,BANC,CISO,1594965600,55.204,55.204,0
45,4,BANC,CISO,1596283200,56.684,56.684,0
45,4,BANC,CISO,1597600800,78.197,78.197,0
45,4,BANC,CISO,1598918400,75.022,75.022,0
45,4,BANC,CISO,1600236000,80.174,80.174,0
45,4,BANC,CISO,1601553600,81.036,81.036,0
45,4,BANC,CISO,1602871200,74.249,74.249,0
45,4,BANC,CISO,1604188800,87.09,87.09,0
45,4,BANC,CISO,1605506400,112.807,95.731,1
45,4,BANC,CISO,1606824000,125.856,111.264,1
45,4,BANC,CISO,1608141600,105.496,95.082,2
45,5,BANC,CISO,1577836800,87.613,80.27,4
45,5,BANC,CISO,1579154400,97.148,86.878,4
45,5,BANC,CISO,1580472000,61.587,58.344,2
45,5,BANC,CISO,1581789600,62.161,58.219,5
45,5,BANC,CISO,1583107200,60.392,55.169,4
45,5,BANC,CISO,1584424800,99.956,89.362,4
45,5,BANC,CISO,1585742400,50.934,46.548,4
45,5,BANC,CISO,1587060000,38.226,35.155,3
45,5,BANC,CISO,1588377600,42.361,44.902,4
45,5,BANC,CISO,1589695200,43.428,45.124,4
45,5,BANC,CISO,1591012800,46.893,44.495,2
45,5,BANC,CISO,1592330400,51.38,46.13,7
45,5,BANC,CISO,1593648000,43.39,39.928,4
45,5,BANC,CISO,1594965600,63.951,58.956,4
45,5,BANC,CISO,1596283200,67.031,61.439,5
45,5,BANC,CISO,1597600800,85.346,81.44,2
45,5,BANC,CISO,1598918400,86.073,78.526,4
45,5,BANC,CISO,1600236000,94.49,85.35,4
45,5,BANC,CISO,1601553600,99.907,87.635,5
45,5,BANC,CISO,1602871200,85.419,79.011,3
45,5,BANC,CISO,1604188800,98.631,90.347,4
45,5,BANC,CISO,1605506400,124.973,107.314,7
45,5,BANC,CISO,1606824000,147.51,124.373,9
45,5,BANC,CISO,1608141600,116.899,101.7,8
45,6,BANC,CISO,1577836800,76.253,76.253,0
45,6,BANC,CISO,1579154400,81.548,81.548,0
45,6,BANC,CISO,1580472000,55.83,55.83,0
45,6,BANC,CISO,1581789600,52.267,52.267,0
45,6,BANC,CISO,1583107200,52.43,52.43,0
45,6,BANC,CISO,1584424800,83.316,83.316,0
45,6,BANC,CISO,1585742400,44.33,44.33,0
45,6,BANC,CISO,1587060000,33.313,33.313,0
45,6,BANC,CISO,1588377600,54.614,43.544,1
45,6,BANC,CISO,1589695200,46.967,43.181,1
45,6,BANC,CISO,1591012800,42.378,42.378,0
45,6,BANC,CISO,1592330400,40.383,40.383,0
45,6,BANC,CISO,1593648000,37.688,37.688,0
45,6,BANC,CISO,1594965600,55.204,55.204,0
45,6,BANC,CISO,1596283200,56.684,56.684,0
45,6,BANC,CISO,1597600800,78.197,78.197,0
45,6,BANC,CISO,1598918400,75.022,75.022,0
45,6,BANC,CISO,1600236000,80.174,80.174,0
45,6,BANC,CISO,1601553600,81.036,81.036,0
45,6,BANC,CISO,1602871200,74.249,74.249,0
45,6,BANC,CISO,1604188800,87.09,87.09,0
45,6,BANC,CISO,1605506400,120.99,95.731,1
45,6,BANC,CISO,1606824000,125.856,111.264,1
45,6,BANC,CISO,1608141600,91.972,91.972,0
45,1,CISO,BANC,1577836800,130.428,130.428,0
45,1,CISO,BANC,1579154400,140.472,140.472,0
45,1,CISO,BANC,1580472000,117.952,117.952,0
45,1,CISO,BANC,1581789600,103.569,103.569,0
45,1,CISO,BANC,1583107200,104.144,104.144,0
45,1,CISO,BANC,1584424800,135.48,135.48,0
45,1,CISO,BANC,1585742400,79.732,79.732,0
45,1,CISO,BANC,1587060000,80.679,80.679,0
45,1,CISO,BANC,1588377600,56.36,56.36,0
45,1,CISO,BANC,1589695200,62.849,62.849,0
45,1,CISO,BANC,1591012800,94.687,94.687,0
45,1,CISO,BANC,1592330400,66.377,66.377,0
45,1,CISO,BANC,1593648000,73.665,73.665,0
45,1,CISO,BANC,1594965600,90.516,90.516,0
45,1,CISO,BANC,1596283200,92.419,92.419,0
45,1,CISO,BANC,1597600800,127.384,127.384,0
45,1,CISO,BANC,1598918400,110.116,110.116,0
45,1,CISO,BANC,1600236000,126.99,126.99,0
45,1,CISO,BANC,1601553600,129.978,129.978,0
45,1,CISO,BANC,1602871200,142.021,142.021,0
45,1,CISO,BANC,1604188800,143.8,143.8,0
45,1,CISO,BANC,1605506400,123.623,123.623,0
45,1,CISO,BANC,1606824000,121.375,121.375,0
45,1,CISO,BANC,1608141600,120.762,120.762,0
45,2,CISO,BANC,1577836800,95.018,143.797,5
45,2,CISO,BANC,1579154400,105.675,154.524,5
45,2,CISO,BANC,1580472000,67.229,126.163,3
45,2,CISO,BANC,1581789600,63.132,107.401,4
45,2,CISO,BANC,1583107200,64.692,114.206,5
45,2,CISO,BANC,1584424800,109.004,147.745,5
45,2,CISO,BANC,1585742400,57.155,86.887,5
45,2,CISO,BANC,1587060000,37.124,82.241,2
45,2,CISO,BANC,1588377600,46.163,61.271,5
45,2,CISO,BANC,1589695200,47.816,68.678,5
45,2,CISO,BANC,1591012800,50.633,101.265,3
45,2,CISO,BANC,1592330400,50.464,72.23,6
45,2,CISO,BANC,1593648000,46.251,81.107,5
45,2,CISO,BANC,1594965600,68.828,99.605,5
45,2,CISO,BANC,1596283200,71.414,100.51,6
45,2,CISO,BANC,1597600800,83.625,129.72,1
45,2,CISO,BANC,1598918400,90.531,119.988,5
45,2,CISO,BANC,1600236000,100.335,138.508,5
45,2,CISO,BANC,1601553600,105.879,142.568,6
45,2,CISO,BANC,1602871200,87.979,147.123,4
45,2,CISO,BANC,1604188800,104.52,156.594,5
45,2,CISO,BANC,1605506400,131.248,139.681,8
45,2,CISO,BANC,1606824000,147.238,136.672,8
45,2,CISO,BANC,1608141600,125.468,134.693,9
45,3,CISO,BANC,1577836800,81.844,133.596,1
45,3,CISO,BANC,1579154400,87.773,143.954,1
45,3,CISO,BANC,1580472000,61.139,120.693,1
45,3,CISO,BANC,1581789600,57.056,106.124,2
45,3,CISO,BANC,1583107200,59.139,111.307,3
45,3,CISO,BANC,1584424800,89.476,138.572,1
45,3,CISO,BANC,1585742400,48.108,81.722,1
45,3,CISO,BANC,1587060000,36.061,82.241,2
45,3,CISO,BANC,1588377600,59.498,59.593,3
45,3,CISO,BANC,1589695200,49.469,67.236,3
45,3,CISO,BANC,1591012800,45.929,97.07,1
45,3,CISO,BANC,1592330400,45.903,69.642,4
45,3,CISO,BANC,1593648000,43.004,78.928,3
45,3,CISO,BANC,1594965600,59.038,92.803,1
45,3,CISO,BANC,1596283200,60.581,94.38,1
45,3,CISO,BANC,1597600800,81.895,129.72,1
45,3,CISO,BANC,1598918400,89.013,119.988,5
45,3,CISO,BANC,1600236000,85.437,129.943,1
45,3,CISO,BANC,1601553600,86.248,132.794,1
45,3,CISO,BANC,1602871200,81.685,145.373,2
45,3,CISO,BANC,1604188800,91.745,146.605,1
45,3,CISO,BANC,1605506400,127.26,129.055,2
45,3,CISO,BANC,1606824000,121.375,121.375,0
45,3,CISO,BANC,1608141600,98.873,124.225,2
45,4,CISO,BANC,1577836800,81.844,133.596,1
45,4,CISO,BANC,1579154400,87.773,143.954,1
45,4,CISO,BANC,1580472000,61.139,120.693,1
45,4,CISO,BANC,1581789600,54.924,104.847,1
45,4,CISO,BANC,1583107200,55.379,106.009,1
45,4,CISO,BANC,1584424800,89.476,138.572,1
45,4,CISO,BANC,1585742400,48.108,81.722,1
45,4,CISO,BANC,1587060000,34.665,81.482,1
45,4,CISO,BANC,1588377600,56.36,56.36,0
45,4,CISO,BANC,1589695200,51.53,65.806,2
45,4,CISO,BANC,1591012800,45.929,97.07,1
45,4,CISO,BANC,1592330400,41.369,67.397,1
45,4,CISO,BANC,1593648000,40.044,75.098,1
45,4,CISO,BANC,1594965600,59.038,92.803,1
45,4,CISO,BANC,1596283200,60.581,94.38,1
45,4,CISO,BANC,1597600800,81.895,129.72,1
45,4,CISO,BANC,1598918400,78.631,112.244,1
45,4,CISO,BANC,1600236000,85.437,129.943,1
45,4,CISO,BANC,1601553600,86.248,132.794,1
45,4,CISO,BANC,1602871200,77.996,143.701,1
45,4,CISO,BANC,1604188800,107.247,146.605,1
45,4,CISO,BANC,1605506400,119.443,129.055,2
45,4,CISO,BANC,1606824000,121.375,121.375,0
45,4,CISO,BANC,1608141600,103.324,122.495,1
45,5,CISO,BANC,1577836800,92.983,143.797,5
45,5,CISO,BANC,1579154400,103.616,154.524,5
45,5,CISO,BANC,1580472000,66.808,126.163,3
45,5,CISO,BANC,1581789600,59.904,107.401,4
45,5,CISO,BANC,1583107200,63.128,114.206,5
45,5,CISO,BANC,1584424800,105.978,147.745,5
45,5,CISO,BANC,1585742400,56.612,88.01,6
45,5,CISO,BANC,1587060000,36.851,82.241,2
45,5,CISO,BANC,1588377600,43.708,61.271,5
45,5,CISO,BANC,1589695200,46.832,68.678,5
45,5,CISO,BANC,1591012800,50.441,101.265,3
45,5,CISO,BANC,1592330400,49.02,72.23,6
45,5,CISO,BANC,1593648000,45.73,81.107,5
45,5,CISO,BANC,1594965600,68.026,99.605,5
45,5,CISO,BANC,1596283200,70.98,100.51,6
45,5,CISO,BANC,1597600800,82.956,129.72,1
45,5,CISO,BANC,1598918400,89.781,119.988,5
45,5,CISO,BANC,1600236000,99.627,138.508,5
45,5,CISO,BANC,1601553600,105.447,142.568,6
45,5,CISO,BANC,1602871200,87.608,147.123,4
45,5,CISO,BANC,1604188800,103.312,156.594,5
45,5,CISO,BANC,1605506400,128.898,139.681,8
45,5,CISO,BANC,1606824000,144.164,136.672,8
45,5,CISO,BANC,1608141600,116.348,131.806,7
45,6,CISO,BANC,1577836800,81.844,133.596,1
45,6,CISO,BANC,1579154400,87.773,143.954,1
45,6,CISO,BANC,1580472000,61.139,120.693,1
45,6,CISO,BANC,1581789600,54.924,104.847,1
45,6,CISO,BANC,1583107200,55.379,106.009,1
45,6,CISO,BANC,1584424800,89.476,138.572,1
45,6,CISO,BANC,1585742400,48.108,81.722,1
45,6,CISO,BANC,1587060000,34.665,81.482,1
45,6,CISO,BANC,1588377600,56.36,56.36,0
45,6,CISO,BANC,1589695200,50.799,65.806,2
45,6,CISO,BANC,1591012800,45.929,97.07,1
45,6,CISO,BANC,1592330400,41.369,67.397,1
45,6,CISO,BANC,1593648000,40.044,75.098,1
45,6,CISO,BANC,1594965600,59.038,92.803,1
45,6,CISO,BANC,1596283200,60.581,94.38,1
45,6,CISO,BANC,1597600800,81.895,129.72,1
45,6,CISO,BANC,1598918400,78.631,112.244,1
45,6,CISO,BANC,1600236000,85.437,129.943,1
45,6,CISO,BANC,1601553600,86.248,132.794,1
45,6,CISO,BANC,1602871200,77.996,143.701,1
45,6,CISO,BANC,1604188800,91.745,146.605,1
45,6,CISO,BANC,1605506400,123.623,123.623,0
45,6,CISO,BANC,1606824000,121.375,121.375,0
45,6,CISO,BANC,1608141600,102.508,122.495,1
45,1,EPE,AECI,1577836800,202.093,202.093,0
45,1,EPE,AECI,1579154400,207.289,207.289,0
45,1,EPE,AECI,1580472000,181.504,181.504,0
45,1,EPE,AECI,1581789600,175.974,175.974,0
45,1,EPE,AECI,1583107200,202.541,202.541,0
45,1,EPE,AECI,1584424800,204.307,204.307,0
45,1,EPE,AECI,1585742400,164.605,164.605,0
45,1,EPE,AECI,1587060000,171.684,171.684,0
45,1,EPE,AECI,1588377600,183.602,183.602,0
45,1,EPE,AECI,1589695200,189.282,189.282,0
45,1,EPE,AECI,1591012800,195.852,195.852,0
45,1,EPE,AECI,1592330400,195.157,195.157,0
45,1,EPE,AECI,1593648000,198.016,198.016,0
45,1,EPE,AECI,1594965600,209.436,209.436,0
45,1,EPE,AECI,1596283200,204.715,204.715,0
45,1,EPE,AECI,1597600800,214.763,214.763,0
45,1,EPE,AECI,1598918400,203.471,203.471,0
45,1,EPE,AECI,1600236000,199.728,199.728,0
45,1,EPE,AECI,1601553600,220.07,220.07,0
45,1,EPE,AECI,1602871200,223.978,223.978,0
45,1,EPE,AECI,1604188800,214.945,214.945,0
45,1,EPE,AECI,1605506400,203.959,203.959,0
45,1,EPE,AECI,1606824000,198.83,198.83,0
45,1,EPE,AECI,1608141600,215.454,215.454,0
45,2,EPE,AECI,1577836800,234.425,229.494,8
45,2,EPE,AECI,1579154400,218.301,216.32,2
45,2,EPE,AECI,1580472000,183.572,189.855,2
45,2,EPE,AECI,1581789600,175.974,175.974,0
45,2,EPE,AECI,1583107200,205.077,215.916,4
45,2,EPE,AECI,1584424800,227.058,228.26,8
45,2,EPE,AECI,1585742400,156.607,175.019,4
45,2,EPE,AECI,1587060000,178.066,184.379,5
45,2,EPE,AECI,1588377600,180.025,195.06,4
45,2,EPE,AECI,1589695200,210.312,217.002,7
45,2,EPE,AECI,1591012800,210.028,219.539,8
45,2,EPE,AECI,1592330400,212.94,218.62,7
45,2,EPE,AECI,1593648000,216.999,210.543,4
45,2,EPE,AECI,1594965600,216.918,228.069,5
45,2,EPE,AECI,1596283200,232.82,225.461,6
45,2,EPE,AECI,1597600800,227.824,222.614,2
45,2,EPE,AECI,1598918400,231.156,221.022,5
45,2,EPE,AECI,1600236000,199.728,199.728,0
45,2,EPE,AECI,1601553600,223.841,234.765,4
45,2,EPE,AECI,1602871200,214.459,236.912,4
45,2,EPE,AECI,1604188800,232.975,228.189,4
45,2,EPE,AECI,1605506400,207.183,208.386,1
45,2,EPE,AECI,1606824000,211.792,208.024,2
45,2,EPE,AECI,1608141600,270.104,250.895,10
45,3,EPE,AECI,1577836800,202.093,202.093,0
45,3,EPE,AECI,1579154400,207.289,207.289,0
45,3,EPE,AECI,1580472000,181.633,189.855,2
45,3,EPE,AECI,1581789600,175.974,175.974,0
45,3,EPE,AECI,1583107200,202.541,202.541,0
45,3,EPE,AECI,1584424800,203.697,208.54,1
45,3,EPE,AECI,1585742400,164.337,175.019,4
45,3,EPE,AECI,1587060000,171.684,171.684,0
45,3,EPE,AECI,1588377600,183.602,183.602,0
45,3,EPE,AECI,1589695200,194.284,193.609,1
45,3,EPE,AECI,1591012800,160.117,200.346,1
45,3,EPE,AECI,1592330400,175.021,202.922,2
45,3,EPE,AECI,1593648000,198.016,198.016,0
45,3,EPE,AECI,1594965600,218.404,223.387,3
45,3,EPE,AECI,1596283200,198.916,209.351,1
45,3,EPE,AECI,1597600800,214.763,214.763,0
45,3,EPE,AECI,1598918400,223.752,216.536,3
45,3,EPE,AECI,1600236000,199.728,199.728,0
45,3,EPE,AECI,1601553600,202.253,225.219,1
45,3,EPE,AECI,1602871200,197.654,232.656,2
45,3,EPE,AECI,1604188800,214.945,214.945,0
45,3,EPE,AECI,1605506400,204.692,208.386,1
45,3,EPE,AECI,1606824000,213.575,208.024,2
45,3,EPE,AECI,1608141600,229.298,223.802,2
45,4,EPE,AECI,1577836800,202.093,202.093,0
45,4,EPE,AECI,1579154400,207.289,207.289,0
45,4,EPE,AECI,1580472000,181.504,181.504,0
45,4,EPE,AECI,1581789600,175.974,175.974,0
45,4,EPE,AECI,1583107200,202.541,202.541,0
45,4,EPE,AECI,1584424800,204.307,204.307,0
45,4,EPE,AECI,1585742400,152.609,171.887,2
45,4,EPE,AECI,1587060000,171.684,171.684,0
45,4,EPE,AECI,1588377600,183.602,183.602,0
45,4,EPE,AECI,1589695200,189.282,189.282,0
45,4,EPE,AECI,1591012800,195.852,195.852,0
45,4,EPE,AECI,1592330400,195.157,195.157,0
45,4,EPE,AECI,1593648000,198.016,198.016,0
45,4,EPE,AECI,1594965600,209.436,209.436,0
45,4,EPE,AECI,1596283200,204.715,204.715,0
45,4,EPE,AECI,1597600800,214.763,214.763,0
45,4,EPE,AECI,1598918400,203.471,203.471,0
45,4,EPE,AECI,1600236000,199.728,199.728,0
45,4,EPE,AECI,1601553600,220.07,220.07,0
45,4,EPE,AECI,1602871200,223.978,223.978,0
45,4,EPE,AECI,1604188800,214.945,214.945,0
45,4,EPE,AECI,1605506400,203.959,203.959,0
45,4,EPE,AECI,1606824000,198.83,198.83,0
45,4,EPE,AECI,1608141600,215.454,215.454,0
45,5,EPE,AECI,1577836800,240.344,234.147,9
45,5,EPE,AECI,1579154400,217.502,216.32,2
45,5,EPE,AECI,1580472000,183.177,189.855,2
45,5,EPE,AECI,1581789600,175.974,175.974,0
45,5,EPE,AECI,1583107200,210.384,220.424,5
45,5,EPE,AECI,1584424800,227.045,228.26,8
45,5,EPE,AECI,1585742400,155.645,175.019,4
45,5,EPE,AECI,1587060000,176.407,184.379,5
45,5,EPE,AECI,1588377600,178.784,195.06,4
45,5,EPE,AECI,1589695200,208.645,217.002,7
45,5,EPE,AECI,1591012800,199.291,215.727,6
45,5,EPE,AECI,1592330400,212.777,218.62,8
45,5,EPE,AECI,1593648000,215.707,210.543,4
45,5,EPE,AECI,1594965600,215.518,228.069,5
45,5,EPE,AECI,1596283200,218.199,217.727,4
45,5,EPE,AECI,1597600800,227.257,222.614,2
45,5,EPE,AECI,1598918400,237.152,225.468,6
45,5,EPE,AECI,1600236000,206.602,204.188,1
45,5,EPE,AECI,1601553600,223.437,234.765,4
45,5,EPE,AECI,1602871200,213.824,236.912,4
45,5,EPE,AECI,1604188800,232.059,228.189,4
45,5,EPE,AECI,1605506400,206.309,208.386,1
45,5,EPE,AECI,1606824000,211.615,208.024,2
45,5,EPE,AECI,1608141600,268.972,250.895,10
45,6,EPE,AECI,1577836800,202.093,202.093,0
45,6,EPE,AECI,1579154400,207.289,207.289,0
45,6,EPE,AECI,1580472000,181.504,181.504,0
45,6,EPE,AECI,1581789600,175.974,175.974,0
45,6,EPE,AECI,1583107200,202.541,202.541,0
45,6,EPE,AECI,1584424800,204.307,204.307,0
45,6,EPE,AECI,1585742400,136.882,168.307,1
45,6,EPE,AECI,1587060000,171.684,171.684,0
45,6,EPE,AECI,1588377600,183.602,183.602,0
45,6,EPE,AECI,1589695200,189.282,189.282,0
45,6,EPE,AECI,1591012800,160.117,200.346,1
45,6,EPE,AECI,1592330400,195.157,195.157,0
45,6,EPE,AECI,1593648000,198.016,198.016,0
45,6,EPE,AECI,1594965600,209.436,209.436,0
45,6,EPE,AECI,1596283200,204.715,204.715,0
45,6,EPE,AECI,1597600800,214.763,214.763,0
45,6,EPE,AECI,1598918400,203.471,203.471,0
45,6,EPE,AECI,1600236000,199.728,199.728,0
45,6,EPE,AECI,1601553600,206.703,225.219,1
45,6,EPE,AECI,1602871200,186.363,228.349,1
45,6,EPE,AECI,1604188800,214.945,214.945,0
45,6,EPE,AECI,1605506400,203.959,203.959,0
45,6,EPE,AECI,1606824000,198.83,198.83,0
45,6,EPE,AECI,1608141600,215.454,215.454,0
45,1,EPE,PSCO,1577836800,202.093,202.093,0
45,1,EPE,PSCO,1579154400,207.289,207.289,0
45,1,EPE,PSCO,1580472000,181.504,181.504,0
45,1,EPE,PSCO,1581789600,175.974,175.974,0
45,1,EPE,PSCO,1583107200,202.541,202.541,0
45,1,EPE,PSCO,1584424800,204.307,204.307,0
45,1,EPE,PSCO,1585742400,164.605,164.605,0
45,1,EPE,PSCO,1587060000,171.684,171.684,0
45,1,EPE,PSCO,1588377600,183.602,183.602,0
45,1,EPE,PSCO,1589695200,189.282,189.282,0
45,1,EPE,PSCO,1591012800,195.852,195.852,0
45,1,EPE,PSCO,1592330400,195.157,195.157,0
45,1,EPE,PSCO,1593648000,198.016,198.016,0
45,1,EPE,PSCO,1594965600,209.436,209.436,0
45,1,EPE,PSCO,1596283200,204.715,204.715,0
45,1,EPE,PSCO,1597600800,214.763,214.763,0
45,1,EPE,PSCO,1598918400,203.471,203.471,0
45,1,EPE,PSCO,1600236000,199.728,199.728,0
45,1,EPE,PSCO,1601553600,220.07,220.07,0
45,1,EPE,PSCO,1602871200,223.978,223.978,0
45,1,EPE,PSCO,1604188800,214.945,214.945,0
45,1,EPE,PSCO,1605506400,203.959,203.959,0
45,1,EPE,PSCO,1606824000,198.83,198.83,0
45,1,EPE,PSCO,1608141600,215.454,215.454,0
45,2,EPE,PSCO,1577836800,217.282,215.624,4
45,2,EPE,PSCO,1579154400,198.291,225.56,5
45,2,EPE,PSCO,1580472000,221.63,212.378,10
45,2,EPE,PSCO,1581789600,207.72,192.429,6
45,2,EPE,PSCO,1583107200,221.64,220.424,5
45,2,EPE,PSCO,1584424800,238.093,224.272,6
45,2,EPE,PSCO,1585742400,173.465,171.887,2
45,2,EPE,PSCO,1587060000,182.314,177.835,2
45,2,EPE,PSCO,1588377600,215.653,206.759,7
45,2,EPE,PSCO,1589695200,181.631,202.744,3
45,2,EPE,PSCO,1591012800,221.367,208.18,4
45,2,EPE,PSCO,1592330400,198.133,206.819,4
45,2,EPE,PSCO,1593648000,205.81,214.798,5
45,2,EPE,PSCO,1594965600,231.664,228.069,5
45,2,EPE,PSCO,1596283200,218.042,221.626,5
45,2,EPE,PSCO,1597600800,210.641,226.498,4
45,2,EPE,PSCO,1598918400,216.79,212.166,2
45,2,EPE,PSCO,1600236000,197.798,218.192,5
45,2,EPE,PSCO,1601553600,235.659,247.012,7
45,2,EPE,PSCO,1602871200,239.814,245.229,6
45,2,EPE,PSCO,1604188800,257.522,241.887,7
45,2,EPE,PSCO,1605506400,219.588,221.153,5
45,2,EPE,PSCO,1606824000,154.594,203.521,1
45,2,EPE,PSCO,1608141600,179.525,219.654,1
45,3,EPE,PSCO,1577836800,226.389,215.624,4
45,3,EPE,PSCO,1579154400,175.225,211.801,1
45,3,EPE,PSCO,1580472000,173.122,185.696,1
45,3,EPE,PSCO,1581789600,181.473,179.278,1
45,3,EPE,PSCO,1583107200,202.994,206.952,1
45,3,EPE,PSCO,1584424800,217.68,212.501,2
45,3,EPE,PSCO,1585742400,164.605,164.605,0
45,3,EPE,PSCO,1587060000,171.684,171.684,0
45,3,EPE,PSCO,1588377600,183.602,183.602,0
45,3,EPE,PSCO,1589695200,180.139,193.609,1
45,3,EPE,PSCO,1591012800,195.852,195.852,0
45,3,EPE,PSCO,1592330400,186.555,199.038,1
45,3,EPE,PSCO,1593648000,199.833,210.543,3
45,3,EPE,PSCO,1594965600,214.998,214.068,1
45,3,EPE,PSCO,1596283200,207.892,209.351,1
45,3,EPE,PSCO,1597600800,201.136,222.614,2
45,3,EPE,PSCO,1598918400,203.471,203.471,0
45,3,EPE,PSCO,1600236000,181.329,204.188,1
45,3,EPE,PSCO,1601553600,203.525,225.219,1
45,3,EPE,PSCO,1602871200,218.207,232.656,2
45,3,EPE,PSCO,1604188800,214.945,214.945,0
45,3,EPE,PSCO,1605506400,222.564,216.982,3
45,3,EPE,PSCO,1606824000,154.594,203.521,1
45,3,EPE,PSCO,1608141600,179.525,219.654,1
45,4,EPE,PSCO,1577836800,200.042,206.553,1
45,4,EPE,PSCO,1579154400,175.225,211.801,1
45,4,EPE,PSCO,1580472000,175.984,185.696,1
45,4,EPE,PSCO,1581789600,175.974,175.974,0
45,4,EPE,PSCO,1583107200,203.313,206.952,1
45,4,EPE,PSCO,1584424800,204.307,204.307,0
45,4,EPE,PSCO,1585742400,164.605,164.605,0
45,4,EPE,PSCO,1587060000,171.684,171.684,0
45,4,EPE,PSCO,1588377600,192.093,187.24,1
45,4,EPE,PSCO,1589695200,172.657,193.609,1
45,4,EPE,PSCO,1591012800,195.852,195.852,0
45,4,EPE,PSCO,1592330400,198.384,202.922,2
45,4,EPE,PSCO,1593648000,195.154,202.089,1
45,4,EPE,PSCO,1594965600,209.436,209.436,0
45,4,EPE,PSCO,1596283200,200.544,209.351,1
45,4,EPE,PSCO,1597600800,196.971,218.69,1
45,4,EPE,PSCO,1598918400,215.219,207.754,1
45,4,EPE,PSCO,1600236000,188.443,204.188,1
45,4,EPE,PSCO,1601553600,203.525,225.219,1
45,4,EPE,PSCO,1602871200,212.532,228.349,1
45,4,EPE,PSCO,1604188800,214.945,214.945,0
45,4,EPE,PSCO,1605506400,208.107,208.386,1
45,4,EPE,PSCO,1606824000,154.594,203.521,1
45,4,EPE,PSCO,1608141600,179.525,219.654,1
45,5,EPE,PSCO,1577836800,215.468,215.624,4
45,5,EPE,PSCO,1579154400,195.788,225.56,5
45,5,EPE,PSCO,1580472000,219.662,212.378,10
45,5,EPE,PSCO,1581789600,206.661,192.429,6
45,5,EPE,PSCO,1583107200,219.959,220.424,5
45,5,EPE,PSCO,1584424800,236.914,224.272,6
45,5,EPE,PSCO,1585742400,171.716,171.887,2
45,5,EPE,PSCO,1587060000,181.682,177.835,2
45,5,EPE,PSCO,1588377600,213.548,206.759,7
45,5,EPE,PSCO,1589695200,180.864,202.744,3
45,5,EPE,PSCO,1591012800,209.781,204.385,2
45,5,EPE,PSCO,1592330400,196.358,206.819,4
45,5,EPE,PSCO,1593648000,204.905,214.798,5
45,5,EPE,PSCO,1594965600,238.677,232.831,6
45,5,EPE,PSCO,1596283200,217.548,221.626,5
45,5,EPE,PSCO,1597600800,209.942,226.498,4
45,5,EPE,PSCO,1598918400,223.188,216.536,3
45,5,EPE,PSCO,1600236000,196.445,218.192,5
45,5,EPE,PSCO,1601553600,232.963,247.012,7
45,5,EPE,PSCO,1602871200,245.529,249.648,7
45,5,EPE,PSCO,1604188800,255.515,241.887,7
45,5,EPE,PSCO,1605506400,218.463,221.153,5
45,5,EPE,PSCO,1606824000,154.594,203.521,1
45,5,EPE,PSCO,1608141600,179.525,219.654,1
45,6,EPE,PSCO,1577836800,201.441,206.553,1
45,6,EPE,PSCO,1579154400,175.225,211.801,1
45,6,EPE,PSCO,1580472000,173.122,185.696,1
45,6,EPE,PSCO,1581789600,175.974,175.974,0
45,6,EPE,PSCO,1583107200,201.613,206.952,1
45,6,EPE,PSCO,1584424800,204.307,204.307,0
45,6,EPE,PSCO,1585742400,164.605,164.605,0
45,6,EPE,PSCO,1587060000,171.684,171.684,0
45,6,EPE,PSCO,1588377600,183.602,183.602,0
45,6,EPE,PSCO,1589695200,180.139,193.609,1
45,6,EPE,PSCO,1591012800,195.852,195.852,0
45,6,EPE,PSCO,1592330400,186.555,199.038,1
45,6,EPE,PSCO,1593648000,187.301,202.089,1
45,6,EPE,PSCO,1594965600,209.436,209.436,0
45,6,EPE,PSCO,1596283200,203.691,209.351,1
45,6,EPE,PSCO,1597600800,196.971,218.69,1
45,6,EPE,PSCO,1598918400,203.471,203.471,0
45,6,EPE,PSCO,1600236000,181.329,204.188,1
45,6,EPE,PSCO,1601553600,203.525,225.219,1
45,6,EPE,PSCO,1602871200,212.532,228.349,1
45,6,EPE,PSCO,1604188800,214.945,214.945,0
45,6,EPE,PSCO,1605506400,203.959,203.959,0
45,6,EPE,PSCO,1606824000,154.594,203.521,1
45,6,EPE,PSCO,1608141600,179.525,219.654,1
45,1,PACE,AECI,1577836800,222.045,222.045,0
45,1,PACE,AECI,1579154400,234.433,234.433,0
45,1,PACE,AECI,1580472000,198.311,198.311,0
45,1,PACE,AECI,1581789600,196.827,196.827,0
45,1,PACE,AECI,1583107200,208.975,208.975,0
45,1,PACE,AECI,1584424800,252.452,252.452,0
45,1,PACE,AECI,1585742400,225.822,225.822,0
45,1,PACE,AECI,1587060000,224.401,224.401,0
45,1,PACE,AECI,1588377600,195.688,195.688,0
45,1,PACE,AECI,1589695200,218.514,218.514,0
45,1,PACE,AECI,1591012800,230.978,230.978,0
45,1,PACE,AECI,1592330400,200.767,200.767,0
45,1,PACE,AECI,1593648000,211.4,211.4,0
45,1,PACE,AECI,1594965600,197.864,197.864,0
45,1,PACE,AECI,1596283200,232.915,232.915,0
45,1,PACE,AECI,1597600800,252.895,252.895,0
45,1,PACE,AECI,1598918400,239.903,239.903,0
45,1,PACE,AECI,1600236000,257.912,257.912,0
45,1,PACE,AECI,1601553600,250.583,250.583,0
45,1,PACE,AECI,1602871200,211.548,211.548,0
45,1,PACE,AECI,1604188800,258.098,258.098,0
45,1,PACE,AECI,1605506400,230.758,230.758,0
45,1,PACE,AECI,1606824000,241.036,241.036,0
45,1,PACE,AECI,1608141600,221.431,221.431,0
45,2,PACE,AECI,1577836800,198.125,236.183,3
45,2,PACE,AECI,1579154400,241.274,263.698,7
45,2,PACE,AECI,1580472000,205.024,211.457,4
45,2,PACE,AECI,1581789600,205.458,204.537,2
45,2,PACE,AECI,1583107200,201.761,221.906,4
45,2,PACE,AECI,1584424800,199.302,270.593,3
45,2,PACE,AECI,1585742400,138.747,230.918,1
45,2,PACE,AECI,1587060000,166.284,236.003,3
45,2,PACE,AECI,1588377600,177.452,210.827,5
45,2,PACE,AECI,1589695200,196.678,237.477,5
45,2,PACE,AECI,1591012800,177.728,246.236,3
45,2,PACE,AECI,1592330400,175.717,214.535,3
45,2,PACE,AECI,1593648000,217.48,230.938,5
45,2,PACE,AECI,1594965600,224.613,228.055,7
45,2,PACE,AECI,1596283200,239.186,260.232,8
45,2,PACE,AECI,1597600800,296.883,297.063,12
45,2,PACE,AECI,1598918400,216.858,258.417,5
45,2,PACE,AECI,1600236000,252.233,279.839,5
45,2,PACE,AECI,1601553600,226.33,273.297,5
45,2,PACE,AECI,1602871200,202.596,222.582,4
45,2,PACE,AECI,1604188800,262.533,278.93,5
45,2,PACE,AECI,1605506400,235.865,244.598,3
45,2,PACE,AECI,1606824000,250.04,265.331,6
45,2,PACE,AECI,1608141600,254.111,250.853,7
45,3,PACE,AECI,1577836800,204.45,236.183,3
45,3,PACE,AECI,1579154400,228.834,249.287,3
45,3,PACE,AECI,1580472000,189.874,202.703,1
45,3,PACE,AECI,1581789600,196.827,196.827,0
45,3,PACE,AECI,1583107200,208.975,208.975,0
45,3,PACE,AECI,1584424800,183.441,258.582,1
45,3,PACE,AECI,1585742400,138.747,230.918,1
45,3,PACE,AECI,1587060000,153.782,228.312,1
45,3,PACE,AECI,1588377600,196.049,202.184,2
45,3,PACE,AECI,1589695200,181.586,232.838,3
45,3,PACE,AECI,1591012800,161.33,236.311,1
45,3,PACE,AECI,1592330400,164.65,205.289,1
45,3,PACE,AECI,1593648000,211.4,211.4,0
45,3,PACE,AECI,1594965600,191.528,203.144,1
45,3,PACE,AECI,1596283200,190.224,238.256,1
45,3,PACE,AECI,1597600800,245.77,272.218,5
45,3,PACE,AECI,1598918400,205.624,253.583,3
45,3,PACE,AECI,1600236000,237.512,274.142,3
45,3,PACE,AECI,1601553600,193.237,256.736,1
45,3,PACE,AECI,1602871200,222.038,222.582,4
45,3,PACE,AECI,1604188800,268.713,273.673,3
45,3,PACE,AECI,1605506400,226.53,235.265,1
45,3,PACE,AECI,1606824000,257.038,265.331,6
45,3,PACE,AECI,1608141600,209.835,226.347,1
45,4,PACE,AECI,1577836800,180.263,226.717,1
45,4,PACE,AECI,1579154400,194.803,239.487,1
45,4,PACE,AECI,1580472000,200.486,202.703,1
45,4,PACE,AECI,1581789600,203.638,200.732,1
45,4,PACE,AECI,1583107200,208.975,208.975,0
45,4,PACE,AECI,1584424800,183.441,258.582,1
45,4,PACE,AECI,1585742400,138.747,230.918,1
45,4,PACE,AECI,1587060000,153.782,228.312,1
45,4,PACE,AECI,1588377600,174.788,202.184,2
45,4,PACE,AECI,1589695200,167.898,223.55,1
45,4,PACE,AECI,1591012800,161.33,236.311,1
45,4,PACE,AECI,1592330400,178.837,205.289,1
45,4,PACE,AECI,1593648000,211.4,211.4,0
45,4,PACE,AECI,1594965600,197.864,197.864,0
45,4,PACE,AECI,1596283200,213.933,238.256,1
45,4,PACE,AECI,1597600800,252.895,252.895,0
45,4,PACE,AECI,1598918400,188.662,244.161,1
45,4,PACE,AECI,1600236000,257.912,257.912,0
45,4,PACE,AECI,1601553600,219.752,256.736,1
45,4,PACE,AECI,1602871200,211.548,211.548,0
45,4,PACE,AECI,1604188800,258.098,258.098,0
45,4,PACE,AECI,1605506400,230.758,230.758,0
45,4,PACE,AECI,1606824000,241.036,241.036,0
45,4,PACE,AECI,1608141600,221.431,221.431,0
45,5,PACE,AECI,1577836800,196.648,236.183,3
45,5,PACE,AECI,1579154400,240.364,263.698,7
45,5,PACE,AECI,1580472000,203.322,211.457,4
45,5,PACE,AECI,1581789600,204.715,204.537,2
45,5,PACE,AECI,1583107200,208.433,226.293,5
45,5,PACE,AECI,1584424800,198.021,270.593,3
45,5,PACE,AECI,1585742400,138.747,230.918,1
45,5,PACE,AECI,1587060000,165.616,236.003,3
45,5,PACE,AECI,1588377600,175.033,210.827,5
45,5,PACE,AECI,1589695200,194.526,237.477,5
45,5,PACE,AECI,1591012800,176.982,246.236,3
45,5,PACE,AECI,1592330400,172.664,214.535,3
45,5,PACE,AECI,1593648000,213.535,230.938,5
45,5,PACE,AECI,1594965600,222.008,228.055,7
45,5,PACE,AECI,1596283200,245.589,264.782,9
45,5,PACE,AECI,1597600800,295.06,297.063,12
45,5,PACE,AECI,1598918400,216.018,258.417,5
45,5,PACE,AECI,1600236000,250.753,279.839,5
45,5,PACE,AECI,1601553600,231.968,277.847,6
45,5,PACE,AECI,1602871200,201.41,222.582,4
45,5,PACE,AECI,1604188800,260.477,278.93,5
45,5,PACE,AECI,1605506400,233.776,244.598,3
45,5,PACE,AECI,1606824000,249.668,265.331,6
45,5,PACE,AECI,1608141600,255.46,250.853,8
45,6,PACE,AECI,1577836800,179.11,226.717,1
45,6,PACE,AECI,1579154400,234.433,234.433,0
45,6,PACE,AECI,1580472000,187.617,202.703,1
45,6,PACE,AECI,1581789600,196.827,196.827,0
45,6,PACE,AECI,1583107200,208.975,208.975,0
45,6,PACE,AECI,1584424800,183.441,258.582,1
45,6,PACE,AECI,1585742400,138.747,230.918,1
45,6,PACE,AECI,1587060000,153.782,228.312,1
45,6,PACE,AECI,1588377600,195.688,195.688,0
45,6,PACE,AECI,1589695200,167.898,223.55,1
45,6,PACE,AECI,1591012800,161.33,236.311,1
45,6,PACE,AECI,1592330400,164.65,205.289,1
45,6,PACE,AECI,1593648000,211.4,211.4,0
45,6,PACE,AECI,1594965600,197.864,197.864,0
45,6,PACE,AECI,1596283200,190.224,238.256,1
45,6,PACE,AECI,1597600800,252.895,252.895,0
45,6,PACE,AECI,1598918400,188.662,244.161,1
45,6,PACE,AECI,1600236000,257.912,257.912,0
45,6,PACE,AECI,1601553600,193.237,256.736,1
45,6,PACE,AECI,1602871200,211.548,211.548,0
45,6,PACE,AECI,1604188800,258.098,258.098,0
45,6,PACE,AECI,1605506400,230.758,230.758,0
45,6,PACE,AECI,1606824000,241.036,241.036,0
45,6,PACE,AECI,1608141600,221.431,221.431,0
45,1,PACE,PSCO,1577836800,222.045,222.045,0
45,1,PACE,PSCO,1579154400,234.433,234.433,0
45,1,PACE,PSCO,1580472000,198.311,198.311,0
45,1,PACE,PSCO,1581789600,196.827,196.827,0
45,1,PACE,PSCO,1583107200,208.975,208.975,0
45,1,PACE,PSCO,1584424800,252.452,252.452,0
45,1,PACE,PSCO,1585742400,225.822,225.822,0
45,1,PACE,PSCO,1587060000,224.401,224.401,0
45,1,PACE,PSCO,1588377600,195.688,195.688,0
45,1,PACE,PSCO,1589695200,218.514,218.514,0
45,1,PACE,PSCO,1591012800,230.978,230.978,0
45,1,PACE,PSCO,1592330400,200.767,200.767,0
45,1,PACE,PSCO,1593648000,211.4,211.4,0
45,1,PACE,PSCO,1594965600,197.864,197.864,0
45,1,PACE,PSCO,1596283200,232.915,232.915,0
45,1,PACE,PSCO,1597600800,252.895,252.895,0
45,1,PACE,PSCO,1598918400,239.903,239.903,0
45,1,PACE,PSCO,1600236000,257.912,257.912,0
45,1,PACE,PSCO,1601553600,250.583,250.583,0
45,1,PACE,PSCO,1602871200,211.548,211.548,0
45,1,PACE,PSCO,1604188800,258.098,258.098,0
45,1,PACE,PSCO,1605506400,230.758,230.758,0
45,1,PACE,PSCO,1606824000,241.036,241.036,0
45,1,PACE,PSCO,1608141600,221.431,221.431,0
45,2,PACE,PSCO,1577836800,253.877,251.238,7
45,2,PACE,PSCO,1579154400,216.081,263.698,7
45,2,PACE,PSCO,1580472000,195.166,215.735,5
45,2,PACE,PSCO,1581789600,217.511,212.058,5
45,2,PACE,PSCO,1583107200,259.286,244.249,10
45,2,PACE,PSCO,1584424800,246.809,270.593,3
45,2,PACE,PSCO,1585742400,237.148,249.246,6
45,2,PACE,PSCO,1587060000,265.117,253.462,9
45,2,PACE,PSCO,1588377600,211.662,219.363,7
45,2,PACE,PSCO,1589695200,189.623,232.838,3
45,2,PACE,PSCO,1591012800,238.073,246.236,3
45,2,PACE,PSCO,1592330400,184.07,214.535,3
45,2,PACE,PSCO,1593648000,202.278,230.938,5
45,2,PACE,PSCO,1594965600,261.961,238.067,10
45,2,PACE,PSCO,1596283200,229.395,251.782,5
45,2,PACE,PSCO,1597600800,198.377,257.798,1
45,2,PACE,PSCO,1598918400,276.753,267.98,7
45,2,PACE,PSCO,1600236000,183.769,263.157,1
45,2,PACE,PSCO,1601553600,229.771,273.297,5
45,2,PACE,PSCO,1602871200,215.422,222.582,4
45,2,PACE,PSCO,1604188800,250.662,273.673,3
45,2,PACE,PSCO,1605506400,229.755,249.421,5
45,2,PACE,PSCO,1606824000,156.659,246.095,1
45,2,PACE,PSCO,1608141600,180.015,226.347,1
45,3,PACE,PSCO,1577836800,217.07,231.404,2
45,3,PACE,PSCO,1579154400,177.476,239.487,1
45,3,PACE,PSCO,1580472000,173.489,202.703,1
45,3,PACE,PSCO,1581789600,201.727,200.732,1
45,3,PACE,PSCO,1583107200,216.645,221.906,3
45,3,PACE,PSCO,1584424800,229.931,258.582,1
45,3,PACE,PSCO,1585742400,204.922,230.918,1
45,3,PACE,PSCO,1587060000,225.297,232.124,2
45,3,PACE,PSCO,1588377600,200.845,206.522,3
45,3,PACE,PSCO,1589695200,181.882,223.55,1
45,3,PACE,PSCO,1591012800,230.349,236.311,1
45,3,PACE,PSCO,1592330400,186.154,205.289,1
45,3,PACE,PSCO,1593648000,199.218,225.845,3
45,3,PACE,PSCO,1594965600,203.358,203.144,1
45,3,PACE,PSCO,1596283200,209.351,238.256,1
45,3,PACE,PSCO,1597600800,198.377,257.798,1
45,3,PACE,PSCO,1598918400,257.654,253.583,3
45,3,PACE,PSCO,1600236000,183.769,263.157,1
45,3,PACE,PSCO,1601553600,205.636,256.736,1
45,3,PACE,PSCO,1602871200,216.41,218.893,2
45,3,PACE,PSCO,1604188800,235.91,263.29,1
45,3,PACE,PSCO,1605506400,210.458,235.265,1
45,3,PACE,PSCO,1606824000,156.659,246.095,1
45,3,PACE,PSCO,1608141600,180.015,226.347,1
45,4,PACE,PSCO,1577836800,212.267,226.717,1
45,4,PACE,PSCO,1579154400,177.476,239.487,1
45,4,PACE,PSCO,1580472000,173.489,202.703,1
45,4,PACE,PSCO,1581789600,192.703,200.732,1
45,4,PACE,PSCO,1583107200,205.291,213.105,1
45,4,PACE,PSCO,1584424800,230.75,258.582,1
45,4,PACE,PSCO,1585742400,204.922,230.918,1
45,4,PACE,PSCO,1587060000,224.401,224.401,0
45,4,PACE,PSCO,1588377600,191.705,198.668,1
45,4,PACE,PSCO,1589695200,182.66,223.55,1
45,4,PACE,PSCO,1591012800,223.164,236.311,1
45,4,PACE,PSCO,1592330400,193.381,205.289,1
45,4,PACE,PSCO,1593648000,186.173,215.96,1
45,4,PACE,PSCO,1594965600,197.864,197.864,0
45,4,PACE,PSCO,1596283200,205.203,238.256,1
45,4,PACE,PSCO,1597600800,198.377,257.798,1
45,4,PACE,PSCO,1598918400,255.423,244.161,1
45,4,PACE,PSCO,1600236000,183.769,263.157,1
45,4,PACE,PSCO,1601553600,205.636,256.736,1
45,4,PACE,PSCO,1602871200,211.548,211.548,0
45,4,PACE,PSCO,1604188800,235.91,263.29,1
45,4,PACE,PSCO,1605506400,210.458,235.265,1
45,4,PACE,PSCO,1606824000,156.659,246.095,1
45,4,PACE,PSCO,1608141600,180.015,226.347,1
45,5,PACE,PSCO,1577836800,251.525,251.238,7
45,5,PACE,PSCO,1579154400,214.126,263.698,7
45,5,PACE,PSCO,1580472000,200.201,219.423,6
45,5,PACE,PSCO,1581789600,222.16,215.789,6
45,5,PACE,PSCO,1583107200,256.273,244.249,10
45,5,PACE,PSCO,1584424800,246.129,270.593,3
45,5,PACE,PSCO,1585742400,234.614,249.246,6
45,5,PACE,PSCO,1587060000,263.171,253.462,9
45,5,PACE,PSCO,1588377600,209.515,219.363,7
45,5,PACE,PSCO,1589695200,188.298,232.838,3
45,5,PACE,PSCO,1591012800,240.794,246.236,4
45,5,PACE,PSCO,1592330400,182.421,214.535,3
45,5,PACE,PSCO,1593648000,200.636,230.938,5
45,5,PACE,PSCO,1594965600,258.603,238.067,10
45,5,PACE,PSCO,1596283200,228.831,251.782,5
45,5,PACE,PSCO,1597600800,198.377,257.798,1
45,5,PACE,PSCO,1598918400,275.505,267.98,7
45,5,PACE,PSCO,1600236000,183.769,263.157,1
45,5,PACE,PSCO,1601553600,227.555,273.297,5
45,5,PACE,PSCO,1602871200,213.503,222.582,4
45,5,PACE,PSCO,1604188800,249.956,273.673,3
45,5,PACE,PSCO,1605506400,228.674,249.421,5
45,5,PACE,PSCO,1606824000,156.659,246.095,1
45,5,PACE,PSCO,1608141600,180.015,226.347,1
45,6,PACE,PSCO,1577836800,210.434,226.717,1
45,6,PACE,PSCO,1579154400,177.476,239.487,1
45,6,PACE,PSCO,1580472000,173.489,202.703,1
45,6,PACE,PSCO,1581789600,196.305,200.732,1
45,6,PACE,PSCO,1583107200,205.291,213.105,1
45,6,PACE,PSCO,1584424800,229.931,258.582,1
45,6,PACE,PSCO,1585742400,204.922,230.918,1
45,6,PACE,PSCO,1587060000,219.098,228.312,1
45,6,PACE,PSCO,1588377600,191.706,202.184,2
45,6,PACE,PSCO,1589695200,181.882,223.55,1
45,6,PACE,PSCO,1591012800,230.349,236.311,1
45,6,PACE,PSCO,1592330400,186.154,205.289,1
45,6,PACE,PSCO,1593648000,186.173,215.96,1
45,6,PACE,PSCO,1594965600,197.864,197.864,0
45,6,PACE,PSCO,1596283200,209.351,238.256,1
45,6,PACE,PSCO,1597600800,198.377,257.798,1
45,6,PACE,PSCO,1598918400,239.903,239.903,0
45,6,PACE,PSCO,1600236000,183.769,263.157,1
45,6,PACE,PSCO,1601553600,205.636,256.736,1
45,6,PACE,PSCO,1602871200,211.548,211.548,0
45,6,PACE,PSCO,1604188800,235.91,263.29,1
45,6,PACE,PSCO,1605506400,210.458,235.265,1
45,6,PACE,PSCO,1606824000,156.659,246.095,1
45,6,PACE,PSCO,1608141600,180.015,226.347,1
45,1,PSCO,EPE,1577836800,201.806,201.806,0
45,1,PSCO,EPE,1579154400,168.095,168.095,0
45,1,PSCO,EPE,1580472000,165.819,165.819,0
45,1,PSCO,EPE,1581789600,208.599,208.599,0
45,1,PSCO,EPE,1583107200,195.56,195.56,0
45,1,PSCO,EPE,1584424800,221.046,221.046,0
45,1,PSCO,EPE,1585742400,196.694,196.694,0
45,1,PSCO,EPE,1587060000,211.329,211.329,0
45,1,PSCO,EPE,1588377600,184.057,184.057,0
45,1,PSCO,EPE,1589695200,174.63,174.63,0
45,1,PSCO,EPE,1591012800,220.905,220.905,0
45,1,PSCO,EPE,1592330400,179.992,179.992,0
45,1,PSCO,EPE,1593648000,180.132,180.132,0
45,1,PSCO,EPE,1594965600,212.921,212.921,0
45,1,PSCO,EPE,1596283200,202.105,202.105,0
45,1,PSCO,EPE,1597600800,189.709,189.709,0
45,1,PSCO,EPE,1598918400,234.795,234.795,0
45,1,PSCO,EPE,1600236000,174.02,174.02,0
45,1,PSCO,EPE,1601553600,195.176,195.176,0
45,1,PSCO,EPE,1602871200,202.804,202.804,0
45,1,PSCO,EPE,1604188800,225.924,225.924,0
45,1,PSCO,EPE,1605506400,203.332,203.332,0
45,1,PSCO,EPE,1606824000,147.36,147.36,0
45,1,PSCO,EPE,1608141600,172.796,172.796,0
45,2,PSCO,EPE,1577836800,225.11,221.495,5
45,2,PSCO,EPE,1579154400,190.976,178.081,4
45,2,PSCO,EPE,1580472000,214.318,192.83,9
45,2,PSCO,EPE,1581789600,216.163,230.456,7
45,2,PSCO,EPE,1583107200,214.317,206.286,4
45,2,PSCO,EPE,1584424800,247.363,247.667,7
45,2,PSCO,EPE,1585742400,181.299,211.141,3
45,2,PSCO,EPE,1587060000,190.142,224.553,3
45,2,PSCO,EPE,1588377600,209.558,200.899,6
45,2,PSCO,EPE,1589695200,186.001,182.738,4
45,2,PSCO,EPE,1591012800,217.832,234.411,3
45,2,PSCO,EPE,1592330400,195.196,191.839,3
45,2,PSCO,EPE,1593648000,198.354,191.568,4
45,2,PSCO,EPE,1594965600,223.167,224.05,4
45,2,PSCO,EPE,1596283200,225.851,217.589,6
45,2,PSCO,EPE,1597600800,218.486,208.231,5
45,2,PSCO,EPE,1598918400,208.418,239.606,1
45,2,PSCO,EPE,1600236000,190.419,183.477,4
45,2,PSCO,EPE,1601553600,227.609,212.134,6
45,2,PSCO,EPE,1602871200,231.24,222.549,5
45,2,PSCO,EPE,1604188800,250.057,246.809,6
45,2,PSCO,EPE,1605506400,213.12,212.167,4
45,2,PSCO,EPE,1606824000,147.36,147.36,0
45,2,PSCO,EPE,1608141600,172.796,172.796,0
45,3,PSCO,EPE,1577836800,208.165,206.834,1
45,3,PSCO,EPE,1579154400,168.095,168.095,0
45,3,PSCO,EPE,1580472000,165.819,165.819,0
45,3,PSCO,EPE,1581789600,195.002,218.69,3
45,3,PSCO,EPE,1583107200,195.56,195.56,0
45,3,PSCO,EPE,1584424800,226.6,234.046,3
45,3,PSCO,EPE,1585742400,173.009,201.473,1
45,3,PSCO,EPE,1587060000,179.296,215.845,1
45,3,PSCO,EPE,1588377600,195.761,190.648,2
45,3,PSCO,EPE,1589695200,174.63,174.63,0
45,3,PSCO,EPE,1591012800,203.775,225.601,1
45,3,PSCO,EPE,1592330400,179.992,179.992,0
45,3,PSCO,EPE,1593648000,192.715,187.687,2
45,3,PSCO,EPE,1594965600,221.788,220.093,2
45,3,PSCO,EPE,1596283200,202.105,202.105,0
45,3,PSCO,EPE,1597600800,194.552,194.312,1
45,3,PSCO,EPE,1598918400,209.227,239.606,1
45,3,PSCO,EPE,1600236000,174.02,174.02,0
45,3,PSCO,EPE,1601553600,195.176,195.176,0
45,3,PSCO,EPE,1602871200,207.989,208.122,1
45,3,PSCO,EPE,1604188800,222.233,230.317,1
45,3,PSCO,EPE,1605506400,216.029,209.248,2
45,3,PSCO,EPE,1606824000,147.36,147.36,0
45,3,PSCO,EPE,1608141600,172.796,172.796,0
45,4,PSCO,EPE,1577836800,208.156,211.739,2
45,4,PSCO,EPE,1579154400,168.095,168.095,0
45,4,PSCO,EPE,1580472000,165.819,165.819,0
45,4,PSCO,EPE,1581789600,183.968,211.871,1
45,4,PSCO,EPE,1583107200,195.56,195.56,0
45,4,PSCO,EPE,1584424800,216.88,225.4,1
45,4,PSCO,EPE,1585742400,178.397,201.473,1
45,4,PSCO,EPE,1587060000,179.296,215.845,1
45,4,PSCO,EPE,1588377600,184.057,184.057,0
45,4,PSCO,EPE,1589695200,174.63,174.63,0
45,4,PSCO,EPE,1591012800,203.775,225.601,1
45,4,PSCO,EPE,1592330400,186.539,183.617,1
45,4,PSCO,EPE,1593648000,180.132,180.132,0
45,4,PSCO,EPE,1594965600,212.921,212.921,0
45,4,PSCO,EPE,1596283200,202.105,202.105,0
45,4,PSCO,EPE,1597600800,189.709,189.709,0
45,4,PSCO,EPE,1598918400,221.131,244.046,2
45,4,PSCO,EPE,1600236000,174.02,174.02,0
45,4,PSCO,EPE,1601553600,195.176,195.176,0
45,4,PSCO,EPE,1602871200,202.804,202.804,0
45,4,PSCO,EPE,1604188800,220.114,230.317,1
45,4,PSCO,EPE,1605506400,203.332,203.332,0
45,4,PSCO,EPE,1606824000,147.36,147.36,0
45,4,PSCO,EPE,1608141600,172.796,172.796,0
45,5,PSCO,EPE,1577836800,223.296,221.495,5
45,5,PSCO,EPE,1579154400,188.474,178.081,4
45,5,PSCO,EPE,1580472000,212.35,192.83,9
45,5,PSCO,EPE,1581789600,215.105,230.456,7
45,5,PSCO,EPE,1583107200,212.637,206.286,4
45,5,PSCO,EPE,1584424800,246.183,247.667,7
45,5,PSCO,EPE,1585742400,179.55,211.141,3
45,5,PSCO,EPE,1587060000,189.511,224.553,3
45,5,PSCO,EPE,1588377600,207.453,200.899,6
45,5,PSCO,EPE,1589695200,185.234,182.738,4
45,5,PSCO,EPE,1591012800,217.006,234.411,3
45,5,PSCO,EPE,1592330400,193.42,191.839,3
45,5,PSCO,EPE,1593648000,197.449,191.568,4
45,5,PSCO,EPE,1594965600,222.133,224.05,4
45,5,PSCO,EPE,1596283200,225.357,217.589,6
45,5,PSCO,EPE,1597600800,217.788,208.231,5
45,5,PSCO,EPE,1598918400,207.852,239.606,1
45,5,PSCO,EPE,1600236000,189.066,183.477,4
45,5,PSCO,EPE,1601553600,224.914,212.134,6
45,5,PSCO,EPE,1602871200,230.042,222.549,5
45,5,PSCO,EPE,1604188800,248.049,246.809,6
45,5,PSCO,EPE,1605506400,211.995,212.167,4
45,5,PSCO,EPE,1606824000,147.36,147.36,0
45,5,PSCO,EPE,1608141600,172.796,172.796,0
45,6,PSCO,EPE,1577836800,201.806,201.806,0
45,6,PSCO,EPE,1579154400,168.095,168.095,0
45,6,PSCO,EPE,1580472000,165.819,165.819,0
45,6,PSCO,EPE,1581789600,183.968,211.871,1
45,6,PSCO,EPE,1583107200,195.56,195.56,0
45,6,PSCO,EPE,1584424800,213.821,225.4,1
45,6,PSCO,EPE,1585742400,173.009,201.473,1
45,6,PSCO,EPE,1587060000,179.296,215.845,1
45,6,PSCO,EPE,1588377600,183.768,187.407,1
45,6,PSCO,EPE,1589695200,174.63,174.63,0
45,6,PSCO,EPE,1591012800,203.775,225.601,1
45,6,PSCO,EPE,1592330400,179.992,179.992,0
45,6,PSCO,EPE,1593648000,180.132,180.132,0
45,6,PSCO,EPE,1594965600,212.409,216.392,1
45,6,PSCO,EPE,1596283200,202.105,202.105,0
45,6,PSCO,EPE,1597600800,189.709,189.709,0
45,6,PSCO,EPE,1598918400,209.227,239.606,1
45,6,PSCO,EPE,1600236000,174.02,174.02,0
45,6,PSCO,EPE,1601553600,195.176,195.176,0
45,6,PSCO,EPE,1602871200,202.804,202.804,0
45,6,PSCO,EPE,1604188800,222.233,230.317,1
45,6,PSCO,EPE,1605506400,203.332,203.332,0
45,6,PSCO,EPE,1606824000,147.36,147.36,0
45,6,PSCO,EPE,1608141600,172.796,172.796,0
45,1,PSCO,PACE,1577836800,201.806,201.806,0
45,1,PSCO,PACE,1579154400,168.095,168.095,0
45,1,PSCO,PACE,1580472000,165.819,165.819,0
45,1,PSCO,PACE,1581789600,208.599,208.599,0
45,1,PSCO,PACE,1583107200,195.56,195.56,0
45,1,PSCO,PACE,1584424800,221.046,221.046,0
45,1,PSCO,PACE,1585742400,196.694,196.694,0
45,1,PSCO,PACE,1587060000,211.329,211.329,0
45,1,PSCO,PACE,1588377600,184.057,184.057,0
45,1,PSCO,PACE,1589695200,174.63,174.63,0
45,1,PSCO,PACE,1591012800,220.905,220.905,0
45,1,PSCO,PACE,1592330400,179.992,179.992,0
45,1,PSCO,PACE,1593648000,180.132,180.132,0
45,1,PSCO,PACE,1594965600,212.921,212.921,0
45,1,PSCO,PACE,1596283200,202.105,202.105,0
45,1,PSCO,PACE,1597600800,189.709,189.709,0
45,1,PSCO,PACE,1598918400,234.795,234.795,0
45,1,PSCO,PACE,1600236000,174.02,174.02,0
45,1,PSCO,PACE,1601553600,195.176,195.176,0
45,1,PSCO,PACE,1602871200,202.804,202.804,0
45,1,PSCO,PACE,1604188800,225.924,225.924,0
45,1,PSCO,PACE,1605506400,203.332,203.332,0
45,1,PSCO,PACE,1606824000,147.36,147.36,0
45,1,PSCO,PACE,1608141600,172.796,172.796,0
45,2,PSCO,PACE,1577836800,245.437,226.356,6
45,2,PSCO,PACE,1579154400,205.645,185.398,6
45,2,PSCO,PACE,1580472000,187.246,176.411,4
45,2,PSCO,PACE,1581789600,232.921,230.456,7
45,2,PSCO,PACE,1583107200,240.745,218.226,8
45,2,PSCO,PACE,1584424800,237.959,229.727,2
45,2,PSCO,PACE,1585742400,244.649,225.517,7
45,2,PSCO,PACE,1587060000,257.342,237.395,8
45,2,PSCO,PACE,1588377600,203.966,200.899,6
45,2,PSCO,PACE,1589695200,182.215,179.956,2
45,2,PSCO,PACE,1591012800,228.901,229.987,2
45,2,PSCO,PACE,1592330400,186.963,191.839,4
45,2,PSCO,PACE,1593648000,208.911,199.2,6
45,2,PSCO,PACE,1594965600,253.983,244.07,9
45,2,PSCO,PACE,1596283200,222.075,211.388,4
45,2,PSCO,PACE,1597600800,189.709,189.709,0
45,2,PSCO,PACE,1598918400,268.159,254.325,6
45,2,PSCO,PACE,1600236000,174.02,174.02,0
45,2,PSCO,PACE,1601553600,219.639,205.613,4
45,2,PSCO,PACE,1602871200,211.639,217.966,3
45,2,PSCO,PACE,1604188800,240.764,234.575,2
45,2,PSCO,PACE,1605506400,222.608,212.167,4
45,2,PSCO,PACE,1606824000,147.36,147.36,0
45,2,PSCO,PACE,1608141600,172.796,172.796,0
45,3,PSCO,PACE,1577836800,208.399,206.834,1
45,3,PSCO,PACE,1579154400,168.095,168.095,0
45,3,PSCO,PACE,1580472000,165.819,165.819,0
45,3,PSCO,PACE,1581789600,210.188,215.208,2
45,3,PSCO,PACE,1583107200,207.716,202.871,2
45,3,PSCO,PACE,1584424800,221.046,221.046,0
45,3,PSCO,PACE,1585742400,196.694,196.694,0
45,3,PSCO,PACE,1587060000,217.891,215.845,1
45,3,PSCO,PACE,1588377600,187.117,187.407,1
45,3,PSCO,PACE,1589695200,174.63,174.63,0
45,3,PSCO,PACE,1591012800,220.905,220.905,0
45,3,PSCO,PACE,1592330400,179.992,179.992,0
45,3,PSCO,PACE,1593648000,192.569,187.687,2
45,3,PSCO,PACE,1594965600,210.93,220.093,2
45,3,PSCO,PACE,1596283200,202.105,202.105,0
45,3,PSCO,PACE,1597600800,189.709,189.709,0
45,3,PSCO,PACE,1598918400,239.668,239.606,1
45,3,PSCO,PACE,1600236000,174.02,174.02,0
45,3,PSCO,PACE,1601553600,195.176,195.176,0
45,3,PSCO,PACE,1602871200,221.278,217.966,3
45,3,PSCO,PACE,1604188800,225.924,225.924,0
45,3,PSCO,PACE,1605506400,203.332,203.332,0
45,3,PSCO,PACE,1606824000,147.36,147.36,0
45,3,PSCO,PACE,1608141600,172.796,172.796,0
45,4,PSCO,PACE,1577836800,201.806,201.806,0
45,4,PSCO,PACE,1579154400,168.095,168.095,0
45,4,PSCO,PACE,1580472000,165.819,165.819,0
45,4,PSCO,PACE,1581789600,200.46,215.208,2
45,4,PSCO,PACE,1583107200,195.56,195.56,0
45,4,PSCO,PACE,1584424800,221.046,221.046,0
45,4,PSCO,PACE,1585742400,196.694,196.694,0
45,4,PSCO,PACE,1587060000,211.329,211.329,0
45,4,PSCO,PACE,1588377600,184.057,184.057,0
45,4,PSCO,PACE,1589695200,174.63,174.63,0
45,4,PSCO,PACE,1591012800,220.905,220.905,0
45,4,PSCO,PACE,1592330400,179.992,179.992,0
45,4,PSCO,PACE,1593648000,180.132,180.132,0
45,4,PSCO,PACE,1594965600,206.256,216.392,1
45,4,PSCO,PACE,1596283200,202.105,202.105,0
45,4,PSCO,PACE,1597600800,189.709,189.709,0
45,4,PSCO,PACE,1598918400,234.795,234.795,0
45,4,PSCO,PACE,1600236000,174.02,174.02,0
45,4,PSCO,PACE,1601553600,195.176,195.176,0
45,4,PSCO,PACE,1602871200,202.804,202.804,0
45,4,PSCO,PACE,1604188800,225.924,225.924,0
45,4,PSCO,PACE,1605506400,203.332,203.332,0
45,4,PSCO,PACE,1606824000,147.36,147.36,0
45,4,PSCO,PACE,1608141600,172.796,172.796,0
45,5,PSCO,PACE,1577836800,243.085,226.356,6
45,5,PSCO,PACE,1579154400,203.69,185.398,6
45,5,PSCO,PACE,1580472000,185.798,176.411,4
45,5,PSCO,PACE,1581789600,233.905,230.456,8
45,5,PSCO,PACE,1583107200,245.926,222.908,9
45,5,PSCO,PACE,1584424800,237.279,229.727,2
45,5,PSCO,PACE,1585742400,227.016,215.929,5
45,5,PSCO,PACE,1587060000,255.397,237.395,8
45,5,PSCO,PACE,1588377600,201.819,200.899,6
45,5,PSCO,PACE,1589695200,180.89,179.956,2
45,5,PSCO,PACE,1591012800,228.304,229.987,2
45,5,PSCO,PACE,1592330400,185.315,191.839,4
45,5,PSCO,PACE,1593648000,194.308,191.568,4
45,5,PSCO,PACE,1594965600,250.625,244.07,9
45,5,PSCO,PACE,1596283200,221.511,211.388,4
45,5,PSCO,PACE,1597600800,189.709,189.709,0
45,5,PSCO,PACE,1598918400,266.91,254.325,6
45,5,PSCO,PACE,1600236000,174.02,174.02,0
45,5,PSCO,PACE,1601553600,217.423,205.613,4
45,5,PSCO,PACE,1602871200,209.72,217.966,3
45,5,PSCO,PACE,1604188800,240.058,234.575,2
45,5,PSCO,PACE,1605506400,221.527,212.167,4
45,5,PSCO,PACE,1606824000,147.36,147.36,0
45,5,PSCO,PACE,1608141600,172.796,172.796,0
45,6,PSCO,PACE,1577836800,201.806,201.806,0
45,6,PSCO,PACE,1579154400,168.095,168.095,0
45,6,PSCO,PACE,1580472000,165.819,165.819,0
45,6,PSCO,PACE,1581789600,204.062,215.208,2
45,6,PSCO,PACE,1583107200,195.56,195.56,0
45,6,PSCO,PACE,1584424800,221.046,221.046,0
45,6,PSCO,PACE,1585742400,196.694,196.694,0
45,6,PSCO,PACE,1587060000,211.329,211.329,0
45,6,PSCO,PACE,1588377600,183.892,187.407,1
45,6,PSCO,PACE,1589695200,174.63,174.63,0
45,6,PSCO,PACE,1591012800,220.905,220.905,0
45,6,PSCO,PACE,1592330400,179.992,179.992,0
45,6,PSCO,PACE,1593648000,180.132,180.132,0
45,6,PSCO,PACE,1594965600,206.256,216.392,1
45,6,PSCO,PACE,1596283200,202.105,202.105,0
45,6,PSCO,PACE,1597600800,189.709,189.709,0
45,6,PSCO,PACE,1598918400,234.795,234.795,0
45,6,PSCO,PACE,1600236000,174.02,174.02,0
45,6,PSCO,PACE,1601553600,195.176,195.176,0
45,6,PSCO,PACE,1602871200,202.804,202.804,0
45,6,PSCO,PACE,1604188800,225.924,225.924,0
45,6,PSCO,PACE,1605506400,203.332,203.332,0
45,6,PSCO,PACE,1606824000,147.36,147.36,0
45,6,PSCO,PACE,1608141600,172.796,172.796,0
45,1,TEPC,AECI,1577836800,261.782,261.782,0
45,1,TEPC,AECI,1579154400,260.044,260.044,0
45,1,TEPC,AECI,1580472000,227.287,227.287,0
45,1,TEPC,AECI,1581789600,230.952,230.952,0
45,1,TEPC,AECI,1583107200,213.887,213.887,0
45,1,TEPC,AECI,1584424800,209.261,209.261,0
45,1,TEPC,AECI,1585742400,163.89,163.89,0
45,1,TEPC,AECI,1587060000,178.693,178.693,0
45,1,TEPC,AECI,1588377600,179.254,179.254,0
45,1,TEPC,AECI,1589695200,215.518,215.518,0
45,1,TEPC,AECI,1591012800,222.496,222.496,0
45,1,TEPC,AECI,1592330400,189.451,189.451,0
45,1,TEPC,AECI,1593648000,215.878,215.878,0
45,1,TEPC,AECI,1594965600,207.863,207.863,0
45,1,TEPC,AECI,1596283200,219.66,219.66,0
45,1,TEPC,AECI,1597600800,232.192,232.192,0
45,1,TEPC,AECI,1598918400,219.508,219.508,0
45,1,TEPC,AECI,1600236000,245.174,245.174,0
45,1,TEPC,AECI,1601553600,235.921,235.921,0
45,1,TEPC,AECI,1602871200,262.53,262.53,0
45,1,TEPC,AECI,1604188800,265.706,265.706,0
45,1,TEPC,AECI,1605506400,225.001,225.001,0
45,1,TEPC,AECI,1606824000,193.11,193.11,0
45,1,TEPC,AECI,1608141600,251.11,251.11,0
45,2,TEPC,AECI,1577836800,198.823,278.632,3
45,2,TEPC,AECI,1579154400,210.811,277.66,3
45,2,TEPC,AECI,1580472000,196.417,244.594,3
45,2,TEPC,AECI,1581789600,216.705,241.853,4
45,2,TEPC,AECI,1583107200,206.378,232.963,5
45,2,TEPC,AECI,1584424800,223.081,237.414,7
45,2,TEPC,AECI,1585742400,163.509,180.86,6
45,2,TEPC,AECI,1587060000,169.421,189.891,5
45,2,TEPC,AECI,1588377600,176.15,190.503,4
45,2,TEPC,AECI,1589695200,196.123,236.476,5
45,2,TEPC,AECI,1591012800,176.034,236.568,3
45,2,TEPC,AECI,1592330400,200.065,206.554,6
45,2,TEPC,AECI,1593648000,226.406,234.054,5
45,2,TEPC,AECI,1594965600,215.869,227.754,5
45,2,TEPC,AECI,1596283200,246.841,245.567,8
45,2,TEPC,AECI,1597600800,266.996,254.228,6
45,2,TEPC,AECI,1598918400,277.348,264.76,13
45,2,TEPC,AECI,1600236000,251.219,267.115,5
45,2,TEPC,AECI,1601553600,264.247,270.12,10
45,2,TEPC,AECI,1602871200,266.147,308.97,11
45,2,TEPC,AECI,1604188800,256.352,280.107,4
45,2,TEPC,AECI,1605506400,235.858,239.934,3
45,2,TEPC,AECI,1606824000,193.11,193.11,0
45,2,TEPC,AECI,1608141600,225.199,266.364,3
45,3,TEPC,AECI,1577836800,181.364,267.327,1
45,3,TEPC,AECI,1579154400,195.436,265.972,1
45,3,TEPC,AECI,1580472000,186.429,232.948,1
45,3,TEPC,AECI,1581789600,240.258,241.853,4
45,3,TEPC,AECI,1583107200,213.887,213.887,0
45,3,TEPC,AECI,1584424800,186.865,214.078,1
45,3,TEPC,AECI,1585742400,154.409,175.344,4
45,3,TEPC,AECI,1587060000,185.125,187.04,3
45,3,TEPC,AECI,1588377600,179.254,179.254,0
45,3,TEPC,AECI,1589695200,165.335,220.659,1
45,3,TEPC,AECI,1591012800,160.05,227.481,1
45,3,TEPC,AECI,1592330400,203.154,199.752,4
45,3,TEPC,AECI,1593648000,215.878,215.878,0
45,3,TEPC,AECI,1594965600,221.279,227.754,5
45,3,TEPC,AECI,1596283200,192.426,224.499,1
45,3,TEPC,AECI,1597600800,232.192,232.192,0
45,3,TEPC,AECI,1598918400,204.696,232.668,4
45,3,TEPC,AECI,1600236000,249.839,250.543,1
45,3,TEPC,AECI,1601553600,191.406,240.805,1
45,3,TEPC,AECI,1602871200,187.63,267.329,1
45,3,TEPC,AECI,1604188800,268.284,275.245,2
45,3,TEPC,AECI,1605506400,221.904,230.103,1
45,3,TEPC,AECI,1606824000,193.11,193.11,0
45,3,TEPC,AECI,1608141600,202.745,256.156,1
45,4,TEPC,AECI,1577836800,181.364,267.327,1
45,4,TEPC,AECI,1579154400,195.436,265.972,1
45,4,TEPC,AECI,1580472000,186.336,232.948,1
45,4,TEPC,AECI,1581789600,230.952,230.952,0
45,4,TEPC,AECI,1583107200,221.223,218.268,1
45,4,TEPC,AECI,1584424800,210.555,214.078,1
45,4,TEPC,AECI,1585742400,154.561,171.952,2
45,4,TEPC,AECI,1587060000,178.693,178.693,0
45,4,TEPC,AECI,1588377600,179.254,179.254,0
45,4,TEPC,AECI,1589695200,166.757,220.659,1
45,4,TEPC,AECI,1591012800,160.05,227.481,1
45,4,TEPC,AECI,1592330400,189.451,189.451,0
45,4,TEPC,AECI,1593648000,215.878,215.878,0
45,4,TEPC,AECI,1594965600,207.863,207.863,0
45,4,TEPC,AECI,1596283200,219.66,219.66,0
45,4,TEPC,AECI,1597600800,232.192,232.192,0
45,4,TEPC,AECI,1598918400,219.508,219.508,0
45,4,TEPC,AECI,1600236000,245.174,245.174,0
45,4,TEPC,AECI,1601553600,235.921,235.921,0
45,4,TEPC,AECI,1602871200,187.63,267.329,1
45,4,TEPC,AECI,1604188800,265.706,265.706,0
45,4,TEPC,AECI,1605506400,221.79,230.103,1
45,4,TEPC,AECI,1606824000,193.11,193.11,0
45,4,TEPC,AECI,1608141600,234.711,256.156,1
45,5,TEPC,AECI,1577836800,198.372,278.632,3
45,5,TEPC,AECI,1579154400,210.401,277.66,3
45,5,TEPC,AECI,1580472000,194.625,244.594,3
45,5,TEPC,AECI,1581789600,215.462,241.853,4
45,5,TEPC,AECI,1583107200,203.016,232.963,5
45,5,TEPC,AECI,1584424800,221.868,237.414,7
45,5,TEPC,AECI,1585742400,152.028,175.344,4
45,5,TEPC,AECI,1587060000,177.748,196.152,7
45,5,TEPC,AECI,1588377600,180.297,194.538,5
45,5,TEPC,AECI,1589695200,193.169,236.476,5
45,5,TEPC,AECI,1591012800,162.745,227.481,1
45,5,TEPC,AECI,1592330400,198.439,206.554,6
45,5,TEPC,AECI,1593648000,223.709,234.054,5
45,5,TEPC,AECI,1594965600,214.362,227.754,5
45,5,TEPC,AECI,1596283200,246.131,245.567,8
45,5,TEPC,AECI,1597600800,266.365,254.228,6
45,5,TEPC,AECI,1598918400,274.271,264.76,13
45,5,TEPC,AECI,1600236000,249.868,267.115,5
45,5,TEPC,AECI,1601553600,263.138,270.12,10
45,5,TEPC,AECI,1602871200,248.834,298.033,9
45,5,TEPC,AECI,1604188800,262.276,285.068,5
45,5,TEPC,AECI,1605506400,234.534,239.934,3
45,5,TEPC,AECI,1606824000,193.11,193.11,0
45,5,TEPC,AECI,1608141600,223.236,266.364,3
45,6,TEPC,AECI,1577836800,181.364,267.327,1
45,6,TEPC,AECI,1579154400,195.436,265.972,1
45,6,TEPC,AECI,1580472000,186.429,232.948,1
45,6,TEPC,AECI,1581789600,230.952,230.952,0
45,6,TEPC,AECI,1583107200,213.887,213.887,0
45,6,TEPC,AECI,1584424800,209.261,209.261,0
45,6,TEPC,AECI,1585742400,136.489,167.958,1
45,6,TEPC,AECI,1587060000,178.693,178.693,0
45,6,TEPC,AECI,1588377600,179.254,179.254,0
45,6,TEPC,AECI,1589695200,165.335,220.659,1
45,6,TEPC,AECI,1591012800,160.05,227.481,1
45,6,TEPC,AECI,1592330400,189.451,189.451,0
45,6,TEPC,AECI,1593648000,215.878,215.878,0
45,6,TEPC,AECI,1594965600,207.863,207.863,0
45,6,TEPC,AECI,1596283200,219.66,219.66,0
45,6,TEPC,AECI,1597600800,232.192,232.192,0
45,6,TEPC,AECI,1598918400,219.508,219.508,0
45,6,TEPC,AECI,1600236000,245.174,245.174,0
45,6,TEPC,AECI,1601553600,191.406,240.805,1
45,6,TEPC,AECI,1602871200,187.63,267.329,1
45,6,TEPC,AECI,1604188800,265.706,265.706,0
45,6,TEPC,AECI,1605506400,225.001,225.001,0
45,6,TEPC,AECI,1606824000,193.11,193.11,0
45,6,TEPC,AECI,1608141600,202.745,256.156,1
60,1,AECI,EPE,1577836800,171.652,171.652,0
60,1,AECI,EPE,1579154400,184.829,184.829,0
60,1,AECI,EPE,1580472000,179.08,179.08,0
60,1,AECI,EPE,1581789600,190.047,190.047,0
60,1,AECI,EPE,1583107200,177.533,177.533,0
60,1,AECI,EPE,1584424800,173.609,173.609,0
60,1,AECI,EPE,1585742400,130.078,130.078,0
60,1,AECI,EPE,1587060000,146.519,146.519,0
60,1,AECI,EPE,1588377600,154.192,154.192,0
60,1,AECI,EPE,1589695200,158.058,158.058,0
60,1,AECI,EPE,1591012800,151.782,151.782,0
60,1,AECI,EPE,1592330400,159.195,159.195,0
60,1,AECI,EPE,1593648000,183.868,183.868,0
60,1,AECI,EPE,1594965600,175.21,175.21,0
60,1,AECI,EPE,1596283200,180.832,180.832,0
60,1,AECI,EPE,1597600800,201.072,201.072,0
60,1,AECI,EPE,1598918400,180.384,180.384,0
60,1,AECI,EPE,1600236000,202.899,202.899,0
60,1,AECI,EPE,1601553600,182.573,182.573,0
60,1,AECI,EPE,1602871200,178.75,178.75,0
60,1,AECI,EPE,1604188800,219.569,219.569,0
60,1,AECI,EPE,1605506400,205.232,205.232,0
60,1,AECI,EPE,1606824000,196.187,196.187,0
60,1,AECI,EPE,1608141600,194.483,194.483,0
60,2,AECI,EPE,1577836800,266.3,208.917,10
60,2,AECI,EPE,1579154400,227.911,196.664,3
60,2,AECI,EPE,1580472000,192.968,190.145,3
60,2,AECI,EPE,1581789600,184.449,194.225,1
60,2,AECI,EPE,1583107200,227.692,199.76,6
60,2,AECI,EPE,1584424800,233.318,195.258,7
60,2,AECI,EPE,1585742400,168.736,147.881,5
60,2,AECI,EPE,1587060000,190.432,161.191,6
60,2,AECI,EPE,1588377600,201.405,173.982,6
60,2,AECI,EPE,1589695200,211.3,178.062,6
60,2,AECI,EPE,1591012800,215.543,176.313,7
60,2,AECI,EPE,1592330400,246.931,192.404,10
60,2,AECI,EPE,1593648000,233.488,202.753,5
60,2,AECI,EPE,1594965600,216.365,188.678,4
60,2,AECI,EPE,1596283200,233.68,199.448,5
60,2,AECI,EPE,1597600800,237.866,212.985,3
60,2,AECI,EPE,1598918400,264.174,209.042,8
60,2,AECI,EPE,1600236000,215.804,210.142,2
60,2,AECI,EPE,1601553600,213.734,189.499,2
60,2,AECI,EPE,1602871200,230.552,198.886,5
60,2,AECI,EPE,1604188800,251.371,240.129,5
60,2,AECI,EPE,1605506400,215.483,211.558,2
60,2,AECI,EPE,1606824000,221.82,208.508,3
60,2,AECI,EPE,1608141600,299.86,238.163,11
60,3,AECI,EPE,1577836800,210.494,175.342,1
60,3,AECI,EPE,1579154400,214.561,188.789,1
60,3,AECI,EPE,1580472000,191.192,190.145,3
60,3,AECI,EPE,1581789600,184.449,194.225,1
60,3,AECI,EPE,1583107200,210.113,181.799,1
60,3,AECI,EPE,1584424800,209.557,179.684,2
60,3,AECI,EPE,1585742400,156.322,140.908,3
60,3,AECI,EPE,1587060000,177.584,149.147,1
60,3,AECI,EPE,1588377600,190.607,157.765,1
60,3,AECI,EPE,1589695200,200.952,164.985,2
60,3,AECI,EPE,1591012800,151.782,151.782,0
60,3,AECI,EPE,1592330400,169.22,162.435,1
60,3,AECI,EPE,1593648000,206.0,187.798,1
60,3,AECI,EPE,1594965600,224.601,188.678,4
60,3,AECI,EPE,1596283200,214.28,191.964,3
60,3,AECI,EPE,1597600800,222.514,205.228,1
60,3,AECI,EPE,1598918400,211.442,183.948,1
60,3,AECI,EPE,1600236000,214.867,210.142,2
60,3,AECI,EPE,1601553600,206.445,189.499,2
60,3,AECI,EPE,1602871200,189.119,182.572,1
60,3,AECI,EPE,1604188800,224.394,223.947,1
60,3,AECI,EPE,1605506400,212.932,211.558,2
60,3,AECI,EPE,1606824000,207.019,200.233,1
60,3,AECI,EPE,1608141600,224.238,198.171,1
60,4,AECI,EPE,1577836800,171.652,171.652,0
60,4,AECI,EPE,1579154400,184.829,184.829,0
60,4,AECI,EPE,1580472000,189.092,182.532,1
60,4,AECI,EPE,1581789600,184.449,194.225,1
60,4,AECI,EPE,1583107200,177.533,177.533,0
60,4,AECI,EPE,1584424800,173.609,173.609,0
60,4,AECI,EPE,1585742400,141.409,133.734,1
60,4,AECI,EPE,1587060000,146.519,146.519,0
60,4,AECI,EPE,1588377600,154.192,154.192,0
60,4,AECI,EPE,1589695200,158.058,158.058,0
60,4,AECI,EPE,1591012800,151.782,151.782,0
60,4,AECI,EPE,1592330400,159.195,159.195,0
60,4,AECI,EPE,1593648000,206.0,187.798,1
60,4,AECI,EPE,1594965600,175.21,175.21,0
60,4,AECI,EPE,1596283200,180.832,180.832,0
60,4,AECI,EPE,1597600800,214.565,205.228,1
60,4,AECI,EPE,1598918400,180.384,180.384,0
60,4,AECI,EPE,1600236000,207.645,206.444,1
60,4,AECI,EPE,1601553600,182.573,182.573,0
60,4,AECI,EPE,1602871200,178.75,178.75,0
60,4,AECI,EPE,1604188800,224.394,223.947,1
60,4,AECI,EPE,1605506400,212.457,208.412,1
60,4,AECI,EPE,1606824000,207.019,200.233,1
60,4,AECI,EPE,1608141600,194.483,194.483,0
60,5,AECI,EPE,1577836800,272.047,212.697,11
60,5,AECI,EPE,1579154400,235.254,200.312,4
60,5,AECI,EPE,1580472000,192.471,190.145,3
60,5,AECI,EPE,1581789600,184.449,194.225,1
60,5,AECI,EPE,1583107200,210.604,193.374,4
60,5,AECI,EPE,1584424800,233.198,195.258,7
60,5,AECI,EPE,1585742400,167.593,147.881,5
60,5,AECI,EPE,1587060000,188.71,161.191,6
60,5,AECI,EPE,1588377600,199.111,173.982,6
60,5,AECI,EPE,1589695200,209.428,178.062,6
60,5,AECI,EPE,1591012800,214.405,176.313,7
60,5,AECI,EPE,1592330400,243.466,192.404,10
60,5,AECI,EPE,1593648000,239.61,206.056,6
60,5,AECI,EPE,1594965600,214.822,188.678,4
60,5,AECI,EPE,1596283200,232.943,199.448,5
60,5,AECI,EPE,1597600800,237.219,212.985,3
60,5,AECI,EPE,1598918400,262.559,209.042,8
60,5,AECI,EPE,1600236000,214.867,210.142,2
60,5,AECI,EPE,1601553600,221.078,193.407,3
60,5,AECI,EPE,1602871200,229.862,198.886,5
60,5,AECI,EPE,1604188800,258.696,243.908,6
60,5,AECI,EPE,1605506400,214.602,211.558,2
60,5,AECI,EPE,1606824000,221.606,208.508,3
60,5,AECI,EPE,1608141600,298.58,238.163,11
60,6,AECI,EPE,1577836800,171.652,171.652,0
60,6,AECI,EPE,1579154400,214.561,188.789,1
60,6,AECI,EPE,1580472000,189.092,182.532,1
60,6,AECI,EPE,1581789600,184.449,194.225,1
60,6,AECI,EPE,1583107200,210.113,181.799,1
60,6,AECI,EPE,1584424800,210.771,176.679,1
60,6,AECI,EPE,1585742400,130.078,130.078,0
60,6,AECI,EPE,1587060000,174.781,149.147,1
60,6,AECI,EPE,1588377600,180.169,157.765,1
60,6,AECI,EPE,1589695200,189.627,161.536,1
60,6,AECI,EPE,1591012800,151.782,151.782,0
60,6,AECI,EPE,1592330400,159.195,159.195,0
60,6,AECI,EPE,1593648000,206.0,187.798,1
60,6,AECI,EPE,1594965600,175.21,175.21,0
60,6,AECI,EPE,1596283200,212.282,184.458,1
60,6,AECI,EPE,1597600800,222.514,205.228,1
60,6,AECI,EPE,1598918400,211.442,183.948,1
60,6,AECI,EPE,1600236000,207.645,206.444,1
60,6,AECI,EPE,1601553600,182.573,182.573,0
60,6,AECI,EPE,1602871200,178.75,178.75,0
60,6,AECI,EPE,1604188800,224.394,223.947,1
60,6,AECI,EPE,1605506400,212.457,208.412,1
60,6,AECI,EPE,1606824000,207.019,200.233,1
60,6,AECI,EPE,1608141600,224.238,198.171,1
60,1,AECI,PACE,1577836800,171.652,171.652,0
60,1,AECI,PACE,1579154400,184.829,184.829,0
60,1,AECI,PACE,1580472000,179.08,179.08,0
60,1,AECI,PACE,1581789600,190.047,190.047,0
60,1,AECI,PACE,1583107200,177.533,177.533,0
60,1,AECI,PACE,1584424800,173.609,173.609,0
60,1,AECI,PACE,1585742400,130.078,130.078,0
60,1,AECI,PACE,1587060000,146.519,146.519,0
60,1,AECI,PACE,1588377600,154.192,154.192,0
60,1,AECI,PACE,1589695200,158.058,158.058,0
60,1,AECI,PACE,1591012800,151.782,151.782,0
60,1,AECI,PACE,1592330400,159.195,159.195,0
60,1,AECI,PACE,1593648000,183.868,183.868,0
60,1,AECI,PACE,1594965600,175.21,175.21,0
60,1,AECI,PACE,1596283200,180.832,180.832,0
60,1,AECI,PACE,1597600800,201.072,201.072,0
60,1,AECI,PACE,1598918400,180.384,180.384,0
60,1,AECI,PACE,1600236000,202.899,202.899,0
60,1,AECI,PACE,1601553600,182.573,182.573,0
60,1,AECI,PACE,1602871200,178.75,178.75,0
60,1,AECI,PACE,1604188800,219.569,219.569,0
60,1,AECI,PACE,1605506400,205.232,205.232,0
60,1,AECI,PACE,1606824000,196.187,196.187,0
60,1,AECI,PACE,1608141600,194.483,194.483,0
60,2,AECI,PACE,1577836800,209.051,186.798,4
60,2,AECI,PACE,1579154400,241.846,207.293,6
60,2,AECI,PACE,1580472000,220.446,197.902,5
60,2,AECI,PACE,1581789600,216.316,202.752,3
60,2,AECI,PACE,1583107200,198.717,189.972,3
60,2,AECI,PACE,1584424800,191.825,179.684,2
60,2,AECI,PACE,1585742400,130.078,130.078,0
60,2,AECI,PACE,1587060000,161.272,151.4,2
60,2,AECI,PACE,1588377600,176.976,168.311,4
60,2,AECI,PACE,1589695200,194.377,171.536,4
60,2,AECI,PACE,1591012800,170.26,158.729,2
60,2,AECI,PACE,1592330400,186.497,171.96,4
60,2,AECI,PACE,1593648000,234.738,206.056,6
60,2,AECI,PACE,1594965600,242.338,203.153,8
60,2,AECI,PACE,1596283200,253.535,210.402,8
60,2,AECI,PACE,1597600800,315.782,247.824,11
60,2,AECI,PACE,1598918400,216.168,194.679,4
60,2,AECI,PACE,1600236000,250.789,217.586,4
60,2,AECI,PACE,1601553600,223.536,197.323,4
60,2,AECI,PACE,1602871200,218.072,198.886,5
60,2,AECI,PACE,1604188800,280.648,243.908,6
60,2,AECI,PACE,1605506400,246.375,218.019,4
60,2,AECI,PACE,1606824000,250.083,217.063,5
60,2,AECI,PACE,1608141600,284.714,229.53,9
60,3,AECI,PACE,1577836800,200.413,179.057,2
60,3,AECI,PACE,1579154400,237.369,200.312,4
60,3,AECI,PACE,1580472000,206.053,190.145,3
60,3,AECI,PACE,1581789600,205.633,194.225,1
60,3,AECI,PACE,1583107200,214.953,181.799,1
60,3,AECI,PACE,1584424800,173.609,173.609,0
60,3,AECI,PACE,1585742400,130.078,130.078,0
60,3,AECI,PACE,1587060000,146.519,146.519,0
60,3,AECI,PACE,1588377600,186.885,157.765,1
60,3,AECI,PACE,1589695200,175.018,164.985,2
60,3,AECI,PACE,1591012800,151.782,151.782,0
60,3,AECI,PACE,1592330400,159.195,159.195,0
60,3,AECI,PACE,1593648000,220.516,187.798,1
60,3,AECI,PACE,1594965600,191.102,181.77,2
60,3,AECI,PACE,1596283200,180.832,180.832,0
60,3,AECI,PACE,1597600800,245.175,216.844,4
60,3,AECI,PACE,1598918400,200.813,187.524,2
60,3,AECI,PACE,1600236000,232.563,210.142,2
60,3,AECI,PACE,1601553600,182.573,182.573,0
60,3,AECI,PACE,1602871200,238.964,198.886,5
60,3,AECI,PACE,1604188800,279.875,236.269,4
60,3,AECI,PACE,1605506400,234.375,211.558,2
60,3,AECI,PACE,1606824000,256.63,217.063,5
60,3,AECI,PACE,1608141600,218.598,201.57,2
60,4,AECI,PACE,1577836800,171.652,171.652,0
60,4,AECI,PACE,1579154400,184.829,184.829,0
60,4,AECI,PACE,1580472000,214.012,186.263,2
60,4,AECI,PACE,1581789600,205.633,194.225,1
60,4,AECI,PACE,1583107200,185.519,181.799,1
60,4,AECI,PACE,1584424800,173.609,173.609,0
60,4,AECI,PACE,1585742400,130.078,130.078,0
60,4,AECI,PACE,1587060000,146.519,146.519,0
60,4,AECI,PACE,1588377600,157.87,157.765,1
60,4,AECI,PACE,1589695200,158.058,158.058,0
60,4,AECI,PACE,1591012800,151.782,151.782,0
60,4,AECI,PACE,1592330400,159.195,159.195,0
60,4,AECI,PACE,1593648000,183.868,183.868,0
60,4,AECI,PACE,1594965600,206.044,178.469,1
60,4,AECI,PACE,1596283200,180.832,180.832,0
60,4,AECI,PACE,1597600800,201.072,201.072,0
60,4,AECI,PACE,1598918400,180.384,180.384,0
60,4,AECI,PACE,1600236000,202.899,202.899,0
60,4,AECI,PACE,1601553600,182.573,182.573,0
60,4,AECI,PACE,1602871200,178.75,178.75,0
60,4,AECI,PACE,1604188800,254.976,223.947,1
60,4,AECI,PACE,1605506400,230.589,208.412,1
60,4,AECI,PACE,1606824000,196.187,196.187,0
60,4,AECI,PACE,1608141600,194.483,194.483,0
60,5,AECI,PACE,1577836800,207.498,186.798,4
60,5,AECI,PACE,1579154400,240.789,207.293,6
60,5,AECI,PACE,1580472000,218.462,197.902,5
60,5,AECI,PACE,1581789600,215.482,202.752,3
60,5,AECI,PACE,1583107200,206.294,193.374,4
60,5,AECI,PACE,1584424800,190.347,179.684,2
60,5,AECI,PACE,1585742400,130.078,130.078,0
60,5,AECI,PACE,1587060000,160.467,151.4,2
60,5,AECI,PACE,1588377600,174.12,168.311,4
60,5,AECI,PACE,1589695200,191.945,171.536,4
60,5,AECI,PACE,1591012800,169.406,158.729,2
60,5,AECI,PACE,1592330400,183.104,171.96,4
60,5,AECI,PACE,1593648000,230.341,206.056,6
60,5,AECI,PACE,1594965600,247.725,207.252,9
60,5,AECI,PACE,1596283200,251.704,210.402,8
60,5,AECI,PACE,1597600800,313.603,247.824,11
60,5,AECI,PACE,1598918400,215.217,194.679,4
60,5,AECI,PACE,1600236000,249.211,217.586,4
60,5,AECI,PACE,1601553600,229.926,201.35,5
60,5,AECI,PACE,1602871200,216.832,198.886,5
60,5,AECI,PACE,1604188800,278.487,243.908,6
60,5,AECI,PACE,1605506400,244.067,218.019,4
60,5,AECI,PACE,1606824000,249.504,217.063,5
60,5,AECI,PACE,1608141600,283.447,229.53,9
60,6,AECI,PACE,1577836800,171.652,171.652,0
60,6,AECI,PACE,1579154400,184.829,184.829,0
60,6,AECI,PACE,1580472000,194.599,186.263,2
60,6,AECI,PACE,1581789600,205.633,194.225,1
60,6,AECI,PACE,1583107200,214.953,181.799,1
60,6,AECI,PACE,1584424800,173.609,173.609,0
60,6,AECI,PACE,1585742400,130.078,130.078,0
60,6,AECI,PACE,1587060000,146.519,146.519,0
60,6,AECI,PACE,1588377600,181.302,157.765,1
60,6,AECI,PACE,1589695200,158.058,158.058,0
60,6,AECI,PACE,1591012800,151.782,151.782,0
60,6,AECI,PACE,1592330400,159.195,159.195,0
60,6,AECI,PACE,1593648000,220.516,187.798,1
60,6,AECI,PACE,1594965600,206.044,178.469,1
60,6,AECI,PACE,1596283200,180.832,180.832,0
60,6,AECI,PACE,1597600800,201.072,201.072,0
60,6,AECI,PACE,1598918400,180.384,180.384,0
60,6,AECI,PACE,1600236000,202.899,202.899,0
60,6,AECI,PACE,1601553600,182.573,182.573,0
60,6,AECI,PACE,1602871200,178.75,178.75,0
60,6,AECI,PACE,1604188800,261.619,223.947,1
60,6,AECI,PACE,1605506400,238.948,208.412,1
60,6,AECI,PACE,1606824000,196.187,196.187,0
60,6,AECI,PACE,1608141600,230.651,198.171,1
60,1,AECI,TEPC,1577836800,171.652,171.652,0
60,1,AECI,TEPC,1579154400,184.829,184.829,0
60,1,AECI,TEPC,1580472000,179.08,179.08,0
60,1,AECI,TEPC,1581789600,190.047,190.047,0
60,1,AECI,TEPC,1583107200,177.533,177.533,0
60,1,AECI,TEPC,1584424800,173.609,173.609,0
60,1,AECI,TEPC,1585742400,130.078,130.078,0
60,1,AECI,TEPC,1587060000,146.519,146.519,0
60,1,AECI,TEPC,1588377600,154.192,154.192,0
60,1,AECI,TEPC,1589695200,158.058,158.058,0
60,1,AECI,TEPC,1591012800,151.782,151.782,0
60,1,AECI,TEPC,1592330400,159.195,159.195,0
60,1,AECI,TEPC,1593648000,183.868,183.868,0
60,1,AECI,TEPC,1594965600,175.21,175.21,0
60,1,AECI,TEPC,1596283200,180.832,180.832,0
60,1,AECI,TEPC,1597600800,201.072,201.072,0
60,1,AECI,TEPC,1598918400,180.384,180.384,0
60,1,AECI,TEPC,1600236000,202.899,202.899,0
60,1,AECI,TEPC,1601553600,182.573,182.573,0
60,1,AECI,TEPC,1602871200,178.75,178.75,0
60,1,AECI,TEPC,1604188800,219.569,219.569,0
60,1,AECI,TEPC,1605506400,205.232,205.232,0
60,1,AECI,TEPC,1606824000,196.187,196.187,0
60,1,AECI,TEPC,1608141600,194.483,194.483,0
60,2,AECI,TEPC,1577836800,191.261,179.057,2
60,2,AECI,TEPC,1579154400,202.492,192.82,2
60,2,AECI,TEPC,1580472000,206.85,194.05,4
60,2,AECI,TEPC,1581789600,232.927,210.571,5
60,2,AECI,TEPC,1583107200,221.385,199.76,6
60,2,AECI,TEPC,1584424800,224.804,191.775,6
60,2,AECI,TEPC,1585742400,163.857,147.881,5
60,2,AECI,TEPC,1587060000,208.646,173.119,10
60,2,AECI,TEPC,1588377600,196.757,173.982,6
60,2,AECI,TEPC,1589695200,210.28,178.062,6
60,2,AECI,TEPC,1591012800,169.844,158.729,2
60,2,AECI,TEPC,1592330400,216.709,181.643,7
60,2,AECI,TEPC,1593648000,242.79,206.056,6
60,2,AECI,TEPC,1594965600,215.621,188.678,4
60,2,AECI,TEPC,1596283200,253.243,206.836,7
60,2,AECI,TEPC,1597600800,286.233,229.001,7
60,2,AECI,TEPC,1598918400,310.167,231.191,14
60,2,AECI,TEPC,1600236000,250.308,217.586,4
60,2,AECI,TEPC,1601553600,273.042,217.101,9
60,2,AECI,TEPC,1602871200,276.771,220.036,10
60,2,AECI,TEPC,1604188800,283.353,243.908,6
60,2,AECI,TEPC,1605506400,246.122,218.019,4
60,2,AECI,TEPC,1606824000,201.102,200.233,1
60,2,AECI,TEPC,1608141600,235.976,208.422,4
60,3,AECI,TEPC,1577836800,171.652,171.652,0
60,3,AECI,TEPC,1579154400,184.829,184.829,0
60,3,AECI,TEPC,1580472000,179.08,179.08,0
60,3,AECI,TEPC,1581789600,242.64,202.752,3
60,3,AECI,TEPC,1583107200,221.255,181.799,1
60,3,AECI,TEPC,1584424800,193.054,179.684,2
60,3,AECI,TEPC,1585742400,151.879,140.908,3
60,3,AECI,TEPC,1587060000,192.492,155.889,4
60,3,AECI,TEPC,1588377600,186.141,157.765,1
60,3,AECI,TEPC,1589695200,172.856,164.985,2
60,3,AECI,TEPC,1591012800,151.782,151.782,0
60,3,AECI,TEPC,1592330400,203.477,168.835,3
60,3,AECI,TEPC,1593648000,223.99,187.798,1
60,3,AECI,TEPC,1594965600,219.296,188.678,4
60,3,AECI,TEPC,1596283200,207.282,191.964,3
60,3,AECI,TEPC,1597600800,240.2,205.228,1
60,3,AECI,TEPC,1598918400,221.729,198.369,5
60,3,AECI,TEPC,1600236000,256.128,210.142,2
60,3,AECI,TEPC,1601553600,182.573,182.573,0
60,3,AECI,TEPC,1602871200,223.853,198.886,5
60,3,AECI,TEPC,1604188800,279.594,232.243,3
60,3,AECI,TEPC,1605506400,230.249,211.558,2
60,3,AECI,TEPC,1606824000,201.102,200.233,1
60,3,AECI,TEPC,1608141600,194.483,194.483,0
60,4,AECI,TEPC,1577836800,171.652,171.652,0
60,4,AECI,TEPC,1579154400,184.829,184.829,0
60,4,AECI,TEPC,1580472000,179.08,179.08,0
60,4,AECI,TEPC,1581789600,190.047,190.047,0
60,4,AECI,TEPC,1583107200,177.533,177.533,0
60,4,AECI,TEPC,1584424800,173.609,173.609,0
60,4,AECI,TEPC,1585742400,149.264,133.734,1
60,4,AECI,TEPC,1587060000,146.519,146.519,0
60,4,AECI,TEPC,1588377600,154.192,154.192,0
60,4,AECI,TEPC,1589695200,158.058,158.058,0
60,4,AECI,TEPC,1591012800,151.782,151.782,0
60,4,AECI,TEPC,1592330400,159.195,159.195,0
60,4,AECI,TEPC,1593648000,183.868,183.868,0
60,4,AECI,TEPC,1594965600,175.21,175.21,0
60,4,AECI,TEPC,1596283200,180.832,180.832,0
60,4,AECI,TEPC,1597600800,212.057,205.228,1
60,4,AECI,TEPC,1598918400,180.384,180.384,0
60,4,AECI,TEPC,1600236000,202.899,202.899,0
60,4,AECI,TEPC,1601553600,182.573,182.573,0
60,4,AECI,TEPC,1602871200,178.75,178.75,0
60,4,AECI,TEPC,1604188800,219.569,219.569,0
60,4,AECI,TEPC,1605506400,232.458,211.558,2
60,4,AECI,TEPC,1606824000,201.102,200.233,1
60,4,AECI,TEPC,1608141600,194.483,194.483,0
60,5,AECI,TEPC,1577836800,190.728,179.057,2
60,5,AECI,TEPC,1579154400,202.019,192.82,2
60,5,AECI,TEPC,1580472000,213.282,197.902,5
60,5,AECI,TEPC,1581789600,231.432,210.571,5
60,5,AECI,TEPC,1583107200,203.364,193.374,4
60,5,AECI,TEPC,1584424800,223.421,191.775,6
60,5,AECI,TEPC,1585742400,162.922,147.881,5
60,5,AECI,TEPC,1587060000,205.51,173.119,10
60,5,AECI,TEPC,1588377600,193.703,173.982,6
60,5,AECI,TEPC,1589695200,193.061,171.536,4
60,5,AECI,TEPC,1591012800,169.264,158.729,2
60,5,AECI,TEPC,1592330400,214.93,181.643,7
60,5,AECI,TEPC,1593648000,239.811,206.056,6
60,5,AECI,TEPC,1594965600,213.959,188.678,4
60,5,AECI,TEPC,1596283200,252.342,206.836,7
60,5,AECI,TEPC,1597600800,285.506,229.001,7
60,5,AECI,TEPC,1598918400,306.844,231.191,14
60,5,AECI,TEPC,1600236000,248.778,217.586,4
60,5,AECI,TEPC,1601553600,271.644,217.101,9
60,5,AECI,TEPC,1602871200,274.461,220.036,10
60,5,AECI,TEPC,1604188800,280.427,243.908,6
60,5,AECI,TEPC,1605506400,244.746,218.019,4
60,5,AECI,TEPC,1606824000,201.102,200.233,1
60,5,AECI,TEPC,1608141600,233.792,208.422,4
60,6,AECI,TEPC,1577836800,171.652,171.652,0
60,6,AECI,TEPC,1579154400,184.829,184.829,0
60,6,AECI,TEPC,1580472000,179.08,179.08,0
60,6,AECI,TEPC,1581789600,190.047,190.047,0
60,6,AECI,TEPC,1583107200,212.899,181.799,1
60,6,AECI,TEPC,1584424800,173.609,173.609,0
60,6,AECI,TEPC,1585742400,130.078,130.078,0
60,6,AECI,TEPC,1587060000,171.405,149.147,1
60,6,AECI,TEPC,1588377600,186.141,157.765,1
60,6,AECI,TEPC,1589695200,158.058,158.058,0
60,6,AECI,TEPC,1591012800,151.782,151.782,0
60,6,AECI,TEPC,1592330400,159.195,159.195,0
60,6,AECI,TEPC,1593648000,215.842,187.798,1
60,6,AECI,TEPC,1594965600,175.21,175.21,0
60,6,AECI,TEPC,1596283200,180.832,180.832,0
60,6,AECI,TEPC,1597600800,240.2,205.228,1
60,6,AECI,TEPC,1598918400,180.384,180.384,0
60,6,AECI,TEPC,1600236000,202.899,202.899,0
60,6,AECI,TEPC,1601553600,182.573,182.573,0
60,6,AECI,TEPC,1602871200,178.75,178.75,0
60,6,AECI,TEPC,1604188800,219.569,219.569,0
60,6,AECI,TEPC,1605506400,233.779,208.412,1
60,6,AECI,TEPC,1606824000,201.102,200.233,1
60,6,AECI,TEPC,1608141600,194.483,194.483,0
60,1,BANC,CISO,1577836800,76.253,76.253,0
60,1,BANC,CISO,1579154400,81.548,81.548,0
60,1,BANC,CISO,1580472000,55.83,55.83,0
60,1,BANC,CISO,1581789600,52.267,52.267,0
60,1,BANC,CISO,1583107200,52.43,52.43,0
60,1,BANC,CISO,1584424800,83.316,83.316,0
60,1,BANC,CISO,1585742400,44.33,44.33,0
60,1,BANC,CISO,1587060000,33.313,33.313,0
60,1,BANC,CISO,1588377600,42.749,42.749,0
60,1,BANC,CISO,1589695200,42.187,42.187,0
60,1,BANC,CISO,1591012800,42.378,42.378,0
60,1,BANC,CISO,1592330400,40.383,40.383,0
60,1,BANC,CISO,1593648000,37.688,37.688,0
60,1,BANC,CISO,1594965600,55.204,55.204,0
60,1,BANC,CISO,1596283200,56.684,56.684,0
60,1,BANC,CISO,1597600800,78.197,78.197,0
60,1,BANC,CISO,1598918400,75.022,75.022,0
60,1,BANC,CISO,1600236000,80.174,80.174,0
60,1,BANC,CISO,1601553600,81.036,81.036,0
60,1,BANC,CISO,1602871200,74.249,74.249,0
60,1,BANC,CISO,1604188800,87.09,87.09,0
60,1,BANC,CISO,1605506400,93.475,93.475,0
60,1,BANC,CISO,1606824000,108.643,108.643,0
60,1,BANC,CISO,1608141600,91.972,91.972,0
60,2,BANC,CISO,1577836800,93.056,81.551,4
60,2,BANC,CISO,1579154400,103.444,88.808,4
60,2,BANC,CISO,1580472000,62.727,58.344,2
60,2,BANC,CISO,1581789600,68.873,59.621,5
60,2,BANC,CISO,1583107200,64.25,55.994,4
60,2,BANC,CISO,1584424800,107.292,91.323,4
60,2,BANC,CISO,1585742400,55.556,47.452,4
60,2,BANC,CISO,1587060000,39.179,35.155,3
60,2,BANC,CISO,1588377600,50.212,47.174,6
60,2,BANC,CISO,1589695200,46.484,46.136,4
60,2,BANC,CISO,1591012800,47.627,44.495,2
60,2,BANC,CISO,1592330400,56.138,47.297,7
60,2,BANC,CISO,1593648000,45.602,40.676,4
60,2,BANC,CISO,1594965600,67.492,60.279,4
60,2,BANC,CISO,1596283200,70.446,62.778,5
60,2,BANC,CISO,1597600800,86.978,81.44,2
60,2,BANC,CISO,1598918400,89.888,79.78,4
60,2,BANC,CISO,1600236000,98.889,87.058,4
60,2,BANC,CISO,1601553600,104.875,89.481,5
60,2,BANC,CISO,1602871200,94.927,82.318,5
60,2,BANC,CISO,1604188800,103.78,91.497,4
60,2,BANC,CISO,1605506400,134.47,109.714,7
60,2,BANC,CISO,1606824000,160.068,128.408,9
60,2,BANC,CISO,1608141600,129.326,104.606,8
60,3,BANC,CISO,1577836800,83.14,79.02,2
60,3,BANC,CISO,1579154400,81.548,81.548,0
60,3,BANC,CISO,1580472000,55.83,55.83,0
60,3,BANC,CISO,1581789600,54.864,53.687,1
60,3,BANC,CISO,1583107200,58.094,54.335,2
60,3,BANC,CISO,1584424800,83.316,83.316,0
60,3,BANC,CISO,1585742400,44.33,44.33,0
60,3,BANC,CISO,1587060000,34.764,33.965,1
60,3,BANC,CISO,1588377600,61.149,45.622,4
60,3,BANC,CISO,1589695200,47.562,44.133,2
60,3,BANC,CISO,1591012800,42.378,42.378,0
60,3,BANC,CISO,1592330400,44.441,41.842,2
60,3,BANC,CISO,1593648000,42.102,39.194,2
60,3,BANC,CISO,1594965600,55.204,55.204,0
60,3,BANC,CISO,1596283200,56.684,56.684,0
60,3,BANC,CISO,1597600800,78.197,78.197,0
60,3,BANC,CISO,1598918400,88.711,79.78,4
60,3,BANC,CISO,1600236000,80.174,80.174,0
60,3,BANC,CISO,1601553600,81.036,81.036,0
60,3,BANC,CISO,1602871200,77.808,75.808,1
60,3,BANC,CISO,1604188800,87.09,87.09,0
60,3,BANC,CISO,1605506400,131.423,100.35,3
60,3,BANC,CISO,1606824000,126.472,111.264,1
60,3,BANC,CISO,1608141600,124.849,104.606,8
60,4,BANC,CISO,1577836800,76.253,76.253,0
60,4,BANC,CISO,1579154400,81.548,81.548,0
60,4,BANC,CISO,1580472000,55.83,55.83,0
60,4,BANC,CISO,1581789600,52.267,52.267,0
60,4,BANC,CISO,1583107200,52.43,52.43,0
60,4,BANC,CISO,1584424800,83.316,83.316,0
60,4,BANC,CISO,1585742400,44.33,44.33,0
60,4,BANC,CISO,1587060000,33.313,33.313,0
60,4,BANC,CISO,1588377600,42.749,42.749,0
60,4,BANC,CISO,1589695200,46.543,43.181,1
60,4,BANC,CISO,1591012800,42.378,42.378,0
60,4,BANC,CISO,1592330400,40.383,40.383,0
60,4,BANC,CISO,1593648000,37.688,37.688,0
60,4,BANC,CISO,1594965600,55.204,55.204,0
60,4,BANC,CISO,1596283200,56.684,56.684,0
60,4,BANC,CISO,1597600800,78.197,78.197,0
60,4,BANC,CISO,1598918400,75.022,75.022,0
60,4,BANC,CISO,1600236000,80.174,80.174,0
60,4,BANC,CISO,1601553600,81.036,81.036,0
60,4,BANC,CISO,1602871200,74.249,74.249,0
60,4,BANC,CISO,1604188800,87.09,87.09,0
60,4,BANC,CISO,1605506400,103.748,95.731,1
60,4,BANC,CISO,1606824000,126.472,111.264,1
60,4,BANC,CISO,1608141600,106.294,95.082,2
60,5,BANC,CISO,1577836800,90.736,81.551,4
60,5,BANC,CISO,1579154400,101.139,88.808,4
60,5,BANC,CISO,1580472000,62.239,58.344,2
60,5,BANC,CISO,1581789600,65.261,59.621,5
60,5,BANC,CISO,1583107200,62.447,55.994,4
60,5,BANC,CISO,1584424800,103.937,91.323,4
60,5,BANC,CISO,1585742400,54.949,48.53,5
60,5,BANC,CISO,1587060000,38.87,35.155,3
60,5,BANC,CISO,1588377600,43.858,45.622,4
60,5,BANC,CISO,1589695200,45.313,46.136,4
60,5,BANC,CISO,1591012800,47.429,44.495,2
60,5,BANC,CISO,1592330400,57.007,48.328,8
60,5,BANC,CISO,1593648000,45.032,40.676,4
60,5,BANC,CISO,1594965600,66.584,60.279,4
60,5,BANC,CISO,1596283200,69.884,62.778,5
60,5,BANC,CISO,1597600800,86.31,81.44,2
60,5,BANC,CISO,1598918400,89.042,79.78,4
60,5,BANC,CISO,1600236000,98.112,87.058,4
60,5,BANC,CISO,1601553600,104.278,89.481,5
60,5,BANC,CISO,1602871200,86.778,79.011,3
60,5,BANC,CISO,1604188800,102.398,91.497,4
60,5,BANC,CISO,1605506400,131.631,109.714,7
60,5,BANC,CISO,1606824000,156.624,128.408,9
60,5,BANC,CISO,1608141600,123.749,104.606,8
60,6,BANC,CISO,1577836800,76.253,76.253,0
60,6,BANC,CISO,1579154400,81.548,81.548,0
60,6,BANC,CISO,1580472000,55.83,55.83,0
60,6,BANC,CISO,1581789600,52.267,52.267,0
60,6,BANC,CISO,1583107200,52.43,52.43,0
60,6,BANC,CISO,1584424800,83.316,83.316,0
60,6,BANC,CISO,1585742400,44.33,44.33,0
60,6,BANC,CISO,1587060000,33.313,33.313,0
60,6,BANC,CISO,1588377600,55.687,43.544,1
60,6,BANC,CISO,1589695200,46.504,43.181,1
60,6,BANC,CISO,1591012800,42.378,42.378,0
60,6,BANC,CISO,1592330400,40.383,40.383,0
60,6,BANC,CISO,1593648000,37.688,37.688,0
60,6,BANC,CISO,1594965600,55.204,55.204,0
60,6,BANC,CISO,1596283200,56.684,56.684,0
60,6,BANC,CISO,1597600800,78.197,78.197,0
60,6,BANC,CISO,1598918400,75.022,75.022,0
60,6,BANC,CISO,1600236000,80.174,80.174,0
60,6,BANC,CISO,1601553600,81.036,81.036,0
60,6,BANC,CISO,1602871200,74.249,74.249,0
60,6,BANC,CISO,1604188800,87.09,87.09,0
60,6,BANC,CISO,1605506400,121.335,95.731,1
60,6,BANC,CISO,1606824000,126.472,111.264,1
60,6,BANC,CISO,1608141600,91.972,91.972,0
60,1,CISO,BANC,1577836800,130.428,130.428,0
60,1,CISO,BANC,1579154400,140.472,140.472,0
60,1,CISO,BANC,1580472000,117.952,117.952,0
60,1,CISO,BANC,1581789600,103.569,103.569,0
60,1,CISO,BANC,1583107200,104.144,104.144,0
60,1,CISO,BANC,1584424800,135.48,135.48,0
60,1,CISO,BANC,1585742400,79.732,79.732,0
60,1,CISO,BANC,1587060000,80.679,80.679,0
60,1,CISO,BANC,1588377600,56.36,56.36,0
60,1,CISO,BANC,1589695200,62.849,62.849,0
60,1,CISO,BANC,1591012800,94.687,94.687,0
60,1,CISO,BANC,1592330400,66.377,66.377,0
60,1,CISO,BANC,1593648000,73.665,73.665,0
60,1,CISO,BANC,1594965600,90.516,90.516,0
60,1,CISO,BANC,1596283200,92.419,92.419,0
60,1,CISO,BANC,1597600800,127.384,127.384,0
60,1,CISO,BANC,1598918400,110.116,110.116,0
60,1,CISO,BANC,1600236000,126.99,126.99,0
60,1,CISO,BANC,1601553600,129.978,129.978,0
60,1,CISO,BANC,1602871200,142.021,142.021,0
60,1,CISO,BANC,1604188800,143.8,143.8,0
60,1,CISO,BANC,1605506400,123.623,123.623,0
60,1,CISO,BANC,1606824000,121.375,121.375,0
60,1,CISO,BANC,1608141600,120.762,120.762,0
60,2,CISO,BANC,1577836800,99.361,147.317,5
60,2,CISO,BANC,1579154400,110.652,158.05,5
60,2,CISO,BANC,1580472000,68.71,126.163,3
60,2,CISO,BANC,1581789600,66.262,108.751,4
60,2,CISO,BANC,1583107200,67.516,117.101,5
60,2,CISO,BANC,1584424800,114.216,150.879,5
60,2,CISO,BANC,1585742400,62.289,89.078,6
60,2,CISO,BANC,1587060000,37.589,82.241,2
60,2,CISO,BANC,1588377600,48.325,62.982,5
60,2,CISO,BANC,1589695200,50.362,70.115,5
60,2,CISO,BANC,1591012800,51.648,101.265,3
60,2,CISO,BANC,1592330400,53.454,73.619,6
60,2,CISO,BANC,1593648000,48.302,83.258,5
60,2,CISO,BANC,1594965600,72.07,101.726,5
60,2,CISO,BANC,1596283200,74.955,101.712,6
60,2,CISO,BANC,1597600800,84.176,129.72,1
60,2,CISO,BANC,1598918400,94.277,122.621,5
60,2,CISO,BANC,1600236000,104.738,141.364,5
60,2,CISO,BANC,1601553600,111.155,144.536,6
60,2,CISO,BANC,1602871200,91.753,148.958,4
60,2,CISO,BANC,1604188800,109.17,159.896,5
60,2,CISO,BANC,1605506400,141.924,145.22,8
60,2,CISO,BANC,1606824000,156.077,140.155,8
60,2,CISO,BANC,1608141600,133.383,140.762,9
60,3,CISO,BANC,1577836800,82.613,133.596,1
60,3,CISO,BANC,1579154400,88.665,143.954,1
60,3,CISO,BANC,1580472000,61.902,120.693,1
60,3,CISO,BANC,1581789600,57.75,106.124,2
60,3,CISO,BANC,1583107200,60.21,111.307,3
60,3,CISO,BANC,1584424800,90.311,138.572,1
60,3,CISO,BANC,1585742400,48.645,81.722,1
60,3,CISO,BANC,1587060000,36.446,82.241,2
60,3,CISO,BANC,1588377600,60.123,59.593,3
60,3,CISO,BANC,1589695200,50.333,67.236,3
60,3,CISO,BANC,1591012800,46.401,97.07,1
60,3,CISO,BANC,1592330400,48.011,70.906,4
60,3,CISO,BANC,1593648000,43.76,78.928,3
60,3,CISO,BANC,1594965600,59.568,92.803,1
60,3,CISO,BANC,1596283200,61.161,94.38,1
60,3,CISO,BANC,1597600800,82.43,129.72,1
60,3,CISO,BANC,1598918400,92.912,122.621,5
60,3,CISO,BANC,1600236000,86.17,129.943,1
60,3,CISO,BANC,1601553600,87.005,132.794,1
60,3,CISO,BANC,1602871200,82.661,145.373,2
60,3,CISO,BANC,1604188800,92.451,146.605,1
60,3,CISO,BANC,1605506400,128.191,129.055,2
60,3,CISO,BANC,1606824000,121.375,121.375,0
60,3,CISO,BANC,1608141600,99.718,124.225,2
60,4,CISO,BANC,1577836800,82.613,133.596,1
60,4,CISO,BANC,1579154400,88.665,143.954,1
60,4,CISO,BANC,1580472000,61.902,120.693,1
60,4,CISO,BANC,1581789600,55.296,104.847,1
60,4,CISO,BANC,1583107200,55.843,106.009,1
60,4,CISO,BANC,1584424800,90.311,138.572,1
60,4,CISO,BANC,1585742400,48.645,81.722,1
60,4,CISO,BANC,1587060000,34.888,81.482,1
60,4,CISO,BANC,1588377600,56.36,56.36,0
60,4,CISO,BANC,1589695200,56.461,65.806,2
60,4,CISO,BANC,1591012800,46.401,97.07,1
60,4,CISO,BANC,1592330400,41.117,67.397,1
60,4,CISO,BANC,1593648000,40.387,75.098,1
60,4,CISO,BANC,1594965600,59.568,92.803,1
60,4,CISO,BANC,1596283200,61.161,94.38,1
60,4,CISO,BANC,1597600800,82.43,129.72,1
60,4,CISO,BANC,1598918400,110.116,110.116,0
60,4,CISO,BANC,1600236000,86.17,129.943,1
60,4,CISO,BANC,1601553600,87.005,132.794,1
60,4,CISO,BANC,1602871200,78.554,143.701,1
60,4,CISO,BANC,1604188800,109.309,146.605,1
60,4,CISO,BANC,1605506400,123.623,123.623,0
60,4,CISO,BANC,1606824000,121.375,121.375,0
60,4,CISO,BANC,1608141600,103.743,122.495,1
60,5,CISO,BANC,1577836800,97.042,147.317,5
60,5,CISO,BANC,1579154400,108.347,158.05,5
60,5,CISO,BANC,1580472000,68.222,126.163,3
60,5,CISO,BANC,1581789600,62.65,108.751,4
60,5,CISO,BANC,1583107200,65.713,117.101,5
60,5,CISO,BANC,1584424800,110.861,150.879,5
60,5,CISO,BANC,1585742400,59.527,89.078,6
60,5,CISO,BANC,1587060000,37.28,82.241,2
60,5,CISO,BANC,1588377600,45.488,62.982,5
60,5,CISO,BANC,1589695200,49.191,70.115,5
60,5,CISO,BANC,1591012800,51.45,101.265,3
60,5,CISO,BANC,1592330400,51.815,73.619,6
60,5,CISO,BANC,1593648000,47.732,83.258,5
60,5,CISO,BANC,1594965600,71.162,101.726,5
60,5,CISO,BANC,1596283200,74.392,101.712,6
60,5,CISO,BANC,1597600800,83.508,129.72,1
60,5,CISO,BANC,1598918400,93.432,122.621,5
60,5,CISO,BANC,1600236000,103.961,141.364,5
60,5,CISO,BANC,1601553600,110.557,144.536,6
60,5,CISO,BANC,1602871200,91.359,148.958,4
60,5,CISO,BANC,1604188800,107.789,159.896,5
60,5,CISO,BANC,1605506400,148.048,150.483,10
60,5,CISO,BANC,1606824000,152.633,140.155,8
60,5,CISO,BANC,1608141600,121.435,134.693,7
60,6,CISO,BANC,1577836800,82.613,133.596,1
60,6,CISO,BANC,1579154400,88.665,143.954,1
60,6,CISO,BANC,1580472000,61.902,120.693,1
60,6,CISO,BANC,1581789600,55.296,104.847,1
60,6,CISO,BANC,1583107200,55.843,106.009,1
60,6,CISO,BANC,1584424800,90.311,138.572,1
60,6,CISO,BANC,1585742400,48.645,81.722,1
60,6,CISO,BANC,1587060000,34.888,81.482,1
60,6,CISO,BANC,1588377600,56.36,56.36,0
60,6,CISO,BANC,1589695200,50.803,65.806,2
60,6,CISO,BANC,1591012800,46.401,97.07,1
60,6,CISO,BANC,1592330400,41.54,67.397,1
60,6,CISO,BANC,1593648000,40.387,75.098,1
60,6,CISO,BANC,1594965600,59.568,92.803,1
60,6,CISO,BANC,1596283200,61.161,94.38,1
60,6,CISO,BANC,1597600800,82.43,129.72,1
60,6,CISO,BANC,1598918400,79.154,112.244,1
60,6,CISO,BANC,1600236000,86.17,129.943,1
60,6,CISO,BANC,1601553600,87.005,132.794,1
60,6,CISO,BANC,1602871200,78.554,143.701,1
60,6,CISO,BANC,1604188800,92.451,146.605,1
60,6,CISO,BANC,1605506400,123.623,123.623,0
60,6,CISO,BANC,1606824000,121.375,121.375,0
60,6,CISO,BANC,1608141600,103.081,122.495,1
60,1,EPE,AECI,1577836800,202.093,202.093,0
60,1,EPE,AECI,1579154400,207.289,207.289,0
60,1,EPE,AECI,1580472000,181.504,181.504,0
60,1,EPE,AECI,1581789600,175.974,175.974,0
60,1,EPE,AECI,1583107200,202.541,202.541,0
60,1,EPE,AECI,1584424800,204.307,204.307,0
60,1,EPE,AECI,1585742400,164.605,164.605,0
60,1,EPE,AECI,1587060000,171.684,171.684,0
60,1,EPE,AECI,1588377600,183.602,183.602,0
60,1,EPE,AECI,1589695200,189.282,189.282,0
60,1,EPE,AECI,1591012800,195.852,195.852,0
60,1,EPE,AECI,1592330400,195.157,195.157,0
60,1,EPE,AECI,1593648000,198.016,198.016,0
60,1,EPE,AECI,1594965600,209.436,209.436,0
60,1,EPE,AECI,1596283200,204.715,204.715,0
60,1,EPE,AECI,1597600800,214.763,214.763,0
60,1,EPE,AECI,1598918400,203.471,203.471,0
60,1,EPE,AECI,1600236000,199.728,199.728,0
60,1,EPE,AECI,1601553600,220.07,220.07,0
60,1,EPE,AECI,1602871200,223.978,223.978,0
60,1,EPE,AECI,1604188800,214.945,214.945,0
60,1,EPE,AECI,1605506400,203.959,203.959,0
60,1,EPE,AECI,1606824000,198.83,198.83,0
60,1,EPE,AECI,1608141600,215.454,215.454,0
60,2,EPE,AECI,1577836800,258.721,243.245,9
60,2,EPE,AECI,1579154400,220.54,216.32,2
60,2,EPE,AECI,1580472000,185.445,189.855,2
60,2,EPE,AECI,1581789600,175.974,175.974,0
60,2,EPE,AECI,1583107200,221.4,224.906,5
60,2,EPE,AECI,1584424800,243.08,236.223,8
60,2,EPE,AECI,1585742400,162.814,178.055,4
60,2,EPE,AECI,1587060000,184.982,187.737,5
60,2,EPE,AECI,1588377600,187.549,198.949,4
60,2,EPE,AECI,1589695200,220.371,221.853,7
60,2,EPE,AECI,1591012800,225.38,227.161,8
60,2,EPE,AECI,1592330400,239.096,231.63,9
60,2,EPE,AECI,1593648000,225.298,214.798,4
60,2,EPE,AECI,1594965600,225.736,232.831,5
60,2,EPE,AECI,1596283200,242.933,229.252,6
60,2,EPE,AECI,1597600800,230.158,222.614,2
60,2,EPE,AECI,1598918400,247.949,229.925,6
60,2,EPE,AECI,1600236000,199.728,199.728,0
60,2,EPE,AECI,1601553600,232.199,238.903,4
60,2,EPE,AECI,1602871200,222.867,241.065,4
60,2,EPE,AECI,1604188800,241.77,232.626,4
60,2,EPE,AECI,1605506400,208.266,208.386,1
60,2,EPE,AECI,1606824000,213.963,208.024,2
60,2,EPE,AECI,1608141600,290.365,260.573,10
60,3,EPE,AECI,1577836800,202.093,202.093,0
60,3,EPE,AECI,1579154400,207.289,207.289,0
60,3,EPE,AECI,1580472000,183.287,189.855,2
60,3,EPE,AECI,1581789600,175.974,175.974,0
60,3,EPE,AECI,1583107200,202.541,202.541,0
60,3,EPE,AECI,1584424800,204.721,208.54,1
60,3,EPE,AECI,1585742400,170.441,178.055,4
60,3,EPE,AECI,1587060000,171.684,171.684,0
60,3,EPE,AECI,1588377600,183.602,183.602,0
60,3,EPE,AECI,1589695200,195.329,193.609,1
60,3,EPE,AECI,1591012800,161.282,200.346,1
60,3,EPE,AECI,1592330400,176.666,202.922,2
60,3,EPE,AECI,1593648000,198.016,198.016,0
60,3,EPE,AECI,1594965600,221.339,223.387,3
60,3,EPE,AECI,1596283200,199.901,209.351,1
60,3,EPE,AECI,1597600800,214.763,214.763,0
60,3,EPE,AECI,1598918400,226.683,216.536,3
60,3,EPE,AECI,1600236000,199.728,199.728,0
60,3,EPE,AECI,1601553600,203.519,225.219,1
60,3,EPE,AECI,1602871200,199.661,232.656,2
60,3,EPE,AECI,1604188800,214.945,214.945,0
60,3,EPE,AECI,1605506400,205.715,208.386,1
60,3,EPE,AECI,1606824000,215.715,208.024,2
60,3,EPE,AECI,1608141600,231.434,223.802,2
60,4,EPE,AECI,1577836800,202.093,202.093,0
60,4,EPE,AECI,1579154400,207.289,207.289,0
60,4,EPE,AECI,1580472000,181.504,181.504,0
60,4,EPE,AECI,1581789600,175.974,175.974,0
60,4,EPE,AECI,1583107200,202.541,202.541,0
60,4,EPE,AECI,1584424800,204.307,204.307,0
60,4,EPE,AECI,1585742400,164.605,164.605,0
60,4,EPE,AECI,1587060000,171.684,171.684,0
60,4,EPE,AECI,1588377600,183.602,183.602,0
60,4,EPE,AECI,1589695200,189.282,189.282,0
60,4,EPE,AECI,1591012800,195.852,195.852,0
60,4,EPE,AECI,1592330400,195.157,195.157,0
60,4,EPE,AECI,1593648000,198.016,198.016,0
60,4,EPE,AECI,1594965600,209.436,209.436,0
60,4,EPE,AECI,1596283200,204.715,204.715,0
60,4,EPE,AECI,1597600800,214.763,214.763,0
60,4,EPE,AECI,1598918400,203.471,203.471,0
60,4,EPE,AECI,1600236000,199.728,199.728,0
60,4,EPE,AECI,1601553600,220.07,220.07,0
60,4,EPE,AECI,1602871200,223.978,223.978,0
60,4,EPE,AECI,1604188800,214.945,214.945,0
60,4,EPE,AECI,1605506400,203.959,203.959,0
60,4,EPE,AECI,1606824000,198.83,198.83,0
60,4,EPE,AECI,1608141600,215.454,215.454,0
60,5,EPE,AECI,1577836800,256.347,243.245,9
60,5,EPE,AECI,1579154400,219.623,216.32,2
60,5,EPE,AECI,1580472000,184.948,189.855,2
60,5,EPE,AECI,1581789600,175.974,175.974,0
60,5,EPE,AECI,1583107200,218.627,224.906,5
60,5,EPE,AECI,1584424800,242.96,236.223,8
60,5,EPE,AECI,1585742400,161.672,178.055,4
60,5,EPE,AECI,1587060000,183.26,187.737,5
60,5,EPE,AECI,1588377600,193.054,202.848,5
60,5,EPE,AECI,1589695200,218.499,221.853,7
60,5,EPE,AECI,1591012800,208.674,219.539,6
60,5,EPE,AECI,1592330400,235.631,231.63,9
60,5,EPE,AECI,1593648000,223.836,214.798,4
60,5,EPE,AECI,1594965600,224.194,232.831,5
60,5,EPE,AECI,1596283200,226.178,221.626,4
60,5,EPE,AECI,1597600800,229.511,222.614,2
60,5,EPE,AECI,1598918400,255.366,234.441,7
60,5,EPE,AECI,1600236000,207.712,204.188,1
60,5,EPE,AECI,1601553600,231.726,238.903,4
60,5,EPE,AECI,1602871200,222.177,241.065,4
60,5,EPE,AECI,1604188800,240.776,232.626,4
60,5,EPE,AECI,1605506400,207.385,208.386,1
60,5,EPE,AECI,1606824000,213.749,208.024,2
60,5,EPE,AECI,1608141600,289.085,260.573,10
60,6,EPE,AECI,1577836800,202.093,202.093,0
60,6,EPE,AECI,1579154400,207.289,207.289,0
60,6,EPE,AECI,1580472000,181.504,181.504,0
60,6,EPE,AECI,1581789600,175.974,175.974,0
60,6,EPE,AECI,1583107200,202.541,202.541,0
60,6,EPE,AECI,1584424800,204.307,204.307,0
60,6,EPE,AECI,1585742400,164.605,164.605,0
60,6,EPE,AECI,1587060000,171.684,171.684,0
60,6,EPE,AECI,1588377600,183.602,183.602,0
60,6,EPE,AECI,1589695200,189.282,189.282,0
60,6,EPE,AECI,1591012800,161.282,200.346,1
60,6,EPE,AECI,1592330400,195.157,195.157,0
60,6,EPE,AECI,1593648000,198.016,198.016,0
60,6,EPE,AECI,1594965600,209.436,209.436,0
60,6,EPE,AECI,1596283200,204.715,204.715,0
60,6,EPE,AECI,1597600800,214.763,214.763,0
60,6,EPE,AECI,1598918400,203.471,203.471,0
60,6,EPE,AECI,1600236000,199.728,199.728,0
60,6,EPE,AECI,1601553600,207.831,225.219,1
60,6,EPE,AECI,1602871200,187.35,228.349,1
60,6,EPE,AECI,1604188800,214.945,214.945,0
60,6,EPE,AECI,1605506400,203.959,203.959,0
60,6,EPE,AECI,1606824000,198.83,198.83,0
60,6,EPE,AECI,1608141600,215.454,215.454,0
60,1,EPE,PSCO,1577836800,202.093,202.093,0
60,1,EPE,PSCO,1579154400,207.289,207.289,0
60,1,EPE,PSCO,1580472000,181.504,181.504,0
60,1,EPE,PSCO,1581789600,175.974,175.974,0
60,1,EPE,PSCO,1583107200,202.541,202.541,0
60,1,EPE,PSCO,1584424800,204.307,204.307,0
60,1,EPE,PSCO,1585742400,164.605,164.605,0
60,1,EPE,PSCO,1587060000,171.684,171.684,0
60,1,EPE,PSCO,1588377600,183.602,183.602,0
60,1,EPE,PSCO,1589695200,189.282,189.282,0
60,1,EPE,PSCO,1591012800,195.852,195.852,0
60,1,EPE,PSCO,1592330400,195.157,195.157,0
60,1,EPE,PSCO,1593648000,198.016,198.016,0
60,1,EPE,PSCO,1594965600,209.436,209.436,0
60,1,EPE,PSCO,1596283200,204.715,204.715,0
60,1,EPE,PSCO,1597600800,214.763,214.763,0
60,1,EPE,PSCO,1598918400,203.471,203.471,0
60,1,EPE,PSCO,1600236000,199.728,199.728,0
60,1,EPE,PSCO,1601553600,220.07,220.07,0
60,1,EPE,PSCO,1602871200,223.978,223.978,0
60,1,EPE,PSCO,1604188800,214.945,214.945,0
60,1,EPE,PSCO,1605506400,203.959,203.959,0
60,1,EPE,PSCO,1606824000,198.83,198.83,0
60,1,EPE,PSCO,1608141600,215.454,215.454,0
60,2,EPE,PSCO,1577836800,226.226,220.243,4
60,2,EPE,PSCO,1579154400,207.411,230.316,5
60,2,EPE,PSCO,1580472000,237.466,219.087,10
60,2,EPE,PSCO,1581789600,217.013,196.183,6
60,2,EPE,PSCO,1583107200,230.704,224.906,5
60,2,EPE,PSCO,1584424800,248.048,228.26,6
60,2,EPE,PSCO,1585742400,175.457,171.887,2
60,2,EPE,PSCO,1587060000,184.326,177.835,2
60,2,EPE,PSCO,1588377600,226.093,210.649,7
60,2,EPE,PSCO,1589695200,184.432,202.744,3
60,2,EPE,PSCO,1591012800,229.39,211.947,4
60,2,EPE,PSCO,1592330400,206.126,210.702,4
60,2,EPE,PSCO,1593648000,214.629,219.078,5
60,2,EPE,PSCO,1594965600,251.854,237.646,6
60,2,EPE,PSCO,1596283200,226.507,225.461,5
60,2,EPE,PSCO,1597600800,218.968,230.415,4
60,2,EPE,PSCO,1598918400,219.004,212.166,2
60,2,EPE,PSCO,1600236000,206.486,222.991,5
60,2,EPE,PSCO,1601553600,247.162,251.037,7
60,2,EPE,PSCO,1602871200,259.075,254.37,7
60,2,EPE,PSCO,1604188800,269.661,246.518,7
60,2,EPE,PSCO,1605506400,228.172,225.312,5
60,2,EPE,PSCO,1606824000,155.654,203.521,1
60,2,EPE,PSCO,1608141600,180.539,219.654,1
60,3,EPE,PSCO,1577836800,235.106,220.243,4
60,3,EPE,PSCO,1579154400,176.253,211.801,1
60,3,EPE,PSCO,1580472000,174.161,185.696,1
60,3,EPE,PSCO,1581789600,182.49,179.278,1
60,3,EPE,PSCO,1583107200,204.052,206.952,1
60,3,EPE,PSCO,1584424800,219.767,212.501,2
60,3,EPE,PSCO,1585742400,164.605,164.605,0
60,3,EPE,PSCO,1587060000,171.684,171.684,0
60,3,EPE,PSCO,1588377600,183.602,183.602,0
60,3,EPE,PSCO,1589695200,181.28,193.609,1
60,3,EPE,PSCO,1591012800,195.852,195.852,0
60,3,EPE,PSCO,1592330400,187.501,199.038,1
60,3,EPE,PSCO,1593648000,202.794,210.543,3
60,3,EPE,PSCO,1594965600,216.029,214.068,1
60,3,EPE,PSCO,1596283200,209.046,209.351,1
60,3,EPE,PSCO,1597600800,203.044,222.614,2
60,3,EPE,PSCO,1598918400,203.471,203.471,0
60,3,EPE,PSCO,1600236000,182.451,204.188,1
60,3,EPE,PSCO,1601553600,204.756,225.219,1
60,3,EPE,PSCO,1602871200,220.225,232.656,2
60,3,EPE,PSCO,1604188800,214.945,214.945,0
60,3,EPE,PSCO,1605506400,225.976,216.982,3
60,3,EPE,PSCO,1606824000,155.654,203.521,1
60,3,EPE,PSCO,1608141600,180.539,219.654,1
60,4,EPE,PSCO,1577836800,202.093,202.093,0
60,4,EPE,PSCO,1579154400,176.253,211.801,1
60,4,EPE,PSCO,1580472000,181.504,181.504,0
60,4,EPE,PSCO,1581789600,175.974,175.974,0
60,4,EPE,PSCO,1583107200,202.541,202.541,0
60,4,EPE,PSCO,1584424800,204.307,204.307,0
60,4,EPE,PSCO,1585742400,164.605,164.605,0
60,4,EPE,PSCO,1587060000,171.684,171.684,0
60,4,EPE,PSCO,1588377600,191.761,187.24,1
60,4,EPE,PSCO,1589695200,172.552,193.609,1
60,4,EPE,PSCO,1591012800,195.852,195.852,0
60,4,EPE,PSCO,1592330400,195.157,195.157,0
60,4,EPE,PSCO,1593648000,198.016,198.016,0
60,4,EPE,PSCO,1594965600,209.436,209.436,0
60,4,EPE,PSCO,1596283200,202.218,209.351,1
60,4,EPE,PSCO,1597600800,201.916,218.69,1
60,4,EPE,PSCO,1598918400,203.471,203.471,0
60,4,EPE,PSCO,1600236000,188.601,204.188,1
60,4,EPE,PSCO,1601553600,202.938,225.219,1
60,4,EPE,PSCO,1602871200,213.605,228.349,1
60,4,EPE,PSCO,1604188800,214.945,214.945,0
60,4,EPE,PSCO,1605506400,203.959,203.959,0
60,4,EPE,PSCO,1606824000,155.654,203.521,1
60,4,EPE,PSCO,1608141600,180.539,219.654,1
60,5,EPE,PSCO,1577836800,224.101,220.243,4
60,5,EPE,PSCO,1579154400,204.644,230.316,5
60,5,EPE,PSCO,1580472000,235.233,219.087,10
60,5,EPE,PSCO,1581789600,215.806,196.183,6
60,5,EPE,PSCO,1583107200,228.824,224.906,5
60,5,EPE,PSCO,1584424800,246.761,228.26,6
60,5,EPE,PSCO,1585742400,173.447,171.887,2
60,5,EPE,PSCO,1587060000,183.599,177.835,2
60,5,EPE,PSCO,1588377600,223.64,210.649,7
60,5,EPE,PSCO,1589695200,183.552,202.744,3
60,5,EPE,PSCO,1591012800,211.619,204.385,2
60,5,EPE,PSCO,1592330400,204.141,210.702,4
60,5,EPE,PSCO,1593648000,213.634,219.078,5
60,5,EPE,PSCO,1594965600,250.156,237.646,6
60,5,EPE,PSCO,1596283200,225.985,225.461,5
60,5,EPE,PSCO,1597600800,218.167,230.415,4
60,5,EPE,PSCO,1598918400,226.365,216.536,3
60,5,EPE,PSCO,1600236000,204.936,222.991,5
60,5,EPE,PSCO,1601553600,244.102,251.037,7
60,5,EPE,PSCO,1602871200,256.849,254.37,7
60,5,EPE,PSCO,1604188800,267.324,246.518,7
60,5,EPE,PSCO,1605506400,226.778,225.312,5
60,5,EPE,PSCO,1606824000,155.654,203.521,1
60,5,EPE,PSCO,1608141600,180.539,219.654,1
60,6,EPE,PSCO,1577836800,200.941,206.553,1
60,6,EPE,PSCO,1579154400,176.253,211.801,1
60,6,EPE,PSCO,1580472000,174.161,185.696,1
60,6,EPE,PSCO,1581789600,175.974,175.974,0
60,6,EPE,PSCO,1583107200,203.71,206.952,1
60,6,EPE,PSCO,1584424800,204.307,204.307,0
60,6,EPE,PSCO,1585742400,164.605,164.605,0
60,6,EPE,PSCO,1587060000,171.684,171.684,0
60,6,EPE,PSCO,1588377600,183.602,183.602,0
60,6,EPE,PSCO,1589695200,181.28,193.609,1
60,6,EPE,PSCO,1591012800,195.852,195.852,0
60,6,EPE,PSCO,1592330400,187.501,199.038,1
60,6,EPE,PSCO,1593648000,188.336,202.089,1
60,6,EPE,PSCO,1594965600,209.436,209.436,0
60,6,EPE,PSCO,1596283200,205.705,209.351,1
60,6,EPE,PSCO,1597600800,198.012,218.69,1
60,6,EPE,PSCO,1598918400,203.471,203.471,0
60,6,EPE,PSCO,1600236000,182.451,204.188,1
60,6,EPE,PSCO,1601553600,204.756,225.219,1
60,6,EPE,PSCO,1602871200,213.605,228.349,1
60,6,EPE,PSCO,1604188800,214.945,214.945,0
60,6,EPE,PSCO,1605506400,203.959,203.959,0
60,6,EPE,PSCO,1606824000,155.654,203.521,1
60,6,EPE,PSCO,1608141600,180.539,219.654,1
60,1,PACE,AECI,1577836800,222.045,222.045,0
60,1,PACE,AECI,1579154400,234.433,234.433,0
60,1,PACE,AECI,1580472000,198.311,198.311,0
60,1,PACE,AECI,1581789600,196.827,196.827,0
60,1,PACE,AECI,1583107200,208.975,208.975,0
60,1,PACE,AECI,1584424800,252.452,252.452,0
60,1,PACE,AECI,1585742400,225.822,225.822,0
60,1,PACE,AECI,1587060000,224.401,224.401,0
60,1,PACE,AECI,1588377600,195.688,195.688,0
60,1,PACE,AECI,1589695200,218.514,218.514,0
60,1,PACE,AECI,1591012800,230.978,230.978,0
60,1,PACE,AECI,1592330400,200.767,200.767,0
60,1,PACE,AECI,1593648000,211.4,211.4,0
60,1,PACE,AECI,1594965600,197.864,197.864,0
60,1,PACE,AECI,1596283200,232.915,232.915,0
60,1,PACE,AECI,1597600800,252.895,252.895,0
60,1,PACE,AECI,1598918400,239.903,239.903,0
60,1,PACE,AECI,1600236000,257.912,257.912,0
60,1,PACE,AECI,1601553600,250.583,250.583,0
60,1,PACE,AECI,1602871200,211.548,211.548,0
60,1,PACE,AECI,1604188800,258.098,258.098,0
60,1,PACE,AECI,1605506400,230.758,230.758,0
60,1,PACE,AECI,1606824000,241.036,241.036,0
60,1,PACE,AECI,1608141600,221.431,221.431,0
60,2,PACE,AECI,1577836800,201.429,236.183,3
60,2,PACE,AECI,1579154400,252.571,268.453,7
60,2,PACE,AECI,1580472000,213.573,215.735,4
60,2,PACE,AECI,1581789600,207.616,204.537,2
60,2,PACE,AECI,1583107200,218.142,230.78,5
60,2,PACE,AECI,1584424800,202.992,270.593,3
60,2,PACE,AECI,1585742400,139.909,230.918,1
60,2,PACE,AECI,1587060000,169.2,236.003,3
60,2,PACE,AECI,1588377600,185.39,215.258,5
60,2,PACE,AECI,1589695200,205.389,241.971,5
60,2,PACE,AECI,1591012800,181.051,246.236,3
60,2,PACE,AECI,1592330400,178.912,214.535,3
60,2,PACE,AECI,1593648000,226.88,236.014,5
60,2,PACE,AECI,1594965600,235.531,233.267,7
60,2,PACE,AECI,1596283200,264.165,273.894,9
60,2,PACE,AECI,1597600800,327.184,313.05,12
60,2,PACE,AECI,1598918400,225.801,263.093,5
60,2,PACE,AECI,1600236000,262.413,285.602,5
60,2,PACE,AECI,1601553600,245.178,282.514,6
60,2,PACE,AECI,1602871200,210.474,226.232,4
60,2,PACE,AECI,1604188800,272.767,284.228,5
60,2,PACE,AECI,1605506400,239.477,244.598,3
60,2,PACE,AECI,1606824000,261.606,269.88,6
60,2,PACE,AECI,1608141600,275.43,260.94,8
60,3,PACE,AECI,1577836800,207.468,236.183,3
60,3,PACE,AECI,1579154400,232.297,249.287,3
60,3,PACE,AECI,1580472000,190.661,202.703,1
60,3,PACE,AECI,1581789600,196.827,196.827,0
60,3,PACE,AECI,1583107200,208.975,208.975,0
60,3,PACE,AECI,1584424800,184.896,258.582,1
60,3,PACE,AECI,1585742400,139.909,230.918,1
60,3,PACE,AECI,1587060000,154.847,228.312,1
60,3,PACE,AECI,1588377600,197.889,202.184,2
60,3,PACE,AECI,1589695200,184.791,232.838,3
60,3,PACE,AECI,1591012800,162.668,236.311,1
60,3,PACE,AECI,1592330400,165.539,205.289,1
60,3,PACE,AECI,1593648000,211.4,211.4,0
60,3,PACE,AECI,1594965600,192.463,203.144,1
60,3,PACE,AECI,1596283200,191.587,238.256,1
60,3,PACE,AECI,1597600800,255.549,277.001,5
60,3,PACE,AECI,1598918400,208.871,253.583,3
60,3,PACE,AECI,1600236000,241.208,274.142,3
60,3,PACE,AECI,1601553600,194.77,256.736,1
60,3,PACE,AECI,1602871200,229.456,226.232,4
60,3,PACE,AECI,1604188800,272.328,273.673,3
60,3,PACE,AECI,1605506400,227.546,235.265,1
60,3,PACE,AECI,1606824000,270.274,269.88,6
60,3,PACE,AECI,1608141600,210.895,226.347,1
60,4,PACE,AECI,1577836800,187.93,226.717,1
60,4,PACE,AECI,1579154400,234.433,234.433,0
60,4,PACE,AECI,1580472000,198.311,198.311,0
60,4,PACE,AECI,1581789600,196.827,196.827,0
60,4,PACE,AECI,1583107200,208.975,208.975,0
60,4,PACE,AECI,1584424800,184.896,258.582,1
60,4,PACE,AECI,1585742400,139.909,230.918,1
60,4,PACE,AECI,1587060000,154.847,228.312,1
60,4,PACE,AECI,1588377600,166.82,202.184,2
60,4,PACE,AECI,1589695200,169.288,223.55,1
60,4,PACE,AECI,1591012800,162.668,236.311,1
60,4,PACE,AECI,1592330400,178.293,205.289,1
60,4,PACE,AECI,1593648000,211.4,211.4,0
60,4,PACE,AECI,1594965600,197.864,197.864,0
60,4,PACE,AECI,1596283200,232.915,232.915,0
60,4,PACE,AECI,1597600800,252.895,252.895,0
60,4,PACE,AECI,1598918400,239.903,239.903,0
60,4,PACE,AECI,1600236000,257.912,257.912,0
60,4,PACE,AECI,1601553600,223.762,256.736,1
60,4,PACE,AECI,1602871200,211.548,211.548,0
60,4,PACE,AECI,1604188800,258.098,258.098,0
60,4,PACE,AECI,1605506400,230.758,230.758,0
60,4,PACE,AECI,1606824000,241.036,241.036,0
60,4,PACE,AECI,1608141600,221.431,221.431,0
60,5,PACE,AECI,1577836800,199.876,236.183,3
60,5,PACE,AECI,1579154400,251.513,268.453,7
60,5,PACE,AECI,1580472000,211.589,215.735,4
60,5,PACE,AECI,1581789600,206.782,204.537,2
60,5,PACE,AECI,1583107200,216.944,230.78,5
60,5,PACE,AECI,1584424800,201.514,270.593,3
60,5,PACE,AECI,1585742400,139.909,230.918,1
60,5,PACE,AECI,1587060000,168.395,236.003,3
60,5,PACE,AECI,1588377600,182.535,215.258,5
60,5,PACE,AECI,1589695200,202.957,241.971,5
60,5,PACE,AECI,1591012800,180.198,246.236,3
60,5,PACE,AECI,1592330400,175.519,214.535,3
60,5,PACE,AECI,1593648000,222.483,236.014,5
60,5,PACE,AECI,1594965600,232.643,233.267,7
60,5,PACE,AECI,1596283200,262.333,273.894,9
60,5,PACE,AECI,1597600800,325.005,313.05,12
60,5,PACE,AECI,1598918400,224.849,263.093,5
60,5,PACE,AECI,1600236000,260.834,285.602,5
60,5,PACE,AECI,1601553600,243.515,282.514,6
60,5,PACE,AECI,1602871200,209.233,226.232,4
60,5,PACE,AECI,1604188800,270.605,284.228,5
60,5,PACE,AECI,1605506400,237.169,244.598,3
60,5,PACE,AECI,1606824000,261.026,269.88,6
60,5,PACE,AECI,1608141600,274.164,260.94,8
60,6,PACE,AECI,1577836800,180.235,226.717,1
60,6,PACE,AECI,1579154400,234.433,234.433,0
60,6,PACE,AECI,1580472000,187.682,202.703,1
60,6,PACE,AECI,1581789600,196.827,196.827,0
60,6,PACE,AECI,1583107200,208.975,208.975,0
60,6,PACE,AECI,1584424800,184.896,258.582,1
60,6,PACE,AECI,1585742400,139.909,230.918,1
60,6,PACE,AECI,1587060000,154.847,228.312,1
60,6,PACE,AECI,1588377600,195.688,195.688,0
60,6,PACE,AECI,1589695200,169.288,223.55,1
60,6,PACE,AECI,1591012800,162.668,236.311,1
60,6,PACE,AECI,1592330400,165.539,205.289,1
60,6,PACE,AECI,1593648000,211.4,211.4,0
60,6,PACE,AECI,1594965600,197.864,197.864,0
60,6,PACE,AECI,1596283200,191.587,238.256,1
60,6,PACE,AECI,1597600800,252.895,252.895,0
60,6,PACE,AECI,1598918400,189.89,244.161,1
60,6,PACE,AECI,1600236000,257.912,257.912,0
60,6,PACE,AECI,1601553600,194.77,256.736,1
60,6,PACE,AECI,1602871200,211.548,211.548,0
60,6,PACE,AECI,1604188800,258.098,258.098,0
60,6,PACE,AECI,1605506400,230.758,230.758,0
60,6,PACE,AECI,1606824000,241.036,241.036,0
60,6,PACE,AECI,1608141600,221.431,221.431,0
60,1,PACE,PSCO,1577836800,222.045,222.045,0
60,1,PACE,PSCO,1579154400,234.433,234.433,0
60,1,PACE,PSCO,1580472000,198.311,198.311,0
60,1,PACE,PSCO,1581789600,196.827,196.827,0
60,1,PACE,PSCO,1583107200,208.975,208.975,0
60,1,PACE,PSCO,1584424800,252.452,252.452,0
60,1,PACE,PSCO,1585742400,225.822,225.822,0
60,1,PACE,PSCO,1587060000,224.401,224.401,0
60,1,PACE,PSCO,1588377600,195.688,195.688,0
60,1,PACE,PSCO,1589695200,218.514,218.514,0
60,1,PACE,PSCO,1591012800,230.978,230.978,0
60,1,PACE,PSCO,1592330400,200.767,200.767,0
60,1,PACE,PSCO,1593648000,211.4,211.4,0
60,1,PACE,PSCO,1594965600,197.864,197.864,0
60,1,PACE,PSCO,1596283200,232.915,232.915,0
60,1,PACE,PSCO,1597600800,252.895,252.895,0
60,1,PACE,PSCO,1598918400,239.903,239.903,0
60,1,PACE,PSCO,1600236000,257.912,257.912,0
60,1,PACE,PSCO,1601553600,250.583,250.583,0
60,1,PACE,PSCO,1602871200,211.548,211.548,0
60,1,PACE,PSCO,1604188800,258.098,258.098,0
60,1,PACE,PSCO,1605506400,230.758,230.758,0
60,1,PACE,PSCO,1606824000,241.036,241.036,0
60,1,PACE,PSCO,1608141600,221.431,221.431,0
60,2,PACE,PSCO,1577836800,266.309,256.402,7
60,2,PACE,PSCO,1579154400,228.433,268.453,7
60,2,PACE,PSCO,1580472000,212.14,223.065,6
60,2,PACE,PSCO,1581789600,235.269,219.974,6
60,2,PACE,PSCO,1583107200,278.954,252.73,10
60,2,PACE,PSCO,1584424800,250.736,270.593,3
60,2,PACE,PSCO,1585742400,247.951,253.194,6
60,2,PACE,PSCO,1587060000,284.07,263.769,9
60,2,PACE,PSCO,1588377600,222.183,223.202,7
60,2,PACE,PSCO,1589695200,193.152,232.838,3
60,2,PACE,PSCO,1591012800,241.791,246.236,3
60,2,PACE,PSCO,1592330400,187.153,214.535,3
60,2,PACE,PSCO,1593648000,211.1,236.014,5
60,2,PACE,PSCO,1594965600,281.353,246.295,10
60,2,PACE,PSCO,1596283200,238.5,255.973,5
60,2,PACE,PSCO,1597600800,199.618,257.798,1
60,2,PACE,PSCO,1598918400,288.688,273.32,7
60,2,PACE,PSCO,1600236000,185.24,263.157,1
60,2,PACE,PSCO,1601553600,239.452,277.847,5
60,2,PACE,PSCO,1602871200,223.692,226.232,4
60,2,PACE,PSCO,1604188800,254.582,273.673,3
60,2,PACE,PSCO,1605506400,238.551,254.203,5
60,2,PACE,PSCO,1606824000,158.015,246.095,1
60,2,PACE,PSCO,1608141600,181.1,226.347,1
60,3,PACE,PSCO,1577836800,219.123,231.404,2
60,3,PACE,PSCO,1579154400,178.826,239.487,1
60,3,PACE,PSCO,1580472000,174.581,202.703,1
60,3,PACE,PSCO,1581789600,202.801,200.732,1
60,3,PACE,PSCO,1583107200,219.913,221.906,3
60,3,PACE,PSCO,1584424800,231.386,258.582,1
60,3,PACE,PSCO,1585742400,206.084,230.918,1
60,3,PACE,PSCO,1587060000,227.46,232.124,2
60,3,PACE,PSCO,1588377600,203.616,206.522,3
60,3,PACE,PSCO,1589695200,183.272,223.55,1
60,3,PACE,PSCO,1591012800,231.688,236.311,1
60,3,PACE,PSCO,1592330400,187.043,205.289,1
60,3,PACE,PSCO,1593648000,201.959,225.845,3
60,3,PACE,PSCO,1594965600,204.406,203.144,1
60,3,PACE,PSCO,1596283200,210.714,238.256,1
60,3,PACE,PSCO,1597600800,199.618,257.798,1
60,3,PACE,PSCO,1598918400,260.954,253.583,3
60,3,PACE,PSCO,1600236000,185.24,263.157,1
60,3,PACE,PSCO,1601553600,207.169,256.736,1
60,3,PACE,PSCO,1602871200,218.341,218.893,2
60,3,PACE,PSCO,1604188800,237.332,263.29,1
60,3,PACE,PSCO,1605506400,211.636,235.265,1
60,3,PACE,PSCO,1606824000,158.015,246.095,1
60,3,PACE,PSCO,1608141600,181.1,226.347,1
60,4,PACE,PSCO,1577836800,214.923,226.717,1
60,4,PACE,PSCO,1579154400,178.826,239.487,1
60,4,PACE,PSCO,1580472000,174.581,202.703,1
60,4,PACE,PSCO,1581789600,194.258,200.732,1
60,4,PACE,PSCO,1583107200,208.975,208.975,0
60,4,PACE,PSCO,1584424800,241.748,258.582,1
60,4,PACE,PSCO,1585742400,206.084,230.918,1
60,4,PACE,PSCO,1587060000,224.401,224.401,0
60,4,PACE,PSCO,1588377600,192.815,198.668,1
60,4,PACE,PSCO,1589695200,184.833,223.55,1
60,4,PACE,PSCO,1591012800,223.472,236.311,1
60,4,PACE,PSCO,1592330400,192.183,205.289,1
60,4,PACE,PSCO,1593648000,199.235,215.96,1
60,4,PACE,PSCO,1594965600,197.864,197.864,0
60,4,PACE,PSCO,1596283200,210.196,238.256,1
60,4,PACE,PSCO,1597600800,199.618,257.798,1
60,4,PACE,PSCO,1598918400,256.986,244.161,1
60,4,PACE,PSCO,1600236000,185.24,263.157,1
60,4,PACE,PSCO,1601553600,207.169,256.736,1
60,4,PACE,PSCO,1602871200,211.548,211.548,0
60,4,PACE,PSCO,1604188800,237.332,263.29,1
60,4,PACE,PSCO,1605506400,211.636,235.265,1
60,4,PACE,PSCO,1606824000,158.015,246.095,1
60,4,PACE,PSCO,1608141600,181.1,226.347,1
60,5,PACE,PSCO,1577836800,263.581,256.402,7
60,5,PACE,PSCO,1579154400,226.262,268.453,7
60,5,PACE,PSCO,1580472000,209.48,223.065,6
60,5,PACE,PSCO,1581789600,241.653,224.833,7
60,5,PACE,PSCO,1583107200,275.535,252.73,10
60,5,PACE,PSCO,1584424800,250.119,270.593,3
60,5,PACE,PSCO,1585742400,245.145,253.194,6
60,5,PACE,PSCO,1587060000,281.993,263.769,9
60,5,PACE,PSCO,1588377600,219.768,223.202,7
60,5,PACE,PSCO,1589695200,191.729,232.838,3
60,5,PACE,PSCO,1591012800,249.94,250.687,4
60,5,PACE,PSCO,1592330400,185.2,214.535,3
60,5,PACE,PSCO,1593648000,209.289,236.014,5
60,5,PACE,PSCO,1594965600,277.437,246.295,10
60,5,PACE,PSCO,1596283200,237.907,255.973,5
60,5,PACE,PSCO,1597600800,199.618,257.798,1
60,5,PACE,PSCO,1598918400,287.359,273.32,7
60,5,PACE,PSCO,1600236000,185.24,263.157,1
60,5,PACE,PSCO,1601553600,236.892,277.847,5
60,5,PACE,PSCO,1602871200,221.323,226.232,4
60,5,PACE,PSCO,1604188800,253.704,273.673,3
60,5,PACE,PSCO,1605506400,237.351,254.203,5
60,5,PACE,PSCO,1606824000,158.015,246.095,1
60,5,PACE,PSCO,1608141600,181.1,226.347,1
60,6,PACE,PSCO,1577836800,211.559,226.717,1
60,6,PACE,PSCO,1579154400,178.826,239.487,1
60,6,PACE,PSCO,1580472000,174.581,202.703,1
60,6,PACE,PSCO,1581789600,197.027,200.732,1
60,6,PACE,PSCO,1583107200,206.678,213.105,1
60,6,PACE,PSCO,1584424800,231.386,258.582,1
60,6,PACE,PSCO,1585742400,206.084,230.918,1
60,6,PACE,PSCO,1587060000,220.163,228.312,1
60,6,PACE,PSCO,1588377600,193.738,202.184,2
60,6,PACE,PSCO,1589695200,183.272,223.55,1
60,6,PACE,PSCO,1591012800,230.729,236.311,1
60,6,PACE,PSCO,1592330400,187.043,205.289,1
60,6,PACE,PSCO,1593648000,187.047,215.96,1
60,6,PACE,PSCO,1594965600,197.864,197.864,0
60,6,PACE,PSCO,1596283200,210.714,238.256,1
60,6,PACE,PSCO,1597600800,199.618,257.798,1
60,6,PACE,PSCO,1598918400,239.903,239.903,0
60,6,PACE,PSCO,1600236000,185.24,263.157,1
60,6,PACE,PSCO,1601553600,207.169,256.736,1
60,6,PACE,PSCO,1602871200,211.548,211.548,0
60,6,PACE,PSCO,1604188800,237.332,263.29,1
60,6,PACE,PSCO,1605506400,211.636,235.265,1
60,6,PACE,PSCO,1606824000,158.015,246.095,1
60,6,PACE,PSCO,1608141600,181.1,226.347,1
60,1,PSCO,EPE,1577836800,201.806,201.806,0
60,1,PSCO,EPE,1579154400,168.095,168.095,0
60,1,PSCO,EPE,1580472000,165.819,165.819,0
60,1,PSCO,EPE,1581789600,208.599,208.599,0
60,1,PSCO,EPE,1583107200,195.56,195.56,0
60,1,PSCO,EPE,1584424800,221.046,221.046,0
60,1,PSCO,EPE,1585742400,196.694,196.694,0
60,1,PSCO,EPE,1587060000,211.329,211.329,0
60,1,PSCO,EPE,1588377600,184.057,184.057,0
60,1,PSCO,EPE,1589695200,174.63,174.63,0
60,1,PSCO,EPE,1591012800,220.905,220.905,0
60,1,PSCO,EPE,1592330400,179.992,179.992,0
60,1,PSCO,EPE,1593648000,180.132,180.132,0
60,1,PSCO,EPE,1594965600,212.921,212.921,0
60,1,PSCO,EPE,1596283200,202.105,202.105,0
60,1,PSCO,EPE,1597600800,189.709,189.709,0
60,1,PSCO,EPE,1598918400,234.795,234.795,0
60,1,PSCO,EPE,1600236000,174.02,174.02,0
60,1,PSCO,EPE,1601553600,195.176,195.176,0
60,1,PSCO,EPE,1602871200,202.804,202.804,0
60,1,PSCO,EPE,1604188800,225.924,225.924,0
60,1,PSCO,EPE,1605506400,203.332,203.332,0
60,1,PSCO,EPE,1606824000,147.36,147.36,0
60,1,PSCO,EPE,1608141600,172.796,172.796,0
60,2,PSCO,EPE,1577836800,235.083,226.356,5
60,2,PSCO,EPE,1579154400,198.728,181.57,4
60,2,PSCO,EPE,1580472000,229.327,199.968,9
60,2,PSCO,EPE,1581789600,226.984,235.22,7
60,2,PSCO,EPE,1583107200,222.17,209.983,4
60,2,PSCO,EPE,1584424800,258.734,252.096,7
60,2,PSCO,EPE,1585742400,184.463,211.141,3
60,2,PSCO,EPE,1587060000,193.206,224.553,3
60,2,PSCO,EPE,1588377600,218.951,204.298,6
60,2,PSCO,EPE,1589695200,192.999,185.658,4
60,2,PSCO,EPE,1591012800,220.923,234.411,3
60,2,PSCO,EPE,1592330400,198.359,191.839,3
60,2,PSCO,EPE,1593648000,206.136,195.383,4
60,2,PSCO,EPE,1594965600,232.043,228.43,4
60,2,PSCO,EPE,1596283200,235.762,220.781,6
60,2,PSCO,EPE,1597600800,228.004,212.935,5
60,2,PSCO,EPE,1598918400,209.613,239.606,1
60,2,PSCO,EPE,1600236000,197.719,186.722,4
60,2,PSCO,EPE,1601553600,237.858,215.398,6
60,2,PSCO,EPE,1602871200,241.159,226.748,5
60,2,PSCO,EPE,1604188800,260.674,250.358,6
60,2,PSCO,EPE,1605506400,220.671,215.248,4
60,2,PSCO,EPE,1606824000,147.36,147.36,0
60,2,PSCO,EPE,1608141600,172.796,172.796,0
60,3,PSCO,EPE,1577836800,209.101,206.834,1
60,3,PSCO,EPE,1579154400,168.095,168.095,0
60,3,PSCO,EPE,1580472000,165.819,165.819,0
60,3,PSCO,EPE,1581789600,197.955,218.69,3
60,3,PSCO,EPE,1583107200,195.56,195.56,0
60,3,PSCO,EPE,1584424800,230.058,234.046,3
60,3,PSCO,EPE,1585742400,174.181,201.473,1
60,3,PSCO,EPE,1587060000,180.347,215.845,1
60,3,PSCO,EPE,1588377600,197.539,190.648,2
60,3,PSCO,EPE,1589695200,174.63,174.63,0
60,3,PSCO,EPE,1591012800,204.931,225.601,1
60,3,PSCO,EPE,1592330400,179.992,179.992,0
60,3,PSCO,EPE,1593648000,194.625,187.687,2
60,3,PSCO,EPE,1594965600,223.821,220.093,2
60,3,PSCO,EPE,1596283200,202.105,202.105,0
60,3,PSCO,EPE,1597600800,195.42,194.312,1
60,3,PSCO,EPE,1598918400,210.02,239.606,1
60,3,PSCO,EPE,1600236000,174.02,174.02,0
60,3,PSCO,EPE,1601553600,195.176,195.176,0
60,3,PSCO,EPE,1602871200,208.856,208.122,1
60,3,PSCO,EPE,1604188800,223.323,230.317,1
60,3,PSCO,EPE,1605506400,218.204,209.248,2
60,3,PSCO,EPE,1606824000,147.36,147.36,0
60,3,PSCO,EPE,1608141600,172.796,172.796,0
60,4,PSCO,EPE,1577836800,201.806,201.806,0
60,4,PSCO,EPE,1579154400,168.095,168.095,0
60,4,PSCO,EPE,1580472000,165.819,165.819,0
60,4,PSCO,EPE,1581789600,185.11,211.871,1
60,4,PSCO,EPE,1583107200,195.56,195.56,0
60,4,PSCO,EPE,1584424800,217.0,225.4,1
60,4,PSCO,EPE,1585742400,184.015,201.473,1
60,4,PSCO,EPE,1587060000,180.347,215.845,1
60,4,PSCO,EPE,1588377600,184.057,184.057,0
60,4,PSCO,EPE,1589695200,174.63,174.63,0
60,4,PSCO,EPE,1591012800,204.931,225.601,1
60,4,PSCO,EPE,1592330400,179.992,179.992,0
60,4,PSCO,EPE,1593648000,180.132,180.132,0
60,4,PSCO,EPE,1594965600,212.921,212.921,0
60,4,PSCO,EPE,1596283200,202.105,202.105,0
60,4,PSCO,EPE,1597600800,189.709,189.709,0
60,4,PSCO,EPE,1598918400,208.621,239.606,1
60,4,PSCO,EPE,1600236000,174.02,174.02,0
60,4,PSCO,EPE,1601553600,195.176,195.176,0
60,4,PSCO,EPE,1602871200,202.804,202.804,0
60,4,PSCO,EPE,1604188800,225.924,225.924,0
60,4,PSCO,EPE,1605506400,203.332,203.332,0
60,4,PSCO,EPE,1606824000,147.36,147.36,0
60,4,PSCO,EPE,1608141600,172.796,172.796,0
60,5,PSCO,EPE,1577836800,232.957,226.356,5
60,5,PSCO,EPE,1579154400,195.962,181.57,4
60,5,PSCO,EPE,1580472000,227.094,199.968,9
60,5,PSCO,EPE,1581789600,225.776,235.22,7
60,5,PSCO,EPE,1583107200,220.29,209.983,4
60,5,PSCO,EPE,1584424800,257.447,252.096,7
60,5,PSCO,EPE,1585742400,182.452,211.141,3
60,5,PSCO,EPE,1587060000,192.478,224.553,3
60,5,PSCO,EPE,1588377600,216.498,204.298,6
60,5,PSCO,EPE,1589695200,192.118,185.658,4
60,5,PSCO,EPE,1591012800,220.001,234.411,3
60,5,PSCO,EPE,1592330400,196.375,191.839,3
60,5,PSCO,EPE,1593648000,205.141,195.383,4
60,5,PSCO,EPE,1594965600,240.038,233.277,5
60,5,PSCO,EPE,1596283200,235.24,220.781,6
60,5,PSCO,EPE,1597600800,227.203,212.935,5
60,5,PSCO,EPE,1598918400,208.909,239.606,1
60,5,PSCO,EPE,1600236000,196.169,186.722,4
60,5,PSCO,EPE,1601553600,234.798,215.398,6
60,5,PSCO,EPE,1602871200,247.77,230.537,6
60,5,PSCO,EPE,1604188800,258.338,250.358,6
60,5,PSCO,EPE,1605506400,219.277,215.248,4
60,5,PSCO,EPE,1606824000,147.36,147.36,0
60,5,PSCO,EPE,1608141600,172.796,172.796,0
60,6,PSCO,EPE,1577836800,201.806,201.806,0
60,6,PSCO,EPE,1579154400,168.095,168.095,0
60,6,PSCO,EPE,1580472000,165.819,165.819,0
60,6,PSCO,EPE,1581789600,185.11,211.871,1
60,6,PSCO,EPE,1583107200,195.56,195.56,0
60,6,PSCO,EPE,1584424800,215.234,225.4,1
60,6,PSCO,EPE,1585742400,174.181,201.473,1
60,6,PSCO,EPE,1587060000,180.347,215.845,1
60,6,PSCO,EPE,1588377600,184.057,184.057,0
60,6,PSCO,EPE,1589695200,174.63,174.63,0
60,6,PSCO,EPE,1591012800,204.931,225.601,1
60,6,PSCO,EPE,1592330400,179.992,179.992,0
60,6,PSCO,EPE,1593648000,180.132,180.132,0
60,6,PSCO,EPE,1594965600,212.833,216.392,1
60,6,PSCO,EPE,1596283200,202.105,202.105,0
60,6,PSCO,EPE,1597600800,189.709,189.709,0
60,6,PSCO,EPE,1598918400,210.02,239.606,1
60,6,PSCO,EPE,1600236000,174.02,174.02,0
60,6,PSCO,EPE,1601553600,195.176,195.176,0
60,6,PSCO,EPE,1602871200,202.804,202.804,0
60,6,PSCO,EPE,1604188800,223.323,230.317,1
60,6,PSCO,EPE,1605506400,203.332,203.332,0
60,6,PSCO,EPE,1606824000,147.36,147.36,0
60,6,PSCO,EPE,1608141600,172.796,172.796,0
60,1,PSCO,PACE,1577836800,201.806,201.806,0
60,1,PSCO,PACE,1579154400,168.095,168.095,0
60,1,PSCO,PACE,1580472000,165.819,165.819,0
60,1,PSCO,PACE,1581789600,208.599,208.599,0
60,1,PSCO,PACE,1583107200,195.56,195.56,0
60,1,PSCO,PACE,1584424800,221.046,221.046,0
60,1,PSCO,PACE,1585742400,196.694,196.694,0
60,1,PSCO,PACE,1587060000,211.329,211.329,0
60,1,PSCO,PACE,1588377600,184.057,184.057,0
60,1,PSCO,PACE,1589695200,174.63,174.63,0
60,1,PSCO,PACE,1591012800,220.905,220.905,0
60,1,PSCO,PACE,1592330400,179.992,179.992,0
60,1,PSCO,PACE,1593648000,180.132,180.132,0
60,1,PSCO,PACE,1594965600,212.921,212.921,0
60,1,PSCO,PACE,1596283200,202.105,202.105,0
60,1,PSCO,PACE,1597600800,189.709,189.709,0
60,1,PSCO,PACE,1598918400,234.795,234.795,0
60,1,PSCO,PACE,1600236000,174.02,174.02,0
60,1,PSCO,PACE,1601553600,195.176,195.176,0
60,1,PSCO,PACE,1602871200,202.804,202.804,0
60,1,PSCO,PACE,1604188800,225.924,225.924,0
60,1,PSCO,PACE,1605506400,203.332,203.332,0
60,1,PSCO,PACE,1606824000,147.36,147.36,0
60,1,PSCO,PACE,1608141600,172.796,172.796,0
60,2,PSCO,PACE,1577836800,257.192,231.196,6
60,2,PSCO,PACE,1579154400,216.528,189.757,6
60,2,PSCO,PACE,1580472000,194.765,180.138,4
60,2,PSCO,PACE,1581789600,255.325,239.995,8
60,2,PSCO,PACE,1583107200,267.446,232.713,9
60,2,PSCO,PACE,1584424800,240.432,229.727,2
60,2,PSCO,PACE,1585742400,256.497,230.269,7
60,2,PSCO,PACE,1587060000,275.658,246.263,8
60,2,PSCO,PACE,1588377600,213.21,204.298,6
60,2,PSCO,PACE,1589695200,184.354,179.956,2
60,2,PSCO,PACE,1591012800,231.28,229.987,2
60,2,PSCO,PACE,1592330400,195.492,196.363,4
60,2,PSCO,PACE,1593648000,218.162,202.544,6
60,2,PSCO,PACE,1594965600,273.264,254.813,9
60,2,PSCO,PACE,1596283200,229.856,214.507,4
60,2,PSCO,PACE,1597600800,189.709,189.709,0
60,2,PSCO,PACE,1598918400,278.885,257.495,6
60,2,PSCO,PACE,1600236000,174.02,174.02,0
60,2,PSCO,PACE,1601553600,227.737,208.849,4
60,2,PSCO,PACE,1602871200,215.276,217.966,3
60,2,PSCO,PACE,1604188800,243.263,234.575,2
60,2,PSCO,PACE,1605506400,230.274,215.248,4
60,2,PSCO,PACE,1606824000,147.36,147.36,0
60,2,PSCO,PACE,1608141600,172.796,172.796,0
60,3,PSCO,PACE,1577836800,209.321,206.834,1
60,3,PSCO,PACE,1579154400,168.095,168.095,0
60,3,PSCO,PACE,1580472000,165.819,165.819,0
60,3,PSCO,PACE,1581789600,212.38,215.208,2
60,3,PSCO,PACE,1583107200,209.634,202.871,2
60,3,PSCO,PACE,1584424800,221.046,221.046,0
60,3,PSCO,PACE,1585742400,196.694,196.694,0
60,3,PSCO,PACE,1587060000,218.998,215.845,1
60,3,PSCO,PACE,1588377600,187.899,187.407,1
60,3,PSCO,PACE,1589695200,174.63,174.63,0
60,3,PSCO,PACE,1591012800,220.905,220.905,0
60,3,PSCO,PACE,1592330400,179.992,179.992,0
60,3,PSCO,PACE,1593648000,194.399,187.687,2
60,3,PSCO,PACE,1594965600,212.849,220.093,2
60,3,PSCO,PACE,1596283200,202.105,202.105,0
60,3,PSCO,PACE,1597600800,189.709,189.709,0
60,3,PSCO,PACE,1598918400,240.724,239.606,1
60,3,PSCO,PACE,1600236000,174.02,174.02,0
60,3,PSCO,PACE,1601553600,195.176,195.176,0
60,3,PSCO,PACE,1602871200,224.107,217.966,3
60,3,PSCO,PACE,1604188800,225.924,225.924,0
60,3,PSCO,PACE,1605506400,203.332,203.332,0
60,3,PSCO,PACE,1606824000,147.36,147.36,0
60,3,PSCO,PACE,1608141600,172.796,172.796,0
60,4,PSCO,PACE,1577836800,201.806,201.806,0
60,4,PSCO,PACE,1579154400,168.095,168.095,0
60,4,PSCO,PACE,1580472000,165.819,165.819,0
60,4,PSCO,PACE,1581789600,203.157,215.208,2
60,4,PSCO,PACE,1583107200,195.56,195.56,0
60,4,PSCO,PACE,1584424800,221.046,221.046,0
60,4,PSCO,PACE,1585742400,196.694,196.694,0
60,4,PSCO,PACE,1587060000,211.329,211.329,0
60,4,PSCO,PACE,1588377600,184.057,184.057,0
60,4,PSCO,PACE,1589695200,174.63,174.63,0
60,4,PSCO,PACE,1591012800,220.905,220.905,0
60,4,PSCO,PACE,1592330400,179.992,179.992,0
60,4,PSCO,PACE,1593648000,180.132,180.132,0
60,4,PSCO,PACE,1594965600,205.226,216.392,1
60,4,PSCO,PACE,1596283200,202.105,202.105,0
60,4,PSCO,PACE,1597600800,189.709,189.709,0
60,4,PSCO,PACE,1598918400,234.795,234.795,0
60,4,PSCO,PACE,1600236000,174.02,174.02,0
60,4,PSCO,PACE,1601553600,195.176,195.176,0
60,4,PSCO,PACE,1602871200,202.804,202.804,0
60,4,PSCO,PACE,1604188800,225.924,225.924,0
60,4,PSCO,PACE,1605506400,203.332,203.332,0
60,4,PSCO,PACE,1606824000,147.36,147.36,0
60,4,PSCO,PACE,1608141600,172.796,172.796,0
60,5,PSCO,PACE,1577836800,254.464,231.196,6
60,5,PSCO,PACE,1579154400,214.357,189.757,6
60,5,PSCO,PACE,1580472000,200.553,184.362,5
60,5,PSCO,PACE,1581789600,251.99,239.995,8
60,5,PSCO,PACE,1583107200,264.026,232.713,9
60,5,PSCO,PACE,1584424800,239.814,229.727,2
60,5,PSCO,PACE,1585742400,236.585,220.694,5
60,5,PSCO,PACE,1587060000,273.581,246.263,8
60,5,PSCO,PACE,1588377600,210.796,204.298,6
60,5,PSCO,PACE,1589695200,182.931,179.956,2
60,5,PSCO,PACE,1591012800,230.554,229.987,2
60,5,PSCO,PACE,1592330400,202.656,201.137,5
60,5,PSCO,PACE,1593648000,202.085,195.383,4
60,5,PSCO,PACE,1594965600,269.348,254.813,9
60,5,PSCO,PACE,1596283200,229.263,214.507,4
60,5,PSCO,PACE,1597600800,189.709,189.709,0
60,5,PSCO,PACE,1598918400,277.557,257.495,6
60,5,PSCO,PACE,1600236000,174.02,174.02,0
60,5,PSCO,PACE,1601553600,225.176,208.849,4
60,5,PSCO,PACE,1602871200,212.906,217.966,3
60,5,PSCO,PACE,1604188800,242.385,234.575,2
60,5,PSCO,PACE,1605506400,229.074,215.248,4
60,5,PSCO,PACE,1606824000,147.36,147.36,0
60,5,PSCO,PACE,1608141600,172.796,172.796,0
60,6,PSCO,PACE,1577836800,201.806,201.806,0
60,6,PSCO,PACE,1579154400,168.095,168.095,0
60,6,PSCO,PACE,1580472000,165.819,165.819,0
60,6,PSCO,PACE,1581789600,205.926,215.208,2
60,6,PSCO,PACE,1583107200,195.56,195.56,0
60,6,PSCO,PACE,1584424800,221.046,221.046,0
60,6,PSCO,PACE,1585742400,196.694,196.694,0
60,6,PSCO,PACE,1587060000,211.329,211.329,0
60,6,PSCO,PACE,1588377600,184.814,187.407,1
60,6,PSCO,PACE,1589695200,174.63,174.63,0
60,6,PSCO,PACE,1591012800,220.905,220.905,0
60,6,PSCO,PACE,1592330400,179.992,179.992,0
60,6,PSCO,PACE,1593648000,180.132,180.132,0
60,6,PSCO,PACE,1594965600,207.301,216.392,1
60,6,PSCO,PACE,1596283200,202.105,202.105,0
60,6,PSCO,PACE,1597600800,189.709,189.709,0
60,6,PSCO,PACE,1598918400,234.795,234.795,0
60,6,PSCO,PACE,1600236000,174.02,174.02,0
60,6,PSCO,PACE,1601553600,195.176,195.176,0
60,6,PSCO,PACE,1602871200,202.804,202.804,0
60,6,PSCO,PACE,1604188800,225.924,225.924,0
60,6,PSCO,PACE,1605506400,203.332,203.332,0
60,6,PSCO,PACE,1606824000,147.36,147.36,0
60,6,PSCO,PACE,1608141600,172.796,172.796,0
60,1,TEPC,AECI,1577836800,261.782,261.782,0
60,1,TEPC,AECI,1579154400,260.044,260.044,0
60,1,TEPC,AECI,1580472000,227.287,227.287,0
60,1,TEPC,AECI,1581789600,230.952,230.952,0
60,1,TEPC,AECI,1583107200,213.887,213.887,0
60,1,TEPC,AECI,1584424800,209.261,209.261,0
60,1,TEPC,AECI,1585742400,163.89,163.89,0
60,1,TEPC,AECI,1587060000,178.693,178.693,0
60,1,TEPC,AECI,1588377600,179.254,179.254,0
60,1,TEPC,AECI,1589695200,215.518,215.518,0
60,1,TEPC,AECI,1591012800,222.496,222.496,0
60,1,TEPC,AECI,1592330400,189.451,189.451,0
60,1,TEPC,AECI,1593648000,215.878,215.878,0
60,1,TEPC,AECI,1594965600,207.863,207.863,0
60,1,TEPC,AECI,1596283200,219.66,219.66,0
60,1,TEPC,AECI,1597600800,232.192,232.192,0
60,1,TEPC,AECI,1598918400,219.508,219.508,0
60,1,TEPC,AECI,1600236000,245.174,245.174,0
60,1,TEPC,AECI,1601553600,235.921,235.921,0
60,1,TEPC,AECI,1602871200,262.53,262.53,0
60,1,TEPC,AECI,1604188800,265.706,265.706,0
60,1,TEPC,AECI,1605506400,225.001,225.001,0
60,1,TEPC,AECI,1606824000,193.11,193.11,0
60,1,TEPC,AECI,1608141600,251.11,251.11,0
60,2,TEPC,AECI,1577836800,202.56,278.632,3
60,2,TEPC,AECI,1579154400,214.423,277.66,3
60,2,TEPC,AECI,1580472000,199.776,244.594,3
60,2,TEPC,AECI,1581789600,224.82,245.453,4
60,2,TEPC,AECI,1583107200,215.266,238.444,5
60,2,TEPC,AECI,1584424800,233.866,242.185,7
60,2,TEPC,AECI,1585742400,171.159,183.39,6
60,2,TEPC,AECI,1587060000,188.376,199.826,7
60,2,TEPC,AECI,1588377600,190.753,198.444,5
60,2,TEPC,AECI,1589695200,204.372,241.804,5
60,2,TEPC,AECI,1591012800,179.173,236.568,3
60,2,TEPC,AECI,1592330400,208.99,209.975,6
60,2,TEPC,AECI,1593648000,235.593,238.711,5
60,2,TEPC,AECI,1594965600,224.663,232.86,5
60,2,TEPC,AECI,1596283200,263.243,253.293,8
60,2,TEPC,AECI,1597600800,278.179,258.606,6
60,2,TEPC,AECI,1598918400,302.526,279.791,13
60,2,TEPC,AECI,1600236000,261.204,272.614,5
60,2,TEPC,AECI,1601553600,284.09,278.521,10
60,2,TEPC,AECI,1602871200,287.379,320.234,11
60,2,TEPC,AECI,1604188800,275.349,290.294,5
60,2,TEPC,AECI,1605506400,239.232,239.934,3
60,2,TEPC,AECI,1606824000,193.11,193.11,0
60,2,TEPC,AECI,1608141600,228.889,266.364,3
60,3,TEPC,AECI,1577836800,182.811,267.327,1
60,3,TEPC,AECI,1579154400,196.877,265.972,1
60,3,TEPC,AECI,1580472000,187.525,232.948,1
60,3,TEPC,AECI,1581789600,247.857,245.453,4
60,3,TEPC,AECI,1583107200,213.887,213.887,0
60,3,TEPC,AECI,1584424800,187.711,214.078,1
60,3,TEPC,AECI,1585742400,160.216,178.204,4
60,3,TEPC,AECI,1587060000,187.078,187.04,3
60,3,TEPC,AECI,1588377600,179.254,179.254,0
60,3,TEPC,AECI,1589695200,166.359,220.659,1
60,3,TEPC,AECI,1591012800,161.207,227.481,1
60,3,TEPC,AECI,1592330400,210.171,203.165,4
60,3,TEPC,AECI,1593648000,215.878,215.878,0
60,3,TEPC,AECI,1594965600,229.234,232.86,5
60,3,TEPC,AECI,1596283200,193.474,224.499,1
60,3,TEPC,AECI,1597600800,232.192,232.192,0
60,3,TEPC,AECI,1598918400,212.85,236.985,4
60,3,TEPC,AECI,1600236000,251.085,250.543,1
60,3,TEPC,AECI,1601553600,192.678,240.805,1
60,3,TEPC,AECI,1602871200,188.911,267.329,1
60,3,TEPC,AECI,1604188800,270.517,275.245,2
60,3,TEPC,AECI,1605506400,223.001,230.103,1
60,3,TEPC,AECI,1606824000,193.11,193.11,0
60,3,TEPC,AECI,1608141600,204.015,256.156,1
60,4,TEPC,AECI,1577836800,182.811,267.327,1
60,4,TEPC,AECI,1579154400,196.877,265.972,1
60,4,TEPC,AECI,1580472000,191.262,232.948,1
60,4,TEPC,AECI,1581789600,230.952,230.952,0
60,4,TEPC,AECI,1583107200,213.887,213.887,0
60,4,TEPC,AECI,1584424800,215.055,214.078,1
60,4,TEPC,AECI,1585742400,163.89,163.89,0
60,4,TEPC,AECI,1587060000,178.693,178.693,0
60,4,TEPC,AECI,1588377600,179.254,179.254,0
60,4,TEPC,AECI,1589695200,177.979,220.659,1
60,4,TEPC,AECI,1591012800,161.207,227.481,1
60,4,TEPC,AECI,1592330400,189.451,189.451,0
60,4,TEPC,AECI,1593648000,215.878,215.878,0
60,4,TEPC,AECI,1594965600,207.863,207.863,0
60,4,TEPC,AECI,1596283200,219.66,219.66,0
60,4,TEPC,AECI,1597600800,232.192,232.192,0
60,4,TEPC,AECI,1598918400,219.508,219.508,0
60,4,TEPC,AECI,1600236000,245.174,245.174,0
60,4,TEPC,AECI,1601553600,235.921,235.921,0
60,4,TEPC,AECI,1602871200,188.911,267.329,1
60,4,TEPC,AECI,1604188800,265.706,265.706,0
60,4,TEPC,AECI,1605506400,225.636,230.103,1
60,4,TEPC,AECI,1606824000,193.11,193.11,0
60,4,TEPC,AECI,1608141600,251.11,251.11,0
60,5,TEPC,AECI,1577836800,202.027,278.632,3
60,5,TEPC,AECI,1579154400,213.951,277.66,3
60,5,TEPC,AECI,1580472000,197.812,244.594,3
60,5,TEPC,AECI,1581789600,223.325,245.453,4
60,5,TEPC,AECI,1583107200,211.735,238.444,5
60,5,TEPC,AECI,1584424800,232.483,242.185,7
60,5,TEPC,AECI,1585742400,157.97,178.204,4
60,5,TEPC,AECI,1587060000,199.755,207.643,9
60,5,TEPC,AECI,1588377600,187.699,198.444,5
60,5,TEPC,AECI,1589695200,201.145,241.804,5
60,5,TEPC,AECI,1591012800,163.834,227.481,1
60,5,TEPC,AECI,1592330400,207.211,209.975,6
60,5,TEPC,AECI,1593648000,232.614,238.711,5
60,5,TEPC,AECI,1594965600,223.0,232.86,5
60,5,TEPC,AECI,1596283200,262.341,253.293,8
60,5,TEPC,AECI,1597600800,277.452,258.606,6
60,5,TEPC,AECI,1598918400,299.203,279.791,13
60,5,TEPC,AECI,1600236000,259.674,272.614,5
60,5,TEPC,AECI,1601553600,282.692,278.521,10
60,5,TEPC,AECI,1602871200,267.532,308.97,9
60,5,TEPC,AECI,1604188800,272.423,290.294,5
60,5,TEPC,AECI,1605506400,237.856,239.934,3
60,5,TEPC,AECI,1606824000,193.11,193.11,0
60,5,TEPC,AECI,1608141600,226.706,266.364,3
60,6,TEPC,AECI,1577836800,182.811,267.327,1
60,6,TEPC,AECI,1579154400,196.877,265.972,1
60,6,TEPC,AECI,1580472000,187.952,232.948,1
60,6,TEPC,AECI,1581789600,230.952,230.952,0
60,6,TEPC,AECI,1583107200,213.887,213.887,0
60,6,TEPC,AECI,1584424800,209.261,209.261,0
60,6,TEPC,AECI,1585742400,136.754,167.958,1
60,6,TEPC,AECI,1587060000,178.693,178.693,0
60,6,TEPC,AECI,1588377600,179.254,179.254,0
60,6,TEPC,AECI,1589695200,166.359,220.659,1
60,6,TEPC,AECI,1591012800,161.207,227.481,1
60,6,TEPC,AECI,1592330400,189.451,189.451,0
60,6,TEPC,AECI,1593648000,215.878,215.878,0
60,6,TEPC,AECI,1594965600,207.863,207.863,0
60,6,TEPC,AECI,1596283200,219.66,219.66,0
60,6,TEPC,AECI,1597600800,232.192,232.192,0
60,6,TEPC,AECI,1598918400,219.508,219.508,0
60,6,TEPC,AECI,1600236000,245.174,245.174,0
60,6,TEPC,AECI,1601553600,192.678,240.805,1
60,6,TEPC,AECI,1602871200,188.911,267.329,1
60,6,TEPC,AECI,1604188800,265.706,265.706,0
60,6,TEPC,AECI,1605506400,225.001,225.001,0
60,6,TEPC,AECI,1606824000,193.11,193.11,0
60,6,TEPC,AECI,1608141600,204.015,256.156,1
90,1,AECI,EPE,1577836800,171.652,171.652,0
90,1,AECI,EPE,1579154400,184.829,184.829,0
90,1,AECI,EPE,1580472000,179.08,179.08,0
90,1,AECI,EPE,1581789600,190.047,190.047,0
90,1,AECI,EPE,1583107200,177.533,177.533,0
90,1,AECI,EPE,1584424800,173.609,173.609,0
90,1,AECI,EPE,1585742400,130.078,130.078,0
90,1,AECI,EPE,1587060000,146.519,146.519,0
90,1,AECI,EPE,1588377600,154.192,154.192,0
90,1,AECI,EPE,1589695200,158.058,158.058,0
90,1,AECI,EPE,1591012800,151.782,151.782,0
90,1,AECI,EPE,1592330400,159.195,159.195,0
90,1,AECI,EPE,1593648000,183.868,183.868,0
90,1,AECI,EPE,1594965600,175.21,175.21,0
90,1,AECI,EPE,1596283200,180.832,180.832,0
90,1,AECI,EPE,1597600800,201.072,201.072,0
90,1,AECI,EPE,1598918400,180.384,180.384,0
90,1,AECI,EPE,1600236000,202.899,202.899,0
90,1,AECI,EPE,1601553600,182.573,182.573,0
90,1,AECI,EPE,1602871200,178.75,178.75,0
90,1,AECI,EPE,1604188800,219.569,219.569,0
90,1,AECI,EPE,1605506400,205.232,205.232,0
90,1,AECI,EPE,1606824000,196.187,196.187,0
90,1,AECI,EPE,1608141600,194.483,194.483,0
90,2,AECI,EPE,1577836800,322.541,235.514,11
90,2,AECI,EPE,1579154400,252.659,207.293,4
90,2,AECI,EPE,1580472000,206.277,197.902,3
90,2,AECI,EPE,1581789600,189.811,198.479,1
90,2,AECI,EPE,1583107200,250.675,209.032,6
90,2,AECI,EPE,1584424800,237.561,198.758,5
90,2,AECI,EPE,1585742400,186.672,158.186,5
90,2,AECI,EPE,1587060000,209.583,170.517,6
90,2,AECI,EPE,1588377600,220.081,181.716,6
90,2,AECI,EPE,1589695200,232.337,187.886,6
90,2,AECI,EPE,1591012800,243.994,190.105,7
90,2,AECI,EPE,1592330400,261.445,198.837,8
90,2,AECI,EPE,1593648000,264.14,216.188,6
90,2,AECI,EPE,1594965600,231.653,195.58,4
90,2,AECI,EPE,1596283200,255.497,210.402,5
90,2,AECI,EPE,1597600800,252.4,220.708,3
90,2,AECI,EPE,1598918400,309.099,231.191,9
90,2,AECI,EPE,1600236000,223.779,213.901,2
90,2,AECI,EPE,1601553600,235.738,201.35,3
90,2,AECI,EPE,1602871200,254.887,211.475,5
90,2,AECI,EPE,1604188800,285.369,254.938,6
90,2,AECI,EPE,1605506400,222.994,214.804,2
90,2,AECI,EPE,1606824000,236.019,217.063,3
90,2,AECI,EPE,1608141600,376.962,274.709,13
90,3,AECI,EPE,1577836800,217.044,179.057,1
90,3,AECI,EPE,1579154400,220.798,192.82,1
90,3,AECI,EPE,1580472000,204.593,197.902,3
90,3,AECI,EPE,1581789600,189.811,198.479,1
90,3,AECI,EPE,1583107200,216.434,186.056,1
90,3,AECI,EPE,1584424800,216.18,182.634,2
90,3,AECI,EPE,1585742400,172.273,147.881,3
90,3,AECI,EPE,1587060000,188.043,153.628,2
90,3,AECI,EPE,1588377600,196.227,161.5,1
90,3,AECI,EPE,1589695200,207.354,168.287,2
90,3,AECI,EPE,1591012800,151.782,151.782,0
90,3,AECI,EPE,1592330400,174.502,165.665,1
90,3,AECI,EPE,1593648000,212.235,191.747,1
90,3,AECI,EPE,1594965600,235.55,195.58,4
90,3,AECI,EPE,1596283200,261.228,210.402,5
90,3,AECI,EPE,1597600800,228.435,209.122,1
90,3,AECI,EPE,1598918400,227.961,191.074,2
90,3,AECI,EPE,1600236000,222.832,213.901,2
90,3,AECI,EPE,1601553600,226.385,201.35,3
90,3,AECI,EPE,1602871200,195.256,186.552,1
90,3,AECI,EPE,1604188800,231.251,228.152,1
90,3,AECI,EPE,1605506400,219.303,214.804,2
90,3,AECI,EPE,1606824000,213.456,204.333,1
90,3,AECI,EPE,1608141600,230.545,201.57,1
90,4,AECI,EPE,1577836800,171.652,171.652,0
90,4,AECI,EPE,1579154400,184.829,184.829,0
90,4,AECI,EPE,1580472000,195.139,186.263,1
90,4,AECI,EPE,1581789600,189.811,198.479,1
90,4,AECI,EPE,1583107200,177.533,177.533,0
90,4,AECI,EPE,1584424800,173.609,173.609,0
90,4,AECI,EPE,1585742400,130.078,130.078,0
90,4,AECI,EPE,1587060000,146.519,146.519,0
90,4,AECI,EPE,1588377600,154.192,154.192,0
90,4,AECI,EPE,1589695200,158.058,158.058,0
90,4,AECI,EPE,1591012800,151.782,151.782,0
90,4,AECI,EPE,1592330400,159.195,159.195,0
90,4,AECI,EPE,1593648000,183.868,183.868,0
90,4,AECI,EPE,1594965600,175.21,175.21,0
90,4,AECI,EPE,1596283200,180.832,180.832,0
90,4,AECI,EPE,1597600800,215.014,209.122,1
90,4,AECI,EPE,1598918400,180.384,180.384,0
90,4,AECI,EPE,1600236000,214.227,210.142,1
90,4,AECI,EPE,1601553600,182.573,182.573,0
90,4,AECI,EPE,1602871200,178.75,178.75,0
90,4,AECI,EPE,1604188800,231.251,228.152,1
90,4,AECI,EPE,1605506400,218.913,211.558,1
90,4,AECI,EPE,1606824000,213.456,204.333,1
90,4,AECI,EPE,1608141600,194.483,194.483,0
90,5,AECI,EPE,1577836800,320.297,235.514,11
90,5,AECI,EPE,1579154400,250.503,207.293,4
90,5,AECI,EPE,1580472000,205.576,197.902,3
90,5,AECI,EPE,1581789600,189.811,198.479,1
90,5,AECI,EPE,1583107200,224.849,199.76,4
90,5,AECI,EPE,1584424800,237.436,198.758,5
90,5,AECI,EPE,1585742400,185.17,158.186,5
90,5,AECI,EPE,1587060000,207.736,170.517,6
90,5,AECI,EPE,1588377600,218.402,181.716,6
90,5,AECI,EPE,1589695200,242.528,194.585,7
90,5,AECI,EPE,1591012800,242.513,190.105,7
90,5,AECI,EPE,1592330400,257.901,198.837,8
90,5,AECI,EPE,1593648000,261.37,216.188,6
90,5,AECI,EPE,1594965600,229.826,195.58,4
90,5,AECI,EPE,1596283200,254.473,210.402,5
90,5,AECI,EPE,1597600800,251.59,220.708,3
90,5,AECI,EPE,1598918400,307.858,231.191,9
90,5,AECI,EPE,1600236000,222.832,213.901,2
90,5,AECI,EPE,1601553600,235.125,201.35,3
90,5,AECI,EPE,1602871200,254.088,211.475,5
90,5,AECI,EPE,1604188800,283.005,254.938,6
90,5,AECI,EPE,1605506400,222.1,214.804,2
90,5,AECI,EPE,1606824000,235.732,217.063,3
90,5,AECI,EPE,1608141600,373.757,274.709,13
90,6,AECI,EPE,1577836800,171.652,171.652,0
90,6,AECI,EPE,1579154400,220.798,192.82,1
90,6,AECI,EPE,1580472000,195.139,186.263,1
90,6,AECI,EPE,1581789600,189.811,198.479,1
90,6,AECI,EPE,1583107200,216.434,186.056,1
90,6,AECI,EPE,1584424800,211.319,179.684,1
90,6,AECI,EPE,1585742400,130.078,130.078,0
90,6,AECI,EPE,1587060000,174.905,151.4,1
90,6,AECI,EPE,1588377600,182.233,161.5,1
90,6,AECI,EPE,1589695200,192.192,164.985,1
90,6,AECI,EPE,1591012800,151.782,151.782,0
90,6,AECI,EPE,1592330400,159.195,159.195,0
90,6,AECI,EPE,1593648000,212.235,191.747,1
90,6,AECI,EPE,1594965600,175.21,175.21,0
90,6,AECI,EPE,1596283200,218.504,188.162,1
90,6,AECI,EPE,1597600800,228.435,209.122,1
90,6,AECI,EPE,1598918400,217.794,187.524,1
90,6,AECI,EPE,1600236000,214.227,210.142,1
90,6,AECI,EPE,1601553600,182.573,182.573,0
90,6,AECI,EPE,1602871200,178.75,178.75,0
90,6,AECI,EPE,1604188800,231.251,228.152,1
90,6,AECI,EPE,1605506400,218.913,211.558,1
90,6,AECI,EPE,1606824000,213.456,204.333,1
90,6,AECI,EPE,1608141600,230.545,201.57,1
90,1,AECI,PACE,1577836800,171.652,171.652,0
90,1,AECI,PACE,1579154400,184.829,184.829,0
90,1,AECI,PACE,1580472000,179.08,179.08,0
90,1,AECI,PACE,1581789600,190.047,190.047,0
90,1,AECI,PACE,1583107200,177.533,177.533,0
90,1,AECI,PACE,1584424800,173.609,173.609,0
90,1,AECI,PACE,1585742400,130.078,130.078,0
90,1,AECI,PACE,1587060000,146.519,146.519,0
90,1,AECI,PACE,1588377600,154.192,154.192,0
90,1,AECI,PACE,1589695200,158.058,158.058,0
90,1,AECI,PACE,1591012800,151.782,151.782,0
90,1,AECI,PACE,1592330400,159.195,159.195,0
90,1,AECI,PACE,1593648000,183.868,183.868,0
90,1,AECI,PACE,1594965600,175.21,175.21,0
90,1,AECI,PACE,1596283200,180.832,180.832,0
90,1,AECI,PACE,1597600800,201.072,201.072,0
90,1,AECI,PACE,1598918400,180.384,180.384,0
90,1,AECI,PACE,1600236000,202.899,202.899,0
90,1,AECI,PACE,1601553600,182.573,182.573,0
90,1,AECI,PACE,1602871200,178.75,178.75,0
90,1,AECI,PACE,1604188800,219.569,219.569,0
90,1,AECI,PACE,1605506400,205.232,205.232,0
90,1,AECI,PACE,1606824000,196.187,196.187,0
90,1,AECI,PACE,1608141600,194.483,194.483,0
90,2,AECI,PACE,1577836800,225.522,194.607,4
90,2,AECI,PACE,1579154400,265.352,217.626,6
90,2,AECI,PACE,1580472000,241.292,209.359,5
90,2,AECI,PACE,1581789600,230.206,210.571,3
90,2,AECI,PACE,1583107200,221.999,199.76,4
90,2,AECI,PACE,1584424800,199.247,182.634,2
90,2,AECI,PACE,1585742400,130.078,130.078,0
90,2,AECI,PACE,1587060000,167.202,153.628,2
90,2,AECI,PACE,1588377600,190.345,173.982,4
90,2,AECI,PACE,1589695200,209.026,178.062,4
90,2,AECI,PACE,1591012800,177.591,162.093,2
90,2,AECI,PACE,1592330400,201.128,178.197,4
90,2,AECI,PACE,1593648000,258.444,216.188,6
90,2,AECI,PACE,1594965600,289.373,227.568,9
90,2,AECI,PACE,1596283200,312.858,236.064,10
90,2,AECI,PACE,1597600800,375.81,276.645,11
90,2,AECI,PACE,1598918400,231.58,202.042,4
90,2,AECI,PACE,1600236000,268.535,225.579,4
90,2,AECI,PACE,1601553600,257.052,213.279,5
90,2,AECI,PACE,1602871200,241.595,211.475,5
90,2,AECI,PACE,1604188800,306.873,254.938,6
90,2,AECI,PACE,1605506400,262.204,224.524,4
90,2,AECI,PACE,1606824000,274.911,230.791,5
90,2,AECI,PACE,1608141600,299.061,238.163,7
90,3,AECI,PACE,1577836800,208.081,182.887,2
90,3,AECI,PACE,1579154400,252.15,207.293,4
90,3,AECI,PACE,1580472000,219.207,197.902,3
90,3,AECI,PACE,1581789600,211.558,198.479,1
90,3,AECI,PACE,1583107200,221.17,186.056,1
90,3,AECI,PACE,1584424800,173.609,173.609,0
90,3,AECI,PACE,1585742400,130.078,130.078,0
90,3,AECI,PACE,1587060000,146.519,146.519,0
90,3,AECI,PACE,1588377600,191.897,161.5,1
90,3,AECI,PACE,1589695200,181.659,168.287,2
90,3,AECI,PACE,1591012800,151.782,151.782,0
90,3,AECI,PACE,1592330400,159.195,159.195,0
90,3,AECI,PACE,1593648000,227.313,191.747,1
90,3,AECI,PACE,1594965600,196.946,185.187,2
90,3,AECI,PACE,1596283200,180.832,180.832,0
90,3,AECI,PACE,1597600800,280.036,233.377,5
90,3,AECI,PACE,1598918400,206.968,191.074,2
90,3,AECI,PACE,1600236000,239.816,213.901,2
90,3,AECI,PACE,1601553600,182.573,182.573,0
90,3,AECI,PACE,1602871200,234.598,198.886,3
90,3,AECI,PACE,1604188800,296.354,243.908,4
90,3,AECI,PACE,1605506400,242.739,214.804,2
90,3,AECI,PACE,1606824000,292.81,230.791,5
90,3,AECI,PACE,1608141600,226.118,204.894,2
90,4,AECI,PACE,1577836800,171.652,171.652,0
90,4,AECI,PACE,1579154400,184.829,184.829,0
90,4,AECI,PACE,1580472000,179.08,179.08,0
90,4,AECI,PACE,1581789600,213.42,198.479,1
90,4,AECI,PACE,1583107200,177.533,177.533,0
90,4,AECI,PACE,1584424800,173.609,173.609,0
90,4,AECI,PACE,1585742400,130.078,130.078,0
90,4,AECI,PACE,1587060000,146.519,146.519,0
90,4,AECI,PACE,1588377600,154.192,154.192,0
90,4,AECI,PACE,1589695200,158.058,158.058,0
90,4,AECI,PACE,1591012800,151.782,151.782,0
90,4,AECI,PACE,1592330400,159.195,159.195,0
90,4,AECI,PACE,1593648000,183.868,183.868,0
90,4,AECI,PACE,1594965600,175.21,175.21,0
90,4,AECI,PACE,1596283200,180.832,180.832,0
90,4,AECI,PACE,1597600800,201.072,201.072,0
90,4,AECI,PACE,1598918400,180.384,180.384,0
90,4,AECI,PACE,1600236000,202.899,202.899,0
90,4,AECI,PACE,1601553600,182.573,182.573,0
90,4,AECI,PACE,1602871200,178.75,178.75,0
90,4,AECI,PACE,1604188800,219.569,219.569,0
90,4,AECI,PACE,1605506400,205.232,205.232,0
90,4,AECI,PACE,1606824000,196.187,196.187,0
90,4,AECI,PACE,1608141600,194.483,194.483,0
90,5,AECI,PACE,1577836800,223.816,194.607,4
90,5,AECI,PACE,1579154400,263.999,217.626,6
90,5,AECI,PACE,1580472000,238.745,209.359,5
90,5,AECI,PACE,1581789600,229.189,210.571,3
90,5,AECI,PACE,1583107200,220.419,199.76,4
90,5,AECI,PACE,1584424800,197.376,182.634,2
90,5,AECI,PACE,1585742400,130.078,130.078,0
90,5,AECI,PACE,1587060000,166.121,153.628,2
90,5,AECI,PACE,1588377600,186.614,173.982,4
90,5,AECI,PACE,1589695200,206.033,178.062,4
90,5,AECI,PACE,1591012800,176.526,162.093,2
90,5,AECI,PACE,1592330400,197.054,178.197,4
90,5,AECI,PACE,1593648000,253.142,216.188,6
90,5,AECI,PACE,1594965600,284.949,227.568,9
90,5,AECI,PACE,1596283200,309.737,236.064,10
90,5,AECI,PACE,1597600800,373.037,276.645,11
90,5,AECI,PACE,1598918400,230.406,202.042,4
90,5,AECI,PACE,1600236000,266.761,225.579,4
90,5,AECI,PACE,1601553600,265.878,217.101,6
90,5,AECI,PACE,1602871200,240.245,211.475,5
90,5,AECI,PACE,1604188800,305.784,254.938,6
90,5,AECI,PACE,1605506400,260.789,224.524,4
90,5,AECI,PACE,1606824000,273.915,230.791,5
90,5,AECI,PACE,1608141600,297.675,238.163,7
90,6,AECI,PACE,1577836800,171.652,171.652,0
90,6,AECI,PACE,1579154400,184.829,184.829,0
90,6,AECI,PACE,1580472000,212.113,186.263,1
90,6,AECI,PACE,1581789600,211.558,198.479,1
90,6,AECI,PACE,1583107200,217.714,186.056,1
90,6,AECI,PACE,1584424800,173.609,173.609,0
90,6,AECI,PACE,1585742400,130.078,130.078,0
90,6,AECI,PACE,1587060000,146.519,146.519,0
90,6,AECI,PACE,1588377600,184.309,161.5,1
90,6,AECI,PACE,1589695200,158.058,158.058,0
90,6,AECI,PACE,1591012800,151.782,151.782,0
90,6,AECI,PACE,1592330400,159.195,159.195,0
90,6,AECI,PACE,1593648000,221.536,191.747,1
90,6,AECI,PACE,1594965600,212.92,181.77,1
90,6,AECI,PACE,1596283200,180.832,180.832,0
90,6,AECI,PACE,1597600800,201.072,201.072,0
90,6,AECI,PACE,1598918400,180.384,180.384,0
90,6,AECI,PACE,1600236000,202.899,202.899,0
90,6,AECI,PACE,1601553600,182.573,182.573,0
90,6,AECI,PACE,1602871200,178.75,178.75,0
90,6,AECI,PACE,1604188800,265.931,228.152,1
90,6,AECI,PACE,1605506400,245.608,211.558,1
90,6,AECI,PACE,1606824000,196.187,196.187,0
90,6,AECI,PACE,1608141600,237.715,201.57,1
90,1,AECI,TEPC,1577836800,171.652,171.652,0
90,1,AECI,TEPC,1579154400,184.829,184.829,0
90,1,AECI,TEPC,1580472000,179.08,179.08,0
90,1,AECI,TEPC,1581789600,190.047,190.047,0
90,1,AECI,TEPC,1583107200,177.533,177.533,0
90,1,AECI,TEPC,1584424800,173.609,173.609,0
90,1,AECI,TEPC,1585742400,130.078,130.078,0
90,1,AECI,TEPC,1587060000,146.519,146.519,0
90,1,AECI,TEPC,1588377600,154.192,154.192,0
90,1,AECI,TEPC,1589695200,158.058,158.058,0
90,1,AECI,TEPC,1591012800,151.782,151.782,0
90,1,AECI,TEPC,1592330400,159.195,159.195,0
90,1,AECI,TEPC,1593648000,183.868,183.868,0
90,1,AECI,TEPC,1594965600,175.21,175.21,0
90,1,AECI,TEPC,1596283200,180.832,180.832,0
90,1,AECI,TEPC,1597600800,201.072,201.072,0
90,1,AECI,TEPC,1598918400,180.384,180.384,0
90,1,AECI,TEPC,1600236000,202.899,202.899,0
90,1,AECI,TEPC,1601553600,182.573,182.573,0
90,1,AECI,TEPC,1602871200,178.75,178.75,0
90,1,AECI,TEPC,1604188800,219.569,219.569,0
90,1,AECI,TEPC,1605506400,205.232,205.232,0
90,1,AECI,TEPC,1606824000,196.187,196.187,0
90,1,AECI,TEPC,1608141600,194.483,194.483,0
90,2,AECI,TEPC,1577836800,199.67,182.887,2
90,2,AECI,TEPC,1579154400,213.48,196.664,2
90,2,AECI,TEPC,1580472000,236.929,209.359,5
90,2,AECI,TEPC,1581789600,256.406,221.698,5
90,2,AECI,TEPC,1583107200,245.659,209.032,6
90,2,AECI,TEPC,1584424800,248.092,202.336,6
90,2,AECI,TEPC,1585742400,179.624,158.186,5
90,2,AECI,TEPC,1587060000,219.658,178.35,8
90,2,AECI,TEPC,1588377600,215.338,181.716,6
90,2,AECI,TEPC,1589695200,233.399,187.886,6
90,2,AECI,TEPC,1591012800,177.173,162.093,2
90,2,AECI,TEPC,1592330400,254.701,198.837,8
90,2,AECI,TEPC,1593648000,266.069,216.188,6
90,2,AECI,TEPC,1594965600,230.942,195.58,4
90,2,AECI,TEPC,1596283200,258.511,210.402,5
90,2,AECI,TEPC,1597600800,319.827,247.824,7
90,2,AECI,TEPC,1598918400,408.012,276.644,17
90,2,AECI,TEPC,1600236000,267.847,225.579,4
90,2,AECI,TEPC,1601553600,316.058,237.457,9
90,2,AECI,TEPC,1602871200,296.489,228.545,8
90,2,AECI,TEPC,1604188800,309.741,254.938,6
90,2,AECI,TEPC,1605506400,261.473,224.524,4
90,2,AECI,TEPC,1606824000,207.167,204.333,1
90,2,AECI,TEPC,1608141600,253.49,216.395,4
90,3,AECI,TEPC,1577836800,171.652,171.652,0
90,3,AECI,TEPC,1579154400,184.829,184.829,0
90,3,AECI,TEPC,1580472000,179.08,179.08,0
90,3,AECI,TEPC,1581789600,261.06,210.571,3
90,3,AECI,TEPC,1583107200,227.785,186.056,1
90,3,AECI,TEPC,1584424800,199.732,182.634,2
90,3,AECI,TEPC,1585742400,162.02,147.881,3
90,3,AECI,TEPC,1587060000,197.718,158.597,3
90,3,AECI,TEPC,1588377600,191.631,161.5,1
90,3,AECI,TEPC,1589695200,180.303,168.287,2
90,3,AECI,TEPC,1591012800,151.782,151.782,0
90,3,AECI,TEPC,1592330400,216.067,175.02,3
90,3,AECI,TEPC,1593648000,230.558,191.747,1
90,3,AECI,TEPC,1594965600,230.81,195.58,4
90,3,AECI,TEPC,1596283200,221.956,199.448,3
90,3,AECI,TEPC,1597600800,246.594,209.122,1
90,3,AECI,TEPC,1598918400,251.166,212.592,6
90,3,AECI,TEPC,1600236000,263.813,213.901,2
90,3,AECI,TEPC,1601553600,182.573,182.573,0
90,3,AECI,TEPC,1602871200,194.333,186.552,1
90,3,AECI,TEPC,1604188800,304.616,243.908,4
90,3,AECI,TEPC,1605506400,237.882,214.804,2
90,3,AECI,TEPC,1606824000,207.167,204.333,1
90,3,AECI,TEPC,1608141600,194.483,194.483,0
90,4,AECI,TEPC,1577836800,171.652,171.652,0
90,4,AECI,TEPC,1579154400,184.829,184.829,0
90,4,AECI,TEPC,1580472000,179.08,179.08,0
90,4,AECI,TEPC,1581789600,190.047,190.047,0
90,4,AECI,TEPC,1583107200,177.533,177.533,0
90,4,AECI,TEPC,1584424800,173.609,173.609,0
90,4,AECI,TEPC,1585742400,143.797,137.315,1
90,4,AECI,TEPC,1587060000,146.519,146.519,0
90,4,AECI,TEPC,1588377600,154.192,154.192,0
90,4,AECI,TEPC,1589695200,158.058,158.058,0
90,4,AECI,TEPC,1591012800,151.782,151.782,0
90,4,AECI,TEPC,1592330400,159.195,159.195,0
90,4,AECI,TEPC,1593648000,183.868,183.868,0
90,4,AECI,TEPC,1594965600,175.21,175.21,0
90,4,AECI,TEPC,1596283200,180.832,180.832,0
90,4,AECI,TEPC,1597600800,201.072,201.072,0
90,4,AECI,TEPC,1598918400,180.384,180.384,0
90,4,AECI,TEPC,1600236000,202.899,202.899,0
90,4,AECI,TEPC,1601553600,182.573,182.573,0
90,4,AECI,TEPC,1602871200,178.75,178.75,0
90,4,AECI,TEPC,1604188800,219.569,219.569,0
90,4,AECI,TEPC,1605506400,205.232,205.232,0
90,4,AECI,TEPC,1606824000,207.167,204.333,1
90,4,AECI,TEPC,1608141600,194.483,194.483,0
90,5,AECI,TEPC,1577836800,198.974,182.887,2
90,5,AECI,TEPC,1579154400,211.402,196.664,2
90,5,AECI,TEPC,1580472000,235.339,209.359,5
90,5,AECI,TEPC,1581789600,264.678,225.297,6
90,5,AECI,TEPC,1583107200,218.473,199.76,4
90,5,AECI,TEPC,1584424800,260.62,209.65,7
90,5,AECI,TEPC,1585742400,178.148,158.186,5
90,5,AECI,TEPC,1587060000,216.233,178.35,8
90,5,AECI,TEPC,1588377600,212.004,181.716,6
90,5,AECI,TEPC,1589695200,206.971,178.062,4
90,5,AECI,TEPC,1591012800,189.842,169.278,3
90,5,AECI,TEPC,1592330400,251.532,198.837,8
90,5,AECI,TEPC,1593648000,262.524,216.188,6
90,5,AECI,TEPC,1594965600,228.968,195.58,4
90,5,AECI,TEPC,1596283200,257.838,210.402,5
90,5,AECI,TEPC,1597600800,318.707,247.824,7
90,5,AECI,TEPC,1598918400,405.377,276.644,17
90,5,AECI,TEPC,1600236000,265.96,225.579,4
90,5,AECI,TEPC,1601553600,314.126,237.457,9
90,5,AECI,TEPC,1602871200,293.656,228.545,8
90,5,AECI,TEPC,1604188800,306.481,254.938,6
90,5,AECI,TEPC,1605506400,259.995,224.524,4
90,5,AECI,TEPC,1606824000,207.167,204.333,1
90,5,AECI,TEPC,1608141600,250.866,216.395,4
90,6,AECI,TEPC,1577836800,171.652,171.652,0
90,6,AECI,TEPC,1579154400,184.829,184.829,0
90,6,AECI,TEPC,1580472000,179.08,179.08,0
90,6,AECI,TEPC,1581789600,190.047,190.047,0
90,6,AECI,TEPC,1583107200,214.88,186.056,1
90,6,AECI,TEPC,1584424800,173.609,173.609,0
90,6,AECI,TEPC,1585742400,130.078,130.078,0
90,6,AECI,TEPC,1587060000,173.569,151.4,1
90,6,AECI,TEPC,1588377600,187.142,161.5,1
90,6,AECI,TEPC,1589695200,158.058,158.058,0
90,6,AECI,TEPC,1591012800,151.782,151.782,0
90,6,AECI,TEPC,1592330400,159.195,159.195,0
90,6,AECI,TEPC,1593648000,183.868,183.868,0
90,6,AECI,TEPC,1594965600,175.21,175.21,0
90,6,AECI,TEPC,1596283200,180.832,180.832,0
90,6,AECI,TEPC,1597600800,246.594,209.122,1
90,6,AECI,TEPC,1598918400,180.384,180.384,0
90,6,AECI,TEPC,1600236000,202.899,202.899,0
90,6,AECI,TEPC,1601553600,182.573,182.573,0
90,6,AECI,TEPC,1602871200,178.75,178.75,0
90,6,AECI,TEPC,1604188800,219.569,219.569,0
90,6,AECI,TEPC,1605506400,240.831,211.558,1
90,6,AECI,TEPC,1606824000,207.167,204.333,1
90,6,AECI,TEPC,1608141600,194.483,194.483,0
90,1,BANC,CISO,1577836800,76.253,76.253,0
90,1,BANC,CISO,1579154400,81.548,81.548,0
90,1,BANC,CISO,1580472000,55.83,55.83,0
90,1,BANC,CISO,1581789600,52.267,52.267,0
90,1,BANC,CISO,1583107200,52.43,52.43,0
90,1,BANC,CISO,1584424800,83.316,83.316,0
90,1,BANC,CISO,1585742400,44.33,44.33,0
90,1,BANC,CISO,1587060000,33.313,33.313,0
90,1,BANC,CISO,1588377600,42.749,42.749,0
90,1,BANC,CISO,1589695200,42.187,42.187,0
90,1,BANC,CISO,1591012800,42.378,42.378,0
90,1,BANC,CISO,1592330400,40.383,40.383,0
90,1,BANC,CISO,1593648000,37.688,37.688,0
90,1,BANC,CISO,1594965600,55.204,55.204,0
90,1,BANC,CISO,1596283200,56.684,56.684,0
90,1,BANC,CISO,1597600800,78.197,78.197,0
90,1,BANC,CISO,1598918400,75.022,75.022,0
90,1,BANC,CISO,1600236000,80.174,80.174,0
90,1,BANC,CISO,1601553600,81.036,81.036,0
90,1,BANC,CISO,1602871200,74.249,74.249,0
90,1,BANC,CISO,1604188800,87.09,87.09,0
90,1,BANC,CISO,1605506400,93.475,93.475,0
90,1,BANC,CISO,1606824000,108.643,108.643,0
90,1,BANC,CISO,1608141600,91.972,91.972,0
90,2,BANC,CISO,1577836800,100.311,84.553,4
90,2,BANC,CISO,1579154400,111.601,92.355,4
90,2,BANC,CISO,1580472000,65.369,59.549,2
90,2,BANC,CISO,1581789600,81.919,64.348,6
90,2,BANC,CISO,1583107200,69.105,57.909,4
90,2,BANC,CISO,1584424800,116.027,95.362,4
90,2,BANC,CISO,1585742400,64.132,51.699,5
90,2,BANC,CISO,1587060000,42.158,36.414,3
90,2,BANC,CISO,1588377600,57.253,49.523,6
90,2,BANC,CISO,1589695200,50.598,48.13,4
90,2,BANC,CISO,1591012800,49.758,45.54,2
90,2,BANC,CISO,1592330400,68.398,52.671,8
90,2,BANC,CISO,1593648000,49.101,42.287,4
90,2,BANC,CISO,1594965600,72.934,62.89,4
90,2,BANC,CISO,1596283200,77.77,66.809,5
90,2,BANC,CISO,1597600800,90.572,83.107,2
90,2,BANC,CISO,1598918400,96.732,83.004,4
90,2,BANC,CISO,1600236000,106.222,90.425,4
90,2,BANC,CISO,1601553600,115.74,94.58,5
90,2,BANC,CISO,1602871200,109.91,87.885,6
90,2,BANC,CISO,1604188800,112.837,93.899,4
90,2,BANC,CISO,1605506400,165.863,123.666,9
90,2,BANC,CISO,1606824000,190.428,140.99,10
90,2,BANC,CISO,1608141600,144.651,110.314,8
90,3,BANC,CISO,1577836800,86.466,80.27,2
90,3,BANC,CISO,1579154400,81.548,81.548,0
90,3,BANC,CISO,1580472000,55.83,55.83,0
90,3,BANC,CISO,1581789600,56.784,55.191,1
90,3,BANC,CISO,1583107200,59.613,55.169,2
90,3,BANC,CISO,1584424800,83.316,83.316,0
90,3,BANC,CISO,1585742400,44.33,44.33,0
90,3,BANC,CISO,1587060000,35.848,34.563,1
90,3,BANC,CISO,1588377600,64.175,47.174,4
90,3,BANC,CISO,1589695200,49.347,45.124,2
90,3,BANC,CISO,1591012800,42.378,42.378,0
90,3,BANC,CISO,1592330400,50.523,45.004,3
90,3,BANC,CISO,1593648000,43.499,39.928,2
90,3,BANC,CISO,1594965600,55.204,55.204,0
90,3,BANC,CISO,1596283200,56.684,56.684,0
90,3,BANC,CISO,1597600800,78.197,78.197,0
90,3,BANC,CISO,1598918400,96.259,83.004,4
90,3,BANC,CISO,1600236000,80.174,80.174,0
90,3,BANC,CISO,1601553600,81.036,81.036,0
90,3,BANC,CISO,1602871200,80.332,77.394,1
90,3,BANC,CISO,1604188800,87.09,87.09,0
90,3,BANC,CISO,1605506400,140.41,105.017,3
90,3,BANC,CISO,1606824000,130.663,113.865,1
90,3,BANC,CISO,1608141600,109.769,100.203,3
90,4,BANC,CISO,1577836800,76.253,76.253,0
90,4,BANC,CISO,1579154400,81.548,81.548,0
90,4,BANC,CISO,1580472000,55.83,55.83,0
90,4,BANC,CISO,1581789600,52.267,52.267,0
90,4,BANC,CISO,1583107200,52.43,52.43,0
90,4,BANC,CISO,1584424800,83.316,83.316,0
90,4,BANC,CISO,1585742400,44.33,44.33,0
90,4,BANC,CISO,1587060000,33.313,33.313,0
90,4,BANC,CISO,1588377600,42.749,42.749,0
90,4,BANC,CISO,1589695200,42.187,42.187,0
90,4,BANC,CISO,1591012800,42.378,42.378,0
90,4,BANC,CISO,1592330400,40.383,40.383,0
90,4,BANC,CISO,1593648000,37.688,37.688,0
90,4,BANC,CISO,1594965600,55.204,55.204,0
90,4,BANC,CISO,1596283200,56.684,56.684,0
90,4,BANC,CISO,1597600800,78.197,78.197,0
90,4,BANC,CISO,1598918400,75.022,75.022,0
90,4,BANC,CISO,1600236000,80.174,80.174,0
90,4,BANC,CISO,1601553600,81.036,81.036,0
90,4,BANC,CISO,1602871200,74.249,74.249,0
90,4,BANC,CISO,1604188800,87.09,87.09,0
90,4,BANC,CISO,1605506400,93.475,93.475,0
90,4,BANC,CISO,1606824000,108.643,108.643,0
90,4,BANC,CISO,1608141600,91.972,91.972,0
90,5,BANC,CISO,1577836800,97.423,84.553,4
90,5,BANC,CISO,1579154400,108.804,92.355,4
90,5,BANC,CISO,1580472000,64.748,59.549,2
90,5,BANC,CISO,1581789600,75.966,64.348,6
90,5,BANC,CISO,1583107200,66.823,57.909,4
90,5,BANC,CISO,1584424800,112.015,95.362,4
90,5,BANC,CISO,1585742400,60.703,51.699,5
90,5,BANC,CISO,1587060000,43.683,37.072,4
90,5,BANC,CISO,1588377600,46.965,47.174,4
90,5,BANC,CISO,1589695200,49.053,48.13,4
90,5,BANC,CISO,1591012800,49.548,45.54,2
90,5,BANC,CISO,1592330400,65.373,52.671,8
90,5,BANC,CISO,1593648000,48.434,42.287,4
90,5,BANC,CISO,1594965600,71.816,62.89,4
90,5,BANC,CISO,1596283200,76.951,66.809,5
90,5,BANC,CISO,1597600800,89.905,83.107,2
90,5,BANC,CISO,1598918400,95.696,83.004,4
90,5,BANC,CISO,1600236000,105.306,90.425,4
90,5,BANC,CISO,1601553600,114.812,94.58,5
90,5,BANC,CISO,1602871200,97.814,83.85,4
90,5,BANC,CISO,1604188800,111.055,93.899,4
90,5,BANC,CISO,1605506400,159.982,123.666,9
90,5,BANC,CISO,1606824000,165.079,132.287,7
90,5,BANC,CISO,1608141600,138.734,110.314,8
90,6,BANC,CISO,1577836800,76.253,76.253,0
90,6,BANC,CISO,1579154400,81.548,81.548,0
90,6,BANC,CISO,1580472000,55.83,55.83,0
90,6,BANC,CISO,1581789600,52.267,52.267,0
90,6,BANC,CISO,1583107200,52.43,52.43,0
90,6,BANC,CISO,1584424800,83.316,83.316,0
90,6,BANC,CISO,1585742400,44.33,44.33,0
90,6,BANC,CISO,1587060000,33.313,33.313,0
90,6,BANC,CISO,1588377600,56.265,44.17,1
90,6,BANC,CISO,1589695200,42.187,42.187,0
90,6,BANC,CISO,1591012800,42.378,42.378,0
90,6,BANC,CISO,1592330400,40.383,40.383,0
90,6,BANC,CISO,1593648000,37.688,37.688,0
90,6,BANC,CISO,1594965600,55.204,55.204,0
90,6,BANC,CISO,1596283200,56.684,56.684,0
90,6,BANC,CISO,1597600800,78.197,78.197,0
90,6,BANC,CISO,1598918400,75.022,75.022,0
90,6,BANC,CISO,1600236000,80.174,80.174,0
90,6,BANC,CISO,1601553600,81.036,81.036,0
90,6,BANC,CISO,1602871200,74.249,74.249,0
90,6,BANC,CISO,1604188800,87.09,87.09,0
90,6,BANC,CISO,1605506400,123.228,97.995,1
90,6,BANC,CISO,1606824000,130.663,113.865,1
90,6,BANC,CISO,1608141600,91.972,91.972,0
90,1,CISO,BANC,1577836800,130.428,130.428,0
90,1,CISO,BANC,1579154400,140.472,140.472,0
90,1,CISO,BANC,1580472000,117.952,117.952,0
90,1,CISO,BANC,1581789600,103.569,103.569,0
90,1,CISO,BANC,1583107200,104.144,104.144,0
90,1,CISO,BANC,1584424800,135.48,135.48,0
90,1,CISO,BANC,1585742400,79.732,79.732,0
90,1,CISO,BANC,1587060000,80.679,80.679,0
90,1,CISO,BANC,1588377600,56.36,56.36,0
90,1,CISO,BANC,1589695200,62.849,62.849,0
90,1,CISO,BANC,1591012800,94.687,94.687,0
90,1,CISO,BANC,1592330400,66.377,66.377,0
90,1,CISO,BANC,1593648000,73.665,73.665,0
90,1,CISO,BANC,1594965600,90.516,90.516,0
90,1,CISO,BANC,1596283200,92.419,92.419,0
90,1,CISO,BANC,1597600800,127.384,127.384,0
90,1,CISO,BANC,1598918400,110.116,110.116,0
90,1,CISO,BANC,1600236000,126.99,126.99,0
90,1,CISO,BANC,1601553600,129.978,129.978,0
90,1,CISO,BANC,1602871200,142.021,142.021,0
90,1,CISO,BANC,1604188800,143.8,143.8,0
90,1,CISO,BANC,1605506400,123.623,123.623,0
90,1,CISO,BANC,1606824000,121.375,121.375,0
90,1,CISO,BANC,1608141600,120.762,120.762,0
90,2,CISO,BANC,1577836800,110.344,157.986,5
90,2,CISO,BANC,1579154400,122.185,168.443,5
90,2,CISO,BANC,1580472000,78.231,132.315,4
90,2,CISO,BANC,1581789600,72.739,111.669,4
90,2,CISO,BANC,1583107200,74.735,125.944,5
90,2,CISO,BANC,1584424800,126.112,160.547,5
90,2,CISO,BANC,1585742400,69.753,92.183,6
90,2,CISO,BANC,1587060000,39.282,83.004,2
90,2,CISO,BANC,1588377600,53.477,67.615,5
90,2,CISO,BANC,1589695200,56.273,74.385,5
90,2,CISO,BANC,1591012800,59.076,105.873,4
90,2,CISO,BANC,1592330400,65.566,83.419,7
90,2,CISO,BANC,1593648000,53.406,89.397,5
90,2,CISO,BANC,1594965600,79.891,107.82,5
90,2,CISO,BANC,1596283200,83.66,105.741,6
90,2,CISO,BANC,1597600800,86.922,132.105,1
90,2,CISO,BANC,1598918400,104.562,130.513,5
90,2,CISO,BANC,1600236000,115.043,149.696,5
90,2,CISO,BANC,1601553600,123.594,150.36,6
90,2,CISO,BANC,1602871200,105.586,158.485,5
90,2,CISO,BANC,1604188800,120.985,169.924,5
90,2,CISO,BANC,1605506400,173.499,159.186,10
90,2,CISO,BANC,1606824000,174.154,147.796,8
90,2,CISO,BANC,1608141600,140.403,146.776,7
90,3,CISO,BANC,1577836800,85.418,136.984,1
90,3,CISO,BANC,1579154400,92.213,147.439,1
90,3,CISO,BANC,1580472000,64.648,123.407,1
90,3,CISO,BANC,1581789600,60.756,107.401,2
90,3,CISO,BANC,1583107200,57.639,108.396,1
90,3,CISO,BANC,1584424800,93.976,141.612,1
90,3,CISO,BANC,1585742400,50.357,83.754,1
90,3,CISO,BANC,1587060000,37.979,83.004,2
90,3,CISO,BANC,1588377600,61.139,62.982,3
90,3,CISO,BANC,1589695200,54.093,70.115,3
90,3,CISO,BANC,1591012800,48.415,99.409,1
90,3,CISO,BANC,1592330400,46.179,69.642,2
90,3,CISO,BANC,1593648000,46.438,83.258,3
90,3,CISO,BANC,1594965600,61.938,95.128,1
90,3,CISO,BANC,1596283200,63.404,96.285,1
90,3,CISO,BANC,1597600800,85.146,132.105,1
90,3,CISO,BANC,1598918400,90.454,122.621,3
90,3,CISO,BANC,1600236000,89.299,132.825,1
90,3,CISO,BANC,1601553600,90.081,135.594,1
90,3,CISO,BANC,1602871200,86.364,147.123,2
90,3,CISO,BANC,1604188800,94.924,149.845,1
90,3,CISO,BANC,1605506400,132.749,131.75,2
90,3,CISO,BANC,1606824000,121.375,121.375,0
90,3,CISO,BANC,1608141600,103.121,125.937,2
90,4,CISO,BANC,1577836800,85.418,136.984,1
90,4,CISO,BANC,1579154400,92.213,147.439,1
90,4,CISO,BANC,1580472000,64.648,123.407,1
90,4,CISO,BANC,1581789600,57.545,106.124,1
90,4,CISO,BANC,1583107200,57.639,108.396,1
90,4,CISO,BANC,1584424800,104.613,141.612,1
90,4,CISO,BANC,1585742400,50.357,83.754,1
90,4,CISO,BANC,1587060000,35.931,82.241,1
90,4,CISO,BANC,1588377600,56.36,56.36,0
90,4,CISO,BANC,1589695200,50.862,65.806,1
90,4,CISO,BANC,1591012800,48.415,99.409,1
90,4,CISO,BANC,1592330400,52.657,68.483,1
90,4,CISO,BANC,1593648000,41.815,76.823,1
90,4,CISO,BANC,1594965600,61.938,95.128,1
90,4,CISO,BANC,1596283200,67.226,96.285,1
90,4,CISO,BANC,1597600800,89.503,132.105,1
90,4,CISO,BANC,1598918400,110.116,110.116,0
90,4,CISO,BANC,1600236000,129.387,132.825,1
90,4,CISO,BANC,1601553600,131.008,135.594,1
90,4,CISO,BANC,1602871200,81.255,145.373,1
90,4,CISO,BANC,1604188800,115.191,149.845,1
90,4,CISO,BANC,1605506400,123.623,123.623,0
90,4,CISO,BANC,1606824000,121.375,121.375,0
90,4,CISO,BANC,1608141600,104.639,124.225,1
90,5,CISO,BANC,1577836800,107.456,157.986,5
90,5,CISO,BANC,1579154400,119.388,168.443,5
90,5,CISO,BANC,1580472000,77.912,132.315,4
90,5,CISO,BANC,1581789600,73.046,116.681,5
90,5,CISO,BANC,1583107200,72.454,125.944,5
90,5,CISO,BANC,1584424800,122.1,160.547,5
90,5,CISO,BANC,1585742400,66.324,92.183,6
90,5,CISO,BANC,1587060000,38.901,83.004,2
90,5,CISO,BANC,1588377600,49.878,67.615,5
90,5,CISO,BANC,1589695200,57.286,75.536,6
90,5,CISO,BANC,1591012800,59.197,105.873,4
90,5,CISO,BANC,1592330400,62.541,83.419,7
90,5,CISO,BANC,1593648000,52.738,89.397,5
90,5,CISO,BANC,1594965600,82.196,109.299,6
90,5,CISO,BANC,1596283200,82.639,105.741,6
90,5,CISO,BANC,1597600800,86.255,132.105,1
90,5,CISO,BANC,1598918400,108.996,133.087,6
90,5,CISO,BANC,1600236000,114.128,149.696,5
90,5,CISO,BANC,1601553600,128.948,154.921,7
90,5,CISO,BANC,1602871200,104.347,158.485,5
90,5,CISO,BANC,1604188800,119.203,169.924,5
90,5,CISO,BANC,1605506400,167.618,159.186,10
90,5,CISO,BANC,1606824000,170.36,147.796,8
90,5,CISO,BANC,1608141600,135.536,146.776,7
90,6,CISO,BANC,1577836800,85.418,136.984,1
90,6,CISO,BANC,1579154400,92.213,147.439,1
90,6,CISO,BANC,1580472000,64.648,123.407,1
90,6,CISO,BANC,1581789600,57.545,106.124,1
90,6,CISO,BANC,1583107200,57.639,108.396,1
90,6,CISO,BANC,1584424800,93.976,141.612,1
90,6,CISO,BANC,1585742400,50.357,83.754,1
90,6,CISO,BANC,1587060000,35.931,82.241,1
90,6,CISO,BANC,1588377600,56.36,56.36,0
90,6,CISO,BANC,1589695200,47.926,65.806,1
90,6,CISO,BANC,1591012800,48.415,99.409,1
90,6,CISO,BANC,1592330400,42.606,68.483,1
90,6,CISO,BANC,1593648000,41.815,76.823,1
90,6,CISO,BANC,1594965600,61.938,95.128,1
90,6,CISO,BANC,1596283200,63.404,96.285,1
90,6,CISO,BANC,1597600800,85.146,132.105,1
90,6,CISO,BANC,1598918400,81.365,114.727,1
90,6,CISO,BANC,1600236000,89.299,132.825,1
90,6,CISO,BANC,1601553600,90.081,135.594,1
90,6,CISO,BANC,1602871200,81.255,145.373,1
90,6,CISO,BANC,1604188800,94.924,149.845,1
90,6,CISO,BANC,1605506400,123.623,123.623,0
90,6,CISO,BANC,1606824000,121.375,121.375,0
90,6,CISO,BANC,1608141600,106.341,124.225,1
90,1,EPE,AECI,1577836800,202.093,202.093,0
90,1,EPE,AECI,1579154400,207.289,207.289,0
90,1,EPE,AECI,1580472000,181.504,181.504,0
90,1,EPE,AECI,1581789600,175.974,175.974,0
90,1,EPE,AECI,1583107200,202.541,202.541,0
90,1,EPE,AECI,1584424800,204.307,204.307,0
90,1,EPE,AECI,1585742400,164.605,164.605,0
90,1,EPE,AECI,1587060000,171.684,171.684,0
90,1,EPE,AECI,1588377600,183.602,183.602,0
90,1,EPE,AECI,1589695200,189.282,189.282,0
90,1,EPE,AECI,1591012800,195.852,195.852,0
90,1,EPE,AECI,1592330400,195.157,195.157,0
90,1,EPE,AECI,1593648000,198.016,198.016,0
90,1,EPE,AECI,1594965600,209.436,209.436,0
90,1,EPE,AECI,1596283200,204.715,204.715,0
90,1,EPE,AECI,1597600800,214.763,214.763,0
90,1,EPE,AECI,1598918400,203.471,203.471,0
90,1,EPE,AECI,1600236000,199.728,199.728,0
90,1,EPE,AECI,1601553600,220.07,220.07,0
90,1,EPE,AECI,1602871200,223.978,223.978,0
90,1,EPE,AECI,1604188800,214.945,214.945,0
90,1,EPE,AECI,1605506400,203.959,203.959,0
90,1,EPE,AECI,1606824000,198.83,198.83,0
90,1,EPE,AECI,1608141600,215.454,215.454,0
90,2,EPE,AECI,1577836800,308.33,269.992,10
90,2,EPE,AECI,1579154400,229.629,220.931,2
90,2,EPE,AECI,1580472000,193.317,193.983,2
90,2,EPE,AECI,1581789600,175.974,175.974,0
90,2,EPE,AECI,1583107200,241.071,238.601,5
90,2,EPE,AECI,1584424800,249.529,240.096,6
90,2,EPE,AECI,1585742400,175.601,184.502,4
90,2,EPE,AECI,1587060000,202.266,199.119,5
90,2,EPE,AECI,1588377600,212.443,214.544,5
90,2,EPE,AECI,1589695200,256.362,241.78,8
90,2,EPE,AECI,1591012800,255.882,242.462,8
90,2,EPE,AECI,1592330400,251.944,240.421,7
90,2,EPE,AECI,1593648000,254.831,232.445,5
90,2,EPE,AECI,1594965600,257.639,251.239,6
90,2,EPE,AECI,1596283200,267.059,240.851,6
90,2,EPE,AECI,1597600800,238.711,226.498,2
90,2,EPE,AECI,1598918400,285.125,252.625,7
90,2,EPE,AECI,1600236000,199.728,199.728,0
90,2,EPE,AECI,1601553600,248.748,247.012,4
90,2,EPE,AECI,1602871200,239.958,249.648,4
90,2,EPE,AECI,1604188800,274.126,251.184,5
90,2,EPE,AECI,1605506400,213.577,212.743,1
90,2,EPE,AECI,1606824000,222.664,212.384,2
90,2,EPE,AECI,1608141600,350.151,295.243,11
90,3,EPE,AECI,1577836800,202.093,202.093,0
90,3,EPE,AECI,1579154400,207.289,207.289,0
90,3,EPE,AECI,1580472000,190.924,193.983,2
90,3,EPE,AECI,1581789600,175.974,175.974,0
90,3,EPE,AECI,1583107200,202.541,202.541,0
90,3,EPE,AECI,1584424800,209.774,212.501,1
90,3,EPE,AECI,1585742400,166.639,175.019,2
90,3,EPE,AECI,1587060000,171.684,171.684,0
90,3,EPE,AECI,1588377600,183.602,183.602,0
90,3,EPE,AECI,1589695200,200.87,198.114,1
90,3,EPE,AECI,1591012800,176.13,208.18,2
90,3,EPE,AECI,1592330400,195.883,214.635,3
90,3,EPE,AECI,1593648000,198.016,198.016,0
90,3,EPE,AECI,1594965600,232.565,232.831,3
90,3,EPE,AECI,1596283200,215.172,217.727,2
90,3,EPE,AECI,1597600800,214.763,214.763,0
90,3,EPE,AECI,1598918400,249.262,229.925,4
90,3,EPE,AECI,1600236000,199.728,199.728,0
90,3,EPE,AECI,1601553600,209.703,230.255,1
90,3,EPE,AECI,1602871200,207.93,236.912,2
90,3,EPE,AECI,1604188800,214.945,214.945,0
90,3,EPE,AECI,1605506400,210.906,212.743,1
90,3,EPE,AECI,1606824000,223.074,212.384,2
90,3,EPE,AECI,1608141600,261.745,241.039,4
90,4,EPE,AECI,1577836800,202.093,202.093,0
90,4,EPE,AECI,1579154400,207.289,207.289,0
90,4,EPE,AECI,1580472000,181.504,181.504,0
90,4,EPE,AECI,1581789600,175.974,175.974,0
90,4,EPE,AECI,1583107200,202.541,202.541,0
90,4,EPE,AECI,1584424800,204.307,204.307,0
90,4,EPE,AECI,1585742400,164.605,164.605,0
90,4,EPE,AECI,1587060000,171.684,171.684,0
90,4,EPE,AECI,1588377600,183.602,183.602,0
90,4,EPE,AECI,1589695200,189.282,189.282,0
90,4,EPE,AECI,1591012800,195.852,195.852,0
90,4,EPE,AECI,1592330400,195.157,195.157,0
90,4,EPE,AECI,1593648000,198.016,198.016,0
90,4,EPE,AECI,1594965600,209.436,209.436,0
90,4,EPE,AECI,1596283200,204.715,204.715,0
90,4,EPE,AECI,1597600800,214.763,214.763,0
90,4,EPE,AECI,1598918400,203.471,203.471,0
90,4,EPE,AECI,1600236000,199.728,199.728,0
90,4,EPE,AECI,1601553600,220.07,220.07,0
90,4,EPE,AECI,1602871200,223.978,223.978,0
90,4,EPE,AECI,1604188800,214.945,214.945,0
90,4,EPE,AECI,1605506400,203.959,203.959,0
90,4,EPE,AECI,1606824000,198.83,198.83,0
90,4,EPE,AECI,1608141600,215.454,215.454,0
90,5,EPE,AECI,1577836800,306.086,269.992,10
90,5,EPE,AECI,1579154400,242.56,230.316,3
90,5,EPE,AECI,1580472000,192.617,193.983,2
90,5,EPE,AECI,1581789600,175.974,175.974,0
90,5,EPE,AECI,1583107200,237.918,238.601,5
90,5,EPE,AECI,1584424800,249.404,240.096,6
90,5,EPE,AECI,1585742400,174.1,184.502,4
90,5,EPE,AECI,1587060000,200.419,199.119,5
90,5,EPE,AECI,1588377600,209.898,214.544,5
90,5,EPE,AECI,1589695200,254.352,241.78,8
90,5,EPE,AECI,1591012800,231.283,231.005,6
90,5,EPE,AECI,1592330400,248.401,240.421,7
90,5,EPE,AECI,1593648000,252.061,232.445,5
90,5,EPE,AECI,1594965600,256.072,251.239,6
90,5,EPE,AECI,1596283200,241.963,229.252,4
90,5,EPE,AECI,1597600800,237.901,226.498,2
90,5,EPE,AECI,1598918400,293.23,257.184,8
90,5,EPE,AECI,1600236000,213.629,208.783,1
90,5,EPE,AECI,1601553600,248.135,247.012,4
90,5,EPE,AECI,1602871200,239.159,249.648,4
90,5,EPE,AECI,1604188800,271.762,251.184,5
90,5,EPE,AECI,1605506400,212.683,212.743,1
90,5,EPE,AECI,1606824000,222.376,212.384,2
90,5,EPE,AECI,1608141600,357.492,300.318,12
90,6,EPE,AECI,1577836800,202.093,202.093,0
90,6,EPE,AECI,1579154400,207.289,207.289,0
90,6,EPE,AECI,1580472000,181.504,181.504,0
90,6,EPE,AECI,1581789600,175.974,175.974,0
90,6,EPE,AECI,1583107200,202.541,202.541,0
90,6,EPE,AECI,1584424800,204.307,204.307,0
90,6,EPE,AECI,1585742400,164.605,164.605,0
90,6,EPE,AECI,1587060000,171.684,171.684,0
90,6,EPE,AECI,1588377600,183.602,183.602,0
90,6,EPE,AECI,1589695200,189.282,189.282,0
90,6,EPE,AECI,1591012800,167.204,204.385,1
90,6,EPE,AECI,1592330400,195.157,195.157,0
90,6,EPE,AECI,1593648000,198.016,198.016,0
90,6,EPE,AECI,1594965600,209.436,209.436,0
90,6,EPE,AECI,1596283200,204.715,204.715,0
90,6,EPE,AECI,1597600800,214.763,214.763,0
90,6,EPE,AECI,1598918400,203.471,203.471,0
90,6,EPE,AECI,1600236000,199.728,199.728,0
90,6,EPE,AECI,1601553600,213.378,230.255,1
90,6,EPE,AECI,1602871200,223.978,223.978,0
90,6,EPE,AECI,1604188800,214.945,214.945,0
90,6,EPE,AECI,1605506400,203.959,203.959,0
90,6,EPE,AECI,1606824000,198.83,198.83,0
90,6,EPE,AECI,1608141600,215.454,215.454,0
90,1,EPE,PSCO,1577836800,202.093,202.093,0
90,1,EPE,PSCO,1579154400,207.289,207.289,0
90,1,EPE,PSCO,1580472000,181.504,181.504,0
90,1,EPE,PSCO,1581789600,175.974,175.974,0
90,1,EPE,PSCO,1583107200,202.541,202.541,0
90,1,EPE,PSCO,1584424800,204.307,204.307,0
90,1,EPE,PSCO,1585742400,164.605,164.605,0
90,1,EPE,PSCO,1587060000,171.684,171.684,0
90,1,EPE,PSCO,1588377600,183.602,183.602,0
90,1,EPE,PSCO,1589695200,189.282,189.282,0
90,1,EPE,PSCO,1591012800,195.852,195.852,0
90,1,EPE,PSCO,1592330400,195.157,195.157,0
90,1,EPE,PSCO,1593648000,198.016,198.016,0
90,1,EPE,PSCO,1594965600,209.436,209.436,0
90,1,EPE,PSCO,1596283200,204.715,204.715,0
90,1,EPE,PSCO,1597600800,214.763,214.763,0
90,1,EPE,PSCO,1598918400,203.471,203.471,0
90,1,EPE,PSCO,1600236000,199.728,199.728,0
90,1,EPE,PSCO,1601553600,220.07,220.07,0
90,1,EPE,PSCO,1602871200,223.978,223.978,0
90,1,EPE,PSCO,1604188800,214.945,214.945,0
90,1,EPE,PSCO,1605506400,203.959,203.959,0
90,1,EPE,PSCO,1606824000,198.83,198.83,0
90,1,EPE,PSCO,1608141600,215.454,215.454,0
90,2,EPE,PSCO,1577836800,244.13,229.494,4
90,2,EPE,PSCO,1579154400,231.333,245.031,5
90,2,EPE,PSCO,1580472000,252.818,225.872,8
90,2,EPE,PSCO,1581789600,218.467,196.183,4
90,2,EPE,PSCO,1583107200,266.082,242.975,6
90,2,EPE,PSCO,1584424800,248.598,228.26,4
90,2,EPE,PSCO,1585742400,182.574,175.019,2
90,2,EPE,PSCO,1587060000,191.611,181.096,2
90,2,EPE,PSCO,1588377600,253.204,226.248,7
90,2,EPE,PSCO,1589695200,196.57,212.152,3
90,2,EPE,PSCO,1591012800,247.936,219.539,4
90,2,EPE,PSCO,1592330400,222.264,218.62,4
90,2,EPE,PSCO,1593648000,235.027,232.445,5
90,2,EPE,PSCO,1594965600,279.234,251.239,6
90,2,EPE,PSCO,1596283200,247.81,236.944,5
90,2,EPE,PSCO,1597600800,235.77,238.396,4
90,2,EPE,PSCO,1598918400,240.98,225.468,3
90,2,EPE,PSCO,1600236000,242.125,241.673,6
90,2,EPE,PSCO,1601553600,279.739,267.74,7
90,2,EPE,PSCO,1602871200,289.679,273.461,7
90,2,EPE,PSCO,1604188800,317.39,270.658,8
90,2,EPE,PSCO,1605506400,249.554,238.196,5
90,2,EPE,PSCO,1606824000,160.938,208.024,1
90,2,EPE,PSCO,1608141600,185.505,223.802,1
90,3,EPE,PSCO,1577836800,251.633,229.494,4
90,3,EPE,PSCO,1579154400,181.579,216.32,1
90,3,EPE,PSCO,1580472000,179.72,189.855,1
90,3,EPE,PSCO,1581789600,195.744,185.713,2
90,3,EPE,PSCO,1583107200,209.671,211.425,1
90,3,EPE,PSCO,1584424800,227.455,216.382,2
90,3,EPE,PSCO,1585742400,164.605,164.605,0
90,3,EPE,PSCO,1587060000,171.684,171.684,0
90,3,EPE,PSCO,1588377600,183.602,183.602,0
90,3,EPE,PSCO,1589695200,186.262,198.114,1
90,3,EPE,PSCO,1591012800,195.852,195.852,0
90,3,EPE,PSCO,1592330400,203.086,206.819,2
90,3,EPE,PSCO,1593648000,217.087,219.078,3
90,3,EPE,PSCO,1594965600,221.792,218.743,1
90,3,EPE,PSCO,1596283200,214.443,213.686,1
90,3,EPE,PSCO,1597600800,211.582,226.498,2
90,3,EPE,PSCO,1598918400,203.471,203.471,0
90,3,EPE,PSCO,1600236000,187.863,208.783,1
90,3,EPE,PSCO,1601553600,210.679,230.255,1
90,3,EPE,PSCO,1602871200,229.383,236.912,2
90,3,EPE,PSCO,1604188800,214.945,214.945,0
90,3,EPE,PSCO,1605506400,215.879,212.743,1
90,3,EPE,PSCO,1606824000,160.938,208.024,1
90,3,EPE,PSCO,1608141600,185.505,223.802,1
90,4,EPE,PSCO,1577836800,202.093,202.093,0
90,4,EPE,PSCO,1579154400,181.579,216.32,1
90,4,EPE,PSCO,1580472000,181.504,181.504,0
90,4,EPE,PSCO,1581789600,175.974,175.974,0
90,4,EPE,PSCO,1583107200,202.541,202.541,0
90,4,EPE,PSCO,1584424800,204.307,204.307,0
90,4,EPE,PSCO,1585742400,164.605,164.605,0
90,4,EPE,PSCO,1587060000,171.684,171.684,0
90,4,EPE,PSCO,1588377600,183.602,183.602,0
90,4,EPE,PSCO,1589695200,176.56,198.114,1
90,4,EPE,PSCO,1591012800,195.852,195.852,0
90,4,EPE,PSCO,1592330400,195.157,195.157,0
90,4,EPE,PSCO,1593648000,198.016,198.016,0
90,4,EPE,PSCO,1594965600,209.436,209.436,0
90,4,EPE,PSCO,1596283200,204.623,213.686,1
90,4,EPE,PSCO,1597600800,214.763,214.763,0
90,4,EPE,PSCO,1598918400,203.471,203.471,0
90,4,EPE,PSCO,1600236000,199.728,199.728,0
90,4,EPE,PSCO,1601553600,220.07,220.07,0
90,4,EPE,PSCO,1602871200,223.978,223.978,0
90,4,EPE,PSCO,1604188800,214.945,214.945,0
90,4,EPE,PSCO,1605506400,203.959,203.959,0
90,4,EPE,PSCO,1606824000,160.938,208.024,1
90,4,EPE,PSCO,1608141600,198.883,223.802,1
90,5,EPE,PSCO,1577836800,257.125,238.765,5
90,5,EPE,PSCO,1579154400,228.039,245.031,5
90,5,EPE,PSCO,1580472000,250.327,225.872,8
90,5,EPE,PSCO,1581789600,217.049,196.183,4
90,5,EPE,PSCO,1583107200,263.314,242.975,6
90,5,EPE,PSCO,1584424800,247.874,228.26,4
90,5,EPE,PSCO,1585742400,180.041,175.019,2
90,5,EPE,PSCO,1587060000,190.693,181.096,2
90,5,EPE,PSCO,1588377600,250.054,226.248,7
90,5,EPE,PSCO,1589695200,194.978,212.152,3
90,5,EPE,PSCO,1591012800,219.838,208.18,2
90,5,EPE,PSCO,1592330400,219.862,218.62,4
90,5,EPE,PSCO,1593648000,233.852,232.445,5
90,5,EPE,PSCO,1594965600,277.077,251.239,6
90,5,EPE,PSCO,1596283200,247.485,236.944,5
90,5,EPE,PSCO,1597600800,234.762,238.396,4
90,5,EPE,PSCO,1598918400,239.345,225.468,3
90,5,EPE,PSCO,1600236000,239.33,241.673,6
90,5,EPE,PSCO,1601553600,286.716,272.106,8
90,5,EPE,PSCO,1602871200,286.62,273.461,7
90,5,EPE,PSCO,1604188800,314.858,270.658,8
90,5,EPE,PSCO,1605506400,247.621,238.196,5
90,5,EPE,PSCO,1606824000,160.938,208.024,1
90,5,EPE,PSCO,1608141600,185.505,223.802,1
90,6,EPE,PSCO,1577836800,202.093,202.093,0
90,6,EPE,PSCO,1579154400,181.579,216.32,1
90,6,EPE,PSCO,1580472000,179.72,189.855,1
90,6,EPE,PSCO,1581789600,175.974,175.974,0
90,6,EPE,PSCO,1583107200,202.541,202.541,0
90,6,EPE,PSCO,1584424800,204.307,204.307,0
90,6,EPE,PSCO,1585742400,164.605,164.605,0
90,6,EPE,PSCO,1587060000,171.684,171.684,0
90,6,EPE,PSCO,1588377600,183.602,183.602,0
90,6,EPE,PSCO,1589695200,186.262,198.114,1
90,6,EPE,PSCO,1591012800,195.852,195.852,0
90,6,EPE,PSCO,1592330400,193.312,202.922,1
90,6,EPE,PSCO,1593648000,194.434,206.31,1
90,6,EPE,PSCO,1594965600,209.436,209.436,0
90,6,EPE,PSCO,1596283200,208.719,213.686,1
90,6,EPE,PSCO,1597600800,204.713,222.614,1
90,6,EPE,PSCO,1598918400,203.471,203.471,0
90,6,EPE,PSCO,1600236000,187.863,208.783,1
90,6,EPE,PSCO,1601553600,210.679,230.255,1
90,6,EPE,PSCO,1602871200,220.79,232.656,1
90,6,EPE,PSCO,1604188800,214.945,214.945,0
90,6,EPE,PSCO,1605506400,203.959,203.959,0
90,6,EPE,PSCO,1606824000,160.938,208.024,1
90,6,EPE,PSCO,1608141600,185.505,223.802,1
90,1,PACE,AECI,1577836800,222.045,222.045,0
90,1,PACE,AECI,1579154400,234.433,234.433,0
90,1,PACE,AECI,1580472000,198.311,198.311,0
90,1,PACE,AECI,1581789600,196.827,196.827,0
90,1,PACE,AECI,1583107200,208.975,208.975,0
90,1,PACE,AECI,1584424800,252.452,252.452,0
90,1,PACE,AECI,1585742400,225.822,225.822,0
90,1,PACE,AECI,1587060000,224.401,224.401,0
90,1,PACE,AECI,1588377600,195.688,195.688,0
90,1,PACE,AECI,1589695200,218.514,218.514,0
90,1,PACE,AECI,1591012800,230.978,230.978,0
90,1,PACE,AECI,1592330400,200.767,200.767,0
90,1,PACE,AECI,1593648000,211.4,211.4,0
90,1,PACE,AECI,1594965600,197.864,197.864,0
90,1,PACE,AECI,1596283200,232.915,232.915,0
90,1,PACE,AECI,1597600800,252.895,252.895,0
90,1,PACE,AECI,1598918400,239.903,239.903,0
90,1,PACE,AECI,1600236000,257.912,257.912,0
90,1,PACE,AECI,1601553600,250.583,250.583,0
90,1,PACE,AECI,1602871200,211.548,211.548,0
90,1,PACE,AECI,1604188800,258.098,258.098,0
90,1,PACE,AECI,1605506400,230.758,230.758,0
90,1,PACE,AECI,1606824000,241.036,241.036,0
90,1,PACE,AECI,1608141600,221.431,221.431,0
90,2,PACE,AECI,1577836800,215.933,246.206,3
90,2,PACE,AECI,1579154400,292.407,291.009,8
90,2,PACE,AECI,1580472000,229.443,223.065,4
90,2,PACE,AECI,1581789600,215.732,208.335,2
90,2,PACE,AECI,1583107200,238.35,244.249,5
90,2,PACE,AECI,1584424800,216.248,282.259,3
90,2,PACE,AECI,1585742400,145.815,236.136,1
90,2,PACE,AECI,1587060000,180.003,244.055,3
90,2,PACE,AECI,1588377600,203.184,226.97,5
90,2,PACE,AECI,1589695200,226.11,255.755,5
90,2,PACE,AECI,1591012800,204.764,259.337,4
90,2,PACE,AECI,1592330400,191.487,223.703,3
90,2,PACE,AECI,1593648000,248.491,250.934,5
90,2,PACE,AECI,1594965600,276.222,254.082,8
90,2,PACE,AECI,1596283200,330.324,311.365,11
90,2,PACE,AECI,1597600800,389.876,346.306,12
90,2,PACE,AECI,1598918400,246.979,279.053,5
90,2,PACE,AECI,1600236000,287.838,302.771,5
90,2,PACE,AECI,1601553600,300.157,311.677,8
90,2,PACE,AECI,1602871200,226.535,233.838,4
90,2,PACE,AECI,1604188800,296.588,299.917,5
90,2,PACE,AECI,1605506400,253.092,254.203,3
90,2,PACE,AECI,1606824000,288.95,283.191,6
90,2,PACE,AECI,1608141600,283.134,265.92,6
90,3,PACE,AECI,1577836800,221.401,246.206,3
90,3,PACE,AECI,1579154400,245.629,258.934,3
90,3,PACE,AECI,1580472000,206.167,211.457,2
90,3,PACE,AECI,1581789600,196.827,196.827,0
90,3,PACE,AECI,1583107200,208.975,208.975,0
90,3,PACE,AECI,1584424800,190.81,264.664,1
90,3,PACE,AECI,1585742400,145.815,236.136,1
90,3,PACE,AECI,1587060000,159.232,232.124,1
90,3,PACE,AECI,1588377600,220.754,215.258,3
90,3,PACE,AECI,1589695200,197.19,241.971,3
90,3,PACE,AECI,1591012800,168.834,241.566,1
90,3,PACE,AECI,1592330400,170.547,209.922,1
90,3,PACE,AECI,1593648000,211.4,211.4,0
90,3,PACE,AECI,1594965600,197.632,208.244,1
90,3,PACE,AECI,1596283200,198.017,243.136,1
90,3,PACE,AECI,1597600800,293.954,297.063,6
90,3,PACE,AECI,1598918400,221.998,263.093,3
90,3,PACE,AECI,1600236000,253.53,285.602,3
90,3,PACE,AECI,1601553600,201.487,262.744,1
90,3,PACE,AECI,1602871200,256.834,233.838,4
90,3,PACE,AECI,1604188800,286.518,284.228,3
90,3,PACE,AECI,1605506400,232.726,239.826,1
90,3,PACE,AECI,1606824000,283.253,269.88,4
90,3,PACE,AECI,1608141600,216.416,231.251,1
90,4,PACE,AECI,1577836800,222.045,222.045,0
90,4,PACE,AECI,1579154400,234.433,234.433,0
90,4,PACE,AECI,1580472000,198.311,198.311,0
90,4,PACE,AECI,1581789600,196.827,196.827,0
90,4,PACE,AECI,1583107200,208.975,208.975,0
90,4,PACE,AECI,1584424800,227.871,264.664,1
90,4,PACE,AECI,1585742400,145.815,236.136,1
90,4,PACE,AECI,1587060000,159.232,232.124,1
90,4,PACE,AECI,1588377600,195.688,195.688,0
90,4,PACE,AECI,1589695200,218.514,218.514,0
90,4,PACE,AECI,1591012800,170.691,241.566,1
90,4,PACE,AECI,1592330400,184.215,209.922,1
90,4,PACE,AECI,1593648000,211.4,211.4,0
90,4,PACE,AECI,1594965600,197.864,197.864,0
90,4,PACE,AECI,1596283200,232.915,232.915,0
90,4,PACE,AECI,1597600800,252.895,252.895,0
90,4,PACE,AECI,1598918400,239.903,239.903,0
90,4,PACE,AECI,1600236000,257.912,257.912,0
90,4,PACE,AECI,1601553600,233.463,262.744,1
90,4,PACE,AECI,1602871200,211.548,211.548,0
90,4,PACE,AECI,1604188800,258.098,258.098,0
90,4,PACE,AECI,1605506400,230.758,230.758,0
90,4,PACE,AECI,1606824000,241.036,241.036,0
90,4,PACE,AECI,1608141600,221.431,221.431,0
90,5,PACE,AECI,1577836800,214.227,246.206,3
90,5,PACE,AECI,1579154400,291.649,291.009,8
90,5,PACE,AECI,1580472000,226.896,223.065,4
90,5,PACE,AECI,1581789600,214.715,208.335,2
90,5,PACE,AECI,1583107200,236.77,244.249,5
90,5,PACE,AECI,1584424800,214.378,282.259,3
90,5,PACE,AECI,1585742400,145.815,236.136,1
90,5,PACE,AECI,1587060000,178.922,244.055,3
90,5,PACE,AECI,1588377600,199.453,226.97,5
90,5,PACE,AECI,1589695200,223.117,255.755,5
90,5,PACE,AECI,1591012800,217.603,268.342,5
90,5,PACE,AECI,1592330400,187.413,223.703,3
90,5,PACE,AECI,1593648000,243.189,250.934,5
90,5,PACE,AECI,1594965600,271.798,254.082,8
90,5,PACE,AECI,1596283200,326.517,311.365,11
90,5,PACE,AECI,1597600800,387.103,346.306,12
90,5,PACE,AECI,1598918400,245.805,279.053,5
90,5,PACE,AECI,1600236000,298.193,308.293,6
90,5,PACE,AECI,1601553600,313.24,322.468,9
90,5,PACE,AECI,1602871200,225.185,233.838,4
90,5,PACE,AECI,1604188800,294.216,299.917,5
90,5,PACE,AECI,1605506400,250.345,254.203,3
90,5,PACE,AECI,1606824000,287.954,283.191,6
90,5,PACE,AECI,1608141600,281.748,265.92,6
90,6,PACE,AECI,1577836800,186.2,231.404,1
90,6,PACE,AECI,1579154400,234.433,234.433,0
90,6,PACE,AECI,1580472000,198.311,198.311,0
90,6,PACE,AECI,1581789600,196.827,196.827,0
90,6,PACE,AECI,1583107200,208.975,208.975,0
90,6,PACE,AECI,1584424800,190.81,264.664,1
90,6,PACE,AECI,1585742400,145.815,236.136,1
90,6,PACE,AECI,1587060000,159.232,232.124,1
90,6,PACE,AECI,1588377600,195.688,195.688,0
90,6,PACE,AECI,1589695200,175.518,228.222,1
90,6,PACE,AECI,1591012800,168.834,241.566,1
90,6,PACE,AECI,1592330400,169.859,209.922,1
90,6,PACE,AECI,1593648000,211.4,211.4,0
90,6,PACE,AECI,1594965600,197.864,197.864,0
90,6,PACE,AECI,1596283200,198.521,243.136,1
90,6,PACE,AECI,1597600800,252.895,252.895,0
90,6,PACE,AECI,1598918400,195.922,248.814,1
90,6,PACE,AECI,1600236000,257.912,257.912,0
90,6,PACE,AECI,1601553600,201.487,262.744,1
90,6,PACE,AECI,1602871200,211.548,211.548,0
90,6,PACE,AECI,1604188800,258.098,258.098,0
90,6,PACE,AECI,1605506400,230.758,230.758,0
90,6,PACE,AECI,1606824000,241.036,241.036,0
90,6,PACE,AECI,1608141600,221.431,221.431,0
90,1,PACE,PSCO,1577836800,222.045,222.045,0
90,1,PACE,PSCO,1579154400,234.433,234.433,0
90,1,PACE,PSCO,1580472000,198.311,198.311,0
90,1,PACE,PSCO,1581789600,196.827,196.827,0
90,1,PACE,PSCO,1583107200,208.975,208.975,0
90,1,PACE,PSCO,1584424800,252.452,252.452,0
90,1,PACE,PSCO,1585742400,225.822,225.822,0
90,1,PACE,PSCO,1587060000,224.401,224.401,0
90,1,PACE,PSCO,1588377600,195.688,195.688,0
90,1,PACE,PSCO,1589695200,218.514,218.514,0
90,1,PACE,PSCO,1591012800,230.978,230.978,0
90,1,PACE,PSCO,1592330400,200.767,200.767,0
90,1,PACE,PSCO,1593648000,211.4,211.4,0
90,1,PACE,PSCO,1594965600,197.864,197.864,0
90,1,PACE,PSCO,1596283200,232.915,232.915,0
90,1,PACE,PSCO,1597600800,252.895,252.895,0
90,1,PACE,PSCO,1598918400,239.903,239.903,0
90,1,PACE,PSCO,1600236000,257.912,257.912,0
90,1,PACE,PSCO,1601553600,250.583,250.583,0
90,1,PACE,PSCO,1602871200,211.548,211.548,0
90,1,PACE,PSCO,1604188800,258.098,258.098,0
90,1,PACE,PSCO,1605506400,230.758,230.758,0
90,1,PACE,PSCO,1606824000,241.036,241.036,0
90,1,PACE,PSCO,1608141600,221.431,221.431,0
90,2,PACE,PSCO,1577836800,299.671,277.279,7
90,2,PACE,PSCO,1579154400,235.853,273.224,5
90,2,PACE,PSCO,1580472000,246.608,241.102,7
90,2,PACE,PSCO,1581789600,279.557,246.314,7
90,2,PACE,PSCO,1583107200,342.239,284.038,12
90,2,PACE,PSCO,1584424800,268.444,282.259,3
90,2,PACE,PSCO,1585742400,272.964,264.498,6
90,2,PACE,PSCO,1587060000,299.567,274.137,7
90,2,PACE,PSCO,1588377600,252.358,238.611,7
90,2,PACE,PSCO,1589695200,206.051,241.971,3
90,2,PACE,PSCO,1591012800,269.536,259.337,4
90,2,PACE,PSCO,1592330400,214.414,228.339,4
90,2,PACE,PSCO,1593648000,231.505,250.934,5
90,2,PACE,PSCO,1594965600,325.35,266.768,10
90,2,PACE,PSCO,1596283200,260.861,269.378,5
90,2,PACE,PSCO,1597600800,206.721,262.641,1
90,2,PACE,PSCO,1598918400,319.453,296.33,7
90,2,PACE,PSCO,1600236000,191.349,268.524,1
90,2,PACE,PSCO,1601553600,263.72,292.107,5
90,2,PACE,PSCO,1602871200,253.467,243.066,5
90,2,PACE,PSCO,1604188800,270.353,284.228,3
90,2,PACE,PSCO,1605506400,260.356,268.877,5
90,2,PACE,PSCO,1606824000,163.889,251.093,1
90,2,PACE,PSCO,1608141600,186.206,231.251,1
90,3,PACE,PSCO,1577836800,228.009,236.183,2
90,3,PACE,PSCO,1579154400,184.795,244.419,1
90,3,PACE,PSCO,1580472000,180.244,207.039,1
90,3,PACE,PSCO,1581789600,208.286,204.537,1
90,3,PACE,PSCO,1583107200,237.127,230.78,3
90,3,PACE,PSCO,1584424800,238.622,264.664,1
90,3,PACE,PSCO,1585742400,213.267,236.136,1
90,3,PACE,PSCO,1587060000,235.832,236.003,2
90,3,PACE,PSCO,1588377600,215.054,215.258,3
90,3,PACE,PSCO,1589695200,188.752,228.222,1
90,3,PACE,PSCO,1591012800,238.752,241.566,1
90,3,PACE,PSCO,1592330400,192.74,209.922,1
90,3,PACE,PSCO,1593648000,192.823,220.744,1
90,3,PACE,PSCO,1594965600,210.203,208.244,1
90,3,PACE,PSCO,1596283200,216.528,243.136,1
90,3,PACE,PSCO,1597600800,206.721,262.641,1
90,3,PACE,PSCO,1598918400,273.354,263.093,3
90,3,PACE,PSCO,1600236000,191.349,268.524,1
90,3,PACE,PSCO,1601553600,213.695,262.744,1
90,3,PACE,PSCO,1602871200,226.835,222.582,2
90,3,PACE,PSCO,1604188800,244.433,268.458,1
90,3,PACE,PSCO,1605506400,216.849,239.826,1
90,3,PACE,PSCO,1606824000,163.889,251.093,1
90,3,PACE,PSCO,1608141600,186.206,231.251,1
90,4,PACE,PSCO,1577836800,222.045,222.045,0
90,4,PACE,PSCO,1579154400,184.795,244.419,1
90,4,PACE,PSCO,1580472000,207.252,207.039,1
90,4,PACE,PSCO,1581789600,196.827,196.827,0
90,4,PACE,PSCO,1583107200,208.975,208.975,0
90,4,PACE,PSCO,1584424800,251.91,264.664,1
90,4,PACE,PSCO,1585742400,209.041,236.136,1
90,4,PACE,PSCO,1587060000,224.401,224.401,0
90,4,PACE,PSCO,1588377600,206.341,202.184,1
90,4,PACE,PSCO,1589695200,188.897,228.222,1
90,4,PACE,PSCO,1591012800,230.978,230.978,0
90,4,PACE,PSCO,1592330400,191.978,209.922,1
90,4,PACE,PSCO,1593648000,206.309,220.744,1
90,4,PACE,PSCO,1594965600,197.864,197.864,0
90,4,PACE,PSCO,1596283200,219.203,243.136,1
90,4,PACE,PSCO,1597600800,206.721,262.641,1
90,4,PACE,PSCO,1598918400,261.031,248.814,1
90,4,PACE,PSCO,1600236000,191.349,268.524,1
90,4,PACE,PSCO,1601553600,213.695,262.744,1
90,4,PACE,PSCO,1602871200,211.548,211.548,0
90,4,PACE,PSCO,1604188800,258.098,258.098,0
90,4,PACE,PSCO,1605506400,234.901,239.826,1
90,4,PACE,PSCO,1606824000,163.889,251.093,1
90,4,PACE,PSCO,1608141600,199.743,231.251,1
90,5,PACE,PSCO,1577836800,296.192,277.279,7
90,5,PACE,PSCO,1579154400,233.466,273.224,5
90,5,PACE,PSCO,1580472000,242.814,241.102,7
90,5,PACE,PSCO,1581789600,275.031,246.314,7
90,5,PACE,PSCO,1583107200,337.628,284.038,12
90,5,PACE,PSCO,1584424800,267.793,282.259,3
90,5,PACE,PSCO,1585742400,269.614,264.498,6
90,5,PACE,PSCO,1587060000,296.991,274.137,7
90,5,PACE,PSCO,1588377600,247.584,238.611,7
90,5,PACE,PSCO,1589695200,204.433,241.971,3
90,5,PACE,PSCO,1591012800,268.59,259.337,4
90,5,PACE,PSCO,1592330400,211.297,228.339,4
90,5,PACE,PSCO,1593648000,229.356,250.934,5
90,5,PACE,PSCO,1594965600,320.001,266.768,10
90,5,PACE,PSCO,1596283200,260.321,269.378,5
90,5,PACE,PSCO,1597600800,206.721,262.641,1
90,5,PACE,PSCO,1598918400,317.964,296.33,7
90,5,PACE,PSCO,1600236000,191.349,268.524,1
90,5,PACE,PSCO,1601553600,260.102,292.107,5
90,5,PACE,PSCO,1602871200,249.851,243.066,5
90,5,PACE,PSCO,1604188800,269.131,284.228,3
90,5,PACE,PSCO,1605506400,258.919,268.877,5
90,5,PACE,PSCO,1606824000,163.889,251.093,1
90,5,PACE,PSCO,1608141600,186.206,231.251,1
90,6,PACE,PSCO,1577836800,218.713,231.404,1
90,6,PACE,PSCO,1579154400,184.795,244.419,1
90,6,PACE,PSCO,1580472000,180.244,207.039,1
90,6,PACE,PSCO,1581789600,200.678,204.537,1
90,6,PACE,PSCO,1583107200,208.975,208.975,0
90,6,PACE,PSCO,1584424800,238.622,264.664,1
90,6,PACE,PSCO,1585742400,213.267,236.136,1
90,6,PACE,PSCO,1587060000,226.712,232.124,1
90,6,PACE,PSCO,1588377600,200.433,206.522,2
90,6,PACE,PSCO,1589695200,188.752,228.222,1
90,6,PACE,PSCO,1591012800,234.34,241.566,1
90,6,PACE,PSCO,1592330400,192.74,209.922,1
90,6,PACE,PSCO,1593648000,192.823,220.744,1
90,6,PACE,PSCO,1594965600,197.864,197.864,0
90,6,PACE,PSCO,1596283200,216.528,243.136,1
90,6,PACE,PSCO,1597600800,206.721,262.641,1
90,6,PACE,PSCO,1598918400,239.903,239.903,0
90,6,PACE,PSCO,1600236000,191.349,268.524,1
90,6,PACE,PSCO,1601553600,213.695,262.744,1
90,6,PACE,PSCO,1602871200,211.548,211.548,0
90,6,PACE,PSCO,1604188800,244.433,268.458,1
90,6,PACE,PSCO,1605506400,216.849,239.826,1
90,6,PACE,PSCO,1606824000,163.889,251.093,1
90,6,PACE,PSCO,1608141600,186.206,231.251,1
90,1,PSCO,EPE,1577836800,201.806,201.806,0
90,1,PSCO,EPE,1579154400,168.095,168.095,0
90,1,PSCO,EPE,1580472000,165.819,165.819,0
90,1,PSCO,EPE,1581789600,208.599,208.599,0
90,1,PSCO,EPE,1583107200,195.56,195.56,0
90,1,PSCO,EPE,1584424800,221.046,221.046,0
90,1,PSCO,EPE,1585742400,196.694,196.694,0
90,1,PSCO,EPE,1587060000,211.329,211.329,0
90,1,PSCO,EPE,1588377600,184.057,184.057,0
90,1,PSCO,EPE,1589695200,174.63,174.63,0
90,1,PSCO,EPE,1591012800,220.905,220.905,0
90,1,PSCO,EPE,1592330400,179.992,179.992,0
90,1,PSCO,EPE,1593648000,180.132,180.132,0
90,1,PSCO,EPE,1594965600,212.921,212.921,0
90,1,PSCO,EPE,1596283200,202.105,202.105,0
90,1,PSCO,EPE,1597600800,189.709,189.709,0
90,1,PSCO,EPE,1598918400,234.795,234.795,0
90,1,PSCO,EPE,1600236000,174.02,174.02,0
90,1,PSCO,EPE,1601553600,195.176,195.176,0
90,1,PSCO,EPE,1602871200,202.804,202.804,0
90,1,PSCO,EPE,1604188800,225.924,225.924,0
90,1,PSCO,EPE,1605506400,203.332,203.332,0
90,1,PSCO,EPE,1606824000,147.36,147.36,0
90,1,PSCO,EPE,1608141600,172.796,172.796,0
90,2,PSCO,EPE,1577836800,270.848,244.26,6
90,2,PSCO,EPE,1579154400,215.441,189.757,4
90,2,PSCO,EPE,1580472000,242.333,206.642,7
90,2,PSCO,EPE,1581789600,234.939,239.995,5
90,2,PSCO,EPE,1583107200,238.727,218.226,4
90,2,PSCO,EPE,1584424800,266.08,256.375,5
90,2,PSCO,EPE,1585742400,197.004,220.694,3
90,2,PSCO,EPE,1587060000,205.973,232.9,3
90,2,PSCO,EPE,1588377600,241.491,214.847,6
90,2,PSCO,EPE,1589695200,207.687,191.498,4
90,2,PSCO,EPE,1591012800,235.83,243.861,3
90,2,PSCO,EPE,1592330400,212.503,201.137,3
90,2,PSCO,EPE,1593648000,221.229,202.544,4
90,2,PSCO,EPE,1594965600,267.31,249.504,5
90,2,PSCO,EPE,1596283200,260.235,231.593,6
90,2,PSCO,EPE,1597600800,251.611,226.504,5
90,2,PSCO,EPE,1598918400,216.414,244.046,1
90,2,PSCO,EPE,1600236000,213.376,194.269,4
90,2,PSCO,EPE,1601553600,263.628,225.937,6
90,2,PSCO,EPE,1602871200,274.827,241.091,6
90,2,PSCO,EPE,1604188800,287.738,263.284,6
90,2,PSCO,EPE,1605506400,235.57,221.206,4
90,2,PSCO,EPE,1606824000,147.36,147.36,0
90,2,PSCO,EPE,1608141600,172.796,172.796,0
90,3,PSCO,EPE,1577836800,215.468,211.739,1
90,3,PSCO,EPE,1579154400,168.095,168.095,0
90,3,PSCO,EPE,1580472000,165.819,165.819,0
90,3,PSCO,EPE,1581789600,209.707,226.166,3
90,3,PSCO,EPE,1583107200,195.56,195.56,0
90,3,PSCO,EPE,1584424800,243.754,243.021,3
90,3,PSCO,EPE,1585742400,180.103,206.331,1
90,3,PSCO,EPE,1587060000,185.557,220.262,1
90,3,PSCO,EPE,1588377600,203.817,193.925,2
90,3,PSCO,EPE,1589695200,174.63,174.63,0
90,3,PSCO,EPE,1591012800,211.282,229.987,1
90,3,PSCO,EPE,1592330400,179.992,179.992,0
90,3,PSCO,EPE,1593648000,202.327,191.568,2
90,3,PSCO,EPE,1594965600,274.704,249.504,5
90,3,PSCO,EPE,1596283200,202.105,202.105,0
90,3,PSCO,EPE,1597600800,201.081,198.933,1
90,3,PSCO,EPE,1598918400,216.016,244.046,1
90,3,PSCO,EPE,1600236000,174.02,174.02,0
90,3,PSCO,EPE,1601553600,195.176,195.176,0
90,3,PSCO,EPE,1602871200,214.896,213.162,1
90,3,PSCO,EPE,1604188800,240.648,238.88,2
90,3,PSCO,EPE,1605506400,225.521,212.167,2
90,3,PSCO,EPE,1606824000,147.36,147.36,0
90,3,PSCO,EPE,1608141600,172.796,172.796,0
90,4,PSCO,EPE,1577836800,201.806,201.806,0
90,4,PSCO,EPE,1579154400,168.095,168.095,0
90,4,PSCO,EPE,1580472000,165.819,165.819,0
90,4,PSCO,EPE,1581789600,190.638,215.208,1
90,4,PSCO,EPE,1583107200,195.56,195.56,0
90,4,PSCO,EPE,1584424800,221.046,221.046,0
90,4,PSCO,EPE,1585742400,183.519,206.331,1
90,4,PSCO,EPE,1587060000,185.557,220.262,1
90,4,PSCO,EPE,1588377600,184.057,184.057,0
90,4,PSCO,EPE,1589695200,174.63,174.63,0
90,4,PSCO,EPE,1591012800,220.905,220.905,0
90,4,PSCO,EPE,1592330400,179.992,179.992,0
90,4,PSCO,EPE,1593648000,180.132,180.132,0
90,4,PSCO,EPE,1594965600,212.921,212.921,0
90,4,PSCO,EPE,1596283200,202.105,202.105,0
90,4,PSCO,EPE,1597600800,189.709,189.709,0
90,4,PSCO,EPE,1598918400,234.795,234.795,0
90,4,PSCO,EPE,1600236000,174.02,174.02,0
90,4,PSCO,EPE,1601553600,195.176,195.176,0
90,4,PSCO,EPE,1602871200,202.804,202.804,0
90,4,PSCO,EPE,1604188800,225.924,225.924,0
90,4,PSCO,EPE,1605506400,203.332,203.332,0
90,4,PSCO,EPE,1606824000,147.36,147.36,0
90,4,PSCO,EPE,1608141600,172.796,172.796,0
90,5,PSCO,EPE,1577836800,267.867,244.26,6
90,5,PSCO,EPE,1579154400,212.147,189.757,4
90,5,PSCO,EPE,1580472000,239.842,206.642,7
90,5,PSCO,EPE,1581789600,233.522,239.995,5
90,5,PSCO,EPE,1583107200,252.139,227.652,5
90,5,PSCO,EPE,1584424800,265.356,256.375,5
90,5,PSCO,EPE,1585742400,194.471,220.694,3
90,5,PSCO,EPE,1587060000,205.055,232.9,3
90,5,PSCO,EPE,1588377600,238.341,214.847,6
90,5,PSCO,EPE,1589695200,206.096,191.498,4
90,5,PSCO,EPE,1591012800,234.282,243.861,3
90,5,PSCO,EPE,1592330400,210.101,201.137,3
90,5,PSCO,EPE,1593648000,220.054,202.544,4
90,5,PSCO,EPE,1594965600,265.153,249.504,5
90,5,PSCO,EPE,1596283200,259.91,231.593,6
90,5,PSCO,EPE,1597600800,250.603,226.504,5
90,5,PSCO,EPE,1598918400,225.704,247.701,2
90,5,PSCO,EPE,1600236000,211.432,194.269,4
90,5,PSCO,EPE,1601553600,259.378,225.937,6
90,5,PSCO,EPE,1602871200,271.768,241.091,6
90,5,PSCO,EPE,1604188800,301.638,273.146,7
90,5,PSCO,EPE,1605506400,233.637,221.206,4
90,5,PSCO,EPE,1606824000,147.36,147.36,0
90,5,PSCO,EPE,1608141600,172.796,172.796,0
90,6,PSCO,EPE,1577836800,201.806,201.806,0
90,6,PSCO,EPE,1579154400,168.095,168.095,0
90,6,PSCO,EPE,1580472000,165.819,165.819,0
90,6,PSCO,EPE,1581789600,190.638,215.208,1
90,6,PSCO,EPE,1583107200,195.56,195.56,0
90,6,PSCO,EPE,1584424800,222.02,229.727,1
90,6,PSCO,EPE,1585742400,180.103,206.331,1
90,6,PSCO,EPE,1587060000,185.557,220.262,1
90,6,PSCO,EPE,1588377600,184.057,184.057,0
90,6,PSCO,EPE,1589695200,174.63,174.63,0
90,6,PSCO,EPE,1591012800,211.282,229.987,1
90,6,PSCO,EPE,1592330400,179.992,179.992,0
90,6,PSCO,EPE,1593648000,180.132,180.132,0
90,6,PSCO,EPE,1594965600,212.921,212.921,0
90,6,PSCO,EPE,1596283200,202.105,202.105,0
90,6,PSCO,EPE,1597600800,189.709,189.709,0
90,6,PSCO,EPE,1598918400,216.016,244.046,1
90,6,PSCO,EPE,1600236000,174.02,174.02,0
90,6,PSCO,EPE,1601553600,195.176,195.176,0
90,6,PSCO,EPE,1602871200,202.804,202.804,0
90,6,PSCO,EPE,1604188800,229.911,234.575,1
90,6,PSCO,EPE,1605506400,203.332,203.332,0
90,6,PSCO,EPE,1606824000,147.36,147.36,0
90,6,PSCO,EPE,1608141600,172.796,172.796,0
90,1,PSCO,PACE,1577836800,201.806,201.806,0
90,1,PSCO,PACE,1579154400,168.095,168.095,0
90,1,PSCO,PACE,1580472000,165.819,165.819,0
90,1,PSCO,PACE,1581789600,208.599,208.599,0
90,1,PSCO,PACE,1583107200,195.56,195.56,0
90,1,PSCO,PACE,1584424800,221.046,221.046,0
90,1,PSCO,PACE,1585742400,196.694,196.694,0
90,1,PSCO,PACE,1587060000,211.329,211.329,0
90,1,PSCO,PACE,1588377600,184.057,184.057,0
90,1,PSCO,PACE,1589695200,174.63,174.63,0
90,1,PSCO,PACE,1591012800,220.905,220.905,0
90,1,PSCO,PACE,1592330400,179.992,179.992,0
90,1,PSCO,PACE,1593648000,180.132,180.132,0
90,1,PSCO,PACE,1594965600,212.921,212.921,0
90,1,PSCO,PACE,1596283200,202.105,202.105,0
90,1,PSCO,PACE,1597600800,189.709,189.709,0
90,1,PSCO,PACE,1598918400,234.795,234.795,0
90,1,PSCO,PACE,1600236000,174.02,174.02,0
90,1,PSCO,PACE,1601553600,195.176,195.176,0
90,1,PSCO,PACE,1602871200,202.804,202.804,0
90,1,PSCO,PACE,1604188800,225.924,225.924,0
90,1,PSCO,PACE,1605506400,203.332,203.332,0
90,1,PSCO,PACE,1606824000,147.36,147.36,0
90,1,PSCO,PACE,1608141600,172.796,172.796,0
90,2,PSCO,PACE,1577836800,284.085,244.26,6
90,2,PSCO,PACE,1579154400,216.745,189.757,4
90,2,PSCO,PACE,1580472000,223.326,196.52,5
90,2,PSCO,PACE,1581789600,292.012,258.305,8
90,2,PSCO,PACE,1583107200,316.966,257.303,10
90,2,PSCO,PACE,1584424800,250.575,234.046,2
90,2,PSCO,PACE,1585742400,287.652,248.333,7
90,2,PSCO,PACE,1587060000,284.45,250.356,6
90,2,PSCO,PACE,1588377600,238.357,214.847,6
90,2,PSCO,PACE,1589695200,191.413,182.738,2
90,2,PSCO,PACE,1591012800,240.462,234.411,2
90,2,PSCO,PACE,1592330400,229.431,216.476,5
90,2,PSCO,PACE,1593648000,243.191,213.358,6
90,2,PSCO,PACE,1594965600,314.808,280.227,9
90,2,PSCO,PACE,1596283200,245.452,220.781,4
90,2,PSCO,PACE,1597600800,189.709,189.709,0
90,2,PSCO,PACE,1598918400,303.715,267.211,6
90,2,PSCO,PACE,1600236000,174.02,174.02,0
90,2,PSCO,PACE,1601553600,245.419,215.398,4
90,2,PSCO,PACE,1602871200,229.92,226.748,3
90,2,PSCO,PACE,1604188800,252.565,238.88,2
90,2,PSCO,PACE,1605506400,245.402,221.206,4
90,2,PSCO,PACE,1606824000,147.36,147.36,0
90,2,PSCO,PACE,1608141600,172.796,172.796,0
90,3,PSCO,PACE,1577836800,215.852,211.739,1
90,3,PSCO,PACE,1579154400,168.095,168.095,0
90,3,PSCO,PACE,1580472000,165.819,165.819,0
90,3,PSCO,PACE,1581789600,220.245,218.69,2
90,3,PSCO,PACE,1583107200,216.836,206.286,2
90,3,PSCO,PACE,1584424800,221.046,221.046,0
90,3,PSCO,PACE,1585742400,196.694,196.694,0
90,3,PSCO,PACE,1587060000,225.023,220.262,1
90,3,PSCO,PACE,1588377600,201.53,193.925,2
90,3,PSCO,PACE,1589695200,174.63,174.63,0
90,3,PSCO,PACE,1591012800,220.905,220.905,0
90,3,PSCO,PACE,1592330400,179.992,179.992,0
90,3,PSCO,PACE,1593648000,201.94,191.568,2
90,3,PSCO,PACE,1594965600,223.247,224.05,2
90,3,PSCO,PACE,1596283200,202.105,202.105,0
90,3,PSCO,PACE,1597600800,189.709,189.709,0
90,3,PSCO,PACE,1598918400,258.126,247.701,2
90,3,PSCO,PACE,1600236000,174.02,174.02,0
90,3,PSCO,PACE,1601553600,195.176,195.176,0
90,3,PSCO,PACE,1602871200,214.44,213.162,1
90,3,PSCO,PACE,1604188800,225.924,225.924,0
90,3,PSCO,PACE,1605506400,203.332,203.332,0
90,3,PSCO,PACE,1606824000,147.36,147.36,0
90,3,PSCO,PACE,1608141600,172.796,172.796,0
90,4,PSCO,PACE,1577836800,201.806,201.806,0
90,4,PSCO,PACE,1579154400,168.095,168.095,0
90,4,PSCO,PACE,1580472000,165.819,165.819,0
90,4,PSCO,PACE,1581789600,208.599,208.599,0
90,4,PSCO,PACE,1583107200,195.56,195.56,0
90,4,PSCO,PACE,1584424800,221.046,221.046,0
90,4,PSCO,PACE,1585742400,196.694,196.694,0
90,4,PSCO,PACE,1587060000,211.329,211.329,0
90,4,PSCO,PACE,1588377600,184.057,184.057,0
90,4,PSCO,PACE,1589695200,174.63,174.63,0
90,4,PSCO,PACE,1591012800,220.905,220.905,0
90,4,PSCO,PACE,1592330400,179.992,179.992,0
90,4,PSCO,PACE,1593648000,180.132,180.132,0
90,4,PSCO,PACE,1594965600,212.921,212.921,0
90,4,PSCO,PACE,1596283200,202.105,202.105,0
90,4,PSCO,PACE,1597600800,189.709,189.709,0
90,4,PSCO,PACE,1598918400,234.795,234.795,0
90,4,PSCO,PACE,1600236000,174.02,174.02,0
90,4,PSCO,PACE,1601553600,195.176,195.176,0
90,4,PSCO,PACE,1602871200,202.804,202.804,0
90,4,PSCO,PACE,1604188800,225.924,225.924,0
90,4,PSCO,PACE,1605506400,203.332,203.332,0
90,4,PSCO,PACE,1606824000,147.36,147.36,0
90,4,PSCO,PACE,1608141600,172.796,172.796,0
90,5,PSCO,PACE,1577836800,280.606,244.26,6
90,5,PSCO,PACE,1579154400,214.358,189.757,4
90,5,PSCO,PACE,1580472000,228.672,199.968,6
90,5,PSCO,PACE,1581789600,287.485,258.305,8
90,5,PSCO,PACE,1583107200,312.532,257.303,10
90,5,PSCO,PACE,1584424800,249.923,234.046,2
90,5,PSCO,PACE,1585742400,258.924,234.94,5
90,5,PSCO,PACE,1587060000,281.875,250.356,6
90,5,PSCO,PACE,1588377600,233.583,214.847,6
90,5,PSCO,PACE,1589695200,189.795,182.738,2
90,5,PSCO,PACE,1591012800,254.823,243.861,3
90,5,PSCO,PACE,1592330400,238.271,221.366,6
90,5,PSCO,PACE,1593648000,217.169,202.544,4
90,5,PSCO,PACE,1594965600,309.459,280.227,9
90,5,PSCO,PACE,1596283200,244.801,220.781,4
90,5,PSCO,PACE,1597600800,189.709,189.709,0
90,5,PSCO,PACE,1598918400,302.226,267.211,6
90,5,PSCO,PACE,1600236000,174.02,174.02,0
90,5,PSCO,PACE,1601553600,241.8,215.398,4
90,5,PSCO,PACE,1602871200,236.018,230.537,4
90,5,PSCO,PACE,1604188800,251.344,238.88,2
90,5,PSCO,PACE,1605506400,243.964,221.206,4
90,5,PSCO,PACE,1606824000,147.36,147.36,0
90,5,PSCO,PACE,1608141600,172.796,172.796,0
90,6,PSCO,PACE,1577836800,201.806,201.806,0
90,6,PSCO,PACE,1579154400,168.095,168.095,0
90,6,PSCO,PACE,1580472000,165.819,165.819,0
90,6,PSCO,PACE,1581789600,208.599,208.599,0
90,6,PSCO,PACE,1583107200,195.56,195.56,0
90,6,PSCO,PACE,1584424800,221.046,221.046,0
90,6,PSCO,PACE,1585742400,196.694,196.694,0
90,6,PSCO,PACE,1587060000,211.329,211.329,0
90,6,PSCO,PACE,1588377600,188.466,190.648,1
90,6,PSCO,PACE,1589695200,174.63,174.63,0
90,6,PSCO,PACE,1591012800,220.905,220.905,0
90,6,PSCO,PACE,1592330400,179.992,179.992,0
90,6,PSCO,PACE,1593648000,180.132,180.132,0
90,6,PSCO,PACE,1594965600,214.492,220.093,1
90,6,PSCO,PACE,1596283200,202.105,202.105,0
90,6,PSCO,PACE,1597600800,189.709,189.709,0
90,6,PSCO,PACE,1598918400,234.795,234.795,0
90,6,PSCO,PACE,1600236000,174.02,174.02,0
90,6,PSCO,PACE,1601553600,195.176,195.176,0
90,6,PSCO,PACE,1602871200,202.804,202.804,0
90,6,PSCO,PACE,1604188800,225.924,225.924,0
90,6,PSCO,PACE,1605506400,203.332,203.332,0
90,6,PSCO,PACE,1606824000,147.36,147.36,0
90,6,PSCO,PACE,1608141600,172.796,172.796,0
90,1,TEPC,AECI,1577836800,261.782,261.782,0
90,1,TEPC,AECI,1579154400,260.044,260.044,0
90,1,TEPC,AECI,1580472000,227.287,227.287,0
90,1,TEPC,AECI,1581789600,230.952,230.952,0
90,1,TEPC,AECI,1583107200,213.887,213.887,0
90,1,TEPC,AECI,1584424800,209.261,209.261,0
90,1,TEPC,AECI,1585742400,163.89,163.89,0
90,1,TEPC,AECI,1587060000,178.693,178.693,0
90,1,TEPC,AECI,1588377600,179.254,179.254,0
90,1,TEPC,AECI,1589695200,215.518,215.518,0
90,1,TEPC,AECI,1591012800,222.496,222.496,0
90,1,TEPC,AECI,1592330400,189.451,189.451,0
90,1,TEPC,AECI,1593648000,215.878,215.878,0
90,1,TEPC,AECI,1594965600,207.863,207.863,0
90,1,TEPC,AECI,1596283200,219.66,219.66,0
90,1,TEPC,AECI,1597600800,232.192,232.192,0
90,1,TEPC,AECI,1598918400,219.508,219.508,0
90,1,TEPC,AECI,1600236000,245.174,245.174,0
90,1,TEPC,AECI,1601553600,235.921,235.921,0
90,1,TEPC,AECI,1602871200,262.53,262.53,0
90,1,TEPC,AECI,1604188800,265.706,265.706,0
90,1,TEPC,AECI,1605506400,225.001,225.001,0
90,1,TEPC,AECI,1606824000,193.11,193.11,0
90,1,TEPC,AECI,1608141600,251.11,251.11,0
90,2,TEPC,AECI,1577836800,217.928,290.197,3
90,2,TEPC,AECI,1579154400,231.613,289.245,3
90,2,TEPC,AECI,1580472000,224.321,258.924,4
90,2,TEPC,AECI,1581789600,241.019,252.622,4
90,2,TEPC,AECI,1583107200,235.848,254.619,5
90,2,TEPC,AECI,1584424800,273.652,264.704,8
90,2,TEPC,AECI,1585742400,188.872,190.856,6
90,2,TEPC,AECI,1587060000,212.403,215.893,7
90,2,TEPC,AECI,1588377600,207.754,210.359,5
90,2,TEPC,AECI,1589695200,224.166,258.022,5
90,2,TEPC,AECI,1591012800,202.554,249.049,4
90,2,TEPC,AECI,1592330400,231.218,221.195,6
90,2,TEPC,AECI,1593648000,256.778,253.001,5
90,2,TEPC,AECI,1594965600,256.801,252.427,6
90,2,TEPC,AECI,1596283200,271.061,257.207,6
90,2,TEPC,AECI,1597600800,304.939,272.356,6
90,2,TEPC,AECI,1598918400,393.0,329.928,16
90,2,TEPC,AECI,1600236000,297.909,293.914,6
90,2,TEPC,AECI,1601553600,329.986,300.769,10
90,2,TEPC,AECI,1602871200,313.542,337.603,9
90,2,TEPC,AECI,1604188800,299.334,307.141,5
90,2,TEPC,AECI,1605506400,252.368,249.679,3
90,2,TEPC,AECI,1606824000,193.11,193.11,0
90,2,TEPC,AECI,1608141600,243.665,276.816,3
90,3,TEPC,AECI,1577836800,189.42,272.952,1
90,3,TEPC,AECI,1579154400,203.789,271.749,1
90,3,TEPC,AECI,1580472000,193.449,238.772,1
90,3,TEPC,AECI,1581789600,242.362,241.853,2
90,3,TEPC,AECI,1583107200,213.887,213.887,0
90,3,TEPC,AECI,1584424800,192.409,218.766,1
90,3,TEPC,AECI,1585742400,182.178,183.39,4
90,3,TEPC,AECI,1587060000,222.909,207.643,6
90,3,TEPC,AECI,1588377600,179.254,179.254,0
90,3,TEPC,AECI,1589695200,171.857,225.929,1
90,3,TEPC,AECI,1591012800,167.007,232.179,1
90,3,TEPC,AECI,1592330400,226.248,209.975,4
90,3,TEPC,AECI,1593648000,215.878,215.878,0
90,3,TEPC,AECI,1594965600,227.628,232.86,3
90,3,TEPC,AECI,1596283200,209.197,233.317,2
90,3,TEPC,AECI,1597600800,232.192,232.192,0
90,3,TEPC,AECI,1598918400,243.997,255.246,5
90,3,TEPC,AECI,1600236000,257.274,256.016,1
90,3,TEPC,AECI,1601553600,198.872,245.497,1
90,3,TEPC,AECI,1602871200,206.572,277.32,2
90,3,TEPC,AECI,1604188800,279.846,280.107,2
90,3,TEPC,AECI,1605506400,228.341,235.056,1
90,3,TEPC,AECI,1606824000,193.11,193.11,0
90,3,TEPC,AECI,1608141600,209.956,261.214,1
90,4,TEPC,AECI,1577836800,189.42,272.952,1
90,4,TEPC,AECI,1579154400,260.044,260.044,0
90,4,TEPC,AECI,1580472000,206.904,238.772,1
90,4,TEPC,AECI,1581789600,230.952,230.952,0
90,4,TEPC,AECI,1583107200,213.887,213.887,0
90,4,TEPC,AECI,1584424800,209.261,209.261,0
90,4,TEPC,AECI,1585742400,163.89,163.89,0
90,4,TEPC,AECI,1587060000,178.693,178.693,0
90,4,TEPC,AECI,1588377600,179.254,179.254,0
90,4,TEPC,AECI,1589695200,215.518,215.518,0
90,4,TEPC,AECI,1591012800,168.508,232.179,1
90,4,TEPC,AECI,1592330400,189.451,189.451,0
90,4,TEPC,AECI,1593648000,215.878,215.878,0
90,4,TEPC,AECI,1594965600,207.863,207.863,0
90,4,TEPC,AECI,1596283200,219.66,219.66,0
90,4,TEPC,AECI,1597600800,232.192,232.192,0
90,4,TEPC,AECI,1598918400,219.508,219.508,0
90,4,TEPC,AECI,1600236000,245.174,245.174,0
90,4,TEPC,AECI,1601553600,235.921,235.921,0
90,4,TEPC,AECI,1602871200,262.53,262.53,0
90,4,TEPC,AECI,1604188800,265.706,265.706,0
90,4,TEPC,AECI,1605506400,225.001,225.001,0
90,4,TEPC,AECI,1606824000,193.11,193.11,0
90,4,TEPC,AECI,1608141600,251.11,251.11,0
90,5,TEPC,AECI,1577836800,217.232,290.197,3
90,5,TEPC,AECI,1579154400,229.536,289.245,3
90,5,TEPC,AECI,1580472000,222.731,258.924,4
90,5,TEPC,AECI,1581789600,239.02,252.622,4
90,5,TEPC,AECI,1583107200,231.976,254.619,5
90,5,TEPC,AECI,1584424800,272.728,264.704,8
90,5,TEPC,AECI,1585742400,169.319,183.39,4
90,5,TEPC,AECI,1587060000,208.978,215.893,7
90,5,TEPC,AECI,1588377600,204.42,210.359,5
90,5,TEPC,AECI,1589695200,220.394,258.022,5
90,5,TEPC,AECI,1591012800,169.501,232.179,1
90,5,TEPC,AECI,1592330400,229.133,221.195,6
90,5,TEPC,AECI,1593648000,253.233,253.001,5
90,5,TEPC,AECI,1594965600,255.334,252.427,6
90,5,TEPC,AECI,1596283200,269.793,257.207,6
90,5,TEPC,AECI,1597600800,303.818,272.356,6
90,5,TEPC,AECI,1598918400,390.365,329.928,16
90,5,TEPC,AECI,1600236000,296.622,293.914,6
90,5,TEPC,AECI,1601553600,328.054,300.769,10
90,5,TEPC,AECI,1602871200,284.773,320.234,7
90,5,TEPC,AECI,1604188800,296.073,307.141,5
90,5,TEPC,AECI,1605506400,250.89,249.679,3
90,5,TEPC,AECI,1606824000,193.11,193.11,0
90,5,TEPC,AECI,1608141600,241.041,276.816,3
90,6,TEPC,AECI,1577836800,189.42,272.952,1
90,6,TEPC,AECI,1579154400,203.789,271.749,1
90,6,TEPC,AECI,1580472000,193.32,238.772,1
90,6,TEPC,AECI,1581789600,230.952,230.952,0
90,6,TEPC,AECI,1583107200,213.887,213.887,0
90,6,TEPC,AECI,1584424800,209.261,209.261,0
90,6,TEPC,AECI,1585742400,141.288,171.952,1
90,6,TEPC,AECI,1587060000,178.693,178.693,0
90,6,TEPC,AECI,1588377600,179.254,179.254,0
90,6,TEPC,AECI,1589695200,171.857,225.929,1
90,6,TEPC,AECI,1591012800,167.007,232.179,1
90,6,TEPC,AECI,1592330400,189.451,189.451,0
90,6,TEPC,AECI,1593648000,215.878,215.878,0
90,6,TEPC,AECI,1594965600,207.863,207.863,0
90,6,TEPC,AECI,1596283200,219.66,219.66,0
90,6,TEPC,AECI,1597600800,232.192,232.192,0
90,6,TEPC,AECI,1598918400,219.508,219.508,0
90,6,TEPC,AECI,1600236000,245.174,245.174,0
90,6,TEPC,AECI,1601553600,235.921,235.921,0
90,6,TEPC,AECI,1602871200,195.452,272.17,1
90,6,TEPC,AECI,1604188800,265.706,265.706,0
90,6,TEPC,AECI,1605506400,225.001,225.001,0
90,6,TEPC,AECI,1606824000,193.11,193.11,0
90,6,TEPC,AECI,1608141600,209.956,261.214,1
120,1,AECI,EPE,1577836800,171.652,171.652,0
120,1,AECI,EPE,1579154400,184.829,184.829,0
120,1,AECI,EPE,1580472000,179.08,179.08,0
120,1,AECI,EPE,1581789600,190.047,190.047,0
120,1,AECI,EPE,1583107200,177.533,177.533,0
120,1,AECI,EPE,1584424800,173.609,173.609,0
120,1,AECI,EPE,1585742400,130.078,130.078,0
120,1,AECI,EPE,1587060000,146.519,146.519,0
120,1,AECI,EPE,1588377600,154.192,154.192,0
120,1,AECI,EPE,1589695200,158.058,158.058,0
120,1,AECI,EPE,1591012800,151.782,151.782,0
120,1,AECI,EPE,1592330400,159.195,159.195,0
120,1,AECI,EPE,1593648000,183.868,183.868,0
120,1,AECI,EPE,1594965600,175.21,175.21,0
120,1,AECI,EPE,1596283200,180.832,180.832,0
120,1,AECI,EPE,1597600800,201.072,201.072,0
120,1,AECI,EPE,1598918400,180.384,180.384,0
120,1,AECI,EPE,1600236000,202.899,202.899,0
120,1,AECI,EPE,1601553600,182.573,182.573,0
120,1,AECI,EPE,1602871200,178.75,178.75,0
120,1,AECI,EPE,1604188800,219.569,219.569,0
120,1,AECI,EPE,1605506400,205.232,205.232,0
120,1,AECI,EPE,1606824000,196.187,196.187,0
120,1,AECI,EPE,1608141600,194.483,194.483,0
120,2,AECI,EPE,1577836800,364.337,253.793,11
120,2,AECI,EPE,1579154400,268.011,214.135,4
120,2,AECI,EPE,1580472000,215.524,201.818,3
120,2,AECI,EPE,1581789600,191.931,198.479,1
120,2,AECI,EPE,1583107200,317.094,239.198,9
120,2,AECI,EPE,1584424800,254.593,205.938,5
120,2,AECI,EPE,1585742400,201.356,165.323,5
120,2,AECI,EPE,1587060000,227.243,178.35,6
120,2,AECI,EPE,1588377600,239.118,189.81,6
120,2,AECI,EPE,1589695200,268.63,204.371,7
120,2,AECI,EPE,1591012800,268.899,200.58,7
120,2,AECI,EPE,1592330400,289.816,211.424,8
120,2,AECI,EPE,1593648000,286.096,225.84,6
120,2,AECI,EPE,1594965600,263.846,211.395,5
120,2,AECI,EPE,1596283200,273.721,217.361,5
120,2,AECI,EPE,1597600800,263.095,224.754,3
120,2,AECI,EPE,1598918400,342.725,246.011,9
120,2,AECI,EPE,1600236000,231.679,217.586,2
120,2,AECI,EPE,1601553600,245.753,205.368,3
120,2,AECI,EPE,1602871200,274.84,220.036,5
120,2,AECI,EPE,1604188800,310.538,266.582,6
120,2,AECI,EPE,1605506400,230.473,218.019,2
120,2,AECI,EPE,1606824000,246.266,221.637,3
120,2,AECI,EPE,1608141600,429.032,301.589,13
120,3,AECI,EPE,1577836800,219.097,179.057,1
120,3,AECI,EPE,1579154400,222.517,192.82,1
120,3,AECI,EPE,1580472000,214.285,201.818,3
120,3,AECI,EPE,1581789600,191.931,198.479,1
120,3,AECI,EPE,1583107200,218.282,186.056,1
120,3,AECI,EPE,1584424800,222.782,185.562,2
120,3,AECI,EPE,1585742400,179.92,151.249,3
120,3,AECI,EPE,1587060000,193.239,155.889,2
120,3,AECI,EPE,1588377600,197.95,161.5,1
120,3,AECI,EPE,1589695200,214.407,171.536,2
120,3,AECI,EPE,1591012800,151.782,151.782,0
120,3,AECI,EPE,1592330400,175.899,165.665,1
120,3,AECI,EPE,1593648000,214.248,191.747,1
120,3,AECI,EPE,1594965600,264.761,211.395,5
120,3,AECI,EPE,1596283200,249.491,203.178,3
120,3,AECI,EPE,1597600800,230.431,209.122,1
120,3,AECI,EPE,1598918400,235.712,194.679,2
120,3,AECI,EPE,1600236000,230.722,217.586,2
120,3,AECI,EPE,1601553600,318.424,237.457,7
120,3,AECI,EPE,1602871200,197.086,186.552,1
120,3,AECI,EPE,1604188800,233.698,228.152,1
120,3,AECI,EPE,1605506400,226.435,218.019,2
120,3,AECI,EPE,1606824000,215.391,204.333,1
120,3,AECI,EPE,1608141600,232.706,201.57,1
120,4,AECI,EPE,1577836800,171.652,171.652,0
120,4,AECI,EPE,1579154400,184.829,184.829,0
120,4,AECI,EPE,1580472000,197.108,186.263,1
120,4,AECI,EPE,1581789600,192.749,198.479,1
120,4,AECI,EPE,1583107200,177.533,177.533,0
120,4,AECI,EPE,1584424800,173.609,173.609,0
120,4,AECI,EPE,1585742400,130.078,130.078,0
120,4,AECI,EPE,1587060000,146.519,146.519,0
120,4,AECI,EPE,1588377600,154.192,154.192,0
120,4,AECI,EPE,1589695200,158.058,158.058,0
120,4,AECI,EPE,1591012800,151.782,151.782,0
120,4,AECI,EPE,1592330400,159.195,159.195,0
120,4,AECI,EPE,1593648000,183.868,183.868,0
120,4,AECI,EPE,1594965600,175.21,175.21,0
120,4,AECI,EPE,1596283200,180.832,180.832,0
120,4,AECI,EPE,1597600800,216.19,209.122,1
120,4,AECI,EPE,1598918400,180.384,180.384,0
120,4,AECI,EPE,1600236000,202.899,202.899,0
120,4,AECI,EPE,1601553600,182.573,182.573,0
120,4,AECI,EPE,1602871200,178.75,178.75,0
120,4,AECI,EPE,1604188800,228.091,228.152,1
120,4,AECI,EPE,1605506400,205.232,205.232,0
120,4,AECI,EPE,1606824000,196.187,196.187,0
120,4,AECI,EPE,1608141600,194.483,194.483,0
120,5,AECI,EPE,1577836800,361.688,253.793,11
120,5,AECI,EPE,1579154400,265.612,214.135,4
120,5,AECI,EPE,1580472000,214.62,201.818,3
120,5,AECI,EPE,1581789600,191.931,198.479,1
120,5,AECI,EPE,1583107200,238.893,205.945,4
120,5,AECI,EPE,1584424800,254.251,205.938,5
120,5,AECI,EPE,1585742400,199.495,165.323,5
120,5,AECI,EPE,1587060000,225.27,178.35,6
120,5,AECI,EPE,1588377600,237.22,189.81,6
120,5,AECI,EPE,1589695200,266.162,204.371,7
120,5,AECI,EPE,1591012800,267.075,200.58,7
120,5,AECI,EPE,1592330400,285.748,211.424,8
120,5,AECI,EPE,1593648000,283.042,225.84,6
120,5,AECI,EPE,1594965600,261.873,211.395,5
120,5,AECI,EPE,1596283200,272.41,217.361,5
120,5,AECI,EPE,1597600800,262.122,224.754,3
120,5,AECI,EPE,1598918400,341.217,246.011,9
120,5,AECI,EPE,1600236000,230.722,217.586,2
120,5,AECI,EPE,1601553600,245.001,205.368,3
120,5,AECI,EPE,1602871200,273.931,220.036,5
120,5,AECI,EPE,1604188800,325.482,274.393,7
120,5,AECI,EPE,1605506400,229.565,218.019,2
120,5,AECI,EPE,1606824000,245.904,221.637,3
120,5,AECI,EPE,1608141600,425.331,301.589,13
120,6,AECI,EPE,1577836800,171.652,171.652,0
120,6,AECI,EPE,1579154400,222.517,192.82,1
120,6,AECI,EPE,1580472000,197.028,186.263,1
120,6,AECI,EPE,1581789600,191.931,198.479,1
120,6,AECI,EPE,1583107200,215.716,186.056,1
120,6,AECI,EPE,1584424800,173.609,173.609,0
120,6,AECI,EPE,1585742400,130.078,130.078,0
120,6,AECI,EPE,1587060000,174.175,151.4,1
120,6,AECI,EPE,1588377600,154.192,154.192,0
120,6,AECI,EPE,1589695200,158.058,158.058,0
120,6,AECI,EPE,1591012800,151.782,151.782,0
120,6,AECI,EPE,1592330400,159.195,159.195,0
120,6,AECI,EPE,1593648000,214.248,191.747,1
120,6,AECI,EPE,1594965600,175.21,175.21,0
120,6,AECI,EPE,1596283200,220.391,188.162,1
120,6,AECI,EPE,1597600800,230.431,209.122,1
120,6,AECI,EPE,1598918400,219.734,187.524,1
120,6,AECI,EPE,1600236000,216.213,210.142,1
120,6,AECI,EPE,1601553600,182.573,182.573,0
120,6,AECI,EPE,1602871200,178.75,178.75,0
120,6,AECI,EPE,1604188800,233.698,228.152,1
120,6,AECI,EPE,1605506400,221.012,211.558,1
120,6,AECI,EPE,1606824000,215.391,204.333,1
120,6,AECI,EPE,1608141600,232.706,201.57,1
120,1,AECI,PACE,1577836800,171.652,171.652,0
120,1,AECI,PACE,1579154400,184.829,184.829,0
120,1,AECI,PACE,1580472000,179.08,179.08,0
120,1,AECI,PACE,1581789600,190.047,190.047,0
120,1,AECI,PACE,1583107200,177.533,177.533,0
120,1,AECI,PACE,1584424800,173.609,173.609,0
120,1,AECI,PACE,1585742400,130.078,130.078,0
120,1,AECI,PACE,1587060000,146.519,146.519,0
120,1,AECI,PACE,1588377600,154.192,154.192,0
120,1,AECI,PACE,1589695200,158.058,158.058,0
120,1,AECI,PACE,1591012800,151.782,151.782,0
120,1,AECI,PACE,1592330400,159.195,159.195,0
120,1,AECI,PACE,1593648000,183.868,183.868,0
120,1,AECI,PACE,1594965600,175.21,175.21,0
120,1,AECI,PACE,1596283200,180.832,180.832,0
120,1,AECI,PACE,1597600800,201.072,201.072,0
120,1,AECI,PACE,1598918400,180.384,180.384,0
120,1,AECI,PACE,1600236000,202.899,202.899,0
120,1,AECI,PACE,1601553600,182.573,182.573,0
120,1,AECI,PACE,1602871200,178.75,178.75,0
120,1,AECI,PACE,1604188800,219.569,219.569,0
120,1,AECI,PACE,1605506400,205.232,205.232,0
120,1,AECI,PACE,1606824000,196.187,196.187,0
120,1,AECI,PACE,1608141600,194.483,194.483,0
120,2,AECI,PACE,1577836800,241.285,201.708,4
120,2,AECI,PACE,1579154400,305.717,236.212,7
120,2,AECI,PACE,1580472000,259.265,216.587,5
120,2,AECI,PACE,1581789600,240.828,214.235,3
120,2,AECI,PACE,1583107200,236.304,205.945,4
120,2,AECI,PACE,1584424800,206.647,185.562,2
120,2,AECI,PACE,1585742400,130.078,130.078,0
120,2,AECI,PACE,1587060000,173.165,155.889,2
120,2,AECI,PACE,1588377600,203.227,179.167,4
120,2,AECI,PACE,1589695200,223.7,184.614,4
120,2,AECI,PACE,1591012800,185.084,165.617,2
120,2,AECI,PACE,1592330400,216.52,185.195,4
120,2,AECI,PACE,1593648000,281.668,225.84,6
120,2,AECI,PACE,1594965600,324.957,243.367,9
120,2,AECI,PACE,1596283200,352.59,254.34,10
120,2,AECI,PACE,1597600800,428.931,299.436,11
120,2,AECI,PACE,1598918400,246.631,209.042,4
120,2,AECI,PACE,1600236000,286.859,234.152,4
120,2,AECI,PACE,1601553600,332.085,245.62,8
120,2,AECI,PACE,1602871200,261.497,220.036,5
120,2,AECI,PACE,1604188800,333.711,266.582,6
120,2,AECI,PACE,1605506400,278.618,231.614,4
120,2,AECI,PACE,1606824000,294.916,239.366,5
120,2,AECI,PACE,1608141600,361.982,265.824,9
120,3,AECI,PACE,1577836800,215.828,186.798,2
120,3,AECI,PACE,1579154400,267.404,214.135,4
120,3,AECI,PACE,1580472000,228.261,201.818,3
120,3,AECI,PACE,1581789600,213.677,198.479,1
120,3,AECI,PACE,1583107200,223.018,186.056,1
120,3,AECI,PACE,1584424800,173.609,173.609,0
120,3,AECI,PACE,1585742400,130.078,130.078,0
120,3,AECI,PACE,1587060000,146.519,146.519,0
120,3,AECI,PACE,1588377600,193.392,161.5,1
120,3,AECI,PACE,1589695200,188.512,171.536,2
120,3,AECI,PACE,1591012800,151.782,151.782,0
120,3,AECI,PACE,1592330400,159.195,159.195,0
120,3,AECI,PACE,1593648000,229.326,191.747,1
120,3,AECI,PACE,1594965600,204.119,188.678,2
120,3,AECI,PACE,1596283200,180.832,180.832,0
120,3,AECI,PACE,1597600800,302.678,242.851,5
120,3,AECI,PACE,1598918400,214.613,194.679,2
120,3,AECI,PACE,1600236000,247.928,217.586,2
120,3,AECI,PACE,1601553600,182.573,182.573,0
120,3,AECI,PACE,1602871200,246.271,203.064,3
120,3,AECI,PACE,1604188800,312.362,251.203,4
120,3,AECI,PACE,1605506400,250.228,218.019,2
120,3,AECI,PACE,1606824000,278.212,221.637,3
120,3,AECI,PACE,1608141600,233.84,208.422,2
120,4,AECI,PACE,1577836800,171.652,171.652,0
120,4,AECI,PACE,1579154400,184.829,184.829,0
120,4,AECI,PACE,1580472000,179.08,179.08,0
120,4,AECI,PACE,1581789600,190.047,190.047,0
120,4,AECI,PACE,1583107200,177.533,177.533,0
120,4,AECI,PACE,1584424800,173.609,173.609,0
120,4,AECI,PACE,1585742400,130.078,130.078,0
120,4,AECI,PACE,1587060000,146.519,146.519,0
120,4,AECI,PACE,1588377600,154.192,154.192,0
120,4,AECI,PACE,1589695200,158.058,158.058,0
120,4,AECI,PACE,1591012800,151.782,151.782,0
120,4,AECI,PACE,1592330400,159.195,159.195,0
120,4,AECI,PACE,1593648000,183.868,183.868,0
120,4,AECI,PACE,1594965600,175.21,175.21,0
120,4,AECI,PACE,1596283200,180.832,180.832,0
120,4,AECI,PACE,1597600800,201.072,201.072,0
120,4,AECI,PACE,1598918400,180.384,180.384,0
120,4,AECI,PACE,1600236000,202.899,202.899,0
120,4,AECI,PACE,1601553600,182.573,182.573,0
120,4,AECI,PACE,1602871200,178.75,178.75,0
120,4,AECI,PACE,1604188800,219.569,219.569,0
120,4,AECI,PACE,1605506400,205.232,205.232,0
120,4,AECI,PACE,1606824000,196.187,196.187,0
120,4,AECI,PACE,1608141600,194.483,194.483,0
120,5,AECI,PACE,1577836800,239.426,201.708,4
120,5,AECI,PACE,1579154400,304.652,236.212,7
120,5,AECI,PACE,1580472000,256.155,216.587,5
120,5,AECI,PACE,1581789600,255.463,221.698,4
120,5,AECI,PACE,1583107200,234.342,205.945,4
120,5,AECI,PACE,1584424800,204.383,185.562,2
120,5,AECI,PACE,1585742400,130.078,130.078,0
120,5,AECI,PACE,1587060000,171.808,155.889,2
120,5,AECI,PACE,1588377600,198.621,179.167,4
120,5,AECI,PACE,1589695200,220.146,184.614,4
120,5,AECI,PACE,1591012800,215.211,179.749,4
120,5,AECI,PACE,1592330400,211.765,185.195,4
120,5,AECI,PACE,1593648000,275.462,225.84,6
120,5,AECI,PACE,1594965600,319.804,243.367,9
120,5,AECI,PACE,1596283200,348.801,254.34,10
120,5,AECI,PACE,1597600800,443.442,307.396,12
120,5,AECI,PACE,1598918400,245.234,209.042,4
120,5,AECI,PACE,1600236000,304.639,243.781,5
120,5,AECI,PACE,1601553600,326.947,245.62,8
120,5,AECI,PACE,1602871200,260.039,220.036,5
120,5,AECI,PACE,1604188800,332.449,266.582,6
120,5,AECI,PACE,1605506400,276.875,231.614,4
120,5,AECI,PACE,1606824000,293.504,239.366,5
120,5,AECI,PACE,1608141600,359.794,265.824,9
120,6,AECI,PACE,1577836800,171.652,171.652,0
120,6,AECI,PACE,1579154400,184.829,184.829,0
120,6,AECI,PACE,1580472000,214.001,186.263,1
120,6,AECI,PACE,1581789600,213.677,198.479,1
120,6,AECI,PACE,1583107200,219.243,186.056,1
120,6,AECI,PACE,1584424800,173.609,173.609,0
120,6,AECI,PACE,1585742400,130.078,130.078,0
120,6,AECI,PACE,1587060000,146.519,146.519,0
120,6,AECI,PACE,1588377600,183.179,161.5,1
120,6,AECI,PACE,1589695200,158.058,158.058,0
120,6,AECI,PACE,1591012800,151.782,151.782,0
120,6,AECI,PACE,1592330400,159.195,159.195,0
120,6,AECI,PACE,1593648000,217.65,191.747,1
120,6,AECI,PACE,1594965600,175.21,175.21,0
120,6,AECI,PACE,1596283200,180.832,180.832,0
120,6,AECI,PACE,1597600800,201.072,201.072,0
120,6,AECI,PACE,1598918400,180.384,180.384,0
120,6,AECI,PACE,1600236000,202.899,202.899,0
120,6,AECI,PACE,1601553600,182.573,182.573,0
120,6,AECI,PACE,1602871200,178.75,178.75,0
120,6,AECI,PACE,1604188800,264.068,228.152,1
120,6,AECI,PACE,1605506400,247.707,211.558,1
120,6,AECI,PACE,1606824000,196.187,196.187,0
120,6,AECI,PACE,1608141600,194.483,194.483,0
120,1,AECI,TEPC,1577836800,171.652,171.652,0
120,1,AECI,TEPC,1579154400,184.829,184.829,0
120,1,AECI,TEPC,1580472000,179.08,179.08,0
120,1,AECI,TEPC,1581789600,190.047,190.047,0
120,1,AECI,TEPC,1583107200,177.533,177.533,0
120,1,AECI,TEPC,1584424800,173.609,173.609,0
120,1,AECI,TEPC,1585742400,130.078,130.078,0
120,1,AECI,TEPC,1587060000,146.519,146.519,0
120,1,AECI,TEPC,1588377600,154.192,154.192,0
120,1,AECI,TEPC,1589695200,158.058,158.058,0
120,1,AECI,TEPC,1591012800,151.782,151.782,0
120,1,AECI,TEPC,1592330400,159.195,159.195,0
120,1,AECI,TEPC,1593648000,183.868,183.868,0
120,1,AECI,TEPC,1594965600,175.21,175.21,0
120,1,AECI,TEPC,1596283200,180.832,180.832,0
120,1,AECI,TEPC,1597600800,201.072,201.072,0
120,1,AECI,TEPC,1598918400,180.384,180.384,0
120,1,AECI,TEPC,1600236000,202.899,202.899,0
120,1,AECI,TEPC,1601553600,182.573,182.573,0
120,1,AECI,TEPC,1602871200,178.75,178.75,0
120,1,AECI,TEPC,1604188800,219.569,219.569,0
120,1,AECI,TEPC,1605506400,205.232,205.232,0
120,1,AECI,TEPC,1606824000,196.187,196.187,0
120,1,AECI,TEPC,1608141600,194.483,194.483,0
120,2,AECI,TEPC,1577836800,208.16,186.798,2
120,2,AECI,TEPC,1579154400,221.84,200.312,2
120,2,AECI,TEPC,1580472000,254.653,216.587,5
120,2,AECI,TEPC,1581789600,290.334,234.419,6
120,2,AECI,TEPC,1583107200,268.714,218.925,6
120,2,AECI,TEPC,1584424800,288.479,220.617,7
120,2,AECI,TEPC,1585742400,192.96,165.323,5
120,2,AECI,TEPC,1587060000,244.469,190.343,8
120,2,AECI,TEPC,1588377600,234.279,189.81,6
120,2,AECI,TEPC,1589695200,269.286,204.371,7
120,2,AECI,TEPC,1591012800,200.042,172.826,3
120,2,AECI,TEPC,1592330400,282.323,211.424,8
120,2,AECI,TEPC,1593648000,288.868,225.84,6
120,2,AECI,TEPC,1594965600,263.843,211.395,5
120,2,AECI,TEPC,1596283200,277.092,217.361,5
120,2,AECI,TEPC,1597600800,350.445,262.358,7
120,2,AECI,TEPC,1598918400,515.288,326.281,19
120,2,AECI,TEPC,1600236000,304.736,243.781,5
120,2,AECI,TEPC,1601553600,386.43,267.644,11
120,2,AECI,TEPC,1602871200,332.722,246.17,8
120,2,AECI,TEPC,1604188800,336.743,266.582,6
120,2,AECI,TEPC,1605506400,277.409,231.614,4
120,2,AECI,TEPC,1606824000,209.102,204.333,1
120,2,AECI,TEPC,1608141600,271.721,225.086,4
120,3,AECI,TEPC,1577836800,171.652,171.652,0
120,3,AECI,TEPC,1579154400,184.829,184.829,0
120,3,AECI,TEPC,1580472000,179.08,179.08,0
120,3,AECI,TEPC,1581789600,276.131,214.235,3
120,3,AECI,TEPC,1583107200,229.633,186.056,1
120,3,AECI,TEPC,1584424800,206.036,185.562,2
120,3,AECI,TEPC,1585742400,179.555,151.249,3
120,3,AECI,TEPC,1587060000,245.611,178.35,6
120,3,AECI,TEPC,1588377600,193.353,161.5,1
120,3,AECI,TEPC,1589695200,187.315,171.536,2
120,3,AECI,TEPC,1591012800,151.782,151.782,0
120,3,AECI,TEPC,1592330400,226.317,178.197,3
120,3,AECI,TEPC,1593648000,232.571,191.747,1
120,3,AECI,TEPC,1594965600,261.022,211.395,5
120,3,AECI,TEPC,1596283200,313.195,232.221,7
120,3,AECI,TEPC,1597600800,248.59,209.122,1
120,3,AECI,TEPC,1598918400,242.333,209.042,4
120,3,AECI,TEPC,1600236000,271.884,217.586,2
120,3,AECI,TEPC,1601553600,182.573,182.573,0
120,3,AECI,TEPC,1602871200,196.314,186.552,1
120,3,AECI,TEPC,1604188800,320.447,251.203,4
120,3,AECI,TEPC,1605506400,245.484,218.019,2
120,3,AECI,TEPC,1606824000,209.102,204.333,1
120,3,AECI,TEPC,1608141600,194.483,194.483,0
120,4,AECI,TEPC,1577836800,171.652,171.652,0
120,4,AECI,TEPC,1579154400,184.829,184.829,0
120,4,AECI,TEPC,1580472000,179.08,179.08,0
120,4,AECI,TEPC,1581789600,190.047,190.047,0
120,4,AECI,TEPC,1583107200,177.533,177.533,0
120,4,AECI,TEPC,1584424800,173.609,173.609,0
120,4,AECI,TEPC,1585742400,130.078,130.078,0
120,4,AECI,TEPC,1587060000,146.519,146.519,0
120,4,AECI,TEPC,1588377600,154.192,154.192,0
120,4,AECI,TEPC,1589695200,158.058,158.058,0
120,4,AECI,TEPC,1591012800,151.782,151.782,0
120,4,AECI,TEPC,1592330400,159.195,159.195,0
120,4,AECI,TEPC,1593648000,183.868,183.868,0
120,4,AECI,TEPC,1594965600,175.21,175.21,0
120,4,AECI,TEPC,1596283200,180.832,180.832,0
120,4,AECI,TEPC,1597600800,201.072,201.072,0
120,4,AECI,TEPC,1598918400,180.384,180.384,0
120,4,AECI,TEPC,1600236000,202.899,202.899,0
120,4,AECI,TEPC,1601553600,182.573,182.573,0
120,4,AECI,TEPC,1602871200,178.75,178.75,0
120,4,AECI,TEPC,1604188800,219.569,219.569,0
120,4,AECI,TEPC,1605506400,205.232,205.232,0
120,4,AECI,TEPC,1606824000,196.187,196.187,0
120,4,AECI,TEPC,1608141600,194.483,194.483,0
120,5,AECI,TEPC,1577836800,207.299,186.798,2
120,5,AECI,TEPC,1579154400,219.38,200.312,2
120,5,AECI,TEPC,1580472000,252.745,216.587,5
120,5,AECI,TEPC,1581789600,286.669,234.419,6
120,5,AECI,TEPC,1583107200,233.381,205.945,4
120,5,AECI,TEPC,1584424800,287.313,220.617,7
120,5,AECI,TEPC,1585742400,190.942,165.323,5
120,5,AECI,TEPC,1587060000,240.303,190.343,8
120,5,AECI,TEPC,1588377600,230.665,189.81,6
120,5,AECI,TEPC,1589695200,220.906,184.614,4
120,5,AECI,TEPC,1591012800,199.476,172.826,3
120,5,AECI,TEPC,1592330400,278.779,211.424,8
120,5,AECI,TEPC,1593648000,284.757,225.84,6
120,5,AECI,TEPC,1594965600,261.945,211.395,5
120,5,AECI,TEPC,1596283200,276.17,217.361,5
120,5,AECI,TEPC,1597600800,349.093,262.358,7
120,5,AECI,TEPC,1598918400,511.666,326.281,19
120,5,AECI,TEPC,1600236000,302.973,243.781,5
120,5,AECI,TEPC,1601553600,383.766,267.644,11
120,5,AECI,TEPC,1602871200,329.308,246.17,8
120,5,AECI,TEPC,1604188800,333.148,266.582,6
120,5,AECI,TEPC,1605506400,275.828,231.614,4
120,5,AECI,TEPC,1606824000,209.102,204.333,1
120,5,AECI,TEPC,1608141600,268.656,225.086,4
120,6,AECI,TEPC,1577836800,171.652,171.652,0
120,6,AECI,TEPC,1579154400,184.829,184.829,0
120,6,AECI,TEPC,1580472000,179.08,179.08,0
120,6,AECI,TEPC,1581789600,190.047,190.047,0
120,6,AECI,TEPC,1583107200,212.661,186.056,1
120,6,AECI,TEPC,1584424800,173.609,173.609,0
120,6,AECI,TEPC,1585742400,130.078,130.078,0
120,6,AECI,TEPC,1587060000,174.891,151.4,1
120,6,AECI,TEPC,1588377600,184.243,161.5,1
120,6,AECI,TEPC,1589695200,158.058,158.058,0
120,6,AECI,TEPC,1591012800,151.782,151.782,0
120,6,AECI,TEPC,1592330400,159.195,159.195,0
120,6,AECI,TEPC,1593648000,183.868,183.868,0
120,6,AECI,TEPC,1594965600,175.21,175.21,0
120,6,AECI,TEPC,1596283200,180.832,180.832,0
120,6,AECI,TEPC,1597600800,201.072,201.072,0
120,6,AECI,TEPC,1598918400,180.384,180.384,0
120,6,AECI,TEPC,1600236000,202.899,202.899,0
120,6,AECI,TEPC,1601553600,182.573,182.573,0
120,6,AECI,TEPC,1602871200,178.75,178.75,0
120,6,AECI,TEPC,1604188800,219.569,219.569,0
120,6,AECI,TEPC,1605506400,242.929,211.558,1
120,6,AECI,TEPC,1606824000,209.102,204.333,1
120,6,AECI,TEPC,1608141600,194.483,194.483,0
120,1,BANC,CISO,1577836800,76.253,76.253,0
120,1,BANC,CISO,1579154400,81.548,81.548,0
120,1,BANC,CISO,1580472000,55.83,55.83,0
120,1,BANC,CISO,1581789600,52.267,52.267,0
120,1,BANC,CISO,1583107200,52.43,52.43,0
120,1,BANC,CISO,1584424800,83.316,83.316,0
120,1,BANC,CISO,1585742400,44.33,44.33,0
120,1,BANC,CISO,1587060000,33.313,33.313,0
120,1,BANC,CISO,1588377600,42.749,42.749,0
120,1,BANC,CISO,1589695200,42.187,42.187,0
120,1,BANC,CISO,1591012800,42.378,42.378,0
120,1,BANC,CISO,1592330400,40.383,40.383,0
120,1,BANC,CISO,1593648000,37.688,37.688,0
120,1,BANC,CISO,1594965600,55.204,55.204,0
120,1,BANC,CISO,1596283200,56.684,56.684,0
120,1,BANC,CISO,1597600800,78.197,78.197,0
120,1,BANC,CISO,1598918400,75.022,75.022,0
120,1,BANC,CISO,1600236000,80.174,80.174,0
120,1,BANC,CISO,1601553600,81.036,81.036,0
120,1,BANC,CISO,1602871200,74.249,74.249,0
120,1,BANC,CISO,1604188800,87.09,87.09,0
120,1,BANC,CISO,1605506400,93.475,93.475,0
120,1,BANC,CISO,1606824000,108.643,108.643,0
120,1,BANC,CISO,1608141600,91.972,91.972,0
120,2,BANC,CISO,1577836800,108.2,88.188,4
120,2,BANC,CISO,1579154400,119.585,95.727,4
120,2,BANC,CISO,1580472000,68.166,60.91,2
120,2,BANC,CISO,1581789600,90.64,67.797,6
120,2,BANC,CISO,1583107200,74.37,60.235,4
120,2,BANC,CISO,1584424800,124.242,98.88,4
120,2,BANC,CISO,1585742400,69.451,53.76,5
120,2,BANC,CISO,1587060000,47.36,38.288,4
120,2,BANC,CISO,1588377600,63.252,52.041,6
120,2,BANC,CISO,1589695200,54.6,50.011,4
120,2,BANC,CISO,1591012800,51.948,46.644,2
120,2,BANC,CISO,1592330400,77.818,57.568,8
120,2,BANC,CISO,1593648000,52.672,43.971,4
120,2,BANC,CISO,1594965600,78.381,65.505,4
120,2,BANC,CISO,1596283200,84.248,69.51,5
120,2,BANC,CISO,1597600800,94.047,84.655,2
120,2,BANC,CISO,1598918400,104.159,86.811,4
120,2,BANC,CISO,1600236000,113.381,93.618,4
120,2,BANC,CISO,1601553600,132.457,100.754,6
120,2,BANC,CISO,1602871200,120.323,92.468,6
120,2,BANC,CISO,1604188800,120.933,96.398,4
120,2,BANC,CISO,1605506400,183.408,131.105,9
120,2,BANC,CISO,1606824000,229.579,159.245,11
120,2,BANC,CISO,1608141600,159.922,116.181,8
120,3,BANC,CISO,1577836800,89.562,81.551,2
120,3,BANC,CISO,1579154400,81.548,81.548,0
120,3,BANC,CISO,1580472000,55.83,55.83,0
120,3,BANC,CISO,1581789600,57.428,55.191,1
120,3,BANC,CISO,1583107200,61.642,55.994,2
120,3,BANC,CISO,1584424800,83.316,83.316,0
120,3,BANC,CISO,1585742400,44.33,44.33,0
120,3,BANC,CISO,1587060000,36.172,34.563,1
120,3,BANC,CISO,1588377600,66.752,48.752,4
120,3,BANC,CISO,1589695200,51.153,46.136,2
120,3,BANC,CISO,1591012800,42.378,42.378,0
120,3,BANC,CISO,1592330400,53.398,46.13,3
120,3,BANC,CISO,1593648000,45.07,40.676,2
120,3,BANC,CISO,1594965600,55.204,55.204,0
120,3,BANC,CISO,1596283200,56.684,56.684,0
120,3,BANC,CISO,1597600800,78.197,78.197,0
120,3,BANC,CISO,1598918400,90.376,79.78,2
120,3,BANC,CISO,1600236000,80.174,80.174,0
120,3,BANC,CISO,1601553600,81.036,81.036,0
120,3,BANC,CISO,1602871200,81.183,77.394,1
120,3,BANC,CISO,1604188800,87.09,87.09,0
120,3,BANC,CISO,1605506400,145.811,107.314,3
120,3,BANC,CISO,1606824000,131.896,113.865,1
120,3,BANC,CISO,1608141600,138.149,110.314,6
120,4,BANC,CISO,1577836800,76.253,76.253,0
120,4,BANC,CISO,1579154400,81.548,81.548,0
120,4,BANC,CISO,1580472000,55.83,55.83,0
120,4,BANC,CISO,1581789600,52.267,52.267,0
120,4,BANC,CISO,1583107200,52.43,52.43,0
120,4,BANC,CISO,1584424800,83.316,83.316,0
120,4,BANC,CISO,1585742400,44.33,44.33,0
120,4,BANC,CISO,1587060000,33.313,33.313,0
120,4,BANC,CISO,1588377600,42.749,42.749,0
120,4,BANC,CISO,1589695200,42.187,42.187,0
120,4,BANC,CISO,1591012800,42.378,42.378,0
120,4,BANC,CISO,1592330400,40.383,40.383,0
120,4,BANC,CISO,1593648000,37.688,37.688,0
120,4,BANC,CISO,1594965600,55.204,55.204,0
120,4,BANC,CISO,1596283200,56.684,56.684,0
120,4,BANC,CISO,1597600800,78.197,78.197,0
120,4,BANC,CISO,1598918400,75.022,75.022,0
120,4,BANC,CISO,1600236000,80.174,80.174,0
120,4,BANC,CISO,1601553600,81.036,81.036,0
120,4,BANC,CISO,1602871200,74.249,74.249,0
120,4,BANC,CISO,1604188800,87.09,87.09,0
120,4,BANC,CISO,1605506400,93.475,93.475,0
120,4,BANC,CISO,1606824000,108.643,108.643,0
120,4,BANC,CISO,1608141600,91.972,91.972,0
120,5,BANC,CISO,1577836800,104.743,88.188,4
120,5,BANC,CISO,1579154400,116.296,95.727,4
120,5,BANC,CISO,1580472000,73.592,63.805,3
120,5,BANC,CISO,1581789600,83.671,67.797,6
120,5,BANC,CISO,1583107200,71.61,60.235,4
120,5,BANC,CISO,1584424800,119.573,98.88,4
120,5,BANC,CISO,1585742400,65.355,53.76,5
120,5,BANC,CISO,1587060000,46.602,38.288,4
120,5,BANC,CISO,1588377600,50.099,48.752,4
120,5,BANC,CISO,1589695200,56.692,52.492,5
120,5,BANC,CISO,1591012800,56.902,48.876,3
120,5,BANC,CISO,1592330400,74.291,57.568,8
120,5,BANC,CISO,1593648000,51.907,43.971,4
120,5,BANC,CISO,1594965600,82.34,68.422,5
120,5,BANC,CISO,1596283200,83.172,69.51,5
120,5,BANC,CISO,1597600800,93.381,84.655,2
120,5,BANC,CISO,1598918400,111.885,91.087,5
120,5,BANC,CISO,1600236000,112.326,93.618,4
120,5,BANC,CISO,1601553600,130.279,100.754,6
120,5,BANC,CISO,1602871200,104.195,86.522,4
120,5,BANC,CISO,1604188800,118.812,96.398,4
120,5,BANC,CISO,1605506400,176.414,131.105,9
120,5,BANC,CISO,1606824000,202.788,148.626,9
120,5,BANC,CISO,1608141600,152.907,116.181,8
120,6,BANC,CISO,1577836800,76.253,76.253,0
120,6,BANC,CISO,1579154400,81.548,81.548,0
120,6,BANC,CISO,1580472000,55.83,55.83,0
120,6,BANC,CISO,1581789600,52.267,52.267,0
120,6,BANC,CISO,1583107200,52.43,52.43,0
120,6,BANC,CISO,1584424800,83.316,83.316,0
120,6,BANC,CISO,1585742400,44.33,44.33,0
120,6,BANC,CISO,1587060000,33.313,33.313,0
120,6,BANC,CISO,1588377600,56.687,44.17,1
120,6,BANC,CISO,1589695200,42.187,42.187,0
120,6,BANC,CISO,1591012800,42.378,42.378,0
120,6,BANC,CISO,1592330400,40.383,40.383,0
120,6,BANC,CISO,1593648000,37.688,37.688,0
120,6,BANC,CISO,1594965600,55.204,55.204,0
120,6,BANC,CISO,1596283200,56.684,56.684,0
120,6,BANC,CISO,1597600800,78.197,78.197,0
120,6,BANC,CISO,1598918400,75.022,75.022,0
120,6,BANC,CISO,1600236000,80.174,80.174,0
120,6,BANC,CISO,1601553600,81.036,81.036,0
120,6,BANC,CISO,1602871200,74.249,74.249,0
120,6,BANC,CISO,1604188800,87.09,87.09,0
120,6,BANC,CISO,1605506400,123.927,97.995,1
120,6,BANC,CISO,1606824000,131.896,113.865,1
120,6,BANC,CISO,1608141600,91.972,91.972,0
120,1,CISO,BANC,1577836800,130.428,130.428,0
120,1,CISO,BANC,1579154400,140.472,140.472,0
120,1,CISO,BANC,1580472000,117.952,117.952,0
120,1,CISO,BANC,1581789600,103.569,103.569,0
120,1,CISO,BANC,1583107200,104.144,104.144,0
120,1,CISO,BANC,1584424800,135.48,135.48,0
120,1,CISO,BANC,1585742400,79.732,79.732,0
120,1,CISO,BANC,1587060000,80.679,80.679,0
120,1,CISO,BANC,1588377600,56.36,56.36,0
120,1,CISO,BANC,1589695200,62.849,62.849,0
120,1,CISO,BANC,1591012800,94.687,94.687,0
120,1,CISO,BANC,1592330400,66.377,66.377,0
120,1,CISO,BANC,1593648000,73.665,73.665,0
120,1,CISO,BANC,1594965600,90.516,90.516,0
120,1,CISO,BANC,1596283200,92.419,92.419,0
120,1,CISO,BANC,1597600800,127.384,127.384,0
120,1,CISO,BANC,1598918400,110.116,110.116,0
120,1,CISO,BANC,1600236000,126.99,126.99,0
120,1,CISO,BANC,1601553600,129.978,129.978,0
120,1,CISO,BANC,1602871200,142.021,142.021,0
120,1,CISO,BANC,1604188800,143.8,143.8,0
120,1,CISO,BANC,1605506400,123.623,123.623,0
120,1,CISO,BANC,1606824000,121.375,121.375,0
120,1,CISO,BANC,1608141600,120.762,120.762,0
120,2,CISO,BANC,1577836800,120.093,165.083,5
120,2,CISO,BANC,1579154400,131.487,174.973,5
120,2,CISO,BANC,1580472000,84.699,135.102,4
120,2,CISO,BANC,1581789600,85.604,122.998,5
120,2,CISO,BANC,1583107200,80.842,131.767,5
120,2,CISO,BANC,1584424800,135.042,166.828,5
120,2,CISO,BANC,1585742400,77.205,95.276,6
120,2,CISO,BANC,1587060000,40.999,83.791,2
120,2,CISO,BANC,1588377600,57.832,70.434,5
120,2,CISO,BANC,1589695200,65.609,78.348,6
120,2,CISO,BANC,1591012800,64.819,109.02,4
120,2,CISO,BANC,1592330400,73.283,89.703,7
120,2,CISO,BANC,1593648000,57.423,92.82,5
120,2,CISO,BANC,1594965600,91.353,112.713,6
120,2,CISO,BANC,1596283200,99.326,114.835,7
120,2,CISO,BANC,1597600800,88.025,132.105,1
120,2,CISO,BANC,1598918400,123.216,140.614,6
120,2,CISO,BANC,1600236000,123.664,154.743,5
120,2,CISO,BANC,1601553600,142.221,163.35,7
120,2,CISO,BANC,1602871200,113.309,164.845,5
120,2,CISO,BANC,1604188800,130.547,176.389,5
120,2,CISO,BANC,1605506400,204.969,174.144,11
120,2,CISO,BANC,1606824000,218.935,172.62,10
120,2,CISO,BANC,1608141600,153.229,155.775,7
120,3,CISO,BANC,1577836800,86.957,136.984,1
120,3,CISO,BANC,1579154400,93.996,147.439,1
120,3,CISO,BANC,1580472000,66.174,123.407,1
120,3,CISO,BANC,1581789600,63.425,108.751,2
120,3,CISO,BANC,1583107200,58.568,108.396,1
120,3,CISO,BANC,1584424800,95.647,141.612,1
120,3,CISO,BANC,1585742400,51.431,83.754,1
120,3,CISO,BANC,1587060000,39.536,83.791,2
120,3,CISO,BANC,1588377600,62.978,64.556,3
120,3,CISO,BANC,1589695200,56.797,71.557,3
120,3,CISO,BANC,1591012800,49.36,99.409,1
120,3,CISO,BANC,1592330400,48.258,70.906,2
120,3,CISO,BANC,1593648000,48.781,85.411,3
120,3,CISO,BANC,1594965600,62.998,95.128,1
120,3,CISO,BANC,1596283200,64.564,96.285,1
120,3,CISO,BANC,1597600800,86.217,132.105,1
120,3,CISO,BANC,1598918400,94.952,125.298,3
120,3,CISO,BANC,1600236000,90.766,132.825,1
120,3,CISO,BANC,1601553600,91.596,135.594,1
120,3,CISO,BANC,1602871200,90.152,148.958,2
120,3,CISO,BANC,1604188800,96.335,149.845,1
120,3,CISO,BANC,1605506400,137.25,134.389,2
120,3,CISO,BANC,1606824000,121.375,121.375,0
120,3,CISO,BANC,1608141600,106.588,127.714,2
120,4,CISO,BANC,1577836800,86.957,136.984,1
120,4,CISO,BANC,1579154400,93.996,147.439,1
120,4,CISO,BANC,1580472000,66.174,123.407,1
120,4,CISO,BANC,1581789600,58.289,106.124,1
120,4,CISO,BANC,1583107200,58.568,108.396,1
120,4,CISO,BANC,1584424800,135.48,135.48,0
120,4,CISO,BANC,1585742400,51.431,83.754,1
120,4,CISO,BANC,1587060000,36.376,82.241,1
120,4,CISO,BANC,1588377600,56.36,56.36,0
120,4,CISO,BANC,1589695200,62.849,62.849,0
120,4,CISO,BANC,1591012800,49.36,99.409,1
120,4,CISO,BANC,1592330400,53.843,68.483,1
120,4,CISO,BANC,1593648000,42.501,76.823,1
120,4,CISO,BANC,1594965600,90.516,90.516,0
120,4,CISO,BANC,1596283200,92.419,92.419,0
120,4,CISO,BANC,1597600800,127.384,127.384,0
120,4,CISO,BANC,1598918400,110.116,110.116,0
120,4,CISO,BANC,1600236000,126.99,126.99,0
120,4,CISO,BANC,1601553600,129.978,129.978,0
120,4,CISO,BANC,1602871200,82.369,145.373,1
120,4,CISO,BANC,1604188800,114.417,149.845,1
120,4,CISO,BANC,1605506400,123.623,123.623,0
120,4,CISO,BANC,1606824000,121.375,121.375,0
120,4,CISO,BANC,1608141600,120.762,120.762,0
120,5,CISO,BANC,1577836800,116.636,165.083,5
120,5,CISO,BANC,1579154400,128.197,174.973,5
120,5,CISO,BANC,1580472000,84.21,135.102,4
120,5,CISO,BANC,1581789600,78.635,122.998,5
120,5,CISO,BANC,1583107200,78.082,131.767,5
120,5,CISO,BANC,1584424800,130.373,166.828,5
120,5,CISO,BANC,1585742400,73.109,95.276,6
120,5,CISO,BANC,1587060000,40.546,83.791,2
120,5,CISO,BANC,1588377600,53.471,70.434,5
120,5,CISO,BANC,1589695200,63.247,78.348,6
120,5,CISO,BANC,1591012800,70.694,112.614,5
120,5,CISO,BANC,1592330400,69.756,89.703,7
120,5,CISO,BANC,1593648000,56.659,92.82,5
120,5,CISO,BANC,1594965600,89.94,112.713,6
120,5,CISO,BANC,1596283200,97.439,114.835,7
120,5,CISO,BANC,1597600800,87.359,132.105,1
120,5,CISO,BANC,1598918400,121.964,140.614,6
120,5,CISO,BANC,1600236000,129.785,158.759,6
120,5,CISO,BANC,1601553600,140.043,163.35,7
120,5,CISO,BANC,1602871200,111.954,164.845,5
120,5,CISO,BANC,1604188800,128.426,176.389,5
120,5,CISO,BANC,1605506400,205.837,179.317,12
120,5,CISO,BANC,1606824000,213.264,172.62,10
120,5,CISO,BANC,1608141600,147.672,155.775,7
120,6,CISO,BANC,1577836800,86.957,136.984,1
120,6,CISO,BANC,1579154400,93.996,147.439,1
120,6,CISO,BANC,1580472000,66.174,123.407,1
120,6,CISO,BANC,1581789600,58.289,106.124,1
120,6,CISO,BANC,1583107200,58.568,108.396,1
120,6,CISO,BANC,1584424800,95.647,141.612,1
120,6,CISO,BANC,1585742400,51.431,83.754,1
120,6,CISO,BANC,1587060000,36.376,82.241,1
120,6,CISO,BANC,1588377600,56.36,56.36,0
120,6,CISO,BANC,1589695200,48.86,65.806,1
120,6,CISO,BANC,1591012800,49.36,99.409,1
120,6,CISO,BANC,1592330400,42.949,68.483,1
120,6,CISO,BANC,1593648000,42.501,76.823,1
120,6,CISO,BANC,1594965600,62.998,95.128,1
120,6,CISO,BANC,1596283200,64.564,96.285,1
120,6,CISO,BANC,1597600800,86.217,132.105,1
120,6,CISO,BANC,1598918400,82.411,114.727,1
120,6,CISO,BANC,1600236000,90.766,132.825,1
120,6,CISO,BANC,1601553600,91.596,135.594,1
120,6,CISO,BANC,1602871200,82.369,145.373,1
120,6,CISO,BANC,1604188800,96.335,149.845,1
120,6,CISO,BANC,1605506400,123.623,123.623,0
120,6,CISO,BANC,1606824000,121.375,121.375,0
120,6,CISO,BANC,1608141600,107.808,124.225,1
120,1,EPE,AECI,1577836800,202.093,202.093,0
120,1,EPE,AECI,1579154400,207.289,207.289,0
120,1,EPE,AECI,1580472000,181.504,181.504,0
120,1,EPE,AECI,1581789600,175.974,175.974,0
120,1,EPE,AECI,1583107200,202.541,202.541,0
120,1,EPE,AECI,1584424800,204.307,204.307,0
120,1,EPE,AECI,1585742400,164.605,164.605,0
120,1,EPE,AECI,1587060000,171.684,171.684,0
120,1,EPE,AECI,1588377600,183.602,183.602,0
120,1,EPE,AECI,1589695200,189.282,189.282,0
120,1,EPE,AECI,1591012800,195.852,195.852,0
120,1,EPE,AECI,1592330400,195.157,195.157,0
120,1,EPE,AECI,1593648000,198.016,198.016,0
120,1,EPE,AECI,1594965600,209.436,209.436,0
120,1,EPE,AECI,1596283200,204.715,204.715,0
120,1,EPE,AECI,1597600800,214.763,214.763,0
120,1,EPE,AECI,1598918400,203.471,203.471,0
120,1,EPE,AECI,1600236000,199.728,199.728,0
120,1,EPE,AECI,1601553600,220.07,220.07,0
120,1,EPE,AECI,1602871200,223.978,223.978,0
120,1,EPE,AECI,1604188800,214.945,214.945,0
120,1,EPE,AECI,1605506400,203.959,203.959,0
120,1,EPE,AECI,1606824000,198.83,198.83,0
120,1,EPE,AECI,1608141600,215.454,215.454,0
120,2,EPE,AECI,1577836800,348.525,290.287,10
120,2,EPE,AECI,1579154400,254.973,235.121,3
120,2,EPE,AECI,1580472000,201.031,197.952,2
120,2,EPE,AECI,1581789600,175.974,175.974,0
120,2,EPE,AECI,1583107200,257.617,247.332,5
120,2,EPE,AECI,1584424800,271.626,250.24,6
120,2,EPE,AECI,1585742400,188.707,191.267,4
120,2,EPE,AECI,1587060000,216.333,207.528,5
120,2,EPE,AECI,1588377600,226.779,222.389,5
120,2,EPE,AECI,1589695200,286.312,256.548,8
120,2,EPE,AECI,1591012800,302.43,267.532,9
120,2,EPE,AECI,1592330400,275.573,253.788,7
120,2,EPE,AECI,1593648000,271.797,241.71,5
120,2,EPE,AECI,1594965600,282.681,263.57,6
120,2,EPE,AECI,1596283200,291.888,253.025,6
120,2,EPE,AECI,1597600800,247.297,230.415,2
120,2,EPE,AECI,1598918400,327.362,274.193,8
120,2,EPE,AECI,1600236000,199.728,199.728,0
120,2,EPE,AECI,1601553600,265.349,255.173,4
120,2,EPE,AECI,1602871200,257.923,259.103,4
120,2,EPE,AECI,1604188800,292.712,260.877,5
120,2,EPE,AECI,1605506400,215.743,212.743,1
120,2,EPE,AECI,1606824000,231.02,216.397,2
120,2,EPE,AECI,1608141600,412.567,326.211,12
120,3,EPE,AECI,1577836800,202.093,202.093,0
120,3,EPE,AECI,1579154400,207.289,207.289,0
120,3,EPE,AECI,1580472000,198.019,197.952,2
120,3,EPE,AECI,1581789600,175.974,175.974,0
120,3,EPE,AECI,1583107200,202.541,202.541,0
120,3,EPE,AECI,1584424800,211.822,212.501,1
120,3,EPE,AECI,1585742400,172.632,178.055,2
120,3,EPE,AECI,1587060000,171.684,171.684,0
120,3,EPE,AECI,1588377600,183.602,183.602,0
120,3,EPE,AECI,1589695200,202.961,198.114,1
120,3,EPE,AECI,1591012800,183.972,211.947,2
120,3,EPE,AECI,1592330400,203.545,218.62,3
120,3,EPE,AECI,1593648000,198.016,198.016,0
120,3,EPE,AECI,1594965600,241.471,237.646,3
120,3,EPE,AECI,1596283200,222.893,221.626,2
120,3,EPE,AECI,1597600800,214.763,214.763,0
120,3,EPE,AECI,1598918400,280.585,248.069,5
120,3,EPE,AECI,1600236000,199.728,199.728,0
120,3,EPE,AECI,1601553600,212.235,230.255,1
120,3,EPE,AECI,1602871200,216.097,241.065,2
120,3,EPE,AECI,1604188800,214.945,214.945,0
120,3,EPE,AECI,1605506400,212.952,212.743,1
120,3,EPE,AECI,1606824000,231.29,216.397,2
120,3,EPE,AECI,1608141600,247.071,232.157,2
120,4,EPE,AECI,1577836800,202.093,202.093,0
120,4,EPE,AECI,1579154400,207.289,207.289,0
120,4,EPE,AECI,1580472000,181.504,181.504,0
120,4,EPE,AECI,1581789600,175.974,175.974,0
120,4,EPE,AECI,1583107200,202.541,202.541,0
120,4,EPE,AECI,1584424800,204.307,204.307,0
120,4,EPE,AECI,1585742400,164.605,164.605,0
120,4,EPE,AECI,1587060000,171.684,171.684,0
120,4,EPE,AECI,1588377600,183.602,183.602,0
120,4,EPE,AECI,1589695200,189.282,189.282,0
120,4,EPE,AECI,1591012800,195.852,195.852,0
120,4,EPE,AECI,1592330400,195.157,195.157,0
120,4,EPE,AECI,1593648000,198.016,198.016,0
120,4,EPE,AECI,1594965600,209.436,209.436,0
120,4,EPE,AECI,1596283200,204.715,204.715,0
120,4,EPE,AECI,1597600800,214.763,214.763,0
120,4,EPE,AECI,1598918400,203.471,203.471,0
120,4,EPE,AECI,1600236000,199.728,199.728,0
120,4,EPE,AECI,1601553600,220.07,220.07,0
120,4,EPE,AECI,1602871200,223.978,223.978,0
120,4,EPE,AECI,1604188800,214.945,214.945,0
120,4,EPE,AECI,1605506400,203.959,203.959,0
120,4,EPE,AECI,1606824000,198.83,198.83,0
120,4,EPE,AECI,1608141600,215.454,215.454,0
120,5,EPE,AECI,1577836800,345.877,290.287,10
120,5,EPE,AECI,1579154400,252.574,235.121,3
120,5,EPE,AECI,1580472000,200.126,197.952,2
120,5,EPE,AECI,1581789600,175.974,175.974,0
120,5,EPE,AECI,1583107200,254.083,247.332,5
120,5,EPE,AECI,1584424800,271.284,250.24,6
120,5,EPE,AECI,1585742400,186.847,191.267,4
120,5,EPE,AECI,1587060000,214.36,207.528,5
120,5,EPE,AECI,1588377600,223.982,222.389,5
120,5,EPE,AECI,1589695200,283.844,256.548,8
120,5,EPE,AECI,1591012800,253.883,242.462,6
120,5,EPE,AECI,1592330400,271.505,253.788,7
120,5,EPE,AECI,1593648000,268.743,241.71,5
120,5,EPE,AECI,1594965600,280.709,263.57,6
120,5,EPE,AECI,1596283200,257.814,236.944,4
120,5,EPE,AECI,1597600800,246.324,230.415,2
120,5,EPE,AECI,1598918400,325.854,274.193,8
120,5,EPE,AECI,1600236000,215.849,208.783,1
120,5,EPE,AECI,1601553600,264.596,255.173,4
120,5,EPE,AECI,1602871200,257.014,259.103,4
120,5,EPE,AECI,1604188800,290.102,260.877,5
120,5,EPE,AECI,1605506400,214.835,212.743,1
120,5,EPE,AECI,1606824000,230.657,216.397,2
120,5,EPE,AECI,1608141600,408.866,326.211,12
120,6,EPE,AECI,1577836800,202.093,202.093,0
120,6,EPE,AECI,1579154400,207.289,207.289,0
120,6,EPE,AECI,1580472000,181.504,181.504,0
120,6,EPE,AECI,1581789600,175.974,175.974,0
120,6,EPE,AECI,1583107200,202.541,202.541,0
120,6,EPE,AECI,1584424800,204.307,204.307,0
120,6,EPE,AECI,1585742400,164.605,164.605,0
120,6,EPE,AECI,1587060000,171.684,171.684,0
120,6,EPE,AECI,1588377600,183.602,183.602,0
120,6,EPE,AECI,1589695200,189.282,189.282,0
120,6,EPE,AECI,1591012800,168.951,204.385,1
120,6,EPE,AECI,1592330400,195.157,195.157,0
120,6,EPE,AECI,1593648000,198.016,198.016,0
120,6,EPE,AECI,1594965600,209.436,209.436,0
120,6,EPE,AECI,1596283200,204.715,204.715,0
120,6,EPE,AECI,1597600800,214.763,214.763,0
120,6,EPE,AECI,1598918400,203.471,203.471,0
120,6,EPE,AECI,1600236000,199.728,199.728,0
120,6,EPE,AECI,1601553600,220.07,220.07,0
120,6,EPE,AECI,1602871200,223.978,223.978,0
120,6,EPE,AECI,1604188800,214.945,214.945,0
120,6,EPE,AECI,1605506400,203.959,203.959,0
120,6,EPE,AECI,1606824000,198.83,198.83,0
120,6,EPE,AECI,1608141600,215.454,215.454,0
120,1,EPE,PSCO,1577836800,202.093,202.093,0
120,1,EPE,PSCO,1579154400,207.289,207.289,0
120,1,EPE,PSCO,1580472000,181.504,181.504,0
120,1,EPE,PSCO,1581789600,175.974,175.974,0
120,1,EPE,PSCO,1583107200,202.541,202.541,0
120,1,EPE,PSCO,1584424800,204.307,204.307,0
120,1,EPE,PSCO,1585742400,164.605,164.605,0
120,1,EPE,PSCO,1587060000,171.684,171.684,0
120,1,EPE,PSCO,1588377600,183.602,183.602,0
120,1,EPE,PSCO,1589695200,189.282,189.282,0
120,1,EPE,PSCO,1591012800,195.852,195.852,0
120,1,EPE,PSCO,1592330400,195.157,195.157,0
120,1,EPE,PSCO,1593648000,198.016,198.016,0
120,1,EPE,PSCO,1594965600,209.436,209.436,0
120,1,EPE,PSCO,1596283200,204.715,204.715,0
120,1,EPE,PSCO,1597600800,214.763,214.763,0
120,1,EPE,PSCO,1598918400,203.471,203.471,0
120,1,EPE,PSCO,1600236000,199.728,199.728,0
120,1,EPE,PSCO,1601553600,220.07,220.07,0
120,1,EPE,PSCO,1602871200,223.978,223.978,0
120,1,EPE,PSCO,1604188800,214.945,214.945,0
120,1,EPE,PSCO,1605506400,203.959,203.959,0
120,1,EPE,PSCO,1606824000,198.83,198.83,0
120,1,EPE,PSCO,1608141600,215.454,215.454,0
120,2,EPE,PSCO,1577836800,279.731,247.735,5
120,2,EPE,PSCO,1579154400,284.423,270.145,7
120,2,EPE,PSCO,1580472000,296.543,249.596,9
120,2,EPE,PSCO,1581789600,234.573,204.538,4
120,2,EPE,PSCO,1583107200,307.524,264.097,7
120,2,EPE,PSCO,1584424800,264.738,236.223,4
120,2,EPE,PSCO,1585742400,189.595,178.055,2
120,2,EPE,PSCO,1587060000,198.917,184.379,2
120,2,EPE,PSCO,1588377600,275.434,237.534,7
120,2,EPE,PSCO,1589695200,205.15,217.002,3
120,2,EPE,PSCO,1591012800,264.433,227.161,4
120,2,EPE,PSCO,1592330400,239.036,227.173,4
120,2,EPE,PSCO,1593648000,252.641,241.71,5
120,2,EPE,PSCO,1594965600,305.353,263.57,6
120,2,EPE,PSCO,1596283200,266.088,244.835,5
120,2,EPE,PSCO,1597600800,253.037,246.84,4
120,2,EPE,PSCO,1598918400,250.762,229.925,3
120,2,EPE,PSCO,1600236000,267.082,253.805,6
120,2,EPE,PSCO,1601553600,347.79,301.899,9
120,2,EPE,PSCO,1602871200,317.463,288.655,7
120,2,EPE,PSCO,1604188800,354.527,288.812,8
120,2,EPE,PSCO,1605506400,268.355,246.289,5
120,2,EPE,PSCO,1606824000,163.059,208.024,1
120,2,EPE,PSCO,1608141600,187.534,223.802,1
120,3,EPE,PSCO,1577836800,286.389,247.735,5
120,3,EPE,PSCO,1579154400,183.637,216.32,1
120,3,EPE,PSCO,1580472000,181.798,189.855,1
120,3,EPE,PSCO,1581789600,202.622,188.97,2
120,3,EPE,PSCO,1583107200,211.787,211.425,1
120,3,EPE,PSCO,1584424800,235.469,220.305,2
120,3,EPE,PSCO,1585742400,164.605,164.605,0
120,3,EPE,PSCO,1587060000,171.684,171.684,0
120,3,EPE,PSCO,1588377600,183.602,183.602,0
120,3,EPE,PSCO,1589695200,188.545,198.114,1
120,3,EPE,PSCO,1591012800,195.852,195.852,0
120,3,EPE,PSCO,1592330400,210.821,210.702,2
120,3,EPE,PSCO,1593648000,226.696,223.395,3
120,3,EPE,PSCO,1594965600,223.854,218.743,1
120,3,EPE,PSCO,1596283200,216.752,213.686,1
120,3,EPE,PSCO,1597600800,219.21,230.415,2
120,3,EPE,PSCO,1598918400,203.471,203.471,0
120,3,EPE,PSCO,1600236000,190.106,208.783,1
120,3,EPE,PSCO,1601553600,213.142,230.255,1
120,3,EPE,PSCO,1602871200,237.536,241.065,2
120,3,EPE,PSCO,1604188800,214.945,214.945,0
120,3,EPE,PSCO,1605506400,218.041,212.743,1
120,3,EPE,PSCO,1606824000,163.059,208.024,1
120,3,EPE,PSCO,1608141600,187.534,223.802,1
120,4,EPE,PSCO,1577836800,202.093,202.093,0
120,4,EPE,PSCO,1579154400,183.244,216.32,1
120,4,EPE,PSCO,1580472000,181.504,181.504,0
120,4,EPE,PSCO,1581789600,175.974,175.974,0
120,4,EPE,PSCO,1583107200,202.541,202.541,0
120,4,EPE,PSCO,1584424800,204.307,204.307,0
120,4,EPE,PSCO,1585742400,164.605,164.605,0
120,4,EPE,PSCO,1587060000,171.684,171.684,0
120,4,EPE,PSCO,1588377600,183.602,183.602,0
120,4,EPE,PSCO,1589695200,186.471,198.114,1
120,4,EPE,PSCO,1591012800,195.852,195.852,0
120,4,EPE,PSCO,1592330400,195.157,195.157,0
120,4,EPE,PSCO,1593648000,198.016,198.016,0
120,4,EPE,PSCO,1594965600,209.436,209.436,0
120,4,EPE,PSCO,1596283200,204.715,204.715,0
120,4,EPE,PSCO,1597600800,214.763,214.763,0
120,4,EPE,PSCO,1598918400,203.471,203.471,0
120,4,EPE,PSCO,1600236000,199.728,199.728,0
120,4,EPE,PSCO,1601553600,220.07,220.07,0
120,4,EPE,PSCO,1602871200,223.978,223.978,0
120,4,EPE,PSCO,1604188800,214.945,214.945,0
120,4,EPE,PSCO,1605506400,203.959,203.959,0
120,4,EPE,PSCO,1606824000,163.059,208.024,1
120,4,EPE,PSCO,1608141600,205.024,223.802,1
120,5,EPE,PSCO,1577836800,276.142,247.735,5
120,5,EPE,PSCO,1579154400,280.262,270.145,7
120,5,EPE,PSCO,1580472000,292.698,249.596,9
120,5,EPE,PSCO,1581789600,232.955,204.538,4
120,5,EPE,PSCO,1583107200,304.349,264.097,7
120,5,EPE,PSCO,1584424800,263.966,236.223,4
120,5,EPE,PSCO,1585742400,186.539,178.055,2
120,5,EPE,PSCO,1587060000,197.808,184.379,2
120,5,EPE,PSCO,1588377600,271.587,237.534,7
120,5,EPE,PSCO,1589695200,203.282,217.002,3
120,5,EPE,PSCO,1591012800,227.465,211.947,2
120,5,EPE,PSCO,1592330400,236.216,227.173,4
120,5,EPE,PSCO,1593648000,251.286,241.71,5
120,5,EPE,PSCO,1594965600,302.736,263.57,6
120,5,EPE,PSCO,1596283200,265.767,244.835,5
120,5,EPE,PSCO,1597600800,251.822,246.84,4
120,5,EPE,PSCO,1598918400,248.87,229.925,3
120,5,EPE,PSCO,1600236000,263.684,253.805,6
120,5,EPE,PSCO,1601553600,342.072,301.899,9
120,5,EPE,PSCO,1602871200,313.949,288.655,7
120,5,EPE,PSCO,1604188800,351.434,288.812,8
120,5,EPE,PSCO,1605506400,280.823,253.685,6
120,5,EPE,PSCO,1606824000,163.059,208.024,1
120,5,EPE,PSCO,1608141600,187.534,223.802,1
120,6,EPE,PSCO,1577836800,202.093,202.093,0
120,6,EPE,PSCO,1579154400,183.637,216.32,1
120,6,EPE,PSCO,1580472000,181.798,189.855,1
120,6,EPE,PSCO,1581789600,175.974,175.974,0
120,6,EPE,PSCO,1583107200,202.541,202.541,0
120,6,EPE,PSCO,1584424800,204.307,204.307,0
120,6,EPE,PSCO,1585742400,164.605,164.605,0
120,6,EPE,PSCO,1587060000,171.684,171.684,0
120,6,EPE,PSCO,1588377600,183.602,183.602,0
120,6,EPE,PSCO,1589695200,188.545,198.114,1
120,6,EPE,PSCO,1591012800,195.852,195.852,0
120,6,EPE,PSCO,1592330400,195.204,202.922,1
120,6,EPE,PSCO,1593648000,196.505,206.31,1
120,6,EPE,PSCO,1594965600,209.436,209.436,0
120,6,EPE,PSCO,1596283200,210.681,213.686,1
120,6,EPE,PSCO,1597600800,206.794,222.614,1
120,6,EPE,PSCO,1598918400,203.471,203.471,0
120,6,EPE,PSCO,1600236000,190.106,208.783,1
120,6,EPE,PSCO,1601553600,213.142,230.255,1
120,6,EPE,PSCO,1602871200,222.936,232.656,1
120,6,EPE,PSCO,1604188800,214.945,214.945,0
120,6,EPE,PSCO,1605506400,203.959,203.959,0
120,6,EPE,PSCO,1606824000,163.059,208.024,1
120,6,EPE,PSCO,1608141600,187.534,223.802,1
120,1,PACE,AECI,1577836800,222.045,222.045,0
120,1,PACE,AECI,1579154400,234.433,234.433,0
120,1,PACE,AECI,1580472000,198.311,198.311,0
120,1,PACE,AECI,1581789600,196.827,196.827,0
120,1,PACE,AECI,1583107200,208.975,208.975,0
120,1,PACE,AECI,1584424800,252.452,252.452,0
120,1,PACE,AECI,1585742400,225.822,225.822,0
120,1,PACE,AECI,1587060000,224.401,224.401,0
120,1,PACE,AECI,1588377600,195.688,195.688,0
120,1,PACE,AECI,1589695200,218.514,218.514,0
120,1,PACE,AECI,1591012800,230.978,230.978,0
120,1,PACE,AECI,1592330400,200.767,200.767,0
120,1,PACE,AECI,1593648000,211.4,211.4,0
120,1,PACE,AECI,1594965600,197.864,197.864,0
120,1,PACE,AECI,1596283200,232.915,232.915,0
120,1,PACE,AECI,1597600800,252.895,252.895,0
120,1,PACE,AECI,1598918400,239.903,239.903,0
120,1,PACE,AECI,1600236000,257.912,257.912,0
120,1,PACE,AECI,1601553600,250.583,250.583,0
120,1,PACE,AECI,1602871200,211.548,211.548,0
120,1,PACE,AECI,1604188800,258.098,258.098,0
120,1,PACE,AECI,1605506400,230.758,230.758,0
120,1,PACE,AECI,1606824000,241.036,241.036,0
120,1,PACE,AECI,1608141600,221.431,221.431,0
120,2,PACE,AECI,1577836800,226.366,251.238,3
120,2,PACE,AECI,1579154400,326.946,307.846,8
120,2,PACE,AECI,1580472000,244.759,229.84,4
120,2,PACE,AECI,1581789600,223.773,212.058,2
120,2,PACE,AECI,1583107200,255.433,252.73,5
120,2,PACE,AECI,1584424800,226.894,288.117,3
120,2,PACE,AECI,1585742400,148.139,236.136,1
120,2,PACE,AECI,1587060000,188.43,248.597,3
120,2,PACE,AECI,1588377600,218.218,234.606,5
120,2,PACE,AECI,1589695200,257.836,271.356,6
120,2,PACE,AECI,1591012800,237.003,277.318,5
120,2,PACE,AECI,1592330400,201.054,228.339,3
120,2,PACE,AECI,1593648000,266.725,260.955,5
120,2,PACE,AECI,1594965600,309.825,270.979,8
120,2,PACE,AECI,1596283200,372.077,337.626,11
120,2,PACE,AECI,1597600800,466.1,387.108,13
120,2,PACE,AECI,1598918400,264.553,290.614,5
120,2,PACE,AECI,1600236000,330.799,324.391,6
120,2,PACE,AECI,1601553600,354.47,345.144,9
120,2,PACE,AECI,1602871200,244.218,243.066,4
120,2,PACE,AECI,1604188800,316.843,310.661,5
120,2,PACE,AECI,1605506400,263.647,259.071,3
120,2,PACE,AECI,1606824000,316.478,296.687,6
120,2,PACE,AECI,1608141600,310.453,280.037,6
120,3,PACE,AECI,1577836800,231.263,251.238,3
120,3,PACE,AECI,1579154400,255.173,263.698,3
120,3,PACE,AECI,1580472000,213.746,215.735,2
120,3,PACE,AECI,1581789600,196.827,196.827,0
120,3,PACE,AECI,1583107200,208.975,208.975,0
120,3,PACE,AECI,1584424800,193.718,264.664,1
120,3,PACE,AECI,1585742400,148.139,236.136,1
120,3,PACE,AECI,1587060000,161.363,232.124,1
120,3,PACE,AECI,1588377600,229.218,219.363,3
120,3,PACE,AECI,1589695200,206.947,246.57,3
120,3,PACE,AECI,1591012800,171.512,241.566,1
120,3,PACE,AECI,1592330400,172.325,209.922,1
120,3,PACE,AECI,1593648000,211.4,211.4,0
120,3,PACE,AECI,1594965600,199.502,208.244,1
120,3,PACE,AECI,1596283200,200.743,243.136,1
120,3,PACE,AECI,1597600800,286.838,291.84,4
120,3,PACE,AECI,1598918400,231.717,267.98,3
120,3,PACE,AECI,1600236000,264.246,291.387,3
120,3,PACE,AECI,1601553600,204.553,262.744,1
120,3,PACE,AECI,1602871200,274.885,243.066,4
120,3,PACE,AECI,1604188800,297.539,289.498,3
120,3,PACE,AECI,1605506400,234.759,239.826,1
120,3,PACE,AECI,1606824000,305.474,278.836,4
120,3,PACE,AECI,1608141600,218.537,231.251,1
120,4,PACE,AECI,1577836800,222.045,222.045,0
120,4,PACE,AECI,1579154400,234.433,234.433,0
120,4,PACE,AECI,1580472000,198.311,198.311,0
120,4,PACE,AECI,1581789600,196.827,196.827,0
120,4,PACE,AECI,1583107200,208.975,208.975,0
120,4,PACE,AECI,1584424800,264.546,264.664,1
120,4,PACE,AECI,1585742400,148.139,236.136,1
120,4,PACE,AECI,1587060000,161.363,232.124,1
120,4,PACE,AECI,1588377600,195.688,195.688,0
120,4,PACE,AECI,1589695200,218.514,218.514,0
120,4,PACE,AECI,1591012800,177.242,241.566,1
120,4,PACE,AECI,1592330400,200.767,200.767,0
120,4,PACE,AECI,1593648000,211.4,211.4,0
120,4,PACE,AECI,1594965600,197.864,197.864,0
120,4,PACE,AECI,1596283200,232.915,232.915,0
120,4,PACE,AECI,1597600800,252.895,252.895,0
120,4,PACE,AECI,1598918400,239.903,239.903,0
120,4,PACE,AECI,1600236000,257.912,257.912,0
120,4,PACE,AECI,1601553600,250.583,250.583,0
120,4,PACE,AECI,1602871200,211.548,211.548,0
120,4,PACE,AECI,1604188800,258.098,258.098,0
120,4,PACE,AECI,1605506400,230.758,230.758,0
120,4,PACE,AECI,1606824000,241.036,241.036,0
120,4,PACE,AECI,1608141600,221.431,221.431,0
120,5,PACE,AECI,1577836800,224.507,251.238,3
120,5,PACE,AECI,1579154400,325.88,307.846,8
120,5,PACE,AECI,1580472000,241.649,229.84,4
120,5,PACE,AECI,1581789600,222.573,212.058,2
120,5,PACE,AECI,1583107200,253.47,252.73,5
120,5,PACE,AECI,1584424800,224.631,288.117,3
120,5,PACE,AECI,1585742400,148.139,236.136,1
120,5,PACE,AECI,1587060000,187.074,248.597,3
120,5,PACE,AECI,1588377600,213.611,234.606,5
120,5,PACE,AECI,1589695200,254.656,271.356,6
120,5,PACE,AECI,1591012800,234.877,277.318,5
120,5,PACE,AECI,1592330400,196.299,228.339,3
120,5,PACE,AECI,1593648000,260.518,260.955,5
120,5,PACE,AECI,1594965600,304.672,270.979,8
120,5,PACE,AECI,1596283200,367.614,337.626,11
120,5,PACE,AECI,1597600800,461.723,387.108,13
120,5,PACE,AECI,1598918400,263.156,290.614,5
120,5,PACE,AECI,1600236000,328.99,324.391,6
120,5,PACE,AECI,1601553600,349.333,345.144,9
120,5,PACE,AECI,1602871200,242.76,243.066,4
120,5,PACE,AECI,1604188800,314.261,310.661,5
120,5,PACE,AECI,1605506400,260.462,259.071,3
120,5,PACE,AECI,1606824000,350.655,316.078,8
120,5,PACE,AECI,1608141600,308.768,280.037,6
120,6,PACE,AECI,1577836800,222.045,222.045,0
120,6,PACE,AECI,1579154400,234.433,234.433,0
120,6,PACE,AECI,1580472000,198.311,198.311,0
120,6,PACE,AECI,1581789600,196.827,196.827,0
120,6,PACE,AECI,1583107200,208.975,208.975,0
120,6,PACE,AECI,1584424800,193.718,264.664,1
120,6,PACE,AECI,1585742400,148.139,236.136,1
120,6,PACE,AECI,1587060000,161.363,232.124,1
120,6,PACE,AECI,1588377600,195.688,195.688,0
120,6,PACE,AECI,1589695200,178.298,228.222,1
120,6,PACE,AECI,1591012800,171.512,241.566,1
120,6,PACE,AECI,1592330400,171.407,209.922,1
120,6,PACE,AECI,1593648000,211.4,211.4,0
120,6,PACE,AECI,1594965600,197.864,197.864,0
120,6,PACE,AECI,1596283200,232.915,232.915,0
120,6,PACE,AECI,1597600800,252.895,252.895,0
120,6,PACE,AECI,1598918400,198.378,248.814,1
120,6,PACE,AECI,1600236000,257.912,257.912,0
120,6,PACE,AECI,1601553600,204.553,262.744,1
120,6,PACE,AECI,1602871200,211.548,211.548,0
120,6,PACE,AECI,1604188800,258.098,258.098,0
120,6,PACE,AECI,1605506400,230.758,230.758,0
120,6,PACE,AECI,1606824000,241.036,241.036,0
120,6,PACE,AECI,1608141600,221.431,221.431,0
120,1,PACE,PSCO,1577836800,222.045,222.045,0
120,1,PACE,PSCO,1579154400,234.433,234.433,0
120,1,PACE,PSCO,1580472000,198.311,198.311,0
120,1,PACE,PSCO,1581789600,196.827,196.827,0
120,1,PACE,PSCO,1583107200,208.975,208.975,0
120,1,PACE,PSCO,1584424800,252.452,252.452,0
120,1,PACE,PSCO,1585742400,225.822,225.822,0
120,1,PACE,PSCO,1587060000,224.401,224.401,0
120,1,PACE,PSCO,1588377600,195.688,195.688,0
120,1,PACE,PSCO,1589695200,218.514,218.514,0
120,1,PACE,PSCO,1591012800,230.978,230.978,0
120,1,PACE,PSCO,1592330400,200.767,200.767,0
120,1,PACE,PSCO,1593648000,211.4,211.4,0
120,1,PACE,PSCO,1594965600,197.864,197.864,0
120,1,PACE,PSCO,1596283200,232.915,232.915,0
120,1,PACE,PSCO,1597600800,252.895,252.895,0
120,1,PACE,PSCO,1598918400,239.903,239.903,0
120,1,PACE,PSCO,1600236000,257.912,257.912,0
120,1,PACE,PSCO,1601553600,250.583,250.583,0
120,1,PACE,PSCO,1602871200,211.548,211.548,0
120,1,PACE,PSCO,1604188800,258.098,258.098,0
120,1,PACE,PSCO,1605506400,230.758,230.758,0
120,1,PACE,PSCO,1606824000,241.036,241.036,0
120,1,PACE,PSCO,1608141600,221.431,221.431,0
120,2,PACE,PSCO,1577836800,329.275,292.608,7
120,2,PACE,PSCO,1579154400,256.585,282.503,5
120,2,PACE,PSCO,1580472000,271.51,255.61,7
120,2,PACE,PSCO,1581789600,309.579,262.539,7
120,2,PACE,PSCO,1583107200,386.993,302.613,12
120,2,PACE,PSCO,1584424800,280.875,288.117,3
120,2,PACE,PSCO,1585742400,298.46,276.286,6
120,2,PACE,PSCO,1587060000,329.489,290.021,7
120,2,PACE,PSCO,1588377600,275.159,251.555,7
120,2,PACE,PSCO,1589695200,216.027,246.57,3
120,2,PACE,PSCO,1591012800,288.309,268.342,4
120,2,PACE,PSCO,1592330400,232.327,237.699,4
120,2,PACE,PSCO,1593648000,249.125,260.955,5
120,2,PACE,PSCO,1594965600,383.931,298.127,11
120,2,PACE,PSCO,1596283200,280.427,278.428,5
120,2,PACE,PSCO,1597600800,209.204,262.641,1
120,2,PACE,PSCO,1598918400,346.179,313.341,7
120,2,PACE,PSCO,1600236000,194.29,268.524,1
120,2,PACE,PSCO,1601553600,284.184,301.791,5
120,2,PACE,PSCO,1602871200,271.758,252.56,5
120,2,PACE,PSCO,1604188800,281.742,289.498,3
120,2,PACE,PSCO,1605506400,279.581,278.346,5
120,2,PACE,PSCO,1606824000,166.6,251.093,1
120,2,PACE,PSCO,1608141600,188.375,231.251,1
120,3,PACE,PSCO,1577836800,256.617,251.238,3
120,3,PACE,PSCO,1579154400,187.496,244.419,1
120,3,PACE,PSCO,1580472000,182.428,207.039,1
120,3,PACE,PSCO,1581789600,210.435,204.537,1
120,3,PACE,PSCO,1583107200,248.665,235.332,3
120,3,PACE,PSCO,1584424800,241.531,264.664,1
120,3,PACE,PSCO,1585742400,215.591,236.136,1
120,3,PACE,PSCO,1587060000,243.938,239.886,2
120,3,PACE,PSCO,1588377600,223.554,219.363,3
120,3,PACE,PSCO,1589695200,191.532,228.222,1
120,3,PACE,PSCO,1591012800,241.43,241.566,1
120,3,PACE,PSCO,1592330400,194.518,209.922,1
120,3,PACE,PSCO,1593648000,194.572,220.744,1
120,3,PACE,PSCO,1594965600,212.299,208.244,1
120,3,PACE,PSCO,1596283200,219.253,243.136,1
120,3,PACE,PSCO,1597600800,209.204,262.641,1
120,3,PACE,PSCO,1598918400,284.5,267.98,3
120,3,PACE,PSCO,1600236000,194.29,268.524,1
120,3,PACE,PSCO,1601553600,216.761,262.744,1
120,3,PACE,PSCO,1602871200,234.273,226.232,2
120,3,PACE,PSCO,1604188800,247.276,268.458,1
120,3,PACE,PSCO,1605506400,219.206,239.826,1
120,3,PACE,PSCO,1606824000,166.6,251.093,1
120,3,PACE,PSCO,1608141600,188.375,231.251,1
120,4,PACE,PSCO,1577836800,222.045,222.045,0
120,4,PACE,PSCO,1579154400,187.496,244.419,1
120,4,PACE,PSCO,1580472000,198.311,198.311,0
120,4,PACE,PSCO,1581789600,196.827,196.827,0
120,4,PACE,PSCO,1583107200,208.975,208.975,0
120,4,PACE,PSCO,1584424800,257.931,264.664,1
120,4,PACE,PSCO,1585742400,225.822,225.822,0
120,4,PACE,PSCO,1587060000,224.401,224.401,0
120,4,PACE,PSCO,1588377600,195.688,195.688,0
120,4,PACE,PSCO,1589695200,186.769,228.222,1
120,4,PACE,PSCO,1591012800,230.978,230.978,0
120,4,PACE,PSCO,1592330400,200.767,200.767,0
120,4,PACE,PSCO,1593648000,211.4,211.4,0
120,4,PACE,PSCO,1594965600,197.864,197.864,0
120,4,PACE,PSCO,1596283200,225.329,243.136,1
120,4,PACE,PSCO,1597600800,220.397,262.641,1
120,4,PACE,PSCO,1598918400,239.903,239.903,0
120,4,PACE,PSCO,1600236000,194.29,268.524,1
120,4,PACE,PSCO,1601553600,215.346,262.744,1
120,4,PACE,PSCO,1602871200,211.548,211.548,0
120,4,PACE,PSCO,1604188800,258.098,258.098,0
120,4,PACE,PSCO,1605506400,230.758,230.758,0
120,4,PACE,PSCO,1606824000,166.6,251.093,1
120,4,PACE,PSCO,1608141600,206.44,231.251,1
120,5,PACE,PSCO,1577836800,343.998,302.327,8
120,5,PACE,PSCO,1579154400,287.743,299.383,7
120,5,PACE,PSCO,1580472000,267.004,255.61,7
120,5,PACE,PSCO,1581789600,303.899,262.539,7
120,5,PACE,PSCO,1583107200,381.553,302.613,12
120,5,PACE,PSCO,1584424800,280.387,288.117,3
120,5,PACE,PSCO,1585742400,294.567,276.286,6
120,5,PACE,PSCO,1587060000,326.49,290.021,7
120,5,PACE,PSCO,1588377600,269.658,251.555,7
120,5,PACE,PSCO,1589695200,214.214,246.57,3
120,5,PACE,PSCO,1591012800,287.149,268.342,4
120,5,PACE,PSCO,1592330400,247.404,247.864,5
120,5,PACE,PSCO,1593648000,246.638,260.955,5
120,5,PACE,PSCO,1594965600,376.726,298.127,11
120,5,PACE,PSCO,1596283200,279.761,278.428,5
120,5,PACE,PSCO,1597600800,209.204,262.641,1
120,5,PACE,PSCO,1598918400,344.53,313.341,7
120,5,PACE,PSCO,1600236000,194.29,268.524,1
120,5,PACE,PSCO,1601553600,279.944,301.791,5
120,5,PACE,PSCO,1602871200,267.157,252.56,5
120,5,PACE,PSCO,1604188800,280.177,289.498,3
120,5,PACE,PSCO,1605506400,277.906,278.346,5
120,5,PACE,PSCO,1606824000,166.6,251.093,1
120,5,PACE,PSCO,1608141600,188.375,231.251,1
120,6,PACE,PSCO,1577836800,220.962,231.404,1
120,6,PACE,PSCO,1579154400,187.496,244.419,1
120,6,PACE,PSCO,1580472000,182.428,207.039,1
120,6,PACE,PSCO,1581789600,200.897,204.537,1
120,6,PACE,PSCO,1583107200,208.975,208.975,0
120,6,PACE,PSCO,1584424800,241.531,264.664,1
120,6,PACE,PSCO,1585742400,215.591,236.136,1
120,6,PACE,PSCO,1587060000,224.401,224.401,0
120,6,PACE,PSCO,1588377600,195.688,195.688,0
120,6,PACE,PSCO,1589695200,191.532,228.222,1
120,6,PACE,PSCO,1591012800,235.329,241.566,1
120,6,PACE,PSCO,1592330400,194.518,209.922,1
120,6,PACE,PSCO,1593648000,194.572,220.744,1
120,6,PACE,PSCO,1594965600,197.864,197.864,0
120,6,PACE,PSCO,1596283200,219.253,243.136,1
120,6,PACE,PSCO,1597600800,209.204,262.641,1
120,6,PACE,PSCO,1598918400,239.903,239.903,0
120,6,PACE,PSCO,1600236000,194.29,268.524,1
120,6,PACE,PSCO,1601553600,216.761,262.744,1
120,6,PACE,PSCO,1602871200,211.548,211.548,0
120,6,PACE,PSCO,1604188800,247.276,268.458,1
120,6,PACE,PSCO,1605506400,219.206,239.826,1
120,6,PACE,PSCO,1606824000,166.6,251.093,1
120,6,PACE,PSCO,1608141600,188.375,231.251,1
120,1,PSCO,EPE,1577836800,201.806,201.806,0
120,1,PSCO,EPE,1579154400,168.095,168.095,0
120,1,PSCO,EPE,1580472000,165.819,165.819,0
120,1,PSCO,EPE,1581789600,208.599,208.599,0
120,1,PSCO,EPE,1583107200,195.56,195.56,0
120,1,PSCO,EPE,1584424800,221.046,221.046,0
120,1,PSCO,EPE,1585742400,196.694,196.694,0
120,1,PSCO,EPE,1587060000,211.329,211.329,0
120,1,PSCO,EPE,1588377600,184.057,184.057,0
120,1,PSCO,EPE,1589695200,174.63,174.63,0
120,1,PSCO,EPE,1591012800,220.905,220.905,0
120,1,PSCO,EPE,1592330400,179.992,179.992,0
120,1,PSCO,EPE,1593648000,180.132,180.132,0
120,1,PSCO,EPE,1594965600,212.921,212.921,0
120,1,PSCO,EPE,1596283200,202.105,202.105,0
120,1,PSCO,EPE,1597600800,189.709,189.709,0
120,1,PSCO,EPE,1598918400,234.795,234.795,0
120,1,PSCO,EPE,1600236000,174.02,174.02,0
120,1,PSCO,EPE,1601553600,195.176,195.176,0
120,1,PSCO,EPE,1602871200,202.804,202.804,0
120,1,PSCO,EPE,1604188800,225.924,225.924,0
120,1,PSCO,EPE,1605506400,203.332,203.332,0
120,1,PSCO,EPE,1606824000,147.36,147.36,0
120,1,PSCO,EPE,1608141600,172.796,172.796,0
120,2,PSCO,EPE,1577836800,296.93,257.226,6
120,2,PSCO,EPE,1579154400,232.947,198.738,4
120,2,PSCO,EPE,1580472000,281.196,224.127,8
120,2,PSCO,EPE,1581789600,253.5,249.151,5
120,2,PSCO,EPE,1583107200,274.293,237.766,5
120,2,PSCO,EPE,1584424800,284.462,264.3,5
120,2,PSCO,EPE,1585742400,206.601,225.517,3
120,2,PSCO,EPE,1587060000,215.589,237.395,3
120,2,PSCO,EPE,1588377600,262.751,224.118,6
120,2,PSCO,EPE,1589695200,221.993,197.588,4
120,2,PSCO,EPE,1591012800,246.022,248.662,3
120,2,PSCO,EPE,1592330400,222.816,206.17,3
120,2,PSCO,EPE,1593648000,236.213,209.594,4
120,2,PSCO,EPE,1594965600,287.146,260.068,5
120,2,PSCO,EPE,1596283200,284.658,242.585,6
120,2,PSCO,EPE,1597600800,271.029,235.002,5
120,2,PSCO,EPE,1598918400,218.803,244.046,1
120,2,PSCO,EPE,1600236000,249.324,214.134,5
120,2,PSCO,EPE,1601553600,308.515,248.345,7
120,2,PSCO,EPE,1602871200,299.582,252.069,6
120,2,PSCO,EPE,1604188800,336.162,288.134,7
120,2,PSCO,EPE,1605506400,251.864,228.558,4
120,2,PSCO,EPE,1606824000,147.36,147.36,0
120,2,PSCO,EPE,1608141600,172.796,172.796,0
120,3,PSCO,EPE,1577836800,217.339,211.739,1
120,3,PSCO,EPE,1579154400,168.095,168.095,0
120,3,PSCO,EPE,1580472000,165.819,165.819,0
120,3,PSCO,EPE,1581789600,219.631,230.456,3
120,3,PSCO,EPE,1583107200,195.56,195.56,0
120,3,PSCO,EPE,1584424800,254.782,247.667,3
120,3,PSCO,EPE,1585742400,182.446,206.331,1
120,3,PSCO,EPE,1587060000,187.66,220.262,1
120,3,PSCO,EPE,1588377600,210.788,197.429,2
120,3,PSCO,EPE,1589695200,174.63,174.63,0
120,3,PSCO,EPE,1591012800,213.594,229.987,1
120,3,PSCO,EPE,1592330400,179.992,179.992,0
120,3,PSCO,EPE,1593648000,209.963,195.383,2
120,3,PSCO,EPE,1594965600,329.874,280.227,7
120,3,PSCO,EPE,1596283200,202.105,202.105,0
120,3,PSCO,EPE,1597600800,202.817,198.933,1
120,3,PSCO,EPE,1598918400,217.601,244.046,1
120,3,PSCO,EPE,1600236000,174.02,174.02,0
120,3,PSCO,EPE,1601553600,195.176,195.176,0
120,3,PSCO,EPE,1602871200,216.629,213.162,1
120,3,PSCO,EPE,1604188800,249.193,243.05,2
120,3,PSCO,EPE,1605506400,232.964,215.248,2
120,3,PSCO,EPE,1606824000,147.36,147.36,0
120,3,PSCO,EPE,1608141600,172.796,172.796,0
120,4,PSCO,EPE,1577836800,201.806,201.806,0
120,4,PSCO,EPE,1579154400,168.095,168.095,0
120,4,PSCO,EPE,1580472000,165.819,165.819,0
120,4,PSCO,EPE,1581789600,208.599,208.599,0
120,4,PSCO,EPE,1583107200,195.56,195.56,0
120,4,PSCO,EPE,1584424800,221.046,221.046,0
120,4,PSCO,EPE,1585742400,196.694,196.694,0
120,4,PSCO,EPE,1587060000,211.329,211.329,0
120,4,PSCO,EPE,1588377600,184.057,184.057,0
120,4,PSCO,EPE,1589695200,174.63,174.63,0
120,4,PSCO,EPE,1591012800,220.905,220.905,0
120,4,PSCO,EPE,1592330400,179.992,179.992,0
120,4,PSCO,EPE,1593648000,180.132,180.132,0
120,4,PSCO,EPE,1594965600,212.921,212.921,0
120,4,PSCO,EPE,1596283200,202.105,202.105,0
120,4,PSCO,EPE,1597600800,189.709,189.709,0
120,4,PSCO,EPE,1598918400,234.795,234.795,0
120,4,PSCO,EPE,1600236000,174.02,174.02,0
120,4,PSCO,EPE,1601553600,195.176,195.176,0
120,4,PSCO,EPE,1602871200,202.804,202.804,0
120,4,PSCO,EPE,1604188800,225.924,225.924,0
120,4,PSCO,EPE,1605506400,203.332,203.332,0
120,4,PSCO,EPE,1606824000,147.36,147.36,0
120,4,PSCO,EPE,1608141600,172.796,172.796,0
120,5,PSCO,EPE,1577836800,310.844,266.397,7
120,5,PSCO,EPE,1579154400,229.125,198.738,4
120,5,PSCO,EPE,1580472000,277.351,224.127,8
120,5,PSCO,EPE,1581789600,251.882,249.151,5
120,5,PSCO,EPE,1583107200,270.98,237.766,5
120,5,PSCO,EPE,1584424800,283.691,264.3,5
120,5,PSCO,EPE,1585742400,203.545,225.517,3
120,5,PSCO,EPE,1587060000,214.48,237.395,3
120,5,PSCO,EPE,1588377600,258.905,224.118,6
120,5,PSCO,EPE,1589695200,220.125,197.588,4
120,5,PSCO,EPE,1591012800,244.267,248.662,3
120,5,PSCO,EPE,1592330400,219.995,206.17,3
120,5,PSCO,EPE,1593648000,234.858,209.594,4
120,5,PSCO,EPE,1594965600,284.529,260.068,5
120,5,PSCO,EPE,1596283200,284.337,242.585,6
120,5,PSCO,EPE,1597600800,269.815,235.002,5
120,5,PSCO,EPE,1598918400,233.452,251.131,2
120,5,PSCO,EPE,1600236000,245.926,214.134,5
120,5,PSCO,EPE,1601553600,302.085,248.345,7
120,5,PSCO,EPE,1602871200,296.067,252.069,6
120,5,PSCO,EPE,1604188800,331.983,288.134,7
120,5,PSCO,EPE,1605506400,249.392,228.558,4
120,5,PSCO,EPE,1606824000,147.36,147.36,0
120,5,PSCO,EPE,1608141600,172.796,172.796,0
120,6,PSCO,EPE,1577836800,201.806,201.806,0
120,6,PSCO,EPE,1579154400,168.095,168.095,0
120,6,PSCO,EPE,1580472000,165.819,165.819,0
120,6,PSCO,EPE,1581789600,192.922,215.208,1
120,6,PSCO,EPE,1583107200,195.56,195.56,0
120,6,PSCO,EPE,1584424800,224.845,229.727,1
120,6,PSCO,EPE,1585742400,182.446,206.331,1
120,6,PSCO,EPE,1587060000,187.66,220.262,1
120,6,PSCO,EPE,1588377600,184.057,184.057,0
120,6,PSCO,EPE,1589695200,174.63,174.63,0
120,6,PSCO,EPE,1591012800,213.594,229.987,1
120,6,PSCO,EPE,1592330400,179.992,179.992,0
120,6,PSCO,EPE,1593648000,180.132,180.132,0
120,6,PSCO,EPE,1594965600,212.921,212.921,0
120,6,PSCO,EPE,1596283200,202.105,202.105,0
120,6,PSCO,EPE,1597600800,189.709,189.709,0
120,6,PSCO,EPE,1598918400,217.601,244.046,1
120,6,PSCO,EPE,1600236000,174.02,174.02,0
120,6,PSCO,EPE,1601553600,195.176,195.176,0
120,6,PSCO,EPE,1602871200,202.804,202.804,0
120,6,PSCO,EPE,1604188800,230.269,234.575,1
120,6,PSCO,EPE,1605506400,203.332,203.332,0
120,6,PSCO,EPE,1606824000,147.36,147.36,0
120,6,PSCO,EPE,1608141600,172.796,172.796,0
120,1,PSCO,PACE,1577836800,201.806,201.806,0
120,1,PSCO,PACE,1579154400,168.095,168.095,0
120,1,PSCO,PACE,1580472000,165.819,165.819,0
120,1,PSCO,PACE,1581789600,208.599,208.599,0
120,1,PSCO,PACE,1583107200,195.56,195.56,0
120,1,PSCO,PACE,1584424800,221.046,221.046,0
120,1,PSCO,PACE,1585742400,196.694,196.694,0
120,1,PSCO,PACE,1587060000,211.329,211.329,0
120,1,PSCO,PACE,1588377600,184.057,184.057,0
120,1,PSCO,PACE,1589695200,174.63,174.63,0
120,1,PSCO,PACE,1591012800,220.905,220.905,0
120,1,PSCO,PACE,1592330400,179.992,179.992,0
120,1,PSCO,PACE,1593648000,180.132,180.132,0
120,1,PSCO,PACE,1594965600,212.921,212.921,0
120,1,PSCO,PACE,1596283200,202.105,202.105,0
120,1,PSCO,PACE,1597600800,189.709,189.709,0
120,1,PSCO,PACE,1598918400,234.795,234.795,0
120,1,PSCO,PACE,1600236000,174.02,174.02,0
120,1,PSCO,PACE,1601553600,195.176,195.176,0
120,1,PSCO,PACE,1602871200,202.804,202.804,0
120,1,PSCO,PACE,1604188800,225.924,225.924,0
120,1,PSCO,PACE,1605506400,203.332,203.332,0
120,1,PSCO,PACE,1606824000,147.36,147.36,0
120,1,PSCO,PACE,1608141600,172.796,172.796,0
120,2,PSCO,PACE,1577836800,310.88,257.226,6
120,2,PSCO,PACE,1579154400,234.515,198.738,4
120,2,PSCO,PACE,1580472000,254.502,210.48,6
120,2,PSCO,PACE,1581789600,330.102,278.134,8
120,2,PSCO,PACE,1583107200,367.757,280.882,11
120,2,PSCO,PACE,1584424800,259.829,238.423,2
120,2,PSCO,PACE,1585742400,333.084,267.54,8
120,2,PSCO,PACE,1587060000,311.836,263.508,6
120,2,PSCO,PACE,1588377600,259.731,224.118,6
120,2,PSCO,PACE,1589695200,198.61,185.658,2
120,2,PSCO,PACE,1591012800,267.862,248.662,3
120,2,PSCO,PACE,1592330400,269.507,235.746,6
120,2,PSCO,PACE,1593648000,266.857,224.858,6
120,2,PSCO,PACE,1594965600,368.068,304.361,10
120,2,PSCO,PACE,1596283200,261.894,227.901,4
120,2,PSCO,PACE,1597600800,189.709,189.709,0
120,2,PSCO,PACE,1598918400,328.508,276.889,6
120,2,PSCO,PACE,1600236000,174.02,174.02,0
120,2,PSCO,PACE,1601553600,262.135,222.204,4
120,2,PSCO,PACE,1602871200,255.951,237.637,4
120,2,PSCO,PACE,1604188800,261.733,243.05,2
120,2,PSCO,PACE,1605506400,261.925,228.558,4
120,2,PSCO,PACE,1606824000,147.36,147.36,0
120,2,PSCO,PACE,1608141600,172.796,172.796,0
120,3,PSCO,PACE,1577836800,217.696,211.739,1
120,3,PSCO,PACE,1579154400,168.095,168.095,0
120,3,PSCO,PACE,1580472000,165.819,165.819,0
120,3,PSCO,PACE,1581789600,228.217,222.278,2
120,3,PSCO,PACE,1583107200,224.252,209.983,2
120,3,PSCO,PACE,1584424800,221.046,221.046,0
120,3,PSCO,PACE,1585742400,196.694,196.694,0
120,3,PSCO,PACE,1587060000,227.236,220.262,1
120,3,PSCO,PACE,1588377600,208.356,197.429,2
120,3,PSCO,PACE,1589695200,174.63,174.63,0
120,3,PSCO,PACE,1591012800,220.905,220.905,0
120,3,PSCO,PACE,1592330400,179.992,179.992,0
120,3,PSCO,PACE,1593648000,209.416,195.383,2
120,3,PSCO,PACE,1594965600,231.624,228.43,2
120,3,PSCO,PACE,1596283200,202.105,202.105,0
120,3,PSCO,PACE,1597600800,189.709,189.709,0
120,3,PSCO,PACE,1598918400,265.995,251.131,2
120,3,PSCO,PACE,1600236000,174.02,174.02,0
120,3,PSCO,PACE,1601553600,195.176,195.176,0
120,3,PSCO,PACE,1602871200,216.348,213.162,1
120,3,PSCO,PACE,1604188800,225.924,225.924,0
120,3,PSCO,PACE,1605506400,203.332,203.332,0
120,3,PSCO,PACE,1606824000,147.36,147.36,0
120,3,PSCO,PACE,1608141600,172.796,172.796,0
120,4,PSCO,PACE,1577836800,201.806,201.806,0
120,4,PSCO,PACE,1579154400,168.095,168.095,0
120,4,PSCO,PACE,1580472000,165.819,165.819,0
120,4,PSCO,PACE,1581789600,208.599,208.599,0
120,4,PSCO,PACE,1583107200,195.56,195.56,0
120,4,PSCO,PACE,1584424800,221.046,221.046,0
120,4,PSCO,PACE,1585742400,196.694,196.694,0
120,4,PSCO,PACE,1587060000,211.329,211.329,0
120,4,PSCO,PACE,1588377600,184.057,184.057,0
120,4,PSCO,PACE,1589695200,174.63,174.63,0
120,4,PSCO,PACE,1591012800,220.905,220.905,0
120,4,PSCO,PACE,1592330400,179.992,179.992,0
120,4,PSCO,PACE,1593648000,180.132,180.132,0
120,4,PSCO,PACE,1594965600,212.921,212.921,0
120,4,PSCO,PACE,1596283200,202.105,202.105,0
120,4,PSCO,PACE,1597600800,189.709,189.709,0
120,4,PSCO,PACE,1598918400,234.795,234.795,0
120,4,PSCO,PACE,1600236000,174.02,174.02,0
120,4,PSCO,PACE,1601553600,195.176,195.176,0
120,4,PSCO,PACE,1602871200,202.804,202.804,0
120,4,PSCO,PACE,1604188800,225.924,225.924,0
120,4,PSCO,PACE,1605506400,203.332,203.332,0
120,4,PSCO,PACE,1606824000,147.36,147.36,0
120,4,PSCO,PACE,1608141600,172.796,172.796,0
120,5,PSCO,PACE,1577836800,306.651,257.226,6
120,5,PSCO,PACE,1579154400,231.671,198.738,4
120,5,PSCO,PACE,1580472000,249.996,210.48,6
120,5,PSCO,PACE,1581789600,366.513,299.543,10
120,5,PSCO,PACE,1583107200,362.317,280.882,11
120,5,PSCO,PACE,1584424800,259.34,238.423,2
120,5,PSCO,PACE,1585742400,277.363,243.952,5
120,5,PSCO,PACE,1587060000,308.837,263.508,6
120,5,PSCO,PACE,1588377600,254.23,224.118,6
120,5,PSCO,PACE,1589695200,196.797,185.658,2
120,5,PSCO,PACE,1591012800,265.926,248.662,3
120,5,PSCO,PACE,1592330400,264.669,235.746,6
120,5,PSCO,PACE,1593648000,232.143,209.594,4
120,5,PSCO,PACE,1594965600,360.863,304.361,10
120,5,PSCO,PACE,1596283200,261.185,227.901,4
120,5,PSCO,PACE,1597600800,189.709,189.709,0
120,5,PSCO,PACE,1598918400,326.859,276.889,6
120,5,PSCO,PACE,1600236000,174.02,174.02,0
120,5,PSCO,PACE,1601553600,257.894,222.204,4
120,5,PSCO,PACE,1602871200,251.35,237.637,4
120,5,PSCO,PACE,1604188800,260.168,243.05,2
120,5,PSCO,PACE,1605506400,260.25,228.558,4
120,5,PSCO,PACE,1606824000,147.36,147.36,0
120,5,PSCO,PACE,1608141600,172.796,172.796,0
120,6,PSCO,PACE,1577836800,201.806,201.806,0
120,6,PSCO,PACE,1579154400,168.095,168.095,0
120,6,PSCO,PACE,1580472000,165.819,165.819,0
120,6,PSCO,PACE,1581789600,208.599,208.599,0
120,6,PSCO,PACE,1583107200,195.56,195.56,0
120,6,PSCO,PACE,1584424800,221.046,221.046,0
120,6,PSCO,PACE,1585742400,196.694,196.694,0
120,6,PSCO,PACE,1587060000,211.329,211.329,0
120,6,PSCO,PACE,1588377600,188.579,190.648,1
120,6,PSCO,PACE,1589695200,174.63,174.63,0
120,6,PSCO,PACE,1591012800,220.905,220.905,0
120,6,PSCO,PACE,1592330400,179.992,179.992,0
120,6,PSCO,PACE,1593648000,180.132,180.132,0
120,6,PSCO,PACE,1594965600,215.524,220.093,1
120,6,PSCO,PACE,1596283200,202.105,202.105,0
120,6,PSCO,PACE,1597600800,189.709,189.709,0
120,6,PSCO,PACE,1598918400,234.795,234.795,0
120,6,PSCO,PACE,1600236000,174.02,174.02,0
120,6,PSCO,PACE,1601553600,195.176,195.176,0
120,6,PSCO,PACE,1602871200,202.804,202.804,0
120,6,PSCO,PACE,1604188800,225.924,225.924,0
120,6,PSCO,PACE,1605506400,203.332,203.332,0
120,6,PSCO,PACE,1606824000,147.36,147.36,0
120,6,PSCO,PACE,1608141600,172.796,172.796,0
120,1,TEPC,AECI,1577836800,261.782,261.782,0
120,1,TEPC,AECI,1579154400,260.044,260.044,0
120,1,TEPC,AECI,1580472000,227.287,227.287,0
120,1,TEPC,AECI,1581789600,230.952,230.952,0
120,1,TEPC,AECI,1583107200,213.887,213.887,0
120,1,TEPC,AECI,1584424800,209.261,209.261,0
120,1,TEPC,AECI,1585742400,163.89,163.89,0
120,1,TEPC,AECI,1587060000,178.693,178.693,0
120,1,TEPC,AECI,1588377600,179.254,179.254,0
120,1,TEPC,AECI,1589695200,215.518,215.518,0
120,1,TEPC,AECI,1591012800,222.496,222.496,0
120,1,TEPC,AECI,1592330400,189.451,189.451,0
120,1,TEPC,AECI,1593648000,215.878,215.878,0
120,1,TEPC,AECI,1594965600,207.863,207.863,0
120,1,TEPC,AECI,1596283200,219.66,219.66,0
120,1,TEPC,AECI,1597600800,232.192,232.192,0
120,1,TEPC,AECI,1598918400,219.508,219.508,0
120,1,TEPC,AECI,1600236000,245.174,245.174,0
120,1,TEPC,AECI,1601553600,235.921,235.921,0
120,1,TEPC,AECI,1602871200,262.53,262.53,0
120,1,TEPC,AECI,1604188800,265.706,265.706,0
120,1,TEPC,AECI,1605506400,225.001,225.001,0
120,1,TEPC,AECI,1606824000,193.11,193.11,0
120,1,TEPC,AECI,1608141600,251.11,251.11,0
120,2,TEPC,AECI,1577836800,229.226,296.172,3
120,2,TEPC,AECI,1579154400,242.672,294.856,3
120,2,TEPC,AECI,1580472000,240.517,266.476,4
120,2,TEPC,AECI,1581789600,258.735,261.308,4
120,2,TEPC,AECI,1583107200,253.304,265.161,5
120,2,TEPC,AECI,1584424800,323.053,290.697,9
120,2,TEPC,AECI,1585742400,207.217,198.945,6
120,2,TEPC,AECI,1587060000,232.224,229.598,7
120,2,TEPC,AECI,1588377600,221.994,218.459,5
120,2,TEPC,AECI,1589695200,254.608,272.785,6
120,2,TEPC,AECI,1591012800,218.925,257.321,4
120,2,TEPC,AECI,1592330400,268.116,242.083,7
120,2,TEPC,AECI,1593648000,274.586,262.771,5
120,2,TEPC,AECI,1594965600,282.685,265.65,6
120,2,TEPC,AECI,1596283200,296.098,269.073,6
120,2,TEPC,AECI,1597600800,332.824,286.543,6
120,2,TEPC,AECI,1598918400,479.853,380.569,17
120,2,TEPC,AECI,1600236000,327.385,308.884,6
120,2,TEPC,AECI,1601553600,407.163,341.337,12
120,2,TEPC,AECI,1602871200,352.295,362.145,9
120,2,TEPC,AECI,1604188800,319.752,318.754,5
120,2,TEPC,AECI,1605506400,262.445,254.625,3
120,2,TEPC,AECI,1606824000,193.11,193.11,0
120,2,TEPC,AECI,1608141600,255.152,282.312,3
120,3,TEPC,AECI,1577836800,192.314,272.952,1
120,3,TEPC,AECI,1579154400,206.671,271.749,1
120,3,TEPC,AECI,1580472000,195.641,238.772,1
120,3,TEPC,AECI,1581789600,249.756,245.453,2
120,3,TEPC,AECI,1583107200,213.887,213.887,0
120,3,TEPC,AECI,1584424800,194.101,218.766,1
120,3,TEPC,AECI,1585742400,192.675,188.362,4
120,3,TEPC,AECI,1587060000,215.458,203.674,4
120,3,TEPC,AECI,1588377600,179.254,179.254,0
120,3,TEPC,AECI,1589695200,173.905,225.929,1
120,3,TEPC,AECI,1591012800,169.319,232.179,1
120,3,TEPC,AECI,1592330400,242.337,217.263,4
120,3,TEPC,AECI,1593648000,215.878,215.878,0
120,3,TEPC,AECI,1594965600,236.492,237.99,3
120,3,TEPC,AECI,1596283200,217.357,237.528,2
120,3,TEPC,AECI,1597600800,232.192,232.192,0
120,3,TEPC,AECI,1598918400,257.986,264.76,5
120,3,TEPC,AECI,1600236000,259.765,256.016,1
120,3,TEPC,AECI,1601553600,201.415,245.497,1
120,3,TEPC,AECI,1602871200,216.135,282.332,2
120,3,TEPC,AECI,1604188800,306.834,295.786,3
120,3,TEPC,AECI,1605506400,230.535,235.056,1
120,3,TEPC,AECI,1606824000,193.11,193.11,0
120,3,TEPC,AECI,1608141600,212.497,261.214,1
120,4,TEPC,AECI,1577836800,261.782,261.782,0
120,4,TEPC,AECI,1579154400,260.044,260.044,0
120,4,TEPC,AECI,1580472000,227.287,227.287,0
120,4,TEPC,AECI,1581789600,230.952,230.952,0
120,4,TEPC,AECI,1583107200,213.887,213.887,0
120,4,TEPC,AECI,1584424800,209.261,209.261,0
120,4,TEPC,AECI,1585742400,163.89,163.89,0
120,4,TEPC,AECI,1587060000,178.693,178.693,0
120,4,TEPC,AECI,1588377600,179.254,179.254,0
120,4,TEPC,AECI,1589695200,215.518,215.518,0
120,4,TEPC,AECI,1591012800,222.496,222.496,0
120,4,TEPC,AECI,1592330400,189.451,189.451,0
120,4,TEPC,AECI,1593648000,215.878,215.878,0
120,4,TEPC,AECI,1594965600,207.863,207.863,0
120,4,TEPC,AECI,1596283200,219.66,219.66,0
120,4,TEPC,AECI,1597600800,232.192,232.192,0
120,4,TEPC,AECI,1598918400,219.508,219.508,0
120,4,TEPC,AECI,1600236000,245.174,245.174,0
120,4,TEPC,AECI,1601553600,235.921,235.921,0
120,4,TEPC,AECI,1602871200,262.53,262.53,0
120,4,TEPC,AECI,1604188800,265.706,265.706,0
120,4,TEPC,AECI,1605506400,225.001,225.001,0
120,4,TEPC,AECI,1606824000,193.11,193.11,0
120,4,TEPC,AECI,1608141600,251.11,251.11,0
120,5,TEPC,AECI,1577836800,228.365,296.172,3
120,5,TEPC,AECI,1579154400,240.212,294.856,3
120,5,TEPC,AECI,1580472000,238.609,266.476,4
120,5,TEPC,AECI,1581789600,272.093,270.346,5
120,5,TEPC,AECI,1583107200,249.092,265.161,5
120,5,TEPC,AECI,1584424800,320.214,290.697,9
120,5,TEPC,AECI,1585742400,180.453,188.362,4
120,5,TEPC,AECI,1587060000,228.057,229.598,7
120,5,TEPC,AECI,1588377600,218.38,218.459,5
120,5,TEPC,AECI,1589695200,250.368,272.785,6
120,5,TEPC,AECI,1591012800,171.679,232.179,1
120,5,TEPC,AECI,1592330400,264.572,242.083,7
120,5,TEPC,AECI,1593648000,270.476,262.771,5
120,5,TEPC,AECI,1594965600,280.786,265.65,6
120,5,TEPC,AECI,1596283200,294.592,269.073,6
120,5,TEPC,AECI,1597600800,331.472,286.543,6
120,5,TEPC,AECI,1598918400,475.765,380.569,17
120,5,TEPC,AECI,1600236000,325.622,308.884,6
120,5,TEPC,AECI,1601553600,404.499,341.337,12
120,5,TEPC,AECI,1602871200,313.702,337.603,7
120,5,TEPC,AECI,1604188800,316.158,318.754,5
120,5,TEPC,AECI,1605506400,260.865,254.625,3
120,5,TEPC,AECI,1606824000,193.11,193.11,0
120,5,TEPC,AECI,1608141600,252.087,282.312,3
120,6,TEPC,AECI,1577836800,192.314,272.952,1
120,6,TEPC,AECI,1579154400,206.671,271.749,1
120,6,TEPC,AECI,1580472000,193.238,238.772,1
120,6,TEPC,AECI,1581789600,230.952,230.952,0
120,6,TEPC,AECI,1583107200,213.887,213.887,0
120,6,TEPC,AECI,1584424800,209.261,209.261,0
120,6,TEPC,AECI,1585742400,163.89,163.89,0
120,6,TEPC,AECI,1587060000,178.693,178.693,0
120,6,TEPC,AECI,1588377600,179.254,179.254,0
120,6,TEPC,AECI,1589695200,173.905,225.929,1
120,6,TEPC,AECI,1591012800,169.319,232.179,1
120,6,TEPC,AECI,1592330400,189.451,189.451,0
120,6,TEPC,AECI,1593648000,215.878,215.878,0
120,6,TEPC,AECI,1594965600,207.863,207.863,0
120,6,TEPC,AECI,1596283200,219.66,219.66,0
120,6,TEPC,AECI,1597600800,232.192,232.192,0
120,6,TEPC,AECI,1598918400,219.508,219.508,0
120,6,TEPC,AECI,1600236000,245.174,245.174,0
120,6,TEPC,AECI,1601553600,235.921,235.921,0
120,6,TEPC,AECI,1602871200,198.013,272.17,1
120,6,TEPC,AECI,1604188800,265.706,265.706,0
120,6,TEPC,AECI,1605506400,225.001,225.001,0
120,6,TEPC,AECI,1606824000,193.11,193.11,0
120,6,TEPC,AECI,1608141600,212.497,261.214,1
180,1,AECI,EPE,1577836800,171.652,171.652,0
180,1,AECI,EPE,1579154400,184.829,184.829,0
180,1,AECI,EPE,1580472000,179.08,179.08,0
180,1,AECI,EPE,1581789600,190.047,190.047,0
180,1,AECI,EPE,1583107200,177.533,177.533,0
180,1,AECI,EPE,1584424800,173.609,173.609,0
180,1,AECI,EPE,1585742400,130.078,130.078,0
180,1,AECI,EPE,1587060000,146.519,146.519,0
180,1,AECI,EPE,1588377600,154.192,154.192,0
180,1,AECI,EPE,1589695200,158.058,158.058,0
180,1,AECI,EPE,1591012800,151.782,151.782,0
180,1,AECI,EPE,1592330400,159.195,159.195,0
180,1,AECI,EPE,1593648000,183.868,183.868,0
180,1,AECI,EPE,1594965600,175.21,175.21,0
180,1,AECI,EPE,1596283200,180.832,180.832,0
180,1,AECI,EPE,1597600800,201.072,201.072,0
180,1,AECI,EPE,1598918400,180.384,180.384,0
180,1,AECI,EPE,1600236000,202.899,202.899,0
180,1,AECI,EPE,1601553600,182.573,182.573,0
180,1,AECI,EPE,1602871200,178.75,178.75,0
180,1,AECI,EPE,1604188800,219.569,219.569,0
180,1,AECI,EPE,1605506400,205.232,205.232,0
180,1,AECI,EPE,1606824000,196.187,196.187,0
180,1,AECI,EPE,1608141600,194.483,194.483,0
180,2,AECI,EPE,1577836800,546.481,336.598,15
180,2,AECI,EPE,1579154400,323.608,240.022,5
180,2,AECI,EPE,1580472000,237.332,212.953,3
180,2,AECI,EPE,1581789600,199.361,202.752,1
180,2,AECI,EPE,1583107200,344.24,249.654,7
180,2,AECI,EPE,1584424800,290.601,224.306,5
180,2,AECI,EPE,1585742400,235.053,182.536,5
180,2,AECI,EPE,1587060000,264.941,196.395,6
180,2,AECI,EPE,1588377600,299.7,217.942,7
180,2,AECI,EPE,1589695200,343.318,236.798,8
180,2,AECI,EPE,1591012800,342.139,230.468,8
180,2,AECI,EPE,1592330400,372.651,249.536,9
180,2,AECI,EPE,1593648000,357.153,260.416,7
180,2,AECI,EPE,1594965600,305.114,231.474,5
180,2,AECI,EPE,1596283200,315.356,236.064,5
180,2,AECI,EPE,1597600800,289.35,237.975,3
180,2,AECI,EPE,1598918400,365.263,257.192,7
180,2,AECI,EPE,1600236000,274.455,238.876,3
180,2,AECI,EPE,1601553600,270.041,217.101,3
180,2,AECI,EPE,1602871200,321.058,241.67,5
180,2,AECI,EPE,1604188800,386.769,305.641,7
180,2,AECI,EPE,1605506400,245.507,224.524,2
180,2,AECI,EPE,1606824000,270.935,235.16,3
180,2,AECI,EPE,1608141600,485.676,334.041,11
180,3,AECI,EPE,1577836800,227.777,182.887,1
180,3,AECI,EPE,1579154400,230.565,196.664,1
180,3,AECI,EPE,1580472000,238.142,212.953,3
180,3,AECI,EPE,1581789600,199.361,202.752,1
180,3,AECI,EPE,1583107200,226.47,189.972,1
180,3,AECI,EPE,1584424800,257.926,202.336,3
180,3,AECI,EPE,1585742400,161.526,140.908,1
180,3,AECI,EPE,1587060000,204.41,161.191,2
180,3,AECI,EPE,1588377600,205.318,165.031,1
180,3,AECI,EPE,1589695200,227.758,178.062,2
180,3,AECI,EPE,1591012800,151.782,151.782,0
180,3,AECI,EPE,1592330400,203.643,178.197,2
180,3,AECI,EPE,1593648000,222.507,195.49,1
180,3,AECI,EPE,1594965600,314.915,231.474,5
180,3,AECI,EPE,1596283200,273.131,213.902,3
180,3,AECI,EPE,1597600800,238.308,212.985,1
180,3,AECI,EPE,1598918400,319.523,234.954,5
180,3,AECI,EPE,1600236000,273.147,238.876,3
180,3,AECI,EPE,1601553600,325.498,241.697,5
180,3,AECI,EPE,1602871200,205.003,190.616,1
180,3,AECI,EPE,1604188800,243.04,232.243,1
180,3,AECI,EPE,1605506400,240.775,224.524,2
180,3,AECI,EPE,1606824000,223.62,208.508,1
180,3,AECI,EPE,1608141600,291.125,229.53,3
180,4,AECI,EPE,1577836800,171.652,171.652,0
180,4,AECI,EPE,1579154400,184.829,184.829,0
180,4,AECI,EPE,1580472000,179.08,179.08,0
180,4,AECI,EPE,1581789600,190.047,190.047,0
180,4,AECI,EPE,1583107200,177.533,177.533,0
180,4,AECI,EPE,1584424800,173.609,173.609,0
180,4,AECI,EPE,1585742400,130.078,130.078,0
180,4,AECI,EPE,1587060000,146.519,146.519,0
180,4,AECI,EPE,1588377600,154.192,154.192,0
180,4,AECI,EPE,1589695200,158.058,158.058,0
180,4,AECI,EPE,1591012800,151.782,151.782,0
180,4,AECI,EPE,1592330400,159.195,159.195,0
180,4,AECI,EPE,1593648000,183.868,183.868,0
180,4,AECI,EPE,1594965600,175.21,175.21,0
180,4,AECI,EPE,1596283200,180.832,180.832,0
180,4,AECI,EPE,1597600800,201.072,201.072,0
180,4,AECI,EPE,1598918400,180.384,180.384,0
180,4,AECI,EPE,1600236000,202.899,202.899,0
180,4,AECI,EPE,1601553600,182.573,182.573,0
180,4,AECI,EPE,1602871200,178.75,178.75,0
180,4,AECI,EPE,1604188800,219.569,219.569,0
180,4,AECI,EPE,1605506400,205.232,205.232,0
180,4,AECI,EPE,1606824000,196.187,196.187,0
180,4,AECI,EPE,1608141600,194.483,194.483,0
180,5,AECI,EPE,1577836800,540.76,336.598,15
180,5,AECI,EPE,1579154400,320.741,240.022,5
180,5,AECI,EPE,1580472000,236.019,212.953,3
180,5,AECI,EPE,1581789600,199.361,202.752,1
180,5,AECI,EPE,1583107200,290.471,229.182,5
180,5,AECI,EPE,1584424800,289.824,224.306,5
180,5,AECI,EPE,1585742400,232.473,182.536,5
180,5,AECI,EPE,1587060000,262.718,196.395,6
180,5,AECI,EPE,1588377600,296.822,217.942,7
180,5,AECI,EPE,1589695200,338.342,236.798,8
180,5,AECI,EPE,1591012800,339.513,230.468,8
180,5,AECI,EPE,1592330400,368.448,249.536,9
180,5,AECI,EPE,1593648000,352.241,260.416,7
180,5,AECI,EPE,1594965600,302.33,231.474,5
180,5,AECI,EPE,1596283200,313.471,236.064,5
180,5,AECI,EPE,1597600800,287.253,237.975,3
180,5,AECI,EPE,1598918400,363.225,257.192,7
180,5,AECI,EPE,1600236000,273.147,238.876,3
180,5,AECI,EPE,1601553600,269.009,217.101,3
180,5,AECI,EPE,1602871200,319.929,241.67,5
180,5,AECI,EPE,1604188800,384.341,305.641,7
180,5,AECI,EPE,1605506400,267.41,235.193,3
180,5,AECI,EPE,1606824000,270.424,235.16,3
180,5,AECI,EPE,1608141600,482.693,334.041,11
180,6,AECI,EPE,1577836800,171.652,171.652,0
180,6,AECI,EPE,1579154400,184.829,184.829,0
180,6,AECI,EPE,1580472000,204.932,190.145,1
180,6,AECI,EPE,1581789600,199.361,202.752,1
180,6,AECI,EPE,1583107200,217.474,189.972,1
180,6,AECI,EPE,1584424800,173.609,173.609,0
180,6,AECI,EPE,1585742400,130.078,130.078,0
180,6,AECI,EPE,1587060000,146.519,146.519,0
180,6,AECI,EPE,1588377600,154.192,154.192,0
180,6,AECI,EPE,1589695200,158.058,158.058,0
180,6,AECI,EPE,1591012800,151.782,151.782,0
180,6,AECI,EPE,1592330400,159.195,159.195,0
180,6,AECI,EPE,1593648000,222.507,195.49,1
180,6,AECI,EPE,1594965600,175.21,175.21,0
180,6,AECI,EPE,1596283200,180.832,180.832,0
180,6,AECI,EPE,1597600800,238.308,212.985,1
180,6,AECI,EPE,1598918400,180.384,180.384,0
180,6,AECI,EPE,1600236000,224.828,213.901,1
180,6,AECI,EPE,1601553600,182.573,182.573,0
180,6,AECI,EPE,1602871200,178.75,178.75,0
180,6,AECI,EPE,1604188800,243.04,232.243,1
180,6,AECI,EPE,1605506400,229.449,214.804,1
180,6,AECI,EPE,1606824000,223.62,208.508,1
180,6,AECI,EPE,1608141600,194.483,194.483,0
180,1,AECI,PACE,1577836800,171.652,171.652,0
180,1,AECI,PACE,1579154400,184.829,184.829,0
180,1,AECI,PACE,1580472000,179.08,179.08,0
180,1,AECI,PACE,1581789600,190.047,190.047,0
180,1,AECI,PACE,1583107200,177.533,177.533,0
180,1,AECI,PACE,1584424800,173.609,173.609,0
180,1,AECI,PACE,1585742400,130.078,130.078,0
180,1,AECI,PACE,1587060000,146.519,146.519,0
180,1,AECI,PACE,1588377600,154.192,154.192,0
180,1,AECI,PACE,1589695200,158.058,158.058,0
180,1,AECI,PACE,1591012800,151.782,151.782,0
180,1,AECI,PACE,1592330400,159.195,159.195,0
180,1,AECI,PACE,1593648000,183.868,183.868,0
180,1,AECI,PACE,1594965600,175.21,175.21,0
180,1,AECI,PACE,1596283200,180.832,180.832,0
180,1,AECI,PACE,1597600800,201.072,201.072,0
180,1,AECI,PACE,1598918400,180.384,180.384,0
180,1,AECI,PACE,1600236000,202.899,202.899,0
180,1,AECI,PACE,1601553600,182.573,182.573,0
180,1,AECI,PACE,1602871200,178.75,178.75,0
180,1,AECI,PACE,1604188800,219.569,219.569,0
180,1,AECI,PACE,1605506400,205.232,205.232,0
180,1,AECI,PACE,1606824000,196.187,196.187,0
180,1,AECI,PACE,1608141600,194.483,194.483,0
180,2,AECI,PACE,1577836800,273.496,216.597,4
180,2,AECI,PACE,1579154400,392.875,274.12,8
180,2,AECI,PACE,1580472000,322.408,241.909,6
180,2,AECI,PACE,1581789600,289.594,234.419,4
180,2,AECI,PACE,1583107200,331.094,249.654,7
180,2,AECI,PACE,1584424800,221.802,191.775,2
180,2,AECI,PACE,1585742400,130.078,130.078,0
180,2,AECI,PACE,1587060000,185.872,161.191,2
180,2,AECI,PACE,1588377600,229.265,189.81,4
180,2,AECI,PACE,1589695200,341.212,236.798,8
180,2,AECI,PACE,1591012800,248.424,193.543,4
180,2,AECI,PACE,1592330400,246.951,198.837,4
180,2,AECI,PACE,1593648000,356.925,260.416,7
180,2,AECI,PACE,1594965600,427.065,287.548,10
180,2,AECI,PACE,1596283200,430.008,287.749,10
180,2,AECI,PACE,1597600800,609.335,374.64,14
180,2,AECI,PACE,1598918400,279.962,223.407,4
180,2,AECI,PACE,1600236000,356.69,267.413,5
180,2,AECI,PACE,1601553600,401.359,275.539,8
180,2,AECI,PACE,1602871200,307.43,241.67,5
180,2,AECI,PACE,1604188800,419.596,305.641,7
180,2,AECI,PACE,1605506400,336.542,256.711,5
180,2,AECI,PACE,1606824000,453.335,311.146,9
180,2,AECI,PACE,1608141600,439.525,306.395,9
180,3,AECI,PACE,1577836800,231.313,194.607,2
180,3,AECI,PACE,1579154400,320.996,240.022,5
180,3,AECI,PACE,1580472000,250.802,212.953,3
180,3,AECI,PACE,1581789600,221.714,202.752,1
180,3,AECI,PACE,1583107200,231.147,189.972,1
180,3,AECI,PACE,1584424800,173.609,173.609,0
180,3,AECI,PACE,1585742400,130.078,130.078,0
180,3,AECI,PACE,1587060000,146.519,146.519,0
180,3,AECI,PACE,1588377600,222.686,173.982,2
180,3,AECI,PACE,1589695200,202.571,178.062,2
180,3,AECI,PACE,1591012800,151.782,151.782,0
180,3,AECI,PACE,1592330400,159.195,159.195,0
180,3,AECI,PACE,1593648000,293.548,225.84,4
180,3,AECI,PACE,1594965600,218.387,195.58,2
180,3,AECI,PACE,1596283200,180.832,180.832,0
180,3,AECI,PACE,1597600800,297.654,237.975,3
180,3,AECI,PACE,1598918400,229.42,202.042,2
180,3,AECI,PACE,1600236000,264.347,225.579,2
180,3,AECI,PACE,1601553600,182.573,182.573,0
180,3,AECI,PACE,1602871200,282.396,215.796,3
180,3,AECI,PACE,1604188800,342.424,266.582,4
180,3,AECI,PACE,1605506400,266.311,224.524,2
180,3,AECI,PACE,1606824000,310.387,235.16,3
180,3,AECI,PACE,1608141600,250.726,216.395,2
180,4,AECI,PACE,1577836800,171.652,171.652,0
180,4,AECI,PACE,1579154400,184.829,184.829,0
180,4,AECI,PACE,1580472000,179.08,179.08,0
180,4,AECI,PACE,1581789600,190.047,190.047,0
180,4,AECI,PACE,1583107200,177.533,177.533,0
180,4,AECI,PACE,1584424800,173.609,173.609,0
180,4,AECI,PACE,1585742400,130.078,130.078,0
180,4,AECI,PACE,1587060000,146.519,146.519,0
180,4,AECI,PACE,1588377600,154.192,154.192,0
180,4,AECI,PACE,1589695200,158.058,158.058,0
180,4,AECI,PACE,1591012800,151.782,151.782,0
180,4,AECI,PACE,1592330400,159.195,159.195,0
180,4,AECI,PACE,1593648000,183.868,183.868,0
180,4,AECI,PACE,1594965600,175.21,175.21,0
180,4,AECI,PACE,1596283200,180.832,180.832,0
180,4,AECI,PACE,1597600800,201.072,201.072,0
180,4,AECI,PACE,1598918400,180.384,180.384,0
180,4,AECI,PACE,1600236000,202.899,202.899,0
180,4,AECI,PACE,1601553600,182.573,182.573,0
180,4,AECI,PACE,1602871200,178.75,178.75,0
180,4,AECI,PACE,1604188800,219.569,219.569,0
180,4,AECI,PACE,1605506400,205.232,205.232,0
180,4,AECI,PACE,1606824000,196.187,196.187,0
180,4,AECI,PACE,1608141600,194.483,194.483,0
180,5,AECI,PACE,1577836800,271.332,216.597,4
180,5,AECI,PACE,1579154400,389.317,274.12,8
180,5,AECI,PACE,1580472000,314.372,241.909,6
180,5,AECI,PACE,1581789600,284.877,234.419,4
180,5,AECI,PACE,1583107200,327.805,249.654,7
180,5,AECI,PACE,1584424800,218.754,191.775,2
180,5,AECI,PACE,1585742400,130.078,130.078,0
180,5,AECI,PACE,1587060000,183.964,161.191,2
180,5,AECI,PACE,1588377600,222.908,189.81,4
180,5,AECI,PACE,1589695200,334.588,236.798,8
180,5,AECI,PACE,1591012800,245.696,193.543,4
180,5,AECI,PACE,1592330400,240.833,198.837,4
180,5,AECI,PACE,1593648000,350.111,260.416,7
180,5,AECI,PACE,1594965600,419.293,287.548,10
180,5,AECI,PACE,1596283200,425.605,287.749,10
180,5,AECI,PACE,1597600800,601.807,374.64,14
180,5,AECI,PACE,1598918400,278.643,223.407,4
180,5,AECI,PACE,1600236000,354.171,267.413,5
180,5,AECI,PACE,1601553600,395.47,275.539,8
180,5,AECI,PACE,1602871200,305.753,241.67,5
180,5,AECI,PACE,1604188800,417.57,305.641,7
180,5,AECI,PACE,1605506400,334.18,256.711,5
180,5,AECI,PACE,1606824000,449.029,311.146,9
180,5,AECI,PACE,1608141600,435.076,306.395,9
180,6,AECI,PACE,1577836800,171.652,171.652,0
180,6,AECI,PACE,1579154400,184.829,184.829,0
180,6,AECI,PACE,1580472000,222.196,190.145,1
180,6,AECI,PACE,1581789600,221.714,202.752,1
180,6,AECI,PACE,1583107200,223.602,189.972,1
180,6,AECI,PACE,1584424800,173.609,173.609,0
180,6,AECI,PACE,1585742400,130.078,130.078,0
180,6,AECI,PACE,1587060000,146.519,146.519,0
180,6,AECI,PACE,1588377600,169.578,165.031,1
180,6,AECI,PACE,1589695200,158.058,158.058,0
180,6,AECI,PACE,1591012800,151.782,151.782,0
180,6,AECI,PACE,1592330400,159.195,159.195,0
180,6,AECI,PACE,1593648000,183.868,183.868,0
180,6,AECI,PACE,1594965600,175.21,175.21,0
180,6,AECI,PACE,1596283200,180.832,180.832,0
180,6,AECI,PACE,1597600800,201.072,201.072,0
180,6,AECI,PACE,1598918400,180.384,180.384,0
180,6,AECI,PACE,1600236000,202.899,202.899,0
180,6,AECI,PACE,1601553600,182.573,182.573,0
180,6,AECI,PACE,1602871200,178.75,178.75,0
180,6,AECI,PACE,1604188800,219.569,219.569,0
180,6,AECI,PACE,1605506400,254.355,214.804,1
180,6,AECI,PACE,1606824000,196.187,196.187,0
180,6,AECI,PACE,1608141600,194.483,194.483,0
180,1,AECI,TEPC,1577836800,171.652,171.652,0
180,1,AECI,TEPC,1579154400,184.829,184.829,0
180,1,AECI,TEPC,1580472000,179.08,179.08,0
180,1,AECI,TEPC,1581789600,190.047,190.047,0
180,1,AECI,TEPC,1583107200,177.533,177.533,0
180,1,AECI,TEPC,1584424800,173.609,173.609,0
180,1,AECI,TEPC,1585742400,130.078,130.078,0
180,1,AECI,TEPC,1587060000,146.519,146.519,0
180,1,AECI,TEPC,1588377600,154.192,154.192,0
180,1,AECI,TEPC,1589695200,158.058,158.058,0
180,1,AECI,TEPC,1591012800,151.782,151.782,0
180,1,AECI,TEPC,1592330400,159.195,159.195,0
180,1,AECI,TEPC,1593648000,183.868,183.868,0
180,1,AECI,TEPC,1594965600,175.21,175.21,0
180,1,AECI,TEPC,1596283200,180.832,180.832,0
180,1,AECI,TEPC,1597600800,201.072,201.072,0
180,1,AECI,TEPC,1598918400,180.384,180.384,0
180,1,AECI,TEPC,1600236000,202.899,202.899,0
180,1,AECI,TEPC,1601553600,182.573,182.573,0
180,1,AECI,TEPC,1602871200,178.75,178.75,0
180,1,AECI,TEPC,1604188800,219.569,219.569,0
180,1,AECI,TEPC,1605506400,205.232,205.232,0
180,1,AECI,TEPC,1606824000,196.187,196.187,0
180,1,AECI,TEPC,1608141600,194.483,194.483,0
180,2,AECI,TEPC,1577836800,225.128,194.607,2
180,2,AECI,TEPC,1579154400,239.971,207.293,2
180,2,AECI,TEPC,1580472000,319.571,241.909,6
180,2,AECI,TEPC,1581789600,334.406,251.639,6
180,2,AECI,TEPC,1583107200,339.511,249.654,7
180,2,AECI,TEPC,1584424800,297.418,224.306,5
180,2,AECI,TEPC,1585742400,225.3,182.536,5
180,2,AECI,TEPC,1587060000,313.265,223.851,9
180,2,AECI,TEPC,1588377600,293.308,217.942,7
180,2,AECI,TEPC,1589695200,344.943,236.798,8
180,2,AECI,TEPC,1591012800,223.877,183.172,3
180,2,AECI,TEPC,1592330400,359.253,249.536,9
180,2,AECI,TEPC,1593648000,360.706,260.416,7
180,2,AECI,TEPC,1594965600,305.412,231.474,5
180,2,AECI,TEPC,1596283200,318.998,236.064,5
180,2,AECI,TEPC,1597600800,417.005,295.34,7
180,2,AECI,TEPC,1598918400,574.182,356.934,15
180,2,AECI,TEPC,1600236000,352.685,267.413,5
180,2,AECI,TEPC,1601553600,427.304,287.846,9
180,2,AECI,TEPC,1602871200,347.537,254.701,6
180,2,AECI,TEPC,1604188800,502.403,338.172,10
180,2,AECI,TEPC,1605506400,309.218,245.859,4
180,2,AECI,TEPC,1606824000,216.954,208.508,1
180,2,AECI,TEPC,1608141600,307.983,242.267,4
180,3,AECI,TEPC,1577836800,171.652,171.652,0
180,3,AECI,TEPC,1579154400,184.829,184.829,0
180,3,AECI,TEPC,1580472000,179.08,179.08,0
180,3,AECI,TEPC,1581789600,321.658,234.419,4
180,3,AECI,TEPC,1583107200,262.732,199.76,2
180,3,AECI,TEPC,1584424800,219.776,191.775,2
180,3,AECI,TEPC,1585742400,194.865,161.781,3
180,3,AECI,TEPC,1587060000,236.625,178.35,4
180,3,AECI,TEPC,1588377600,200.707,165.031,1
180,3,AECI,TEPC,1589695200,202.096,178.062,2
180,3,AECI,TEPC,1591012800,151.782,151.782,0
180,3,AECI,TEPC,1592330400,251.795,188.801,3
180,3,AECI,TEPC,1593648000,266.105,206.056,2
180,3,AECI,TEPC,1594965600,301.159,231.474,5
180,3,AECI,TEPC,1596283200,329.915,236.064,5
180,3,AECI,TEPC,1597600800,256.976,212.985,1
180,3,AECI,TEPC,1598918400,273.405,223.407,4
180,3,AECI,TEPC,1600236000,287.983,225.579,2
180,3,AECI,TEPC,1601553600,182.573,182.573,0
180,3,AECI,TEPC,1602871200,233.323,203.064,2
180,3,AECI,TEPC,1604188800,351.537,266.582,4
180,3,AECI,TEPC,1605506400,260.913,224.524,2
180,3,AECI,TEPC,1606824000,216.954,208.508,1
180,3,AECI,TEPC,1608141600,194.483,194.483,0
180,4,AECI,TEPC,1577836800,171.652,171.652,0
180,4,AECI,TEPC,1579154400,184.829,184.829,0
180,4,AECI,TEPC,1580472000,179.08,179.08,0
180,4,AECI,TEPC,1581789600,190.047,190.047,0
180,4,AECI,TEPC,1583107200,177.533,177.533,0
180,4,AECI,TEPC,1584424800,173.609,173.609,0
180,4,AECI,TEPC,1585742400,130.078,130.078,0
180,4,AECI,TEPC,1587060000,146.519,146.519,0
180,4,AECI,TEPC,1588377600,154.192,154.192,0
180,4,AECI,TEPC,1589695200,158.058,158.058,0
180,4,AECI,TEPC,1591012800,151.782,151.782,0
180,4,AECI,TEPC,1592330400,159.195,159.195,0
180,4,AECI,TEPC,1593648000,183.868,183.868,0
180,4,AECI,TEPC,1594965600,175.21,175.21,0
180,4,AECI,TEPC,1596283200,180.832,180.832,0
180,4,AECI,TEPC,1597600800,201.072,201.072,0
180,4,AECI,TEPC,1598918400,180.384,180.384,0
180,4,AECI,TEPC,1600236000,202.899,202.899,0
180,4,AECI,TEPC,1601553600,182.573,182.573,0
180,4,AECI,TEPC,1602871200,178.75,178.75,0
180,4,AECI,TEPC,1604188800,219.569,219.569,0
180,4,AECI,TEPC,1605506400,205.232,205.232,0
180,4,AECI,TEPC,1606824000,196.187,196.187,0
180,4,AECI,TEPC,1608141600,194.483,194.483,0
180,5,AECI,TEPC,1577836800,223.94,194.607,2
180,5,AECI,TEPC,1579154400,238.927,207.293,2
180,5,AECI,TEPC,1580472000,311.399,241.909,6
180,5,AECI,TEPC,1581789600,329.627,251.639,6
180,5,AECI,TEPC,1583107200,263.807,218.925,4
180,5,AECI,TEPC,1584424800,318.981,234.362,6
180,5,AECI,TEPC,1585742400,222.199,182.536,5
180,5,AECI,TEPC,1587060000,307.815,223.851,9
180,5,AECI,TEPC,1588377600,289.904,217.942,7
180,5,AECI,TEPC,1589695200,269.963,207.52,5
180,5,AECI,TEPC,1591012800,222.857,183.172,3
180,5,AECI,TEPC,1592330400,354.411,249.536,9
180,5,AECI,TEPC,1593648000,354.999,260.416,7
180,5,AECI,TEPC,1594965600,302.649,231.474,5
180,5,AECI,TEPC,1596283200,317.577,236.064,5
180,5,AECI,TEPC,1597600800,415.38,295.34,7
180,5,AECI,TEPC,1598918400,569.764,356.934,15
180,5,AECI,TEPC,1600236000,349.97,267.413,5
180,5,AECI,TEPC,1601553600,425.031,287.846,9
180,5,AECI,TEPC,1602871200,343.927,254.701,6
180,5,AECI,TEPC,1604188800,498.135,338.172,10
180,5,AECI,TEPC,1605506400,355.537,266.904,6
180,5,AECI,TEPC,1606824000,216.954,208.508,1
180,5,AECI,TEPC,1608141600,304.037,242.267,4
180,6,AECI,TEPC,1577836800,171.652,171.652,0
180,6,AECI,TEPC,1579154400,184.829,184.829,0
180,6,AECI,TEPC,1580472000,179.08,179.08,0
180,6,AECI,TEPC,1581789600,190.047,190.047,0
180,6,AECI,TEPC,1583107200,177.533,177.533,0
180,6,AECI,TEPC,1584424800,173.609,173.609,0
180,6,AECI,TEPC,1585742400,130.078,130.078,0
180,6,AECI,TEPC,1587060000,146.519,146.519,0
180,6,AECI,TEPC,1588377600,154.192,154.192,0
180,6,AECI,TEPC,1589695200,158.058,158.058,0
180,6,AECI,TEPC,1591012800,151.782,151.782,0
180,6,AECI,TEPC,1592330400,159.195,159.195,0
180,6,AECI,TEPC,1593648000,183.868,183.868,0
180,6,AECI,TEPC,1594965600,175.21,175.21,0
180,6,AECI,TEPC,1596283200,180.832,180.832,0
180,6,AECI,TEPC,1597600800,201.072,201.072,0
180,6,AECI,TEPC,1598918400,180.384,180.384,0
180,6,AECI,TEPC,1600236000,202.899,202.899,0
180,6,AECI,TEPC,1601553600,182.573,182.573,0
180,6,AECI,TEPC,1602871200,178.75,178.75,0
180,6,AECI,TEPC,1604188800,219.569,219.569,0
180,6,AECI,TEPC,1605506400,252.005,214.804,1
180,6,AECI,TEPC,1606824000,216.954,208.508,1
180,6,AECI,TEPC,1608141600,194.483,194.483,0
180,1,BANC,CISO,1577836800,76.253,76.253,0
180,1,BANC,CISO,1579154400,81.548,81.548,0
180,1,BANC,CISO,1580472000,55.83,55.83,0
180,1,BANC,CISO,1581789600,52.267,52.267,0
180,1,BANC,CISO,1583107200,52.43,52.43,0
180,1,BANC,CISO,1584424800,83.316,83.316,0
180,1,BANC,CISO,1585742400,44.33,44.33,0
180,1,BANC,CISO,1587060000,33.313,33.313,0
180,1,BANC,CISO,1588377600,42.749,42.749,0
180,1,BANC,CISO,1589695200,42.187,42.187,0
180,1,BANC,CISO,1591012800,42.378,42.378,0
180,1,BANC,CISO,1592330400,40.383,40.383,0
180,1,BANC,CISO,1593648000,37.688,37.688,0
180,1,BANC,CISO,1594965600,55.204,55.204,0
180,1,BANC,CISO,1596283200,56.684,56.684,0
180,1,BANC,CISO,1597600800,78.197,78.197,0
180,1,BANC,CISO,1598918400,75.022,75.022,0
180,1,BANC,CISO,1600236000,80.174,80.174,0
180,1,BANC,CISO,1601553600,81.036,81.036,0
180,1,BANC,CISO,1602871200,74.249,74.249,0
180,1,BANC,CISO,1604188800,87.09,87.09,0
180,1,BANC,CISO,1605506400,93.475,93.475,0
180,1,BANC,CISO,1606824000,108.643,108.643,0
180,1,BANC,CISO,1608141600,91.972,91.972,0
180,2,BANC,CISO,1577836800,124.501,95.983,4
180,2,BANC,CISO,1579154400,146.564,107.188,5
180,2,BANC,CISO,1580472000,82.382,68.351,3
180,2,BANC,CISO,1581789600,109.318,75.933,6
180,2,BANC,CISO,1583107200,84.6,64.586,4
180,2,BANC,CISO,1584424800,139.202,104.446,4
180,2,BANC,CISO,1585742400,89.409,61.358,6
180,2,BANC,CISO,1587060000,53.084,40.417,4
180,2,BANC,CISO,1588377600,82.074,60.375,7
180,2,BANC,CISO,1589695200,68.679,58.856,5
180,2,BANC,CISO,1591012800,73.939,56.256,4
180,2,BANC,CISO,1592330400,103.002,71.042,9
180,2,BANC,CISO,1593648000,59.481,47.006,4
180,2,BANC,CISO,1594965600,96.491,75.596,5
180,2,BANC,CISO,1596283200,107.229,79.25,6
180,2,BANC,CISO,1597600800,100.954,87.707,2
180,2,BANC,CISO,1598918400,160.617,112.779,7
180,2,BANC,CISO,1600236000,149.638,109.044,6
180,2,BANC,CISO,1601553600,152.73,108.627,6
180,2,BANC,CISO,1602871200,142.59,102.02,6
180,2,BANC,CISO,1604188800,138.314,101.602,4
180,2,BANC,CISO,1605506400,254.585,162.836,11
180,2,BANC,CISO,1606824000,285.655,184.57,11
180,2,BANC,CISO,1608141600,168.225,119.057,6
180,3,BANC,CISO,1577836800,96.777,84.553,2
180,3,BANC,CISO,1579154400,81.548,81.548,0
180,3,BANC,CISO,1580472000,55.83,55.83,0
180,3,BANC,CISO,1581789600,59.991,56.696,1
180,3,BANC,CISO,1583107200,66.01,57.909,2
180,3,BANC,CISO,1584424800,83.316,83.316,0
180,3,BANC,CISO,1585742400,44.33,44.33,0
180,3,BANC,CISO,1587060000,37.584,35.155,1
180,3,BANC,CISO,1588377600,71.19,52.041,4
180,3,BANC,CISO,1589695200,54.735,48.13,2
180,3,BANC,CISO,1591012800,42.378,42.378,0
180,3,BANC,CISO,1592330400,46.835,42.846,1
180,3,BANC,CISO,1593648000,48.872,42.287,2
180,3,BANC,CISO,1594965600,55.204,55.204,0
180,3,BANC,CISO,1596283200,56.684,56.684,0
180,3,BANC,CISO,1597600800,78.197,78.197,0
180,3,BANC,CISO,1598918400,98.852,83.004,2
180,3,BANC,CISO,1600236000,80.174,80.174,0
180,3,BANC,CISO,1601553600,81.036,81.036,0
180,3,BANC,CISO,1602871200,84.635,79.011,1
180,3,BANC,CISO,1604188800,87.09,87.09,0
180,3,BANC,CISO,1605506400,184.838,125.443,5
180,3,BANC,CISO,1606824000,163.598,128.408,3
180,3,BANC,CISO,1608141600,140.577,110.314,4
180,4,BANC,CISO,1577836800,76.253,76.253,0
180,4,BANC,CISO,1579154400,81.548,81.548,0
180,4,BANC,CISO,1580472000,55.83,55.83,0
180,4,BANC,CISO,1581789600,52.267,52.267,0
180,4,BANC,CISO,1583107200,52.43,52.43,0
180,4,BANC,CISO,1584424800,83.316,83.316,0
180,4,BANC,CISO,1585742400,44.33,44.33,0
180,4,BANC,CISO,1587060000,33.313,33.313,0
180,4,BANC,CISO,1588377600,42.749,42.749,0
180,4,BANC,CISO,1589695200,42.187,42.187,0
180,4,BANC,CISO,1591012800,42.378,42.378,0
180,4,BANC,CISO,1592330400,40.383,40.383,0
180,4,BANC,CISO,1593648000,37.688,37.688,0
180,4,BANC,CISO,1594965600,55.204,55.204,0
180,4,BANC,CISO,1596283200,56.684,56.684,0
180,4,BANC,CISO,1597600800,78.197,78.197,0
180,4,BANC,CISO,1598918400,75.022,75.022,0
180,4,BANC,CISO,1600236000,80.174,80.174,0
180,4,BANC,CISO,1601553600,81.036,81.036,0
180,4,BANC,CISO,1602871200,74.249,74.249,0
180,4,BANC,CISO,1604188800,87.09,87.09,0
180,4,BANC,CISO,1605506400,93.475,93.475,0
180,4,BANC,CISO,1606824000,108.643,108.643,0
180,4,BANC,CISO,1608141600,91.972,91.972,0
180,5,BANC,CISO,1577836800,119.907,95.983,4
180,5,BANC,CISO,1579154400,142.314,107.188,5
180,5,BANC,CISO,1580472000,81.551,68.351,3
180,5,BANC,CISO,1581789600,100.318,75.933,6
180,5,BANC,CISO,1583107200,80.884,64.586,4
180,5,BANC,CISO,1584424800,133.218,104.446,4
180,5,BANC,CISO,1585742400,81.863,61.358,6
180,5,BANC,CISO,1587060000,52.138,40.417,4
180,5,BANC,CISO,1588377600,56.499,52.041,4
180,5,BANC,CISO,1589695200,65.35,58.856,5
180,5,BANC,CISO,1591012800,73.175,56.256,4
180,5,BANC,CISO,1592330400,99.122,71.042,9
180,5,BANC,CISO,1593648000,58.522,47.006,4
180,5,BANC,CISO,1594965600,94.567,75.596,5
180,5,BANC,CISO,1596283200,104.889,79.25,6
180,5,BANC,CISO,1597600800,100.954,87.707,2
180,5,BANC,CISO,1598918400,157.492,112.779,7
180,5,BANC,CISO,1600236000,147.391,109.044,6
180,5,BANC,CISO,1601553600,149.719,108.627,6
180,5,BANC,CISO,1602871200,117.557,92.468,4
180,5,BANC,CISO,1604188800,135.651,101.602,4
180,5,BANC,CISO,1605506400,245.42,162.836,11
180,5,BANC,CISO,1606824000,280.255,184.57,11
180,5,BANC,CISO,1608141600,160.072,119.057,6
180,6,BANC,CISO,1577836800,76.253,76.253,0
180,6,BANC,CISO,1579154400,81.548,81.548,0
180,6,BANC,CISO,1580472000,55.83,55.83,0
180,6,BANC,CISO,1581789600,52.267,52.267,0
180,6,BANC,CISO,1583107200,52.43,52.43,0
180,6,BANC,CISO,1584424800,83.316,83.316,0
180,6,BANC,CISO,1585742400,44.33,44.33,0
180,6,BANC,CISO,1587060000,33.313,33.313,0
180,6,BANC,CISO,1588377600,56.36,44.902,1
180,6,BANC,CISO,1589695200,42.187,42.187,0
180,6,BANC,CISO,1591012800,42.378,42.378,0
180,6,BANC,CISO,1592330400,40.383,40.383,0
180,6,BANC,CISO,1593648000,37.688,37.688,0
180,6,BANC,CISO,1594965600,55.204,55.204,0
180,6,BANC,CISO,1596283200,56.684,56.684,0
180,6,BANC,CISO,1597600800,78.197,78.197,0
180,6,BANC,CISO,1598918400,75.022,75.022,0
180,6,BANC,CISO,1600236000,80.174,80.174,0
180,6,BANC,CISO,1601553600,81.036,81.036,0
180,6,BANC,CISO,1602871200,74.249,74.249,0
180,6,BANC,CISO,1604188800,87.09,87.09,0
180,6,BANC,CISO,1605506400,124.942,100.35,1
180,6,BANC,CISO,1606824000,137.311,115.975,1
180,6,BANC,CISO,1608141600,91.972,91.972,0
180,1,CISO,BANC,1577836800,130.428,130.428,0
180,1,CISO,BANC,1579154400,140.472,140.472,0
180,1,CISO,BANC,1580472000,117.952,117.952,0
180,1,CISO,BANC,1581789600,103.569,103.569,0
180,1,CISO,BANC,1583107200,104.144,104.144,0
180,1,CISO,BANC,1584424800,135.48,135.48,0
180,1,CISO,BANC,1585742400,79.732,79.732,0
180,1,CISO,BANC,1587060000,80.679,80.679,0
180,1,CISO,BANC,1588377600,56.36,56.36,0
180,1,CISO,BANC,1589695200,62.849,62.849,0
180,1,CISO,BANC,1591012800,94.687,94.687,0
180,1,CISO,BANC,1592330400,66.377,66.377,0
180,1,CISO,BANC,1593648000,73.665,73.665,0
180,1,CISO,BANC,1594965600,90.516,90.516,0
180,1,CISO,BANC,1596283200,92.419,92.419,0
180,1,CISO,BANC,1597600800,127.384,127.384,0
180,1,CISO,BANC,1598918400,110.116,110.116,0
180,1,CISO,BANC,1600236000,126.99,126.99,0
180,1,CISO,BANC,1601553600,129.978,129.978,0
180,1,CISO,BANC,1602871200,142.021,142.021,0
180,1,CISO,BANC,1604188800,143.8,143.8,0
180,1,CISO,BANC,1605506400,123.623,123.623,0
180,1,CISO,BANC,1606824000,121.375,121.375,0
180,1,CISO,BANC,1608141600,120.762,120.762,0
180,2,CISO,BANC,1577836800,140.712,182.521,5
180,2,CISO,BANC,1579154400,177.187,202.427,7
180,2,CISO,BANC,1580472000,97.037,140.078,4
180,2,CISO,BANC,1581789600,101.273,138.785,5
180,2,CISO,BANC,1583107200,93.713,146.236,5
180,2,CISO,BANC,1584424800,167.41,184.25,6
180,2,CISO,BANC,1585742400,100.393,111.95,7
180,2,CISO,BANC,1587060000,48.928,89.598,3
180,2,CISO,BANC,1588377600,73.426,80.324,6
180,2,CISO,BANC,1589695200,77.837,83.311,6
180,2,CISO,BANC,1591012800,84.184,123.1,5
180,2,CISO,BANC,1592330400,96.672,105.388,8
180,2,CISO,BANC,1593648000,71.798,102.185,6
180,2,CISO,BANC,1594965600,108.256,120.448,6
180,2,CISO,BANC,1596283200,119.475,130.916,7
180,2,CISO,BANC,1597600800,91.895,134.579,1
180,2,CISO,BANC,1598918400,185.753,174.263,9
180,2,CISO,BANC,1600236000,163.511,179.742,7
180,2,CISO,BANC,1601553600,167.483,184.604,7
180,2,CISO,BANC,1602871200,131.157,180.582,5
180,2,CISO,BANC,1604188800,151.897,192.796,5
180,2,CISO,BANC,1605506400,270.438,205.955,12
180,2,CISO,BANC,1606824000,298.889,212.264,12
180,2,CISO,BANC,1608141600,179.362,175.381,7
180,3,CISO,BANC,1577836800,91.286,140.399,1
180,3,CISO,BANC,1579154400,99.438,150.99,1
180,3,CISO,BANC,1580472000,70.432,126.163,1
180,3,CISO,BANC,1581789600,69.725,111.669,2
180,3,CISO,BANC,1583107200,61.26,111.307,1
180,3,CISO,BANC,1584424800,100.941,144.663,1
180,3,CISO,BANC,1585742400,54.352,85.61,1
180,3,CISO,BANC,1587060000,47.145,89.598,3
180,3,CISO,BANC,1588377600,67.162,69.04,3
180,3,CISO,BANC,1589695200,69.362,78.348,4
180,3,CISO,BANC,1591012800,52.295,101.265,1
180,3,CISO,BANC,1592330400,52.602,73.619,2
180,3,CISO,BANC,1593648000,44.607,78.928,1
180,3,CISO,BANC,1594965600,66.477,97.406,1
180,3,CISO,BANC,1596283200,68.117,97.942,1
180,3,CISO,BANC,1597600800,90.026,134.579,1
180,3,CISO,BANC,1598918400,120.199,140.614,4
180,3,CISO,BANC,1600236000,95.378,135.669,1
180,3,CISO,BANC,1601553600,96.205,138.281,1
180,3,CISO,BANC,1602871200,109.544,161.692,3
180,3,CISO,BANC,1604188800,100.23,153.239,1
180,3,CISO,BANC,1605506400,146.907,139.681,2
180,3,CISO,BANC,1606824000,121.375,121.375,0
180,3,CISO,BANC,1608141600,125.399,140.762,3
180,4,CISO,BANC,1577836800,130.428,130.428,0
180,4,CISO,BANC,1579154400,140.472,140.472,0
180,4,CISO,BANC,1580472000,70.432,126.163,1
180,4,CISO,BANC,1581789600,103.569,103.569,0
180,4,CISO,BANC,1583107200,93.093,111.307,1
180,4,CISO,BANC,1584424800,135.48,135.48,0
180,4,CISO,BANC,1585742400,79.732,79.732,0
180,4,CISO,BANC,1587060000,37.859,83.004,1
180,4,CISO,BANC,1588377600,56.36,56.36,0
180,4,CISO,BANC,1589695200,62.849,62.849,0
180,4,CISO,BANC,1591012800,52.295,101.265,1
180,4,CISO,BANC,1592330400,66.377,66.377,0
180,4,CISO,BANC,1593648000,73.665,73.665,0
180,4,CISO,BANC,1594965600,90.516,90.516,0
180,4,CISO,BANC,1596283200,92.419,92.419,0
180,4,CISO,BANC,1597600800,127.384,127.384,0
180,4,CISO,BANC,1598918400,110.116,110.116,0
180,4,CISO,BANC,1600236000,126.99,126.99,0
180,4,CISO,BANC,1601553600,129.978,129.978,0
180,4,CISO,BANC,1602871200,142.021,142.021,0
180,4,CISO,BANC,1604188800,129.377,153.239,1
180,4,CISO,BANC,1605506400,123.623,123.623,0
180,4,CISO,BANC,1606824000,121.375,121.375,0
180,4,CISO,BANC,1608141600,120.762,120.762,0
180,5,CISO,BANC,1577836800,136.118,182.521,5
180,5,CISO,BANC,1579154400,171.234,202.427,7
180,5,CISO,BANC,1580472000,96.205,140.078,4
180,5,CISO,BANC,1581789600,92.273,138.785,5
180,5,CISO,BANC,1583107200,89.998,146.236,5
180,5,CISO,BANC,1584424800,161.384,184.25,6
180,5,CISO,BANC,1585742400,92.847,111.95,7
180,5,CISO,BANC,1587060000,47.982,89.598,3
180,5,CISO,BANC,1588377600,67.412,80.324,6
180,5,CISO,BANC,1589695200,74.509,83.311,6
180,5,CISO,BANC,1591012800,83.42,123.1,5
180,5,CISO,BANC,1592330400,92.792,105.388,8
180,5,CISO,BANC,1593648000,69.987,102.185,6
180,5,CISO,BANC,1594965600,114.402,126.478,7
180,5,CISO,BANC,1596283200,117.103,130.916,7
180,5,CISO,BANC,1597600800,91.232,134.579,1
180,5,CISO,BANC,1598918400,181.818,174.263,9
180,5,CISO,BANC,1600236000,161.264,179.742,7
180,5,CISO,BANC,1601553600,164.472,184.604,7
180,5,CISO,BANC,1602871200,129.569,180.582,5
180,5,CISO,BANC,1604188800,149.235,192.796,5
180,5,CISO,BANC,1605506400,261.274,205.955,12
180,5,CISO,BANC,1606824000,293.047,212.264,12
180,5,CISO,BANC,1608141600,175.991,175.381,7
180,6,CISO,BANC,1577836800,91.286,140.399,1
180,6,CISO,BANC,1579154400,99.438,150.99,1
180,6,CISO,BANC,1580472000,70.432,126.163,1
180,6,CISO,BANC,1581789600,61.284,107.401,1
180,6,CISO,BANC,1583107200,61.26,111.307,1
180,6,CISO,BANC,1584424800,100.941,144.663,1
180,6,CISO,BANC,1585742400,54.352,85.61,1
180,6,CISO,BANC,1587060000,37.859,83.004,1
180,6,CISO,BANC,1588377600,56.36,56.36,0
180,6,CISO,BANC,1589695200,53.801,67.236,1
180,6,CISO,BANC,1591012800,52.295,101.265,1
180,6,CISO,BANC,1592330400,44.637,69.642,1
180,6,CISO,BANC,1593648000,44.607,78.928,1
180,6,CISO,BANC,1594965600,66.477,97.406,1
180,6,CISO,BANC,1596283200,68.117,97.942,1
180,6,CISO,BANC,1597600800,90.026,134.579,1
180,6,CISO,BANC,1598918400,85.687,117.369,1
180,6,CISO,BANC,1600236000,95.378,135.669,1
180,6,CISO,BANC,1601553600,96.205,138.281,1
180,6,CISO,BANC,1602871200,86.215,147.123,1
180,6,CISO,BANC,1604188800,100.23,153.239,1
180,6,CISO,BANC,1605506400,123.623,123.623,0
180,6,CISO,BANC,1606824000,121.375,121.375,0
180,6,CISO,BANC,1608141600,111.723,125.937,1
180,1,EPE,AECI,1577836800,202.093,202.093,0
180,1,EPE,AECI,1579154400,207.289,207.289,0
180,1,EPE,AECI,1580472000,181.504,181.504,0
180,1,EPE,AECI,1581789600,175.974,175.974,0
180,1,EPE,AECI,1583107200,202.541,202.541,0
180,1,EPE,AECI,1584424800,204.307,204.307,0
180,1,EPE,AECI,1585742400,164.605,164.605,0
180,1,EPE,AECI,1587060000,171.684,171.684,0
180,1,EPE,AECI,1588377600,183.602,183.602,0
180,1,EPE,AECI,1589695200,189.282,189.282,0
180,1,EPE,AECI,1591012800,195.852,195.852,0
180,1,EPE,AECI,1592330400,195.157,195.157,0
180,1,EPE,AECI,1593648000,198.016,198.016,0
180,1,EPE,AECI,1594965600,209.436,209.436,0
180,1,EPE,AECI,1596283200,204.715,204.715,0
180,1,EPE,AECI,1597600800,214.763,214.763,0
180,1,EPE,AECI,1598918400,203.471,203.471,0
180,1,EPE,AECI,1600236000,199.728,199.728,0
180,1,EPE,AECI,1601553600,220.07,220.07,0
180,1,EPE,AECI,1602871200,223.978,223.978,0
180,1,EPE,AECI,1604188800,214.945,214.945,0
180,1,EPE,AECI,1605506400,203.959,203.959,0
180,1,EPE,AECI,1606824000,198.83,198.83,0
180,1,EPE,AECI,1608141600,215.454,215.454,0
180,2,EPE,AECI,1577836800,449.414,345.897,11
180,2,EPE,AECI,1579154400,278.889,249.728,3
180,2,EPE,AECI,1580472000,215.842,205.272,2
180,2,EPE,AECI,1581789600,175.974,175.974,0
180,2,EPE,AECI,1583107200,319.063,279.165,6
180,2,EPE,AECI,1584424800,315.76,270.469,6
180,2,EPE,AECI,1585742400,215.15,205.028,4
180,2,EPE,AECI,1587060000,247.217,228.558,5
180,2,EPE,AECI,1588377600,278.576,250.641,6
180,2,EPE,AECI,1589695200,367.561,302.585,9
180,2,EPE,AECI,1591012800,388.582,316.965,10
180,2,EPE,AECI,1592330400,348.671,296.564,8
180,2,EPE,AECI,1593648000,333.012,276.191,6
180,2,EPE,AECI,1594965600,333.107,288.575,6
180,2,EPE,AECI,1596283200,367.242,293.896,7
180,2,EPE,AECI,1597600800,264.909,238.396,2
180,2,EPE,AECI,1598918400,341.892,281.988,6
180,2,EPE,AECI,1600236000,199.728,199.728,0
180,2,EPE,AECI,1601553600,299.162,272.106,4
180,2,EPE,AECI,1602871200,294.273,278.435,4
180,2,EPE,AECI,1604188800,359.922,296.882,6
180,2,EPE,AECI,1605506400,223.32,216.982,1
180,2,EPE,AECI,1606824000,247.584,224.277,2
180,2,EPE,AECI,1608141600,459.385,349.242,10
180,3,EPE,AECI,1577836800,202.093,202.093,0
180,3,EPE,AECI,1579154400,207.289,207.289,0
180,3,EPE,AECI,1580472000,211.951,205.272,2
180,3,EPE,AECI,1581789600,175.974,175.974,0
180,3,EPE,AECI,1583107200,202.541,202.541,0
180,3,EPE,AECI,1584424800,218.868,216.382,1
180,3,EPE,AECI,1585742400,185.917,184.502,2
180,3,EPE,AECI,1587060000,171.684,171.684,0
180,3,EPE,AECI,1588377600,183.602,183.602,0
180,3,EPE,AECI,1589695200,210.445,202.744,1
180,3,EPE,AECI,1591012800,200.177,219.539,2
180,3,EPE,AECI,1592330400,223.945,231.63,3
180,3,EPE,AECI,1593648000,198.016,198.016,0
180,3,EPE,AECI,1594965600,286.589,263.57,4
180,3,EPE,AECI,1596283200,239.34,229.252,2
180,3,EPE,AECI,1597600800,214.763,214.763,0
180,3,EPE,AECI,1598918400,250.527,229.925,2
180,3,EPE,AECI,1600236000,199.728,199.728,0
180,3,EPE,AECI,1601553600,245.181,247.012,2
180,3,EPE,AECI,1602871200,293.375,278.435,4
180,3,EPE,AECI,1604188800,214.945,214.945,0
180,3,EPE,AECI,1605506400,220.289,216.982,1
180,3,EPE,AECI,1606824000,247.073,224.277,2
180,3,EPE,AECI,1608141600,263.151,241.039,2
180,4,EPE,AECI,1577836800,202.093,202.093,0
180,4,EPE,AECI,1579154400,207.289,207.289,0
180,4,EPE,AECI,1580472000,181.504,181.504,0
180,4,EPE,AECI,1581789600,175.974,175.974,0
180,4,EPE,AECI,1583107200,202.541,202.541,0
180,4,EPE,AECI,1584424800,204.307,204.307,0
180,4,EPE,AECI,1585742400,164.605,164.605,0
180,4,EPE,AECI,1587060000,171.684,171.684,0
180,4,EPE,AECI,1588377600,183.602,183.602,0
180,4,EPE,AECI,1589695200,189.282,189.282,0
180,4,EPE,AECI,1591012800,195.852,195.852,0
180,4,EPE,AECI,1592330400,195.157,195.157,0
180,4,EPE,AECI,1593648000,198.016,198.016,0
180,4,EPE,AECI,1594965600,209.436,209.436,0
180,4,EPE,AECI,1596283200,204.715,204.715,0
180,4,EPE,AECI,1597600800,214.763,214.763,0
180,4,EPE,AECI,1598918400,203.471,203.471,0
180,4,EPE,AECI,1600236000,199.728,199.728,0
180,4,EPE,AECI,1601553600,220.07,220.07,0
180,4,EPE,AECI,1602871200,223.978,223.978,0
180,4,EPE,AECI,1604188800,214.945,214.945,0
180,4,EPE,AECI,1605506400,203.959,203.959,0
180,4,EPE,AECI,1606824000,198.83,198.83,0
180,4,EPE,AECI,1608141600,215.454,215.454,0
180,5,EPE,AECI,1577836800,443.916,345.897,11
180,5,EPE,AECI,1579154400,298.645,261.896,4
180,5,EPE,AECI,1580472000,214.529,205.272,2
180,5,EPE,AECI,1581789600,175.974,175.974,0
180,5,EPE,AECI,1583107200,314.77,279.165,6
180,5,EPE,AECI,1584424800,314.984,270.469,6
180,5,EPE,AECI,1585742400,212.57,205.028,4
180,5,EPE,AECI,1587060000,244.994,228.558,5
180,5,EPE,AECI,1588377600,274.733,250.641,6
180,5,EPE,AECI,1589695200,362.585,302.585,9
180,5,EPE,AECI,1591012800,322.429,280.584,7
180,5,EPE,AECI,1592330400,344.468,296.564,8
180,5,EPE,AECI,1593648000,328.1,276.191,6
180,5,EPE,AECI,1594965600,330.324,288.575,6
180,5,EPE,AECI,1596283200,290.213,253.025,4
180,5,EPE,AECI,1597600800,262.812,238.396,2
180,5,EPE,AECI,1598918400,339.854,281.988,6
180,5,EPE,AECI,1600236000,224.047,213.427,1
180,5,EPE,AECI,1601553600,297.472,272.106,4
180,5,EPE,AECI,1602871200,293.145,278.435,4
180,5,EPE,AECI,1604188800,357.494,296.882,6
180,5,EPE,AECI,1605506400,222.386,216.982,1
180,5,EPE,AECI,1606824000,247.073,224.277,2
180,5,EPE,AECI,1608141600,456.402,349.242,10
180,6,EPE,AECI,1577836800,202.093,202.093,0
180,6,EPE,AECI,1579154400,207.289,207.289,0
180,6,EPE,AECI,1580472000,181.504,181.504,0
180,6,EPE,AECI,1581789600,175.974,175.974,0
180,6,EPE,AECI,1583107200,202.541,202.541,0
180,6,EPE,AECI,1584424800,204.307,204.307,0
180,6,EPE,AECI,1585742400,164.605,164.605,0
180,6,EPE,AECI,1587060000,171.684,171.684,0
180,6,EPE,AECI,1588377600,183.602,183.602,0
180,6,EPE,AECI,1589695200,189.282,189.282,0
180,6,EPE,AECI,1591012800,195.852,195.852,0
180,6,EPE,AECI,1592330400,195.157,195.157,0
180,6,EPE,AECI,1593648000,198.016,198.016,0
180,6,EPE,AECI,1594965600,209.436,209.436,0
180,6,EPE,AECI,1596283200,204.715,204.715,0
180,6,EPE,AECI,1597600800,214.763,214.763,0
180,6,EPE,AECI,1598918400,203.471,203.471,0
180,6,EPE,AECI,1600236000,199.728,199.728,0
180,6,EPE,AECI,1601553600,220.07,220.07,0
180,6,EPE,AECI,1602871200,223.978,223.978,0
180,6,EPE,AECI,1604188800,214.945,214.945,0
180,6,EPE,AECI,1605506400,203.959,203.959,0
180,6,EPE,AECI,1606824000,198.83,198.83,0
180,6,EPE,AECI,1608141600,215.454,215.454,0
180,1,EPE,PSCO,1577836800,202.093,202.093,0
180,1,EPE,PSCO,1579154400,207.289,207.289,0
180,1,EPE,PSCO,1580472000,181.504,181.504,0
180,1,EPE,PSCO,1581789600,175.974,175.974,0
180,1,EPE,PSCO,1583107200,202.541,202.541,0
180,1,EPE,PSCO,1584424800,204.307,204.307,0
180,1,EPE,PSCO,1585742400,164.605,164.605,0
180,1,EPE,PSCO,1587060000,171.684,171.684,0
180,1,EPE,PSCO,1588377600,183.602,183.602,0
180,1,EPE,PSCO,1589695200,189.282,189.282,0
180,1,EPE,PSCO,1591012800,195.852,195.852,0
180,1,EPE,PSCO,1592330400,195.157,195.157,0
180,1,EPE,PSCO,1593648000,198.016,198.016,0
180,1,EPE,PSCO,1594965600,209.436,209.436,0
180,1,EPE,PSCO,1596283200,204.715,204.715,0
180,1,EPE,PSCO,1597600800,214.763,214.763,0
180,1,EPE,PSCO,1598918400,203.471,203.471,0
180,1,EPE,PSCO,1600236000,199.728,199.728,0
180,1,EPE,PSCO,1601553600,220.07,220.07,0
180,1,EPE,PSCO,1602871200,223.978,223.978,0
180,1,EPE,PSCO,1604188800,214.945,214.945,0
180,1,EPE,PSCO,1605506400,203.959,203.959,0
180,1,EPE,PSCO,1606824000,198.83,198.83,0
180,1,EPE,PSCO,1608141600,215.454,215.454,0
180,2,EPE,PSCO,1577836800,349.738,282.291,6
180,2,EPE,PSCO,1579154400,345.293,301.584,7
180,2,EPE,PSCO,1580472000,386.846,295.105,10
180,2,EPE,PSCO,1581789600,267.046,221.7,4
180,2,EPE,PSCO,1583107200,360.877,290.54,7
180,2,EPE,PSCO,1584424800,295.108,250.24,4
180,2,EPE,PSCO,1585742400,204.011,184.502,2
180,2,EPE,PSCO,1587060000,213.812,191.227,2
180,2,EPE,PSCO,1588377600,320.76,260.68,7
180,2,EPE,PSCO,1589695200,226.792,230.437,3
180,2,EPE,PSCO,1591012800,399.041,293.466,8
180,2,EPE,PSCO,1592330400,273.094,244.79,4
180,2,EPE,PSCO,1593648000,317.494,276.191,6
180,2,EPE,PSCO,1594965600,381.481,301.735,7
180,2,EPE,PSCO,1596283200,256.059,240.851,3
180,2,EPE,PSCO,1597600800,287.17,263.331,4
180,2,EPE,PSCO,1598918400,273.702,243.531,3
180,2,EPE,PSCO,1600236000,338.1,291.773,7
180,2,EPE,PSCO,1601553600,372.186,317.254,7
180,2,EPE,PSCO,1602871200,327.709,293.887,5
180,2,EPE,PSCO,1604188800,424.997,320.968,8
180,2,EPE,PSCO,1605506400,331.091,275.31,6
180,2,EPE,PSCO,1606824000,170.478,212.384,1
180,2,EPE,PSCO,1608141600,194.513,227.979,1
180,3,EPE,PSCO,1577836800,354.807,282.291,6
180,3,EPE,PSCO,1579154400,191.164,220.931,1
180,3,EPE,PSCO,1580472000,189.592,193.983,1
180,3,EPE,PSCO,1581789600,217.077,196.183,2
180,3,EPE,PSCO,1583107200,219.436,215.916,1
180,3,EPE,PSCO,1584424800,251.21,228.26,2
180,3,EPE,PSCO,1585742400,164.605,164.605,0
180,3,EPE,PSCO,1587060000,171.684,171.684,0
180,3,EPE,PSCO,1588377600,183.602,183.602,0
180,3,EPE,PSCO,1589695200,195.892,202.744,1
180,3,EPE,PSCO,1591012800,195.852,195.852,0
180,3,EPE,PSCO,1592330400,225.529,218.62,2
180,3,EPE,PSCO,1593648000,248.678,237.057,3
180,3,EPE,PSCO,1594965600,231.936,223.387,1
180,3,EPE,PSCO,1596283200,224.52,217.727,1
180,3,EPE,PSCO,1597600800,235.997,238.396,2
180,3,EPE,PSCO,1598918400,203.471,203.471,0
180,3,EPE,PSCO,1600236000,197.706,213.427,1
180,3,EPE,PSCO,1601553600,221.481,234.765,1
180,3,EPE,PSCO,1602871200,332.741,293.887,5
180,3,EPE,PSCO,1604188800,214.945,214.945,0
180,3,EPE,PSCO,1605506400,225.285,216.982,1
180,3,EPE,PSCO,1606824000,170.478,212.384,1
180,3,EPE,PSCO,1608141600,194.513,227.979,1
180,4,EPE,PSCO,1577836800,202.093,202.093,0
180,4,EPE,PSCO,1579154400,207.289,207.289,0
180,4,EPE,PSCO,1580472000,181.504,181.504,0
180,4,EPE,PSCO,1581789600,175.974,175.974,0
180,4,EPE,PSCO,1583107200,202.541,202.541,0
180,4,EPE,PSCO,1584424800,204.307,204.307,0
180,4,EPE,PSCO,1585742400,164.605,164.605,0
180,4,EPE,PSCO,1587060000,171.684,171.684,0
180,4,EPE,PSCO,1588377600,183.602,183.602,0
180,4,EPE,PSCO,1589695200,189.282,189.282,0
180,4,EPE,PSCO,1591012800,195.852,195.852,0
180,4,EPE,PSCO,1592330400,195.157,195.157,0
180,4,EPE,PSCO,1593648000,198.016,198.016,0
180,4,EPE,PSCO,1594965600,209.436,209.436,0
180,4,EPE,PSCO,1596283200,204.715,204.715,0
180,4,EPE,PSCO,1597600800,214.763,214.763,0
180,4,EPE,PSCO,1598918400,203.471,203.471,0
180,4,EPE,PSCO,1600236000,199.728,199.728,0
180,4,EPE,PSCO,1601553600,220.07,220.07,0
180,4,EPE,PSCO,1602871200,223.978,223.978,0
180,4,EPE,PSCO,1604188800,214.945,214.945,0
180,4,EPE,PSCO,1605506400,203.959,203.959,0
180,4,EPE,PSCO,1606824000,198.83,198.83,0
180,4,EPE,PSCO,1608141600,215.454,215.454,0
180,5,EPE,PSCO,1577836800,344.207,282.291,6
180,5,EPE,PSCO,1579154400,340.569,301.584,7
180,5,EPE,PSCO,1580472000,380.222,295.105,10
180,5,EPE,PSCO,1581789600,265.89,221.7,4
180,5,EPE,PSCO,1583107200,356.745,290.54,7
180,5,EPE,PSCO,1584424800,294.241,250.24,4
180,5,EPE,PSCO,1585742400,199.91,184.502,2
180,5,EPE,PSCO,1587060000,212.321,191.227,2
180,5,EPE,PSCO,1588377600,315.521,260.68,7
180,5,EPE,PSCO,1589695200,224.411,230.437,3
180,5,EPE,PSCO,1591012800,244.554,219.539,2
180,5,EPE,PSCO,1592330400,269.437,244.79,4
180,5,EPE,PSCO,1593648000,337.976,288.368,7
180,5,EPE,PSCO,1594965600,377.245,301.735,7
180,5,EPE,PSCO,1596283200,255.951,240.851,3
180,5,EPE,PSCO,1597600800,285.543,263.331,4
180,5,EPE,PSCO,1598918400,271.297,243.531,3
180,5,EPE,PSCO,1600236000,333.195,291.773,7
180,5,EPE,PSCO,1601553600,367.238,317.254,7
180,5,EPE,PSCO,1602871200,324.017,293.887,5
180,5,EPE,PSCO,1604188800,420.78,320.968,8
180,5,EPE,PSCO,1605506400,350.227,287.507,7
180,5,EPE,PSCO,1606824000,170.478,212.384,1
180,5,EPE,PSCO,1608141600,194.513,227.979,1
180,6,EPE,PSCO,1577836800,202.093,202.093,0
180,6,EPE,PSCO,1579154400,191.164,220.931,1
180,6,EPE,PSCO,1580472000,186.738,193.983,1
180,6,EPE,PSCO,1581789600,175.974,175.974,0
180,6,EPE,PSCO,1583107200,202.541,202.541,0
180,6,EPE,PSCO,1584424800,204.307,204.307,0
180,6,EPE,PSCO,1585742400,164.605,164.605,0
180,6,EPE,PSCO,1587060000,171.684,171.684,0
180,6,EPE,PSCO,1588377600,183.602,183.602,0
180,6,EPE,PSCO,1589695200,195.892,202.744,1
180,6,EPE,PSCO,1591012800,195.852,195.852,0
180,6,EPE,PSCO,1592330400,195.157,195.157,0
180,6,EPE,PSCO,1593648000,198.016,198.016,0
180,6,EPE,PSCO,1594965600,209.436,209.436,0
180,6,EPE,PSCO,1596283200,214.414,217.727,1
180,6,EPE,PSCO,1597600800,215.592,226.498,1
180,6,EPE,PSCO,1598918400,203.471,203.471,0
180,6,EPE,PSCO,1600236000,197.706,213.427,1
180,6,EPE,PSCO,1601553600,221.481,234.765,1
180,6,EPE,PSCO,1602871200,223.978,223.978,0
180,6,EPE,PSCO,1604188800,214.945,214.945,0
180,6,EPE,PSCO,1605506400,203.959,203.959,0
180,6,EPE,PSCO,1606824000,170.478,212.384,1
180,6,EPE,PSCO,1608141600,194.513,227.979,1
180,1,PACE,AECI,1577836800,222.045,222.045,0
180,1,PACE,AECI,1579154400,234.433,234.433,0
180,1,PACE,AECI,1580472000,198.311,198.311,0
180,1,PACE,AECI,1581789600,196.827,196.827,0
180,1,PACE,AECI,1583107200,208.975,208.975,0
180,1,PACE,AECI,1584424800,252.452,252.452,0
180,1,PACE,AECI,1585742400,225.822,225.822,0
180,1,PACE,AECI,1587060000,224.401,224.401,0
180,1,PACE,AECI,1588377600,195.688,195.688,0
180,1,PACE,AECI,1589695200,218.514,218.514,0
180,1,PACE,AECI,1591012800,230.978,230.978,0
180,1,PACE,AECI,1592330400,200.767,200.767,0
180,1,PACE,AECI,1593648000,211.4,211.4,0
180,1,PACE,AECI,1594965600,197.864,197.864,0
180,1,PACE,AECI,1596283200,232.915,232.915,0
180,1,PACE,AECI,1597600800,252.895,252.895,0
180,1,PACE,AECI,1598918400,239.903,239.903,0
180,1,PACE,AECI,1600236000,257.912,257.912,0
180,1,PACE,AECI,1601553600,250.583,250.583,0
180,1,PACE,AECI,1602871200,211.548,211.548,0
180,1,PACE,AECI,1604188800,258.098,258.098,0
180,1,PACE,AECI,1605506400,230.758,230.758,0
180,1,PACE,AECI,1606824000,241.036,241.036,0
180,1,PACE,AECI,1608141600,221.431,221.431,0
180,2,PACE,AECI,1577836800,250.256,266.881,3
180,2,PACE,AECI,1579154400,422.054,359.839,9
180,2,PACE,AECI,1580472000,277.275,245.274,4
180,2,PACE,AECI,1581789600,240.324,219.974,2
180,2,PACE,AECI,1583107200,358.987,302.613,8
180,2,PACE,AECI,1584424800,252.215,304.663,3
180,2,PACE,AECI,1585742400,156.381,240.809,1
180,2,PACE,AECI,1587060000,209.422,263.769,3
180,2,PACE,AECI,1588377600,252.38,255.479,5
180,2,PACE,AECI,1589695200,369.438,330.758,9
180,2,PACE,AECI,1591012800,277.095,300.151,5
180,2,PACE,AECI,1592330400,224.438,242.799,3
180,2,PACE,AECI,1593648000,330.197,295.858,6
180,2,PACE,AECI,1594965600,406.826,324.081,9
180,2,PACE,AECI,1596283200,456.602,394.41,11
180,2,PACE,AECI,1597600800,665.008,499.028,16
180,2,PACE,AECI,1598918400,307.275,318.587,5
180,2,PACE,AECI,1600236000,391.626,355.11,6
180,2,PACE,AECI,1601553600,434.852,397.164,9
180,2,PACE,AECI,1602871200,280.52,262.456,4
180,2,PACE,AECI,1604188800,390.203,352.359,6
180,2,PACE,AECI,1605506400,288.767,273.729,3
180,2,PACE,AECI,1606824000,485.671,386.582,10
180,2,PACE,AECI,1608141600,416.233,332.834,8
180,3,PACE,AECI,1577836800,252.242,266.881,3
180,3,PACE,AECI,1579154400,277.434,277.925,3
180,3,PACE,AECI,1580472000,227.676,223.065,2
180,3,PACE,AECI,1581789600,196.827,196.827,0
180,3,PACE,AECI,1583107200,208.975,208.975,0
180,3,PACE,AECI,1584424800,202.486,270.593,1
180,3,PACE,AECI,1585742400,156.381,240.809,1
180,3,PACE,AECI,1587060000,167.853,236.003,1
180,3,PACE,AECI,1588377600,245.224,230.779,3
180,3,PACE,AECI,1589695200,187.161,232.838,1
180,3,PACE,AECI,1591012800,180.231,246.236,1
180,3,PACE,AECI,1592330400,179.051,214.535,1
180,3,PACE,AECI,1593648000,211.4,211.4,0
180,3,PACE,AECI,1594965600,206.658,213.18,1
180,3,PACE,AECI,1596283200,234.005,260.232,2
180,3,PACE,AECI,1597600800,329.506,313.05,4
180,3,PACE,AECI,1598918400,254.499,284.842,3
180,3,PACE,AECI,1600236000,320.967,324.391,4
180,3,PACE,AECI,1601553600,214.593,268.308,1
180,3,PACE,AECI,1602871200,255.929,233.838,2
180,3,PACE,AECI,1604188800,320.959,305.241,3
180,3,PACE,AECI,1605506400,242.072,244.598,1
180,3,PACE,AECI,1606824000,343.075,296.687,4
180,3,PACE,AECI,1608141600,226.104,236.191,1
180,4,PACE,AECI,1577836800,222.045,222.045,0
180,4,PACE,AECI,1579154400,234.433,234.433,0
180,4,PACE,AECI,1580472000,198.311,198.311,0
180,4,PACE,AECI,1581789600,196.827,196.827,0
180,4,PACE,AECI,1583107200,208.975,208.975,0
180,4,PACE,AECI,1584424800,252.452,252.452,0
180,4,PACE,AECI,1585742400,225.822,225.822,0
180,4,PACE,AECI,1587060000,224.401,224.401,0
180,4,PACE,AECI,1588377600,195.688,195.688,0
180,4,PACE,AECI,1589695200,218.514,218.514,0
180,4,PACE,AECI,1591012800,230.978,230.978,0
180,4,PACE,AECI,1592330400,200.767,200.767,0
180,4,PACE,AECI,1593648000,211.4,211.4,0
180,4,PACE,AECI,1594965600,197.864,197.864,0
180,4,PACE,AECI,1596283200,232.915,232.915,0
180,4,PACE,AECI,1597600800,252.895,252.895,0
180,4,PACE,AECI,1598918400,239.903,239.903,0
180,4,PACE,AECI,1600236000,257.912,257.912,0
180,4,PACE,AECI,1601553600,250.583,250.583,0
180,4,PACE,AECI,1602871200,211.548,211.548,0
180,4,PACE,AECI,1604188800,258.098,258.098,0
180,4,PACE,AECI,1605506400,230.758,230.758,0
180,4,PACE,AECI,1606824000,241.036,241.036,0
180,4,PACE,AECI,1608141600,221.431,221.431,0
180,5,PACE,AECI,1577836800,248.091,266.881,3
180,5,PACE,AECI,1579154400,418.496,359.839,9
180,5,PACE,AECI,1580472000,295.182,260.967,5
180,5,PACE,AECI,1581789600,262.377,235.625,3
180,5,PACE,AECI,1583107200,355.699,302.613,8
180,5,PACE,AECI,1584424800,249.167,304.663,3
180,5,PACE,AECI,1585742400,179.545,253.194,2
180,5,PACE,AECI,1587060000,207.514,263.769,3
180,5,PACE,AECI,1588377600,266.269,266.593,6
180,5,PACE,AECI,1589695200,362.814,330.758,9
180,5,PACE,AECI,1591012800,274.367,300.151,5
180,5,PACE,AECI,1592330400,218.32,242.799,3
180,5,PACE,AECI,1593648000,321.641,295.858,6
180,5,PACE,AECI,1594965600,399.054,324.081,9
180,5,PACE,AECI,1596283200,451.549,394.41,11
180,5,PACE,AECI,1597600800,658.607,499.028,16
180,5,PACE,AECI,1598918400,305.956,318.587,5
180,5,PACE,AECI,1600236000,389.107,355.11,6
180,5,PACE,AECI,1601553600,453.858,409.66,10
180,5,PACE,AECI,1602871200,278.843,262.456,4
180,5,PACE,AECI,1604188800,386.782,352.359,6
180,5,PACE,AECI,1605506400,284.705,273.729,3
180,5,PACE,AECI,1606824000,481.364,386.582,10
180,5,PACE,AECI,1608141600,411.784,332.834,8
180,6,PACE,AECI,1577836800,222.045,222.045,0
180,6,PACE,AECI,1579154400,234.433,234.433,0
180,6,PACE,AECI,1580472000,198.311,198.311,0
180,6,PACE,AECI,1581789600,196.827,196.827,0
180,6,PACE,AECI,1583107200,208.975,208.975,0
180,6,PACE,AECI,1584424800,202.486,270.593,1
180,6,PACE,AECI,1585742400,156.381,240.809,1
180,6,PACE,AECI,1587060000,167.853,236.003,1
180,6,PACE,AECI,1588377600,195.688,195.688,0
180,6,PACE,AECI,1589695200,218.514,218.514,0
180,6,PACE,AECI,1591012800,180.231,246.236,1
180,6,PACE,AECI,1592330400,190.127,214.535,1
180,6,PACE,AECI,1593648000,211.4,211.4,0
180,6,PACE,AECI,1594965600,197.864,197.864,0
180,6,PACE,AECI,1596283200,232.915,232.915,0
180,6,PACE,AECI,1597600800,252.895,252.895,0
180,6,PACE,AECI,1598918400,239.903,239.903,0
180,6,PACE,AECI,1600236000,257.912,257.912,0
180,6,PACE,AECI,1601553600,217.565,268.308,1
180,6,PACE,AECI,1602871200,211.548,211.548,0
180,6,PACE,AECI,1604188800,258.098,258.098,0
180,6,PACE,AECI,1605506400,230.758,230.758,0
180,6,PACE,AECI,1606824000,241.036,241.036,0
180,6,PACE,AECI,1608141600,221.431,221.431,0
180,1,PACE,PSCO,1577836800,222.045,222.045,0
180,1,PACE,PSCO,1579154400,234.433,234.433,0
180,1,PACE,PSCO,1580472000,198.311,198.311,0
180,1,PACE,PSCO,1581789600,196.827,196.827,0
180,1,PACE,PSCO,1583107200,208.975,208.975,0
180,1,PACE,PSCO,1584424800,252.452,252.452,0
180,1,PACE,PSCO,1585742400,225.822,225.822,0
180,1,PACE,PSCO,1587060000,224.401,224.401,0
180,1,PACE,PSCO,1588377600,195.688,195.688,0
180,1,PACE,PSCO,1589695200,218.514,218.514,0
180,1,PACE,PSCO,1591012800,230.978,230.978,0
180,1,PACE,PSCO,1592330400,200.767,200.767,0
180,1,PACE,PSCO,1593648000,211.4,211.4,0
180,1,PACE,PSCO,1594965600,197.864,197.864,0
180,1,PACE,PSCO,1596283200,232.915,232.915,0
180,1,PACE,PSCO,1597600800,252.895,252.895,0
180,1,PACE,PSCO,1598918400,239.903,239.903,0
180,1,PACE,PSCO,1600236000,257.912,257.912,0
180,1,PACE,PSCO,1601553600,250.583,250.583,0
180,1,PACE,PSCO,1602871200,211.548,211.548,0
180,1,PACE,PSCO,1604188800,258.098,258.098,0
180,1,PACE,PSCO,1605506400,230.758,230.758,0
180,1,PACE,PSCO,1606824000,241.036,241.036,0
180,1,PACE,PSCO,1608141600,221.431,221.431,0
180,2,PACE,PSCO,1577836800,422.86,337.758,8
180,2,PACE,PSCO,1579154400,352.389,330.737,7
180,2,PACE,PSCO,1580472000,321.586,293.346,7
180,2,PACE,PSCO,1581789600,472.786,341.718,10
180,2,PACE,PSCO,1583107200,501.117,373.726,13
180,2,PACE,PSCO,1584424800,309.139,304.663,3
180,2,PACE,PSCO,1585742400,370.718,323.774,7
180,2,PACE,PSCO,1587060000,419.18,336.766,8
180,2,PACE,PSCO,1588377600,278.726,255.479,5
180,2,PACE,PSCO,1589695200,239.627,259.975,3
180,2,PACE,PSCO,1591012800,350.075,300.151,5
180,2,PACE,PSCO,1592330400,298.661,274.803,5
180,2,PACE,PSCO,1593648000,313.954,295.858,6
180,2,PACE,PSCO,1594965600,422.878,324.081,9
180,2,PACE,PSCO,1596283200,323.418,301.392,5
180,2,PACE,PSCO,1597600800,218.805,267.477,1
180,2,PACE,PSCO,1598918400,465.516,377.265,9
180,2,PACE,PSCO,1600236000,203.284,274.142,1
180,2,PACE,PSCO,1601553600,334.997,327.993,5
180,2,PACE,PSCO,1602871200,313.662,277.676,5
180,2,PACE,PSCO,1604188800,310.35,305.241,3
180,2,PACE,PSCO,1605506400,372.308,325.781,7
180,2,PACE,PSCO,1606824000,175.2,256.069,1
180,2,PACE,PSCO,1608141600,195.633,236.191,1
180,3,PACE,PSCO,1577836800,282.128,266.881,3
180,3,PACE,PSCO,1579154400,196.31,249.287,1
180,3,PACE,PSCO,1580472000,190.432,211.457,1
180,3,PACE,PSCO,1581789600,218.214,208.335,1
180,3,PACE,PSCO,1583107200,318.567,274.082,5
180,3,PACE,PSCO,1584424800,251.667,270.593,1
180,3,PACE,PSCO,1585742400,251.864,253.194,2
180,3,PACE,PSCO,1587060000,286.519,263.769,3
180,3,PACE,PSCO,1588377600,244.12,230.779,3
180,3,PACE,PSCO,1589695200,199.875,232.838,1
180,3,PACE,PSCO,1591012800,251.209,246.236,1
180,3,PACE,PSCO,1592330400,202.377,214.535,1
180,3,PACE,PSCO,1593648000,201.951,225.845,1
180,3,PACE,PSCO,1594965600,220.449,213.18,1
180,3,PACE,PSCO,1596283200,227.855,247.634,1
180,3,PACE,PSCO,1597600800,218.805,267.477,1
180,3,PACE,PSCO,1598918400,315.009,284.842,3
180,3,PACE,PSCO,1600236000,203.284,274.142,1
180,3,PACE,PSCO,1601553600,226.306,268.308,1
180,3,PACE,PSCO,1602871200,272.821,247.772,3
180,3,PACE,PSCO,1604188800,257.268,273.673,1
180,3,PACE,PSCO,1605506400,226.839,244.598,1
180,3,PACE,PSCO,1606824000,175.2,256.069,1
180,3,PACE,PSCO,1608141600,195.633,236.191,1
180,4,PACE,PSCO,1577836800,222.045,222.045,0
180,4,PACE,PSCO,1579154400,196.31,249.287,1
180,4,PACE,PSCO,1580472000,198.311,198.311,0
180,4,PACE,PSCO,1581789600,196.827,196.827,0
180,4,PACE,PSCO,1583107200,208.975,208.975,0
180,4,PACE,PSCO,1584424800,252.452,252.452,0
180,4,PACE,PSCO,1585742400,225.822,225.822,0
180,4,PACE,PSCO,1587060000,224.401,224.401,0
180,4,PACE,PSCO,1588377600,195.688,195.688,0
180,4,PACE,PSCO,1589695200,218.514,218.514,0
180,4,PACE,PSCO,1591012800,230.978,230.978,0
180,4,PACE,PSCO,1592330400,200.767,200.767,0
180,4,PACE,PSCO,1593648000,211.4,211.4,0
180,4,PACE,PSCO,1594965600,197.864,197.864,0
180,4,PACE,PSCO,1596283200,232.915,232.915,0
180,4,PACE,PSCO,1597600800,252.895,252.895,0
180,4,PACE,PSCO,1598918400,239.903,239.903,0
180,4,PACE,PSCO,1600236000,257.912,257.912,0
180,4,PACE,PSCO,1601553600,250.583,250.583,0
180,4,PACE,PSCO,1602871200,211.548,211.548,0
180,4,PACE,PSCO,1604188800,258.098,258.098,0
180,4,PACE,PSCO,1605506400,230.758,230.758,0
180,4,PACE,PSCO,1606824000,175.2,256.069,1
180,4,PACE,PSCO,1608141600,221.431,221.431,0
180,5,PACE,PSCO,1577836800,415.393,337.758,8
180,5,PACE,PSCO,1579154400,349.13,330.737,7
180,5,PACE,PSCO,1580472000,314.627,293.346,7
180,5,PACE,PSCO,1581789600,493.081,357.764,11
180,5,PACE,PSCO,1583107200,492.064,373.726,13
180,5,PACE,PSCO,1584424800,309.704,304.663,3
180,5,PACE,PSCO,1585742400,363.556,323.774,7
180,5,PACE,PSCO,1587060000,415.323,336.766,8
180,5,PACE,PSCO,1588377600,275.909,255.479,5
180,5,PACE,PSCO,1589695200,237.424,259.975,3
180,5,PACE,PSCO,1591012800,348.549,300.151,5
180,5,PACE,PSCO,1592330400,291.969,274.803,5
180,5,PACE,PSCO,1593648000,334.084,309.977,7
180,5,PACE,PSCO,1594965600,416.057,324.081,9
180,5,PACE,PSCO,1596283200,322.499,301.392,5
180,5,PACE,PSCO,1597600800,218.805,267.477,1
180,5,PACE,PSCO,1598918400,461.553,377.265,9
180,5,PACE,PSCO,1600236000,203.284,274.142,1
180,5,PACE,PSCO,1601553600,330.355,327.993,5
180,5,PACE,PSCO,1602871200,307.092,277.676,5
180,5,PACE,PSCO,1604188800,308.098,305.241,3
180,5,PACE,PSCO,1605506400,368.341,325.781,7
180,5,PACE,PSCO,1606824000,175.2,256.069,1
180,5,PACE,PSCO,1608141600,195.633,236.191,1
180,6,PACE,PSCO,1577836800,222.045,222.045,0
180,6,PACE,PSCO,1579154400,196.31,249.287,1
180,6,PACE,PSCO,1580472000,190.432,211.457,1
180,6,PACE,PSCO,1581789600,196.827,196.827,0
180,6,PACE,PSCO,1583107200,208.975,208.975,0
180,6,PACE,PSCO,1584424800,251.667,270.593,1
180,6,PACE,PSCO,1585742400,225.049,240.809,1
180,6,PACE,PSCO,1587060000,224.401,224.401,0
180,6,PACE,PSCO,1588377600,195.688,195.688,0
180,6,PACE,PSCO,1589695200,199.875,232.838,1
180,6,PACE,PSCO,1591012800,239.496,246.236,1
180,6,PACE,PSCO,1592330400,202.377,214.535,1
180,6,PACE,PSCO,1593648000,201.951,225.845,1
180,6,PACE,PSCO,1594965600,197.864,197.864,0
180,6,PACE,PSCO,1596283200,227.855,247.634,1
180,6,PACE,PSCO,1597600800,218.805,267.477,1
180,6,PACE,PSCO,1598918400,239.903,239.903,0
180,6,PACE,PSCO,1600236000,203.284,274.142,1
180,6,PACE,PSCO,1601553600,226.306,268.308,1
180,6,PACE,PSCO,1602871200,211.548,211.548,0
180,6,PACE,PSCO,1604188800,257.268,273.673,1
180,6,PACE,PSCO,1605506400,226.839,244.598,1
180,6,PACE,PSCO,1606824000,175.2,256.069,1
180,6,PACE,PSCO,1608141600,195.633,236.191,1
180,1,PSCO,EPE,1577836800,201.806,201.806,0
180,1,PSCO,EPE,1579154400,168.095,168.095,0
180,1,PSCO,EPE,1580472000,165.819,165.819,0
180,1,PSCO,EPE,1581789600,208.599,208.599,0
180,1,PSCO,EPE,1583107200,195.56,195.56,0
180,1,PSCO,EPE,1584424800,221.046,221.046,0
180,1,PSCO,EPE,1585742400,196.694,196.694,0
180,1,PSCO,EPE,1587060000,211.329,211.329,0
180,1,PSCO,EPE,1588377600,184.057,184.057,0
180,1,PSCO,EPE,1589695200,174.63,174.63,0
180,1,PSCO,EPE,1591012800,220.905,220.905,0
180,1,PSCO,EPE,1592330400,179.992,179.992,0
180,1,PSCO,EPE,1593648000,180.132,180.132,0
180,1,PSCO,EPE,1594965600,212.921,212.921,0
180,1,PSCO,EPE,1596283200,202.105,202.105,0
180,1,PSCO,EPE,1597600800,189.709,189.709,0
180,1,PSCO,EPE,1598918400,234.795,234.795,0
180,1,PSCO,EPE,1600236000,174.02,174.02,0
180,1,PSCO,EPE,1601553600,195.176,195.176,0
180,1,PSCO,EPE,1602871200,202.804,202.804,0
180,1,PSCO,EPE,1604188800,225.924,225.924,0
180,1,PSCO,EPE,1605506400,203.332,203.332,0
180,1,PSCO,EPE,1606824000,147.36,147.36,0
180,1,PSCO,EPE,1608141600,172.796,172.796,0
180,2,PSCO,EPE,1577836800,375.588,299.73,7
180,2,PSCO,EPE,1579154400,318.57,240.606,6
180,2,PSCO,EPE,1580472000,338.709,251.319,8
180,2,PSCO,EPE,1581789600,295.459,272.813,5
180,2,PSCO,EPE,1583107200,337.715,267.522,6
180,2,PSCO,EPE,1584424800,323.172,282.411,5
180,2,PSCO,EPE,1585742400,229.411,239.504,3
180,2,PSCO,EPE,1587060000,291.535,277.121,5
180,2,PSCO,EPE,1588377600,302.598,239.984,6
180,2,PSCO,EPE,1589695200,253.68,212.013,4
180,2,PSCO,EPE,1591012800,270.13,262.867,3
180,2,PSCO,EPE,1592330400,248.481,221.366,3
180,2,PSCO,EPE,1593648000,267.343,224.858,4
180,2,PSCO,EPE,1594965600,330.567,284.847,5
180,2,PSCO,EPE,1596283200,283.795,242.585,4
180,2,PSCO,EPE,1597600800,338.871,267.865,6
180,2,PSCO,EPE,1598918400,250.857,257.495,2
180,2,PSCO,EPE,1600236000,313.583,247.386,6
180,2,PSCO,EPE,1601553600,315.15,253.43,5
180,2,PSCO,EPE,1602871200,301.429,252.069,4
180,2,PSCO,EPE,1604188800,398.002,322.228,7
180,2,PSCO,EPE,1605506400,306.973,256.66,5
180,2,PSCO,EPE,1606824000,147.36,147.36,0
180,2,PSCO,EPE,1608141600,172.796,172.796,0
180,3,PSCO,EPE,1577836800,225.656,216.597,1
180,3,PSCO,EPE,1579154400,168.095,168.095,0
180,3,PSCO,EPE,1580472000,165.819,165.819,0
180,3,PSCO,EPE,1581789600,247.107,244.618,3
180,3,PSCO,EPE,1583107200,195.56,195.56,0
180,3,PSCO,EPE,1584424800,281.493,260.412,3
180,3,PSCO,EPE,1585742400,190.265,211.141,1
180,3,PSCO,EPE,1587060000,195.126,224.553,1
180,3,PSCO,EPE,1588377600,224.934,204.298,2
180,3,PSCO,EPE,1589695200,174.63,174.63,0
180,3,PSCO,EPE,1591012800,222.013,234.411,1
180,3,PSCO,EPE,1592330400,179.992,179.992,0
180,3,PSCO,EPE,1593648000,225.49,202.544,2
180,3,PSCO,EPE,1594965600,336.692,284.847,5
180,3,PSCO,EPE,1596283200,202.105,202.105,0
180,3,PSCO,EPE,1597600800,210.173,203.57,1
180,3,PSCO,EPE,1598918400,247.098,257.495,2
180,3,PSCO,EPE,1600236000,174.02,174.02,0
180,3,PSCO,EPE,1601553600,195.176,195.176,0
180,3,PSCO,EPE,1602871200,224.352,217.966,1
180,3,PSCO,EPE,1604188800,265.248,250.358,2
180,3,PSCO,EPE,1605506400,247.46,221.206,2
180,3,PSCO,EPE,1606824000,147.36,147.36,0
180,3,PSCO,EPE,1608141600,172.796,172.796,0
180,4,PSCO,EPE,1577836800,201.806,201.806,0
180,4,PSCO,EPE,1579154400,168.095,168.095,0
180,4,PSCO,EPE,1580472000,165.819,165.819,0
180,4,PSCO,EPE,1581789600,208.599,208.599,0
180,4,PSCO,EPE,1583107200,195.56,195.56,0
180,4,PSCO,EPE,1584424800,221.046,221.046,0
180,4,PSCO,EPE,1585742400,196.694,196.694,0
180,4,PSCO,EPE,1587060000,211.329,211.329,0
180,4,PSCO,EPE,1588377600,184.057,184.057,0
180,4,PSCO,EPE,1589695200,174.63,174.63,0
180,4,PSCO,EPE,1591012800,220.905,220.905,0
180,4,PSCO,EPE,1592330400,179.992,179.992,0
180,4,PSCO,EPE,1593648000,180.132,180.132,0
180,4,PSCO,EPE,1594965600,212.921,212.921,0
180,4,PSCO,EPE,1596283200,202.105,202.105,0
180,4,PSCO,EPE,1597600800,189.709,189.709,0
180,4,PSCO,EPE,1598918400,234.795,234.795,0
180,4,PSCO,EPE,1600236000,174.02,174.02,0
180,4,PSCO,EPE,1601553600,195.176,195.176,0
180,4,PSCO,EPE,1602871200,202.804,202.804,0
180,4,PSCO,EPE,1604188800,225.924,225.924,0
180,4,PSCO,EPE,1605506400,203.332,203.332,0
180,4,PSCO,EPE,1606824000,147.36,147.36,0
180,4,PSCO,EPE,1608141600,172.796,172.796,0
180,5,PSCO,EPE,1577836800,370.668,299.73,7
180,5,PSCO,EPE,1579154400,313.846,240.606,6
180,5,PSCO,EPE,1580472000,356.757,264.815,9
180,5,PSCO,EPE,1581789600,294.303,272.813,5
180,5,PSCO,EPE,1583107200,333.582,267.522,6
180,5,PSCO,EPE,1584424800,322.305,282.411,5
180,5,PSCO,EPE,1585742400,225.31,239.504,3
180,5,PSCO,EPE,1587060000,289.359,277.121,5
180,5,PSCO,EPE,1588377600,297.359,239.984,6
180,5,PSCO,EPE,1589695200,251.299,212.013,4
180,5,PSCO,EPE,1591012800,269.852,262.867,3
180,5,PSCO,EPE,1592330400,244.825,221.366,3
180,5,PSCO,EPE,1593648000,265.628,224.858,4
180,5,PSCO,EPE,1594965600,327.032,284.847,5
180,5,PSCO,EPE,1596283200,283.687,242.585,4
180,5,PSCO,EPE,1597600800,360.626,281.819,7
180,5,PSCO,EPE,1598918400,248.453,257.495,2
180,5,PSCO,EPE,1600236000,308.678,247.386,6
180,5,PSCO,EPE,1601553600,337.05,266.494,6
180,5,PSCO,EPE,1602871200,297.737,252.069,4
180,5,PSCO,EPE,1604188800,392.283,322.228,7
180,5,PSCO,EPE,1605506400,303.232,256.66,5
180,5,PSCO,EPE,1606824000,147.36,147.36,0
180,5,PSCO,EPE,1608141600,172.796,172.796,0
180,6,PSCO,EPE,1577836800,201.806,201.806,0
180,6,PSCO,EPE,1579154400,168.095,168.095,0
180,6,PSCO,EPE,1580472000,165.819,165.819,0
180,6,PSCO,EPE,1581789600,200.683,218.69,1
180,6,PSCO,EPE,1583107200,195.56,195.56,0
180,6,PSCO,EPE,1584424800,221.046,221.046,0
180,6,PSCO,EPE,1585742400,190.265,211.141,1
180,6,PSCO,EPE,1587060000,195.126,224.553,1
180,6,PSCO,EPE,1588377600,184.057,184.057,0
180,6,PSCO,EPE,1589695200,174.63,174.63,0
180,6,PSCO,EPE,1591012800,222.013,234.411,1
180,6,PSCO,EPE,1592330400,179.992,179.992,0
180,6,PSCO,EPE,1593648000,180.132,180.132,0
180,6,PSCO,EPE,1594965600,212.921,212.921,0
180,6,PSCO,EPE,1596283200,202.105,202.105,0
180,6,PSCO,EPE,1597600800,189.709,189.709,0
180,6,PSCO,EPE,1598918400,225.142,247.701,1
180,6,PSCO,EPE,1600236000,174.02,174.02,0
180,6,PSCO,EPE,1601553600,195.176,195.176,0
180,6,PSCO,EPE,1602871200,202.804,202.804,0
180,6,PSCO,EPE,1604188800,225.924,225.924,0
180,6,PSCO,EPE,1605506400,203.332,203.332,0
180,6,PSCO,EPE,1606824000,147.36,147.36,0
180,6,PSCO,EPE,1608141600,172.796,172.796,0
180,1,PSCO,PACE,1577836800,201.806,201.806,0
180,1,PSCO,PACE,1579154400,168.095,168.095,0
180,1,PSCO,PACE,1580472000,165.819,165.819,0
180,1,PSCO,PACE,1581789600,208.599,208.599,0
180,1,PSCO,PACE,1583107200,195.56,195.56,0
180,1,PSCO,PACE,1584424800,221.046,221.046,0
180,1,PSCO,PACE,1585742400,196.694,196.694,0
180,1,PSCO,PACE,1587060000,211.329,211.329,0
180,1,PSCO,PACE,1588377600,184.057,184.057,0
180,1,PSCO,PACE,1589695200,174.63,174.63,0
180,1,PSCO,PACE,1591012800,220.905,220.905,0
180,1,PSCO,PACE,1592330400,179.992,179.992,0
180,1,PSCO,PACE,1593648000,180.132,180.132,0
180,1,PSCO,PACE,1594965600,212.921,212.921,0
180,1,PSCO,PACE,1596283200,202.105,202.105,0
180,1,PSCO,PACE,1597600800,189.709,189.709,0
180,1,PSCO,PACE,1598918400,234.795,234.795,0
180,1,PSCO,PACE,1600236000,174.02,174.02,0
180,1,PSCO,PACE,1601553600,195.176,195.176,0
180,1,PSCO,PACE,1602871200,202.804,202.804,0
180,1,PSCO,PACE,1604188800,225.924,225.924,0
180,1,PSCO,PACE,1605506400,203.332,203.332,0
180,1,PSCO,PACE,1606824000,147.36,147.36,0
180,1,PSCO,PACE,1608141600,172.796,172.796,0
180,2,PSCO,PACE,1577836800,395.603,299.73,7
180,2,PSCO,PACE,1579154400,320.52,240.606,6
180,2,PSCO,PACE,1580472000,297.604,230.451,6
180,2,PSCO,PACE,1581789600,532.616,379.898,12
180,2,PSCO,PACE,1583107200,471.928,327.01,12
180,2,PSCO,PACE,1584424800,278.772,247.667,2
180,2,PSCO,PACE,1585742400,347.829,273.661,6
180,2,PSCO,PACE,1587060000,367.42,291.069,6
180,2,PSCO,PACE,1588377600,256.205,224.118,4
180,2,PSCO,PACE,1589695200,213.004,191.498,2
180,2,PSCO,PACE,1591012800,295.574,262.867,3
180,2,PSCO,PACE,1592330400,323.837,264.185,6
180,2,PSCO,PACE,1593648000,368.148,273.776,8
180,2,PSCO,PACE,1594965600,399.811,319.521,8
180,2,PSCO,PACE,1596283200,295.738,242.585,4
180,2,PSCO,PACE,1597600800,189.709,189.709,0
180,2,PSCO,PACE,1598918400,380.018,298.368,6
180,2,PSCO,PACE,1600236000,174.02,174.02,0
180,2,PSCO,PACE,1601553600,298.976,238.101,4
180,2,PSCO,PACE,1602871200,288.815,252.069,4
180,2,PSCO,PACE,1604188800,279.036,250.358,2
180,2,PSCO,PACE,1605506400,295.891,244.183,4
180,2,PSCO,PACE,1606824000,147.36,147.36,0
180,2,PSCO,PACE,1608141600,172.796,172.796,0
180,3,PSCO,PACE,1577836800,226.165,216.597,1
180,3,PSCO,PACE,1579154400,168.095,168.095,0
180,3,PSCO,PACE,1580472000,165.819,165.819,0
180,3,PSCO,PACE,1581789600,299.419,258.305,4
180,3,PSCO,PACE,1583107200,245.031,218.226,2
180,3,PSCO,PACE,1584424800,221.046,221.046,0
180,3,PSCO,PACE,1585742400,196.694,196.694,0
180,3,PSCO,PACE,1587060000,235.542,224.553,1
180,3,PSCO,PACE,1588377600,219.987,204.298,2
180,3,PSCO,PACE,1589695200,174.63,174.63,0
180,3,PSCO,PACE,1591012800,220.905,220.905,0
180,3,PSCO,PACE,1592330400,179.992,179.992,0
180,3,PSCO,PACE,1593648000,223.709,202.544,2
180,3,PSCO,PACE,1594965600,278.437,254.813,3
180,3,PSCO,PACE,1596283200,202.105,202.105,0
180,3,PSCO,PACE,1597600800,189.709,189.709,0
180,3,PSCO,PACE,1598918400,279.887,257.495,2
180,3,PSCO,PACE,1600236000,174.02,174.02,0
180,3,PSCO,PACE,1601553600,195.176,195.176,0
180,3,PSCO,PACE,1602871200,223.853,217.966,1
180,3,PSCO,PACE,1604188800,225.924,225.924,0
180,3,PSCO,PACE,1605506400,203.332,203.332,0
180,3,PSCO,PACE,1606824000,147.36,147.36,0
180,3,PSCO,PACE,1608141600,172.796,172.796,0
180,4,PSCO,PACE,1577836800,201.806,201.806,0
180,4,PSCO,PACE,1579154400,168.095,168.095,0
180,4,PSCO,PACE,1580472000,165.819,165.819,0
180,4,PSCO,PACE,1581789600,208.599,208.599,0
180,4,PSCO,PACE,1583107200,195.56,195.56,0
180,4,PSCO,PACE,1584424800,221.046,221.046,0
180,4,PSCO,PACE,1585742400,196.694,196.694,0
180,4,PSCO,PACE,1587060000,211.329,211.329,0
180,4,PSCO,PACE,1588377600,184.057,184.057,0
180,4,PSCO,PACE,1589695200,174.63,174.63,0
180,4,PSCO,PACE,1591012800,220.905,220.905,0
180,4,PSCO,PACE,1592330400,179.992,179.992,0
180,4,PSCO,PACE,1593648000,180.132,180.132,0
180,4,PSCO,PACE,1594965600,212.921,212.921,0
180,4,PSCO,PACE,1596283200,202.105,202.105,0
180,4,PSCO,PACE,1597600800,189.709,189.709,0
180,4,PSCO,PACE,1598918400,234.795,234.795,0
180,4,PSCO,PACE,1600236000,174.02,174.02,0
180,4,PSCO,PACE,1601553600,195.176,195.176,0
180,4,PSCO,PACE,1602871200,202.804,202.804,0
180,4,PSCO,PACE,1604188800,225.924,225.924,0
180,4,PSCO,PACE,1605506400,203.332,203.332,0
180,4,PSCO,PACE,1606824000,147.36,147.36,0
180,4,PSCO,PACE,1608141600,172.796,172.796,0
180,5,PSCO,PACE,1577836800,388.136,299.73,7
180,5,PSCO,PACE,1579154400,317.262,240.606,6
180,5,PSCO,PACE,1580472000,290.645,230.451,6
180,5,PSCO,PACE,1581789600,522.684,379.898,12
180,5,PSCO,PACE,1583107200,462.875,327.01,12
180,5,PSCO,PACE,1584424800,279.338,247.667,2
180,5,PSCO,PACE,1585742400,340.463,273.661,6
180,5,PSCO,PACE,1587060000,363.78,291.069,6
180,5,PSCO,PACE,1588377600,253.388,224.118,4
180,5,PSCO,PACE,1589695200,210.8,191.498,2
180,5,PSCO,PACE,1591012800,318.017,274.42,4
180,5,PSCO,PACE,1592330400,317.145,264.185,6
180,5,PSCO,PACE,1593648000,263.254,224.858,4
180,5,PSCO,PACE,1594965600,392.989,319.521,8
180,5,PSCO,PACE,1596283200,294.911,242.585,4
180,5,PSCO,PACE,1597600800,189.709,189.709,0
180,5,PSCO,PACE,1598918400,433.189,326.291,8
180,5,PSCO,PACE,1600236000,174.02,174.02,0
180,5,PSCO,PACE,1601553600,294.334,238.101,4
180,5,PSCO,PACE,1602871200,282.246,252.069,4
180,5,PSCO,PACE,1604188800,276.783,250.358,2
180,5,PSCO,PACE,1605506400,293.74,244.183,4
180,5,PSCO,PACE,1606824000,147.36,147.36,0
180,5,PSCO,PACE,1608141600,172.796,172.796,0
180,6,PSCO,PACE,1577836800,201.806,201.806,0
180,6,PSCO,PACE,1579154400,168.095,168.095,0
180,6,PSCO,PACE,1580472000,165.819,165.819,0
180,6,PSCO,PACE,1581789600,208.599,208.599,0
180,6,PSCO,PACE,1583107200,195.56,195.56,0
180,6,PSCO,PACE,1584424800,221.046,221.046,0
180,6,PSCO,PACE,1585742400,196.694,196.694,0
180,6,PSCO,PACE,1587060000,211.329,211.329,0
180,6,PSCO,PACE,1588377600,184.057,184.057,0
180,6,PSCO,PACE,1589695200,174.63,174.63,0
180,6,PSCO,PACE,1591012800,220.905,220.905,0
180,6,PSCO,PACE,1592330400,179.992,179.992,0
180,6,PSCO,PACE,1593648000,180.132,180.132,0
180,6,PSCO,PACE,1594965600,212.921,212.921,0
180,6,PSCO,PACE,1596283200,202.105,202.105,0
180,6,PSCO,PACE,1597600800,189.709,189.709,0
180,6,PSCO,PACE,1598918400,234.795,234.795,0
180,6,PSCO,PACE,1600236000,174.02,174.02,0
180,6,PSCO,PACE,1601553600,195.176,195.176,0
180,6,PSCO,PACE,1602871200,202.804,202.804,0
180,6,PSCO,PACE,1604188800,225.924,225.924,0
180,6,PSCO,PACE,1605506400,203.332,203.332,0
180,6,PSCO,PACE,1606824000,147.36,147.36,0
180,6,PSCO,PACE,1608141600,172.796,172.796,0
180,1,TEPC,AECI,1577836800,261.782,261.782,0
180,1,TEPC,AECI,1579154400,260.044,260.044,0
180,1,TEPC,AECI,1580472000,227.287,227.287,0
180,1,TEPC,AECI,1581789600,230.952,230.952,0
180,1,TEPC,AECI,1583107200,213.887,213.887,0
180,1,TEPC,AECI,1584424800,209.261,209.261,0
180,1,TEPC,AECI,1585742400,163.89,163.89,0
180,1,TEPC,AECI,1587060000,178.693,178.693,0
180,1,TEPC,AECI,1588377600,179.254,179.254,0
180,1,TEPC,AECI,1589695200,215.518,215.518,0
180,1,TEPC,AECI,1591012800,222.496,222.496,0
180,1,TEPC,AECI,1592330400,189.451,189.451,0
180,1,TEPC,AECI,1593648000,215.878,215.878,0
180,1,TEPC,AECI,1594965600,207.863,207.863,0
180,1,TEPC,AECI,1596283200,219.66,219.66,0
180,1,TEPC,AECI,1597600800,232.192,232.192,0
180,1,TEPC,AECI,1598918400,219.508,219.508,0
180,1,TEPC,AECI,1600236000,245.174,245.174,0
180,1,TEPC,AECI,1601553600,235.921,235.921,0
180,1,TEPC,AECI,1602871200,262.53,262.53,0
180,1,TEPC,AECI,1604188800,265.706,265.706,0
180,1,TEPC,AECI,1605506400,225.001,225.001,0
180,1,TEPC,AECI,1606824000,193.11,193.11,0
180,1,TEPC,AECI,1608141600,251.11,251.11,0
180,2,TEPC,AECI,1577836800,254.844,314.255,3
180,2,TEPC,AECI,1579154400,269.916,311.213,3
180,2,TEPC,AECI,1580472000,272.535,281.205,4
180,2,TEPC,AECI,1581789600,312.307,295.641,5
180,2,TEPC,AECI,1583107200,292.884,291.982,5
180,2,TEPC,AECI,1584424800,346.498,306.2,7
180,2,TEPC,AECI,1585742400,249.02,220.452,6
180,2,TEPC,AECI,1587060000,296.413,268.159,8
180,2,TEPC,AECI,1588377600,273.486,247.077,6
180,2,TEPC,AECI,1589695200,299.515,294.368,6
180,2,TEPC,AECI,1591012800,250.817,273.603,4
180,2,TEPC,AECI,1592330400,336.966,279.359,8
180,2,TEPC,AECI,1593648000,336.748,297.298,6
180,2,TEPC,AECI,1594965600,332.035,289.678,6
180,2,TEPC,AECI,1596283200,372.401,309.9,7
180,2,TEPC,AECI,1597600800,390.476,317.319,6
180,2,TEPC,AECI,1598918400,549.098,420.459,14
180,2,TEPC,AECI,1600236000,385.046,337.531,6
180,2,TEPC,AECI,1601553600,454.645,363.852,10
180,2,TEPC,AECI,1602871200,375.108,379.365,7
180,2,TEPC,AECI,1604188800,365.544,347.461,5
180,2,TEPC,AECI,1605506400,286.481,269.511,3
180,2,TEPC,AECI,1606824000,193.11,193.11,0
180,2,TEPC,AECI,1608141600,283.048,298.852,3
180,3,TEPC,AECI,1577836800,201.931,278.632,1
180,3,TEPC,AECI,1579154400,216.276,277.66,1
180,3,TEPC,AECI,1580472000,203.908,244.594,1
180,3,TEPC,AECI,1581789600,270.493,252.622,2
180,3,TEPC,AECI,1583107200,213.887,213.887,0
180,3,TEPC,AECI,1584424800,200.436,223.393,1
180,3,TEPC,AECI,1585742400,183.96,183.39,2
180,3,TEPC,AECI,1587060000,222.922,207.643,3
180,3,TEPC,AECI,1588377600,179.254,179.254,0
180,3,TEPC,AECI,1589695200,181.304,231.19,1
180,3,TEPC,AECI,1591012800,177.307,236.568,1
180,3,TEPC,AECI,1592330400,229.121,209.975,2
180,3,TEPC,AECI,1593648000,215.878,215.878,0
180,3,TEPC,AECI,1594965600,282.917,265.65,4
180,3,TEPC,AECI,1596283200,233.293,245.567,2
180,3,TEPC,AECI,1597600800,232.192,232.192,0
180,3,TEPC,AECI,1598918400,249.908,259.945,3
180,3,TEPC,AECI,1600236000,268.507,261.561,1
180,3,TEPC,AECI,1601553600,233.813,261.856,2
180,3,TEPC,AECI,1602871200,207.199,277.32,1
180,3,TEPC,AECI,1604188800,328.74,312.905,3
180,3,TEPC,AECI,1605506400,238.169,239.934,1
180,3,TEPC,AECI,1606824000,193.11,193.11,0
180,3,TEPC,AECI,1608141600,220.903,266.364,1
180,4,TEPC,AECI,1577836800,261.782,261.782,0
180,4,TEPC,AECI,1579154400,260.044,260.044,0
180,4,TEPC,AECI,1580472000,227.287,227.287,0
180,4,TEPC,AECI,1581789600,230.952,230.952,0
180,4,TEPC,AECI,1583107200,213.887,213.887,0
180,4,TEPC,AECI,1584424800,209.261,209.261,0
180,4,TEPC,AECI,1585742400,163.89,163.89,0
180,4,TEPC,AECI,1587060000,178.693,178.693,0
180,4,TEPC,AECI,1588377600,179.254,179.254,0
180,4,TEPC,AECI,1589695200,215.518,215.518,0
180,4,TEPC,AECI,1591012800,222.496,222.496,0
180,4,TEPC,AECI,1592330400,189.451,189.451,0
180,4,TEPC,AECI,1593648000,215.878,215.878,0
180,4,TEPC,AECI,1594965600,207.863,207.863,0
180,4,TEPC,AECI,1596283200,219.66,219.66,0
180,4,TEPC,AECI,1597600800,232.192,232.192,0
180,4,TEPC,AECI,1598918400,219.508,219.508,0
180,4,TEPC,AECI,1600236000,245.174,245.174,0
180,4,TEPC,AECI,1601553600,235.921,235.921,0
180,4,TEPC,AECI,1602871200,262.53,262.53,0
180,4,TEPC,AECI,1604188800,265.706,265.706,0
180,4,TEPC,AECI,1605506400,225.001,225.001,0
180,4,TEPC,AECI,1606824000,193.11,193.11,0
180,4,TEPC,AECI,1608141600,251.11,251.11,0
180,5,TEPC,AECI,1577836800,253.656,314.255,3
180,5,TEPC,AECI,1579154400,268.873,311.213,3
180,5,TEPC,AECI,1580472000,292.226,298.108,5
180,5,TEPC,AECI,1581789600,307.528,295.641,5
180,5,TEPC,AECI,1583107200,287.991,291.982,5
180,5,TEPC,AECI,1584424800,343.271,306.2,7
180,5,TEPC,AECI,1585742400,203.362,198.945,4
180,5,TEPC,AECI,1587060000,290.962,268.159,8
180,5,TEPC,AECI,1588377600,268.975,247.077,6
180,5,TEPC,AECI,1589695200,315.398,307.262,7
180,5,TEPC,AECI,1591012800,201.972,249.049,2
180,5,TEPC,AECI,1592330400,332.124,279.359,8
180,5,TEPC,AECI,1593648000,331.041,297.298,6
180,5,TEPC,AECI,1594965600,329.272,289.678,6
180,5,TEPC,AECI,1596283200,368.791,309.9,7
180,5,TEPC,AECI,1597600800,388.85,317.319,6
180,5,TEPC,AECI,1598918400,544.679,420.459,14
180,5,TEPC,AECI,1600236000,382.332,337.531,6
180,5,TEPC,AECI,1601553600,452.372,363.852,10
180,5,TEPC,AECI,1602871200,320.395,343.656,5
180,5,TEPC,AECI,1604188800,390.632,363.945,6
180,5,TEPC,AECI,1605506400,284.302,269.511,3
180,5,TEPC,AECI,1606824000,193.11,193.11,0
180,5,TEPC,AECI,1608141600,279.102,298.852,3
180,6,TEPC,AECI,1577836800,201.931,278.632,1
180,6,TEPC,AECI,1579154400,216.276,277.66,1
180,6,TEPC,AECI,1580472000,198.752,244.594,1
180,6,TEPC,AECI,1581789600,230.952,230.952,0
180,6,TEPC,AECI,1583107200,213.887,213.887,0
180,6,TEPC,AECI,1584424800,209.261,209.261,0
180,6,TEPC,AECI,1585742400,163.89,163.89,0
180,6,TEPC,AECI,1587060000,178.693,178.693,0
180,6,TEPC,AECI,1588377600,179.254,179.254,0
180,6,TEPC,AECI,1589695200,181.304,231.19,1
180,6,TEPC,AECI,1591012800,177.307,236.568,1
180,6,TEPC,AECI,1592330400,189.451,189.451,0
180,6,TEPC,AECI,1593648000,215.878,215.878,0
180,6,TEPC,AECI,1594965600,207.863,207.863,0
180,6,TEPC,AECI,1596283200,219.66,219.66,0
180,6,TEPC,AECI,1597600800,232.192,232.192,0
180,6,TEPC,AECI,1598918400,219.508,219.508,0
180,6,TEPC,AECI,1600236000,245.174,245.174,0
180,6,TEPC,AECI,1601553600,235.921,235.921,0
180,6,TEPC,AECI,1602871200,207.199,277.32,1
180,6,TEPC,AECI,1604188800,265.706,265.706,0
180,6,TEPC,AECI,1605506400,225.001,225.001,0
180,6,TEPC,AECI,1606824000,193.11,193.11,0
180,6,TEPC,AECI,1608141600,251.11,251.11,0
240,1,AECI,EPE,1577836800,171.652,171.652,0
240,1,AECI,EPE,1579154400,184.829,184.829,0
240,1,AECI,EPE,1580472000,179.08,179.08,0
240,1,AECI,EPE,1581789600,190.047,190.047,0
240,1,AECI,EPE,1583107200,177.533,177.533,0
240,1,AECI,EPE,1584424800,173.609,173.609,0
240,1,AECI,EPE,1585742400,130.078,130.078,0
240,1,AECI,EPE,1587060000,146.519,146.519,0
240,1,AECI,EPE,1588377600,154.192,154.192,0
240,1,AECI,EPE,1589695200,158.058,158.058,0
240,1,AECI,EPE,1591012800,151.782,151.782,0
240,1,AECI,EPE,1592330400,159.195,159.195,0
240,1,AECI,EPE,1593648000,183.868,183.868,0
240,1,AECI,EPE,1594965600,175.21,175.21,0
240,1,AECI,EPE,1596283200,180.832,180.832,0
240,1,AECI,EPE,1597600800,201.072,201.072,0
240,1,AECI,EPE,1598918400,180.384,180.384,0
240,1,AECI,EPE,1600236000,202.899,202.899,0
240,1,AECI,EPE,1601553600,182.573,182.573,0
240,1,AECI,EPE,1602871200,178.75,178.75,0
240,1,AECI,EPE,1604188800,219.569,219.569,0
240,1,AECI,EPE,1605506400,205.232,205.232,0
240,1,AECI,EPE,1606824000,196.187,196.187,0
240,1,AECI,EPE,1608141600,194.483,194.483,0
240,2,AECI,EPE,1577836800,539.447,332.613,11
240,2,AECI,EPE,1579154400,400.111,274.12,6
240,2,AECI,EPE,1580472000,258.658,223.832,3
240,2,AECI,EPE,1581789600,206.857,206.718,1
240,2,AECI,EPE,1583107200,430.162,286.53,8
240,2,AECI,EPE,1584424800,355.287,252.106,6
240,2,AECI,EPE,1585742400,268.765,199.275,5
240,2,AECI,EPE,1587060000,330.61,226.979,7
240,2,AECI,EPE,1588377600,377.885,252.034,8
240,2,AECI,EPE,1589695200,427.741,276.256,9
240,2,AECI,EPE,1591012800,336.448,230.468,6
240,2,AECI,EPE,1592330400,474.608,294.668,10
240,2,AECI,EPE,1593648000,416.41,288.056,7
240,2,AECI,EPE,1594965600,347.065,251.637,5
240,2,AECI,EPE,1596283200,388.713,268.644,6
240,2,AECI,EPE,1597600800,314.942,252.831,3
240,2,AECI,EPE,1598918400,423.48,284.621,7
240,2,AECI,EPE,1600236000,299.179,253.356,3
240,2,AECI,EPE,1601553600,294.757,229.155,3
240,2,AECI,EPE,1602871200,436.877,295.667,7
240,2,AECI,EPE,1604188800,475.401,344.421,8
240,2,AECI,EPE,1605506400,291.489,245.859,3
240,2,AECI,EPE,1606824000,295.668,247.662,3
240,2,AECI,EPE,1608141600,643.673,411.16,13
240,3,AECI,EPE,1577836800,236.5,186.798,1
240,3,AECI,EPE,1579154400,269.92,214.135,2
240,3,AECI,EPE,1580472000,266.15,223.832,3
240,3,AECI,EPE,1581789600,206.857,206.718,1
240,3,AECI,EPE,1583107200,264.107,205.945,2
240,3,AECI,EPE,1584424800,278.144,213.276,3
240,3,AECI,EPE,1585742400,167.054,144.471,1
240,3,AECI,EPE,1587060000,215.668,167.467,2
240,3,AECI,EPE,1588377600,212.652,168.311,1
240,3,AECI,EPE,1589695200,240.483,184.614,2
240,3,AECI,EPE,1591012800,151.782,151.782,0
240,3,AECI,EPE,1592330400,277.83,211.424,4
240,3,AECI,EPE,1593648000,230.789,199.132,1
240,3,AECI,EPE,1594965600,351.227,251.637,5
240,3,AECI,EPE,1596283200,295.155,224.61,3
240,3,AECI,EPE,1597600800,246.217,216.844,1
240,3,AECI,EPE,1598918400,262.121,209.042,2
240,3,AECI,EPE,1600236000,297.894,253.356,3
240,3,AECI,EPE,1601553600,392.872,275.539,6
240,3,AECI,EPE,1602871200,212.817,194.718,1
240,3,AECI,EPE,1604188800,252.371,236.269,1
240,3,AECI,EPE,1605506400,286.062,245.859,3
240,3,AECI,EPE,1606824000,231.502,212.742,1
240,3,AECI,EPE,1608141600,249.702,208.422,1
240,4,AECI,EPE,1577836800,171.652,171.652,0
240,4,AECI,EPE,1579154400,184.829,184.829,0
240,4,AECI,EPE,1580472000,179.08,179.08,0
240,4,AECI,EPE,1581789600,190.047,190.047,0
240,4,AECI,EPE,1583107200,177.533,177.533,0
240,4,AECI,EPE,1584424800,173.609,173.609,0
240,4,AECI,EPE,1585742400,130.078,130.078,0
240,4,AECI,EPE,1587060000,146.519,146.519,0
240,4,AECI,EPE,1588377600,154.192,154.192,0
240,4,AECI,EPE,1589695200,158.058,158.058,0
240,4,AECI,EPE,1591012800,151.782,151.782,0
240,4,AECI,EPE,1592330400,159.195,159.195,0
240,4,AECI,EPE,1593648000,183.868,183.868,0
240,4,AECI,EPE,1594965600,175.21,175.21,0
240,4,AECI,EPE,1596283200,180.832,180.832,0
240,4,AECI,EPE,1597600800,201.072,201.072,0
240,4,AECI,EPE,1598918400,180.384,180.384,0
240,4,AECI,EPE,1600236000,202.899,202.899,0
240,4,AECI,EPE,1601553600,182.573,182.573,0
240,4,AECI,EPE,1602871200,178.75,178.75,0
240,4,AECI,EPE,1604188800,219.569,219.569,0
240,4,AECI,EPE,1605506400,205.232,205.232,0
240,4,AECI,EPE,1606824000,196.187,196.187,0
240,4,AECI,EPE,1608141600,194.483,194.483,0
240,5,AECI,EPE,1577836800,535.206,332.613,11
240,5,AECI,EPE,1579154400,394.649,274.12,6
240,5,AECI,EPE,1580472000,256.938,223.832,3
240,5,AECI,EPE,1581789600,206.857,206.718,1
240,5,AECI,EPE,1583107200,328.088,246.088,5
240,5,AECI,EPE,1584424800,352.659,252.106,6
240,5,AECI,EPE,1585742400,265.467,199.275,5
240,5,AECI,EPE,1587060000,327.537,226.979,7
240,5,AECI,EPE,1588377600,373.491,252.034,8
240,5,AECI,EPE,1589695200,421.701,276.256,9
240,5,AECI,EPE,1591012800,334.116,230.468,6
240,5,AECI,EPE,1592330400,467.313,294.668,10
240,5,AECI,EPE,1593648000,410.004,288.056,7
240,5,AECI,EPE,1594965600,343.471,251.637,5
240,5,AECI,EPE,1596283200,385.665,268.644,6
240,5,AECI,EPE,1597600800,313.193,252.831,3
240,5,AECI,EPE,1598918400,421.432,284.621,7
240,5,AECI,EPE,1600236000,297.523,253.356,3
240,5,AECI,EPE,1601553600,293.445,229.155,3
240,5,AECI,EPE,1602871200,434.455,295.667,7
240,5,AECI,EPE,1604188800,471.764,344.421,8
240,5,AECI,EPE,1605506400,290.541,245.859,3
240,5,AECI,EPE,1606824000,294.839,247.662,3
240,5,AECI,EPE,1608141600,639.122,411.16,13
240,6,AECI,EPE,1577836800,171.652,171.652,0
240,6,AECI,EPE,1579154400,184.829,184.829,0
240,6,AECI,EPE,1580472000,212.677,194.05,1
240,6,AECI,EPE,1581789600,206.857,206.718,1
240,6,AECI,EPE,1583107200,219.484,193.374,1
240,6,AECI,EPE,1584424800,173.609,173.609,0
240,6,AECI,EPE,1585742400,130.078,130.078,0
240,6,AECI,EPE,1587060000,146.519,146.519,0
240,6,AECI,EPE,1588377600,154.192,154.192,0
240,6,AECI,EPE,1589695200,158.058,158.058,0
240,6,AECI,EPE,1591012800,151.782,151.782,0
240,6,AECI,EPE,1592330400,159.195,159.195,0
240,6,AECI,EPE,1593648000,226.181,199.132,1
240,6,AECI,EPE,1594965600,175.21,175.21,0
240,6,AECI,EPE,1596283200,180.832,180.832,0
240,6,AECI,EPE,1597600800,246.217,216.844,1
240,6,AECI,EPE,1598918400,180.384,180.384,0
240,6,AECI,EPE,1600236000,233.565,217.586,1
240,6,AECI,EPE,1601553600,182.573,182.573,0
240,6,AECI,EPE,1602871200,178.75,178.75,0
240,6,AECI,EPE,1604188800,252.371,236.269,1
240,6,AECI,EPE,1605506400,237.818,218.019,1
240,6,AECI,EPE,1606824000,231.502,212.742,1
240,6,AECI,EPE,1608141600,194.483,194.483,0
240,1,AECI,PACE,1577836800,171.652,171.652,0
240,1,AECI,PACE,1579154400,184.829,184.829,0
240,1,AECI,PACE,1580472000,179.08,179.08,0
240,1,AECI,PACE,1581789600,190.047,190.047,0
240,1,AECI,PACE,1583107200,177.533,177.533,0
240,1,AECI,PACE,1584424800,173.609,173.609,0
240,1,AECI,PACE,1585742400,130.078,130.078,0
240,1,AECI,PACE,1587060000,146.519,146.519,0
240,1,AECI,PACE,1588377600,154.192,154.192,0
240,1,AECI,PACE,1589695200,158.058,158.058,0
240,1,AECI,PACE,1591012800,151.782,151.782,0
240,1,AECI,PACE,1592330400,159.195,159.195,0
240,1,AECI,PACE,1593648000,183.868,183.868,0
240,1,AECI,PACE,1594965600,175.21,175.21,0
240,1,AECI,PACE,1596283200,180.832,180.832,0
240,1,AECI,PACE,1597600800,201.072,201.072,0
240,1,AECI,PACE,1598918400,180.384,180.384,0
240,1,AECI,PACE,1600236000,202.899,202.899,0
240,1,AECI,PACE,1601553600,182.573,182.573,0
240,1,AECI,PACE,1602871200,178.75,178.75,0
240,1,AECI,PACE,1604188800,219.569,219.569,0
240,1,AECI,PACE,1605506400,205.232,205.232,0
240,1,AECI,PACE,1606824000,196.187,196.187,0
240,1,AECI,PACE,1608141600,194.483,194.483,0
240,2,AECI,PACE,1577836800,305.988,231.766,4
240,2,AECI,PACE,1579154400,460.365,303.687,8
240,2,AECI,PACE,1580472000,363.776,257.585,6
240,2,AECI,PACE,1581789600,318.239,245.33,4
240,2,AECI,PACE,1583107200,324.897,246.088,5
240,2,AECI,PACE,1584424800,237.728,198.758,2
240,2,AECI,PACE,1585742400,130.078,130.078,0
240,2,AECI,PACE,1587060000,199.551,167.467,2
240,2,AECI,PACE,1588377600,283.924,214.753,5
240,2,AECI,PACE,1589695200,432.635,276.256,9
240,2,AECI,PACE,1591012800,279.616,207.496,4
240,2,AECI,PACE,1592330400,276.326,211.424,4
240,2,AECI,PACE,1593648000,455.283,303.447,8
240,2,AECI,PACE,1594965600,547.941,343.654,11
240,2,AECI,PACE,1596283200,507.272,319.827,10
240,2,AECI,PACE,1597600800,798.387,455.657,16
240,2,AECI,PACE,1598918400,244.949,209.042,2
240,2,AECI,PACE,1600236000,407.083,290.414,5
240,2,AECI,PACE,1601553600,395.769,275.539,6
240,2,AECI,PACE,1602871200,419.518,295.667,7
240,2,AECI,PACE,1604188800,516.693,344.421,8
240,2,AECI,PACE,1605506400,410.889,287.735,6
240,2,AECI,PACE,1606824000,463.139,315.529,7
240,2,AECI,PACE,1608141600,517.908,346.845,9
240,3,AECI,PACE,1577836800,246.089,201.708,2
240,3,AECI,PACE,1579154400,400.715,274.12,6
240,3,AECI,PACE,1580472000,274.857,223.832,3
240,3,AECI,PACE,1581789600,229.676,206.718,1
240,3,AECI,PACE,1583107200,269.354,205.945,2
240,3,AECI,PACE,1584424800,173.609,173.609,0
240,3,AECI,PACE,1585742400,130.078,130.078,0
240,3,AECI,PACE,1587060000,146.519,146.519,0
240,3,AECI,PACE,1588377600,235.2,179.167,2
240,3,AECI,PACE,1589695200,216.01,184.614,2
240,3,AECI,PACE,1591012800,151.782,151.782,0
240,3,AECI,PACE,1592330400,159.195,159.195,0
240,3,AECI,PACE,1593648000,352.543,256.466,5
240,3,AECI,PACE,1594965600,232.446,203.153,2
240,3,AECI,PACE,1596283200,180.832,180.832,0
240,3,AECI,PACE,1597600800,327.978,252.831,3
240,3,AECI,PACE,1598918400,244.149,209.042,2
240,3,AECI,PACE,1600236000,280.933,234.152,2
240,3,AECI,PACE,1601553600,182.573,182.573,0
240,3,AECI,PACE,1602871200,308.534,228.545,3
240,3,AECI,PACE,1604188800,415.661,301.552,5
240,3,AECI,PACE,1605506400,282.177,231.614,2
240,3,AECI,PACE,1606824000,337.252,247.662,3
240,3,AECI,PACE,1608141600,304.757,242.267,3
240,4,AECI,PACE,1577836800,171.652,171.652,0
240,4,AECI,PACE,1579154400,184.829,184.829,0
240,4,AECI,PACE,1580472000,179.08,179.08,0
240,4,AECI,PACE,1581789600,190.047,190.047,0
240,4,AECI,PACE,1583107200,177.533,177.533,0
240,4,AECI,PACE,1584424800,173.609,173.609,0
240,4,AECI,PACE,1585742400,130.078,130.078,0
240,4,AECI,PACE,1587060000,146.519,146.519,0
240,4,AECI,PACE,1588377600,154.192,154.192,0
240,4,AECI,PACE,1589695200,158.058,158.058,0
240,4,AECI,PACE,1591012800,151.782,151.782,0
240,4,AECI,PACE,1592330400,159.195,159.195,0
240,4,AECI,PACE,1593648000,183.868,183.868,0
240,4,AECI,PACE,1594965600,175.21,175.21,0
240,4,AECI,PACE,1596283200,180.832,180.832,0
240,4,AECI,PACE,1597600800,201.072,201.072,0
240,4,AECI,PACE,1598918400,180.384,180.384,0
240,4,AECI,PACE,1600236000,202.899,202.899,0
240,4,AECI,PACE,1601553600,182.573,182.573,0
240,4,AECI,PACE,1602871200,178.75,178.75,0
240,4,AECI,PACE,1604188800,219.569,219.569,0
240,4,AECI,PACE,1605506400,205.232,205.232,0
240,4,AECI,PACE,1606824000,196.187,196.187,0
240,4,AECI,PACE,1608141600,194.483,194.483,0
240,5,AECI,PACE,1577836800,337.168,246.875,5
240,5,AECI,PACE,1579154400,454.554,303.687,8
240,5,AECI,PACE,1580472000,354.218,257.585,6
240,5,AECI,PACE,1581789600,312.482,245.33,4
240,5,AECI,PACE,1583107200,321.248,246.088,5
240,5,AECI,PACE,1584424800,233.894,198.758,2
240,5,AECI,PACE,1585742400,130.078,130.078,0
240,5,AECI,PACE,1587060000,197.092,167.467,2
240,5,AECI,PACE,1588377600,275.505,214.753,5
240,5,AECI,PACE,1589695200,423.863,276.256,9
240,5,AECI,PACE,1591012800,276.426,207.496,4
240,5,AECI,PACE,1592330400,268.846,211.424,4
240,5,AECI,PACE,1593648000,444.445,303.447,8
240,5,AECI,PACE,1594965600,539.153,343.654,11
240,5,AECI,PACE,1596283200,502.553,319.827,10
240,5,AECI,PACE,1597600800,789.731,455.657,16
240,5,AECI,PACE,1598918400,244.98,209.042,2
240,5,AECI,PACE,1600236000,442.975,307.767,6
240,5,AECI,PACE,1601553600,389.745,275.539,6
240,5,AECI,PACE,1602871200,416.154,295.667,7
240,5,AECI,PACE,1604188800,512.141,344.421,8
240,5,AECI,PACE,1605506400,405.949,287.735,6
240,5,AECI,PACE,1606824000,459.177,315.529,7
240,5,AECI,PACE,1608141600,512.555,346.845,9
240,6,AECI,PACE,1577836800,171.652,171.652,0
240,6,AECI,PACE,1579154400,184.829,184.829,0
240,6,AECI,PACE,1580472000,179.08,179.08,0
240,6,AECI,PACE,1581789600,229.676,206.718,1
240,6,AECI,PACE,1583107200,227.664,193.374,1
240,6,AECI,PACE,1584424800,173.609,173.609,0
240,6,AECI,PACE,1585742400,130.078,130.078,0
240,6,AECI,PACE,1587060000,146.519,146.519,0
240,6,AECI,PACE,1588377600,154.192,154.192,0
240,6,AECI,PACE,1589695200,158.058,158.058,0
240,6,AECI,PACE,1591012800,151.782,151.782,0
240,6,AECI,PACE,1592330400,159.195,159.195,0
240,6,AECI,PACE,1593648000,183.868,183.868,0
240,6,AECI,PACE,1594965600,175.21,175.21,0
240,6,AECI,PACE,1596283200,180.832,180.832,0
240,6,AECI,PACE,1597600800,201.072,201.072,0
240,6,AECI,PACE,1598918400,180.384,180.384,0
240,6,AECI,PACE,1600236000,202.899,202.899,0
240,6,AECI,PACE,1601553600,182.573,182.573,0
240,6,AECI,PACE,1602871200,178.75,178.75,0
240,6,AECI,PACE,1604188800,219.569,219.569,0
240,6,AECI,PACE,1605506400,205.232,205.232,0
240,6,AECI,PACE,1606824000,196.187,196.187,0
240,6,AECI,PACE,1608141600,194.483,194.483,0
240,1,AECI,TEPC,1577836800,171.652,171.652,0
240,1,AECI,TEPC,1579154400,184.829,184.829,0
240,1,AECI,TEPC,1580472000,179.08,179.08,0
240,1,AECI,TEPC,1581789600,190.047,190.047,0
240,1,AECI,TEPC,1583107200,177.533,177.533,0
240,1,AECI,TEPC,1584424800,173.609,173.609,0
240,1,AECI,TEPC,1585742400,130.078,130.078,0
240,1,AECI,TEPC,1587060000,146.519,146.519,0
240,1,AECI,TEPC,1588377600,154.192,154.192,0
240,1,AECI,TEPC,1589695200,158.058,158.058,0
240,1,AECI,TEPC,1591012800,151.782,151.782,0
240,1,AECI,TEPC,1592330400,159.195,159.195,0
240,1,AECI,TEPC,1593648000,183.868,183.868,0
240,1,AECI,TEPC,1594965600,175.21,175.21,0
240,1,AECI,TEPC,1596283200,180.832,180.832,0
240,1,AECI,TEPC,1597600800,201.072,201.072,0
240,1,AECI,TEPC,1598918400,180.384,180.384,0
240,1,AECI,TEPC,1600236000,202.899,202.899,0
240,1,AECI,TEPC,1601553600,182.573,182.573,0
240,1,AECI,TEPC,1602871200,178.75,178.75,0
240,1,AECI,TEPC,1604188800,219.569,219.569,0
240,1,AECI,TEPC,1605506400,205.232,205.232,0
240,1,AECI,TEPC,1606824000,196.187,196.187,0
240,1,AECI,TEPC,1608141600,194.483,194.483,0
240,2,AECI,TEPC,1577836800,241.388,201.708,2
240,2,AECI,TEPC,1579154400,257.853,214.135,2
240,2,AECI,TEPC,1580472000,361.754,257.585,6
240,2,AECI,TEPC,1581789600,415.961,290.76,7
240,2,AECI,TEPC,1583107200,429.56,286.53,8
240,2,AECI,TEPC,1584424800,364.57,252.106,6
240,2,AECI,TEPC,1585742400,319.123,226.771,7
240,2,AECI,TEPC,1587060000,412.749,267.325,10
240,2,AECI,TEPC,1588377600,371.131,252.034,8
240,2,AECI,TEPC,1589695200,403.591,262.742,8
240,2,AECI,TEPC,1591012800,247.508,193.543,3
240,2,AECI,TEPC,1592330400,426.738,281.882,9
240,2,AECI,TEPC,1593648000,419.949,288.056,7
240,2,AECI,TEPC,1594965600,346.36,251.637,5
240,2,AECI,TEPC,1596283200,393.777,268.644,6
240,2,AECI,TEPC,1597600800,542.878,353.038,9
240,2,AECI,TEPC,1598918400,779.842,449.322,17
240,2,AECI,TEPC,1600236000,400.381,290.414,5
240,2,AECI,TEPC,1601553600,500.053,325.391,9
240,2,AECI,TEPC,1602871200,438.039,295.667,7
240,2,AECI,TEPC,1604188800,520.199,344.421,8
240,2,AECI,TEPC,1605506400,408.689,287.735,6
240,2,AECI,TEPC,1606824000,224.616,212.742,1
240,2,AECI,TEPC,1608141600,342.286,257.489,4
240,3,AECI,TEPC,1577836800,171.652,171.652,0
240,3,AECI,TEPC,1579154400,184.829,184.829,0
240,3,AECI,TEPC,1580472000,179.08,179.08,0
240,3,AECI,TEPC,1581789600,262.751,206.718,1
240,3,AECI,TEPC,1583107200,275.642,205.945,2
240,3,AECI,TEPC,1584424800,235.682,198.758,2
240,3,AECI,TEPC,1585742400,209.986,172.247,3
240,3,AECI,TEPC,1587060000,259.818,190.343,4
240,3,AECI,TEPC,1588377600,235.183,179.167,2
240,3,AECI,TEPC,1589695200,217.083,184.614,2
240,3,AECI,TEPC,1591012800,151.782,151.782,0
240,3,AECI,TEPC,1592330400,299.42,211.424,4
240,3,AECI,TEPC,1593648000,279.897,212.804,2
240,3,AECI,TEPC,1594965600,275.409,219.643,3
240,3,AECI,TEPC,1596283200,301.415,224.61,3
240,3,AECI,TEPC,1597600800,265.361,216.844,1
240,3,AECI,TEPC,1598918400,244.747,209.042,2
240,3,AECI,TEPC,1600236000,342.463,253.356,3
240,3,AECI,TEPC,1601553600,182.573,182.573,0
240,3,AECI,TEPC,1602871200,214.4,194.718,1
240,3,AECI,TEPC,1604188800,461.945,317.881,6
240,3,AECI,TEPC,1605506400,277.051,231.614,2
240,3,AECI,TEPC,1606824000,224.616,212.742,1
240,3,AECI,TEPC,1608141600,194.483,194.483,0
240,4,AECI,TEPC,1577836800,171.652,171.652,0
240,4,AECI,TEPC,1579154400,184.829,184.829,0
240,4,AECI,TEPC,1580472000,179.08,179.08,0
240,4,AECI,TEPC,1581789600,190.047,190.047,0
240,4,AECI,TEPC,1583107200,177.533,177.533,0
240,4,AECI,TEPC,1584424800,173.609,173.609,0
240,4,AECI,TEPC,1585742400,130.078,130.078,0
240,4,AECI,TEPC,1587060000,146.519,146.519,0
240,4,AECI,TEPC,1588377600,154.192,154.192,0
240,4,AECI,TEPC,1589695200,158.058,158.058,0
240,4,AECI,TEPC,1591012800,151.782,151.782,0
240,4,AECI,TEPC,1592330400,159.195,159.195,0
240,4,AECI,TEPC,1593648000,183.868,183.868,0
240,4,AECI,TEPC,1594965600,175.21,175.21,0
240,4,AECI,TEPC,1596283200,180.832,180.832,0
240,4,AECI,TEPC,1597600800,201.072,201.072,0
240,4,AECI,TEPC,1598918400,180.384,180.384,0
240,4,AECI,TEPC,1600236000,202.899,202.899,0
240,4,AECI,TEPC,1601553600,182.573,182.573,0
240,4,AECI,TEPC,1602871200,178.75,178.75,0
240,4,AECI,TEPC,1604188800,219.569,219.569,0
240,4,AECI,TEPC,1605506400,205.232,205.232,0
240,4,AECI,TEPC,1606824000,196.187,196.187,0
240,4,AECI,TEPC,1608141600,194.483,194.483,0
240,5,AECI,TEPC,1577836800,239.873,201.708,2
240,5,AECI,TEPC,1579154400,256.879,214.135,2
240,5,AECI,TEPC,1580472000,351.707,257.585,6
240,5,AECI,TEPC,1581789600,411.233,290.76,7
240,5,AECI,TEPC,1583107200,323.34,246.088,5
240,5,AECI,TEPC,1584424800,360.576,252.106,6
240,5,AECI,TEPC,1585742400,314.048,226.771,7
240,5,AECI,TEPC,1587060000,403.065,267.325,10
240,5,AECI,TEPC,1588377600,365.454,252.034,8
240,5,AECI,TEPC,1589695200,334.116,236.798,6
240,5,AECI,TEPC,1591012800,246.035,193.543,3
240,5,AECI,TEPC,1592330400,420.634,281.882,9
240,5,AECI,TEPC,1593648000,414.975,288.056,7
240,5,AECI,TEPC,1594965600,342.734,251.637,5
240,5,AECI,TEPC,1596283200,390.021,268.644,6
240,5,AECI,TEPC,1597600800,572.163,367.302,10
240,5,AECI,TEPC,1598918400,871.001,493.211,20
240,5,AECI,TEPC,1600236000,396.716,290.414,5
240,5,AECI,TEPC,1601553600,495.773,325.391,9
240,5,AECI,TEPC,1602871200,434.705,295.667,7
240,5,AECI,TEPC,1604188800,515.675,344.421,8
240,5,AECI,TEPC,1605506400,405.389,287.735,6
240,5,AECI,TEPC,1606824000,224.616,212.742,1
240,5,AECI,TEPC,1608141600,341.272,257.489,4
240,6,AECI,TEPC,1577836800,171.652,171.652,0
240,6,AECI,TEPC,1579154400,184.829,184.829,0
240,6,AECI,TEPC,1580472000,179.08,179.08,0
240,6,AECI,TEPC,1581789600,190.047,190.047,0
240,6,AECI,TEPC,1583107200,177.533,177.533,0
240,6,AECI,TEPC,1584424800,173.609,173.609,0
240,6,AECI,TEPC,1585742400,130.078,130.078,0
240,6,AECI,TEPC,1587060000,146.519,146.519,0
240,6,AECI,TEPC,1588377600,154.192,154.192,0
240,6,AECI,TEPC,1589695200,158.058,158.058,0
240,6,AECI,TEPC,1591012800,151.782,151.782,0
240,6,AECI,TEPC,1592330400,159.195,159.195,0
240,6,AECI,TEPC,1593648000,183.868,183.868,0
240,6,AECI,TEPC,1594965600,175.21,175.21,0
240,6,AECI,TEPC,1596283200,180.832,180.832,0
240,6,AECI,TEPC,1597600800,201.072,201.072,0
240,6,AECI,TEPC,1598918400,180.384,180.384,0
240,6,AECI,TEPC,1600236000,202.899,202.899,0
240,6,AECI,TEPC,1601553600,182.573,182.573,0
240,6,AECI,TEPC,1602871200,178.75,178.75,0
240,6,AECI,TEPC,1604188800,219.569,219.569,0
240,6,AECI,TEPC,1605506400,205.232,205.232,0
240,6,AECI,TEPC,1606824000,224.616,212.742,1
240,6,AECI,TEPC,1608141600,194.483,194.483,0
240,1,BANC,CISO,1577836800,76.253,76.253,0
240,1,BANC,CISO,1579154400,81.548,81.548,0
240,1,BANC,CISO,1580472000,55.83,55.83,0
240,1,BANC,CISO,1581789600,52.267,52.267,0
240,1,BANC,CISO,1583107200,52.43,52.43,0
240,1,BANC,CISO,1584424800,83.316,83.316,0
240,1,BANC,CISO,1585742400,44.33,44.33,0
240,1,BANC,CISO,1587060000,33.313,33.313,0
240,1,BANC,CISO,1588377600,42.749,42.749,0
240,1,BANC,CISO,1589695200,42.187,42.187,0
240,1,BANC,CISO,1591012800,42.378,42.378,0
240,1,BANC,CISO,1592330400,40.383,40.383,0
240,1,BANC,CISO,1593648000,37.688,37.688,0
240,1,BANC,CISO,1594965600,55.204,55.204,0
240,1,BANC,CISO,1596283200,56.684,56.684,0
240,1,BANC,CISO,1597600800,78.197,78.197,0
240,1,BANC,CISO,1598918400,75.022,75.022,0
240,1,BANC,CISO,1600236000,80.174,80.174,0
240,1,BANC,CISO,1601553600,81.036,81.036,0
240,1,BANC,CISO,1602871200,74.249,74.249,0
240,1,BANC,CISO,1604188800,87.09,87.09,0
240,1,BANC,CISO,1605506400,93.475,93.475,0
240,1,BANC,CISO,1606824000,108.643,108.643,0
240,1,BANC,CISO,1608141600,91.972,91.972,0
240,2,BANC,CISO,1577836800,139.791,102.765,4
240,2,BANC,CISO,1579154400,182.297,120.784,6
240,2,BANC,CISO,1580472000,90.463,72.823,3
240,2,BANC,CISO,1581789600,142.802,91.293,7
240,2,BANC,CISO,1583107200,94.583,68.692,4
240,2,BANC,CISO,1584424800,190.308,124.928,6
240,2,BANC,CISO,1585742400,104.069,67.812,6
240,2,BANC,CISO,1587060000,59.176,42.915,4
240,2,BANC,CISO,1588377600,108.258,69.618,8
240,2,BANC,CISO,1589695200,78.746,64.326,5
240,2,BANC,CISO,1591012800,84.294,60.962,4
240,2,BANC,CISO,1592330400,140.63,85.623,10
240,2,BANC,CISO,1593648000,73.516,54.979,5
240,2,BANC,CISO,1594965600,121.888,86.007,6
240,2,BANC,CISO,1596283200,123.287,86.493,6
240,2,BANC,CISO,1597600800,108.511,90.655,2
240,2,BANC,CISO,1598918400,204.738,132.352,8
240,2,BANC,CISO,1600236000,169.367,117.059,6
240,2,BANC,CISO,1601553600,174.262,117.76,6
240,2,BANC,CISO,1602871200,166.773,111.248,6
240,2,BANC,CISO,1604188800,155.774,106.42,4
240,2,BANC,CISO,1605506400,341.694,203.164,13
240,2,BANC,CISO,1606824000,389.303,231.44,13
240,2,BANC,CISO,1608141600,203.197,134.09,7
240,3,BANC,CISO,1577836800,104.745,88.188,2
240,3,BANC,CISO,1579154400,81.548,81.548,0
240,3,BANC,CISO,1580472000,55.83,55.83,0
240,3,BANC,CISO,1581789600,62.629,58.219,1
240,3,BANC,CISO,1583107200,70.466,60.235,2
240,3,BANC,CISO,1584424800,83.316,83.316,0
240,3,BANC,CISO,1585742400,44.33,44.33,0
240,3,BANC,CISO,1587060000,39.02,35.763,1
240,3,BANC,CISO,1588377600,84.678,59.507,5
240,3,BANC,CISO,1589695200,58.204,50.011,2
240,3,BANC,CISO,1591012800,42.378,42.378,0
240,3,BANC,CISO,1592330400,49.045,43.909,1
240,3,BANC,CISO,1593648000,51.87,43.971,2
240,3,BANC,CISO,1594965600,55.204,55.204,0
240,3,BANC,CISO,1596283200,56.684,56.684,0
240,3,BANC,CISO,1597600800,78.197,78.197,0
240,3,BANC,CISO,1598918400,108.278,86.811,2
240,3,BANC,CISO,1600236000,80.174,80.174,0
240,3,BANC,CISO,1601553600,81.036,81.036,0
240,3,BANC,CISO,1602871200,88.172,80.671,1
240,3,BANC,CISO,1604188800,87.09,87.09,0
240,3,BANC,CISO,1605506400,174.712,120.014,3
240,3,BANC,CISO,1606824000,142.43,118.357,1
240,3,BANC,CISO,1608141600,148.817,116.181,4
240,4,BANC,CISO,1577836800,76.253,76.253,0
240,4,BANC,CISO,1579154400,81.548,81.548,0
240,4,BANC,CISO,1580472000,55.83,55.83,0
240,4,BANC,CISO,1581789600,52.267,52.267,0
240,4,BANC,CISO,1583107200,52.43,52.43,0
240,4,BANC,CISO,1584424800,83.316,83.316,0
240,4,BANC,CISO,1585742400,44.33,44.33,0
240,4,BANC,CISO,1587060000,33.313,33.313,0
240,4,BANC,CISO,1588377600,42.749,42.749,0
240,4,BANC,CISO,1589695200,42.187,42.187,0
240,4,BANC,CISO,1591012800,42.378,42.378,0
240,4,BANC,CISO,1592330400,40.383,40.383,0
240,4,BANC,CISO,1593648000,37.688,37.688,0
240,4,BANC,CISO,1594965600,55.204,55.204,0
240,4,BANC,CISO,1596283200,56.684,56.684,0
240,4,BANC,CISO,1597600800,78.197,78.197,0
240,4,BANC,CISO,1598918400,75.022,75.022,0
240,4,BANC,CISO,1600236000,80.174,80.174,0
240,4,BANC,CISO,1601553600,81.036,81.036,0
240,4,BANC,CISO,1602871200,74.249,74.249,0
240,4,BANC,CISO,1604188800,87.09,87.09,0
240,4,BANC,CISO,1605506400,93.475,93.475,0
240,4,BANC,CISO,1606824000,108.643,108.643,0
240,4,BANC,CISO,1608141600,91.972,91.972,0
240,5,BANC,CISO,1577836800,134.058,102.765,4
240,5,BANC,CISO,1579154400,174.89,120.784,6
240,5,BANC,CISO,1580472000,89.29,72.823,3
240,5,BANC,CISO,1581789600,132.155,91.293,7
240,5,BANC,CISO,1583107200,89.912,68.692,4
240,5,BANC,CISO,1584424800,179.536,124.928,6
240,5,BANC,CISO,1585742400,94.71,67.812,6
240,5,BANC,CISO,1587060000,58.043,42.915,4
240,5,BANC,CISO,1588377600,70.261,59.507,5
240,5,BANC,CISO,1589695200,82.758,68.002,6
240,5,BANC,CISO,1591012800,83.359,60.962,4
240,5,BANC,CISO,1592330400,134.33,85.623,10
240,5,BANC,CISO,1593648000,71.214,54.979,5
240,5,BANC,CISO,1594965600,118.249,86.007,6
240,5,BANC,CISO,1596283200,120.348,86.493,6
240,5,BANC,CISO,1597600800,108.511,90.655,2
240,5,BANC,CISO,1598918400,200.008,132.352,8
240,5,BANC,CISO,1600236000,166.611,117.059,6
240,5,BANC,CISO,1601553600,170.42,117.76,6
240,5,BANC,CISO,1602871200,132.45,98.84,4
240,5,BANC,CISO,1604188800,152.027,106.42,4
240,5,BANC,CISO,1605506400,327.039,203.164,13
240,5,BANC,CISO,1606824000,381.555,231.44,13
240,5,BANC,CISO,1608141600,193.201,134.09,7
240,6,BANC,CISO,1577836800,76.253,76.253,0
240,6,BANC,CISO,1579154400,81.548,81.548,0
240,6,BANC,CISO,1580472000,55.83,55.83,0
240,6,BANC,CISO,1581789600,52.267,52.267,0
240,6,BANC,CISO,1583107200,52.43,52.43,0
240,6,BANC,CISO,1584424800,83.316,83.316,0
240,6,BANC,CISO,1585742400,44.33,44.33,0
240,6,BANC,CISO,1587060000,33.313,33.313,0
240,6,BANC,CISO,1588377600,42.749,42.749,0
240,6,BANC,CISO,1589695200,42.187,42.187,0
240,6,BANC,CISO,1591012800,42.378,42.378,0
240,6,BANC,CISO,1592330400,40.383,40.383,0
240,6,BANC,CISO,1593648000,37.688,37.688,0
240,6,BANC,CISO,1594965600,55.204,55.204,0
240,6,BANC,CISO,1596283200,56.684,56.684,0
240,6,BANC,CISO,1597600800,78.197,78.197,0
240,6,BANC,CISO,1598918400,75.022,75.022,0
240,6,BANC,CISO,1600236000,80.174,80.174,0
240,6,BANC,CISO,1601553600,81.036,81.036,0
240,6,BANC,CISO,1602871200,74.249,74.249,0
240,6,BANC,CISO,1604188800,87.09,87.09,0
240,6,BANC,CISO,1605506400,93.475,93.475,0
240,6,BANC,CISO,1606824000,142.43,118.357,1
240,6,BANC,CISO,1608141600,91.972,91.972,0
240,1,CISO,BANC,1577836800,130.428,130.428,0
240,1,CISO,BANC,1579154400,140.472,140.472,0
240,1,CISO,BANC,1580472000,117.952,117.952,0
240,1,CISO,BANC,1581789600,103.569,103.569,0
240,1,CISO,BANC,1583107200,104.144,104.144,0
240,1,CISO,BANC,1584424800,135.48,135.48,0
240,1,CISO,BANC,1585742400,79.732,79.732,0
240,1,CISO,BANC,1587060000,80.679,80.679,0
240,1,CISO,BANC,1588377600,56.36,56.36,0
240,1,CISO,BANC,1589695200,62.849,62.849,0
240,1,CISO,BANC,1591012800,94.687,94.687,0
240,1,CISO,BANC,1592330400,66.377,66.377,0
240,1,CISO,BANC,1593648000,73.665,73.665,0
240,1,CISO,BANC,1594965600,90.516,90.516,0
240,1,CISO,BANC,1596283200,92.419,92.419,0
240,1,CISO,BANC,1597600800,127.384,127.384,0
240,1,CISO,BANC,1598918400,110.116,110.116,0
240,1,CISO,BANC,1600236000,126.99,126.99,0
240,1,CISO,BANC,1601553600,129.978,129.978,0
240,1,CISO,BANC,1602871200,142.021,142.021,0
240,1,CISO,BANC,1604188800,143.8,143.8,0
240,1,CISO,BANC,1605506400,123.623,123.623,0
240,1,CISO,BANC,1606824000,121.375,121.375,0
240,1,CISO,BANC,1608141600,120.762,120.762,0
240,2,CISO,BANC,1577836800,178.032,204.289,6
240,2,CISO,BANC,1579154400,205.169,226.092,7
240,2,CISO,BANC,1580472000,124.774,159.441,5
240,2,CISO,BANC,1581789600,117.246,154.602,5
240,2,CISO,BANC,1583107200,118.585,160.139,6
240,2,CISO,BANC,1584424800,211.874,215.679,7
240,2,CISO,BANC,1585742400,127.24,129.908,8
240,2,CISO,BANC,1587060000,53.274,94.891,3
240,2,CISO,BANC,1588377600,85.424,85.78,6
240,2,CISO,BANC,1589695200,100.772,97.033,7
240,2,CISO,BANC,1591012800,98.223,134.679,5
240,2,CISO,BANC,1592330400,132.397,123.958,9
240,2,CISO,BANC,1593648000,91.573,115.078,7
240,2,CISO,BANC,1594965600,136.898,142.31,7
240,2,CISO,BANC,1596283200,150.043,148.695,8
240,2,CISO,BANC,1597600800,95.648,137.052,1
240,2,CISO,BANC,1598918400,222.129,199.848,9
240,2,CISO,BANC,1600236000,188.234,198.57,7
240,2,CISO,BANC,1601553600,208.433,211.405,8
240,2,CISO,BANC,1602871200,150.264,196.177,5
240,2,CISO,BANC,1604188800,173.742,203.814,5
240,2,CISO,BANC,1605506400,366.445,254.925,14
240,2,CISO,BANC,1606824000,405.758,268.464,14
240,2,CISO,BANC,1608141600,233.776,209.503,9
240,3,CISO,BANC,1577836800,95.645,143.797,1
240,3,CISO,BANC,1579154400,104.935,154.524,1
240,3,CISO,BANC,1580472000,74.846,128.857,1
240,3,CISO,BANC,1581789600,84.213,129.344,3
240,3,CISO,BANC,1583107200,63.942,114.206,1
240,3,CISO,BANC,1584424800,106.244,147.745,1
240,3,CISO,BANC,1585742400,57.405,86.887,1
240,3,CISO,BANC,1587060000,50.373,94.891,3
240,3,CISO,BANC,1588377600,72.02,73.212,3
240,3,CISO,BANC,1589695200,81.512,81.585,4
240,3,CISO,BANC,1591012800,55.288,102.903,1
240,3,CISO,BANC,1592330400,65.807,85.603,3
240,3,CISO,BANC,1593648000,46.726,81.107,1
240,3,CISO,BANC,1594965600,69.92,99.605,1
240,3,CISO,BANC,1596283200,81.749,104.317,2
240,3,CISO,BANC,1597600800,93.716,137.052,1
240,3,CISO,BANC,1598918400,89.033,119.988,1
240,3,CISO,BANC,1600236000,100.02,138.508,1
240,3,CISO,BANC,1601553600,115.98,148.333,2
240,3,CISO,BANC,1602871200,117.032,171.287,3
240,3,CISO,BANC,1604188800,104.203,156.594,1
240,3,CISO,BANC,1605506400,156.013,145.22,2
240,3,CISO,BANC,1606824000,121.375,121.375,0
240,3,CISO,BANC,1608141600,142.209,149.815,3
240,4,CISO,BANC,1577836800,130.428,130.428,0
240,4,CISO,BANC,1579154400,140.472,140.472,0
240,4,CISO,BANC,1580472000,117.952,117.952,0
240,4,CISO,BANC,1581789600,103.569,103.569,0
240,4,CISO,BANC,1583107200,104.144,104.144,0
240,4,CISO,BANC,1584424800,135.48,135.48,0
240,4,CISO,BANC,1585742400,79.732,79.732,0
240,4,CISO,BANC,1587060000,80.679,80.679,0
240,4,CISO,BANC,1588377600,56.36,56.36,0
240,4,CISO,BANC,1589695200,62.849,62.849,0
240,4,CISO,BANC,1591012800,94.687,94.687,0
240,4,CISO,BANC,1592330400,66.377,66.377,0
240,4,CISO,BANC,1593648000,73.665,73.665,0
240,4,CISO,BANC,1594965600,90.516,90.516,0
240,4,CISO,BANC,1596283200,92.419,92.419,0
240,4,CISO,BANC,1597600800,127.384,127.384,0
240,4,CISO,BANC,1598918400,110.116,110.116,0
240,4,CISO,BANC,1600236000,126.99,126.99,0
240,4,CISO,BANC,1601553600,129.978,129.978,0
240,4,CISO,BANC,1602871200,142.021,142.021,0
240,4,CISO,BANC,1604188800,143.8,143.8,0
240,4,CISO,BANC,1605506400,123.623,123.623,0
240,4,CISO,BANC,1606824000,121.375,121.375,0
240,4,CISO,BANC,1608141600,120.762,120.762,0
240,5,CISO,BANC,1577836800,187.545,217.186,7
240,5,CISO,BANC,1579154400,197.761,226.092,7
240,5,CISO,BANC,1580472000,120.566,159.441,5
240,5,CISO,BANC,1581789600,106.214,154.602,5
240,5,CISO,BANC,1583107200,123.513,171.004,7
240,5,CISO,BANC,1584424800,201.102,215.679,7
240,5,CISO,BANC,1585742400,117.715,129.908,8
240,5,CISO,BANC,1587060000,52.141,94.891,3
240,5,CISO,BANC,1588377600,77.746,85.78,6
240,5,CISO,BANC,1589695200,94.626,97.033,7
240,5,CISO,BANC,1591012800,97.57,134.679,5
240,5,CISO,BANC,1592330400,126.097,123.958,9
240,5,CISO,BANC,1593648000,88.582,115.078,7
240,5,CISO,BANC,1594965600,133.259,142.31,7
240,5,CISO,BANC,1596283200,148.331,148.695,8
240,5,CISO,BANC,1597600800,94.986,137.052,1
240,5,CISO,BANC,1598918400,217.399,199.848,9
240,5,CISO,BANC,1600236000,185.478,198.57,7
240,5,CISO,BANC,1601553600,204.038,211.405,8
240,5,CISO,BANC,1602871200,148.244,196.177,5
240,5,CISO,BANC,1604188800,169.994,203.814,5
240,5,CISO,BANC,1605506400,387.835,272.912,16
240,5,CISO,BANC,1606824000,397.103,268.464,14
240,5,CISO,BANC,1608141600,164.517,172.556,5
240,6,CISO,BANC,1577836800,95.645,143.797,1
240,6,CISO,BANC,1579154400,104.935,154.524,1
240,6,CISO,BANC,1580472000,74.846,128.857,1
240,6,CISO,BANC,1581789600,64.295,108.751,1
240,6,CISO,BANC,1583107200,63.942,114.206,1
240,6,CISO,BANC,1584424800,106.244,147.745,1
240,6,CISO,BANC,1585742400,57.405,86.887,1
240,6,CISO,BANC,1587060000,39.358,83.791,1
240,6,CISO,BANC,1588377600,56.36,56.36,0
240,6,CISO,BANC,1589695200,54.31,68.678,1
240,6,CISO,BANC,1591012800,55.288,102.903,1
240,6,CISO,BANC,1592330400,46.384,70.906,1
240,6,CISO,BANC,1593648000,46.726,81.107,1
240,6,CISO,BANC,1594965600,69.92,99.605,1
240,6,CISO,BANC,1596283200,71.701,99.287,1
240,6,CISO,BANC,1597600800,93.716,137.052,1
240,6,CISO,BANC,1598918400,110.116,110.116,0
240,6,CISO,BANC,1600236000,100.02,138.508,1
240,6,CISO,BANC,1601553600,101.034,140.582,1
240,6,CISO,BANC,1602871200,90.103,148.958,1
240,6,CISO,BANC,1604188800,104.203,156.594,1
240,6,CISO,BANC,1605506400,123.623,123.623,0
240,6,CISO,BANC,1606824000,121.375,121.375,0
240,6,CISO,BANC,1608141600,114.22,127.714,1
240,1,EPE,AECI,1577836800,202.093,202.093,0
240,1,EPE,AECI,1579154400,207.289,207.289,0
240,1,EPE,AECI,1580472000,181.504,181.504,0
240,1,EPE,AECI,1581789600,175.974,175.974,0
240,1,EPE,AECI,1583107200,202.541,202.541,0
240,1,EPE,AECI,1584424800,204.307,204.307,0
240,1,EPE,AECI,1585742400,164.605,164.605,0
240,1,EPE,AECI,1587060000,171.684,171.684,0
240,1,EPE,AECI,1588377600,183.602,183.602,0
240,1,EPE,AECI,1589695200,189.282,189.282,0
240,1,EPE,AECI,1591012800,195.852,195.852,0
240,1,EPE,AECI,1592330400,195.157,195.157,0
240,1,EPE,AECI,1593648000,198.016,198.016,0
240,1,EPE,AECI,1594965600,209.436,209.436,0
240,1,EPE,AECI,1596283200,204.715,204.715,0
240,1,EPE,AECI,1597600800,214.763,214.763,0
240,1,EPE,AECI,1598918400,203.471,203.471,0
240,1,EPE,AECI,1600236000,199.728,199.728,0
240,1,EPE,AECI,1601553600,220.07,220.07,0
240,1,EPE,AECI,1602871200,223.978,223.978,0
240,1,EPE,AECI,1604188800,214.945,214.945,0
240,1,EPE,AECI,1605506400,203.959,203.959,0
240,1,EPE,AECI,1606824000,198.83,198.83,0
240,1,EPE,AECI,1608141600,215.454,215.454,0
240,2,EPE,AECI,1577836800,507.116,377.354,10
240,2,EPE,AECI,1579154400,335.314,278.483,4
240,2,EPE,AECI,1580472000,230.438,212.378,2
240,2,EPE,AECI,1581789600,175.974,175.974,0
240,2,EPE,AECI,1583107200,366.392,302.283,6
240,2,EPE,AECI,1584424800,385.981,312.539,7
240,2,EPE,AECI,1585742400,242.371,219.567,4
240,2,EPE,AECI,1587060000,279.671,249.956,5
240,2,EPE,AECI,1588377600,320.191,270.772,6
240,2,EPE,AECI,1589695200,461.419,353.515,10
240,2,EPE,AECI,1591012800,398.07,324.486,8
240,2,EPE,AECI,1592330400,412.524,328.334,8
240,2,EPE,AECI,1593648000,383.195,300.668,6
240,2,EPE,AECI,1594965600,416.628,334.199,7
240,2,EPE,AECI,1596283200,420.328,325.983,7
240,2,EPE,AECI,1597600800,282.649,246.84,2
240,2,EPE,AECI,1598918400,391.479,305.735,6
240,2,EPE,AECI,1600236000,199.728,199.728,0
240,2,EPE,AECI,1601553600,369.662,312.129,5
240,2,EPE,AECI,1602871200,332.012,299.156,4
240,2,EPE,AECI,1604188800,410.335,320.968,6
240,2,EPE,AECI,1605506400,230.866,221.153,1
240,2,EPE,AECI,1606824000,264.16,232.408,2
240,2,EPE,AECI,1608141600,610.925,427.421,12
240,3,EPE,AECI,1577836800,202.093,202.093,0
240,3,EPE,AECI,1579154400,207.289,207.289,0
240,3,EPE,AECI,1580472000,226.137,212.378,2
240,3,EPE,AECI,1581789600,175.974,175.974,0
240,3,EPE,AECI,1583107200,202.541,202.541,0
240,3,EPE,AECI,1584424800,225.892,220.305,1
240,3,EPE,AECI,1585742400,201.155,191.267,2
240,3,EPE,AECI,1587060000,171.684,171.684,0
240,3,EPE,AECI,1588377600,183.602,183.602,0
240,3,EPE,AECI,1589695200,217.876,207.433,1
240,3,EPE,AECI,1591012800,215.92,227.161,2
240,3,EPE,AECI,1592330400,244.44,244.79,3
240,3,EPE,AECI,1593648000,198.016,198.016,0
240,3,EPE,AECI,1594965600,330.008,280.179,4
240,3,EPE,AECI,1596283200,265.518,236.944,2
240,3,EPE,AECI,1597600800,214.763,214.763,0
240,3,EPE,AECI,1598918400,232.427,221.022,1
240,3,EPE,AECI,1600236000,199.728,199.728,0
240,3,EPE,AECI,1601553600,261.888,255.173,2
240,3,EPE,AECI,1602871200,333.746,299.156,4
240,3,EPE,AECI,1604188800,214.945,214.945,0
240,3,EPE,AECI,1605506400,227.594,221.153,1
240,3,EPE,AECI,1606824000,263.331,232.408,2
240,3,EPE,AECI,1608141600,280.576,250.895,2
240,4,EPE,AECI,1577836800,202.093,202.093,0
240,4,EPE,AECI,1579154400,207.289,207.289,0
240,4,EPE,AECI,1580472000,181.504,181.504,0
240,4,EPE,AECI,1581789600,175.974,175.974,0
240,4,EPE,AECI,1583107200,202.541,202.541,0
240,4,EPE,AECI,1584424800,204.307,204.307,0
240,4,EPE,AECI,1585742400,164.605,164.605,0
240,4,EPE,AECI,1587060000,171.684,171.684,0
240,4,EPE,AECI,1588377600,183.602,183.602,0
240,4,EPE,AECI,1589695200,189.282,189.282,0
240,4,EPE,AECI,1591012800,195.852,195.852,0
240,4,EPE,AECI,1592330400,195.157,195.157,0
240,4,EPE,AECI,1593648000,198.016,198.016,0
240,4,EPE,AECI,1594965600,209.436,209.436,0
240,4,EPE,AECI,1596283200,204.715,204.715,0
240,4,EPE,AECI,1597600800,214.763,214.763,0
240,4,EPE,AECI,1598918400,203.471,203.471,0
240,4,EPE,AECI,1600236000,199.728,199.728,0
240,4,EPE,AECI,1601553600,220.07,220.07,0
240,4,EPE,AECI,1602871200,223.978,223.978,0
240,4,EPE,AECI,1604188800,214.945,214.945,0
240,4,EPE,AECI,1605506400,203.959,203.959,0
240,4,EPE,AECI,1606824000,198.83,198.83,0
240,4,EPE,AECI,1608141600,215.454,215.454,0
240,5,EPE,AECI,1577836800,502.875,377.354,10
240,5,EPE,AECI,1579154400,331.822,278.483,4
240,5,EPE,AECI,1580472000,228.717,212.378,2
240,5,EPE,AECI,1581789600,175.974,175.974,0
240,5,EPE,AECI,1583107200,361.128,302.283,6
240,5,EPE,AECI,1584424800,383.353,312.539,7
240,5,EPE,AECI,1585742400,239.073,219.567,4
240,5,EPE,AECI,1587060000,302.428,263.622,6
240,5,EPE,AECI,1588377600,315.608,270.772,6
240,5,EPE,AECI,1589695200,455.379,353.515,10
240,5,EPE,AECI,1591012800,310.925,276.256,5
240,5,EPE,AECI,1592330400,438.27,345.994,9
240,5,EPE,AECI,1593648000,376.789,300.668,6
240,5,EPE,AECI,1594965600,412.218,334.199,7
240,5,EPE,AECI,1596283200,324.265,270.25,4
240,5,EPE,AECI,1597600800,280.899,246.84,2
240,5,EPE,AECI,1598918400,389.431,305.735,6
240,5,EPE,AECI,1600236000,232.171,218.192,1
240,5,EPE,AECI,1601553600,366.089,312.129,5
240,5,EPE,AECI,1602871200,330.664,299.156,4
240,5,EPE,AECI,1604188800,407.437,320.968,6
240,5,EPE,AECI,1605506400,229.905,221.153,1
240,5,EPE,AECI,1606824000,263.331,232.408,2
240,5,EPE,AECI,1608141600,606.374,427.421,12
240,6,EPE,AECI,1577836800,202.093,202.093,0
240,6,EPE,AECI,1579154400,207.289,207.289,0
240,6,EPE,AECI,1580472000,181.504,181.504,0
240,6,EPE,AECI,1581789600,175.974,175.974,0
240,6,EPE,AECI,1583107200,202.541,202.541,0
240,6,EPE,AECI,1584424800,204.307,204.307,0
240,6,EPE,AECI,1585742400,164.605,164.605,0
240,6,EPE,AECI,1587060000,171.684,171.684,0
240,6,EPE,AECI,1588377600,183.602,183.602,0
240,6,EPE,AECI,1589695200,189.282,189.282,0
240,6,EPE,AECI,1591012800,195.852,195.852,0
240,6,EPE,AECI,1592330400,195.157,195.157,0
240,6,EPE,AECI,1593648000,198.016,198.016,0
240,6,EPE,AECI,1594965600,209.436,209.436,0
240,6,EPE,AECI,1596283200,204.715,204.715,0
240,6,EPE,AECI,1597600800,214.763,214.763,0
240,6,EPE,AECI,1598918400,203.471,203.471,0
240,6,EPE,AECI,1600236000,199.728,199.728,0
240,6,EPE,AECI,1601553600,220.07,220.07,0
240,6,EPE,AECI,1602871200,223.978,223.978,0
240,6,EPE,AECI,1604188800,214.945,214.945,0
240,6,EPE,AECI,1605506400,203.959,203.959,0
240,6,EPE,AECI,1606824000,198.83,198.83,0
240,6,EPE,AECI,1608141600,215.454,215.454,0
240,1,EPE,PSCO,1577836800,202.093,202.093,0
240,1,EPE,PSCO,1579154400,207.289,207.289,0
240,1,EPE,PSCO,1580472000,181.504,181.504,0
240,1,EPE,PSCO,1581789600,175.974,175.974,0
240,1,EPE,PSCO,1583107200,202.541,202.541,0
240,1,EPE,PSCO,1584424800,204.307,204.307,0
240,1,EPE,PSCO,1585742400,164.605,164.605,0
240,1,EPE,PSCO,1587060000,171.684,171.684,0
240,1,EPE,PSCO,1588377600,183.602,183.602,0
240,1,EPE,PSCO,1589695200,189.282,189.282,0
240,1,EPE,PSCO,1591012800,195.852,195.852,0
240,1,EPE,PSCO,1592330400,195.157,195.157,0
240,1,EPE,PSCO,1593648000,198.016,198.016,0
240,1,EPE,PSCO,1594965600,209.436,209.436,0
240,1,EPE,PSCO,1596283200,204.715,204.715,0
240,1,EPE,PSCO,1597600800,214.763,214.763,0
240,1,EPE,PSCO,1598918400,203.471,203.471,0
240,1,EPE,PSCO,1600236000,199.728,199.728,0
240,1,EPE,PSCO,1601553600,220.07,220.07,0
240,1,EPE,PSCO,1602871200,223.978,223.978,0
240,1,EPE,PSCO,1604188800,214.945,214.945,0
240,1,EPE,PSCO,1605506400,203.959,203.959,0
240,1,EPE,PSCO,1606824000,198.83,198.83,0
240,1,EPE,PSCO,1608141600,215.454,215.454,0
240,2,EPE,PSCO,1577836800,401.482,306.134,6
240,2,EPE,PSCO,1579154400,450.237,354.336,8
240,2,EPE,PSCO,1580472000,463.545,331.434,10
240,2,EPE,PSCO,1581789600,298.878,239.618,4
240,2,EPE,PSCO,1583107200,414.783,319.605,7
240,2,EPE,PSCO,1584424800,324.857,263.636,4
240,2,EPE,PSCO,1585742400,218.745,191.267,2
240,2,EPE,PSCO,1587060000,229.752,199.119,2
240,2,EPE,PSCO,1588377600,369.068,286.134,7
240,2,EPE,PSCO,1589695200,250.335,241.78,3
240,2,EPE,PSCO,1591012800,467.366,324.486,8
240,2,EPE,PSCO,1592330400,382.076,296.564,6
240,2,EPE,PSCO,1593648000,432.774,335.529,8
240,2,EPE,PSCO,1594965600,438.644,334.199,7
240,2,EPE,PSCO,1596283200,279.488,253.025,3
240,2,EPE,PSCO,1597600800,387.086,312.28,6
240,2,EPE,PSCO,1598918400,296.604,257.184,3
240,2,EPE,PSCO,1600236000,388.494,324.222,7
240,2,EPE,PSCO,1601553600,466.175,366.603,8
240,2,EPE,PSCO,1602871200,413.437,337.898,6
240,2,EPE,PSCO,1604188800,499.018,356.366,8
240,2,EPE,PSCO,1605506400,406.915,315.768,7
240,2,EPE,PSCO,1606824000,177.773,216.397,1
240,2,EPE,PSCO,1608141600,201.527,232.157,1
240,3,EPE,PSCO,1577836800,336.362,274.163,4
240,3,EPE,PSCO,1579154400,198.768,225.56,1
240,3,EPE,PSCO,1580472000,197.476,197.952,1
240,3,EPE,PSCO,1581789600,233.253,204.538,2
240,3,EPE,PSCO,1583107200,227.364,220.424,1
240,3,EPE,PSCO,1584424800,267.202,236.223,2
240,3,EPE,PSCO,1585742400,164.605,164.605,0
240,3,EPE,PSCO,1587060000,171.684,171.684,0
240,3,EPE,PSCO,1588377600,183.602,183.602,0
240,3,EPE,PSCO,1589695200,203.377,207.433,1
240,3,EPE,PSCO,1591012800,195.852,195.852,0
240,3,EPE,PSCO,1592330400,242.622,227.173,2
240,3,EPE,PSCO,1593648000,212.486,214.798,1
240,3,EPE,PSCO,1594965600,240.44,228.069,1
240,3,EPE,PSCO,1596283200,232.258,221.626,1
240,3,EPE,PSCO,1597600800,251.897,246.84,2
240,3,EPE,PSCO,1598918400,203.471,203.471,0
240,3,EPE,PSCO,1600236000,205.437,218.192,1
240,3,EPE,PSCO,1601553600,229.642,238.903,1
240,3,EPE,PSCO,1602871200,304.574,278.435,3
240,3,EPE,PSCO,1604188800,214.945,214.945,0
240,3,EPE,PSCO,1605506400,232.691,221.153,1
240,3,EPE,PSCO,1606824000,177.773,216.397,1
240,3,EPE,PSCO,1608141600,201.527,232.157,1
240,4,EPE,PSCO,1577836800,202.093,202.093,0
240,4,EPE,PSCO,1579154400,207.289,207.289,0
240,4,EPE,PSCO,1580472000,181.504,181.504,0
240,4,EPE,PSCO,1581789600,175.974,175.974,0
240,4,EPE,PSCO,1583107200,202.541,202.541,0
240,4,EPE,PSCO,1584424800,204.307,204.307,0
240,4,EPE,PSCO,1585742400,164.605,164.605,0
240,4,EPE,PSCO,1587060000,171.684,171.684,0
240,4,EPE,PSCO,1588377600,183.602,183.602,0
240,4,EPE,PSCO,1589695200,189.282,189.282,0
240,4,EPE,PSCO,1591012800,195.852,195.852,0
240,4,EPE,PSCO,1592330400,195.157,195.157,0
240,4,EPE,PSCO,1593648000,198.016,198.016,0
240,4,EPE,PSCO,1594965600,209.436,209.436,0
240,4,EPE,PSCO,1596283200,204.715,204.715,0
240,4,EPE,PSCO,1597600800,214.763,214.763,0
240,4,EPE,PSCO,1598918400,203.471,203.471,0
240,4,EPE,PSCO,1600236000,199.728,199.728,0
240,4,EPE,PSCO,1601553600,220.07,220.07,0
240,4,EPE,PSCO,1602871200,223.978,223.978,0
240,4,EPE,PSCO,1604188800,214.945,214.945,0
240,4,EPE,PSCO,1605506400,203.959,203.959,0
240,4,EPE,PSCO,1606824000,198.83,198.83,0
240,4,EPE,PSCO,1608141600,215.454,215.454,0
240,5,EPE,PSCO,1577836800,394.098,306.134,6
240,5,EPE,PSCO,1579154400,444.999,354.336,8
240,5,EPE,PSCO,1580472000,455.087,331.434,10
240,5,EPE,PSCO,1581789600,298.568,239.618,4
240,5,EPE,PSCO,1583107200,409.691,319.605,7
240,5,EPE,PSCO,1584424800,323.895,263.636,4
240,5,EPE,PSCO,1585742400,213.6,191.267,2
240,5,EPE,PSCO,1587060000,296.141,232.829,4
240,5,EPE,PSCO,1588377600,364.692,286.134,7
240,5,EPE,PSCO,1589695200,247.232,241.78,3
240,5,EPE,PSCO,1591012800,260.014,227.161,2
240,5,EPE,PSCO,1592330400,376.502,296.564,6
240,5,EPE,PSCO,1593648000,427.566,335.529,8
240,5,EPE,PSCO,1594965600,433.361,334.199,7
240,5,EPE,PSCO,1596283200,279.375,253.025,3
240,5,EPE,PSCO,1597600800,382.995,312.28,6
240,5,EPE,PSCO,1598918400,293.686,257.184,3
240,5,EPE,PSCO,1600236000,382.304,324.222,7
240,5,EPE,PSCO,1601553600,457.255,366.603,8
240,5,EPE,PSCO,1602871200,408.691,337.898,6
240,5,EPE,PSCO,1604188800,528.496,375.104,9
240,5,EPE,PSCO,1605506400,401.233,315.768,7
240,5,EPE,PSCO,1606824000,177.773,216.397,1
240,5,EPE,PSCO,1608141600,201.527,232.157,1
240,6,EPE,PSCO,1577836800,202.093,202.093,0
240,6,EPE,PSCO,1579154400,198.768,225.56,1
240,6,EPE,PSCO,1580472000,181.504,181.504,0
240,6,EPE,PSCO,1581789600,175.974,175.974,0
240,6,EPE,PSCO,1583107200,202.541,202.541,0
240,6,EPE,PSCO,1584424800,204.307,204.307,0
240,6,EPE,PSCO,1585742400,164.605,164.605,0
240,6,EPE,PSCO,1587060000,171.684,171.684,0
240,6,EPE,PSCO,1588377600,183.602,183.602,0
240,6,EPE,PSCO,1589695200,203.377,207.433,1
240,6,EPE,PSCO,1591012800,195.852,195.852,0
240,6,EPE,PSCO,1592330400,195.157,195.157,0
240,6,EPE,PSCO,1593648000,198.016,198.016,0
240,6,EPE,PSCO,1594965600,209.436,209.436,0
240,6,EPE,PSCO,1596283200,204.715,204.715,0
240,6,EPE,PSCO,1597600800,224.414,230.415,1
240,6,EPE,PSCO,1598918400,203.471,203.471,0
240,6,EPE,PSCO,1600236000,205.437,218.192,1
240,6,EPE,PSCO,1601553600,229.642,238.903,1
240,6,EPE,PSCO,1602871200,223.978,223.978,0
240,6,EPE,PSCO,1604188800,214.945,214.945,0
240,6,EPE,PSCO,1605506400,203.959,203.959,0
240,6,EPE,PSCO,1606824000,177.773,216.397,1
240,6,EPE,PSCO,1608141600,201.527,232.157,1
240,1,PACE,AECI,1577836800,222.045,222.045,0
240,1,PACE,AECI,1579154400,234.433,234.433,0
240,1,PACE,AECI,1580472000,198.311,198.311,0
240,1,PACE,AECI,1581789600,196.827,196.827,0
240,1,PACE,AECI,1583107200,208.975,208.975,0
240,1,PACE,AECI,1584424800,252.452,252.452,0
240,1,PACE,AECI,1585742400,225.822,225.822,0
240,1,PACE,AECI,1587060000,224.401,224.401,0
240,1,PACE,AECI,1588377600,195.688,195.688,0
240,1,PACE,AECI,1589695200,218.514,218.514,0
240,1,PACE,AECI,1591012800,230.978,230.978,0
240,1,PACE,AECI,1592330400,200.767,200.767,0
240,1,PACE,AECI,1593648000,211.4,211.4,0
240,1,PACE,AECI,1594965600,197.864,197.864,0
240,1,PACE,AECI,1596283200,232.915,232.915,0
240,1,PACE,AECI,1597600800,252.895,252.895,0
240,1,PACE,AECI,1598918400,239.903,239.903,0
240,1,PACE,AECI,1600236000,257.912,257.912,0
240,1,PACE,AECI,1601553600,250.583,250.583,0
240,1,PACE,AECI,1602871200,211.548,211.548,0
240,1,PACE,AECI,1604188800,258.098,258.098,0
240,1,PACE,AECI,1605506400,230.758,230.758,0
240,1,PACE,AECI,1606824000,241.036,241.036,0
240,1,PACE,AECI,1608141600,221.431,221.431,0
240,2,PACE,AECI,1577836800,274.79,282.45,3
240,2,PACE,AECI,1579154400,533.119,422.527,10
240,2,PACE,AECI,1580472000,338.776,287.945,5
240,2,PACE,AECI,1581789600,289.71,251.692,3
240,2,PACE,AECI,1583107200,361.342,302.613,6
240,2,PACE,AECI,1584424800,277.916,319.868,3
240,2,PACE,AECI,1585742400,194.491,260.743,2
240,2,PACE,AECI,1587060000,228.922,279.601,3
240,2,PACE,AECI,1588377600,317.413,288.19,6
240,2,PACE,AECI,1589695200,469.693,380.395,10
240,2,PACE,AECI,1591012800,314.642,325.603,5
240,2,PACE,AECI,1592330400,247.254,258.215,3
240,2,PACE,AECI,1593648000,384.388,323.108,6
240,2,PACE,AECI,1594965600,516.494,387.773,10
240,2,PACE,AECI,1596283200,544.01,450.932,11
240,2,PACE,AECI,1597600800,833.406,599.35,17
240,2,PACE,AECI,1598918400,279.99,302.017,3
240,2,PACE,AECI,1600236000,487.808,409.657,7
240,2,PACE,AECI,1601553600,472.617,417.743,8
240,2,PACE,AECI,1602871200,317.697,282.723,4
240,2,PACE,AECI,1604188800,482.218,401.497,7
240,2,PACE,AECI,1605506400,344.975,303.484,4
240,2,PACE,AECI,1606824000,505.667,396.198,8
240,2,PACE,AECI,1608141600,481.804,362.483,8
240,3,PACE,AECI,1577836800,275.084,282.45,3
240,3,PACE,AECI,1579154400,333.074,307.846,4
240,3,PACE,AECI,1580472000,240.558,229.84,2
240,3,PACE,AECI,1581789600,196.827,196.827,0
240,3,PACE,AECI,1583107200,208.975,208.975,0
240,3,PACE,AECI,1584424800,211.232,276.44,1
240,3,PACE,AECI,1585742400,194.491,260.743,2
240,3,PACE,AECI,1587060000,174.376,239.886,1
240,3,PACE,AECI,1588377600,260.417,242.925,3
240,3,PACE,AECI,1589695200,195.97,237.477,1
240,3,PACE,AECI,1591012800,189.112,250.687,1
240,3,PACE,AECI,1592330400,185.731,219.111,1
240,3,PACE,AECI,1593648000,211.4,211.4,0
240,3,PACE,AECI,1594965600,213.888,218.113,1
240,3,PACE,AECI,1596283200,349.224,326.512,5
240,3,PACE,AECI,1597600800,292.333,291.84,2
240,3,PACE,AECI,1598918400,278.8,302.017,3
240,3,PACE,AECI,1600236000,361.158,344.743,4
240,3,PACE,AECI,1601553600,224.64,273.297,1
240,3,PACE,AECI,1602871200,271.402,243.066,2
240,3,PACE,AECI,1604188800,346.386,321.432,3
240,3,PACE,AECI,1605506400,249.353,249.421,1
240,3,PACE,AECI,1606824000,312.412,278.836,2
240,3,PACE,AECI,1608141600,233.875,241.0,1
240,4,PACE,AECI,1577836800,222.045,222.045,0
240,4,PACE,AECI,1579154400,234.433,234.433,0
240,4,PACE,AECI,1580472000,198.311,198.311,0
240,4,PACE,AECI,1581789600,196.827,196.827,0
240,4,PACE,AECI,1583107200,208.975,208.975,0
240,4,PACE,AECI,1584424800,252.452,252.452,0
240,4,PACE,AECI,1585742400,225.822,225.822,0
240,4,PACE,AECI,1587060000,224.401,224.401,0
240,4,PACE,AECI,1588377600,195.688,195.688,0
240,4,PACE,AECI,1589695200,218.514,218.514,0
240,4,PACE,AECI,1591012800,230.978,230.978,0
240,4,PACE,AECI,1592330400,200.767,200.767,0
240,4,PACE,AECI,1593648000,211.4,211.4,0
240,4,PACE,AECI,1594965600,197.864,197.864,0
240,4,PACE,AECI,1596283200,232.915,232.915,0
240,4,PACE,AECI,1597600800,252.895,252.895,0
240,4,PACE,AECI,1598918400,239.903,239.903,0
240,4,PACE,AECI,1600236000,257.912,257.912,0
240,4,PACE,AECI,1601553600,250.583,250.583,0
240,4,PACE,AECI,1602871200,211.548,211.548,0
240,4,PACE,AECI,1604188800,258.098,258.098,0
240,4,PACE,AECI,1605506400,230.758,230.758,0
240,4,PACE,AECI,1606824000,241.036,241.036,0
240,4,PACE,AECI,1608141600,221.431,221.431,0
240,5,PACE,AECI,1577836800,272.32,282.45,3
240,5,PACE,AECI,1579154400,562.024,442.539,11
240,5,PACE,AECI,1580472000,329.218,287.945,5
240,5,PACE,AECI,1581789600,283.953,251.692,3
240,5,PACE,AECI,1583107200,357.693,302.613,6
240,5,PACE,AECI,1584424800,274.082,319.868,3
240,5,PACE,AECI,1585742400,195.336,260.743,2
240,5,PACE,AECI,1587060000,226.463,279.601,3
240,5,PACE,AECI,1588377600,308.995,288.19,6
240,5,PACE,AECI,1589695200,460.921,380.395,10
240,5,PACE,AECI,1591012800,310.591,325.603,5
240,5,PACE,AECI,1592330400,239.774,258.215,3
240,5,PACE,AECI,1593648000,373.794,323.108,6
240,5,PACE,AECI,1594965600,507.706,387.773,10
240,5,PACE,AECI,1596283200,471.76,408.642,9
240,5,PACE,AECI,1597600800,824.751,599.35,17
240,5,PACE,AECI,1598918400,280.021,302.017,3
240,5,PACE,AECI,1600236000,483.571,409.657,7
240,5,PACE,AECI,1601553600,466.481,417.743,8
240,5,PACE,AECI,1602871200,315.802,282.723,4
240,5,PACE,AECI,1604188800,476.198,401.497,7
240,5,PACE,AECI,1605506400,339.875,303.484,4
240,5,PACE,AECI,1606824000,501.99,396.198,8
240,5,PACE,AECI,1608141600,476.451,362.483,8
240,6,PACE,AECI,1577836800,222.045,222.045,0
240,6,PACE,AECI,1579154400,234.433,234.433,0
240,6,PACE,AECI,1580472000,198.311,198.311,0
240,6,PACE,AECI,1581789600,196.827,196.827,0
240,6,PACE,AECI,1583107200,208.975,208.975,0
240,6,PACE,AECI,1584424800,211.232,276.44,1
240,6,PACE,AECI,1585742400,164.592,245.097,1
240,6,PACE,AECI,1587060000,174.376,239.886,1
240,6,PACE,AECI,1588377600,195.688,195.688,0
240,6,PACE,AECI,1589695200,218.514,218.514,0
240,6,PACE,AECI,1591012800,189.112,250.687,1
240,6,PACE,AECI,1592330400,196.512,219.111,1
240,6,PACE,AECI,1593648000,211.4,211.4,0
240,6,PACE,AECI,1594965600,197.864,197.864,0
240,6,PACE,AECI,1596283200,232.915,232.915,0
240,6,PACE,AECI,1597600800,252.895,252.895,0
240,6,PACE,AECI,1598918400,239.903,239.903,0
240,6,PACE,AECI,1600236000,257.912,257.912,0
240,6,PACE,AECI,1601553600,250.583,250.583,0
240,6,PACE,AECI,1602871200,211.548,211.548,0
240,6,PACE,AECI,1604188800,258.098,258.098,0
240,6,PACE,AECI,1605506400,230.758,230.758,0
240,6,PACE,AECI,1606824000,241.036,241.036,0
240,6,PACE,AECI,1608141600,221.431,221.431,0
240,1,PACE,PSCO,1577836800,222.045,222.045,0
240,1,PACE,PSCO,1579154400,234.433,234.433,0
240,1,PACE,PSCO,1580472000,198.311,198.311,0
240,1,PACE,PSCO,1581789600,196.827,196.827,0
240,1,PACE,PSCO,1583107200,208.975,208.975,0
240,1,PACE,PSCO,1584424800,252.452,252.452,0
240,1,PACE,PSCO,1585742400,225.822,225.822,0
240,1,PACE,PSCO,1587060000,224.401,224.401,0
240,1,PACE,PSCO,1588377600,195.688,195.688,0
240,1,PACE,PSCO,1589695200,218.514,218.514,0
240,1,PACE,PSCO,1591012800,230.978,230.978,0
240,1,PACE,PSCO,1592330400,200.767,200.767,0
240,1,PACE,PSCO,1593648000,211.4,211.4,0
240,1,PACE,PSCO,1594965600,197.864,197.864,0
240,1,PACE,PSCO,1596283200,232.915,232.915,0
240,1,PACE,PSCO,1597600800,252.895,252.895,0
240,1,PACE,PSCO,1598918400,239.903,239.903,0
240,1,PACE,PSCO,1600236000,257.912,257.912,0
240,1,PACE,PSCO,1601553600,250.583,250.583,0
240,1,PACE,PSCO,1602871200,211.548,211.548,0
240,1,PACE,PSCO,1604188800,258.098,258.098,0
240,1,PACE,PSCO,1605506400,230.758,230.758,0
240,1,PACE,PSCO,1606824000,241.036,241.036,0
240,1,PACE,PSCO,1608141600,221.431,221.431,0
240,2,PACE,PSCO,1577836800,500.08,376.035,8
240,2,PACE,PSCO,1579154400,459.231,384.654,8
240,2,PACE,PSCO,1580472000,377.733,328.978,7
240,2,PACE,PSCO,1581789600,532.569,374.8,9
240,2,PACE,PSCO,1583107200,676.173,469.276,15
240,2,PACE,PSCO,1584424800,336.047,319.868,3
240,2,PACE,PSCO,1585742400,422.844,359.608,7
240,2,PACE,PSCO,1587060000,525.655,391.268,9
240,2,PACE,PSCO,1588377600,311.308,273.455,5
240,2,PACE,PSCO,1589695200,323.374,302.017,5
240,2,PACE,PSCO,1591012800,397.178,325.603,5
240,2,PACE,PSCO,1592330400,457.002,356.288,8
240,2,PACE,PSCO,1593648000,397.531,342.198,7
240,2,PACE,PSCO,1594965600,545.203,387.773,10
240,2,PACE,PSCO,1596283200,365.039,326.512,5
240,2,PACE,PSCO,1597600800,228.431,272.218,1
240,2,PACE,PSCO,1598918400,541.558,428.802,9
240,2,PACE,PSCO,1600236000,212.409,279.839,1
240,2,PACE,PSCO,1601553600,382.995,357.318,5
240,2,PACE,PSCO,1602871200,396.757,319.324,6
240,2,PACE,PSCO,1604188800,340.875,321.432,3
240,2,PACE,PSCO,1605506400,426.788,359.407,7
240,2,PACE,PSCO,1606824000,183.675,260.797,1
240,2,PACE,PSCO,1608141600,202.928,241.0,1
240,3,PACE,PSCO,1577836800,306.997,282.45,3
240,3,PACE,PSCO,1579154400,205.2,254.109,1
240,3,PACE,PSCO,1580472000,198.526,215.735,1
240,3,PACE,PSCO,1581789600,226.1,212.058,1
240,3,PACE,PSCO,1583107200,380.812,302.613,6
240,3,PACE,PSCO,1584424800,261.862,276.44,1
240,3,PACE,PSCO,1585742400,268.927,260.743,2
240,3,PACE,PSCO,1587060000,310.56,279.601,3
240,3,PACE,PSCO,1588377600,263.639,242.925,3
240,3,PACE,PSCO,1589695200,208.356,237.477,1
240,3,PACE,PSCO,1591012800,297.538,268.342,2
240,3,PACE,PSCO,1592330400,210.457,219.111,1
240,3,PACE,PSCO,1593648000,209.264,230.938,1
240,3,PACE,PSCO,1594965600,229.021,218.113,1
240,3,PACE,PSCO,1596283200,236.427,251.782,1
240,3,PACE,PSCO,1597600800,228.431,272.218,1
240,3,PACE,PSCO,1598918400,340.599,302.017,3
240,3,PACE,PSCO,1600236000,212.409,279.839,1
240,3,PACE,PSCO,1601553600,235.673,273.297,1
240,3,PACE,PSCO,1602871200,299.852,262.456,3
240,3,PACE,PSCO,1604188800,267.125,278.93,1
240,3,PACE,PSCO,1605506400,234.632,249.421,1
240,3,PACE,PSCO,1606824000,183.675,260.797,1
240,3,PACE,PSCO,1608141600,202.928,241.0,1
240,4,PACE,PSCO,1577836800,222.045,222.045,0
240,4,PACE,PSCO,1579154400,234.433,234.433,0
240,4,PACE,PSCO,1580472000,198.311,198.311,0
240,4,PACE,PSCO,1581789600,196.827,196.827,0
240,4,PACE,PSCO,1583107200,208.975,208.975,0
240,4,PACE,PSCO,1584424800,252.452,252.452,0
240,4,PACE,PSCO,1585742400,225.822,225.822,0
240,4,PACE,PSCO,1587060000,224.401,224.401,0
240,4,PACE,PSCO,1588377600,195.688,195.688,0
240,4,PACE,PSCO,1589695200,218.514,218.514,0
240,4,PACE,PSCO,1591012800,230.978,230.978,0
240,4,PACE,PSCO,1592330400,200.767,200.767,0
240,4,PACE,PSCO,1593648000,211.4,211.4,0
240,4,PACE,PSCO,1594965600,197.864,197.864,0
240,4,PACE,PSCO,1596283200,232.915,232.915,0
240,4,PACE,PSCO,1597600800,252.895,252.895,0
240,4,PACE,PSCO,1598918400,239.903,239.903,0
240,4,PACE,PSCO,1600236000,257.912,257.912,0
240,4,PACE,PSCO,1601553600,250.583,250.583,0
240,4,PACE,PSCO,1602871200,211.548,211.548,0
240,4,PACE,PSCO,1604188800,258.098,258.098,0
240,4,PACE,PSCO,1605506400,230.758,230.758,0
240,4,PACE,PSCO,1606824000,241.036,241.036,0
240,4,PACE,PSCO,1608141600,221.431,221.431,0
240,5,PACE,PSCO,1577836800,490.907,376.035,8
240,5,PACE,PSCO,1579154400,454.207,384.654,8
240,5,PACE,PSCO,1580472000,370.335,328.978,7
240,5,PACE,PSCO,1581789600,522.944,374.8,9
240,5,PACE,PSCO,1583107200,660.972,469.276,15
240,5,PACE,PSCO,1584424800,336.418,319.868,3
240,5,PACE,PSCO,1585742400,414.389,359.608,7
240,5,PACE,PSCO,1587060000,517.867,391.268,9
240,5,PACE,PSCO,1588377600,307.858,273.455,5
240,5,PACE,PSCO,1589695200,320.408,302.017,5
240,5,PACE,PSCO,1591012800,395.302,325.603,5
240,5,PACE,PSCO,1592330400,488.048,377.68,9
240,5,PACE,PSCO,1593648000,431.076,363.134,8
240,5,PACE,PSCO,1594965600,532.962,387.773,10
240,5,PACE,PSCO,1596283200,363.976,326.512,5
240,5,PACE,PSCO,1597600800,228.431,272.218,1
240,5,PACE,PSCO,1598918400,536.333,428.802,9
240,5,PACE,PSCO,1600236000,212.409,279.839,1
240,5,PACE,PSCO,1601553600,377.62,357.318,5
240,5,PACE,PSCO,1602871200,387.886,319.324,6
240,5,PACE,PSCO,1604188800,337.935,321.432,3
240,5,PACE,PSCO,1605506400,422.602,359.407,7
240,5,PACE,PSCO,1606824000,183.675,260.797,1
240,5,PACE,PSCO,1608141600,202.928,241.0,1
240,6,PACE,PSCO,1577836800,222.045,222.045,0
240,6,PACE,PSCO,1579154400,205.2,254.109,1
240,6,PACE,PSCO,1580472000,198.526,215.735,1
240,6,PACE,PSCO,1581789600,196.827,196.827,0
240,6,PACE,PSCO,1583107200,208.975,208.975,0
240,6,PACE,PSCO,1584424800,261.862,276.44,1
240,6,PACE,PSCO,1585742400,234.486,245.097,1
240,6,PACE,PSCO,1587060000,224.401,224.401,0
240,6,PACE,PSCO,1588377600,195.688,195.688,0
240,6,PACE,PSCO,1589695200,208.356,237.477,1
240,6,PACE,PSCO,1591012800,230.978,230.978,0
240,6,PACE,PSCO,1592330400,209.682,219.111,1
240,6,PACE,PSCO,1593648000,209.264,230.938,1
240,6,PACE,PSCO,1594965600,197.864,197.864,0
240,6,PACE,PSCO,1596283200,236.427,251.782,1
240,6,PACE,PSCO,1597600800,228.431,272.218,1
240,6,PACE,PSCO,1598918400,239.903,239.903,0
240,6,PACE,PSCO,1600236000,212.409,279.839,1
240,6,PACE,PSCO,1601553600,235.673,273.297,1
240,6,PACE,PSCO,1602871200,211.548,211.548,0
240,6,PACE,PSCO,1604188800,267.125,278.93,1
240,6,PACE,PSCO,1605506400,234.632,249.421,1
240,6,PACE,PSCO,1606824000,183.675,260.797,1
240,6,PACE,PSCO,1608141600,202.928,241.0,1
240,1,PSCO,EPE,1577836800,201.806,201.806,0
240,1,PSCO,EPE,1579154400,168.095,168.095,0
240,1,PSCO,EPE,1580472000,165.819,165.819,0
240,1,PSCO,EPE,1581789600,208.599,208.599,0
240,1,PSCO,EPE,1583107200,195.56,195.56,0
240,1,PSCO,EPE,1584424800,221.046,221.046,0
240,1,PSCO,EPE,1585742400,196.694,196.694,0
240,1,PSCO,EPE,1587060000,211.329,211.329,0
240,1,PSCO,EPE,1588377600,184.057,184.057,0
240,1,PSCO,EPE,1589695200,174.63,174.63,0
240,1,PSCO,EPE,1591012800,220.905,220.905,0
240,1,PSCO,EPE,1592330400,179.992,179.992,0
240,1,PSCO,EPE,1593648000,180.132,180.132,0
240,1,PSCO,EPE,1594965600,212.921,212.921,0
240,1,PSCO,EPE,1596283200,202.105,202.105,0
240,1,PSCO,EPE,1597600800,189.709,189.709,0
240,1,PSCO,EPE,1598918400,234.795,234.795,0
240,1,PSCO,EPE,1600236000,174.02,174.02,0
240,1,PSCO,EPE,1601553600,195.176,195.176,0
240,1,PSCO,EPE,1602871200,202.804,202.804,0
240,1,PSCO,EPE,1604188800,225.924,225.924,0
240,1,PSCO,EPE,1605506400,203.332,203.332,0
240,1,PSCO,EPE,1606824000,147.36,147.36,0
240,1,PSCO,EPE,1608141600,172.796,172.796,0
240,2,PSCO,EPE,1577836800,439.149,333.288,7
240,2,PSCO,EPE,1579154400,413.642,289.388,7
240,2,PSCO,EPE,1580472000,428.713,307.141,9
240,2,PSCO,EPE,1581789600,335.936,299.543,5
240,2,PSCO,EPE,1583107200,383.694,288.065,6
240,2,PSCO,EPE,1584424800,395.211,318.08,6
240,2,PSCO,EPE,1585742400,252.438,252.675,3
240,2,PSCO,EPE,1587060000,334.417,300.582,5
240,2,PSCO,EPE,1588377600,343.413,255.099,6
240,2,PSCO,EPE,1589695200,284.929,225.643,4
240,2,PSCO,EPE,1591012800,429.013,345.216,7
240,2,PSCO,EPE,1592330400,274.296,235.746,3
240,2,PSCO,EPE,1593648000,362.941,273.776,6
240,2,PSCO,EPE,1594965600,405.225,319.521,6
240,2,PSCO,EPE,1596283200,315.013,256.027,4
240,2,PSCO,EPE,1597600800,421.486,315.813,7
240,2,PSCO,EPE,1598918400,266.363,263.852,2
240,2,PSCO,EPE,1600236000,357.652,266.217,6
240,2,PSCO,EPE,1601553600,394.534,289.53,6
240,2,PSCO,EPE,1602871200,336.838,268.428,4
240,2,PSCO,EPE,1604188800,461.298,356.678,7
240,2,PSCO,EPE,1605506400,377.329,290.786,6
240,2,PSCO,EPE,1606824000,147.36,147.36,0
240,2,PSCO,EPE,1608141600,172.796,172.796,0
240,3,PSCO,EPE,1577836800,234.016,221.495,1
240,3,PSCO,EPE,1579154400,168.095,168.095,0
240,3,PSCO,EPE,1580472000,165.819,165.819,0
240,3,PSCO,EPE,1581789600,272.381,258.305,3
240,3,PSCO,EPE,1583107200,195.56,195.56,0
240,3,PSCO,EPE,1584424800,305.066,271.702,3
240,3,PSCO,EPE,1585742400,197.987,215.929,1
240,3,PSCO,EPE,1587060000,202.614,228.708,1
240,3,PSCO,EPE,1588377600,299.919,234.947,4
240,3,PSCO,EPE,1589695200,174.63,174.63,0
240,3,PSCO,EPE,1591012800,230.404,239.075,1
240,3,PSCO,EPE,1592330400,179.992,179.992,0
240,3,PSCO,EPE,1593648000,240.171,209.594,2
240,3,PSCO,EPE,1594965600,312.227,270.371,3
240,3,PSCO,EPE,1596283200,202.105,202.105,0
240,3,PSCO,EPE,1597600800,217.562,208.231,1
240,3,PSCO,EPE,1598918400,260.638,263.852,2
240,3,PSCO,EPE,1600236000,174.02,174.02,0
240,3,PSCO,EPE,1601553600,195.176,195.176,0
240,3,PSCO,EPE,1602871200,231.973,222.549,1
240,3,PSCO,EPE,1604188800,281.494,258.546,2
240,3,PSCO,EPE,1605506400,264.0,228.558,2
240,3,PSCO,EPE,1606824000,147.36,147.36,0
240,3,PSCO,EPE,1608141600,172.796,172.796,0
240,4,PSCO,EPE,1577836800,201.806,201.806,0
240,4,PSCO,EPE,1579154400,168.095,168.095,0
240,4,PSCO,EPE,1580472000,165.819,165.819,0
240,4,PSCO,EPE,1581789600,208.599,208.599,0
240,4,PSCO,EPE,1583107200,195.56,195.56,0
240,4,PSCO,EPE,1584424800,221.046,221.046,0
240,4,PSCO,EPE,1585742400,196.694,196.694,0
240,4,PSCO,EPE,1587060000,211.329,211.329,0
240,4,PSCO,EPE,1588377600,184.057,184.057,0
240,4,PSCO,EPE,1589695200,174.63,174.63,0
240,4,PSCO,EPE,1591012800,220.905,220.905,0
240,4,PSCO,EPE,1592330400,179.992,179.992,0
240,4,PSCO,EPE,1593648000,180.132,180.132,0
240,4,PSCO,EPE,1594965600,212.921,212.921,0
240,4,PSCO,EPE,1596283200,202.105,202.105,0
240,4,PSCO,EPE,1597600800,189.709,189.709,0
240,4,PSCO,EPE,1598918400,234.795,234.795,0
240,4,PSCO,EPE,1600236000,174.02,174.02,0
240,4,PSCO,EPE,1601553600,195.176,195.176,0
240,4,PSCO,EPE,1602871200,202.804,202.804,0
240,4,PSCO,EPE,1604188800,225.924,225.924,0
240,4,PSCO,EPE,1605506400,203.332,203.332,0
240,4,PSCO,EPE,1606824000,147.36,147.36,0
240,4,PSCO,EPE,1608141600,172.796,172.796,0
240,5,PSCO,EPE,1577836800,361.206,295.23,5
240,5,PSCO,EPE,1579154400,408.405,289.388,7
240,5,PSCO,EPE,1580472000,420.373,307.141,9
240,5,PSCO,EPE,1581789600,335.626,299.543,5
240,5,PSCO,EPE,1583107200,378.602,288.065,6
240,5,PSCO,EPE,1584424800,393.554,318.08,6
240,5,PSCO,EPE,1585742400,247.292,252.675,3
240,5,PSCO,EPE,1587060000,331.504,300.582,5
240,5,PSCO,EPE,1588377600,339.037,255.099,6
240,5,PSCO,EPE,1589695200,281.825,225.643,4
240,5,PSCO,EPE,1591012800,426.055,345.216,7
240,5,PSCO,EPE,1592330400,269.803,235.746,3
240,5,PSCO,EPE,1593648000,359.712,273.776,6
240,5,PSCO,EPE,1594965600,399.942,319.521,6
240,5,PSCO,EPE,1596283200,314.9,256.027,4
240,5,PSCO,EPE,1597600800,417.886,315.813,7
240,5,PSCO,EPE,1598918400,263.446,263.852,2
240,5,PSCO,EPE,1600236000,351.462,266.217,6
240,5,PSCO,EPE,1601553600,386.24,289.53,6
240,5,PSCO,EPE,1602871200,332.351,268.428,4
240,5,PSCO,EPE,1604188800,454.969,356.678,7
240,5,PSCO,EPE,1605506400,371.648,290.786,6
240,5,PSCO,EPE,1606824000,147.36,147.36,0
240,5,PSCO,EPE,1608141600,172.796,172.796,0
240,6,PSCO,EPE,1577836800,201.806,201.806,0
240,6,PSCO,EPE,1579154400,168.095,168.095,0
240,6,PSCO,EPE,1580472000,165.819,165.819,0
240,6,PSCO,EPE,1581789600,208.51,222.278,1
240,6,PSCO,EPE,1583107200,195.56,195.56,0
240,6,PSCO,EPE,1584424800,221.046,221.046,0
240,6,PSCO,EPE,1585742400,197.987,215.929,1
240,6,PSCO,EPE,1587060000,202.614,228.708,1
240,6,PSCO,EPE,1588377600,184.057,184.057,0
240,6,PSCO,EPE,1589695200,174.63,174.63,0
240,6,PSCO,EPE,1591012800,230.404,239.075,1
240,6,PSCO,EPE,1592330400,179.992,179.992,0
240,6,PSCO,EPE,1593648000,180.132,180.132,0
240,6,PSCO,EPE,1594965600,212.921,212.921,0
240,6,PSCO,EPE,1596283200,202.105,202.105,0
240,6,PSCO,EPE,1597600800,189.709,189.709,0
240,6,PSCO,EPE,1598918400,232.798,251.131,1
240,6,PSCO,EPE,1600236000,174.02,174.02,0
240,6,PSCO,EPE,1601553600,195.176,195.176,0
240,6,PSCO,EPE,1602871200,202.804,202.804,0
240,6,PSCO,EPE,1604188800,225.924,225.924,0
240,6,PSCO,EPE,1605506400,203.332,203.332,0
240,6,PSCO,EPE,1606824000,147.36,147.36,0
240,6,PSCO,EPE,1608141600,172.796,172.796,0
240,1,PSCO,PACE,1577836800,201.806,201.806,0
240,1,PSCO,PACE,1579154400,168.095,168.095,0
240,1,PSCO,PACE,1580472000,165.819,165.819,0
240,1,PSCO,PACE,1581789600,208.599,208.599,0
240,1,PSCO,PACE,1583107200,195.56,195.56,0
240,1,PSCO,PACE,1584424800,221.046,221.046,0
240,1,PSCO,PACE,1585742400,196.694,196.694,0
240,1,PSCO,PACE,1587060000,211.329,211.329,0
240,1,PSCO,PACE,1588377600,184.057,184.057,0
240,1,PSCO,PACE,1589695200,174.63,174.63,0
240,1,PSCO,PACE,1591012800,220.905,220.905,0
240,1,PSCO,PACE,1592330400,179.992,179.992,0
240,1,PSCO,PACE,1593648000,180.132,180.132,0
240,1,PSCO,PACE,1594965600,212.921,212.921,0
240,1,PSCO,PACE,1596283200,202.105,202.105,0
240,1,PSCO,PACE,1597600800,189.709,189.709,0
240,1,PSCO,PACE,1598918400,234.795,234.795,0
240,1,PSCO,PACE,1600236000,174.02,174.02,0
240,1,PSCO,PACE,1601553600,195.176,195.176,0
240,1,PSCO,PACE,1602871200,202.804,202.804,0
240,1,PSCO,PACE,1604188800,225.924,225.924,0
240,1,PSCO,PACE,1605506400,203.332,203.332,0
240,1,PSCO,PACE,1606824000,147.36,147.36,0
240,1,PSCO,PACE,1608141600,172.796,172.796,0
240,2,PSCO,PACE,1577836800,462.969,333.288,7
240,2,PSCO,PACE,1579154400,376.102,268.265,6
240,2,PSCO,PACE,1580472000,341.046,251.319,6
240,2,PSCO,PACE,1581789600,571.525,399.584,10
240,2,PSCO,PACE,1583107200,637.802,408.981,14
240,2,PSCO,PACE,1584424800,297.281,256.375,2
240,2,PSCO,PACE,1585742400,392.894,291.128,6
240,2,PSCO,PACE,1587060000,453.712,337.626,7
240,2,PSCO,PACE,1588377600,282.514,234.947,4
240,2,PSCO,PACE,1589695200,227.648,197.588,2
240,2,PSCO,PACE,1591012800,356.118,291.263,4
240,2,PSCO,PACE,1592330400,532.216,369.768,10
240,2,PSCO,PACE,1593648000,481.998,330.846,9
240,2,PSCO,PACE,1594965600,510.223,370.219,9
240,2,PSCO,PACE,1596283200,328.449,256.027,4
240,2,PSCO,PACE,1597600800,189.709,189.709,0
240,2,PSCO,PACE,1598918400,506.539,354.286,8
240,2,PSCO,PACE,1600236000,174.02,174.02,0
240,2,PSCO,PACE,1601553600,340.218,258.178,4
240,2,PSCO,PACE,1602871200,323.608,268.428,4
240,2,PSCO,PACE,1604188800,297.218,258.546,2
240,2,PSCO,PACE,1605506400,395.261,290.786,6
240,2,PSCO,PACE,1606824000,147.36,147.36,0
240,2,PSCO,PACE,1608141600,172.796,172.796,0
240,3,PSCO,PACE,1577836800,272.957,239.929,2
240,3,PSCO,PACE,1579154400,168.095,168.095,0
240,3,PSCO,PACE,1580472000,165.819,165.819,0
240,3,PSCO,PACE,1581789600,264.76,239.995,2
240,3,PSCO,PACE,1583107200,327.345,260.726,4
240,3,PSCO,PACE,1584424800,221.046,221.046,0
240,3,PSCO,PACE,1585742400,196.694,196.694,0
240,3,PSCO,PACE,1587060000,243.851,228.708,1
240,3,PSCO,PACE,1588377600,232.458,211.376,2
240,3,PSCO,PACE,1589695200,174.63,174.63,0
240,3,PSCO,PACE,1591012800,220.905,220.905,0
240,3,PSCO,PACE,1592330400,179.992,179.992,0
240,3,PSCO,PACE,1593648000,238.431,209.594,2
240,3,PSCO,PACE,1594965600,300.976,270.371,3
240,3,PSCO,PACE,1596283200,202.105,202.105,0
240,3,PSCO,PACE,1597600800,189.709,189.709,0
240,3,PSCO,PACE,1598918400,295.898,263.852,2
240,3,PSCO,PACE,1600236000,174.02,174.02,0
240,3,PSCO,PACE,1601553600,195.176,195.176,0
240,3,PSCO,PACE,1602871200,231.319,222.549,1
240,3,PSCO,PACE,1604188800,225.924,225.924,0
240,3,PSCO,PACE,1605506400,203.332,203.332,0
240,3,PSCO,PACE,1606824000,147.36,147.36,0
240,3,PSCO,PACE,1608141600,172.796,172.796,0
240,4,PSCO,PACE,1577836800,201.806,201.806,0
240,4,PSCO,PACE,1579154400,168.095,168.095,0
240,4,PSCO,PACE,1580472000,165.819,165.819,0
240,4,PSCO,PACE,1581789600,208.599,208.599,0
240,4,PSCO,PACE,1583107200,195.56,195.56,0
240,4,PSCO,PACE,1584424800,221.046,221.046,0
240,4,PSCO,PACE,1585742400,196.694,196.694,0
240,4,PSCO,PACE,1587060000,211.329,211.329,0
240,4,PSCO,PACE,1588377600,184.057,184.057,0
240,4,PSCO,PACE,1589695200,174.63,174.63,0
240,4,PSCO,PACE,1591012800,220.905,220.905,0
240,4,PSCO,PACE,1592330400,179.992,179.992,0
240,4,PSCO,PACE,1593648000,180.132,180.132,0
240,4,PSCO,PACE,1594965600,212.921,212.921,0
240,4,PSCO,PACE,1596283200,202.105,202.105,0
240,4,PSCO,PACE,1597600800,189.709,189.709,0
240,4,PSCO,PACE,1598918400,234.795,234.795,0
240,4,PSCO,PACE,1600236000,174.02,174.02,0
240,4,PSCO,PACE,1601553600,195.176,195.176,0
240,4,PSCO,PACE,1602871200,202.804,202.804,0
240,4,PSCO,PACE,1604188800,225.924,225.924,0
240,4,PSCO,PACE,1605506400,203.332,203.332,0
240,4,PSCO,PACE,1606824000,147.36,147.36,0
240,4,PSCO,PACE,1608141600,172.796,172.796,0
240,5,PSCO,PACE,1577836800,453.796,333.288,7
240,5,PSCO,PACE,1579154400,410.725,289.388,7
240,5,PSCO,PACE,1580472000,332.74,251.319,6
240,5,PSCO,PACE,1581789600,561.9,399.584,10
240,5,PSCO,PACE,1583107200,622.601,408.981,14
240,5,PSCO,PACE,1584424800,297.653,256.375,2
240,5,PSCO,PACE,1585742400,383.795,291.128,6
240,5,PSCO,PACE,1587060000,449.029,337.626,7
240,5,PSCO,PACE,1588377600,279.065,234.947,4
240,5,PSCO,PACE,1589695200,225.054,197.588,2
240,5,PSCO,PACE,1591012800,352.811,291.263,4
240,5,PSCO,PACE,1592330400,522.297,369.768,10
240,5,PSCO,PACE,1593648000,359.143,273.776,6
240,5,PSCO,PACE,1594965600,497.983,370.219,9
240,5,PSCO,PACE,1596283200,327.614,256.027,4
240,5,PSCO,PACE,1597600800,189.709,189.709,0
240,5,PSCO,PACE,1598918400,501.314,354.286,8
240,5,PSCO,PACE,1600236000,174.02,174.02,0
240,5,PSCO,PACE,1601553600,334.552,258.178,4
240,5,PSCO,PACE,1602871200,315.07,268.428,4
240,5,PSCO,PACE,1604188800,294.279,258.546,2
240,5,PSCO,PACE,1605506400,391.075,290.786,6
240,5,PSCO,PACE,1606824000,147.36,147.36,0
240,5,PSCO,PACE,1608141600,172.796,172.796,0
240,6,PSCO,PACE,1577836800,201.806,201.806,0
240,6,PSCO,PACE,1579154400,168.095,168.095,0
240,6,PSCO,PACE,1580472000,165.819,165.819,0
240,6,PSCO,PACE,1581789600,208.599,208.599,0
240,6,PSCO,PACE,1583107200,195.56,195.56,0
240,6,PSCO,PACE,1584424800,221.046,221.046,0
240,6,PSCO,PACE,1585742400,196.694,196.694,0
240,6,PSCO,PACE,1587060000,211.329,211.329,0
240,6,PSCO,PACE,1588377600,184.057,184.057,0
240,6,PSCO,PACE,1589695200,174.63,174.63,0
240,6,PSCO,PACE,1591012800,220.905,220.905,0
240,6,PSCO,PACE,1592330400,179.992,179.992,0
240,6,PSCO,PACE,1593648000,180.132,180.132,0
240,6,PSCO,PACE,1594965600,212.921,212.921,0
240,6,PSCO,PACE,1596283200,202.105,202.105,0
240,6,PSCO,PACE,1597600800,189.709,189.709,0
240,6,PSCO,PACE,1598918400,234.795,234.795,0
240,6,PSCO,PACE,1600236000,174.02,174.02,0
240,6,PSCO,PACE,1601553600,195.176,195.176,0
240,6,PSCO,PACE,1602871200,202.804,202.804,0
240,6,PSCO,PACE,1604188800,225.924,225.924,0
240,6,PSCO,PACE,1605506400,203.332,203.332,0
240,6,PSCO,PACE,1606824000,147.36,147.36,0
240,6,PSCO,PACE,1608141600,172.796,172.796,0
240,1,TEPC,AECI,1577836800,261.782,261.782,0
240,1,TEPC,AECI,1579154400,260.044,260.044,0
240,1,TEPC,AECI,1580472000,227.287,227.287,0
240,1,TEPC,AECI,1581789600,230.952,230.952,0
240,1,TEPC,AECI,1583107200,213.887,213.887,0
240,1,TEPC,AECI,1584424800,209.261,209.261,0
240,1,TEPC,AECI,1585742400,163.89,163.89,0
240,1,TEPC,AECI,1587060000,178.693,178.693,0
240,1,TEPC,AECI,1588377600,179.254,179.254,0
240,1,TEPC,AECI,1589695200,215.518,215.518,0
240,1,TEPC,AECI,1591012800,222.496,222.496,0
240,1,TEPC,AECI,1592330400,189.451,189.451,0
240,1,TEPC,AECI,1593648000,215.878,215.878,0
240,1,TEPC,AECI,1594965600,207.863,207.863,0
240,1,TEPC,AECI,1596283200,219.66,219.66,0
240,1,TEPC,AECI,1597600800,232.192,232.192,0
240,1,TEPC,AECI,1598918400,219.508,219.508,0
240,1,TEPC,AECI,1600236000,245.174,245.174,0
240,1,TEPC,AECI,1601553600,235.921,235.921,0
240,1,TEPC,AECI,1602871200,262.53,262.53,0
240,1,TEPC,AECI,1604188800,265.706,265.706,0
240,1,TEPC,AECI,1605506400,225.001,225.001,0
240,1,TEPC,AECI,1606824000,193.11,193.11,0
240,1,TEPC,AECI,1608141600,251.11,251.11,0
240,2,TEPC,AECI,1577836800,281.108,331.703,3
240,2,TEPC,AECI,1579154400,297.706,326.169,3
240,2,TEPC,AECI,1580472000,336.771,327.521,5
240,2,TEPC,AECI,1581789600,351.486,323.087,5
240,2,TEPC,AECI,1583107200,396.84,350.891,7
240,2,TEPC,AECI,1584424800,394.731,344.413,7
240,2,TEPC,AECI,1585742400,345.67,270.29,8
240,2,TEPC,AECI,1587060000,355.252,292.722,8
240,2,TEPC,AECI,1588377600,314.437,266.735,6
240,2,TEPC,AECI,1589695200,371.768,344.701,7
240,2,TEPC,AECI,1591012800,311.591,310.278,5
240,2,TEPC,AECI,1592330400,394.685,307.217,8
240,2,TEPC,AECI,1593648000,387.103,321.562,6
240,2,TEPC,AECI,1594965600,416.95,336.986,7
240,2,TEPC,AECI,1596283200,426.494,344.498,7
240,2,TEPC,AECI,1597600800,445.68,345.871,6
240,2,TEPC,AECI,1598918400,710.378,506.461,15
240,2,TEPC,AECI,1600236000,480.32,388.879,7
240,2,TEPC,AECI,1601553600,564.812,420.82,11
240,2,TEPC,AECI,1602871200,603.803,500.873,11
240,2,TEPC,AECI,1604188800,487.318,413.639,7
240,2,TEPC,AECI,1605506400,311.618,283.106,3
240,2,TEPC,AECI,1606824000,193.11,193.11,0
240,2,TEPC,AECI,1608141600,310.545,315.738,3
240,3,TEPC,AECI,1577836800,211.629,284.375,1
240,3,TEPC,AECI,1579154400,225.687,283.511,1
240,3,TEPC,AECI,1580472000,212.198,250.141,1
240,3,TEPC,AECI,1581789600,292.627,261.308,2
240,3,TEPC,AECI,1583107200,213.887,213.887,0
240,3,TEPC,AECI,1584424800,206.75,228.073,1
240,3,TEPC,AECI,1585742400,198.412,188.362,2
240,3,TEPC,AECI,1587060000,216.463,203.674,2
240,3,TEPC,AECI,1588377600,179.254,179.254,0
240,3,TEPC,AECI,1589695200,188.649,236.476,1
240,3,TEPC,AECI,1591012800,216.157,257.321,2
240,3,TEPC,AECI,1592330400,242.346,217.263,2
240,3,TEPC,AECI,1593648000,215.878,215.878,0
240,3,TEPC,AECI,1594965600,313.34,281.783,4
240,3,TEPC,AECI,1596283200,332.635,286.093,4
240,3,TEPC,AECI,1597600800,232.192,232.192,0
240,3,TEPC,AECI,1598918400,272.369,274.684,3
240,3,TEPC,AECI,1600236000,277.174,267.115,1
240,3,TEPC,AECI,1601553600,250.347,270.12,2
240,3,TEPC,AECI,1602871200,292.883,325.798,3
240,3,TEPC,AECI,1604188800,352.528,330.441,3
240,3,TEPC,AECI,1605506400,245.771,244.792,1
240,3,TEPC,AECI,1606824000,193.11,193.11,0
240,3,TEPC,AECI,1608141600,229.514,271.572,1
240,4,TEPC,AECI,1577836800,261.782,261.782,0
240,4,TEPC,AECI,1579154400,260.044,260.044,0
240,4,TEPC,AECI,1580472000,227.287,227.287,0
240,4,TEPC,AECI,1581789600,230.952,230.952,0
240,4,TEPC,AECI,1583107200,213.887,213.887,0
240,4,TEPC,AECI,1584424800,209.261,209.261,0
240,4,TEPC,AECI,1585742400,163.89,163.89,0
240,4,TEPC,AECI,1587060000,178.693,178.693,0
240,4,TEPC,AECI,1588377600,179.254,179.254,0
240,4,TEPC,AECI,1589695200,215.518,215.518,0
240,4,TEPC,AECI,1591012800,222.496,222.496,0
240,4,TEPC,AECI,1592330400,189.451,189.451,0
240,4,TEPC,AECI,1593648000,215.878,215.878,0
240,4,TEPC,AECI,1594965600,207.863,207.863,0
240,4,TEPC,AECI,1596283200,219.66,219.66,0
240,4,TEPC,AECI,1597600800,232.192,232.192,0
240,4,TEPC,AECI,1598918400,219.508,219.508,0
240,4,TEPC,AECI,1600236000,245.174,245.174,0
240,4,TEPC,AECI,1601553600,235.921,235.921,0
240,4,TEPC,AECI,1602871200,262.53,262.53,0
240,4,TEPC,AECI,1604188800,265.706,265.706,0
240,4,TEPC,AECI,1605506400,225.001,225.001,0
240,4,TEPC,AECI,1606824000,193.11,193.11,0
240,4,TEPC,AECI,1608141600,251.11,251.11,0
240,5,TEPC,AECI,1577836800,279.592,331.703,3
240,5,TEPC,AECI,1579154400,296.733,326.169,3
240,5,TEPC,AECI,1580472000,326.724,327.521,5
240,5,TEPC,AECI,1581789600,345.595,323.087,5
240,5,TEPC,AECI,1583107200,389.31,350.891,7
240,5,TEPC,AECI,1584424800,390.737,344.413,7
240,5,TEPC,AECI,1585742400,229.66,212.917,4
240,5,TEPC,AECI,1587060000,347.063,292.722,8
240,5,TEPC,AECI,1588377600,309.129,266.735,6
240,5,TEPC,AECI,1589695200,363.766,344.701,7
240,5,TEPC,AECI,1591012800,217.964,257.321,2
240,5,TEPC,AECI,1592330400,388.58,307.217,8
240,5,TEPC,AECI,1593648000,380.035,321.562,6
240,5,TEPC,AECI,1594965600,411.384,336.986,7
240,5,TEPC,AECI,1596283200,422.201,344.498,7
240,5,TEPC,AECI,1597600800,443.408,345.871,6
240,5,TEPC,AECI,1598918400,702.039,506.461,15
240,5,TEPC,AECI,1600236000,475.075,388.879,7
240,5,TEPC,AECI,1601553600,559.667,420.82,11
240,5,TEPC,AECI,1602871200,367.9,373.994,5
240,5,TEPC,AECI,1604188800,481.084,413.639,7
240,5,TEPC,AECI,1605506400,373.526,321.563,5
240,5,TEPC,AECI,1606824000,193.11,193.11,0
240,5,TEPC,AECI,1608141600,305.718,315.738,3
240,6,TEPC,AECI,1577836800,211.629,284.375,1
240,6,TEPC,AECI,1579154400,225.687,283.511,1
240,6,TEPC,AECI,1580472000,204.169,250.141,1
240,6,TEPC,AECI,1581789600,230.952,230.952,0
240,6,TEPC,AECI,1583107200,213.887,213.887,0
240,6,TEPC,AECI,1584424800,209.261,209.261,0
240,6,TEPC,AECI,1585742400,163.89,163.89,0
240,6,TEPC,AECI,1587060000,178.693,178.693,0
240,6,TEPC,AECI,1588377600,179.254,179.254,0
240,6,TEPC,AECI,1589695200,215.518,215.518,0
240,6,TEPC,AECI,1591012800,185.456,240.72,1
240,6,TEPC,AECI,1592330400,189.451,189.451,0
240,6,TEPC,AECI,1593648000,215.878,215.878,0
240,6,TEPC,AECI,1594965600,207.863,207.863,0
240,6,TEPC,AECI,1596283200,219.66,219.66,0
240,6,TEPC,AECI,1597600800,232.192,232.192,0
240,6,TEPC,AECI,1598918400,219.508,219.508,0
240,6,TEPC,AECI,1600236000,245.174,245.174,0
240,6,TEPC,AECI,1601553600,235.921,235.921,0
240,6,TEPC,AECI,1602871200,216.424,282.332,1
240,6,TEPC,AECI,1604188800,265.706,265.706,0
240,6,TEPC,AECI,1605506400,225.001,225.001,0
240,6,TEPC,AECI,1606824000,193.11,193.11,0
240,6,TEPC,AECI,1608141600,251.11,251.11,0
360,1,AECI,EPE,1577836800,171.652,171.652,0
360,1,AECI,EPE,1579154400,184.829,184.829,0
360,1,AECI,EPE,1580472000,179.08,179.08,0
360,1,AECI,EPE,1581789600,190.047,190.047,0
360,1,AECI,EPE,1583107200,177.533,177.533,0
360,1,AECI,EPE,1584424800,173.609,173.609,0
360,1,AECI,EPE,1585742400,130.078,130.078,0
360,1,AECI,EPE,1587060000,146.519,146.519,0
360,1,AECI,EPE,1588377600,154.192,154.192,0
360,1,AECI,EPE,1589695200,158.058,158.058,0
360,1,AECI,EPE,1591012800,151.782,151.782,0
360,1,AECI,EPE,1592330400,159.195,159.195,0
360,1,AECI,EPE,1593648000,183.868,183.868,0
360,1,AECI,EPE,1594965600,175.21,175.21,0
360,1,AECI,EPE,1596283200,180.832,180.832,0
360,1,AECI,EPE,1597600800,201.072,201.072,0
360,1,AECI,EPE,1598918400,180.384,180.384,0
360,1,AECI,EPE,1600236000,202.899,202.899,0
360,1,AECI,EPE,1601553600,182.573,182.573,0
360,1,AECI,EPE,1602871200,178.75,178.75,0
360,1,AECI,EPE,1604188800,219.569,219.569,0
360,1,AECI,EPE,1605506400,205.232,205.232,0
360,1,AECI,EPE,1606824000,196.187,196.187,0
360,1,AECI,EPE,1608141600,194.483,194.483,0
360,2,AECI,EPE,1577836800,658.611,389.112,10
360,2,AECI,EPE,1579154400,545.687,341.787,7
360,2,AECI,EPE,1580472000,340.575,257.585,4
360,2,AECI,EPE,1581789600,222.547,214.235,1
360,2,AECI,EPE,1583107200,544.535,333.335,8
360,2,AECI,EPE,1584424800,481.032,310.939,7
360,2,AECI,EPE,1585742400,336.543,233.864,5
360,2,AECI,EPE,1587060000,523.083,314.988,9
360,2,AECI,EPE,1588377600,521.536,319.274,9
360,2,AECI,EPE,1589695200,473.448,295.994,7
360,2,AECI,EPE,1591012800,508.7,309.627,8
360,2,AECI,EPE,1592330400,575.898,342.495,9
360,2,AECI,EPE,1593648000,682.029,410.405,10
360,2,AECI,EPE,1594965600,526.644,335.37,7
360,2,AECI,EPE,1596283200,477.69,306.214,6
360,2,AECI,EPE,1597600800,367.022,281.54,3
360,2,AECI,EPE,1598918400,541.111,344.424,7
360,2,AECI,EPE,1600236000,348.24,281.408,3
360,2,AECI,EPE,1601553600,398.4,275.539,4
360,2,AECI,EPE,1602871200,565.895,359.28,7
360,2,AECI,EPE,1604188800,756.723,483.672,11
360,2,AECI,EPE,1605506400,337.194,266.904,3
360,2,AECI,EPE,1606824000,348.249,272.196,3
360,2,AECI,EPE,1608141600,1128.204,624.711,18
360,3,AECI,EPE,1577836800,253.964,194.607,1
360,3,AECI,EPE,1579154400,346.468,251.374,3
360,3,AECI,EPE,1580472000,336.572,257.585,4
360,3,AECI,EPE,1581789600,222.547,214.235,1
360,3,AECI,EPE,1583107200,337.217,239.198,3
360,3,AECI,EPE,1584424800,332.678,234.362,3
360,3,AECI,EPE,1585742400,178.483,151.249,1
360,3,AECI,EPE,1587060000,238.054,178.35,2
360,3,AECI,EPE,1588377600,263.969,189.81,2
360,3,AECI,EPE,1589695200,311.183,217.037,3
360,3,AECI,EPE,1591012800,151.782,151.782,0
360,3,AECI,EPE,1592330400,242.874,198.837,2
360,3,AECI,EPE,1593648000,291.889,225.84,2
360,3,AECI,EPE,1594965600,354.704,243.367,3
360,3,AECI,EPE,1596283200,251.055,203.178,1
360,3,AECI,EPE,1597600800,262.184,224.754,1
360,3,AECI,EPE,1598918400,344.844,246.011,3
360,3,AECI,EPE,1600236000,347.768,281.408,3
360,3,AECI,EPE,1601553600,583.435,363.772,8
360,3,AECI,EPE,1602871200,228.721,203.064,1
360,3,AECI,EPE,1604188800,322.424,266.582,2
360,3,AECI,EPE,1605506400,332.361,266.904,3
360,3,AECI,EPE,1606824000,247.12,221.637,1
360,3,AECI,EPE,1608141600,267.224,216.395,1
360,4,AECI,EPE,1577836800,171.652,171.652,0
360,4,AECI,EPE,1579154400,184.829,184.829,0
360,4,AECI,EPE,1580472000,179.08,179.08,0
360,4,AECI,EPE,1581789600,190.047,190.047,0
360,4,AECI,EPE,1583107200,177.533,177.533,0
360,4,AECI,EPE,1584424800,173.609,173.609,0
360,4,AECI,EPE,1585742400,130.078,130.078,0
360,4,AECI,EPE,1587060000,146.519,146.519,0
360,4,AECI,EPE,1588377600,154.192,154.192,0
360,4,AECI,EPE,1589695200,158.058,158.058,0
360,4,AECI,EPE,1591012800,151.782,151.782,0
360,4,AECI,EPE,1592330400,159.195,159.195,0
360,4,AECI,EPE,1593648000,183.868,183.868,0
360,4,AECI,EPE,1594965600,175.21,175.21,0
360,4,AECI,EPE,1596283200,180.832,180.832,0
360,4,AECI,EPE,1597600800,201.072,201.072,0
360,4,AECI,EPE,1598918400,180.384,180.384,0
360,4,AECI,EPE,1600236000,202.899,202.899,0
360,4,AECI,EPE,1601553600,182.573,182.573,0
360,4,AECI,EPE,1602871200,178.75,178.75,0
360,4,AECI,EPE,1604188800,219.569,219.569,0
360,4,AECI,EPE,1605506400,205.232,205.232,0
360,4,AECI,EPE,1606824000,196.187,196.187,0
360,4,AECI,EPE,1608141600,194.483,194.483,0
360,5,AECI,EPE,1577836800,654.9,389.112,10
360,5,AECI,EPE,1579154400,801.07,460.314,12
360,5,AECI,EPE,1580472000,375.627,277.217,5
360,5,AECI,EPE,1581789600,222.547,214.235,1
360,5,AECI,EPE,1583107200,446.582,298.812,6
360,5,AECI,EPE,1584424800,476.84,310.939,7
360,5,AECI,EPE,1585742400,331.808,233.864,5
360,5,AECI,EPE,1587060000,520.146,314.988,9
360,5,AECI,EPE,1588377600,515.645,319.274,9
360,5,AECI,EPE,1589695200,507.462,314.166,8
360,5,AECI,EPE,1591012800,503.106,309.627,8
360,5,AECI,EPE,1592330400,566.619,342.495,9
360,5,AECI,EPE,1593648000,717.726,434.769,11
360,5,AECI,EPE,1594965600,521.058,335.37,7
360,5,AECI,EPE,1596283200,473.488,306.214,6
360,5,AECI,EPE,1597600800,364.881,281.54,3
360,5,AECI,EPE,1598918400,538.52,344.424,7
360,5,AECI,EPE,1600236000,347.768,281.408,3
360,5,AECI,EPE,1601553600,394.713,275.539,4
360,5,AECI,EPE,1602871200,562.9,359.28,7
360,5,AECI,EPE,1604188800,505.178,357.698,6
360,5,AECI,EPE,1605506400,335.831,266.904,3
360,5,AECI,EPE,1606824000,346.807,272.196,3
360,5,AECI,EPE,1608141600,1113.982,624.711,18
360,6,AECI,EPE,1577836800,171.652,171.652,0
360,6,AECI,EPE,1579154400,184.829,184.829,0
360,6,AECI,EPE,1580472000,227.552,201.818,1
360,6,AECI,EPE,1581789600,222.547,214.235,1
360,6,AECI,EPE,1583107200,177.533,177.533,0
360,6,AECI,EPE,1584424800,173.609,173.609,0
360,6,AECI,EPE,1585742400,130.078,130.078,0
360,6,AECI,EPE,1587060000,146.519,146.519,0
360,6,AECI,EPE,1588377600,154.192,154.192,0
360,6,AECI,EPE,1589695200,158.058,158.058,0
360,6,AECI,EPE,1591012800,151.782,151.782,0
360,6,AECI,EPE,1592330400,159.195,159.195,0
360,6,AECI,EPE,1593648000,183.868,183.868,0
360,6,AECI,EPE,1594965600,175.21,175.21,0
360,6,AECI,EPE,1596283200,180.832,180.832,0
360,6,AECI,EPE,1597600800,201.072,201.072,0
360,6,AECI,EPE,1598918400,180.384,180.384,0
360,6,AECI,EPE,1600236000,251.121,225.579,1
360,6,AECI,EPE,1601553600,182.573,182.573,0
360,6,AECI,EPE,1602871200,178.75,178.75,0
360,6,AECI,EPE,1604188800,271.422,243.908,1
360,6,AECI,EPE,1605506400,254.601,224.524,1
360,6,AECI,EPE,1606824000,247.12,221.637,1
360,6,AECI,EPE,1608141600,194.483,194.483,0
360,1,AECI,PACE,1577836800,171.652,171.652,0
360,1,AECI,PACE,1579154400,184.829,184.829,0
360,1,AECI,PACE,1580472000,179.08,179.08,0
360,1,AECI,PACE,1581789600,190.047,190.047,0
360,1,AECI,PACE,1583107200,177.533,177.533,0
360,1,AECI,PACE,1584424800,173.609,173.609,0
360,1,AECI,PACE,1585742400,130.078,130.078,0
360,1,AECI,PACE,1587060000,146.519,146.519,0
360,1,AECI,PACE,1588377600,154.192,154.192,0
360,1,AECI,PACE,1589695200,158.058,158.058,0
360,1,AECI,PACE,1591012800,151.782,151.782,0
360,1,AECI,PACE,1592330400,159.195,159.195,0
360,1,AECI,PACE,1593648000,183.868,183.868,0
360,1,AECI,PACE,1594965600,175.21,175.21,0
360,1,AECI,PACE,1596283200,180.832,180.832,0
360,1,AECI,PACE,1597600800,201.072,201.072,0
360,1,AECI,PACE,1598918400,180.384,180.384,0
360,1,AECI,PACE,1600236000,202.899,202.899,0
360,1,AECI,PACE,1601553600,182.573,182.573,0
360,1,AECI,PACE,1602871200,178.75,178.75,0
360,1,AECI,PACE,1604188800,219.569,219.569,0
360,1,AECI,PACE,1605506400,205.232,205.232,0
360,1,AECI,PACE,1606824000,196.187,196.187,0
360,1,AECI,PACE,1608141600,194.483,194.483,0
360,2,AECI,PACE,1577836800,668.354,389.112,10
360,2,AECI,PACE,1579154400,605.18,365.663,8
360,2,AECI,PACE,1580472000,551.859,337.731,8
360,2,AECI,PACE,1581789600,486.135,321.626,6
360,2,AECI,PACE,1583107200,439.796,298.812,6
360,2,AECI,PACE,1584424800,270.132,213.276,2
360,2,AECI,PACE,1585742400,130.078,130.078,0
360,2,AECI,PACE,1587060000,225.242,178.35,2
360,2,AECI,PACE,1588377600,400.936,263.264,6
360,2,AECI,PACE,1589695200,631.327,371.01,11
360,2,AECI,PACE,1591012800,335.135,230.468,4
360,2,AECI,PACE,1592330400,337.678,239.198,4
360,2,AECI,PACE,1593648000,695.787,410.405,10
360,2,AECI,PACE,1594965600,523.829,335.37,7
360,2,AECI,PACE,1596283200,468.026,306.214,6
360,2,AECI,PACE,1597600800,2425.511,1120.25,39
360,2,AECI,PACE,1598918400,275.457,223.407,2
360,2,AECI,PACE,1600236000,607.753,381.903,7
360,2,AECI,PACE,1601553600,604.17,363.772,8
360,2,AECI,PACE,1602871200,547.597,359.28,7
360,2,AECI,PACE,1604188800,768.426,454.986,10
360,2,AECI,PACE,1605506400,551.837,350.562,7
360,2,AECI,PACE,1606824000,709.63,434.251,9
360,2,AECI,PACE,1608141600,866.386,509.192,13
360,3,AECI,PACE,1577836800,273.503,216.597,2
360,3,AECI,PACE,1579154400,595.354,365.663,8
360,3,AECI,PACE,1580472000,354.648,257.585,4
360,3,AECI,PACE,1581789600,246.069,214.235,1
360,3,AECI,PACE,1583107200,340.856,239.198,3
360,3,AECI,PACE,1584424800,173.609,173.609,0
360,3,AECI,PACE,1585742400,130.078,130.078,0
360,3,AECI,PACE,1587060000,146.519,146.519,0
360,3,AECI,PACE,1588377600,254.76,189.81,2
360,3,AECI,PACE,1589695200,288.886,217.037,3
360,3,AECI,PACE,1591012800,151.782,151.782,0
360,3,AECI,PACE,1592330400,159.195,159.195,0
360,3,AECI,PACE,1593648000,480.172,317.822,6
360,3,AECI,PACE,1594965600,317.466,243.367,3
360,3,AECI,PACE,1596283200,180.832,180.832,0
360,3,AECI,PACE,1597600800,385.038,281.54,3
360,3,AECI,PACE,1598918400,275.654,223.407,2
360,3,AECI,PACE,1600236000,378.513,281.408,3
360,3,AECI,PACE,1601553600,182.573,182.573,0
360,3,AECI,PACE,1602871200,257.246,203.064,1
360,3,AECI,PACE,1604188800,341.79,266.582,2
360,3,AECI,PACE,1605506400,407.784,287.735,4
360,3,AECI,PACE,1606824000,499.373,324.71,5
360,3,AECI,PACE,1608141600,357.633,265.824,3
360,4,AECI,PACE,1577836800,171.652,171.652,0
360,4,AECI,PACE,1579154400,184.829,184.829,0
360,4,AECI,PACE,1580472000,179.08,179.08,0
360,4,AECI,PACE,1581789600,190.047,190.047,0
360,4,AECI,PACE,1583107200,177.533,177.533,0
360,4,AECI,PACE,1584424800,173.609,173.609,0
360,4,AECI,PACE,1585742400,130.078,130.078,0
360,4,AECI,PACE,1587060000,146.519,146.519,0
360,4,AECI,PACE,1588377600,154.192,154.192,0
360,4,AECI,PACE,1589695200,158.058,158.058,0
360,4,AECI,PACE,1591012800,151.782,151.782,0
360,4,AECI,PACE,1592330400,159.195,159.195,0
360,4,AECI,PACE,1593648000,183.868,183.868,0
360,4,AECI,PACE,1594965600,175.21,175.21,0
360,4,AECI,PACE,1596283200,180.832,180.832,0
360,4,AECI,PACE,1597600800,201.072,201.072,0
360,4,AECI,PACE,1598918400,180.384,180.384,0
360,4,AECI,PACE,1600236000,202.899,202.899,0
360,4,AECI,PACE,1601553600,182.573,182.573,0
360,4,AECI,PACE,1602871200,178.75,178.75,0
360,4,AECI,PACE,1604188800,219.569,219.569,0
360,4,AECI,PACE,1605506400,205.232,205.232,0
360,4,AECI,PACE,1606824000,196.187,196.187,0
360,4,AECI,PACE,1608141600,194.483,194.483,0
360,5,AECI,PACE,1577836800,661.907,389.112,10
360,5,AECI,PACE,1579154400,597.278,365.663,8
360,5,AECI,PACE,1580472000,536.838,337.731,8
360,5,AECI,PACE,1581789600,478.556,321.626,6
360,5,AECI,PACE,1583107200,432.403,298.812,6
360,5,AECI,PACE,1584424800,264.727,213.276,2
360,5,AECI,PACE,1585742400,130.078,130.078,0
360,5,AECI,PACE,1587060000,221.681,178.35,2
360,5,AECI,PACE,1588377600,384.327,263.264,6
360,5,AECI,PACE,1589695200,614.762,371.01,11
360,5,AECI,PACE,1591012800,332.158,230.468,4
360,5,AECI,PACE,1592330400,327.473,239.198,4
360,5,AECI,PACE,1593648000,724.387,434.769,11
360,5,AECI,PACE,1594965600,515.565,335.37,7
360,5,AECI,PACE,1596283200,466.045,306.214,6
360,5,AECI,PACE,1597600800,2403.519,1120.25,39
360,5,AECI,PACE,1598918400,275.577,223.407,2
360,5,AECI,PACE,1600236000,602.746,381.903,7
360,5,AECI,PACE,1601553600,591.813,363.772,8
360,5,AECI,PACE,1602871200,543.362,359.28,7
360,5,AECI,PACE,1604188800,811.819,483.672,11
360,5,AECI,PACE,1605506400,545.173,350.562,7
360,5,AECI,PACE,1606824000,699.027,434.251,9
360,5,AECI,PACE,1608141600,861.361,509.192,13
360,6,AECI,PACE,1577836800,171.652,171.652,0
360,6,AECI,PACE,1579154400,184.829,184.829,0
360,6,AECI,PACE,1580472000,179.08,179.08,0
360,6,AECI,PACE,1581789600,190.047,190.047,0
360,6,AECI,PACE,1583107200,224.241,199.76,1
360,6,AECI,PACE,1584424800,173.609,173.609,0
360,6,AECI,PACE,1585742400,130.078,130.078,0
360,6,AECI,PACE,1587060000,146.519,146.519,0
360,6,AECI,PACE,1588377600,154.192,154.192,0
360,6,AECI,PACE,1589695200,158.058,158.058,0
360,6,AECI,PACE,1591012800,151.782,151.782,0
360,6,AECI,PACE,1592330400,159.195,159.195,0
360,6,AECI,PACE,1593648000,183.868,183.868,0
360,6,AECI,PACE,1594965600,175.21,175.21,0
360,6,AECI,PACE,1596283200,180.832,180.832,0
360,6,AECI,PACE,1597600800,201.072,201.072,0
360,6,AECI,PACE,1598918400,180.384,180.384,0
360,6,AECI,PACE,1600236000,202.899,202.899,0
360,6,AECI,PACE,1601553600,182.573,182.573,0
360,6,AECI,PACE,1602871200,178.75,178.75,0
360,6,AECI,PACE,1604188800,219.569,219.569,0
360,6,AECI,PACE,1605506400,205.232,205.232,0
360,6,AECI,PACE,1606824000,196.187,196.187,0
360,6,AECI,PACE,1608141600,194.483,194.483,0
360,1,AECI,TEPC,1577836800,171.652,171.652,0
360,1,AECI,TEPC,1579154400,184.829,184.829,0
360,1,AECI,TEPC,1580472000,179.08,179.08,0
360,1,AECI,TEPC,1581789600,190.047,190.047,0
360,1,AECI,TEPC,1583107200,177.533,177.533,0
360,1,AECI,TEPC,1584424800,173.609,173.609,0
360,1,AECI,TEPC,1585742400,130.078,130.078,0
360,1,AECI,TEPC,1587060000,146.519,146.519,0
360,1,AECI,TEPC,1588377600,154.192,154.192,0
360,1,AECI,TEPC,1589695200,158.058,158.058,0
360,1,AECI,TEPC,1591012800,151.782,151.782,0
360,1,AECI,TEPC,1592330400,159.195,159.195,0
360,1,AECI,TEPC,1593648000,183.868,183.868,0
360,1,AECI,TEPC,1594965600,175.21,175.21,0
360,1,AECI,TEPC,1596283200,180.832,180.832,0
360,1,AECI,TEPC,1597600800,201.072,201.072,0
360,1,AECI,TEPC,1598918400,180.384,180.384,0
360,1,AECI,TEPC,1600236000,202.899,202.899,0
360,1,AECI,TEPC,1601553600,182.573,182.573,0
360,1,AECI,TEPC,1602871200,178.75,178.75,0
360,1,AECI,TEPC,1604188800,219.569,219.569,0
360,1,AECI,TEPC,1605506400,205.232,205.232,0
360,1,AECI,TEPC,1606824000,196.187,196.187,0
360,1,AECI,TEPC,1608141600,194.483,194.483,0
360,2,AECI,TEPC,1577836800,281.285,216.597,2
360,2,AECI,TEPC,1579154400,295.313,228.613,2
360,2,AECI,TEPC,1580472000,557.56,337.731,8
360,2,AECI,TEPC,1581789600,689.639,415.256,10
360,2,AECI,TEPC,1583107200,549.793,333.335,8
360,2,AECI,TEPC,1584424800,546.546,332.288,8
360,2,AECI,TEPC,1585742400,411.652,277.758,7
360,2,AECI,TEPC,1587060000,674.487,389.006,13
360,2,AECI,TEPC,1588377600,561.892,338.347,10
360,2,AECI,TEPC,1589695200,690.385,390.29,12
360,2,AECI,TEPC,1591012800,335.365,230.468,4
360,2,AECI,TEPC,1592330400,783.522,440.372,14
360,2,AECI,TEPC,1593648000,641.791,389.273,9
360,2,AECI,TEPC,1594965600,528.701,335.37,7
360,2,AECI,TEPC,1596283200,483.407,306.214,6
360,2,AECI,TEPC,1597600800,1132.13,574.226,17
360,2,AECI,TEPC,1598918400,1134.585,607.961,18
360,2,AECI,TEPC,1600236000,603.66,381.903,7
360,2,AECI,TEPC,1601553600,587.969,363.772,8
360,2,AECI,TEPC,1602871200,931.795,521.549,13
360,2,AECI,TEPC,1604188800,774.184,454.986,10
360,2,AECI,TEPC,1605506400,311.06,245.859,2
360,2,AECI,TEPC,1606824000,239.623,221.637,1
360,2,AECI,TEPC,1608141600,473.033,320.491,5
360,3,AECI,TEPC,1577836800,171.652,171.652,0
360,3,AECI,TEPC,1579154400,184.829,184.829,0
360,3,AECI,TEPC,1580472000,179.08,179.08,0
360,3,AECI,TEPC,1581789600,278.398,214.235,1
360,3,AECI,TEPC,1583107200,460.094,298.812,6
360,3,AECI,TEPC,1584424800,356.172,252.106,4
360,3,AECI,TEPC,1585742400,178.154,151.249,1
360,3,AECI,TEPC,1587060000,339.158,233.926,5
360,3,AECI,TEPC,1588377600,259.272,189.81,2
360,3,AECI,TEPC,1589695200,289.0,217.037,3
360,3,AECI,TEPC,1591012800,151.782,151.782,0
360,3,AECI,TEPC,1592330400,234.211,178.197,1
360,3,AECI,TEPC,1593648000,307.476,225.84,2
360,3,AECI,TEPC,1594965600,339.168,243.367,3
360,3,AECI,TEPC,1596283200,400.048,268.644,4
360,3,AECI,TEPC,1597600800,282.098,224.754,1
360,3,AECI,TEPC,1598918400,278.006,223.407,2
360,3,AECI,TEPC,1600236000,397.706,281.408,3
360,3,AECI,TEPC,1601553600,182.573,182.573,0
360,3,AECI,TEPC,1602871200,289.503,228.545,2
360,3,AECI,TEPC,1604188800,349.849,266.582,2
360,3,AECI,TEPC,1605506400,310.665,245.859,2
360,3,AECI,TEPC,1606824000,239.623,221.637,1
360,3,AECI,TEPC,1608141600,194.483,194.483,0
360,4,AECI,TEPC,1577836800,171.652,171.652,0
360,4,AECI,TEPC,1579154400,184.829,184.829,0
360,4,AECI,TEPC,1580472000,179.08,179.08,0
360,4,AECI,TEPC,1581789600,190.047,190.047,0
360,4,AECI,TEPC,1583107200,177.533,177.533,0
360,4,AECI,TEPC,1584424800,173.609,173.609,0
360,4,AECI,TEPC,1585742400,130.078,130.078,0
360,4,AECI,TEPC,1587060000,146.519,146.519,0
360,4,AECI,TEPC,1588377600,154.192,154.192,0
360,4,AECI,TEPC,1589695200,158.058,158.058,0
360,4,AECI,TEPC,1591012800,151.782,151.782,0
360,4,AECI,TEPC,1592330400,159.195,159.195,0
360,4,AECI,TEPC,1593648000,183.868,183.868,0
360,4,AECI,TEPC,1594965600,175.21,175.21,0
360,4,AECI,TEPC,1596283200,180.832,180.832,0
360,4,AECI,TEPC,1597600800,201.072,201.072,0
360,4,AECI,TEPC,1598918400,180.384,180.384,0
360,4,AECI,TEPC,1600236000,202.899,202.899,0
360,4,AECI,TEPC,1601553600,182.573,182.573,0
360,4,AECI,TEPC,1602871200,178.75,178.75,0
360,4,AECI,TEPC,1604188800,219.569,219.569,0
360,4,AECI,TEPC,1605506400,205.232,205.232,0
360,4,AECI,TEPC,1606824000,196.187,196.187,0
360,4,AECI,TEPC,1608141600,194.483,194.483,0
360,5,AECI,TEPC,1577836800,280.155,216.597,2
360,5,AECI,TEPC,1579154400,294.191,228.613,2
360,5,AECI,TEPC,1580472000,541.887,337.731,8
360,5,AECI,TEPC,1581789600,671.946,415.256,10
360,5,AECI,TEPC,1583107200,445.447,298.812,6
360,5,AECI,TEPC,1584424800,534.193,332.288,8
360,5,AECI,TEPC,1585742400,404.105,277.758,7
360,5,AECI,TEPC,1587060000,666.259,389.006,13
360,5,AECI,TEPC,1588377600,552.96,338.347,10
360,5,AECI,TEPC,1589695200,499.975,314.166,8
360,5,AECI,TEPC,1591012800,331.276,230.468,4
360,5,AECI,TEPC,1592330400,764.106,440.372,14
360,5,AECI,TEPC,1593648000,724.383,434.769,11
360,5,AECI,TEPC,1594965600,520.193,335.37,7
360,5,AECI,TEPC,1596283200,478.236,306.214,6
360,5,AECI,TEPC,1597600800,1124.228,574.226,17
360,5,AECI,TEPC,1598918400,1118.584,607.961,18
360,5,AECI,TEPC,1600236000,596.784,381.903,7
360,5,AECI,TEPC,1601553600,582.611,363.772,8
360,5,AECI,TEPC,1602871200,975.494,547.139,14
360,5,AECI,TEPC,1604188800,766.941,454.986,10
360,5,AECI,TEPC,1605506400,410.924,287.735,4
360,5,AECI,TEPC,1606824000,239.623,221.637,1
360,5,AECI,TEPC,1608141600,471.248,320.491,5
360,6,AECI,TEPC,1577836800,171.652,171.652,0
360,6,AECI,TEPC,1579154400,184.829,184.829,0
360,6,AECI,TEPC,1580472000,179.08,179.08,0
360,6,AECI,TEPC,1581789600,190.047,190.047,0
360,6,AECI,TEPC,1583107200,177.533,177.533,0
360,6,AECI,TEPC,1584424800,173.609,173.609,0
360,6,AECI,TEPC,1585742400,130.078,130.078,0
360,6,AECI,TEPC,1587060000,146.519,146.519,0
360,6,AECI,TEPC,1588377600,154.192,154.192,0
360,6,AECI,TEPC,1589695200,158.058,158.058,0
360,6,AECI,TEPC,1591012800,151.782,151.782,0
360,6,AECI,TEPC,1592330400,159.195,159.195,0
360,6,AECI,TEPC,1593648000,183.868,183.868,0
360,6,AECI,TEPC,1594965600,175.21,175.21,0
360,6,AECI,TEPC,1596283200,180.832,180.832,0
360,6,AECI,TEPC,1597600800,201.072,201.072,0
360,6,AECI,TEPC,1598918400,180.384,180.384,0
360,6,AECI,TEPC,1600236000,202.899,202.899,0
360,6,AECI,TEPC,1601553600,182.573,182.573,0
360,6,AECI,TEPC,1602871200,178.75,178.75,0
360,6,AECI,TEPC,1604188800,219.569,219.569,0
360,6,AECI,TEPC,1605506400,205.232,205.232,0
360,6,AECI,TEPC,1606824000,239.623,221.637,1
360,6,AECI,TEPC,1608141600,194.483,194.483,0
360,1,BANC,CISO,1577836800,76.253,76.253,0
360,1,BANC,CISO,1579154400,81.548,81.548,0
360,1,BANC,CISO,1580472000,55.83,55.83,0
360,1,BANC,CISO,1581789600,52.267,52.267,0
360,1,BANC,CISO,1583107200,52.43,52.43,0
360,1,BANC,CISO,1584424800,83.316,83.316,0
360,1,BANC,CISO,1585742400,44.33,44.33,0
360,1,BANC,CISO,1587060000,33.313,33.313,0
360,1,BANC,CISO,1588377600,42.749,42.749,0
360,1,BANC,CISO,1589695200,42.187,42.187,0
360,1,BANC,CISO,1591012800,42.378,42.378,0
360,1,BANC,CISO,1592330400,40.383,40.383,0
360,1,BANC,CISO,1593648000,37.688,37.688,0
360,1,BANC,CISO,1594965600,55.204,55.204,0
360,1,BANC,CISO,1596283200,56.684,56.684,0
360,1,BANC,CISO,1597600800,78.197,78.197,0
360,1,BANC,CISO,1598918400,75.022,75.022,0
360,1,BANC,CISO,1600236000,80.174,80.174,0
360,1,BANC,CISO,1601553600,81.036,81.036,0
360,1,BANC,CISO,1602871200,74.249,74.249,0
360,1,BANC,CISO,1604188800,87.09,87.09,0
360,1,BANC,CISO,1605506400,93.475,93.475,0
360,1,BANC,CISO,1606824000,108.643,108.643,0
360,1,BANC,CISO,1608141600,91.972,91.972,0
360,2,BANC,CISO,1577836800,221.857,135.254,6
360,2,BANC,CISO,1579154400,234.347,141.351,6
360,2,BANC,CISO,1580472000,129.781,88.529,4
360,2,BANC,CISO,1581789600,228.999,130.007,9
360,2,BANC,CISO,1583107200,152.587,94.16,6
360,2,BANC,CISO,1584424800,282.794,162.619,8
360,2,BANC,CISO,1585742400,164.612,93.096,8
360,2,BANC,CISO,1587060000,82.414,52.119,5
360,2,BANC,CISO,1588377600,164.993,91.826,10
360,2,BANC,CISO,1589695200,124.759,84.568,7
360,2,BANC,CISO,1591012800,109.915,71.307,4
360,2,BANC,CISO,1592330400,166.274,99.156,9
360,2,BANC,CISO,1593648000,104.569,67.771,6
360,2,BANC,CISO,1594965600,173.57,110.753,7
360,2,BANC,CISO,1596283200,188.299,115.839,8
360,2,BANC,CISO,1597600800,125.026,96.764,2
360,2,BANC,CISO,1598918400,217.403,140.49,6
360,2,BANC,CISO,1600236000,256.751,152.506,8
360,2,BANC,CISO,1601553600,260.318,153.926,8
360,2,BANC,CISO,1602871200,218.752,129.805,6
360,2,BANC,CISO,1604188800,197.987,116.315,4
360,2,BANC,CISO,1605506400,752.086,377.133,23
360,2,BANC,CISO,1606824000,651.125,351.909,17
360,2,BANC,CISO,1608141600,314.762,179.467,10
360,3,BANC,CISO,1577836800,124.133,95.983,2
360,3,BANC,CISO,1579154400,81.548,81.548,0
360,3,BANC,CISO,1580472000,55.83,55.83,0
360,3,BANC,CISO,1581789600,68.121,61.013,1
360,3,BANC,CISO,1583107200,79.765,64.586,2
360,3,BANC,CISO,1584424800,83.316,83.316,0
360,3,BANC,CISO,1585742400,44.33,44.33,0
360,3,BANC,CISO,1587060000,50.626,40.417,2
360,3,BANC,CISO,1588377600,117.465,73.521,6
360,3,BANC,CISO,1589695200,80.269,62.156,3
360,3,BANC,CISO,1591012800,42.378,42.378,0
360,3,BANC,CISO,1592330400,53.652,46.13,1
360,3,BANC,CISO,1593648000,58.322,47.006,2
360,3,BANC,CISO,1594965600,55.204,55.204,0
360,3,BANC,CISO,1596283200,56.684,56.684,0
360,3,BANC,CISO,1597600800,78.197,78.197,0
360,3,BANC,CISO,1598918400,154.043,107.101,3
360,3,BANC,CISO,1600236000,80.174,80.174,0
360,3,BANC,CISO,1601553600,81.036,81.036,0
360,3,BANC,CISO,1602871200,117.017,92.468,2
360,3,BANC,CISO,1604188800,87.09,87.09,0
360,3,BANC,CISO,1605506400,145.768,107.314,1
360,3,BANC,CISO,1606824000,151.225,122.446,1
360,3,BANC,CISO,1608141600,138.533,110.314,2
360,4,BANC,CISO,1577836800,76.253,76.253,0
360,4,BANC,CISO,1579154400,81.548,81.548,0
360,4,BANC,CISO,1580472000,55.83,55.83,0
360,4,BANC,CISO,1581789600,52.267,52.267,0
360,4,BANC,CISO,1583107200,52.43,52.43,0
360,4,BANC,CISO,1584424800,83.316,83.316,0
360,4,BANC,CISO,1585742400,44.33,44.33,0
360,4,BANC,CISO,1587060000,33.313,33.313,0
360,4,BANC,CISO,1588377600,42.749,42.749,0
360,4,BANC,CISO,1589695200,42.187,42.187,0
360,4,BANC,CISO,1591012800,42.378,42.378,0
360,4,BANC,CISO,1592330400,40.383,40.383,0
360,4,BANC,CISO,1593648000,37.688,37.688,0
360,4,BANC,CISO,1594965600,55.204,55.204,0
360,4,BANC,CISO,1596283200,56.684,56.684,0
360,4,BANC,CISO,1597600800,78.197,78.197,0
360,4,BANC,CISO,1598918400,75.022,75.022,0
360,4,BANC,CISO,1600236000,80.174,80.174,0
360,4,BANC,CISO,1601553600,81.036,81.036,0
360,4,BANC,CISO,1602871200,74.249,74.249,0
360,4,BANC,CISO,1604188800,87.09,87.09,0
360,4,BANC,CISO,1605506400,93.475,93.475,0
360,4,BANC,CISO,1606824000,108.643,108.643,0
360,4,BANC,CISO,1608141600,91.972,91.972,0
360,5,BANC,CISO,1577836800,209.11,135.254,6
360,5,BANC,CISO,1579154400,271.693,160.556,8
360,5,BANC,CISO,1580472000,123.931,88.529,4
360,5,BANC,CISO,1581789600,230.862,138.045,10
360,5,BANC,CISO,1583107200,141.864,94.16,6
360,5,BANC,CISO,1584424800,265.0,162.619,8
360,5,BANC,CISO,1585742400,147.183,93.096,8
360,5,BANC,CISO,1587060000,92.16,56.219,6
360,5,BANC,CISO,1588377600,100.23,73.521,6
360,5,BANC,CISO,1589695200,115.309,84.568,7
360,5,BANC,CISO,1591012800,107.832,71.307,4
360,5,BANC,CISO,1592330400,159.1,99.156,9
360,5,BANC,CISO,1593648000,100.4,67.771,6
360,5,BANC,CISO,1594965600,184.935,117.029,8
360,5,BANC,CISO,1596283200,183.328,115.839,8
360,5,BANC,CISO,1597600800,125.026,96.764,2
360,5,BANC,CISO,1598918400,212.699,140.49,6
360,5,BANC,CISO,1600236000,250.167,152.506,8
360,5,BANC,CISO,1601553600,252.92,153.926,8
360,5,BANC,CISO,1602871200,162.915,111.248,4
360,5,BANC,CISO,1604188800,193.03,116.315,4
360,5,BANC,CISO,1605506400,778.449,401.944,25
360,5,BANC,CISO,1606824000,641.651,351.909,17
360,5,BANC,CISO,1608141600,294.108,179.467,10
360,6,BANC,CISO,1577836800,76.253,76.253,0
360,6,BANC,CISO,1579154400,81.548,81.548,0
360,6,BANC,CISO,1580472000,55.83,55.83,0
360,6,BANC,CISO,1581789600,52.267,52.267,0
360,6,BANC,CISO,1583107200,52.43,52.43,0
360,6,BANC,CISO,1584424800,83.316,83.316,0
360,6,BANC,CISO,1585742400,44.33,44.33,0
360,6,BANC,CISO,1587060000,33.313,33.313,0
360,6,BANC,CISO,1588377600,42.749,42.749,0
360,6,BANC,CISO,1589695200,42.187,42.187,0
360,6,BANC,CISO,1591012800,42.378,42.378,0
360,6,BANC,CISO,1592330400,40.383,40.383,0
360,6,BANC,CISO,1593648000,37.688,37.688,0
360,6,BANC,CISO,1594965600,55.204,55.204,0
360,6,BANC,CISO,1596283200,56.684,56.684,0
360,6,BANC,CISO,1597600800,78.197,78.197,0
360,6,BANC,CISO,1598918400,75.022,75.022,0
360,6,BANC,CISO,1600236000,80.174,80.174,0
360,6,BANC,CISO,1601553600,81.036,81.036,0
360,6,BANC,CISO,1602871200,74.249,74.249,0
360,6,BANC,CISO,1604188800,87.09,87.09,0
360,6,BANC,CISO,1605506400,93.475,93.475,0
360,6,BANC,CISO,1606824000,147.189,122.446,1
360,6,BANC,CISO,1608141600,91.972,91.972,0
360,1,CISO,BANC,1577836800,130.428,130.428,0
360,1,CISO,BANC,1579154400,140.472,140.472,0
360,1,CISO,BANC,1580472000,117.952,117.952,0
360,1,CISO,BANC,1581789600,103.569,103.569,0
360,1,CISO,BANC,1583107200,104.144,104.144,0
360,1,CISO,BANC,1584424800,135.48,135.48,0
360,1,CISO,BANC,1585742400,79.732,79.732,0
360,1,CISO,BANC,1587060000,80.679,80.679,0
360,1,CISO,BANC,1588377600,56.36,56.36,0
360,1,CISO,BANC,1589695200,62.849,62.849,0
360,1,CISO,BANC,1591012800,94.687,94.687,0
360,1,CISO,BANC,1592330400,66.377,66.377,0
360,1,CISO,BANC,1593648000,73.665,73.665,0
360,1,CISO,BANC,1594965600,90.516,90.516,0
360,1,CISO,BANC,1596283200,92.419,92.419,0
360,1,CISO,BANC,1597600800,127.384,127.384,0
360,1,CISO,BANC,1598918400,110.116,110.116,0
360,1,CISO,BANC,1600236000,126.99,126.99,0
360,1,CISO,BANC,1601553600,129.978,129.978,0
360,1,CISO,BANC,1602871200,142.021,142.021,0
360,1,CISO,BANC,1604188800,143.8,143.8,0
360,1,CISO,BANC,1605506400,123.623,123.623,0
360,1,CISO,BANC,1606824000,121.375,121.375,0
360,1,CISO,BANC,1608141600,120.762,120.762,0
360,2,CISO,BANC,1577836800,269.922,269.231,8
360,2,CISO,BANC,1579154400,321.168,304.967,9
360,2,CISO,BANC,1580472000,176.67,193.804,6
360,2,CISO,BANC,1581789600,190.362,213.45,7
360,2,CISO,BANC,1583107200,209.183,238.921,9
360,2,CISO,BANC,1584424800,315.291,289.452,9
360,2,CISO,BANC,1585742400,185.768,174.671,9
360,2,CISO,BANC,1587060000,62.442,107.136,3
360,2,CISO,BANC,1588377600,147.16,133.872,9
360,2,CISO,BANC,1589695200,152.587,128.632,9
360,2,CISO,BANC,1591012800,167.18,174.607,7
360,2,CISO,BANC,1592330400,143.676,134.275,7
360,2,CISO,BANC,1593648000,143.772,154.318,9
360,2,CISO,BANC,1594965600,212.446,192.188,9
360,2,CISO,BANC,1596283200,228.961,194.243,10
360,2,CISO,BANC,1597600800,103.109,142.283,1
360,2,CISO,BANC,1598918400,292.459,245.169,9
360,2,CISO,BANC,1600236000,283.55,259.124,9
360,2,CISO,BANC,1601553600,292.687,270.645,9
360,2,CISO,BANC,1602871200,190.012,220.289,5
360,2,CISO,BANC,1604188800,222.639,230.843,5
360,2,CISO,BANC,1605506400,840.473,494.387,26
360,2,CISO,BANC,1606824000,679.811,401.792,18
360,2,CISO,BANC,1608141600,250.925,226.03,7
360,3,CISO,BANC,1577836800,104.804,150.855,1
360,3,CISO,BANC,1579154400,115.614,161.562,1
360,3,CISO,BANC,1580472000,100.376,140.078,2
360,3,CISO,BANC,1581789600,101.775,148.255,3
360,3,CISO,BANC,1583107200,69.572,120.048,1
360,3,CISO,BANC,1584424800,116.965,154.092,1
360,3,CISO,BANC,1585742400,75.517,95.276,2
360,3,CISO,BANC,1587060000,59.474,107.136,3
360,3,CISO,BANC,1588377600,93.528,85.78,4
360,3,CISO,BANC,1589695200,109.017,99.824,5
360,3,CISO,BANC,1591012800,61.3,105.873,1
360,3,CISO,BANC,1592330400,77.244,97.173,3
360,3,CISO,BANC,1593648000,51.081,85.411,1
360,3,CISO,BANC,1594965600,76.77,103.828,1
360,3,CISO,BANC,1596283200,113.775,124.595,3
360,3,CISO,BANC,1597600800,101.054,142.283,1
360,3,CISO,BANC,1598918400,96.44,125.298,1
360,3,CISO,BANC,1600236000,109.253,144.207,1
360,3,CISO,BANC,1601553600,151.508,175.775,3
360,3,CISO,BANC,1602871200,138.305,189.768,3
360,3,CISO,BANC,1604188800,112.251,163.232,1
360,3,CISO,BANC,1605506400,174.148,154.471,2
360,3,CISO,BANC,1606824000,121.375,121.375,0
360,3,CISO,BANC,1608141600,164.614,166.934,3
360,4,CISO,BANC,1577836800,130.428,130.428,0
360,4,CISO,BANC,1579154400,140.472,140.472,0
360,4,CISO,BANC,1580472000,117.952,117.952,0
360,4,CISO,BANC,1581789600,103.569,103.569,0
360,4,CISO,BANC,1583107200,104.144,104.144,0
360,4,CISO,BANC,1584424800,135.48,135.48,0
360,4,CISO,BANC,1585742400,79.732,79.732,0
360,4,CISO,BANC,1587060000,80.679,80.679,0
360,4,CISO,BANC,1588377600,56.36,56.36,0
360,4,CISO,BANC,1589695200,62.849,62.849,0
360,4,CISO,BANC,1591012800,94.687,94.687,0
360,4,CISO,BANC,1592330400,66.377,66.377,0
360,4,CISO,BANC,1593648000,73.665,73.665,0
360,4,CISO,BANC,1594965600,90.516,90.516,0
360,4,CISO,BANC,1596283200,92.419,92.419,0
360,4,CISO,BANC,1597600800,127.384,127.384,0
360,4,CISO,BANC,1598918400,110.116,110.116,0
360,4,CISO,BANC,1600236000,126.99,126.99,0
360,4,CISO,BANC,1601553600,129.978,129.978,0
360,4,CISO,BANC,1602871200,142.021,142.021,0
360,4,CISO,BANC,1604188800,143.8,143.8,0
360,4,CISO,BANC,1605506400,123.623,123.623,0
360,4,CISO,BANC,1606824000,121.375,121.375,0
360,4,CISO,BANC,1608141600,120.762,120.762,0
360,5,CISO,BANC,1577836800,276.266,286.743,9
360,5,CISO,BANC,1579154400,305.159,304.967,9
360,5,CISO,BANC,1580472000,187.578,210.385,7
360,5,CISO,BANC,1581789600,173.468,213.45,7
360,5,CISO,BANC,1583107200,196.392,238.921,9
360,5,CISO,BANC,1584424800,297.497,289.452,9
360,5,CISO,BANC,1585742400,168.592,174.671,9
360,5,CISO,BANC,1587060000,60.934,107.136,3
360,5,CISO,BANC,1588377600,131.915,133.872,9
360,5,CISO,BANC,1589695200,142.076,128.632,9
360,5,CISO,BANC,1591012800,96.261,130.308,3
360,5,CISO,BANC,1592330400,136.239,134.275,7
360,5,CISO,BANC,1593648000,136.33,154.318,9
360,5,CISO,BANC,1594965600,205.944,192.188,9
360,5,CISO,BANC,1596283200,225.502,194.243,10
360,5,CISO,BANC,1597600800,102.451,142.283,1
360,5,CISO,BANC,1598918400,286.368,245.169,9
360,5,CISO,BANC,1600236000,276.966,259.124,9
360,5,CISO,BANC,1601553600,286.397,270.645,9
360,5,CISO,BANC,1602871200,186.164,220.289,5
360,5,CISO,BANC,1604188800,217.682,230.843,5
360,5,CISO,BANC,1605506400,812.584,494.387,26
360,5,CISO,BANC,1606824000,668.473,401.792,18
360,5,CISO,BANC,1608141600,234.054,226.03,7
360,6,CISO,BANC,1577836800,104.804,150.855,1
360,6,CISO,BANC,1579154400,115.614,161.562,1
360,6,CISO,BANC,1580472000,83.844,132.315,1
360,6,CISO,BANC,1581789600,70.068,111.669,1
360,6,CISO,BANC,1583107200,69.572,120.048,1
360,6,CISO,BANC,1584424800,123.564,154.092,1
360,6,CISO,BANC,1585742400,63.828,89.078,1
360,6,CISO,BANC,1587060000,42.449,85.499,1
360,6,CISO,BANC,1588377600,56.36,56.36,0
360,6,CISO,BANC,1589695200,62.849,62.849,0
360,6,CISO,BANC,1591012800,61.3,105.873,1
360,6,CISO,BANC,1592330400,49.974,73.619,1
360,6,CISO,BANC,1593648000,51.081,85.411,1
360,6,CISO,BANC,1594965600,76.77,103.828,1
360,6,CISO,BANC,1596283200,78.952,101.712,1
360,6,CISO,BANC,1597600800,101.054,142.283,1
360,6,CISO,BANC,1598918400,110.116,110.116,0
360,6,CISO,BANC,1600236000,109.253,144.207,1
360,6,CISO,BANC,1601553600,111.889,144.536,1
360,6,CISO,BANC,1602871200,97.74,153.058,1
360,6,CISO,BANC,1604188800,112.251,163.232,1
360,6,CISO,BANC,1605506400,123.623,123.623,0
360,6,CISO,BANC,1606824000,121.375,121.375,0
360,6,CISO,BANC,1608141600,120.762,120.762,0
360,1,EPE,AECI,1577836800,202.093,202.093,0
360,1,EPE,AECI,1579154400,207.289,207.289,0
360,1,EPE,AECI,1580472000,181.504,181.504,0
360,1,EPE,AECI,1581789600,175.974,175.974,0
360,1,EPE,AECI,1583107200,202.541,202.541,0
360,1,EPE,AECI,1584424800,204.307,204.307,0
360,1,EPE,AECI,1585742400,164.605,164.605,0
360,1,EPE,AECI,1587060000,171.684,171.684,0
360,1,EPE,AECI,1588377600,183.602,183.602,0
360,1,EPE,AECI,1589695200,189.282,189.282,0
360,1,EPE,AECI,1591012800,195.852,195.852,0
360,1,EPE,AECI,1592330400,195.157,195.157,0
360,1,EPE,AECI,1593648000,198.016,198.016,0
360,1,EPE,AECI,1594965600,209.436,209.436,0
360,1,EPE,AECI,1596283200,204.715,204.715,0
360,1,EPE,AECI,1597600800,214.763,214.763,0
360,1,EPE,AECI,1598918400,203.471,203.471,0
360,1,EPE,AECI,1600236000,199.728,199.728,0
360,1,EPE,AECI,1601553600,220.07,220.07,0
360,1,EPE,AECI,1602871200,223.978,223.978,0
360,1,EPE,AECI,1604188800,214.945,214.945,0
360,1,EPE,AECI,1605506400,203.959,203.959,0
360,1,EPE,AECI,1606824000,198.83,198.83,0
360,1,EPE,AECI,1608141600,215.454,215.454,0
360,2,EPE,AECI,1577836800,565.052,409.091,8
360,2,EPE,AECI,1579154400,453.09,344.616,5
360,2,EPE,AECI,1580472000,258.912,225.872,2
360,2,EPE,AECI,1581789600,175.974,175.974,0
360,2,EPE,AECI,1583107200,499.535,378.037,7
360,2,EPE,AECI,1584424800,628.233,439.472,10
360,2,EPE,AECI,1585742400,296.943,248.776,4
360,2,EPE,AECI,1587060000,439.589,337.927,7
360,2,EPE,AECI,1588377600,477.843,354.903,8
360,2,EPE,AECI,1589695200,561.851,413.129,9
360,2,EPE,AECI,1591012800,604.003,436.099,10
360,2,EPE,AECI,1592330400,484.695,372.729,7
360,2,EPE,AECI,1593648000,583.643,403.912,8
360,2,EPE,AECI,1594965600,582.596,421.147,8
360,2,EPE,AECI,1596283200,675.649,462.281,10
360,2,EPE,AECI,1597600800,317.77,263.331,2
360,2,EPE,AECI,1598918400,492.77,358.24,6
360,2,EPE,AECI,1600236000,199.728,199.728,0
360,2,EPE,AECI,1601553600,500.965,382.14,6
360,2,EPE,AECI,1602871200,512.564,393.143,6
360,2,EPE,AECI,1604188800,603.107,424.928,8
360,2,EPE,AECI,1605506400,246.034,229.54,1
360,2,EPE,AECI,1606824000,298.323,248.811,2
360,2,EPE,AECI,1608141600,763.174,505.618,11
360,3,EPE,AECI,1577836800,202.093,202.093,0
360,3,EPE,AECI,1579154400,207.289,207.289,0
360,3,EPE,AECI,1580472000,255.615,225.872,2
360,3,EPE,AECI,1581789600,175.974,175.974,0
360,3,EPE,AECI,1583107200,202.541,202.541,0
360,3,EPE,AECI,1584424800,281.869,250.24,2
360,3,EPE,AECI,1585742400,229.354,205.028,2
360,3,EPE,AECI,1587060000,171.684,171.684,0
360,3,EPE,AECI,1588377600,183.602,183.602,0
360,3,EPE,AECI,1589695200,232.767,217.002,1
360,3,EPE,AECI,1591012800,245.318,242.462,2
360,3,EPE,AECI,1592330400,284.971,272.674,3
360,3,EPE,AECI,1593648000,198.016,198.016,0
360,3,EPE,AECI,1594965600,436.051,343.841,5
360,3,EPE,AECI,1596283200,294.954,253.025,2
360,3,EPE,AECI,1597600800,214.763,214.763,0
360,3,EPE,AECI,1598918400,392.426,305.735,4
360,3,EPE,AECI,1600236000,199.728,199.728,0
360,3,EPE,AECI,1601553600,295.377,272.106,2
360,3,EPE,AECI,1602871200,406.118,337.898,4
360,3,EPE,AECI,1604188800,214.945,214.945,0
360,3,EPE,AECI,1605506400,242.28,229.54,1
360,3,EPE,AECI,1606824000,296.881,248.811,2
360,3,EPE,AECI,1608141600,316.704,270.415,2
360,4,EPE,AECI,1577836800,202.093,202.093,0
360,4,EPE,AECI,1579154400,207.289,207.289,0
360,4,EPE,AECI,1580472000,181.504,181.504,0
360,4,EPE,AECI,1581789600,175.974,175.974,0
360,4,EPE,AECI,1583107200,202.541,202.541,0
360,4,EPE,AECI,1584424800,204.307,204.307,0
360,4,EPE,AECI,1585742400,164.605,164.605,0
360,4,EPE,AECI,1587060000,171.684,171.684,0
360,4,EPE,AECI,1588377600,183.602,183.602,0
360,4,EPE,AECI,1589695200,189.282,189.282,0
360,4,EPE,AECI,1591012800,195.852,195.852,0
360,4,EPE,AECI,1592330400,195.157,195.157,0
360,4,EPE,AECI,1593648000,198.016,198.016,0
360,4,EPE,AECI,1594965600,209.436,209.436,0
360,4,EPE,AECI,1596283200,204.715,204.715,0
360,4,EPE,AECI,1597600800,214.763,214.763,0
360,4,EPE,AECI,1598918400,203.471,203.471,0
360,4,EPE,AECI,1600236000,199.728,199.728,0
360,4,EPE,AECI,1601553600,220.07,220.07,0
360,4,EPE,AECI,1602871200,223.978,223.978,0
360,4,EPE,AECI,1604188800,214.945,214.945,0
360,4,EPE,AECI,1605506400,203.959,203.959,0
360,4,EPE,AECI,1606824000,198.83,198.83,0
360,4,EPE,AECI,1608141600,215.454,215.454,0
360,5,EPE,AECI,1577836800,562.232,409.091,8
360,5,EPE,AECI,1579154400,447.264,344.616,5
360,5,EPE,AECI,1580472000,256.376,225.872,2
360,5,EPE,AECI,1581789600,175.974,175.974,0
360,5,EPE,AECI,1583107200,490.763,378.037,7
360,5,EPE,AECI,1584424800,623.532,439.472,10
360,5,EPE,AECI,1585742400,292.208,248.776,4
360,5,EPE,AECI,1587060000,434.866,337.927,7
360,5,EPE,AECI,1588377600,470.79,354.903,8
360,5,EPE,AECI,1589695200,553.337,413.129,9
360,5,EPE,AECI,1591012800,422.977,339.62,6
360,5,EPE,AECI,1592330400,477.004,372.729,7
360,5,EPE,AECI,1593648000,573.538,403.912,8
360,5,EPE,AECI,1594965600,678.596,476.504,10
360,5,EPE,AECI,1596283200,433.221,334.023,5
360,5,EPE,AECI,1597600800,315.63,263.331,2
360,5,EPE,AECI,1598918400,490.179,358.24,6
360,5,EPE,AECI,1600236000,300.006,253.805,2
360,5,EPE,AECI,1601553600,496.939,382.14,6
360,5,EPE,AECI,1602871200,509.57,393.143,6
360,5,EPE,AECI,1604188800,598.254,424.928,8
360,5,EPE,AECI,1605506400,289.144,253.685,2
360,5,EPE,AECI,1606824000,296.881,248.811,2
360,5,EPE,AECI,1608141600,758.152,505.618,11
360,6,EPE,AECI,1577836800,202.093,202.093,0
360,6,EPE,AECI,1579154400,207.289,207.289,0
360,6,EPE,AECI,1580472000,181.504,181.504,0
360,6,EPE,AECI,1581789600,175.974,175.974,0
360,6,EPE,AECI,1583107200,202.541,202.541,0
360,6,EPE,AECI,1584424800,204.307,204.307,0
360,6,EPE,AECI,1585742400,164.605,164.605,0
360,6,EPE,AECI,1587060000,171.684,171.684,0
360,6,EPE,AECI,1588377600,183.602,183.602,0
360,6,EPE,AECI,1589695200,189.282,189.282,0
360,6,EPE,AECI,1591012800,195.852,195.852,0
360,6,EPE,AECI,1592330400,195.157,195.157,0
360,6,EPE,AECI,1593648000,198.016,198.016,0
360,6,EPE,AECI,1594965600,209.436,209.436,0
360,6,EPE,AECI,1596283200,204.715,204.715,0
360,6,EPE,AECI,1597600800,214.763,214.763,0
360,6,EPE,AECI,1598918400,203.471,203.471,0
360,6,EPE,AECI,1600236000,199.728,199.728,0
360,6,EPE,AECI,1601553600,220.07,220.07,0
360,6,EPE,AECI,1602871200,223.978,223.978,0
360,6,EPE,AECI,1604188800,214.945,214.945,0
360,6,EPE,AECI,1605506400,203.959,203.959,0
360,6,EPE,AECI,1606824000,198.83,198.83,0
360,6,EPE,AECI,1608141600,215.454,215.454,0
360,1,EPE,PSCO,1577836800,202.093,202.093,0
360,1,EPE,PSCO,1579154400,207.289,207.289,0
360,1,EPE,PSCO,1580472000,181.504,181.504,0
360,1,EPE,PSCO,1581789600,175.974,175.974,0
360,1,EPE,PSCO,1583107200,202.541,202.541,0
360,1,EPE,PSCO,1584424800,204.307,204.307,0
360,1,EPE,PSCO,1585742400,164.605,164.605,0
360,1,EPE,PSCO,1587060000,171.684,171.684,0
360,1,EPE,PSCO,1588377600,183.602,183.602,0
360,1,EPE,PSCO,1589695200,189.282,189.282,0
360,1,EPE,PSCO,1591012800,195.852,195.852,0
360,1,EPE,PSCO,1592330400,195.157,195.157,0
360,1,EPE,PSCO,1593648000,198.016,198.016,0
360,1,EPE,PSCO,1594965600,209.436,209.436,0
360,1,EPE,PSCO,1596283200,204.715,204.715,0
360,1,EPE,PSCO,1597600800,214.763,214.763,0
360,1,EPE,PSCO,1598918400,203.471,203.471,0
360,1,EPE,PSCO,1600236000,199.728,199.728,0
360,1,EPE,PSCO,1601553600,220.07,220.07,0
360,1,EPE,PSCO,1602871200,223.978,223.978,0
360,1,EPE,PSCO,1604188800,214.945,214.945,0
360,1,EPE,PSCO,1605506400,203.959,203.959,0
360,1,EPE,PSCO,1606824000,198.83,198.83,0
360,1,EPE,PSCO,1608141600,215.454,215.454,0
360,2,EPE,PSCO,1577836800,511.557,359.489,6
360,2,EPE,PSCO,1579154400,483.0,372.431,6
360,2,EPE,PSCO,1580472000,627.976,409.202,10
360,2,EPE,PSCO,1581789600,263.577,221.7,2
360,2,EPE,PSCO,1583107200,572.262,400.116,8
360,2,EPE,PSCO,1584424800,490.931,342.931,6
360,2,EPE,PSCO,1585742400,248.445,205.028,2
360,2,EPE,PSCO,1587060000,364.136,263.622,4
360,2,EPE,PSCO,1588377600,520.95,354.903,8
360,2,EPE,PSCO,1589695200,296.491,264.244,3
360,2,EPE,PSCO,1591012800,605.898,388.338,8
360,2,EPE,PSCO,1592330400,486.97,345.994,6
360,2,EPE,PSCO,1593648000,568.812,403.912,8
360,2,EPE,PSCO,1594965600,671.87,450.343,9
360,2,EPE,PSCO,1596283200,324.095,279.232,3
360,2,EPE,PSCO,1597600800,588.524,409.971,8
360,2,EPE,PSCO,1598918400,392.251,305.735,4
360,2,EPE,PSCO,1600236000,641.379,451.052,10
360,2,EPE,PSCO,1601553600,646.205,458.494,9
360,2,EPE,PSCO,1602871200,564.266,423.424,7
360,2,EPE,PSCO,1604188800,685.208,450.498,9
360,2,EPE,PSCO,1605506400,652.115,446.177,10
360,2,EPE,PSCO,1606824000,192.906,224.277,1
360,2,EPE,PSCO,1608141600,216.347,241.039,1
360,3,EPE,PSCO,1577836800,406.939,306.134,4
360,3,EPE,PSCO,1579154400,215.184,235.121,1
360,3,EPE,PSCO,1580472000,255.323,225.872,2
360,3,EPE,PSCO,1581789600,269.699,221.7,2
360,3,EPE,PSCO,1583107200,244.072,229.497,1
360,3,EPE,PSCO,1584424800,298.598,250.24,2
360,3,EPE,PSCO,1585742400,164.605,164.605,0
360,3,EPE,PSCO,1587060000,171.684,171.684,0
360,3,EPE,PSCO,1588377600,183.602,183.602,0
360,3,EPE,PSCO,1589695200,218.347,217.002,1
360,3,EPE,PSCO,1591012800,195.852,195.852,0
360,3,EPE,PSCO,1592330400,274.821,244.79,2
360,3,EPE,PSCO,1593648000,227.93,223.395,1
360,3,EPE,PSCO,1594965600,310.468,263.57,2
360,3,EPE,PSCO,1596283200,247.768,229.252,1
360,3,EPE,PSCO,1597600800,283.546,263.331,2
360,3,EPE,PSCO,1598918400,203.471,203.471,0
360,3,EPE,PSCO,1600236000,221.957,227.804,1
360,3,EPE,PSCO,1601553600,246.042,247.012,1
360,3,EPE,PSCO,1602871200,358.474,309.697,3
360,3,EPE,PSCO,1604188800,214.945,214.945,0
360,3,EPE,PSCO,1605506400,247.299,229.54,1
360,3,EPE,PSCO,1606824000,192.906,224.277,1
360,3,EPE,PSCO,1608141600,216.347,241.039,1
360,4,EPE,PSCO,1577836800,202.093,202.093,0
360,4,EPE,PSCO,1579154400,207.289,207.289,0
360,4,EPE,PSCO,1580472000,181.504,181.504,0
360,4,EPE,PSCO,1581789600,175.974,175.974,0
360,4,EPE,PSCO,1583107200,202.541,202.541,0
360,4,EPE,PSCO,1584424800,204.307,204.307,0
360,4,EPE,PSCO,1585742400,164.605,164.605,0
360,4,EPE,PSCO,1587060000,171.684,171.684,0
360,4,EPE,PSCO,1588377600,183.602,183.602,0
360,4,EPE,PSCO,1589695200,189.282,189.282,0
360,4,EPE,PSCO,1591012800,195.852,195.852,0
360,4,EPE,PSCO,1592330400,195.157,195.157,0
360,4,EPE,PSCO,1593648000,198.016,198.016,0
360,4,EPE,PSCO,1594965600,209.436,209.436,0
360,4,EPE,PSCO,1596283200,204.715,204.715,0
360,4,EPE,PSCO,1597600800,214.763,214.763,0
360,4,EPE,PSCO,1598918400,203.471,203.471,0
360,4,EPE,PSCO,1600236000,199.728,199.728,0
360,4,EPE,PSCO,1601553600,220.07,220.07,0
360,4,EPE,PSCO,1602871200,223.978,223.978,0
360,4,EPE,PSCO,1604188800,214.945,214.945,0
360,4,EPE,PSCO,1605506400,203.959,203.959,0
360,4,EPE,PSCO,1606824000,198.83,198.83,0
360,4,EPE,PSCO,1608141600,215.454,215.454,0
360,5,EPE,PSCO,1577836800,656.526,435.382,9
360,5,EPE,PSCO,1579154400,481.079,372.431,6
360,5,EPE,PSCO,1580472000,520.982,364.065,8
360,5,EPE,PSCO,1581789600,261.979,221.7,2
360,5,EPE,PSCO,1583107200,568.577,400.116,8
360,5,EPE,PSCO,1584424800,483.79,342.931,6
360,5,EPE,PSCO,1585742400,241.209,205.028,2
360,5,EPE,PSCO,1587060000,360.519,263.622,4
360,5,EPE,PSCO,1588377600,514.066,354.903,8
360,5,EPE,PSCO,1589695200,291.651,264.244,3
360,5,EPE,PSCO,1591012800,395.491,293.466,4
360,5,EPE,PSCO,1592330400,479.156,345.994,6
360,5,EPE,PSCO,1593648000,560.472,403.912,8
360,5,EPE,PSCO,1594965600,658.987,450.343,9
360,5,EPE,PSCO,1596283200,323.972,279.232,3
360,5,EPE,PSCO,1597600800,578.248,409.971,8
360,5,EPE,PSCO,1598918400,388.22,305.735,4
360,5,EPE,PSCO,1600236000,626.185,451.052,10
360,5,EPE,PSCO,1601553600,633.103,458.494,9
360,5,EPE,PSCO,1602871200,557.898,423.424,7
360,5,EPE,PSCO,1604188800,683.47,450.498,9
360,5,EPE,PSCO,1605506400,637.426,446.177,10
360,5,EPE,PSCO,1606824000,192.906,224.277,1
360,5,EPE,PSCO,1608141600,216.347,241.039,1
360,6,EPE,PSCO,1577836800,202.093,202.093,0
360,6,EPE,PSCO,1579154400,215.184,235.121,1
360,6,EPE,PSCO,1580472000,181.504,181.504,0
360,6,EPE,PSCO,1581789600,175.974,175.974,0
360,6,EPE,PSCO,1583107200,202.541,202.541,0
360,6,EPE,PSCO,1584424800,204.307,204.307,0
360,6,EPE,PSCO,1585742400,164.605,164.605,0
360,6,EPE,PSCO,1587060000,171.684,171.684,0
360,6,EPE,PSCO,1588377600,183.602,183.602,0
360,6,EPE,PSCO,1589695200,210.349,217.002,1
360,6,EPE,PSCO,1591012800,195.852,195.852,0
360,6,EPE,PSCO,1592330400,195.157,195.157,0
360,6,EPE,PSCO,1593648000,198.016,198.016,0
360,6,EPE,PSCO,1594965600,209.436,209.436,0
360,6,EPE,PSCO,1596283200,204.715,204.715,0
360,6,EPE,PSCO,1597600800,214.763,214.763,0
360,6,EPE,PSCO,1598918400,203.471,203.471,0
360,6,EPE,PSCO,1600236000,199.728,199.728,0
360,6,EPE,PSCO,1601553600,241.762,247.012,1
360,6,EPE,PSCO,1602871200,223.978,223.978,0
360,6,EPE,PSCO,1604188800,214.945,214.945,0
360,6,EPE,PSCO,1605506400,203.959,203.959,0
360,6,EPE,PSCO,1606824000,192.906,224.277,1
360,6,EPE,PSCO,1608141600,216.347,241.039,1
360,1,PACE,AECI,1577836800,222.045,222.045,0
360,1,PACE,AECI,1579154400,234.433,234.433,0
360,1,PACE,AECI,1580472000,198.311,198.311,0
360,1,PACE,AECI,1581789600,196.827,196.827,0
360,1,PACE,AECI,1583107200,208.975,208.975,0
360,1,PACE,AECI,1584424800,252.452,252.452,0
360,1,PACE,AECI,1585742400,225.822,225.822,0
360,1,PACE,AECI,1587060000,224.401,224.401,0
360,1,PACE,AECI,1588377600,195.688,195.688,0
360,1,PACE,AECI,1589695200,218.514,218.514,0
360,1,PACE,AECI,1591012800,230.978,230.978,0
360,1,PACE,AECI,1592330400,200.767,200.767,0
360,1,PACE,AECI,1593648000,211.4,211.4,0
360,1,PACE,AECI,1594965600,197.864,197.864,0
360,1,PACE,AECI,1596283200,232.915,232.915,0
360,1,PACE,AECI,1597600800,252.895,252.895,0
360,1,PACE,AECI,1598918400,239.903,239.903,0
360,1,PACE,AECI,1600236000,257.912,257.912,0
360,1,PACE,AECI,1601553600,250.583,250.583,0
360,1,PACE,AECI,1602871200,211.548,211.548,0
360,1,PACE,AECI,1604188800,258.098,258.098,0
360,1,PACE,AECI,1605506400,230.758,230.758,0
360,1,PACE,AECI,1606824000,241.036,241.036,0
360,1,PACE,AECI,1608141600,221.431,221.431,0
360,2,PACE,AECI,1577836800,419.559,366.633,5
360,2,PACE,AECI,1579154400,664.11,494.42,9
360,2,PACE,AECI,1580472000,412.965,338.225,5
360,2,PACE,AECI,1581789600,333.721,283.867,3
360,2,PACE,AECI,1583107200,493.167,386.78,7
360,2,PACE,AECI,1584424800,328.523,349.032,3
360,2,PACE,AECI,1585742400,226.457,276.286,2
360,2,PACE,AECI,1587060000,270.3,311.154,3
360,2,PACE,AECI,1588377600,446.198,373.952,7
360,2,PACE,AECI,1589695200,729.244,515.382,13
360,2,PACE,AECI,1591012800,439.512,400.884,6
360,2,PACE,AECI,1592330400,291.593,290.646,3
360,2,PACE,AECI,1593648000,589.449,434.351,8
360,2,PACE,AECI,1594965600,635.712,457.316,9
360,2,PACE,AECI,1596283200,528.933,439.415,7
360,2,PACE,AECI,1597600800,2486.618,1486.206,40
360,2,PACE,AECI,1598918400,328.561,333.487,3
360,2,PACE,AECI,1600236000,712.189,533.182,9
360,2,PACE,AECI,1601553600,712.177,544.717,10
360,2,PACE,AECI,1602871200,494.299,372.283,6
360,2,PACE,AECI,1604188800,653.761,496.576,8
360,2,PACE,AECI,1605506400,454.811,369.136,5
360,2,PACE,AECI,1606824000,769.707,537.781,10
360,2,PACE,AECI,1608141600,768.421,509.071,11
360,3,PACE,AECI,1577836800,419.011,366.633,5
360,3,PACE,AECI,1579154400,446.249,374.773,5
360,3,PACE,AECI,1580472000,269.684,245.274,2
360,3,PACE,AECI,1581789600,196.827,196.827,0
360,3,PACE,AECI,1583107200,208.975,208.975,0
360,3,PACE,AECI,1584424800,229.08,288.117,1
360,3,PACE,AECI,1585742400,226.457,276.286,2
360,3,PACE,AECI,1587060000,188.203,248.597,1
360,3,PACE,AECI,1588377600,337.388,288.19,4
360,3,PACE,AECI,1589695200,213.618,246.57,1
360,3,PACE,AECI,1591012800,301.274,315.24,3
360,3,PACE,AECI,1592330400,199.08,228.339,1
360,3,PACE,AECI,1593648000,211.4,211.4,0
360,3,PACE,AECI,1594965600,228.267,228.055,1
360,3,PACE,AECI,1596283200,334.911,316.398,3
360,3,PACE,AECI,1597600800,331.699,313.05,2
360,3,PACE,AECI,1598918400,232.541,267.98,1
360,3,PACE,AECI,1600236000,494.858,420.357,5
360,3,PACE,AECI,1601553600,298.776,311.677,2
360,3,PACE,AECI,1602871200,301.496,262.456,2
360,3,PACE,AECI,1604188800,506.958,411.901,5
360,3,PACE,AECI,1605506400,263.991,259.071,1
360,3,PACE,AECI,1606824000,349.096,296.687,2
360,3,PACE,AECI,1608141600,250.333,250.853,1
360,4,PACE,AECI,1577836800,222.045,222.045,0
360,4,PACE,AECI,1579154400,234.433,234.433,0
360,4,PACE,AECI,1580472000,198.311,198.311,0
360,4,PACE,AECI,1581789600,196.827,196.827,0
360,4,PACE,AECI,1583107200,208.975,208.975,0
360,4,PACE,AECI,1584424800,252.452,252.452,0
360,4,PACE,AECI,1585742400,225.822,225.822,0
360,4,PACE,AECI,1587060000,224.401,224.401,0
360,4,PACE,AECI,1588377600,195.688,195.688,0
360,4,PACE,AECI,1589695200,218.514,218.514,0
360,4,PACE,AECI,1591012800,230.978,230.978,0
360,4,PACE,AECI,1592330400,200.767,200.767,0
360,4,PACE,AECI,1593648000,211.4,211.4,0
360,4,PACE,AECI,1594965600,197.864,197.864,0
360,4,PACE,AECI,1596283200,232.915,232.915,0
360,4,PACE,AECI,1597600800,252.895,252.895,0
360,4,PACE,AECI,1598918400,239.903,239.903,0
360,4,PACE,AECI,1600236000,257.912,257.912,0
360,4,PACE,AECI,1601553600,250.583,250.583,0
360,4,PACE,AECI,1602871200,211.548,211.548,0
360,4,PACE,AECI,1604188800,258.098,258.098,0
360,4,PACE,AECI,1605506400,230.758,230.758,0
360,4,PACE,AECI,1606824000,241.036,241.036,0
360,4,PACE,AECI,1608141600,221.431,221.431,0
360,5,PACE,AECI,1577836800,415.359,366.633,5
360,5,PACE,AECI,1579154400,656.208,494.42,9
360,5,PACE,AECI,1580472000,399.738,338.225,5
360,5,PACE,AECI,1581789600,326.589,283.867,3
360,5,PACE,AECI,1583107200,485.774,386.78,7
360,5,PACE,AECI,1584424800,323.118,349.032,3
360,5,PACE,AECI,1585742400,227.362,276.286,2
360,5,PACE,AECI,1587060000,266.739,311.154,3
360,5,PACE,AECI,1588377600,429.589,373.952,7
360,5,PACE,AECI,1589695200,711.251,515.382,13
360,5,PACE,AECI,1591012800,435.649,400.884,6
360,5,PACE,AECI,1592330400,281.388,290.646,3
360,5,PACE,AECI,1593648000,570.791,434.351,8
360,5,PACE,AECI,1594965600,624.376,457.316,9
360,5,PACE,AECI,1596283200,524.419,439.415,7
360,5,PACE,AECI,1597600800,2343.098,1421.745,38
360,5,PACE,AECI,1598918400,328.68,333.487,3
360,5,PACE,AECI,1600236000,704.211,533.182,9
360,5,PACE,AECI,1601553600,747.373,574.848,11
360,5,PACE,AECI,1602871200,490.064,372.283,6
360,5,PACE,AECI,1604188800,644.492,496.576,8
360,5,PACE,AECI,1605506400,445.323,369.136,5
360,5,PACE,AECI,1606824000,815.493,567.108,11
360,5,PACE,AECI,1608141600,763.973,509.071,11
360,6,PACE,AECI,1577836800,222.045,222.045,0
360,6,PACE,AECI,1579154400,234.433,234.433,0
360,6,PACE,AECI,1580472000,198.311,198.311,0
360,6,PACE,AECI,1581789600,196.827,196.827,0
360,6,PACE,AECI,1583107200,208.975,208.975,0
360,6,PACE,AECI,1584424800,240.893,288.117,1
360,6,PACE,AECI,1585742400,180.668,253.194,1
360,6,PACE,AECI,1587060000,188.203,248.597,1
360,6,PACE,AECI,1588377600,195.688,195.688,0
360,6,PACE,AECI,1589695200,218.514,218.514,0
360,6,PACE,AECI,1591012800,207.031,259.337,1
360,6,PACE,AECI,1592330400,200.767,200.767,0
360,6,PACE,AECI,1593648000,211.4,211.4,0
360,6,PACE,AECI,1594965600,197.864,197.864,0
360,6,PACE,AECI,1596283200,232.915,232.915,0
360,6,PACE,AECI,1597600800,252.895,252.895,0
360,6,PACE,AECI,1598918400,239.903,239.903,0
360,6,PACE,AECI,1600236000,257.912,257.912,0
360,6,PACE,AECI,1601553600,250.583,250.583,0
360,6,PACE,AECI,1602871200,211.548,211.548,0
360,6,PACE,AECI,1604188800,258.098,258.098,0
360,6,PACE,AECI,1605506400,230.758,230.758,0
360,6,PACE,AECI,1606824000,241.036,241.036,0
360,6,PACE,AECI,1608141600,221.431,221.431,0
360,1,PACE,PSCO,1577836800,222.045,222.045,0
360,1,PACE,PSCO,1579154400,234.433,234.433,0
360,1,PACE,PSCO,1580472000,198.311,198.311,0
360,1,PACE,PSCO,1581789600,196.827,196.827,0
360,1,PACE,PSCO,1583107200,208.975,208.975,0
360,1,PACE,PSCO,1584424800,252.452,252.452,0
360,1,PACE,PSCO,1585742400,225.822,225.822,0
360,1,PACE,PSCO,1587060000,224.401,224.401,0
360,1,PACE,PSCO,1588377600,195.688,195.688,0
360,1,PACE,PSCO,1589695200,218.514,218.514,0
360,1,PACE,PSCO,1591012800,230.978,230.978,0
360,1,PACE,PSCO,1592330400,200.767,200.767,0
360,1,PACE,PSCO,1593648000,211.4,211.4,0
360,1,PACE,PSCO,1594965600,197.864,197.864,0
360,1,PACE,PSCO,1596283200,232.915,232.915,0
360,1,PACE,PSCO,1597600800,252.895,252.895,0
360,1,PACE,PSCO,1598918400,239.903,239.903,0
360,1,PACE,PSCO,1600236000,257.912,257.912,0
360,1,PACE,PSCO,1601553600,250.583,250.583,0
360,1,PACE,PSCO,1602871200,211.548,211.548,0
360,1,PACE,PSCO,1604188800,258.098,258.098,0
360,1,PACE,PSCO,1605506400,230.758,230.758,0
360,1,PACE,PSCO,1606824000,241.036,241.036,0
360,1,PACE,PSCO,1608141600,221.431,221.431,0
360,2,PACE,PSCO,1577836800,800.211,538.812,11
360,2,PACE,PSCO,1579154400,554.027,432.291,7
360,2,PACE,PSCO,1580472000,449.511,363.053,6
360,2,PACE,PSCO,1581789600,588.906,409.906,7
360,2,PACE,PSCO,1583107200,1149.5,719.707,19
360,2,PACE,PSCO,1584424800,387.012,349.032,3
360,2,PACE,PSCO,1585742400,729.451,530.167,11
360,2,PACE,PSCO,1587060000,584.722,425.21,7
360,2,PACE,PSCO,1588377600,380.774,316.798,5
360,2,PACE,PSCO,1589695200,397.901,343.185,5
360,2,PACE,PSCO,1591012800,595.286,428.64,7
360,2,PACE,PSCO,1592330400,830.856,541.845,12
360,2,PACE,PSCO,1593648000,845.944,571.716,13
360,2,PACE,PSCO,1594965600,670.98,457.316,9
360,2,PACE,PSCO,1596283200,458.644,380.298,5
360,2,PACE,PSCO,1597600800,247.816,281.818,1
360,2,PACE,PSCO,1598918400,601.614,461.004,7
360,2,PACE,PSCO,1600236000,231.719,291.387,1
360,2,PACE,PSCO,1601553600,577.547,464.673,7
360,2,PACE,PSCO,1602871200,547.342,402.172,7
360,2,PACE,PSCO,1604188800,519.794,411.901,5
360,2,PACE,PSCO,1605506400,638.015,476.888,9
360,2,PACE,PSCO,1606824000,201.168,269.88,1
360,2,PACE,PSCO,1608141600,218.308,250.853,1
360,3,PACE,PSCO,1577836800,416.002,337.758,4
360,3,PACE,PSCO,1579154400,224.189,263.698,1
360,3,PACE,PSCO,1580472000,299.803,277.105,3
360,3,PACE,PSCO,1581789600,418.53,313.916,4
360,3,PACE,PSCO,1583107200,253.263,235.332,1
360,3,PACE,PSCO,1584424800,282.741,288.117,1
360,3,PACE,PSCO,1585742400,302.806,276.286,2
360,3,PACE,PSCO,1587060000,368.692,311.154,3
360,3,PACE,PSCO,1588377600,312.209,266.593,3
360,3,PACE,PSCO,1589695200,225.318,246.57,1
360,3,PACE,PSCO,1591012800,385.077,315.24,3
360,3,PACE,PSCO,1592330400,340.551,290.646,3
360,3,PACE,PSCO,1593648000,223.42,240.899,1
360,3,PACE,PSCO,1594965600,302.41,254.082,2
360,3,PACE,PSCO,1596283200,253.604,260.232,1
360,3,PACE,PSCO,1597600800,247.816,281.818,1
360,3,PACE,PSCO,1598918400,389.492,333.487,3
360,3,PACE,PSCO,1600236000,231.719,291.387,1
360,3,PACE,PSCO,1601553600,254.485,282.514,1
360,3,PACE,PSCO,1602871200,565.485,402.172,7
360,3,PACE,PSCO,1604188800,285.806,289.498,1
360,3,PACE,PSCO,1605506400,250.017,259.071,1
360,3,PACE,PSCO,1606824000,201.168,269.88,1
360,3,PACE,PSCO,1608141600,218.308,250.853,1
360,4,PACE,PSCO,1577836800,222.045,222.045,0
360,4,PACE,PSCO,1579154400,234.433,234.433,0
360,4,PACE,PSCO,1580472000,198.311,198.311,0
360,4,PACE,PSCO,1581789600,196.827,196.827,0
360,4,PACE,PSCO,1583107200,208.975,208.975,0
360,4,PACE,PSCO,1584424800,252.452,252.452,0
360,4,PACE,PSCO,1585742400,225.822,225.822,0
360,4,PACE,PSCO,1587060000,224.401,224.401,0
360,4,PACE,PSCO,1588377600,195.688,195.688,0
360,4,PACE,PSCO,1589695200,218.514,218.514,0
360,4,PACE,PSCO,1591012800,230.978,230.978,0
360,4,PACE,PSCO,1592330400,200.767,200.767,0
360,4,PACE,PSCO,1593648000,211.4,211.4,0
360,4,PACE,PSCO,1594965600,197.864,197.864,0
360,4,PACE,PSCO,1596283200,232.915,232.915,0
360,4,PACE,PSCO,1597600800,252.895,252.895,0
360,4,PACE,PSCO,1598918400,239.903,239.903,0
360,4,PACE,PSCO,1600236000,257.912,257.912,0
360,4,PACE,PSCO,1601553600,250.583,250.583,0
360,4,PACE,PSCO,1602871200,211.548,211.548,0
360,4,PACE,PSCO,1604188800,258.098,258.098,0
360,4,PACE,PSCO,1605506400,230.758,230.758,0
360,4,PACE,PSCO,1606824000,241.036,241.036,0
360,4,PACE,PSCO,1608141600,221.431,221.431,0
360,5,PACE,PSCO,1577836800,781.711,538.812,11
360,5,PACE,PSCO,1579154400,552.195,432.291,7
360,5,PACE,PSCO,1580472000,494.642,393.908,7
360,5,PACE,PSCO,1581789600,577.126,409.906,7
360,5,PACE,PSCO,1583107200,1135.994,719.707,19
360,5,PACE,PSCO,1584424800,388.691,349.032,3
360,5,PACE,PSCO,1585742400,704.038,530.167,11
360,5,PACE,PSCO,1587060000,574.168,425.21,7
360,5,PACE,PSCO,1588377600,376.06,316.798,5
360,5,PACE,PSCO,1589695200,393.92,343.185,5
360,5,PACE,PSCO,1591012800,591.303,428.64,7
360,5,PACE,PSCO,1592330400,818.43,541.845,12
360,5,PACE,PSCO,1593648000,832.138,571.716,13
360,5,PACE,PSCO,1594965600,652.893,457.316,9
360,5,PACE,PSCO,1596283200,455.39,380.298,5
360,5,PACE,PSCO,1597600800,247.816,281.818,1
360,5,PACE,PSCO,1598918400,593.596,461.004,7
360,5,PACE,PSCO,1600236000,231.719,291.387,1
360,5,PACE,PSCO,1601553600,566.635,464.673,7
360,5,PACE,PSCO,1602871200,531.054,402.172,7
360,5,PACE,PSCO,1604188800,513.552,411.901,5
360,5,PACE,PSCO,1605506400,627.227,476.888,9
360,5,PACE,PSCO,1606824000,201.168,269.88,1
360,5,PACE,PSCO,1608141600,218.308,250.853,1
360,6,PACE,PSCO,1577836800,222.045,222.045,0
360,6,PACE,PSCO,1579154400,224.189,263.698,1
360,6,PACE,PSCO,1580472000,216.021,223.065,1
360,6,PACE,PSCO,1581789600,196.827,196.827,0
360,6,PACE,PSCO,1583107200,208.975,208.975,0
360,6,PACE,PSCO,1584424800,252.452,252.452,0
360,6,PACE,PSCO,1585742400,225.822,225.822,0
360,6,PACE,PSCO,1587060000,224.401,224.401,0
360,6,PACE,PSCO,1588377600,195.688,195.688,0
360,6,PACE,PSCO,1589695200,225.318,246.57,1
360,6,PACE,PSCO,1591012800,230.978,230.978,0
360,6,PACE,PSCO,1592330400,200.767,200.767,0
360,6,PACE,PSCO,1593648000,223.42,240.899,1
360,6,PACE,PSCO,1594965600,197.864,197.864,0
360,6,PACE,PSCO,1596283200,253.604,260.232,1
360,6,PACE,PSCO,1597600800,247.816,281.818,1
360,6,PACE,PSCO,1598918400,239.903,239.903,0
360,6,PACE,PSCO,1600236000,231.719,291.387,1
360,6,PACE,PSCO,1601553600,254.485,282.514,1
360,6,PACE,PSCO,1602871200,211.548,211.548,0
360,6,PACE,PSCO,1604188800,258.098,258.098,0
360,6,PACE,PSCO,1605506400,250.017,259.071,1
360,6,PACE,PSCO,1606824000,201.168,269.88,1
360,6,PACE,PSCO,1608141600,218.308,250.853,1
360,1,PSCO,EPE,1577836800,201.806,201.806,0
360,1,PSCO,EPE,1579154400,168.095,168.095,0
360,1,PSCO,EPE,1580472000,165.819,165.819,0
360,1,PSCO,EPE,1581789600,208.599,208.599,0
360,1,PSCO,EPE,1583107200,195.56,195.56,0
360,1,PSCO,EPE,1584424800,221.046,221.046,0
360,1,PSCO,EPE,1585742400,196.694,196.694,0
360,1,PSCO,EPE,1587060000,211.329,211.329,0
360,1,PSCO,EPE,1588377600,184.057,184.057,0
360,1,PSCO,EPE,1589695200,174.63,174.63,0
360,1,PSCO,EPE,1591012800,220.905,220.905,0
360,1,PSCO,EPE,1592330400,179.992,179.992,0
360,1,PSCO,EPE,1593648000,180.132,180.132,0
360,1,PSCO,EPE,1594965600,212.921,212.921,0
360,1,PSCO,EPE,1596283200,202.105,202.105,0
360,1,PSCO,EPE,1597600800,189.709,189.709,0
360,1,PSCO,EPE,1598918400,234.795,234.795,0
360,1,PSCO,EPE,1600236000,174.02,174.02,0
360,1,PSCO,EPE,1601553600,195.176,195.176,0
360,1,PSCO,EPE,1602871200,202.804,202.804,0
360,1,PSCO,EPE,1604188800,225.924,225.924,0
360,1,PSCO,EPE,1605506400,203.332,203.332,0
360,1,PSCO,EPE,1606824000,147.36,147.36,0
360,1,PSCO,EPE,1608141600,172.796,172.796,0
360,2,PSCO,EPE,1577836800,454.459,343.825,5
360,2,PSCO,EPE,1579154400,429.759,300.281,5
360,2,PSCO,EPE,1580472000,574.956,394.297,9
360,2,PSCO,EPE,1581789600,318.89,289.022,3
360,2,PSCO,EPE,1583107200,478.327,327.01,6
360,2,PSCO,EPE,1584424800,548.377,405.542,7
360,2,PSCO,EPE,1585742400,337.347,291.128,4
360,2,PSCO,EPE,1587060000,411.728,346.1,5
360,2,PSCO,EPE,1588377600,481.008,329.248,7
360,2,PSCO,EPE,1589695200,346.705,251.071,4
360,2,PSCO,EPE,1591012800,449.213,354.976,5
360,2,PSCO,EPE,1592330400,438.201,320.459,5
360,2,PSCO,EPE,1593648000,519.271,360.299,7
360,2,PSCO,EPE,1594965600,562.239,398.833,7
360,2,PSCO,EPE,1596283200,377.147,282.61,4
360,2,PSCO,EPE,1597600800,642.17,430.598,9
360,2,PSCO,EPE,1598918400,297.699,276.889,2
360,2,PSCO,EPE,1600236000,544.052,355.094,8
360,2,PSCO,EPE,1601553600,592.976,384.629,8
360,2,PSCO,EPE,1602871200,514.44,355.611,6
360,2,PSCO,EPE,1604188800,626.407,428.894,8
360,2,PSCO,EPE,1605506400,547.295,366.666,8
360,2,PSCO,EPE,1606824000,147.36,147.36,0
360,2,PSCO,EPE,1608141600,172.796,172.796,0
360,3,PSCO,EPE,1577836800,250.752,231.196,1
360,3,PSCO,EPE,1579154400,168.095,168.095,0
360,3,PSCO,EPE,1580472000,165.819,165.819,0
360,3,PSCO,EPE,1581789600,323.436,289.022,3
360,3,PSCO,EPE,1583107200,195.56,195.56,0
360,3,PSCO,EPE,1584424800,353.035,294.167,3
360,3,PSCO,EPE,1585742400,213.806,225.517,1
360,3,PSCO,EPE,1587060000,217.874,237.395,1
360,3,PSCO,EPE,1588377600,268.355,224.118,2
360,3,PSCO,EPE,1589695200,174.63,174.63,0
360,3,PSCO,EPE,1591012800,247.244,248.662,1
360,3,PSCO,EPE,1592330400,179.992,179.992,0
360,3,PSCO,EPE,1593648000,270.704,224.858,2
360,3,PSCO,EPE,1594965600,408.625,319.521,4
360,3,PSCO,EPE,1596283200,202.105,202.105,0
360,3,PSCO,EPE,1597600800,232.488,217.687,1
360,3,PSCO,EPE,1598918400,290.031,276.889,2
360,3,PSCO,EPE,1600236000,174.02,174.02,0
360,3,PSCO,EPE,1601553600,195.176,195.176,0
360,3,PSCO,EPE,1602871200,293.346,252.069,2
360,3,PSCO,EPE,1604188800,371.524,307.556,3
360,3,PSCO,EPE,1605506400,336.204,269.563,3
360,3,PSCO,EPE,1606824000,147.36,147.36,0
360,3,PSCO,EPE,1608141600,172.796,172.796,0
360,4,PSCO,EPE,1577836800,201.806,201.806,0
360,4,PSCO,EPE,1579154400,168.095,168.095,0
360,4,PSCO,EPE,1580472000,165.819,165.819,0
360,4,PSCO,EPE,1581789600,208.599,208.599,0
360,4,PSCO,EPE,1583107200,195.56,195.56,0
360,4,PSCO,EPE,1584424800,221.046,221.046,0
360,4,PSCO,EPE,1585742400,196.694,196.694,0
360,4,PSCO,EPE,1587060000,211.329,211.329,0
360,4,PSCO,EPE,1588377600,184.057,184.057,0
360,4,PSCO,EPE,1589695200,174.63,174.63,0
360,4,PSCO,EPE,1591012800,220.905,220.905,0
360,4,PSCO,EPE,1592330400,179.992,179.992,0
360,4,PSCO,EPE,1593648000,180.132,180.132,0
360,4,PSCO,EPE,1594965600,212.921,212.921,0
360,4,PSCO,EPE,1596283200,202.105,202.105,0
360,4,PSCO,EPE,1597600800,189.709,189.709,0
360,4,PSCO,EPE,1598918400,234.795,234.795,0
360,4,PSCO,EPE,1600236000,174.02,174.02,0
360,4,PSCO,EPE,1601553600,195.176,195.176,0
360,4,PSCO,EPE,1602871200,202.804,202.804,0
360,4,PSCO,EPE,1604188800,225.924,225.924,0
360,4,PSCO,EPE,1605506400,203.332,203.332,0
360,4,PSCO,EPE,1606824000,147.36,147.36,0
360,4,PSCO,EPE,1608141600,172.796,172.796,0
360,5,PSCO,EPE,1577836800,445.597,343.825,5
360,5,PSCO,EPE,1579154400,427.838,300.281,5
360,5,PSCO,EPE,1580472000,560.568,394.297,9
360,5,PSCO,EPE,1581789600,317.292,289.022,3
360,5,PSCO,EPE,1583107200,472.26,327.01,6
360,5,PSCO,EPE,1584424800,541.236,405.542,7
360,5,PSCO,EPE,1585742400,329.95,291.128,4
360,5,PSCO,EPE,1587060000,408.112,346.1,5
360,5,PSCO,EPE,1588377600,474.123,329.248,7
360,5,PSCO,EPE,1589695200,341.865,251.071,4
360,5,PSCO,EPE,1591012800,446.694,354.976,5
360,5,PSCO,EPE,1592330400,430.388,320.459,5
360,5,PSCO,EPE,1593648000,510.932,360.299,7
360,5,PSCO,EPE,1594965600,550.208,398.833,7
360,5,PSCO,EPE,1596283200,377.024,282.61,4
360,5,PSCO,EPE,1597600800,632.559,430.598,9
360,5,PSCO,EPE,1598918400,293.756,276.889,2
360,5,PSCO,EPE,1600236000,533.522,355.094,8
360,5,PSCO,EPE,1601553600,575.165,384.629,8
360,5,PSCO,EPE,1602871200,508.072,355.611,6
360,5,PSCO,EPE,1604188800,618.375,428.894,8
360,5,PSCO,EPE,1605506400,536.831,366.666,8
360,5,PSCO,EPE,1606824000,147.36,147.36,0
360,5,PSCO,EPE,1608141600,172.796,172.796,0
360,6,PSCO,EPE,1577836800,201.806,201.806,0
360,6,PSCO,EPE,1579154400,168.095,168.095,0
360,6,PSCO,EPE,1580472000,165.819,165.819,0
360,6,PSCO,EPE,1581789600,224.754,230.456,1
360,6,PSCO,EPE,1583107200,195.56,195.56,0
360,6,PSCO,EPE,1584424800,221.046,221.046,0
360,6,PSCO,EPE,1585742400,214.127,225.517,1
360,6,PSCO,EPE,1587060000,217.874,237.395,1
360,6,PSCO,EPE,1588377600,184.057,184.057,0
360,6,PSCO,EPE,1589695200,174.63,174.63,0
360,6,PSCO,EPE,1591012800,220.905,220.905,0
360,6,PSCO,EPE,1592330400,179.992,179.992,0
360,6,PSCO,EPE,1593648000,180.132,180.132,0
360,6,PSCO,EPE,1594965600,212.921,212.921,0
360,6,PSCO,EPE,1596283200,202.105,202.105,0
360,6,PSCO,EPE,1597600800,189.709,189.709,0
360,6,PSCO,EPE,1598918400,248.041,257.495,1
360,6,PSCO,EPE,1600236000,174.02,174.02,0
360,6,PSCO,EPE,1601553600,195.176,195.176,0
360,6,PSCO,EPE,1602871200,202.804,202.804,0
360,6,PSCO,EPE,1604188800,225.924,225.924,0
360,6,PSCO,EPE,1605506400,203.332,203.332,0
360,6,PSCO,EPE,1606824000,147.36,147.36,0
360,6,PSCO,EPE,1608141600,172.796,172.796,0
360,1,PSCO,PACE,1577836800,201.806,201.806,0
360,1,PSCO,PACE,1579154400,168.095,168.095,0
360,1,PSCO,PACE,1580472000,165.819,165.819,0
360,1,PSCO,PACE,1581789600,208.599,208.599,0
360,1,PSCO,PACE,1583107200,195.56,195.56,0
360,1,PSCO,PACE,1584424800,221.046,221.046,0
360,1,PSCO,PACE,1585742400,196.694,196.694,0
360,1,PSCO,PACE,1587060000,211.329,211.329,0
360,1,PSCO,PACE,1588377600,184.057,184.057,0
360,1,PSCO,PACE,1589695200,174.63,174.63,0
360,1,PSCO,PACE,1591012800,220.905,220.905,0
360,1,PSCO,PACE,1592330400,179.992,179.992,0
360,1,PSCO,PACE,1593648000,180.132,180.132,0
360,1,PSCO,PACE,1594965600,212.921,212.921,0
360,1,PSCO,PACE,1596283200,202.105,202.105,0
360,1,PSCO,PACE,1597600800,189.709,189.709,0
360,1,PSCO,PACE,1598918400,234.795,234.795,0
360,1,PSCO,PACE,1600236000,174.02,174.02,0
360,1,PSCO,PACE,1601553600,195.176,195.176,0
360,1,PSCO,PACE,1602871200,202.804,202.804,0
360,1,PSCO,PACE,1604188800,225.924,225.924,0
360,1,PSCO,PACE,1605506400,203.332,203.332,0
360,1,PSCO,PACE,1606824000,147.36,147.36,0
360,1,PSCO,PACE,1608141600,172.796,172.796,0
360,2,PSCO,PACE,1577836800,749.391,472.266,10
360,2,PSCO,PACE,1579154400,375.078,268.265,4
360,2,PSCO,PACE,1580472000,554.667,364.019,8
360,2,PSCO,PACE,1581789600,646.879,438.823,8
360,2,PSCO,PACE,1583107200,1092.241,626.183,18
360,2,PSCO,PACE,1584424800,329.472,271.702,2
360,2,PSCO,PACE,1585742400,578.505,369.615,8
360,2,PSCO,PACE,1587060000,472.07,346.1,5
360,2,PSCO,PACE,1588377600,333.626,255.099,4
360,2,PSCO,PACE,1589695200,345.383,251.071,4
360,2,PSCO,PACE,1591012800,428.376,326.264,4
360,2,PSCO,PACE,1592330400,922.418,564.22,14
360,2,PSCO,PACE,1593648000,903.312,532.649,14
360,2,PSCO,PACE,1594965600,564.775,398.833,7
360,2,PSCO,PACE,1596283200,395.835,282.61,4
360,2,PSCO,PACE,1597600800,189.709,189.709,0
360,2,PSCO,PACE,1598918400,544.31,367.918,6
360,2,PSCO,PACE,1600236000,174.02,174.02,0
360,2,PSCO,PACE,1601553600,416.304,289.53,4
360,2,PSCO,PACE,1602871200,451.425,335.529,5
360,2,PSCO,PACE,1604188800,336.79,278.127,2
360,2,PSCO,PACE,1605506400,497.921,330.314,6
360,2,PSCO,PACE,1606824000,147.36,147.36,0
360,2,PSCO,PACE,1608141600,172.796,172.796,0
360,3,PSCO,PACE,1577836800,306.059,257.226,2
360,3,PSCO,PACE,1579154400,168.095,168.095,0
360,3,PSCO,PACE,1580472000,165.819,165.819,0
360,3,PSCO,PACE,1581789600,299.316,258.305,2
360,3,PSCO,PACE,1583107200,467.466,327.01,6
360,3,PSCO,PACE,1584424800,221.046,221.046,0
360,3,PSCO,PACE,1585742400,196.694,196.694,0
360,3,PSCO,PACE,1587060000,312.498,263.508,2
360,3,PSCO,PACE,1588377600,256.538,224.118,2
360,3,PSCO,PACE,1589695200,174.63,174.63,0
360,3,PSCO,PACE,1591012800,220.905,220.905,0
360,3,PSCO,PACE,1592330400,179.992,179.992,0
360,3,PSCO,PACE,1593648000,270.167,224.858,2
360,3,PSCO,PACE,1594965600,548.737,398.833,7
360,3,PSCO,PACE,1596283200,202.105,202.105,0
360,3,PSCO,PACE,1597600800,189.709,189.709,0
360,3,PSCO,PACE,1598918400,336.966,276.889,2
360,3,PSCO,PACE,1600236000,174.02,174.02,0
360,3,PSCO,PACE,1601553600,195.176,195.176,0
360,3,PSCO,PACE,1602871200,291.401,252.069,2
360,3,PSCO,PACE,1604188800,225.924,225.924,0
360,3,PSCO,PACE,1605506400,203.332,203.332,0
360,3,PSCO,PACE,1606824000,147.36,147.36,0
360,3,PSCO,PACE,1608141600,172.796,172.796,0
360,4,PSCO,PACE,1577836800,201.806,201.806,0
360,4,PSCO,PACE,1579154400,168.095,168.095,0
360,4,PSCO,PACE,1580472000,165.819,165.819,0
360,4,PSCO,PACE,1581789600,208.599,208.599,0
360,4,PSCO,PACE,1583107200,195.56,195.56,0
360,4,PSCO,PACE,1584424800,221.046,221.046,0
360,4,PSCO,PACE,1585742400,196.694,196.694,0
360,4,PSCO,PACE,1587060000,211.329,211.329,0
360,4,PSCO,PACE,1588377600,184.057,184.057,0
360,4,PSCO,PACE,1589695200,174.63,174.63,0
360,4,PSCO,PACE,1591012800,220.905,220.905,0
360,4,PSCO,PACE,1592330400,179.992,179.992,0
360,4,PSCO,PACE,1593648000,180.132,180.132,0
360,4,PSCO,PACE,1594965600,212.921,212.921,0
360,4,PSCO,PACE,1596283200,202.105,202.105,0
360,4,PSCO,PACE,1597600800,189.709,189.709,0
360,4,PSCO,PACE,1598918400,234.795,234.795,0
360,4,PSCO,PACE,1600236000,174.02,174.02,0
360,4,PSCO,PACE,1601553600,195.176,195.176,0
360,4,PSCO,PACE,1602871200,202.804,202.804,0
360,4,PSCO,PACE,1604188800,225.924,225.924,0
360,4,PSCO,PACE,1605506400,203.332,203.332,0
360,4,PSCO,PACE,1606824000,147.36,147.36,0
360,4,PSCO,PACE,1608141600,172.796,172.796,0
360,5,PSCO,PACE,1577836800,730.89,472.266,10
360,5,PSCO,PACE,1579154400,432.418,300.281,5
360,5,PSCO,PACE,1580472000,539.53,364.019,8
360,5,PSCO,PACE,1581789600,635.099,438.823,8
360,5,PSCO,PACE,1583107200,1078.736,626.183,18
360,5,PSCO,PACE,1584424800,331.151,271.702,2
360,5,PSCO,PACE,1585742400,558.175,369.615,8
360,5,PSCO,PACE,1587060000,518.082,373.461,6
360,5,PSCO,PACE,1588377600,328.912,255.099,4
360,5,PSCO,PACE,1589695200,341.402,251.071,4
360,5,PSCO,PACE,1591012800,423.713,326.264,4
360,5,PSCO,PACE,1592330400,908.606,564.22,14
360,5,PSCO,PACE,1593648000,689.099,439.562,10
360,5,PSCO,PACE,1594965600,600.165,425.616,8
360,5,PSCO,PACE,1596283200,393.261,282.61,4
360,5,PSCO,PACE,1597600800,189.709,189.709,0
360,5,PSCO,PACE,1598918400,536.293,367.918,6
360,5,PSCO,PACE,1600236000,174.02,174.02,0
360,5,PSCO,PACE,1601553600,407.405,289.53,4
360,5,PSCO,PACE,1602871200,483.736,355.611,6
360,5,PSCO,PACE,1604188800,332.476,278.127,2
360,5,PSCO,PACE,1605506400,576.72,366.666,8
360,5,PSCO,PACE,1606824000,147.36,147.36,0
360,5,PSCO,PACE,1608141600,172.796,172.796,0
360,6,PSCO,PACE,1577836800,201.806,201.806,0
360,6,PSCO,PACE,1579154400,168.095,168.095,0
360,6,PSCO,PACE,1580472000,165.819,165.819,0
360,6,PSCO,PACE,1581789600,208.599,208.599,0
360,6,PSCO,PACE,1583107200,195.56,195.56,0
360,6,PSCO,PACE,1584424800,221.046,221.046,0
360,6,PSCO,PACE,1585742400,196.694,196.694,0
360,6,PSCO,PACE,1587060000,211.329,211.329,0
360,6,PSCO,PACE,1588377600,184.057,184.057,0
360,6,PSCO,PACE,1589695200,174.63,174.63,0
360,6,PSCO,PACE,1591012800,220.905,220.905,0
360,6,PSCO,PACE,1592330400,179.992,179.992,0
360,6,PSCO,PACE,1593648000,180.132,180.132,0
360,6,PSCO,PACE,1594965600,212.921,212.921,0
360,6,PSCO,PACE,1596283200,202.105,202.105,0
360,6,PSCO,PACE,1597600800,189.709,189.709,0
360,6,PSCO,PACE,1598918400,234.795,234.795,0
360,6,PSCO,PACE,1600236000,174.02,174.02,0
360,6,PSCO,PACE,1601553600,195.176,195.176,0
360,6,PSCO,PACE,1602871200,202.804,202.804,0
360,6,PSCO,PACE,1604188800,225.924,225.924,0
360,6,PSCO,PACE,1605506400,203.332,203.332,0
360,6,PSCO,PACE,1606824000,147.36,147.36,0
360,6,PSCO,PACE,1608141600,172.796,172.796,0
360,1,TEPC,AECI,1577836800,261.782,261.782,0
360,1,TEPC,AECI,1579154400,260.044,260.044,0
360,1,TEPC,AECI,1580472000,227.287,227.287,0
360,1,TEPC,AECI,1581789600,230.952,230.952,0
360,1,TEPC,AECI,1583107200,213.887,213.887,0
360,1,TEPC,AECI,1584424800,209.261,209.261,0
360,1,TEPC,AECI,1585742400,163.89,163.89,0
360,1,TEPC,AECI,1587060000,178.693,178.693,0
360,1,TEPC,AECI,1588377600,179.254,179.254,0
360,1,TEPC,AECI,1589695200,215.518,215.518,0
360,1,TEPC,AECI,1591012800,222.496,222.496,0
360,1,TEPC,AECI,1592330400,189.451,189.451,0
360,1,TEPC,AECI,1593648000,215.878,215.878,0
360,1,TEPC,AECI,1594965600,207.863,207.863,0
360,1,TEPC,AECI,1596283200,219.66,219.66,0
360,1,TEPC,AECI,1597600800,232.192,232.192,0
360,1,TEPC,AECI,1598918400,219.508,219.508,0
360,1,TEPC,AECI,1600236000,245.174,245.174,0
360,1,TEPC,AECI,1601553600,235.921,235.921,0
360,1,TEPC,AECI,1602871200,262.53,262.53,0
360,1,TEPC,AECI,1604188800,265.706,265.706,0
360,1,TEPC,AECI,1605506400,225.001,225.001,0
360,1,TEPC,AECI,1606824000,193.11,193.11,0
360,1,TEPC,AECI,1608141600,251.11,251.11,0
360,2,TEPC,AECI,1577836800,340.341,363.265,3
360,2,TEPC,AECI,1579154400,354.974,357.349,3
360,2,TEPC,AECI,1580472000,412.35,380.294,5
360,2,TEPC,AECI,1581789600,537.247,433.751,7
360,2,TEPC,AECI,1583107200,500.425,425.671,7
360,2,TEPC,AECI,1584424800,594.88,477.668,9
360,2,TEPC,AECI,1585742400,543.651,374.609,10
360,2,TEPC,AECI,1587060000,597.139,430.627,11
360,2,TEPC,AECI,1588377600,518.426,385.802,9
360,2,TEPC,AECI,1589695200,555.977,457.353,9
360,2,TEPC,AECI,1591012800,438.433,384.125,6
360,2,TEPC,AECI,1592330400,652.062,439.775,11
360,2,TEPC,AECI,1593648000,587.095,421.443,8
360,2,TEPC,AECI,1594965600,685.511,479.522,10
360,2,TEPC,AECI,1596283200,533.261,406.095,7
360,2,TEPC,AECI,1597600800,966.465,629.187,14
360,2,TEPC,AECI,1598918400,1029.363,676.423,16
360,2,TEPC,AECI,1600236000,707.688,518.187,9
360,2,TEPC,AECI,1601553600,689.212,494.024,10
360,2,TEPC,AECI,1602871200,820.873,617.889,11
360,2,TEPC,AECI,1604188800,667.83,521.373,8
360,2,TEPC,AECI,1605506400,464.357,375.053,5
360,2,TEPC,AECI,1606824000,193.11,193.11,0
360,2,TEPC,AECI,1608141600,363.624,350.756,3
360,3,TEPC,AECI,1577836800,231.013,296.172,1
360,3,TEPC,AECI,1579154400,244.193,294.856,1
360,3,TEPC,AECI,1580472000,274.504,281.205,2
360,3,TEPC,AECI,1581789600,355.041,312.379,3
360,3,TEPC,AECI,1583107200,213.887,213.887,0
360,3,TEPC,AECI,1584424800,219.732,237.414,1
360,3,TEPC,AECI,1585742400,225.917,198.945,2
360,3,TEPC,AECI,1587060000,268.971,248.192,3
360,3,TEPC,AECI,1588377600,179.254,179.254,0
360,3,TEPC,AECI,1589695200,203.368,247.268,1
360,3,TEPC,AECI,1591012800,248.398,273.603,2
360,3,TEPC,AECI,1592330400,313.635,258.663,3
360,3,TEPC,AECI,1593648000,215.878,215.878,0
360,3,TEPC,AECI,1594965600,441.587,347.446,5
360,3,TEPC,AECI,1596283200,303.864,269.073,2
360,3,TEPC,AECI,1597600800,232.192,232.192,0
360,3,TEPC,AECI,1598918400,372.037,329.928,4
360,3,TEPC,AECI,1600236000,295.133,278.101,1
360,3,TEPC,AECI,1601553600,284.802,287.112,2
360,3,TEPC,AECI,1602871200,235.015,292.642,1
360,3,TEPC,AECI,1604188800,514.392,423.873,5
360,3,TEPC,AECI,1605506400,261.052,254.625,1
360,3,TEPC,AECI,1606824000,193.11,193.11,0
360,3,TEPC,AECI,1608141600,247.652,282.312,1
360,4,TEPC,AECI,1577836800,261.782,261.782,0
360,4,TEPC,AECI,1579154400,260.044,260.044,0
360,4,TEPC,AECI,1580472000,227.287,227.287,0
360,4,TEPC,AECI,1581789600,230.952,230.952,0
360,4,TEPC,AECI,1583107200,213.887,213.887,0
360,4,TEPC,AECI,1584424800,209.261,209.261,0
360,4,TEPC,AECI,1585742400,163.89,163.89,0
360,4,TEPC,AECI,1587060000,178.693,178.693,0
360,4,TEPC,AECI,1588377600,179.254,179.254,0
360,4,TEPC,AECI,1589695200,215.518,215.518,0
360,4,TEPC,AECI,1591012800,222.496,222.496,0
360,4,TEPC,AECI,1592330400,189.451,189.451,0
360,4,TEPC,AECI,1593648000,215.878,215.878,0
360,4,TEPC,AECI,1594965600,207.863,207.863,0
360,4,TEPC,AECI,1596283200,219.66,219.66,0
360,4,TEPC,AECI,1597600800,232.192,232.192,0
360,4,TEPC,AECI,1598918400,219.508,219.508,0
360,4,TEPC,AECI,1600236000,245.174,245.174,0
360,4,TEPC,AECI,1601553600,235.921,235.921,0
360,4,TEPC,AECI,1602871200,262.53,262.53,0
360,4,TEPC,AECI,1604188800,265.706,265.706,0
360,4,TEPC,AECI,1605506400,225.001,225.001,0
360,4,TEPC,AECI,1606824000,193.11,193.11,0
360,4,TEPC,AECI,1608141600,251.11,251.11,0
360,5,TEPC,AECI,1577836800,339.211,363.265,3
360,5,TEPC,AECI,1579154400,353.852,357.349,3
360,5,TEPC,AECI,1580472000,398.552,380.294,5
360,5,TEPC,AECI,1581789600,524.57,433.751,7
360,5,TEPC,AECI,1583107200,490.843,425.671,7
360,5,TEPC,AECI,1584424800,582.577,477.668,9
360,5,TEPC,AECI,1585742400,362.473,281.66,6
360,5,TEPC,AECI,1587060000,586.375,430.627,11
360,5,TEPC,AECI,1588377600,508.403,385.802,9
360,5,TEPC,AECI,1589695200,542.571,457.353,9
360,5,TEPC,AECI,1591012800,249.686,273.603,2
360,5,TEPC,AECI,1592330400,635.624,439.775,11
360,5,TEPC,AECI,1593648000,573.681,421.443,8
360,5,TEPC,AECI,1594965600,674.284,479.522,10
360,5,TEPC,AECI,1596283200,527.6,406.095,7
360,5,TEPC,AECI,1597600800,959.68,629.187,14
360,5,TEPC,AECI,1598918400,1014.959,676.423,16
360,5,TEPC,AECI,1600236000,700.054,518.187,9
360,5,TEPC,AECI,1601553600,731.201,522.126,11
360,5,TEPC,AECI,1602871200,811.971,617.889,11
360,5,TEPC,AECI,1604188800,660.283,521.373,8
360,5,TEPC,AECI,1605506400,458.827,375.053,5
360,5,TEPC,AECI,1606824000,193.11,193.11,0
360,5,TEPC,AECI,1608141600,411.291,379.702,4
360,6,TEPC,AECI,1577836800,231.013,296.172,1
360,6,TEPC,AECI,1579154400,260.044,260.044,0
360,6,TEPC,AECI,1580472000,212.981,258.924,1
360,6,TEPC,AECI,1581789600,230.952,230.952,0
360,6,TEPC,AECI,1583107200,213.887,213.887,0
360,6,TEPC,AECI,1584424800,209.261,209.261,0
360,6,TEPC,AECI,1585742400,163.89,163.89,0
360,6,TEPC,AECI,1587060000,178.693,178.693,0
360,6,TEPC,AECI,1588377600,179.254,179.254,0
360,6,TEPC,AECI,1589695200,215.518,215.518,0
360,6,TEPC,AECI,1591012800,201.914,249.049,1
360,6,TEPC,AECI,1592330400,189.451,189.451,0
360,6,TEPC,AECI,1593648000,215.878,215.878,0
360,6,TEPC,AECI,1594965600,207.863,207.863,0
360,6,TEPC,AECI,1596283200,219.66,219.66,0
360,6,TEPC,AECI,1597600800,232.192,232.192,0
360,6,TEPC,AECI,1598918400,219.508,219.508,0
360,6,TEPC,AECI,1600236000,245.174,245.174,0
360,6,TEPC,AECI,1601553600,235.921,235.921,0
360,6,TEPC,AECI,1602871200,235.015,292.642,1
360,6,TEPC,AECI,1604188800,265.706,265.706,0
360,6,TEPC,AECI,1605506400,225.001,225.001,0
360,6,TEPC,AECI,1606824000,193.11,193.11,0
360,6,TEPC,AECI,1608141600,251.11,251.11,0
