overhead_min,policy,source_grid,dest_grid,start_ts,total_carbon_kgco2eq,baseline_carbon_kgco2eq,migration_count
0,1,AECI,EPE,1577836800,171.652,171.652,0
0,1,AECI,EPE,1579154400,184.829,184.829,0
0,1,AECI,EPE,1580472000,179.08,179.08,0
0,1,AECI,EPE,1581789600,190.047,190.047,0
0,1,AECI,EPE,1583107200,177.533,177.533,0
0,1,AECI,EPE,1584424800,173.609,173.609,0
0,1,AECI,EPE,1585742400,130.078,130.078,0
0,1,AECI,EPE,1587060000,146.519,146.519,0
0,1,AECI,EPE,1588377600,154.192,154.192,0
0,1,AECI,EPE,1589695200,158.058,158.058,0
0,1,AECI,EPE,1591012800,151.782,151.782,0
0,1,AECI,EPE,1592330400,159.195,159.195,0
0,1,AECI,EPE,1593648000,183.868,183.868,0
0,1,AECI,EPE,1594965600,175.21,175.21,0
0,1,AECI,EPE,1596283200,180.832,180.832,0
0,1,AECI,EPE,1597600800,201.072,201.072,0
0,1,AECI,EPE,1598918400,180.384,180.384,0
0,1,AECI,EPE,1600236000,202.899,202.899,0
0,1,AECI,EPE,1601553600,182.573,182.573,0
0,1,AECI,EPE,1602871200,178.75,178.75,0
0,1,AECI,EPE,1604188800,219.569,219.569,0
0,1,AECI,EPE,1605506400,205.232,205.232,0
0,1,AECI,EPE,1606824000,196.187,196.187,0
0,1,AECI,EPE,1608141600,194.483,194.483,0
0,2,AECI,EPE,1577836800,171.766,171.652,2
0,2,AECI,EPE,1579154400,184.602,184.829,4
0,2,AECI,EPE,1580472000,167.125,179.08,4
0,2,AECI,EPE,1581789600,174.684,190.047,7
0,2,AECI,EPE,1583107200,172.929,177.533,4
0,2,AECI,EPE,1584424800,173.45,173.609,4
0,2,AECI,EPE,1585742400,130.078,130.078,0
0,2,AECI,EPE,1587060000,145.593,146.519,3
0,2,AECI,EPE,1588377600,152.42,154.192,3
0,2,AECI,EPE,1589695200,157.642,158.058,2
0,2,AECI,EPE,1591012800,151.782,151.782,0
0,2,AECI,EPE,1592330400,159.315,159.195,2
0,2,AECI,EPE,1593648000,183.071,183.868,6
0,2,AECI,EPE,1594965600,175.21,175.21,0
0,2,AECI,EPE,1596283200,180.513,180.832,2
0,2,AECI,EPE,1597600800,198.988,201.072,3
0,2,AECI,EPE,1598918400,180.449,180.384,4
0,2,AECI,EPE,1600236000,191.701,202.899,4
0,2,AECI,EPE,1601553600,182.608,182.573,4
0,2,AECI,EPE,1602871200,179.278,178.75,4
0,2,AECI,EPE,1604188800,201.054,219.569,5
0,2,AECI,EPE,1605506400,193.768,205.232,8
0,2,AECI,EPE,1606824000,186.827,196.187,4
0,2,AECI,EPE,1608141600,192.466,194.483,4
0,3,AECI,EPE,1577836800,201.929,171.652,1
0,3,AECI,EPE,1579154400,206.611,184.829,1
0,3,AECI,EPE,1580472000,168.682,179.08,2
0,3,AECI,EPE,1581789600,176.906,190.047,1
0,3,AECI,EPE,1583107200,202.005,177.533,1
0,3,AECI,EPE,1584424800,196.369,173.609,2
0,3,AECI,EPE,1585742400,134.084,130.078,3
0,3,AECI,EPE,1587060000,171.715,146.519,1
0,3,AECI,EPE,1588377600,183.522,154.192,1
0,3,AECI,EPE,1589695200,186.473,158.058,2
0,3,AECI,EPE,1591012800,151.782,151.782,0
0,3,AECI,EPE,1592330400,162.546,159.195,1
0,3,AECI,EPE,1593648000,197.901,183.868,1
0,3,AECI,EPE,1594965600,201.888,175.21,4
0,3,AECI,EPE,1596283200,191.491,180.832,2
0,3,AECI,EPE,1597600800,214.594,201.072,1
0,3,AECI,EPE,1598918400,202.521,180.384,3
0,3,AECI,EPE,1600236000,199.214,202.899,1
0,3,AECI,EPE,1601553600,193.596,182.573,2
0,3,AECI,EPE,1602871200,181.086,178.75,1
0,3,AECI,EPE,1604188800,215.111,219.569,1
0,3,AECI,EPE,1605506400,198.317,205.232,2
0,3,AECI,EPE,1606824000,195.647,196.187,3
0,3,AECI,EPE,1608141600,211.621,194.483,3
0,4,AECI,EPE,1577836800,171.652,171.652,0
0,4,AECI,EPE,1579154400,184.829,184.829,0
0,4,AECI,EPE,1580472000,172.897,179.08,2
0,4,AECI,EPE,1581789600,178.024,190.047,2
0,4,AECI,EPE,1583107200,177.533,177.533,0
0,4,AECI,EPE,1584424800,173.609,173.609,0
0,4,AECI,EPE,1585742400,130.078,130.078,0
0,4,AECI,EPE,1587060000,146.519,146.519,0
0,4,AECI,EPE,1588377600,154.192,154.192,0
0,4,AECI,EPE,1589695200,158.058,158.058,0
0,4,AECI,EPE,1591012800,151.782,151.782,0
0,4,AECI,EPE,1592330400,159.195,159.195,0
0,4,AECI,EPE,1593648000,183.868,183.868,0
0,4,AECI,EPE,1594965600,175.21,175.21,0
0,4,AECI,EPE,1596283200,180.832,180.832,0
0,4,AECI,EPE,1597600800,200.705,201.072,1
0,4,AECI,EPE,1598918400,180.384,180.384,0
0,4,AECI,EPE,1600236000,203.191,202.899,2
0,4,AECI,EPE,1601553600,182.573,182.573,0
0,4,AECI,EPE,1602871200,178.75,178.75,0
0,4,AECI,EPE,1604188800,213.47,219.569,2
0,4,AECI,EPE,1605506400,202.367,205.232,2
0,4,AECI,EPE,1606824000,194.341,196.187,4
0,4,AECI,EPE,1608141600,194.483,194.483,0
0,5,AECI,EPE,1577836800,171.609,171.652,2
0,5,AECI,EPE,1579154400,183.949,184.829,4
0,5,AECI,EPE,1580472000,166.872,179.08,4
0,5,AECI,EPE,1581789600,173.788,190.047,7
0,5,AECI,EPE,1583107200,172.387,177.533,4
0,5,AECI,EPE,1584424800,173.14,173.609,4
0,5,AECI,EPE,1585742400,130.078,130.078,0
0,5,AECI,EPE,1587060000,145.211,146.519,2
0,5,AECI,EPE,1588377600,152.153,154.192,4
0,5,AECI,EPE,1589695200,157.506,158.058,2
0,5,AECI,EPE,1591012800,151.782,151.782,0
0,5,AECI,EPE,1592330400,159.176,159.195,2
0,5,AECI,EPE,1593648000,182.136,183.868,6
0,5,AECI,EPE,1594965600,175.21,175.21,0
0,5,AECI,EPE,1596283200,180.262,180.832,2
0,5,AECI,EPE,1597600800,198.727,201.072,3
0,5,AECI,EPE,1598918400,180.229,180.384,4
0,5,AECI,EPE,1600236000,190.404,202.899,4
0,5,AECI,EPE,1601553600,182.01,182.573,4
0,5,AECI,EPE,1602871200,178.673,178.75,4
0,5,AECI,EPE,1604188800,200.169,219.569,4
0,5,AECI,EPE,1605506400,192.833,205.232,8
0,5,AECI,EPE,1606824000,186.304,196.187,4
0,5,AECI,EPE,1608141600,191.945,194.483,4
0,6,AECI,EPE,1577836800,171.652,171.652,0
0,6,AECI,EPE,1579154400,184.829,184.829,0
0,6,AECI,EPE,1580472000,179.08,179.08,0
0,6,AECI,EPE,1581789600,176.906,190.047,1
0,6,AECI,EPE,1583107200,177.533,177.533,0
0,6,AECI,EPE,1584424800,173.609,173.609,0
0,6,AECI,EPE,1585742400,130.078,130.078,0
0,6,AECI,EPE,1587060000,146.519,146.519,0
0,6,AECI,EPE,1588377600,154.192,154.192,0
0,6,AECI,EPE,1589695200,158.058,158.058,0
0,6,AECI,EPE,1591012800,151.782,151.782,0
0,6,AECI,EPE,1592330400,159.195,159.195,0
0,6,AECI,EPE,1593648000,183.868,183.868,0
0,6,AECI,EPE,1594965600,175.21,175.21,0
0,6,AECI,EPE,1596283200,180.832,180.832,0
0,6,AECI,EPE,1597600800,201.072,201.072,0
0,6,AECI,EPE,1598918400,180.384,180.384,0
0,6,AECI,EPE,1600236000,197.894,202.899,1
0,6,AECI,EPE,1601553600,182.573,182.573,0
0,6,AECI,EPE,1602871200,178.75,178.75,0
0,6,AECI,EPE,1604188800,214.625,219.569,1
0,6,AECI,EPE,1605506400,195.428,205.232,2
0,6,AECI,EPE,1606824000,196.187,196.187,0
0,6,AECI,EPE,1608141600,194.483,194.483,0
0,1,AECI,PACE,1577836800,171.652,171.652,0
0,1,AECI,PACE,1579154400,184.829,184.829,0
0,1,AECI,PACE,1580472000,179.08,179.08,0
0,1,AECI,PACE,1581789600,190.047,190.047,0
0,1,AECI,PACE,1583107200,177.533,177.533,0
0,1,AECI,PACE,1584424800,173.609,173.609,0
0,1,AECI,PACE,1585742400,130.078,130.078,0
0,1,AECI,PACE,1587060000,146.519,146.519,0
0,1,AECI,PACE,1588377600,154.192,154.192,0
0,1,AECI,PACE,1589695200,158.058,158.058,0
0,1,AECI,PACE,1591012800,151.782,151.782,0
0,1,AECI,PACE,1592330400,159.195,159.195,0
0,1,AECI,PACE,1593648000,183.868,183.868,0
0,1,AECI,PACE,1594965600,175.21,175.21,0
0,1,AECI,PACE,1596283200,180.832,180.832,0
0,1,AECI,PACE,1597600800,201.072,201.072,0
0,1,AECI,PACE,1598918400,180.384,180.384,0
0,1,AECI,PACE,1600236000,202.899,202.899,0
0,1,AECI,PACE,1601553600,182.573,182.573,0
0,1,AECI,PACE,1602871200,178.75,178.75,0
0,1,AECI,PACE,1604188800,219.569,219.569,0
0,1,AECI,PACE,1605506400,205.232,205.232,0
0,1,AECI,PACE,1606824000,196.187,196.187,0
0,1,AECI,PACE,1608141600,194.483,194.483,0
0,2,AECI,PACE,1577836800,171.67,171.652,2
0,2,AECI,PACE,1579154400,184.836,184.829,2
0,2,AECI,PACE,1580472000,171.694,179.08,4
0,2,AECI,PACE,1581789600,179.723,190.047,5
0,2,AECI,PACE,1583107200,167.613,177.533,3
0,2,AECI,PACE,1584424800,173.609,173.609,0
0,2,AECI,PACE,1585742400,130.078,130.078,0
0,2,AECI,PACE,1587060000,146.532,146.519,2
0,2,AECI,PACE,1588377600,144.759,154.192,3
0,2,AECI,PACE,1589695200,158.689,158.058,2
0,2,AECI,PACE,1591012800,151.782,151.782,0
0,2,AECI,PACE,1592330400,154.152,159.195,4
0,2,AECI,PACE,1593648000,179.817,183.868,8
0,2,AECI,PACE,1594965600,173.062,175.21,6
0,2,AECI,PACE,1596283200,181.011,180.832,2
0,2,AECI,PACE,1597600800,201.072,201.072,0
0,2,AECI,PACE,1598918400,180.384,180.384,0
0,2,AECI,PACE,1600236000,202.899,202.899,0
0,2,AECI,PACE,1601553600,182.577,182.573,2
0,2,AECI,PACE,1602871200,174.848,178.75,7
0,2,AECI,PACE,1604188800,214.836,219.569,2
0,2,AECI,PACE,1605506400,203.232,205.232,4
0,2,AECI,PACE,1606824000,196.919,196.187,6
0,2,AECI,PACE,1608141600,193.933,194.483,4
0,3,AECI,PACE,1577836800,185.333,171.652,1
0,3,AECI,PACE,1579154400,207.516,184.829,4
0,3,AECI,PACE,1580472000,183.469,179.08,2
0,3,AECI,PACE,1581789600,197.489,190.047,1
0,3,AECI,PACE,1583107200,207.126,177.533,1
0,3,AECI,PACE,1584424800,173.609,173.609,0
0,3,AECI,PACE,1585742400,130.078,130.078,0
0,3,AECI,PACE,1587060000,146.519,146.519,0
0,3,AECI,PACE,1588377600,180.915,154.192,1
0,3,AECI,PACE,1589695200,161.448,158.058,2
0,3,AECI,PACE,1591012800,151.782,151.782,0
0,3,AECI,PACE,1592330400,159.195,159.195,0
0,3,AECI,PACE,1593648000,211.929,183.868,1
0,3,AECI,PACE,1594965600,184.812,175.21,2
0,3,AECI,PACE,1596283200,180.832,180.832,0
0,3,AECI,PACE,1597600800,208.917,201.072,3
0,3,AECI,PACE,1598918400,184.869,180.384,3
0,3,AECI,PACE,1600236000,217.65,202.899,2
0,3,AECI,PACE,1601553600,182.573,182.573,0
0,3,AECI,PACE,1602871200,190.006,178.75,5
0,3,AECI,PACE,1604188800,242.625,219.569,3
0,3,AECI,PACE,1605506400,219.784,205.232,2
0,3,AECI,PACE,1606824000,211.493,196.187,4
0,3,AECI,PACE,1608141600,202.948,194.483,2
0,4,AECI,PACE,1577836800,171.652,171.652,0
0,4,AECI,PACE,1579154400,184.829,184.829,0
0,4,AECI,PACE,1580472000,179.08,179.08,0
0,4,AECI,PACE,1581789600,189.601,190.047,2
0,4,AECI,PACE,1583107200,177.533,177.533,0
0,4,AECI,PACE,1584424800,173.609,173.609,0
0,4,AECI,PACE,1585742400,130.078,130.078,0
0,4,AECI,PACE,1587060000,146.519,146.519,0
0,4,AECI,PACE,1588377600,154.192,154.192,0
0,4,AECI,PACE,1589695200,158.058,158.058,0
0,4,AECI,PACE,1591012800,151.782,151.782,0
0,4,AECI,PACE,1592330400,159.195,159.195,0
0,4,AECI,PACE,1593648000,183.868,183.868,0
0,4,AECI,PACE,1594965600,175.21,175.21,0
0,4,AECI,PACE,1596283200,180.832,180.832,0
0,4,AECI,PACE,1597600800,201.072,201.072,0
0,4,AECI,PACE,1598918400,180.384,180.384,0
0,4,AECI,PACE,1600236000,202.899,202.899,0
0,4,AECI,PACE,1601553600,182.573,182.573,0
0,4,AECI,PACE,1602871200,178.75,178.75,0
0,4,AECI,PACE,1604188800,219.569,219.569,0
0,4,AECI,PACE,1605506400,205.232,205.232,0
0,4,AECI,PACE,1606824000,196.187,196.187,0
0,4,AECI,PACE,1608141600,194.483,194.483,0
0,5,AECI,PACE,1577836800,171.626,171.652,2
0,5,AECI,PACE,1579154400,184.814,184.829,2
0,5,AECI,PACE,1580472000,170.394,179.08,4
0,5,AECI,PACE,1581789600,179.059,190.047,5
0,5,AECI,PACE,1583107200,167.092,177.533,3
0,5,AECI,PACE,1584424800,173.609,173.609,0
0,5,AECI,PACE,1585742400,130.078,130.078,0
0,5,AECI,PACE,1587060000,146.474,146.519,2
0,5,AECI,PACE,1588377600,143.906,154.192,3
0,5,AECI,PACE,1589695200,157.9,158.058,2
0,5,AECI,PACE,1591012800,151.782,151.782,0
0,5,AECI,PACE,1592330400,153.637,159.195,4
0,5,AECI,PACE,1593648000,178.157,183.868,8
0,5,AECI,PACE,1594965600,170.941,175.21,6
0,5,AECI,PACE,1596283200,180.827,180.832,2
0,5,AECI,PACE,1597600800,201.072,201.072,0
0,5,AECI,PACE,1598918400,180.384,180.384,0
0,5,AECI,PACE,1600236000,202.899,202.899,0
0,5,AECI,PACE,1601553600,182.569,182.573,2
0,5,AECI,PACE,1602871200,173.705,178.75,7
0,5,AECI,PACE,1604188800,214.499,219.569,2
0,5,AECI,PACE,1605506400,202.499,205.232,4
0,5,AECI,PACE,1606824000,196.002,196.187,6
0,5,AECI,PACE,1608141600,193.466,194.483,4
0,6,AECI,PACE,1577836800,171.652,171.652,0
0,6,AECI,PACE,1579154400,184.829,184.829,0
0,6,AECI,PACE,1580472000,179.08,179.08,0
0,6,AECI,PACE,1581789600,190.047,190.047,0
0,6,AECI,PACE,1583107200,172.913,177.533,1
0,6,AECI,PACE,1584424800,173.609,173.609,0
0,6,AECI,PACE,1585742400,130.078,130.078,0
0,6,AECI,PACE,1587060000,146.519,146.519,0
0,6,AECI,PACE,1588377600,149.473,154.192,1
0,6,AECI,PACE,1589695200,158.058,158.058,0
0,6,AECI,PACE,1591012800,151.782,151.782,0
0,6,AECI,PACE,1592330400,159.195,159.195,0
0,6,AECI,PACE,1593648000,183.868,183.868,0
0,6,AECI,PACE,1594965600,175.21,175.21,0
0,6,AECI,PACE,1596283200,180.832,180.832,0
0,6,AECI,PACE,1597600800,201.072,201.072,0
0,6,AECI,PACE,1598918400,180.384,180.384,0
0,6,AECI,PACE,1600236000,202.899,202.899,0
0,6,AECI,PACE,1601553600,182.573,182.573,0
0,6,AECI,PACE,1602871200,178.75,178.75,0
0,6,AECI,PACE,1604188800,219.569,219.569,0
0,6,AECI,PACE,1605506400,205.232,205.232,0
0,6,AECI,PACE,1606824000,196.187,196.187,0
0,6,AECI,PACE,1608141600,194.483,194.483,0
0,1,AECI,TEPC,1577836800,171.652,171.652,0
0,1,AECI,TEPC,1579154400,184.829,184.829,0
0,1,AECI,TEPC,1580472000,179.08,179.08,0
0,1,AECI,TEPC,1581789600,190.047,190.047,0
0,1,AECI,TEPC,1583107200,177.533,177.533,0
0,1,AECI,TEPC,1584424800,173.609,173.609,0
0,1,AECI,TEPC,1585742400,130.078,130.078,0
0,1,AECI,TEPC,1587060000,146.519,146.519,0
0,1,AECI,TEPC,1588377600,154.192,154.192,0
0,1,AECI,TEPC,1589695200,158.058,158.058,0
0,1,AECI,TEPC,1591012800,151.782,151.782,0
0,1,AECI,TEPC,1592330400,159.195,159.195,0
0,1,AECI,TEPC,1593648000,183.868,183.868,0
0,1,AECI,TEPC,1594965600,175.21,175.21,0
0,1,AECI,TEPC,1596283200,180.832,180.832,0
0,1,AECI,TEPC,1597600800,201.072,201.072,0
0,1,AECI,TEPC,1598918400,180.384,180.384,0
0,1,AECI,TEPC,1600236000,202.899,202.899,0
0,1,AECI,TEPC,1601553600,182.573,182.573,0
0,1,AECI,TEPC,1602871200,178.75,178.75,0
0,1,AECI,TEPC,1604188800,219.569,219.569,0
0,1,AECI,TEPC,1605506400,205.232,205.232,0
0,1,AECI,TEPC,1606824000,196.187,196.187,0
0,1,AECI,TEPC,1608141600,194.483,194.483,0
0,2,AECI,TEPC,1577836800,171.652,171.652,0
0,2,AECI,TEPC,1579154400,184.829,184.829,0
0,2,AECI,TEPC,1580472000,170.681,179.08,4
0,2,AECI,TEPC,1581789600,187.623,190.047,5
0,2,AECI,TEPC,1583107200,168.138,177.533,3
0,2,AECI,TEPC,1584424800,171.588,173.609,2
0,2,AECI,TEPC,1585742400,127.919,130.078,4
0,2,AECI,TEPC,1587060000,143.731,146.519,5
0,2,AECI,TEPC,1588377600,149.771,154.192,3
0,2,AECI,TEPC,1589695200,158.058,158.058,0
0,2,AECI,TEPC,1591012800,151.782,151.782,0
0,2,AECI,TEPC,1592330400,159.416,159.195,6
0,2,AECI,TEPC,1593648000,184.116,183.868,2
0,2,AECI,TEPC,1594965600,175.278,175.21,2
0,2,AECI,TEPC,1596283200,180.832,180.832,0
0,2,AECI,TEPC,1597600800,201.072,201.072,0
0,2,AECI,TEPC,1598918400,180.384,180.384,0
0,2,AECI,TEPC,1600236000,203.176,202.899,2
0,2,AECI,TEPC,1601553600,182.573,182.573,0
0,2,AECI,TEPC,1602871200,178.75,178.75,0
0,2,AECI,TEPC,1604188800,218.537,219.569,6
0,2,AECI,TEPC,1605506400,202.32,205.232,4
0,2,AECI,TEPC,1606824000,185.192,196.187,4
0,2,AECI,TEPC,1608141600,194.483,194.483,0
0,3,AECI,TEPC,1577836800,171.652,171.652,0
0,3,AECI,TEPC,1579154400,184.829,184.829,0
0,3,AECI,TEPC,1580472000,179.08,179.08,0
0,3,AECI,TEPC,1581789600,202.448,190.047,5
0,3,AECI,TEPC,1583107200,213.178,177.533,1
0,3,AECI,TEPC,1584424800,181.762,173.609,4
0,3,AECI,TEPC,1585742400,131.586,130.078,2
0,3,AECI,TEPC,1587060000,169.941,146.519,3
0,3,AECI,TEPC,1588377600,179.121,154.192,1
0,3,AECI,TEPC,1589695200,158.443,158.058,2
0,3,AECI,TEPC,1591012800,151.782,151.782,0
0,3,AECI,TEPC,1592330400,175.15,159.195,7
0,3,AECI,TEPC,1593648000,215.745,183.868,1
0,3,AECI,TEPC,1594965600,199.656,175.21,4
0,3,AECI,TEPC,1596283200,184.467,180.832,2
0,3,AECI,TEPC,1597600800,231.727,201.072,1
0,3,AECI,TEPC,1598918400,182.619,180.384,4
0,3,AECI,TEPC,1600236000,241.012,202.899,2
0,3,AECI,TEPC,1601553600,182.573,182.573,0
0,3,AECI,TEPC,1602871200,178.75,178.75,1
0,3,AECI,TEPC,1604188800,249.122,219.569,3
0,3,AECI,TEPC,1605506400,214.91,205.232,2
0,3,AECI,TEPC,1606824000,192.896,196.187,1
0,3,AECI,TEPC,1608141600,194.483,194.483,0
0,4,AECI,TEPC,1577836800,171.652,171.652,0
0,4,AECI,TEPC,1579154400,184.829,184.829,0
0,4,AECI,TEPC,1580472000,179.08,179.08,0
0,4,AECI,TEPC,1581789600,190.047,190.047,0
0,4,AECI,TEPC,1583107200,177.533,177.533,0
0,4,AECI,TEPC,1584424800,173.609,173.609,0
0,4,AECI,TEPC,1585742400,132.134,130.078,1
0,4,AECI,TEPC,1587060000,146.519,146.519,0
0,4,AECI,TEPC,1588377600,154.192,154.192,0
0,4,AECI,TEPC,1589695200,158.058,158.058,0
0,4,AECI,TEPC,1591012800,151.782,151.782,0
0,4,AECI,TEPC,1592330400,159.195,159.195,0
0,4,AECI,TEPC,1593648000,183.868,183.868,0
0,4,AECI,TEPC,1594965600,175.21,175.21,0
0,4,AECI,TEPC,1596283200,180.832,180.832,0
0,4,AECI,TEPC,1597600800,201.072,201.072,0
0,4,AECI,TEPC,1598918400,180.384,180.384,0
0,4,AECI,TEPC,1600236000,202.899,202.899,0
0,4,AECI,TEPC,1601553600,182.573,182.573,0
0,4,AECI,TEPC,1602871200,178.75,178.75,0
0,4,AECI,TEPC,1604188800,219.569,219.569,0
0,4,AECI,TEPC,1605506400,205.232,205.232,0
0,4,AECI,TEPC,1606824000,192.896,196.187,1
0,4,AECI,TEPC,1608141600,194.483,194.483,0
0,5,AECI,TEPC,1577836800,171.652,171.652,0
0,5,AECI,TEPC,1579154400,184.829,184.829,0
0,5,AECI,TEPC,1580472000,170.175,179.08,4
0,5,AECI,TEPC,1581789600,186.896,190.047,5
0,5,AECI,TEPC,1583107200,167.039,177.533,4
0,5,AECI,TEPC,1584424800,171.282,173.609,2
0,5,AECI,TEPC,1585742400,127.321,130.078,4
0,5,AECI,TEPC,1587060000,143.002,146.519,6
0,5,AECI,TEPC,1588377600,148.862,154.192,4
0,5,AECI,TEPC,1589695200,158.058,158.058,0
0,5,AECI,TEPC,1591012800,151.782,151.782,0
0,5,AECI,TEPC,1592330400,158.989,159.195,4
0,5,AECI,TEPC,1593648000,183.832,183.868,2
0,5,AECI,TEPC,1594965600,175.149,175.21,2
0,5,AECI,TEPC,1596283200,180.832,180.832,0
0,5,AECI,TEPC,1597600800,201.072,201.072,0
0,5,AECI,TEPC,1598918400,180.384,180.384,0
0,5,AECI,TEPC,1600236000,202.78,202.899,2
0,5,AECI,TEPC,1601553600,182.573,182.573,0
0,5,AECI,TEPC,1602871200,178.75,178.75,0
0,5,AECI,TEPC,1604188800,218.079,219.569,6
0,5,AECI,TEPC,1605506400,201.378,205.232,4
0,5,AECI,TEPC,1606824000,184.47,196.187,4
0,5,AECI,TEPC,1608141600,194.483,194.483,0
0,6,AECI,TEPC,1577836800,171.652,171.652,0
0,6,AECI,TEPC,1579154400,184.829,184.829,0
0,6,AECI,TEPC,1580472000,179.08,179.08,0
0,6,AECI,TEPC,1581789600,190.047,190.047,0
0,6,AECI,TEPC,1583107200,171.932,177.533,1
0,6,AECI,TEPC,1584424800,173.609,173.609,0
0,6,AECI,TEPC,1585742400,130.078,130.078,0
0,6,AECI,TEPC,1587060000,146.519,146.519,0
0,6,AECI,TEPC,1588377600,150.677,154.192,1
0,6,AECI,TEPC,1589695200,158.058,158.058,0
0,6,AECI,TEPC,1591012800,151.782,151.782,0
0,6,AECI,TEPC,1592330400,159.195,159.195,0
0,6,AECI,TEPC,1593648000,183.868,183.868,0
0,6,AECI,TEPC,1594965600,175.21,175.21,0
0,6,AECI,TEPC,1596283200,180.832,180.832,0
0,6,AECI,TEPC,1597600800,201.072,201.072,0
0,6,AECI,TEPC,1598918400,180.384,180.384,0
0,6,AECI,TEPC,1600236000,202.899,202.899,0
0,6,AECI,TEPC,1601553600,182.573,182.573,0
0,6,AECI,TEPC,1602871200,178.75,178.75,0
0,6,AECI,TEPC,1604188800,219.569,219.569,0
0,6,AECI,TEPC,1605506400,205.232,205.232,0
0,6,AECI,TEPC,1606824000,196.187,196.187,0
0,6,AECI,TEPC,1608141600,194.483,194.483,0
0,1,BANC,CISO,1577836800,76.253,76.253,0
0,1,BANC,CISO,1579154400,81.548,81.548,0
0,1,BANC,CISO,1580472000,55.83,55.83,0
0,1,BANC,CISO,1581789600,52.267,52.267,0
0,1,BANC,CISO,1583107200,52.43,52.43,0
0,1,BANC,CISO,1584424800,83.316,83.316,0
0,1,BANC,CISO,1585742400,44.33,44.33,0
0,1,BANC,CISO,1587060000,33.313,33.313,0
0,1,BANC,CISO,1588377600,42.749,42.749,0
0,1,BANC,CISO,1589695200,42.187,42.187,0
0,1,BANC,CISO,1591012800,42.378,42.378,0
0,1,BANC,CISO,1592330400,40.383,40.383,0
0,1,BANC,CISO,1593648000,37.688,37.688,0
0,1,BANC,CISO,1594965600,55.204,55.204,0
0,1,BANC,CISO,1596283200,56.684,56.684,0
0,1,BANC,CISO,1597600800,78.197,78.197,0
0,1,BANC,CISO,1598918400,75.022,75.022,0
0,1,BANC,CISO,1600236000,80.174,80.174,0
0,1,BANC,CISO,1601553600,81.036,81.036,0
0,1,BANC,CISO,1602871200,74.249,74.249,0
0,1,BANC,CISO,1604188800,87.09,87.09,0
0,1,BANC,CISO,1605506400,93.475,93.475,0
0,1,BANC,CISO,1606824000,108.643,108.643,0
0,1,BANC,CISO,1608141600,91.972,91.972,0
0,2,BANC,CISO,1577836800,75.453,76.253,2
0,2,BANC,CISO,1579154400,81.548,81.548,0
0,2,BANC,CISO,1580472000,55.83,55.83,0
0,2,BANC,CISO,1581789600,51.062,52.267,4
0,2,BANC,CISO,1583107200,52.333,52.43,2
0,2,BANC,CISO,1584424800,83.316,83.316,0
0,2,BANC,CISO,1585742400,44.283,44.33,2
0,2,BANC,CISO,1587060000,33.313,33.313,0
0,2,BANC,CISO,1588377600,38.903,42.749,5
0,2,BANC,CISO,1589695200,38.038,42.187,4
0,2,BANC,CISO,1591012800,42.378,42.378,0
0,2,BANC,CISO,1592330400,39.351,40.383,4
0,2,BANC,CISO,1593648000,37.587,37.688,2
0,2,BANC,CISO,1594965600,55.127,55.204,4
0,2,BANC,CISO,1596283200,56.231,56.684,4
0,2,BANC,CISO,1597600800,78.197,78.197,0
0,2,BANC,CISO,1598918400,75.058,75.022,4
0,2,BANC,CISO,1600236000,80.174,80.174,0
0,2,BANC,CISO,1601553600,81.036,81.036,0
0,2,BANC,CISO,1602871200,74.249,74.249,0
0,2,BANC,CISO,1604188800,86.497,87.09,2
0,2,BANC,CISO,1605506400,91.418,93.475,4
0,2,BANC,CISO,1606824000,106.832,108.643,4
0,2,BANC,CISO,1608141600,91.201,91.972,6
0,3,BANC,CISO,1577836800,77.79,76.253,2
0,3,BANC,CISO,1579154400,81.548,81.548,0
0,3,BANC,CISO,1580472000,55.83,55.83,0
0,3,BANC,CISO,1581789600,52.299,52.267,1
0,3,BANC,CISO,1583107200,54.118,52.43,1
0,3,BANC,CISO,1584424800,83.316,83.316,0
0,3,BANC,CISO,1585742400,44.33,44.33,0
0,3,BANC,CISO,1587060000,33.313,33.313,1
0,3,BANC,CISO,1588377600,54.392,42.749,3
0,3,BANC,CISO,1589695200,43.75,42.187,2
0,3,BANC,CISO,1591012800,42.378,42.378,0
0,3,BANC,CISO,1592330400,40.728,40.383,1
0,3,BANC,CISO,1593648000,39.112,37.688,2
0,3,BANC,CISO,1594965600,55.204,55.204,0
0,3,BANC,CISO,1596283200,56.684,56.684,0
0,3,BANC,CISO,1597600800,78.197,78.197,0
0,3,BANC,CISO,1598918400,81.562,75.022,2
0,3,BANC,CISO,1600236000,80.174,80.174,0
0,3,BANC,CISO,1601553600,81.036,81.036,0
0,3,BANC,CISO,1602871200,74.426,74.249,1
0,3,BANC,CISO,1604188800,87.09,87.09,0
0,3,BANC,CISO,1605506400,116.721,93.475,3
0,3,BANC,CISO,1606824000,121.129,108.643,1
0,3,BANC,CISO,1608141600,92.289,91.972,3
0,4,BANC,CISO,1577836800,76.253,76.253,0
0,4,BANC,CISO,1579154400,81.548,81.548,0
0,4,BANC,CISO,1580472000,55.83,55.83,0
0,4,BANC,CISO,1581789600,52.267,52.267,0
0,4,BANC,CISO,1583107200,52.43,52.43,0
0,4,BANC,CISO,1584424800,83.316,83.316,0
0,4,BANC,CISO,1585742400,44.33,44.33,0
0,4,BANC,CISO,1587060000,33.313,33.313,0
0,4,BANC,CISO,1588377600,42.749,42.749,0
0,4,BANC,CISO,1589695200,42.187,42.187,0
0,4,BANC,CISO,1591012800,42.378,42.378,0
0,4,BANC,CISO,1592330400,40.383,40.383,0
0,4,BANC,CISO,1593648000,37.688,37.688,0
0,4,BANC,CISO,1594965600,55.204,55.204,0
0,4,BANC,CISO,1596283200,56.684,56.684,0
0,4,BANC,CISO,1597600800,78.197,78.197,0
0,4,BANC,CISO,1598918400,75.022,75.022,0
0,4,BANC,CISO,1600236000,80.174,80.174,0
0,4,BANC,CISO,1601553600,81.036,81.036,0
0,4,BANC,CISO,1602871200,74.249,74.249,0
0,4,BANC,CISO,1604188800,87.09,87.09,0
0,4,BANC,CISO,1605506400,93.475,93.475,0
0,4,BANC,CISO,1606824000,108.643,108.643,0
0,4,BANC,CISO,1608141600,91.972,91.972,0
0,5,BANC,CISO,1577836800,75.175,76.253,2
0,5,BANC,CISO,1579154400,81.548,81.548,0
0,5,BANC,CISO,1580472000,55.83,55.83,0
0,5,BANC,CISO,1581789600,50.608,52.267,5
0,5,BANC,CISO,1583107200,52.213,52.43,2
0,5,BANC,CISO,1584424800,83.316,83.316,0
0,5,BANC,CISO,1585742400,44.07,44.33,2
0,5,BANC,CISO,1587060000,33.313,33.313,0
0,5,BANC,CISO,1588377600,37.954,42.749,3
0,5,BANC,CISO,1589695200,37.331,42.187,4
0,5,BANC,CISO,1591012800,42.378,42.378,0
0,5,BANC,CISO,1592330400,38.988,40.383,4
0,5,BANC,CISO,1593648000,37.499,37.688,2
0,5,BANC,CISO,1594965600,54.902,55.204,4
0,5,BANC,CISO,1596283200,55.797,56.684,4
0,5,BANC,CISO,1597600800,78.197,78.197,0
0,5,BANC,CISO,1598918400,74.807,75.022,4
0,5,BANC,CISO,1600236000,80.174,80.174,0
0,5,BANC,CISO,1601553600,81.036,81.036,0
0,5,BANC,CISO,1602871200,74.249,74.249,0
0,5,BANC,CISO,1604188800,86.342,87.09,2
0,5,BANC,CISO,1605506400,90.457,93.475,4
0,5,BANC,CISO,1606824000,106.493,108.643,4
0,5,BANC,CISO,1608141600,90.189,91.972,6
0,6,BANC,CISO,1577836800,76.253,76.253,0
0,6,BANC,CISO,1579154400,81.548,81.548,0
0,6,BANC,CISO,1580472000,55.83,55.83,0
0,6,BANC,CISO,1581789600,52.267,52.267,0
0,6,BANC,CISO,1583107200,52.43,52.43,0
0,6,BANC,CISO,1584424800,83.316,83.316,0
0,6,BANC,CISO,1585742400,44.33,44.33,0
0,6,BANC,CISO,1587060000,33.313,33.313,0
0,6,BANC,CISO,1588377600,41.117,42.749,1
0,6,BANC,CISO,1589695200,42.187,42.187,0
0,6,BANC,CISO,1591012800,42.378,42.378,0
0,6,BANC,CISO,1592330400,40.383,40.383,0
0,6,BANC,CISO,1593648000,37.688,37.688,0
0,6,BANC,CISO,1594965600,55.204,55.204,0
0,6,BANC,CISO,1596283200,56.684,56.684,0
0,6,BANC,CISO,1597600800,78.197,78.197,0
0,6,BANC,CISO,1598918400,75.022,75.022,0
0,6,BANC,CISO,1600236000,80.174,80.174,0
0,6,BANC,CISO,1601553600,81.036,81.036,0
0,6,BANC,CISO,1602871200,74.249,74.249,0
0,6,BANC,CISO,1604188800,87.09,87.09,0
0,6,BANC,CISO,1605506400,93.475,93.475,0
0,6,BANC,CISO,1606824000,108.643,108.643,0
0,6,BANC,CISO,1608141600,91.972,91.972,0
0,1,CISO,BANC,1577836800,130.428,130.428,0
0,1,CISO,BANC,1579154400,140.472,140.472,0
0,1,CISO,BANC,1580472000,117.952,117.952,0
0,1,CISO,BANC,1581789600,103.569,103.569,0
0,1,CISO,BANC,1583107200,104.144,104.144,0
0,1,CISO,BANC,1584424800,135.48,135.48,0
0,1,CISO,BANC,1585742400,79.732,79.732,0
0,1,CISO,BANC,1587060000,80.679,80.679,0
0,1,CISO,BANC,1588377600,56.36,56.36,0
0,1,CISO,BANC,1589695200,62.849,62.849,0
0,1,CISO,BANC,1591012800,94.687,94.687,0
0,1,CISO,BANC,1592330400,66.377,66.377,0
0,1,CISO,BANC,1593648000,73.665,73.665,0
0,1,CISO,BANC,1594965600,90.516,90.516,0
0,1,CISO,BANC,1596283200,92.419,92.419,0
0,1,CISO,BANC,1597600800,127.384,127.384,0
0,1,CISO,BANC,1598918400,110.116,110.116,0
0,1,CISO,BANC,1600236000,126.99,126.99,0
0,1,CISO,BANC,1601553600,129.978,129.978,0
0,1,CISO,BANC,1602871200,142.021,142.021,0
0,1,CISO,BANC,1604188800,143.8,143.8,0
0,1,CISO,BANC,1605506400,123.623,123.623,0
0,1,CISO,BANC,1606824000,121.375,121.375,0
0,1,CISO,BANC,1608141600,120.762,120.762,0
0,2,CISO,BANC,1577836800,77.233,130.428,3
0,2,CISO,BANC,1579154400,83.411,140.472,1
0,2,CISO,BANC,1580472000,57.556,117.952,1
0,2,CISO,BANC,1581789600,51.182,103.569,5
0,2,CISO,BANC,1583107200,52.851,104.144,3
0,2,CISO,BANC,1584424800,84.87,135.48,1
0,2,CISO,BANC,1585742400,45.644,79.732,3
0,2,CISO,BANC,1587060000,33.344,80.679,1
0,2,CISO,BANC,1588377600,38.823,56.36,4
0,2,CISO,BANC,1589695200,39.029,62.849,5
0,2,CISO,BANC,1591012800,43.464,94.687,1
0,2,CISO,BANC,1592330400,39.089,66.377,3
0,2,CISO,BANC,1593648000,38.15,73.665,3
0,2,CISO,BANC,1594965600,56.289,90.516,5
0,2,CISO,BANC,1596283200,57.218,92.419,5
0,2,CISO,BANC,1597600800,78.689,127.384,1
0,2,CISO,BANC,1598918400,75.944,110.116,5
0,2,CISO,BANC,1600236000,81.403,126.99,1
0,2,CISO,BANC,1601553600,82.318,129.978,1
0,2,CISO,BANC,1602871200,74.766,142.021,1
0,2,CISO,BANC,1604188800,87.91,143.8,3
0,2,CISO,BANC,1605506400,93.105,123.623,5
0,2,CISO,BANC,1606824000,107.079,121.375,5
0,2,CISO,BANC,1608141600,91.787,120.762,7
0,3,CISO,BANC,1577836800,79.57,130.428,3
0,3,CISO,BANC,1579154400,83.411,140.472,1
0,3,CISO,BANC,1580472000,57.556,117.952,1
0,3,CISO,BANC,1581789600,52.418,103.569,2
0,3,CISO,BANC,1583107200,54.637,104.144,2
0,3,CISO,BANC,1584424800,84.87,135.48,1
0,3,CISO,BANC,1585742400,45.691,79.732,1
0,3,CISO,BANC,1587060000,33.344,80.679,2
0,3,CISO,BANC,1588377600,54.312,56.36,2
0,3,CISO,BANC,1589695200,44.741,62.849,3
0,3,CISO,BANC,1591012800,43.464,94.687,1
0,3,CISO,BANC,1592330400,40.466,66.377,2
0,3,CISO,BANC,1593648000,39.676,73.665,3
0,3,CISO,BANC,1594965600,56.366,90.516,1
0,3,CISO,BANC,1596283200,57.672,92.419,1
0,3,CISO,BANC,1597600800,78.689,127.384,1
0,3,CISO,BANC,1598918400,82.448,110.116,3
0,3,CISO,BANC,1600236000,81.403,126.99,1
0,3,CISO,BANC,1601553600,82.318,129.978,1
0,3,CISO,BANC,1602871200,74.943,142.021,2
0,3,CISO,BANC,1604188800,88.504,143.8,1
0,3,CISO,BANC,1605506400,118.409,123.623,2
0,3,CISO,BANC,1606824000,121.375,121.375,0
0,3,CISO,BANC,1608141600,92.875,120.762,2
0,4,CISO,BANC,1577836800,78.033,130.428,1
0,4,CISO,BANC,1579154400,83.411,140.472,1
0,4,CISO,BANC,1580472000,57.556,117.952,1
0,4,CISO,BANC,1581789600,52.387,103.569,1
0,4,CISO,BANC,1583107200,52.948,104.144,1
0,4,CISO,BANC,1584424800,84.87,135.48,1
0,4,CISO,BANC,1585742400,45.691,79.732,1
0,4,CISO,BANC,1587060000,33.344,80.679,1
0,4,CISO,BANC,1588377600,42.669,56.36,1
0,4,CISO,BANC,1589695200,43.178,62.849,1
0,4,CISO,BANC,1591012800,43.464,94.687,1
0,4,CISO,BANC,1592330400,40.121,66.377,1
0,4,CISO,BANC,1593648000,38.251,73.665,1
0,4,CISO,BANC,1594965600,56.366,90.516,1
0,4,CISO,BANC,1596283200,57.672,92.419,1
0,4,CISO,BANC,1597600800,78.689,127.384,1
0,4,CISO,BANC,1598918400,75.908,110.116,1
0,4,CISO,BANC,1600236000,81.403,126.99,1
0,4,CISO,BANC,1601553600,82.318,129.978,1
0,4,CISO,BANC,1602871200,74.766,142.021,1
0,4,CISO,BANC,1604188800,88.504,143.8,1
0,4,CISO,BANC,1605506400,95.162,123.623,1
0,4,CISO,BANC,1606824000,108.889,121.375,1
0,4,CISO,BANC,1608141600,92.558,120.762,1
0,5,CISO,BANC,1577836800,76.955,130.428,3
0,5,CISO,BANC,1579154400,83.411,140.472,1
0,5,CISO,BANC,1580472000,57.556,117.952,1
0,5,CISO,BANC,1581789600,50.728,103.569,6
0,5,CISO,BANC,1583107200,52.731,104.144,3
0,5,CISO,BANC,1584424800,84.87,135.48,1
0,5,CISO,BANC,1585742400,45.431,79.732,3
0,5,CISO,BANC,1587060000,33.344,80.679,1
0,5,CISO,BANC,1588377600,37.874,56.36,4
0,5,CISO,BANC,1589695200,38.321,62.849,5
0,5,CISO,BANC,1591012800,43.464,94.687,1
0,5,CISO,BANC,1592330400,38.726,66.377,3
0,5,CISO,BANC,1593648000,38.062,73.665,3
0,5,CISO,BANC,1594965600,56.063,90.516,5
0,5,CISO,BANC,1596283200,56.784,92.419,5
0,5,CISO,BANC,1597600800,78.689,127.384,1
0,5,CISO,BANC,1598918400,75.692,110.116,5
0,5,CISO,BANC,1600236000,81.403,126.99,1
0,5,CISO,BANC,1601553600,82.318,129.978,1
0,5,CISO,BANC,1602871200,74.766,142.021,1
0,5,CISO,BANC,1604188800,87.755,143.8,3
0,5,CISO,BANC,1605506400,92.145,123.623,5
0,5,CISO,BANC,1606824000,106.739,121.375,5
0,5,CISO,BANC,1608141600,90.775,120.762,5
0,6,CISO,BANC,1577836800,78.033,130.428,1
0,6,CISO,BANC,1579154400,83.411,140.472,1
0,6,CISO,BANC,1580472000,57.556,117.952,1
0,6,CISO,BANC,1581789600,52.387,103.569,1
0,6,CISO,BANC,1583107200,52.948,104.144,1
0,6,CISO,BANC,1584424800,84.87,135.48,1
0,6,CISO,BANC,1585742400,45.691,79.732,1
0,6,CISO,BANC,1587060000,33.344,80.679,1
0,6,CISO,BANC,1588377600,41.037,56.36,2
0,6,CISO,BANC,1589695200,43.178,62.849,1
0,6,CISO,BANC,1591012800,43.464,94.687,1
0,6,CISO,BANC,1592330400,40.121,66.377,1
0,6,CISO,BANC,1593648000,38.251,73.665,1
0,6,CISO,BANC,1594965600,56.366,90.516,1
0,6,CISO,BANC,1596283200,57.672,92.419,1
0,6,CISO,BANC,1597600800,78.689,127.384,1
0,6,CISO,BANC,1598918400,75.908,110.116,1
0,6,CISO,BANC,1600236000,81.403,126.99,1
0,6,CISO,BANC,1601553600,82.318,129.978,1
0,6,CISO,BANC,1602871200,74.766,142.021,1
0,6,CISO,BANC,1604188800,88.504,143.8,1
0,6,CISO,BANC,1605506400,95.162,123.623,1
0,6,CISO,BANC,1606824000,108.889,121.375,1
0,6,CISO,BANC,1608141600,92.558,120.762,1
0,1,EPE,AECI,1577836800,202.093,202.093,0
0,1,EPE,AECI,1579154400,207.289,207.289,0
0,1,EPE,AECI,1580472000,181.504,181.504,0
0,1,EPE,AECI,1581789600,175.974,175.974,0
0,1,EPE,AECI,1583107200,202.541,202.541,0
0,1,EPE,AECI,1584424800,204.307,204.307,0
0,1,EPE,AECI,1585742400,164.605,164.605,0
0,1,EPE,AECI,1587060000,171.684,171.684,0
0,1,EPE,AECI,1588377600,183.602,183.602,0
0,1,EPE,AECI,1589695200,189.282,189.282,0
0,1,EPE,AECI,1591012800,195.852,195.852,0
0,1,EPE,AECI,1592330400,195.157,195.157,0
0,1,EPE,AECI,1593648000,198.016,198.016,0
0,1,EPE,AECI,1594965600,209.436,209.436,0
0,1,EPE,AECI,1596283200,204.715,204.715,0
0,1,EPE,AECI,1597600800,214.763,214.763,0
0,1,EPE,AECI,1598918400,203.471,203.471,0
0,1,EPE,AECI,1600236000,199.728,199.728,0
0,1,EPE,AECI,1601553600,220.07,220.07,0
0,1,EPE,AECI,1602871200,223.978,223.978,0
0,1,EPE,AECI,1604188800,214.945,214.945,0
0,1,EPE,AECI,1605506400,203.959,203.959,0
0,1,EPE,AECI,1606824000,198.83,198.83,0
0,1,EPE,AECI,1608141600,215.454,215.454,0
0,2,EPE,AECI,1577836800,171.93,202.093,3
0,2,EPE,AECI,1579154400,185.28,207.289,5
0,2,EPE,AECI,1580472000,167.506,181.504,5
0,2,EPE,AECI,1581789600,173.752,175.974,6
0,2,EPE,AECI,1583107200,173.465,202.541,5
0,2,EPE,AECI,1584424800,174.637,204.307,5
0,2,EPE,AECI,1585742400,130.455,164.605,1
0,2,EPE,AECI,1587060000,145.561,171.684,2
0,2,EPE,AECI,1588377600,152.499,183.602,4
0,2,EPE,AECI,1589695200,158.838,189.282,3
0,2,EPE,AECI,1591012800,153.161,195.852,1
0,2,EPE,AECI,1592330400,159.091,195.157,1
0,2,EPE,AECI,1593648000,183.187,198.016,7
0,2,EPE,AECI,1594965600,176.4,209.436,1
0,2,EPE,AECI,1596283200,181.357,204.715,3
0,2,EPE,AECI,1597600800,199.157,214.763,4
0,2,EPE,AECI,1598918400,180.642,203.471,5
0,2,EPE,AECI,1600236000,192.215,199.728,5
0,2,EPE,AECI,1601553600,184.193,220.07,5
0,2,EPE,AECI,1602871200,179.663,223.978,5
0,2,EPE,AECI,1604188800,200.888,214.945,4
0,2,EPE,AECI,1605506400,193.895,203.959,9
0,2,EPE,AECI,1606824000,187.199,198.83,5
0,2,EPE,AECI,1608141600,192.202,215.454,3
0,3,EPE,AECI,1577836800,202.093,202.093,0
0,3,EPE,AECI,1579154400,207.289,207.289,0
0,3,EPE,AECI,1580472000,169.063,181.504,1
0,3,EPE,AECI,1581789600,175.974,175.974,0
0,3,EPE,AECI,1583107200,202.541,202.541,0
0,3,EPE,AECI,1584424800,197.555,204.307,1
0,3,EPE,AECI,1585742400,134.461,164.605,4
0,3,EPE,AECI,1587060000,171.684,171.684,0
0,3,EPE,AECI,1588377600,183.602,183.602,0
0,3,EPE,AECI,1589695200,187.669,189.282,1
0,3,EPE,AECI,1591012800,153.161,195.852,1
0,3,EPE,AECI,1592330400,162.322,195.157,2
0,3,EPE,AECI,1593648000,198.016,198.016,0
0,3,EPE,AECI,1594965600,203.077,209.436,3
0,3,EPE,AECI,1596283200,192.335,204.715,1
0,3,EPE,AECI,1597600800,214.763,214.763,0
0,3,EPE,AECI,1598918400,202.715,203.471,2
0,3,EPE,AECI,1600236000,199.728,199.728,0
0,3,EPE,AECI,1601553600,195.18,220.07,1
0,3,EPE,AECI,1602871200,181.472,223.978,2
0,3,EPE,AECI,1604188800,214.945,214.945,0
0,3,EPE,AECI,1605506400,198.444,203.959,1
0,3,EPE,AECI,1606824000,196.019,198.83,2
0,3,EPE,AECI,1608141600,211.357,215.454,2
0,4,EPE,AECI,1577836800,171.816,202.093,1
0,4,EPE,AECI,1579154400,185.507,207.289,1
0,4,EPE,AECI,1580472000,173.278,181.504,1
0,4,EPE,AECI,1581789600,177.092,175.974,1
0,4,EPE,AECI,1583107200,178.069,202.541,1
0,4,EPE,AECI,1584424800,174.796,204.307,1
0,4,EPE,AECI,1585742400,130.455,164.605,1
0,4,EPE,AECI,1587060000,146.488,171.684,1
0,4,EPE,AECI,1588377600,154.271,183.602,1
0,4,EPE,AECI,1589695200,159.254,189.282,1
0,4,EPE,AECI,1591012800,153.161,195.852,1
0,4,EPE,AECI,1592330400,158.971,195.157,1
0,4,EPE,AECI,1593648000,183.984,198.016,1
0,4,EPE,AECI,1594965600,176.4,209.436,1
0,4,EPE,AECI,1596283200,181.676,204.715,1
0,4,EPE,AECI,1597600800,200.874,214.763,2
0,4,EPE,AECI,1598918400,180.577,203.471,1
0,4,EPE,AECI,1600236000,203.706,199.728,1
0,4,EPE,AECI,1601553600,184.158,220.07,1
0,4,EPE,AECI,1602871200,179.135,223.978,1
0,4,EPE,AECI,1604188800,213.305,214.945,1
0,4,EPE,AECI,1605506400,202.494,203.959,1
0,4,EPE,AECI,1606824000,194.712,198.83,3
0,4,EPE,AECI,1608141600,194.22,215.454,1
0,5,EPE,AECI,1577836800,171.773,202.093,3
0,5,EPE,AECI,1579154400,184.627,207.289,5
0,5,EPE,AECI,1580472000,167.253,181.504,5
0,5,EPE,AECI,1581789600,172.856,175.974,6
0,5,EPE,AECI,1583107200,172.923,202.541,5
0,5,EPE,AECI,1584424800,174.326,204.307,5
0,5,EPE,AECI,1585742400,130.455,164.605,1
0,5,EPE,AECI,1587060000,145.18,171.684,3
0,5,EPE,AECI,1588377600,152.232,183.602,5
0,5,EPE,AECI,1589695200,158.702,189.282,3
0,5,EPE,AECI,1591012800,153.161,195.852,1
0,5,EPE,AECI,1592330400,158.952,195.157,1
0,5,EPE,AECI,1593648000,182.251,198.016,7
0,5,EPE,AECI,1594965600,176.4,209.436,1
0,5,EPE,AECI,1596283200,181.105,204.715,3
0,5,EPE,AECI,1597600800,198.895,214.763,4
0,5,EPE,AECI,1598918400,180.423,203.471,5
0,5,EPE,AECI,1600236000,190.919,199.728,5
0,5,EPE,AECI,1601553600,183.594,220.07,5
0,5,EPE,AECI,1602871200,179.059,223.978,5
0,5,EPE,AECI,1604188800,200.003,214.945,5
0,5,EPE,AECI,1605506400,192.96,203.959,9
0,5,EPE,AECI,1606824000,186.675,198.83,5
0,5,EPE,AECI,1608141600,191.681,215.454,3
0,6,EPE,AECI,1577836800,171.816,202.093,1
0,6,EPE,AECI,1579154400,185.507,207.289,1
0,6,EPE,AECI,1580472000,176.5,181.504,1
0,6,EPE,AECI,1581789600,175.974,175.974,0
0,6,EPE,AECI,1583107200,178.069,202.541,1
0,6,EPE,AECI,1584424800,174.796,204.307,1
0,6,EPE,AECI,1585742400,130.455,164.605,1
0,6,EPE,AECI,1587060000,146.488,171.684,1
0,6,EPE,AECI,1588377600,154.271,183.602,1
0,6,EPE,AECI,1589695200,159.254,189.282,1
0,6,EPE,AECI,1591012800,153.161,195.852,1
0,6,EPE,AECI,1592330400,158.971,195.157,1
0,6,EPE,AECI,1593648000,183.984,198.016,1
0,6,EPE,AECI,1594965600,176.4,209.436,1
0,6,EPE,AECI,1596283200,181.676,204.715,1
0,6,EPE,AECI,1597600800,201.24,214.763,1
0,6,EPE,AECI,1598918400,180.577,203.471,1
0,6,EPE,AECI,1600236000,199.728,199.728,0
0,6,EPE,AECI,1601553600,184.158,220.07,1
0,6,EPE,AECI,1602871200,179.135,223.978,1
0,6,EPE,AECI,1604188800,214.945,214.945,0
0,6,EPE,AECI,1605506400,198.697,203.959,1
0,6,EPE,AECI,1606824000,193.878,198.83,1
0,6,EPE,AECI,1608141600,194.22,215.454,1
0,1,EPE,PSCO,1577836800,202.093,202.093,0
0,1,EPE,PSCO,1579154400,207.289,207.289,0
0,1,EPE,PSCO,1580472000,181.504,181.504,0
0,1,EPE,PSCO,1581789600,175.974,175.974,0
0,1,EPE,PSCO,1583107200,202.541,202.541,0
0,1,EPE,PSCO,1584424800,204.307,204.307,0
0,1,EPE,PSCO,1585742400,164.605,164.605,0
0,1,EPE,PSCO,1587060000,171.684,171.684,0
0,1,EPE,PSCO,1588377600,183.602,183.602,0
0,1,EPE,PSCO,1589695200,189.282,189.282,0
0,1,EPE,PSCO,1591012800,195.852,195.852,0
0,1,EPE,PSCO,1592330400,195.157,195.157,0
0,1,EPE,PSCO,1593648000,198.016,198.016,0
0,1,EPE,PSCO,1594965600,209.436,209.436,0
0,1,EPE,PSCO,1596283200,204.715,204.715,0
0,1,EPE,PSCO,1597600800,214.763,214.763,0
0,1,EPE,PSCO,1598918400,203.471,203.471,0
0,1,EPE,PSCO,1600236000,199.728,199.728,0
0,1,EPE,PSCO,1601553600,220.07,220.07,0
0,1,EPE,PSCO,1602871200,223.978,223.978,0
0,1,EPE,PSCO,1604188800,214.945,214.945,0
0,1,EPE,PSCO,1605506400,203.959,203.959,0
0,1,EPE,PSCO,1606824000,198.83,198.83,0
0,1,EPE,PSCO,1608141600,215.454,215.454,0
0,2,EPE,PSCO,1577836800,190.772,202.093,4
0,2,EPE,PSCO,1579154400,168.942,207.289,5
0,2,EPE,PSCO,1580472000,164.986,181.504,9
0,2,EPE,PSCO,1581789600,174.551,175.974,4
0,2,EPE,PSCO,1583107200,191.573,202.541,5
0,2,EPE,PSCO,1584424800,200.108,204.307,5
0,2,EPE,PSCO,1585742400,160.206,164.605,2
0,2,EPE,PSCO,1587060000,170.127,171.684,2
0,2,EPE,PSCO,1588377600,174.495,183.602,6
0,2,EPE,PSCO,1589695200,165.118,189.282,3
0,2,EPE,PSCO,1591012800,196.27,195.852,4
0,2,EPE,PSCO,1592330400,174.362,195.157,3
0,2,EPE,PSCO,1593648000,175.553,198.016,5
0,2,EPE,PSCO,1594965600,199.108,209.436,5
0,2,EPE,PSCO,1596283200,189.489,204.715,5
0,2,EPE,PSCO,1597600800,185.673,214.763,4
0,2,EPE,PSCO,1598918400,201.456,203.471,2
0,2,EPE,PSCO,1600236000,169.565,199.728,5
0,2,EPE,PSCO,1601553600,190.787,220.07,7
0,2,EPE,PSCO,1602871200,198.081,223.978,6
0,2,EPE,PSCO,1604188800,208.19,214.945,6
0,2,EPE,PSCO,1605506400,191.016,203.959,5
0,2,EPE,PSCO,1606824000,148.392,198.83,1
0,2,EPE,PSCO,1608141600,173.569,215.454,1
0,3,EPE,PSCO,1577836800,200.894,202.093,2
0,3,EPE,PSCO,1579154400,168.834,207.289,1
0,3,EPE,PSCO,1580472000,166.526,181.504,1
0,3,EPE,PSCO,1581789600,175.152,175.974,2
0,3,EPE,PSCO,1583107200,196.012,202.541,1
0,3,EPE,PSCO,1584424800,203.105,204.307,1
0,3,EPE,PSCO,1585742400,164.605,164.605,0
0,3,EPE,PSCO,1587060000,171.684,171.684,0
0,3,EPE,PSCO,1588377600,183.602,183.602,0
0,3,EPE,PSCO,1589695200,174.089,189.282,1
0,3,EPE,PSCO,1591012800,195.852,195.852,0
0,3,EPE,PSCO,1592330400,180.091,195.157,1
0,3,EPE,PSCO,1593648000,179.612,198.016,3
0,3,EPE,PSCO,1594965600,208.434,209.436,1
0,3,EPE,PSCO,1596283200,201.382,204.715,1
0,3,EPE,PSCO,1597600800,187.559,214.763,2
0,3,EPE,PSCO,1598918400,203.471,203.471,0
0,3,EPE,PSCO,1600236000,174.789,199.728,1
0,3,EPE,PSCO,1601553600,196.268,220.07,1
0,3,EPE,PSCO,1602871200,202.209,223.978,2
0,3,EPE,PSCO,1604188800,214.945,214.945,0
0,3,EPE,PSCO,1605506400,198.938,203.959,5
0,3,EPE,PSCO,1606824000,148.392,198.83,1
0,3,EPE,PSCO,1608141600,173.569,215.454,1
0,4,EPE,PSCO,1577836800,197.714,202.093,2
0,4,EPE,PSCO,1579154400,168.834,207.289,1
0,4,EPE,PSCO,1580472000,166.526,181.504,1
0,4,EPE,PSCO,1581789600,175.974,175.974,0
0,4,EPE,PSCO,1583107200,195.595,202.541,1
0,4,EPE,PSCO,1584424800,204.307,204.307,0
0,4,EPE,PSCO,1585742400,164.605,164.605,0
0,4,EPE,PSCO,1587060000,171.684,171.684,0
0,4,EPE,PSCO,1588377600,182.271,183.602,3
0,4,EPE,PSCO,1589695200,171.864,189.282,1
0,4,EPE,PSCO,1591012800,195.852,195.852,0
0,4,EPE,PSCO,1592330400,185.02,195.157,2
0,4,EPE,PSCO,1593648000,180.666,198.016,1
0,4,EPE,PSCO,1594965600,209.436,209.436,0
0,4,EPE,PSCO,1596283200,192.314,204.715,1
0,4,EPE,PSCO,1597600800,191.261,214.763,2
0,4,EPE,PSCO,1598918400,213.983,203.471,1
0,4,EPE,PSCO,1600236000,174.789,199.728,1
0,4,EPE,PSCO,1601553600,196.268,220.07,1
0,4,EPE,PSCO,1602871200,203.995,223.978,1
0,4,EPE,PSCO,1604188800,214.945,214.945,0
0,4,EPE,PSCO,1605506400,201.705,203.959,5
0,4,EPE,PSCO,1606824000,148.392,198.83,1
0,4,EPE,PSCO,1608141600,173.569,215.454,1
0,5,EPE,PSCO,1577836800,189.892,202.093,4
0,5,EPE,PSCO,1579154400,167.23,207.289,5
0,5,EPE,PSCO,1580472000,164.332,181.504,9
0,5,EPE,PSCO,1581789600,174.066,175.974,5
0,5,EPE,PSCO,1583107200,190.494,202.541,5
0,5,EPE,PSCO,1584424800,199.372,204.307,6
0,5,EPE,PSCO,1585742400,159.24,164.605,2
0,5,EPE,PSCO,1587060000,169.781,171.684,2
0,5,EPE,PSCO,1588377600,173.724,183.602,7
0,5,EPE,PSCO,1589695200,164.694,189.282,3
0,5,EPE,PSCO,1591012800,195.733,195.852,2
0,5,EPE,PSCO,1592330400,173.248,195.157,3
0,5,EPE,PSCO,1593648000,174.917,198.016,5
0,5,EPE,PSCO,1594965600,198.413,209.436,5
0,5,EPE,PSCO,1596283200,189.077,204.715,5
0,5,EPE,PSCO,1597600800,185.285,214.763,4
0,5,EPE,PSCO,1598918400,201.305,203.471,2
0,5,EPE,PSCO,1600236000,168.804,199.728,5
0,5,EPE,PSCO,1601553600,189.185,220.07,7
0,5,EPE,PSCO,1602871200,197.316,223.978,6
0,5,EPE,PSCO,1604188800,207.32,214.945,6
0,5,EPE,PSCO,1605506400,190.7,203.959,5
0,5,EPE,PSCO,1606824000,148.392,198.83,1
0,5,EPE,PSCO,1608141600,173.569,215.454,1
0,6,EPE,PSCO,1577836800,196.861,202.093,1
0,6,EPE,PSCO,1579154400,168.834,207.289,1
0,6,EPE,PSCO,1580472000,166.526,181.504,1
0,6,EPE,PSCO,1581789600,175.974,175.974,0
0,6,EPE,PSCO,1583107200,196.012,202.541,1
0,6,EPE,PSCO,1584424800,204.307,204.307,0
0,6,EPE,PSCO,1585742400,164.605,164.605,0
0,6,EPE,PSCO,1587060000,171.684,171.684,0
0,6,EPE,PSCO,1588377600,183.602,183.602,0
0,6,EPE,PSCO,1589695200,174.089,189.282,1
0,6,EPE,PSCO,1591012800,195.852,195.852,0
0,6,EPE,PSCO,1592330400,180.091,195.157,1
0,6,EPE,PSCO,1593648000,180.666,198.016,1
0,6,EPE,PSCO,1594965600,209.436,209.436,0
0,6,EPE,PSCO,1596283200,199.798,204.715,1
0,6,EPE,PSCO,1597600800,189.247,214.763,1
0,6,EPE,PSCO,1598918400,203.471,203.471,0
0,6,EPE,PSCO,1600236000,174.789,199.728,1
0,6,EPE,PSCO,1601553600,196.268,220.07,1
0,6,EPE,PSCO,1602871200,203.995,223.978,1
0,6,EPE,PSCO,1604188800,214.945,214.945,0
0,6,EPE,PSCO,1605506400,198.777,203.959,1
0,6,EPE,PSCO,1606824000,148.392,198.83,1
0,6,EPE,PSCO,1608141600,173.569,215.454,1
0,1,PACE,AECI,1577836800,222.045,222.045,0
0,1,PACE,AECI,1579154400,234.433,234.433,0
0,1,PACE,AECI,1580472000,198.311,198.311,0
0,1,PACE,AECI,1581789600,196.827,196.827,0
0,1,PACE,AECI,1583107200,208.975,208.975,0
0,1,PACE,AECI,1584424800,252.452,252.452,0
0,1,PACE,AECI,1585742400,225.822,225.822,0
0,1,PACE,AECI,1587060000,224.401,224.401,0
0,1,PACE,AECI,1588377600,195.688,195.688,0
0,1,PACE,AECI,1589695200,218.514,218.514,0
0,1,PACE,AECI,1591012800,230.978,230.978,0
0,1,PACE,AECI,1592330400,200.767,200.767,0
0,1,PACE,AECI,1593648000,211.4,211.4,0
0,1,PACE,AECI,1594965600,197.864,197.864,0
0,1,PACE,AECI,1596283200,232.915,232.915,0
0,1,PACE,AECI,1597600800,252.895,252.895,0
0,1,PACE,AECI,1598918400,239.903,239.903,0
0,1,PACE,AECI,1600236000,257.912,257.912,0
0,1,PACE,AECI,1601553600,250.583,250.583,0
0,1,PACE,AECI,1602871200,211.548,211.548,0
0,1,PACE,AECI,1604188800,258.098,258.098,0
0,1,PACE,AECI,1605506400,230.758,230.758,0
0,1,PACE,AECI,1606824000,241.036,241.036,0
0,1,PACE,AECI,1608141600,221.431,221.431,0
0,2,PACE,AECI,1577836800,172.064,222.045,3
0,2,PACE,AECI,1579154400,186.8,234.433,3
0,2,PACE,AECI,1580472000,172.285,198.311,5
0,2,PACE,AECI,1581789600,179.06,196.827,4
0,2,PACE,AECI,1583107200,169.462,208.975,4
0,2,PACE,AECI,1584424800,176.008,252.452,1
0,2,PACE,AECI,1585742400,131.605,225.822,1
0,2,PACE,AECI,1587060000,147.971,224.401,3
0,2,PACE,AECI,1588377600,145.753,195.688,4
0,2,PACE,AECI,1589695200,160.88,218.514,3
0,2,PACE,AECI,1591012800,153.854,230.978,1
0,2,PACE,AECI,1592330400,153.699,200.767,3
0,2,PACE,AECI,1593648000,179.288,211.4,7
0,2,PACE,AECI,1594965600,173.715,197.864,7
0,2,PACE,AECI,1596283200,182.688,232.915,3
0,2,PACE,AECI,1597600800,202.044,252.895,1
0,2,PACE,AECI,1598918400,181.414,239.903,1
0,2,PACE,AECI,1600236000,204.809,257.912,1
0,2,PACE,AECI,1601553600,185.367,250.583,3
0,2,PACE,AECI,1602871200,174.875,211.548,8
0,2,PACE,AECI,1604188800,215.628,258.098,3
0,2,PACE,AECI,1605506400,203.748,230.758,5
0,2,PACE,AECI,1606824000,198.471,241.036,7
0,2,PACE,AECI,1608141600,193.95,221.431,5
0,3,PACE,AECI,1577836800,185.726,222.045,2
0,3,PACE,AECI,1579154400,209.479,234.433,5
0,3,PACE,AECI,1580472000,184.06,198.311,1
0,3,PACE,AECI,1581789600,196.827,196.827,0
0,3,PACE,AECI,1583107200,208.975,208.975,0
0,3,PACE,AECI,1584424800,176.008,252.452,1
0,3,PACE,AECI,1585742400,131.605,225.822,1
0,3,PACE,AECI,1587060000,147.957,224.401,1
0,3,PACE,AECI,1588377600,181.909,195.688,2
0,3,PACE,AECI,1589695200,163.639,218.514,3
0,3,PACE,AECI,1591012800,153.854,230.978,1
0,3,PACE,AECI,1592330400,158.742,200.767,1
0,3,PACE,AECI,1593648000,211.4,211.4,0
0,3,PACE,AECI,1594965600,185.465,197.864,1
0,3,PACE,AECI,1596283200,182.51,232.915,1
0,3,PACE,AECI,1597600800,209.889,252.895,4
0,3,PACE,AECI,1598918400,185.9,239.903,4
0,3,PACE,AECI,1600236000,219.559,257.912,3
0,3,PACE,AECI,1601553600,185.364,250.583,1
0,3,PACE,AECI,1602871200,190.033,211.548,4
0,3,PACE,AECI,1604188800,243.417,258.098,2
0,3,PACE,AECI,1605506400,220.299,230.758,1
0,3,PACE,AECI,1606824000,213.045,241.036,5
0,3,PACE,AECI,1608141600,202.965,221.431,1
0,4,PACE,AECI,1577836800,172.046,222.045,1
0,4,PACE,AECI,1579154400,186.793,234.433,1
0,4,PACE,AECI,1580472000,179.671,198.311,1
0,4,PACE,AECI,1581789600,188.938,196.827,3
0,4,PACE,AECI,1583107200,179.382,208.975,1
0,4,PACE,AECI,1584424800,176.008,252.452,1
0,4,PACE,AECI,1585742400,131.605,225.822,1
0,4,PACE,AECI,1587060000,147.957,224.401,1
0,4,PACE,AECI,1588377600,155.186,195.688,1
0,4,PACE,AECI,1589695200,160.249,218.514,1
0,4,PACE,AECI,1591012800,153.854,230.978,1
0,4,PACE,AECI,1592330400,158.742,200.767,1
0,4,PACE,AECI,1593648000,183.339,211.4,1
0,4,PACE,AECI,1594965600,175.863,197.864,1
0,4,PACE,AECI,1596283200,182.51,232.915,1
0,4,PACE,AECI,1597600800,202.044,252.895,1
0,4,PACE,AECI,1598918400,181.414,239.903,1
0,4,PACE,AECI,1600236000,204.809,257.912,1
0,4,PACE,AECI,1601553600,185.364,250.583,1
0,4,PACE,AECI,1602871200,178.777,211.548,1
0,4,PACE,AECI,1604188800,220.361,258.098,1
0,4,PACE,AECI,1605506400,205.747,230.758,1
0,4,PACE,AECI,1606824000,197.739,241.036,1
0,4,PACE,AECI,1608141600,194.5,221.431,1
0,5,PACE,AECI,1577836800,172.02,222.045,3
0,5,PACE,AECI,1579154400,186.778,234.433,3
0,5,PACE,AECI,1580472000,170.986,198.311,5
0,5,PACE,AECI,1581789600,178.397,196.827,4
0,5,PACE,AECI,1583107200,168.941,208.975,4
0,5,PACE,AECI,1584424800,176.008,252.452,1
0,5,PACE,AECI,1585742400,131.605,225.822,1
0,5,PACE,AECI,1587060000,147.912,224.401,3
0,5,PACE,AECI,1588377600,144.9,195.688,4
0,5,PACE,AECI,1589695200,160.091,218.514,3
0,5,PACE,AECI,1591012800,153.854,230.978,1
0,5,PACE,AECI,1592330400,153.185,200.767,3
0,5,PACE,AECI,1593648000,177.628,211.4,7
0,5,PACE,AECI,1594965600,171.594,197.864,7
0,5,PACE,AECI,1596283200,182.505,232.915,3
0,5,PACE,AECI,1597600800,202.044,252.895,1
0,5,PACE,AECI,1598918400,181.414,239.903,1
0,5,PACE,AECI,1600236000,204.809,257.912,1
0,5,PACE,AECI,1601553600,185.36,250.583,3
0,5,PACE,AECI,1602871200,173.732,211.548,6
0,5,PACE,AECI,1604188800,215.291,258.098,3
0,5,PACE,AECI,1605506400,203.014,230.758,5
0,5,PACE,AECI,1606824000,197.555,241.036,7
0,5,PACE,AECI,1608141600,193.483,221.431,5
0,6,PACE,AECI,1577836800,172.046,222.045,1
0,6,PACE,AECI,1579154400,186.793,234.433,1
0,6,PACE,AECI,1580472000,179.671,198.311,1
0,6,PACE,AECI,1581789600,189.384,196.827,1
0,6,PACE,AECI,1583107200,174.761,208.975,2
0,6,PACE,AECI,1584424800,176.008,252.452,1
0,6,PACE,AECI,1585742400,131.605,225.822,1
0,6,PACE,AECI,1587060000,147.957,224.401,1
0,6,PACE,AECI,1588377600,150.467,195.688,2
0,6,PACE,AECI,1589695200,160.249,218.514,1
0,6,PACE,AECI,1591012800,153.854,230.978,1
0,6,PACE,AECI,1592330400,158.742,200.767,1
0,6,PACE,AECI,1593648000,183.339,211.4,1
0,6,PACE,AECI,1594965600,175.863,197.864,1
0,6,PACE,AECI,1596283200,182.51,232.915,1
0,6,PACE,AECI,1597600800,202.044,252.895,1
0,6,PACE,AECI,1598918400,181.414,239.903,1
0,6,PACE,AECI,1600236000,204.809,257.912,1
0,6,PACE,AECI,1601553600,185.364,250.583,1
0,6,PACE,AECI,1602871200,178.777,211.548,1
0,6,PACE,AECI,1604188800,220.361,258.098,1
0,6,PACE,AECI,1605506400,205.747,230.758,1
0,6,PACE,AECI,1606824000,197.739,241.036,1
0,6,PACE,AECI,1608141600,194.5,221.431,1
0,1,PACE,PSCO,1577836800,222.045,222.045,0
0,1,PACE,PSCO,1579154400,234.433,234.433,0
0,1,PACE,PSCO,1580472000,198.311,198.311,0
0,1,PACE,PSCO,1581789600,196.827,196.827,0
0,1,PACE,PSCO,1583107200,208.975,208.975,0
0,1,PACE,PSCO,1584424800,252.452,252.452,0
0,1,PACE,PSCO,1585742400,225.822,225.822,0
0,1,PACE,PSCO,1587060000,224.401,224.401,0
0,1,PACE,PSCO,1588377600,195.688,195.688,0
0,1,PACE,PSCO,1589695200,218.514,218.514,0
0,1,PACE,PSCO,1591012800,230.978,230.978,0
0,1,PACE,PSCO,1592330400,200.767,200.767,0
0,1,PACE,PSCO,1593648000,211.4,211.4,0
0,1,PACE,PSCO,1594965600,197.864,197.864,0
0,1,PACE,PSCO,1596283200,232.915,232.915,0
0,1,PACE,PSCO,1597600800,252.895,252.895,0
0,1,PACE,PSCO,1598918400,239.903,239.903,0
0,1,PACE,PSCO,1600236000,257.912,257.912,0
0,1,PACE,PSCO,1601553600,250.583,250.583,0
0,1,PACE,PSCO,1602871200,211.548,211.548,0
0,1,PACE,PSCO,1604188800,258.098,258.098,0
0,1,PACE,PSCO,1605506400,230.758,230.758,0
0,1,PACE,PSCO,1606824000,241.036,241.036,0
0,1,PACE,PSCO,1608141600,221.431,221.431,0
0,2,PACE,PSCO,1577836800,200.987,222.045,6
0,2,PACE,PSCO,1579154400,170.798,234.433,7
0,2,PACE,PSCO,1580472000,166.195,198.311,5
0,2,PACE,PSCO,1581789600,186.444,196.827,5
0,2,PACE,PSCO,1583107200,193.631,208.975,8
0,2,PACE,PSCO,1584424800,222.03,252.452,3
0,2,PACE,PSCO,1585742400,193.7,225.822,5
0,2,PACE,PSCO,1587060000,204.86,224.401,8
0,2,PACE,PSCO,1588377600,170.65,195.688,6
0,2,PACE,PSCO,1589695200,170.929,218.514,3
0,2,PACE,PSCO,1591012800,213.413,230.978,3
0,2,PACE,PSCO,1592330400,162.974,200.767,3
0,2,PACE,PSCO,1593648000,172.011,211.4,5
0,2,PACE,PSCO,1594965600,192.796,197.864,9
0,2,PACE,PSCO,1596283200,198.919,232.915,5
0,2,PACE,PSCO,1597600800,190.05,252.895,1
0,2,PACE,PSCO,1598918400,228.039,239.903,6
0,2,PACE,PSCO,1600236000,176.184,257.912,1
0,2,PACE,PSCO,1601553600,196.913,250.583,5
0,2,PACE,PSCO,1602871200,190.527,211.548,4
0,2,PACE,PSCO,1604188800,225.945,258.098,3
0,2,PACE,PSCO,1605506400,200.549,230.758,5
0,2,PACE,PSCO,1606824000,149.573,241.036,1
0,2,PACE,PSCO,1608141600,173.85,221.431,1
0,3,PACE,PSCO,1577836800,201.185,222.045,2
0,3,PACE,PSCO,1579154400,170.121,234.433,1
0,3,PACE,PSCO,1580472000,166.736,198.311,1
0,3,PACE,PSCO,1581789600,195.232,196.827,1
0,3,PACE,PSCO,1583107200,196.418,208.975,2
0,3,PACE,PSCO,1584424800,221.214,252.452,1
0,3,PACE,PSCO,1585742400,196.656,225.822,1
0,3,PACE,PSCO,1587060000,210.716,224.401,2
0,3,PACE,PSCO,1588377600,182.759,195.688,2
0,3,PACE,PSCO,1589695200,175.085,218.514,1
0,3,PACE,PSCO,1591012800,221.637,230.978,1
0,3,PACE,PSCO,1592330400,179.862,200.767,1
0,3,PACE,PSCO,1593648000,178.48,211.4,3
0,3,PACE,PSCO,1594965600,196.743,197.864,1
0,3,PACE,PSCO,1596283200,202.216,232.915,1
0,3,PACE,PSCO,1597600800,190.05,252.895,1
0,3,PACE,PSCO,1598918400,233.983,239.903,2
0,3,PACE,PSCO,1600236000,176.184,257.912,1
0,3,PACE,PSCO,1601553600,197.475,250.583,1
0,3,PACE,PSCO,1602871200,198.832,211.548,4
0,3,PACE,PSCO,1604188800,227.252,258.098,1
0,3,PACE,PSCO,1605506400,203.864,230.758,1
0,3,PACE,PSCO,1606824000,149.573,241.036,1
0,3,PACE,PSCO,1608141600,173.85,221.431,1
0,4,PACE,PSCO,1577836800,202.032,222.045,1
0,4,PACE,PSCO,1579154400,170.121,234.433,1
0,4,PACE,PSCO,1580472000,166.736,198.311,1
0,4,PACE,PSCO,1581789600,193.116,196.827,1
0,4,PACE,PSCO,1583107200,198.289,208.975,3
0,4,PACE,PSCO,1584424800,221.214,252.452,1
0,4,PACE,PSCO,1585742400,196.656,225.822,1
0,4,PACE,PSCO,1587060000,214.562,224.401,3
0,4,PACE,PSCO,1588377600,189.606,195.688,3
0,4,PACE,PSCO,1589695200,175.085,218.514,1
0,4,PACE,PSCO,1591012800,220.671,230.978,1
0,4,PACE,PSCO,1592330400,194.206,200.767,3
0,4,PACE,PSCO,1593648000,180.022,211.4,1
0,4,PACE,PSCO,1594965600,198.894,197.864,3
0,4,PACE,PSCO,1596283200,202.216,232.915,1
0,4,PACE,PSCO,1597600800,190.05,252.895,1
0,4,PACE,PSCO,1598918400,234.364,239.903,5
0,4,PACE,PSCO,1600236000,176.184,257.912,1
0,4,PACE,PSCO,1601553600,197.475,250.583,1
0,4,PACE,PSCO,1602871200,209.066,211.548,3
0,4,PACE,PSCO,1604188800,227.252,258.098,1
0,4,PACE,PSCO,1605506400,203.864,230.758,1
0,4,PACE,PSCO,1606824000,149.573,241.036,1
0,4,PACE,PSCO,1608141600,173.85,221.431,1
0,5,PACE,PSCO,1577836800,199.796,222.045,6
0,5,PACE,PSCO,1579154400,169.491,234.433,7
0,5,PACE,PSCO,1580472000,165.281,198.311,5
0,5,PACE,PSCO,1581789600,185.681,196.827,5
0,5,PACE,PSCO,1583107200,192.349,208.975,9
0,5,PACE,PSCO,1584424800,221.16,252.452,3
0,5,PACE,PSCO,1585742400,192.119,225.822,5
0,5,PACE,PSCO,1587060000,203.354,224.401,8
0,5,PACE,PSCO,1588377600,169.579,195.688,6
0,5,PACE,PSCO,1589695200,169.897,218.514,3
0,5,PACE,PSCO,1591012800,213.204,230.978,3
0,5,PACE,PSCO,1592330400,162.237,200.767,3
0,5,PACE,PSCO,1593648000,170.876,211.4,5
0,5,PACE,PSCO,1594965600,191.365,197.864,9
0,5,PACE,PSCO,1596283200,198.442,232.915,5
0,5,PACE,PSCO,1597600800,190.05,252.895,1
0,5,PACE,PSCO,1598918400,227.245,239.903,6
0,5,PACE,PSCO,1600236000,176.184,257.912,1
0,5,PACE,PSCO,1601553600,195.731,250.583,5
0,5,PACE,PSCO,1602871200,189.961,211.548,4
0,5,PACE,PSCO,1604188800,225.754,258.098,3
0,5,PACE,PSCO,1605506400,199.825,230.758,5
0,5,PACE,PSCO,1606824000,149.573,241.036,1
0,5,PACE,PSCO,1608141600,173.85,221.431,1
0,6,PACE,PSCO,1577836800,202.032,222.045,1
0,6,PACE,PSCO,1579154400,170.121,234.433,1
0,6,PACE,PSCO,1580472000,166.736,198.311,1
0,6,PACE,PSCO,1581789600,192.144,196.827,1
0,6,PACE,PSCO,1583107200,197.325,208.975,1
0,6,PACE,PSCO,1584424800,221.214,252.452,1
0,6,PACE,PSCO,1585742400,196.656,225.822,1
0,6,PACE,PSCO,1587060000,211.386,224.401,1
0,6,PACE,PSCO,1588377600,180.143,195.688,2
0,6,PACE,PSCO,1589695200,175.085,218.514,1
0,6,PACE,PSCO,1591012800,221.637,230.978,1
0,6,PACE,PSCO,1592330400,179.862,200.767,1
0,6,PACE,PSCO,1593648000,180.022,211.4,1
0,6,PACE,PSCO,1594965600,197.864,197.864,0
0,6,PACE,PSCO,1596283200,202.216,232.915,1
0,6,PACE,PSCO,1597600800,190.05,252.895,1
0,6,PACE,PSCO,1598918400,231.078,239.903,2
0,6,PACE,PSCO,1600236000,176.184,257.912,1
0,6,PACE,PSCO,1601553600,197.475,250.583,1
0,6,PACE,PSCO,1602871200,197.522,211.548,2
0,6,PACE,PSCO,1604188800,227.252,258.098,1
0,6,PACE,PSCO,1605506400,203.864,230.758,1
0,6,PACE,PSCO,1606824000,149.573,241.036,1
0,6,PACE,PSCO,1608141600,173.85,221.431,1
0,1,PSCO,EPE,1577836800,201.806,201.806,0
0,1,PSCO,EPE,1579154400,168.095,168.095,0
0,1,PSCO,EPE,1580472000,165.819,165.819,0
0,1,PSCO,EPE,1581789600,208.599,208.599,0
0,1,PSCO,EPE,1583107200,195.56,195.56,0
0,1,PSCO,EPE,1584424800,221.046,221.046,0
0,1,PSCO,EPE,1585742400,196.694,196.694,0
0,1,PSCO,EPE,1587060000,211.329,211.329,0
0,1,PSCO,EPE,1588377600,184.057,184.057,0
0,1,PSCO,EPE,1589695200,174.63,174.63,0
0,1,PSCO,EPE,1591012800,220.905,220.905,0
0,1,PSCO,EPE,1592330400,179.992,179.992,0
0,1,PSCO,EPE,1593648000,180.132,180.132,0
0,1,PSCO,EPE,1594965600,212.921,212.921,0
0,1,PSCO,EPE,1596283200,202.105,202.105,0
0,1,PSCO,EPE,1597600800,189.709,189.709,0
0,1,PSCO,EPE,1598918400,234.795,234.795,0
0,1,PSCO,EPE,1600236000,174.02,174.02,0
0,1,PSCO,EPE,1601553600,195.176,195.176,0
0,1,PSCO,EPE,1602871200,202.804,202.804,0
0,1,PSCO,EPE,1604188800,225.924,225.924,0
0,1,PSCO,EPE,1605506400,203.332,203.332,0
0,1,PSCO,EPE,1606824000,147.36,147.36,0
0,1,PSCO,EPE,1608141600,172.796,172.796,0
0,2,PSCO,EPE,1577836800,190.776,201.806,5
0,2,PSCO,EPE,1579154400,168.202,168.095,4
0,2,PSCO,EPE,1580472000,164.279,165.819,8
0,2,PSCO,EPE,1581789600,175.814,208.599,5
0,2,PSCO,EPE,1583107200,191.121,195.56,4
0,2,PSCO,EPE,1584424800,201.153,221.046,6
0,2,PSCO,EPE,1585742400,161.393,196.694,3
0,2,PSCO,EPE,1587060000,171.54,211.329,3
0,2,PSCO,EPE,1588377600,174.442,184.057,5
0,2,PSCO,EPE,1589695200,165.658,174.63,4
0,2,PSCO,EPE,1591012800,196.232,220.905,3
0,2,PSCO,EPE,1592330400,174.263,179.992,2
0,2,PSCO,EPE,1593648000,175.019,180.132,4
0,2,PSCO,EPE,1594965600,198.548,212.921,4
0,2,PSCO,EPE,1596283200,190.212,202.105,6
0,2,PSCO,EPE,1597600800,186.135,189.709,5
0,2,PSCO,EPE,1598918400,200.551,234.795,1
0,2,PSCO,EPE,1600236000,168.797,174.02,4
0,2,PSCO,EPE,1601553600,189.695,195.176,6
0,2,PSCO,EPE,1602871200,196.889,202.804,5
0,2,PSCO,EPE,1604188800,207.82,225.924,5
0,2,PSCO,EPE,1605506400,190.872,203.332,4
0,2,PSCO,EPE,1606824000,147.36,147.36,0
0,2,PSCO,EPE,1608141600,172.796,172.796,0
0,3,PSCO,EPE,1577836800,200.899,201.806,1
0,3,PSCO,EPE,1579154400,168.095,168.095,0
0,3,PSCO,EPE,1580472000,165.819,165.819,0
0,3,PSCO,EPE,1581789600,176.415,208.599,3
0,3,PSCO,EPE,1583107200,195.56,195.56,0
0,3,PSCO,EPE,1584424800,204.15,221.046,2
0,3,PSCO,EPE,1585742400,165.792,196.694,1
0,3,PSCO,EPE,1587060000,173.097,211.329,1
0,3,PSCO,EPE,1588377600,183.548,184.057,1
0,3,PSCO,EPE,1589695200,174.63,174.63,0
0,3,PSCO,EPE,1591012800,195.814,220.905,1
0,3,PSCO,EPE,1592330400,179.992,179.992,0
0,3,PSCO,EPE,1593648000,179.078,180.132,2
0,3,PSCO,EPE,1594965600,207.873,212.921,2
0,3,PSCO,EPE,1596283200,202.105,202.105,0
0,3,PSCO,EPE,1597600800,188.021,189.709,1
0,3,PSCO,EPE,1598918400,202.567,234.795,1
0,3,PSCO,EPE,1600236000,174.02,174.02,0
0,3,PSCO,EPE,1601553600,195.176,195.176,0
0,3,PSCO,EPE,1602871200,201.017,202.804,1
0,3,PSCO,EPE,1604188800,214.575,225.924,1
0,3,PSCO,EPE,1605506400,198.795,203.332,4
0,3,PSCO,EPE,1606824000,147.36,147.36,0
0,3,PSCO,EPE,1608141600,172.796,172.796,0
0,4,PSCO,EPE,1577836800,197.719,201.806,3
0,4,PSCO,EPE,1579154400,168.095,168.095,0
0,4,PSCO,EPE,1580472000,165.819,165.819,0
0,4,PSCO,EPE,1581789600,177.236,208.599,1
0,4,PSCO,EPE,1583107200,195.143,195.56,2
0,4,PSCO,EPE,1584424800,205.351,221.046,1
0,4,PSCO,EPE,1585742400,165.792,196.694,1
0,4,PSCO,EPE,1587060000,173.097,211.329,1
0,4,PSCO,EPE,1588377600,182.218,184.057,2
0,4,PSCO,EPE,1589695200,172.405,174.63,2
0,4,PSCO,EPE,1591012800,195.814,220.905,1
0,4,PSCO,EPE,1592330400,184.921,179.992,1
0,4,PSCO,EPE,1593648000,180.132,180.132,0
0,4,PSCO,EPE,1594965600,208.876,212.921,1
0,4,PSCO,EPE,1596283200,193.036,202.105,2
0,4,PSCO,EPE,1597600800,191.723,189.709,1
0,4,PSCO,EPE,1598918400,213.079,234.795,2
0,4,PSCO,EPE,1600236000,174.02,174.02,0
0,4,PSCO,EPE,1601553600,195.176,195.176,0
0,4,PSCO,EPE,1602871200,202.804,202.804,0
0,4,PSCO,EPE,1604188800,214.575,225.924,1
0,4,PSCO,EPE,1605506400,201.562,203.332,4
0,4,PSCO,EPE,1606824000,147.36,147.36,0
0,4,PSCO,EPE,1608141600,172.796,172.796,0
0,5,PSCO,EPE,1577836800,189.896,201.806,5
0,5,PSCO,EPE,1579154400,166.49,168.095,4
0,5,PSCO,EPE,1580472000,163.625,165.819,8
0,5,PSCO,EPE,1581789600,175.329,208.599,6
0,5,PSCO,EPE,1583107200,190.041,195.56,4
0,5,PSCO,EPE,1584424800,200.417,221.046,7
0,5,PSCO,EPE,1585742400,160.428,196.694,3
0,5,PSCO,EPE,1587060000,171.194,211.329,3
0,5,PSCO,EPE,1588377600,173.671,184.057,6
0,5,PSCO,EPE,1589695200,165.235,174.63,4
0,5,PSCO,EPE,1591012800,195.695,220.905,3
0,5,PSCO,EPE,1592330400,173.148,179.992,2
0,5,PSCO,EPE,1593648000,174.383,180.132,4
0,5,PSCO,EPE,1594965600,197.852,212.921,4
0,5,PSCO,EPE,1596283200,189.799,202.105,6
0,5,PSCO,EPE,1597600800,185.747,189.709,5
0,5,PSCO,EPE,1598918400,200.4,234.795,1
0,5,PSCO,EPE,1600236000,168.036,174.02,4
0,5,PSCO,EPE,1601553600,188.092,195.176,6
0,5,PSCO,EPE,1602871200,196.125,202.804,5
0,5,PSCO,EPE,1604188800,206.95,225.924,5
0,5,PSCO,EPE,1605506400,190.557,203.332,4
0,5,PSCO,EPE,1606824000,147.36,147.36,0
0,5,PSCO,EPE,1608141600,172.796,172.796,0
0,6,PSCO,EPE,1577836800,201.806,201.806,0
0,6,PSCO,EPE,1579154400,168.095,168.095,0
0,6,PSCO,EPE,1580472000,165.819,165.819,0
0,6,PSCO,EPE,1581789600,177.236,208.599,1
0,6,PSCO,EPE,1583107200,195.56,195.56,0
0,6,PSCO,EPE,1584424800,205.351,221.046,1
0,6,PSCO,EPE,1585742400,165.792,196.694,1
0,6,PSCO,EPE,1587060000,173.097,211.329,1
0,6,PSCO,EPE,1588377600,179.896,184.057,1
0,6,PSCO,EPE,1589695200,174.63,174.63,0
0,6,PSCO,EPE,1591012800,195.814,220.905,1
0,6,PSCO,EPE,1592330400,179.992,179.992,0
0,6,PSCO,EPE,1593648000,180.132,180.132,0
0,6,PSCO,EPE,1594965600,207.884,212.921,1
0,6,PSCO,EPE,1596283200,202.105,202.105,0
0,6,PSCO,EPE,1597600800,189.709,189.709,0
0,6,PSCO,EPE,1598918400,202.567,234.795,1
0,6,PSCO,EPE,1600236000,174.02,174.02,0
0,6,PSCO,EPE,1601553600,195.176,195.176,0
0,6,PSCO,EPE,1602871200,202.804,202.804,0
0,6,PSCO,EPE,1604188800,214.575,225.924,1
0,6,PSCO,EPE,1605506400,203.332,203.332,0
0,6,PSCO,EPE,1606824000,147.36,147.36,0
0,6,PSCO,EPE,1608141600,172.796,172.796,0
0,1,PSCO,PACE,1577836800,201.806,201.806,0
0,1,PSCO,PACE,1579154400,168.095,168.095,0
0,1,PSCO,PACE,1580472000,165.819,165.819,0
0,1,PSCO,PACE,1581789600,208.599,208.599,0
0,1,PSCO,PACE,1583107200,195.56,195.56,0
0,1,PSCO,PACE,1584424800,221.046,221.046,0
0,1,PSCO,PACE,1585742400,196.694,196.694,0
0,1,PSCO,PACE,1587060000,211.329,211.329,0
0,1,PSCO,PACE,1588377600,184.057,184.057,0
0,1,PSCO,PACE,1589695200,174.63,174.63,0
0,1,PSCO,PACE,1591012800,220.905,220.905,0
0,1,PSCO,PACE,1592330400,179.992,179.992,0
0,1,PSCO,PACE,1593648000,180.132,180.132,0
0,1,PSCO,PACE,1594965600,212.921,212.921,0
0,1,PSCO,PACE,1596283200,202.105,202.105,0
0,1,PSCO,PACE,1597600800,189.709,189.709,0
0,1,PSCO,PACE,1598918400,234.795,234.795,0
0,1,PSCO,PACE,1600236000,174.02,174.02,0
0,1,PSCO,PACE,1601553600,195.176,195.176,0
0,1,PSCO,PACE,1602871200,202.804,202.804,0
0,1,PSCO,PACE,1604188800,225.924,225.924,0
0,1,PSCO,PACE,1605506400,203.332,203.332,0
0,1,PSCO,PACE,1606824000,147.36,147.36,0
0,1,PSCO,PACE,1608141600,172.796,172.796,0
0,2,PSCO,PACE,1577836800,200.762,201.806,5
0,2,PSCO,PACE,1579154400,168.772,168.095,6
0,2,PSCO,PACE,1580472000,165.278,165.819,4
0,2,PSCO,PACE,1581789600,187.437,208.599,6
0,2,PSCO,PACE,1583107200,191.866,195.56,7
0,2,PSCO,PACE,1584424800,221.861,221.046,2
0,2,PSCO,PACE,1585742400,193.738,196.694,6
0,2,PSCO,PACE,1587060000,204.804,211.329,7
0,2,PSCO,PACE,1588377600,169.681,184.057,5
0,2,PSCO,PACE,1589695200,170.474,174.63,2
0,2,PSCO,PACE,1591012800,212.681,220.905,2
0,2,PSCO,PACE,1592330400,163.103,179.992,4
0,2,PSCO,PACE,1593648000,172.121,180.132,6
0,2,PSCO,PACE,1594965600,192.772,212.921,8
0,2,PSCO,PACE,1596283200,198.808,202.105,4
0,2,PSCO,PACE,1597600800,189.709,189.709,0
0,2,PSCO,PACE,1598918400,226.298,234.795,5
0,2,PSCO,PACE,1600236000,174.02,174.02,0
0,2,PSCO,PACE,1601553600,194.615,195.176,4
0,2,PSCO,PACE,1602871200,189.694,202.804,3
0,2,PSCO,PACE,1604188800,224.617,225.924,2
0,2,PSCO,PACE,1605506400,200.017,203.332,4
0,2,PSCO,PACE,1606824000,147.36,147.36,0
0,2,PSCO,PACE,1608141600,172.796,172.796,0
0,3,PSCO,PACE,1577836800,200.96,201.806,1
0,3,PSCO,PACE,1579154400,168.095,168.095,0
0,3,PSCO,PACE,1580472000,165.819,165.819,0
0,3,PSCO,PACE,1581789600,196.225,208.599,2
0,3,PSCO,PACE,1583107200,194.653,195.56,1
0,3,PSCO,PACE,1584424800,221.046,221.046,0
0,3,PSCO,PACE,1585742400,196.694,196.694,0
0,3,PSCO,PACE,1587060000,210.66,211.329,1
0,3,PSCO,PACE,1588377600,181.791,184.057,1
0,3,PSCO,PACE,1589695200,174.63,174.63,0
0,3,PSCO,PACE,1591012800,220.905,220.905,0
0,3,PSCO,PACE,1592330400,179.992,179.992,0
0,3,PSCO,PACE,1593648000,178.59,180.132,2
0,3,PSCO,PACE,1594965600,196.718,212.921,2
0,3,PSCO,PACE,1596283200,202.105,202.105,0
0,3,PSCO,PACE,1597600800,189.709,189.709,0
0,3,PSCO,PACE,1598918400,232.242,234.795,1
0,3,PSCO,PACE,1600236000,174.02,174.02,0
0,3,PSCO,PACE,1601553600,195.176,195.176,0
0,3,PSCO,PACE,1602871200,197.999,202.804,3
0,3,PSCO,PACE,1604188800,225.924,225.924,0
0,3,PSCO,PACE,1605506400,203.332,203.332,0
0,3,PSCO,PACE,1606824000,147.36,147.36,0
0,3,PSCO,PACE,1608141600,172.796,172.796,0
0,4,PSCO,PACE,1577836800,201.806,201.806,0
0,4,PSCO,PACE,1579154400,168.095,168.095,0
0,4,PSCO,PACE,1580472000,165.819,165.819,0
0,4,PSCO,PACE,1581789600,194.109,208.599,2
0,4,PSCO,PACE,1583107200,196.524,195.56,2
0,4,PSCO,PACE,1584424800,221.046,221.046,0
0,4,PSCO,PACE,1585742400,196.694,196.694,0
0,4,PSCO,PACE,1587060000,214.506,211.329,2
0,4,PSCO,PACE,1588377600,188.638,184.057,2
0,4,PSCO,PACE,1589695200,174.63,174.63,0
0,4,PSCO,PACE,1591012800,219.939,220.905,2
0,4,PSCO,PACE,1592330400,194.335,179.992,2
0,4,PSCO,PACE,1593648000,180.132,180.132,0
0,4,PSCO,PACE,1594965600,198.87,212.921,4
0,4,PSCO,PACE,1596283200,202.105,202.105,0
0,4,PSCO,PACE,1597600800,189.709,189.709,0
0,4,PSCO,PACE,1598918400,232.623,234.795,4
0,4,PSCO,PACE,1600236000,174.02,174.02,0
0,4,PSCO,PACE,1601553600,195.176,195.176,0
0,4,PSCO,PACE,1602871200,208.232,202.804,2
0,4,PSCO,PACE,1604188800,225.924,225.924,0
0,4,PSCO,PACE,1605506400,203.332,203.332,0
0,4,PSCO,PACE,1606824000,147.36,147.36,0
0,4,PSCO,PACE,1608141600,172.796,172.796,0
0,5,PSCO,PACE,1577836800,199.57,201.806,5
0,5,PSCO,PACE,1579154400,167.465,168.095,6
0,5,PSCO,PACE,1580472000,164.364,165.819,4
0,5,PSCO,PACE,1581789600,186.674,208.599,6
0,5,PSCO,PACE,1583107200,190.583,195.56,8
0,5,PSCO,PACE,1584424800,220.992,221.046,2
0,5,PSCO,PACE,1585742400,192.156,196.694,4
0,5,PSCO,PACE,1587060000,203.297,211.329,7
0,5,PSCO,PACE,1588377600,168.61,184.057,5
0,5,PSCO,PACE,1589695200,169.441,174.63,2
0,5,PSCO,PACE,1591012800,212.472,220.905,2
0,5,PSCO,PACE,1592330400,162.366,179.992,4
0,5,PSCO,PACE,1593648000,170.986,180.132,4
0,5,PSCO,PACE,1594965600,191.341,212.921,8
0,5,PSCO,PACE,1596283200,198.33,202.105,4
0,5,PSCO,PACE,1597600800,189.709,189.709,0
0,5,PSCO,PACE,1598918400,225.503,234.795,5
0,5,PSCO,PACE,1600236000,174.02,174.02,0
0,5,PSCO,PACE,1601553600,193.433,195.176,4
0,5,PSCO,PACE,1602871200,189.128,202.804,3
0,5,PSCO,PACE,1604188800,224.426,225.924,2
0,5,PSCO,PACE,1605506400,199.293,203.332,4
0,5,PSCO,PACE,1606824000,147.36,147.36,0
0,5,PSCO,PACE,1608141600,172.796,172.796,0
0,6,PSCO,PACE,1577836800,201.806,201.806,0
0,6,PSCO,PACE,1579154400,168.095,168.095,0
0,6,PSCO,PACE,1580472000,165.819,165.819,0
0,6,PSCO,PACE,1581789600,193.137,208.599,2
0,6,PSCO,PACE,1583107200,195.56,195.56,0
0,6,PSCO,PACE,1584424800,221.046,221.046,0
0,6,PSCO,PACE,1585742400,196.694,196.694,0
0,6,PSCO,PACE,1587060000,211.329,211.329,0
0,6,PSCO,PACE,1588377600,179.175,184.057,1
0,6,PSCO,PACE,1589695200,174.63,174.63,0
0,6,PSCO,PACE,1591012800,220.905,220.905,0
0,6,PSCO,PACE,1592330400,179.992,179.992,0
0,6,PSCO,PACE,1593648000,180.132,180.132,0
0,6,PSCO,PACE,1594965600,197.84,212.921,1
0,6,PSCO,PACE,1596283200,202.105,202.105,0
0,6,PSCO,PACE,1597600800,189.709,189.709,0
0,6,PSCO,PACE,1598918400,229.336,234.795,1
0,6,PSCO,PACE,1600236000,174.02,174.02,0
0,6,PSCO,PACE,1601553600,195.176,195.176,0
0,6,PSCO,PACE,1602871200,196.689,202.804,1
0,6,PSCO,PACE,1604188800,225.924,225.924,0
0,6,PSCO,PACE,1605506400,203.332,203.332,0
0,6,PSCO,PACE,1606824000,147.36,147.36,0
0,6,PSCO,PACE,1608141600,172.796,172.796,0
0,1,TEPC,AECI,1577836800,261.782,261.782,0
0,1,TEPC,AECI,1579154400,260.044,260.044,0
0,1,TEPC,AECI,1580472000,227.287,227.287,0
0,1,TEPC,AECI,1581789600,230.952,230.952,0
0,1,TEPC,AECI,1583107200,213.887,213.887,0
0,1,TEPC,AECI,1584424800,209.261,209.261,0
0,1,TEPC,AECI,1585742400,163.89,163.89,0
0,1,TEPC,AECI,1587060000,178.693,178.693,0
0,1,TEPC,AECI,1588377600,179.254,179.254,0
0,1,TEPC,AECI,1589695200,215.518,215.518,0
0,1,TEPC,AECI,1591012800,222.496,222.496,0
0,1,TEPC,AECI,1592330400,189.451,189.451,0
0,1,TEPC,AECI,1593648000,215.878,215.878,0
0,1,TEPC,AECI,1594965600,207.863,207.863,0
0,1,TEPC,AECI,1596283200,219.66,219.66,0
0,1,TEPC,AECI,1597600800,232.192,232.192,0
0,1,TEPC,AECI,1598918400,219.508,219.508,0
0,1,TEPC,AECI,1600236000,245.174,245.174,0
0,1,TEPC,AECI,1601553600,235.921,235.921,0
0,1,TEPC,AECI,1602871200,262.53,262.53,0
0,1,TEPC,AECI,1604188800,265.706,265.706,0
0,1,TEPC,AECI,1605506400,225.001,225.001,0
0,1,TEPC,AECI,1606824000,193.11,193.11,0
0,1,TEPC,AECI,1608141600,251.11,251.11,0
0,2,TEPC,AECI,1577836800,173.334,261.782,1
0,2,TEPC,AECI,1579154400,187.155,260.044,1
0,2,TEPC,AECI,1580472000,171.289,227.287,5
0,2,TEPC,AECI,1581789600,187.28,230.952,4
0,2,TEPC,AECI,1583107200,168.848,213.887,4
0,2,TEPC,AECI,1584424800,172.668,209.261,3
0,2,TEPC,AECI,1585742400,128.744,163.89,5
0,2,TEPC,AECI,1587060000,143.402,178.693,4
0,2,TEPC,AECI,1588377600,149.904,179.254,4
0,2,TEPC,AECI,1589695200,158.785,215.518,1
0,2,TEPC,AECI,1591012800,153.123,222.496,1
0,2,TEPC,AECI,1592330400,159.228,189.451,5
0,2,TEPC,AECI,1593648000,184.249,215.878,3
0,2,TEPC,AECI,1594965600,176.303,207.863,3
0,2,TEPC,AECI,1596283200,182.022,219.66,1
0,2,TEPC,AECI,1597600800,201.537,232.192,1
0,2,TEPC,AECI,1598918400,180.525,219.508,1
0,2,TEPC,AECI,1600236000,204.722,245.174,3
0,2,TEPC,AECI,1601553600,184.318,235.921,1
0,2,TEPC,AECI,1602871200,179.966,262.53,1
0,2,TEPC,AECI,1604188800,219.207,265.706,7
0,2,TEPC,AECI,1605506400,202.842,225.001,5
0,2,TEPC,AECI,1606824000,185.407,193.11,5
0,2,TEPC,AECI,1608141600,195.245,251.11,1
0,3,TEPC,AECI,1577836800,173.334,261.782,1
0,3,TEPC,AECI,1579154400,187.155,260.044,1
0,3,TEPC,AECI,1580472000,179.688,227.287,1
0,3,TEPC,AECI,1581789600,202.105,230.952,4
0,3,TEPC,AECI,1583107200,213.887,213.887,0
0,3,TEPC,AECI,1584424800,182.842,209.261,3
0,3,TEPC,AECI,1585742400,132.411,163.89,3
0,3,TEPC,AECI,1587060000,169.612,178.693,2
0,3,TEPC,AECI,1588377600,179.254,179.254,0
0,3,TEPC,AECI,1589695200,159.17,215.518,3
0,3,TEPC,AECI,1591012800,153.123,222.496,1
0,3,TEPC,AECI,1592330400,174.963,189.451,6
0,3,TEPC,AECI,1593648000,215.878,215.878,0
0,3,TEPC,AECI,1594965600,200.68,207.863,3
0,3,TEPC,AECI,1596283200,185.656,219.66,1
0,3,TEPC,AECI,1597600800,232.192,232.192,0
0,3,TEPC,AECI,1598918400,182.761,219.508,3
0,3,TEPC,AECI,1600236000,242.557,245.174,1
0,3,TEPC,AECI,1601553600,184.318,235.921,1
0,3,TEPC,AECI,1602871200,179.966,262.53,2
0,3,TEPC,AECI,1604188800,249.792,265.706,2
0,3,TEPC,AECI,1605506400,215.433,225.001,1
0,3,TEPC,AECI,1606824000,193.11,193.11,0
0,3,TEPC,AECI,1608141600,195.245,251.11,1
0,4,TEPC,AECI,1577836800,173.334,261.782,1
0,4,TEPC,AECI,1579154400,187.155,260.044,1
0,4,TEPC,AECI,1580472000,179.688,227.287,1
0,4,TEPC,AECI,1581789600,189.704,230.952,1
0,4,TEPC,AECI,1583107200,178.242,213.887,1
0,4,TEPC,AECI,1584424800,174.689,209.261,1
0,4,TEPC,AECI,1585742400,132.959,163.89,2
0,4,TEPC,AECI,1587060000,146.19,178.693,1
0,4,TEPC,AECI,1588377600,154.325,179.254,1
0,4,TEPC,AECI,1589695200,158.785,215.518,1
0,4,TEPC,AECI,1591012800,153.123,222.496,1
0,4,TEPC,AECI,1592330400,159.008,189.451,1
0,4,TEPC,AECI,1593648000,184.001,215.878,1
0,4,TEPC,AECI,1594965600,176.235,207.863,1
0,4,TEPC,AECI,1596283200,182.022,219.66,1
0,4,TEPC,AECI,1597600800,201.537,232.192,1
0,4,TEPC,AECI,1598918400,180.525,219.508,1
0,4,TEPC,AECI,1600236000,204.445,245.174,1
0,4,TEPC,AECI,1601553600,184.318,235.921,1
0,4,TEPC,AECI,1602871200,179.966,262.53,1
0,4,TEPC,AECI,1604188800,220.239,265.706,1
0,4,TEPC,AECI,1605506400,205.754,225.001,1
0,4,TEPC,AECI,1606824000,193.11,193.11,0
0,4,TEPC,AECI,1608141600,195.245,251.11,1
0,5,TEPC,AECI,1577836800,173.334,261.782,1
0,5,TEPC,AECI,1579154400,187.155,260.044,1
0,5,TEPC,AECI,1580472000,170.783,227.287,5
0,5,TEPC,AECI,1581789600,186.553,230.952,4
0,5,TEPC,AECI,1583107200,167.748,213.887,5
0,5,TEPC,AECI,1584424800,172.362,209.261,3
0,5,TEPC,AECI,1585742400,128.146,163.89,5
0,5,TEPC,AECI,1587060000,142.674,178.693,5
0,5,TEPC,AECI,1588377600,148.994,179.254,5
0,5,TEPC,AECI,1589695200,158.785,215.518,1
0,5,TEPC,AECI,1591012800,153.123,222.496,1
0,5,TEPC,AECI,1592330400,158.802,189.451,5
0,5,TEPC,AECI,1593648000,183.965,215.878,3
0,5,TEPC,AECI,1594965600,176.173,207.863,3
0,5,TEPC,AECI,1596283200,182.022,219.66,1
0,5,TEPC,AECI,1597600800,201.537,232.192,1
0,5,TEPC,AECI,1598918400,180.525,219.508,1
0,5,TEPC,AECI,1600236000,204.326,245.174,3
0,5,TEPC,AECI,1601553600,184.318,235.921,1
0,5,TEPC,AECI,1602871200,179.966,262.53,1
0,5,TEPC,AECI,1604188800,218.749,265.706,7
0,5,TEPC,AECI,1605506400,201.901,225.001,5
0,5,TEPC,AECI,1606824000,184.685,193.11,5
0,5,TEPC,AECI,1608141600,195.245,251.11,1
0,6,TEPC,AECI,1577836800,173.334,261.782,1
0,6,TEPC,AECI,1579154400,187.155,260.044,1
0,6,TEPC,AECI,1580472000,179.688,227.287,1
0,6,TEPC,AECI,1581789600,189.704,230.952,1
0,6,TEPC,AECI,1583107200,172.641,213.887,2
0,6,TEPC,AECI,1584424800,174.689,209.261,1
0,6,TEPC,AECI,1585742400,130.903,163.89,1
0,6,TEPC,AECI,1587060000,146.19,178.693,1
0,6,TEPC,AECI,1588377600,150.81,179.254,2
0,6,TEPC,AECI,1589695200,158.785,215.518,1
0,6,TEPC,AECI,1591012800,153.123,222.496,1
0,6,TEPC,AECI,1592330400,159.008,189.451,1
0,6,TEPC,AECI,1593648000,184.001,215.878,1
0,6,TEPC,AECI,1594965600,176.235,207.863,1
0,6,TEPC,AECI,1596283200,182.022,219.66,1
0,6,TEPC,AECI,1597600800,201.537,232.192,1
0,6,TEPC,AECI,1598918400,180.525,219.508,1
0,6,TEPC,AECI,1600236000,204.445,245.174,1
0,6,TEPC,AECI,1601553600,184.318,235.921,1
0,6,TEPC,AECI,1602871200,179.966,262.53,1
0,6,TEPC,AECI,1604188800,220.239,265.706,1
0,6,TEPC,AECI,1605506400,205.754,225.001,1
0,6,TEPC,AECI,1606824000,188.651,193.11,1
0,6,TEPC,AECI,1608141600,195.245,251.11,1
5,1,AECI,EPE,1577836800,171.652,171.652,0
5,1,AECI,EPE,1579154400,184.829,184.829,0
5,1,AECI,EPE,1580472000,179.08,179.08,0
5,1,AECI,EPE,1581789600,190.047,190.047,0
5,1,AECI,EPE,1583107200,177.533,177.533,0
5,1,AECI,EPE,1584424800,173.609,173.609,0
5,1,AECI,EPE,1585742400,130.078,130.078,0
5,1,AECI,EPE,1587060000,146.519,146.519,0
5,1,AECI,EPE,1588377600,154.192,154.192,0
5,1,AECI,EPE,1589695200,158.058,158.058,0
5,1,AECI,EPE,1591012800,151.782,151.782,0
5,1,AECI,EPE,1592330400,159.195,159.195,0
5,1,AECI,EPE,1593648000,183.868,183.868,0
5,1,AECI,EPE,1594965600,175.21,175.21,0
5,1,AECI,EPE,1596283200,180.832,180.832,0
5,1,AECI,EPE,1597600800,201.072,201.072,0
5,1,AECI,EPE,1598918400,180.384,180.384,0
5,1,AECI,EPE,1600236000,202.899,202.899,0
5,1,AECI,EPE,1601553600,182.573,182.573,0
5,1,AECI,EPE,1602871200,178.75,178.75,0
5,1,AECI,EPE,1604188800,219.569,219.569,0
5,1,AECI,EPE,1605506400,205.232,205.232,0
5,1,AECI,EPE,1606824000,196.187,196.187,0
5,1,AECI,EPE,1608141600,194.483,194.483,0
5,2,AECI,EPE,1577836800,176.146,175.342,2
5,2,AECI,EPE,1579154400,189.881,188.789,4
5,2,AECI,EPE,1580472000,171.87,182.532,4
5,2,AECI,EPE,1581789600,180.354,194.225,7
5,2,AECI,EPE,1583107200,178.576,181.799,4
5,2,AECI,EPE,1584424800,177.79,176.679,4
5,2,AECI,EPE,1585742400,130.078,130.078,0
5,2,AECI,EPE,1587060000,149.642,149.147,4
5,2,AECI,EPE,1588377600,157.27,157.765,4
5,2,AECI,EPE,1589695200,161.715,161.536,2
5,2,AECI,EPE,1591012800,151.782,151.782,0
5,2,AECI,EPE,1592330400,163.206,162.435,2
5,2,AECI,EPE,1593648000,189.038,187.798,6
5,2,AECI,EPE,1594965600,175.21,175.21,0
5,2,AECI,EPE,1596283200,184.813,184.458,2
5,2,AECI,EPE,1597600800,204.076,205.228,3
5,2,AECI,EPE,1598918400,185.302,183.948,4
5,2,AECI,EPE,1600236000,196.702,206.444,4
5,2,AECI,EPE,1601553600,187.305,185.848,4
5,2,AECI,EPE,1602871200,184.558,182.572,4
5,2,AECI,EPE,1604188800,207.756,223.947,6
5,2,AECI,EPE,1605506400,199.942,208.412,8
5,2,AECI,EPE,1606824000,192.254,200.233,4
5,2,AECI,EPE,1608141600,197.606,198.171,4
5,3,AECI,EPE,1577836800,206.731,175.342,1
5,3,AECI,EPE,1579154400,211.41,188.789,1
5,3,AECI,EPE,1580472000,172.999,182.532,3
5,3,AECI,EPE,1581789600,180.563,194.225,1
5,3,AECI,EPE,1583107200,206.725,181.799,1
5,3,AECI,EPE,1584424800,199.817,176.679,2
5,3,AECI,EPE,1585742400,139.726,133.734,3
5,3,AECI,EPE,1587060000,174.995,149.147,1
5,3,AECI,EPE,1588377600,187.448,157.765,1
5,3,AECI,EPE,1589695200,190.581,161.536,2
5,3,AECI,EPE,1591012800,151.782,151.782,0
5,3,AECI,EPE,1592330400,166.659,162.435,1
5,3,AECI,EPE,1593648000,202.309,187.798,1
5,3,AECI,EPE,1594965600,202.482,178.469,4
5,3,AECI,EPE,1596283200,195.759,184.458,2
5,3,AECI,EPE,1597600800,218.854,205.228,1
5,3,AECI,EPE,1598918400,207.884,183.948,1
5,3,AECI,EPE,1600236000,203.459,206.444,2
5,3,AECI,EPE,1601553600,195.414,185.848,2
5,3,AECI,EPE,1602871200,185.763,182.572,1
5,3,AECI,EPE,1604188800,219.907,223.947,1
5,3,AECI,EPE,1605506400,202.188,208.412,2
5,3,AECI,EPE,1606824000,203.472,200.233,1
5,3,AECI,EPE,1608141600,220.277,198.171,1
5,4,AECI,EPE,1577836800,171.652,171.652,0
5,4,AECI,EPE,1579154400,184.829,184.829,0
5,4,AECI,EPE,1580472000,177.202,182.532,2
5,4,AECI,EPE,1581789600,183.231,194.225,2
5,4,AECI,EPE,1583107200,177.533,177.533,0
5,4,AECI,EPE,1584424800,173.609,173.609,0
5,4,AECI,EPE,1585742400,130.078,130.078,0
5,4,AECI,EPE,1587060000,146.519,146.519,0
5,4,AECI,EPE,1588377600,154.192,154.192,0
5,4,AECI,EPE,1589695200,158.058,158.058,0
5,4,AECI,EPE,1591012800,151.782,151.782,0
5,4,AECI,EPE,1592330400,159.195,159.195,0
5,4,AECI,EPE,1593648000,183.868,183.868,0
5,4,AECI,EPE,1594965600,175.21,175.21,0
5,4,AECI,EPE,1596283200,180.832,180.832,0
5,4,AECI,EPE,1597600800,204.861,205.228,1
5,4,AECI,EPE,1598918400,180.384,180.384,0
5,4,AECI,EPE,1600236000,208.149,206.444,2
5,4,AECI,EPE,1601553600,182.573,182.573,0
5,4,AECI,EPE,1602871200,178.75,178.75,0
5,4,AECI,EPE,1604188800,217.829,223.947,2
5,4,AECI,EPE,1605506400,206.277,208.412,2
5,4,AECI,EPE,1606824000,199.214,200.233,2
5,4,AECI,EPE,1608141600,194.483,194.483,0
5,5,AECI,EPE,1577836800,175.978,175.342,2
5,5,AECI,EPE,1579154400,189.161,188.789,4
5,5,AECI,EPE,1580472000,171.576,182.532,4
5,5,AECI,EPE,1581789600,179.434,194.225,7
5,5,AECI,EPE,1583107200,177.978,181.799,4
5,5,AECI,EPE,1584424800,177.434,176.679,4
5,5,AECI,EPE,1585742400,130.078,130.078,0
5,5,AECI,EPE,1587060000,148.361,149.147,2
5,5,AECI,EPE,1588377600,156.855,157.765,4
5,5,AECI,EPE,1589695200,161.556,161.536,2
5,5,AECI,EPE,1591012800,151.782,151.782,0
5,5,AECI,EPE,1592330400,163.069,162.435,2
5,5,AECI,EPE,1593648000,188.041,187.798,6
5,5,AECI,EPE,1594965600,175.21,175.21,0
5,5,AECI,EPE,1596283200,184.55,184.458,2
5,5,AECI,EPE,1597600800,204.094,205.228,4
5,5,AECI,EPE,1598918400,185.066,183.948,4
5,5,AECI,EPE,1600236000,195.359,206.444,4
5,5,AECI,EPE,1601553600,186.678,185.848,4
5,5,AECI,EPE,1602871200,183.868,182.572,4
5,5,AECI,EPE,1604188800,206.029,223.947,4
5,5,AECI,EPE,1605506400,198.858,208.412,8
5,5,AECI,EPE,1606824000,191.649,200.233,4
5,5,AECI,EPE,1608141600,197.009,198.171,4
5,6,AECI,EPE,1577836800,171.652,171.652,0
5,6,AECI,EPE,1579154400,184.829,184.829,0
5,6,AECI,EPE,1580472000,179.08,179.08,0
5,6,AECI,EPE,1581789600,180.563,194.225,1
5,6,AECI,EPE,1583107200,177.533,177.533,0
5,6,AECI,EPE,1584424800,173.609,173.609,0
5,6,AECI,EPE,1585742400,130.078,130.078,0
5,6,AECI,EPE,1587060000,146.519,146.519,0
5,6,AECI,EPE,1588377600,154.192,154.192,0
5,6,AECI,EPE,1589695200,158.058,158.058,0
5,6,AECI,EPE,1591012800,151.782,151.782,0
5,6,AECI,EPE,1592330400,159.195,159.195,0
5,6,AECI,EPE,1593648000,183.868,183.868,0
5,6,AECI,EPE,1594965600,175.21,175.21,0
5,6,AECI,EPE,1596283200,180.832,180.832,0
5,6,AECI,EPE,1597600800,201.072,201.072,0
5,6,AECI,EPE,1598918400,180.384,180.384,0
5,6,AECI,EPE,1600236000,202.677,206.444,1
5,6,AECI,EPE,1601553600,182.573,182.573,0
5,6,AECI,EPE,1602871200,178.75,178.75,0
5,6,AECI,EPE,1604188800,219.389,223.947,1
5,6,AECI,EPE,1605506400,205.232,205.232,0
5,6,AECI,EPE,1606824000,196.187,196.187,0
5,6,AECI,EPE,1608141600,194.483,194.483,0
5,1,AECI,PACE,1577836800,171.652,171.652,0
5,1,AECI,PACE,1579154400,184.829,184.829,0
5,1,AECI,PACE,1580472000,179.08,179.08,0
5,1,AECI,PACE,1581789600,190.047,190.047,0
5,1,AECI,PACE,1583107200,177.533,177.533,0
5,1,AECI,PACE,1584424800,173.609,173.609,0
5,1,AECI,PACE,1585742400,130.078,130.078,0
5,1,AECI,PACE,1587060000,146.519,146.519,0
5,1,AECI,PACE,1588377600,154.192,154.192,0
5,1,AECI,PACE,1589695200,158.058,158.058,0
5,1,AECI,PACE,1591012800,151.782,151.782,0
5,1,AECI,PACE,1592330400,159.195,159.195,0
5,1,AECI,PACE,1593648000,183.868,183.868,0
5,1,AECI,PACE,1594965600,175.21,175.21,0
5,1,AECI,PACE,1596283200,180.832,180.832,0
5,1,AECI,PACE,1597600800,201.072,201.072,0
5,1,AECI,PACE,1598918400,180.384,180.384,0
5,1,AECI,PACE,1600236000,202.899,202.899,0
5,1,AECI,PACE,1601553600,182.573,182.573,0
5,1,AECI,PACE,1602871200,178.75,178.75,0
5,1,AECI,PACE,1604188800,219.569,219.569,0
5,1,AECI,PACE,1605506400,205.232,205.232,0
5,1,AECI,PACE,1606824000,196.187,196.187,0
5,1,AECI,PACE,1608141600,194.483,194.483,0
5,2,AECI,PACE,1577836800,176.04,175.342,2
5,2,AECI,PACE,1579154400,189.438,188.789,2
5,2,AECI,PACE,1580472000,176.535,182.532,4
5,2,AECI,PACE,1581789600,185.359,194.225,5
5,2,AECI,PACE,1583107200,172.804,181.799,3
5,2,AECI,PACE,1584424800,173.609,173.609,0
5,2,AECI,PACE,1585742400,130.078,130.078,0
5,2,AECI,PACE,1587060000,149.697,149.147,2
5,2,AECI,PACE,1588377600,148.658,157.765,3
5,2,AECI,PACE,1589695200,162.854,161.536,2
5,2,AECI,PACE,1591012800,151.782,151.782,0
5,2,AECI,PACE,1592330400,158.627,162.435,4
5,2,AECI,PACE,1593648000,186.517,187.798,8
5,2,AECI,PACE,1594965600,178.314,178.469,6
5,2,AECI,PACE,1596283200,185.326,184.458,2
5,2,AECI,PACE,1597600800,201.072,201.072,0
5,2,AECI,PACE,1598918400,180.384,180.384,0
5,2,AECI,PACE,1600236000,202.899,202.899,0
5,2,AECI,PACE,1601553600,186.57,185.848,2
5,2,AECI,PACE,1602871200,180.822,182.572,7
5,2,AECI,PACE,1604188800,220.079,223.947,2
5,2,AECI,PACE,1605506400,207.928,208.412,4
5,2,AECI,PACE,1606824000,203.179,200.233,6
5,2,AECI,PACE,1608141600,199.089,198.171,4
5,3,AECI,PACE,1577836800,189.662,175.342,2
5,3,AECI,PACE,1579154400,210.784,188.789,4
5,3,AECI,PACE,1580472000,187.498,182.532,2
5,3,AECI,PACE,1581789600,201.748,194.225,1
5,3,AECI,PACE,1583107200,211.565,181.799,1
5,3,AECI,PACE,1584424800,173.609,173.609,0
5,3,AECI,PACE,1585742400,130.078,130.078,0
5,3,AECI,PACE,1587060000,146.519,146.519,0
5,3,AECI,PACE,1588377600,184.144,157.765,1
5,3,AECI,PACE,1589695200,164.965,161.536,2
5,3,AECI,PACE,1591012800,151.782,151.782,0
5,3,AECI,PACE,1592330400,159.195,159.195,0
5,3,AECI,PACE,1593648000,216.825,187.798,1
5,3,AECI,PACE,1594965600,181.048,178.469,4
5,3,AECI,PACE,1596283200,180.832,180.832,0
5,3,AECI,PACE,1597600800,215.824,205.228,3
5,3,AECI,PACE,1598918400,191.598,183.948,3
5,3,AECI,PACE,1600236000,220.795,206.444,2
5,3,AECI,PACE,1601553600,182.573,182.573,0
5,3,AECI,PACE,1602871200,197.441,182.572,5
5,3,AECI,PACE,1604188800,249.321,223.947,3
5,3,AECI,PACE,1605506400,223.653,208.412,2
5,3,AECI,PACE,1606824000,216.947,200.233,4
5,3,AECI,PACE,1608141600,207.35,198.171,2
5,4,AECI,PACE,1577836800,171.652,171.652,0
5,4,AECI,PACE,1579154400,184.829,184.829,0
5,4,AECI,PACE,1580472000,179.08,179.08,0
5,4,AECI,PACE,1581789600,196.743,194.225,2
5,4,AECI,PACE,1583107200,177.533,177.533,0
5,4,AECI,PACE,1584424800,173.609,173.609,0
5,4,AECI,PACE,1585742400,130.078,130.078,0
5,4,AECI,PACE,1587060000,146.519,146.519,0
5,4,AECI,PACE,1588377600,154.192,154.192,0
5,4,AECI,PACE,1589695200,158.058,158.058,0
5,4,AECI,PACE,1591012800,151.782,151.782,0
5,4,AECI,PACE,1592330400,159.195,159.195,0
5,4,AECI,PACE,1593648000,183.868,183.868,0
5,4,AECI,PACE,1594965600,175.21,175.21,0
5,4,AECI,PACE,1596283200,180.832,180.832,0
5,4,AECI,PACE,1597600800,201.072,201.072,0
5,4,AECI,PACE,1598918400,180.384,180.384,0
5,4,AECI,PACE,1600236000,202.899,202.899,0
5,4,AECI,PACE,1601553600,182.573,182.573,0
5,4,AECI,PACE,1602871200,178.75,178.75,0
5,4,AECI,PACE,1604188800,219.569,219.569,0
5,4,AECI,PACE,1605506400,205.232,205.232,0
5,4,AECI,PACE,1606824000,196.187,196.187,0
5,4,AECI,PACE,1608141600,194.483,194.483,0
5,5,AECI,PACE,1577836800,175.993,175.342,2
5,5,AECI,PACE,1579154400,189.411,188.789,2
5,5,AECI,PACE,1580472000,175.099,182.532,4
5,5,AECI,PACE,1581789600,184.61,194.225,5
5,5,AECI,PACE,1583107200,172.561,181.799,4
5,5,AECI,PACE,1584424800,173.609,173.609,0
5,5,AECI,PACE,1585742400,130.078,130.078,0
5,5,AECI,PACE,1587060000,149.631,149.147,2
5,5,AECI,PACE,1588377600,147.726,157.765,3
5,5,AECI,PACE,1589695200,161.992,161.536,2
5,5,AECI,PACE,1591012800,151.782,151.782,0
5,5,AECI,PACE,1592330400,158.044,162.435,4
5,5,AECI,PACE,1593648000,184.701,187.798,8
5,5,AECI,PACE,1594965600,176.081,178.469,6
5,5,AECI,PACE,1596283200,185.15,184.458,2
5,5,AECI,PACE,1597600800,201.072,201.072,0
5,5,AECI,PACE,1598918400,180.384,180.384,0
5,5,AECI,PACE,1600236000,202.899,202.899,0
5,5,AECI,PACE,1601553600,186.549,185.848,2
5,5,AECI,PACE,1602871200,179.538,182.572,7
5,5,AECI,PACE,1604188800,219.716,223.947,2
5,5,AECI,PACE,1605506400,207.142,208.412,4
5,5,AECI,PACE,1606824000,202.203,200.233,6
5,5,AECI,PACE,1608141600,198.592,198.171,4
5,6,AECI,PACE,1577836800,171.652,171.652,0
5,6,AECI,PACE,1579154400,184.829,184.829,0
5,6,AECI,PACE,1580472000,179.08,179.08,0
5,6,AECI,PACE,1581789600,190.047,190.047,0
5,6,AECI,PACE,1583107200,177.333,181.799,1
5,6,AECI,PACE,1584424800,173.609,173.609,0
5,6,AECI,PACE,1585742400,130.078,130.078,0
5,6,AECI,PACE,1587060000,146.519,146.519,0
5,6,AECI,PACE,1588377600,153.907,157.765,1
5,6,AECI,PACE,1589695200,158.058,158.058,0
5,6,AECI,PACE,1591012800,151.782,151.782,0
5,6,AECI,PACE,1592330400,159.195,159.195,0
5,6,AECI,PACE,1593648000,183.868,183.868,0
5,6,AECI,PACE,1594965600,175.21,175.21,0
5,6,AECI,PACE,1596283200,180.832,180.832,0
5,6,AECI,PACE,1597600800,201.072,201.072,0
5,6,AECI,PACE,1598918400,180.384,180.384,0
5,6,AECI,PACE,1600236000,202.899,202.899,0
5,6,AECI,PACE,1601553600,182.573,182.573,0
5,6,AECI,PACE,1602871200,178.75,178.75,0
5,6,AECI,PACE,1604188800,219.569,219.569,0
5,6,AECI,PACE,1605506400,205.232,205.232,0
5,6,AECI,PACE,1606824000,196.187,196.187,0
5,6,AECI,PACE,1608141600,194.483,194.483,0
5,1,AECI,TEPC,1577836800,171.652,171.652,0
5,1,AECI,TEPC,1579154400,184.829,184.829,0
5,1,AECI,TEPC,1580472000,179.08,179.08,0
5,1,AECI,TEPC,1581789600,190.047,190.047,0
5,1,AECI,TEPC,1583107200,177.533,177.533,0
5,1,AECI,TEPC,1584424800,173.609,173.609,0
5,1,AECI,TEPC,1585742400,130.078,130.078,0
5,1,AECI,TEPC,1587060000,146.519,146.519,0
5,1,AECI,TEPC,1588377600,154.192,154.192,0
5,1,AECI,TEPC,1589695200,158.058,158.058,0
5,1,AECI,TEPC,1591012800,151.782,151.782,0
5,1,AECI,TEPC,1592330400,159.195,159.195,0
5,1,AECI,TEPC,1593648000,183.868,183.868,0
5,1,AECI,TEPC,1594965600,175.21,175.21,0
5,1,AECI,TEPC,1596283200,180.832,180.832,0
5,1,AECI,TEPC,1597600800,201.072,201.072,0
5,1,AECI,TEPC,1598918400,180.384,180.384,0
5,1,AECI,TEPC,1600236000,202.899,202.899,0
5,1,AECI,TEPC,1601553600,182.573,182.573,0
5,1,AECI,TEPC,1602871200,178.75,178.75,0
5,1,AECI,TEPC,1604188800,219.569,219.569,0
5,1,AECI,TEPC,1605506400,205.232,205.232,0
5,1,AECI,TEPC,1606824000,196.187,196.187,0
5,1,AECI,TEPC,1608141600,194.483,194.483,0
5,2,AECI,TEPC,1577836800,171.652,171.652,0
5,2,AECI,TEPC,1579154400,184.829,184.829,0
5,2,AECI,TEPC,1580472000,175.433,182.532,4
5,2,AECI,TEPC,1581789600,193.111,194.225,5
5,2,AECI,TEPC,1583107200,173.923,181.799,4
5,2,AECI,TEPC,1584424800,175.299,176.679,2
5,2,AECI,TEPC,1585742400,132.548,133.734,4
5,2,AECI,TEPC,1587060000,148.043,149.147,6
5,2,AECI,TEPC,1588377600,154.518,157.765,4
5,2,AECI,TEPC,1589695200,158.058,158.058,0
5,2,AECI,TEPC,1591012800,151.782,151.782,0
5,2,AECI,TEPC,1592330400,164.503,162.435,6
5,2,AECI,TEPC,1593648000,188.728,187.798,2
5,2,AECI,TEPC,1594965600,179.22,178.469,2
5,2,AECI,TEPC,1596283200,180.832,180.832,0
5,2,AECI,TEPC,1597600800,201.072,201.072,0
5,2,AECI,TEPC,1598918400,180.384,180.384,0
5,2,AECI,TEPC,1600236000,207.547,206.444,2
5,2,AECI,TEPC,1601553600,182.573,182.573,0
5,2,AECI,TEPC,1602871200,178.75,178.75,0
5,2,AECI,TEPC,1604188800,225.504,223.947,6
5,2,AECI,TEPC,1605506400,207.001,208.412,4
5,2,AECI,TEPC,1606824000,190.608,200.233,4
5,2,AECI,TEPC,1608141600,194.483,194.483,0
5,3,AECI,TEPC,1577836800,171.652,171.652,0
5,3,AECI,TEPC,1579154400,184.829,184.829,0
5,3,AECI,TEPC,1580472000,179.08,179.08,0
5,3,AECI,TEPC,1581789600,213.016,194.225,5
5,3,AECI,TEPC,1583107200,217.867,181.799,1
5,3,AECI,TEPC,1584424800,183.813,176.679,2
5,3,AECI,TEPC,1585742400,136.002,133.734,3
5,3,AECI,TEPC,1587060000,175.216,149.147,3
5,3,AECI,TEPC,1588377600,182.982,157.765,1
5,3,AECI,TEPC,1589695200,162.545,161.536,2
5,3,AECI,TEPC,1591012800,151.782,151.782,0
5,3,AECI,TEPC,1592330400,185.572,162.435,3
5,3,AECI,TEPC,1593648000,220.299,187.798,1
5,3,AECI,TEPC,1594965600,199.739,178.469,4
5,3,AECI,TEPC,1596283200,188.258,184.458,2
5,3,AECI,TEPC,1597600800,236.539,205.228,1
5,3,AECI,TEPC,1598918400,186.547,183.948,4
5,3,AECI,TEPC,1600236000,244.324,206.444,2
5,3,AECI,TEPC,1601553600,182.573,182.573,0
5,3,AECI,TEPC,1602871200,184.278,182.572,2
5,3,AECI,TEPC,1604188800,257.251,223.947,3
5,3,AECI,TEPC,1605506400,219.06,208.412,2
5,3,AECI,TEPC,1606824000,197.555,200.233,1
5,3,AECI,TEPC,1608141600,194.483,194.483,0
5,4,AECI,TEPC,1577836800,171.652,171.652,0
5,4,AECI,TEPC,1579154400,184.829,184.829,0
5,4,AECI,TEPC,1580472000,179.08,179.08,0
5,4,AECI,TEPC,1581789600,190.047,190.047,0
5,4,AECI,TEPC,1583107200,177.533,177.533,0
5,4,AECI,TEPC,1584424800,173.609,173.609,0
5,4,AECI,TEPC,1585742400,135.335,133.734,1
5,4,AECI,TEPC,1587060000,146.519,146.519,0
5,4,AECI,TEPC,1588377600,154.192,154.192,0
5,4,AECI,TEPC,1589695200,158.058,158.058,0
5,4,AECI,TEPC,1591012800,151.782,151.782,0
5,4,AECI,TEPC,1592330400,159.195,159.195,0
5,4,AECI,TEPC,1593648000,183.868,183.868,0
5,4,AECI,TEPC,1594965600,175.21,175.21,0
5,4,AECI,TEPC,1596283200,180.832,180.832,0
5,4,AECI,TEPC,1597600800,201.072,201.072,0
5,4,AECI,TEPC,1598918400,180.384,180.384,0
5,4,AECI,TEPC,1600236000,202.899,202.899,0
5,4,AECI,TEPC,1601553600,182.573,182.573,0
5,4,AECI,TEPC,1602871200,178.75,178.75,0
5,4,AECI,TEPC,1604188800,219.569,219.569,0
5,4,AECI,TEPC,1605506400,205.232,205.232,0
5,4,AECI,TEPC,1606824000,197.555,200.233,1
5,4,AECI,TEPC,1608141600,194.483,194.483,0
5,5,AECI,TEPC,1577836800,171.652,171.652,0
5,5,AECI,TEPC,1579154400,184.829,184.829,0
5,5,AECI,TEPC,1580472000,174.878,182.532,4
5,5,AECI,TEPC,1581789600,192.338,194.225,5
5,5,AECI,TEPC,1583107200,172.615,181.799,4
5,5,AECI,TEPC,1584424800,174.959,176.679,2
5,5,AECI,TEPC,1585742400,131.912,133.734,4
5,5,AECI,TEPC,1587060000,147.105,149.147,6
5,5,AECI,TEPC,1588377600,153.545,157.765,4
5,5,AECI,TEPC,1589695200,158.058,158.058,0
5,5,AECI,TEPC,1591012800,151.782,151.782,0
5,5,AECI,TEPC,1592330400,163.374,162.435,4
5,5,AECI,TEPC,1593648000,188.437,187.798,2
5,5,AECI,TEPC,1594965600,179.079,178.469,2
5,5,AECI,TEPC,1596283200,180.832,180.832,0
5,5,AECI,TEPC,1597600800,201.072,201.072,0
5,5,AECI,TEPC,1598918400,180.384,180.384,0
5,5,AECI,TEPC,1600236000,207.092,206.444,2
5,5,AECI,TEPC,1601553600,182.573,182.573,0
5,5,AECI,TEPC,1602871200,178.75,178.75,0
5,5,AECI,TEPC,1604188800,224.982,223.947,6
5,5,AECI,TEPC,1605506400,206.012,208.412,4
5,5,AECI,TEPC,1606824000,189.852,200.233,4
5,5,AECI,TEPC,1608141600,194.483,194.483,0
5,6,AECI,TEPC,1577836800,171.652,171.652,0
5,6,AECI,TEPC,1579154400,184.829,184.829,0
5,6,AECI,TEPC,1580472000,179.08,179.08,0
5,6,AECI,TEPC,1581789600,190.047,190.047,0
5,6,AECI,TEPC,1583107200,176.64,181.799,1
5,6,AECI,TEPC,1584424800,173.609,173.609,0
5,6,AECI,TEPC,1585742400,130.078,130.078,0
5,6,AECI,TEPC,1587060000,146.519,146.519,0
5,6,AECI,TEPC,1588377600,154.192,154.192,0
5,6,AECI,TEPC,1589695200,158.058,158.058,0
5,6,AECI,TEPC,1591012800,151.782,151.782,0
5,6,AECI,TEPC,1592330400,159.195,159.195,0
5,6,AECI,TEPC,1593648000,183.868,183.868,0
5,6,AECI,TEPC,1594965600,175.21,175.21,0
5,6,AECI,TEPC,1596283200,180.832,180.832,0
5,6,AECI,TEPC,1597600800,201.072,201.072,0
5,6,AECI,TEPC,1598918400,180.384,180.384,0
5,6,AECI,TEPC,1600236000,202.899,202.899,0
5,6,AECI,TEPC,1601553600,182.573,182.573,0
5,6,AECI,TEPC,1602871200,178.75,178.75,0
5,6,AECI,TEPC,1604188800,219.569,219.569,0
5,6,AECI,TEPC,1605506400,205.232,205.232,0
5,6,AECI,TEPC,1606824000,196.187,196.187,0
5,6,AECI,TEPC,1608141600,194.483,194.483,0
5,1,BANC,CISO,1577836800,76.253,76.253,0
5,1,BANC,CISO,1579154400,81.548,81.548,0
5,1,BANC,CISO,1580472000,55.83,55.83,0
5,1,BANC,CISO,1581789600,52.267,52.267,0
5,1,BANC,CISO,1583107200,52.43,52.43,0
5,1,BANC,CISO,1584424800,83.316,83.316,0
5,1,BANC,CISO,1585742400,44.33,44.33,0
5,1,BANC,CISO,1587060000,33.313,33.313,0
5,1,BANC,CISO,1588377600,42.749,42.749,0
5,1,BANC,CISO,1589695200,42.187,42.187,0
5,1,BANC,CISO,1591012800,42.378,42.378,0
5,1,BANC,CISO,1592330400,40.383,40.383,0
5,1,BANC,CISO,1593648000,37.688,37.688,0
5,1,BANC,CISO,1594965600,55.204,55.204,0
5,1,BANC,CISO,1596283200,56.684,56.684,0
5,1,BANC,CISO,1597600800,78.197,78.197,0
5,1,BANC,CISO,1598918400,75.022,75.022,0
5,1,BANC,CISO,1600236000,80.174,80.174,0
5,1,BANC,CISO,1601553600,81.036,81.036,0
5,1,BANC,CISO,1602871200,74.249,74.249,0
5,1,BANC,CISO,1604188800,87.09,87.09,0
5,1,BANC,CISO,1605506400,93.475,93.475,0
5,1,BANC,CISO,1606824000,108.643,108.643,0
5,1,BANC,CISO,1608141600,91.972,91.972,0
5,2,BANC,CISO,1577836800,77.274,77.755,2
5,2,BANC,CISO,1579154400,81.548,81.548,0
5,2,BANC,CISO,1580472000,55.83,55.83,0
5,2,BANC,CISO,1581789600,53.075,53.687,5
5,2,BANC,CISO,1583107200,53.594,53.467,2
5,2,BANC,CISO,1584424800,83.316,83.316,0
5,2,BANC,CISO,1585742400,45.279,45.136,2
5,2,BANC,CISO,1587060000,33.313,33.313,0
5,2,BANC,CISO,1588377600,40.048,43.544,5
5,2,BANC,CISO,1589695200,39.384,43.181,4
5,2,BANC,CISO,1591012800,42.378,42.378,0
5,2,BANC,CISO,1592330400,40.404,41.117,4
5,2,BANC,CISO,1593648000,38.493,38.452,2
5,2,BANC,CISO,1594965600,56.65,56.286,4
5,2,BANC,CISO,1596283200,57.865,57.855,4
5,2,BANC,CISO,1597600800,78.197,78.197,0
5,2,BANC,CISO,1598918400,76.786,76.177,4
5,2,BANC,CISO,1600236000,80.174,80.174,0
5,2,BANC,CISO,1601553600,81.036,81.036,0
5,2,BANC,CISO,1602871200,74.249,74.249,0
5,2,BANC,CISO,1604188800,88.001,88.215,2
5,2,BANC,CISO,1605506400,94.423,95.731,4
5,2,BANC,CISO,1606824000,110.203,111.264,4
5,2,BANC,CISO,1608141600,93.795,93.461,6
5,3,BANC,CISO,1577836800,78.509,77.755,2
5,3,BANC,CISO,1579154400,81.548,81.548,0
5,3,BANC,CISO,1580472000,55.83,55.83,0
5,3,BANC,CISO,1581789600,53.684,53.687,1
5,3,BANC,CISO,1583107200,55.075,53.467,2
5,3,BANC,CISO,1584424800,83.316,83.316,0
5,3,BANC,CISO,1585742400,44.33,44.33,0
5,3,BANC,CISO,1587060000,34.17,33.965,1
5,3,BANC,CISO,1588377600,56.613,43.544,3
5,3,BANC,CISO,1589695200,45.155,43.181,2
5,3,BANC,CISO,1591012800,42.378,42.378,0
5,3,BANC,CISO,1592330400,41.913,41.117,2
5,3,BANC,CISO,1593648000,39.76,38.452,2
5,3,BANC,CISO,1594965600,55.204,55.204,0
5,3,BANC,CISO,1596283200,56.684,56.684,0
5,3,BANC,CISO,1597600800,78.197,78.197,0
5,3,BANC,CISO,1598918400,81.144,76.177,4
5,3,BANC,CISO,1600236000,80.174,80.174,0
5,3,BANC,CISO,1601553600,81.036,81.036,0
5,3,BANC,CISO,1602871200,76.248,75.808,1
5,3,BANC,CISO,1604188800,87.09,87.09,0
5,3,BANC,CISO,1605506400,120.83,95.731,3
5,3,BANC,CISO,1606824000,124.211,111.264,1
5,3,BANC,CISO,1608141600,94.431,93.461,3
5,4,BANC,CISO,1577836800,76.253,76.253,0
5,4,BANC,CISO,1579154400,81.548,81.548,0
5,4,BANC,CISO,1580472000,55.83,55.83,0
5,4,BANC,CISO,1581789600,52.267,52.267,0
5,4,BANC,CISO,1583107200,52.43,52.43,0
5,4,BANC,CISO,1584424800,83.316,83.316,0
5,4,BANC,CISO,1585742400,44.33,44.33,0
5,4,BANC,CISO,1587060000,33.313,33.313,0
5,4,BANC,CISO,1588377600,42.749,42.749,0
5,4,BANC,CISO,1589695200,42.187,42.187,0
5,4,BANC,CISO,1591012800,42.378,42.378,0
5,4,BANC,CISO,1592330400,40.383,40.383,0
5,4,BANC,CISO,1593648000,37.688,37.688,0
5,4,BANC,CISO,1594965600,55.204,55.204,0
5,4,BANC,CISO,1596283200,56.684,56.684,0
5,4,BANC,CISO,1597600800,78.197,78.197,0
5,4,BANC,CISO,1598918400,75.022,75.022,0
5,4,BANC,CISO,1600236000,80.174,80.174,0
5,4,BANC,CISO,1601553600,81.036,81.036,0
5,4,BANC,CISO,1602871200,74.249,74.249,0
5,4,BANC,CISO,1604188800,87.09,87.09,0
5,4,BANC,CISO,1605506400,93.475,93.475,0
5,4,BANC,CISO,1606824000,108.643,108.643,0
5,4,BANC,CISO,1608141600,91.972,91.972,0
5,5,BANC,CISO,1577836800,76.97,77.755,2
5,5,BANC,CISO,1579154400,81.548,81.548,0
5,5,BANC,CISO,1580472000,55.83,55.83,0
5,5,BANC,CISO,1581789600,52.437,53.687,5
5,5,BANC,CISO,1583107200,53.464,53.467,2
5,5,BANC,CISO,1584424800,83.316,83.316,0
5,5,BANC,CISO,1585742400,45.048,45.136,2
5,5,BANC,CISO,1587060000,33.313,33.313,0
5,5,BANC,CISO,1588377600,38.924,43.544,4
5,5,BANC,CISO,1589695200,38.616,43.181,4
5,5,BANC,CISO,1591012800,42.378,42.378,0
5,5,BANC,CISO,1592330400,40.023,41.117,4
5,5,BANC,CISO,1593648000,38.398,38.452,2
5,5,BANC,CISO,1594965600,56.413,56.286,4
5,5,BANC,CISO,1596283200,57.398,57.855,4
5,5,BANC,CISO,1597600800,78.197,78.197,0
5,5,BANC,CISO,1598918400,76.517,76.177,4
5,5,BANC,CISO,1600236000,80.174,80.174,0
5,5,BANC,CISO,1601553600,81.036,81.036,0
5,5,BANC,CISO,1602871200,74.249,74.249,0
5,5,BANC,CISO,1604188800,87.834,88.215,2
5,5,BANC,CISO,1605506400,93.359,95.731,4
5,5,BANC,CISO,1606824000,109.799,111.264,4
5,5,BANC,CISO,1608141600,92.619,93.461,6
5,6,BANC,CISO,1577836800,76.253,76.253,0
5,6,BANC,CISO,1579154400,81.548,81.548,0
5,6,BANC,CISO,1580472000,55.83,55.83,0
5,6,BANC,CISO,1581789600,52.267,52.267,0
5,6,BANC,CISO,1583107200,52.43,52.43,0
5,6,BANC,CISO,1584424800,83.316,83.316,0
5,6,BANC,CISO,1585742400,44.33,44.33,0
5,6,BANC,CISO,1587060000,33.313,33.313,0
5,6,BANC,CISO,1588377600,42.536,43.544,1
5,6,BANC,CISO,1589695200,42.187,42.187,0
5,6,BANC,CISO,1591012800,42.378,42.378,0
5,6,BANC,CISO,1592330400,40.383,40.383,0
5,6,BANC,CISO,1593648000,37.688,37.688,0
5,6,BANC,CISO,1594965600,55.204,55.204,0
5,6,BANC,CISO,1596283200,56.684,56.684,0
5,6,BANC,CISO,1597600800,78.197,78.197,0
5,6,BANC,CISO,1598918400,75.022,75.022,0
5,6,BANC,CISO,1600236000,80.174,80.174,0
5,6,BANC,CISO,1601553600,81.036,81.036,0
5,6,BANC,CISO,1602871200,74.249,74.249,0
5,6,BANC,CISO,1604188800,87.09,87.09,0
5,6,BANC,CISO,1605506400,93.475,93.475,0
5,6,BANC,CISO,1606824000,108.643,108.643,0
5,6,BANC,CISO,1608141600,91.972,91.972,0
5,1,CISO,BANC,1577836800,130.428,130.428,0
5,1,CISO,BANC,1579154400,140.472,140.472,0
5,1,CISO,BANC,1580472000,117.952,117.952,0
5,1,CISO,BANC,1581789600,103.569,103.569,0
5,1,CISO,BANC,1583107200,104.144,104.144,0
5,1,CISO,BANC,1584424800,135.48,135.48,0
5,1,CISO,BANC,1585742400,79.732,79.732,0
5,1,CISO,BANC,1587060000,80.679,80.679,0
5,1,CISO,BANC,1588377600,56.36,56.36,0
5,1,CISO,BANC,1589695200,62.849,62.849,0
5,1,CISO,BANC,1591012800,94.687,94.687,0
5,1,CISO,BANC,1592330400,66.377,66.377,0
5,1,CISO,BANC,1593648000,73.665,73.665,0
5,1,CISO,BANC,1594965600,90.516,90.516,0
5,1,CISO,BANC,1596283200,92.419,92.419,0
5,1,CISO,BANC,1597600800,127.384,127.384,0
5,1,CISO,BANC,1598918400,110.116,110.116,0
5,1,CISO,BANC,1600236000,126.99,126.99,0
5,1,CISO,BANC,1601553600,129.978,129.978,0
5,1,CISO,BANC,1602871200,142.021,142.021,0
5,1,CISO,BANC,1604188800,143.8,143.8,0
5,1,CISO,BANC,1605506400,123.623,123.623,0
5,1,CISO,BANC,1606824000,121.375,121.375,0
5,1,CISO,BANC,1608141600,120.762,120.762,0
5,2,CISO,BANC,1577836800,79.311,133.596,3
5,2,CISO,BANC,1579154400,85.396,143.954,1
5,2,CISO,BANC,1580472000,59.104,120.693,1
5,2,CISO,BANC,1581789600,53.319,104.847,6
5,2,CISO,BANC,1583107200,54.267,106.009,3
5,2,CISO,BANC,1584424800,87.248,138.572,1
5,2,CISO,BANC,1585742400,46.82,81.722,3
5,2,CISO,BANC,1587060000,34.071,81.482,1
5,2,CISO,BANC,1588377600,39.883,57.048,4
5,2,CISO,BANC,1589695200,40.53,64.365,5
5,2,CISO,BANC,1591012800,44.669,97.07,1
5,2,CISO,BANC,1592330400,40.063,67.397,3
5,2,CISO,BANC,1593648000,39.17,75.098,3
5,2,CISO,BANC,1594965600,57.989,92.803,5
5,2,CISO,BANC,1596283200,59.045,94.38,5
5,2,CISO,BANC,1597600800,80.466,129.72,1
5,2,CISO,BANC,1598918400,77.846,112.244,5
5,2,CISO,BANC,1600236000,83.481,129.943,1
5,2,CISO,BANC,1601553600,84.228,132.794,1
5,2,CISO,BANC,1602871200,76.511,143.701,1
5,2,CISO,BANC,1604188800,89.65,146.605,3
5,2,CISO,BANC,1605506400,96.359,126.344,5
5,2,CISO,BANC,1606824000,110.675,124.252,5
5,2,CISO,BANC,1608141600,94.556,122.495,7
5,3,CISO,BANC,1577836800,79.791,133.596,1
5,3,CISO,BANC,1579154400,85.396,143.954,1
5,3,CISO,BANC,1580472000,59.104,120.693,1
5,3,CISO,BANC,1581789600,53.928,104.847,2
5,3,CISO,BANC,1583107200,55.158,106.009,3
5,3,CISO,BANC,1584424800,87.248,138.572,1
5,3,CISO,BANC,1585742400,46.676,81.722,1
5,3,CISO,BANC,1587060000,34.276,81.482,2
5,3,CISO,BANC,1588377600,55.994,57.048,2
5,3,CISO,BANC,1589695200,45.22,64.365,3
5,3,CISO,BANC,1591012800,44.669,97.07,1
5,3,CISO,BANC,1592330400,41.708,67.397,3
5,3,CISO,BANC,1593648000,39.579,75.098,3
5,3,CISO,BANC,1594965600,57.624,92.803,1
5,3,CISO,BANC,1596283200,59.035,94.38,1
5,3,CISO,BANC,1597600800,80.466,129.72,1
5,3,CISO,BANC,1598918400,80.945,112.244,3
5,3,CISO,BANC,1600236000,83.481,129.943,1
5,3,CISO,BANC,1601553600,84.228,132.794,1
5,3,CISO,BANC,1602871200,77.409,143.701,2
5,3,CISO,BANC,1604188800,89.863,146.605,1
5,3,CISO,BANC,1605506400,122.066,126.344,2
5,3,CISO,BANC,1606824000,121.375,121.375,0
5,3,CISO,BANC,1608141600,94.89,122.495,2
5,4,CISO,BANC,1577836800,79.791,133.596,1
5,4,CISO,BANC,1579154400,85.396,143.954,1
5,4,CISO,BANC,1580472000,59.104,120.693,1
5,4,CISO,BANC,1581789600,53.931,104.847,1
5,4,CISO,BANC,1583107200,54.14,106.009,1
5,4,CISO,BANC,1584424800,87.248,138.572,1
5,4,CISO,BANC,1585742400,46.676,81.722,1
5,4,CISO,BANC,1587060000,34.071,81.482,1
5,4,CISO,BANC,1588377600,43.543,57.048,1
5,4,CISO,BANC,1589695200,44.327,64.365,1
5,4,CISO,BANC,1591012800,44.669,97.07,1
5,4,CISO,BANC,1592330400,40.913,67.397,1
5,4,CISO,BANC,1593648000,39.129,75.098,1
5,4,CISO,BANC,1594965600,57.624,92.803,1
5,4,CISO,BANC,1596283200,59.035,94.38,1
5,4,CISO,BANC,1597600800,80.466,129.72,1
5,4,CISO,BANC,1598918400,77.237,112.244,1
5,4,CISO,BANC,1600236000,83.481,129.943,1
5,4,CISO,BANC,1601553600,84.228,132.794,1
5,4,CISO,BANC,1602871200,76.511,143.701,1
5,4,CISO,BANC,1604188800,89.863,146.605,1
5,4,CISO,BANC,1605506400,97.667,126.344,1
5,4,CISO,BANC,1606824000,111.736,124.252,1
5,4,CISO,BANC,1608141600,94.222,122.495,1
5,5,CISO,BANC,1577836800,79.007,133.596,3
5,5,CISO,BANC,1579154400,85.396,143.954,1
5,5,CISO,BANC,1580472000,59.104,120.693,1
5,5,CISO,BANC,1581789600,52.681,104.847,6
5,5,CISO,BANC,1583107200,54.137,106.009,3
5,5,CISO,BANC,1584424800,87.248,138.572,1
5,5,CISO,BANC,1585742400,46.588,81.722,3
5,5,CISO,BANC,1587060000,34.071,81.482,1
5,5,CISO,BANC,1588377600,38.923,57.048,5
5,5,CISO,BANC,1589695200,39.762,64.365,5
5,5,CISO,BANC,1591012800,44.669,97.07,1
5,5,CISO,BANC,1592330400,39.682,67.397,3
5,5,CISO,BANC,1593648000,39.076,75.098,3
5,5,CISO,BANC,1594965600,57.752,92.803,5
5,5,CISO,BANC,1596283200,58.578,94.38,5
5,5,CISO,BANC,1597600800,80.466,129.72,1
5,5,CISO,BANC,1598918400,77.577,112.244,5
5,5,CISO,BANC,1600236000,83.481,129.943,1
5,5,CISO,BANC,1601553600,84.228,132.794,1
5,5,CISO,BANC,1602871200,76.511,143.701,1
5,5,CISO,BANC,1604188800,89.482,146.605,3
5,5,CISO,BANC,1605506400,95.295,126.344,5
5,5,CISO,BANC,1606824000,110.271,124.252,5
5,5,CISO,BANC,1608141600,93.078,122.495,5
5,6,CISO,BANC,1577836800,79.791,133.596,1
5,6,CISO,BANC,1579154400,85.396,143.954,1
5,6,CISO,BANC,1580472000,59.104,120.693,1
5,6,CISO,BANC,1581789600,53.931,104.847,1
5,6,CISO,BANC,1583107200,54.14,106.009,1
5,6,CISO,BANC,1584424800,87.248,138.572,1
5,6,CISO,BANC,1585742400,46.676,81.722,1
5,6,CISO,BANC,1587060000,34.071,81.482,1
5,6,CISO,BANC,1588377600,42.534,57.048,2
5,6,CISO,BANC,1589695200,44.327,64.365,1
5,6,CISO,BANC,1591012800,44.669,97.07,1
5,6,CISO,BANC,1592330400,40.913,67.397,1
5,6,CISO,BANC,1593648000,39.129,75.098,1
5,6,CISO,BANC,1594965600,57.624,92.803,1
5,6,CISO,BANC,1596283200,59.035,94.38,1
5,6,CISO,BANC,1597600800,80.466,129.72,1
5,6,CISO,BANC,1598918400,77.237,112.244,1
5,6,CISO,BANC,1600236000,83.481,129.943,1
5,6,CISO,BANC,1601553600,84.228,132.794,1
5,6,CISO,BANC,1602871200,76.511,143.701,1
5,6,CISO,BANC,1604188800,89.863,146.605,1
5,6,CISO,BANC,1605506400,97.667,126.344,1
5,6,CISO,BANC,1606824000,111.736,124.252,1
5,6,CISO,BANC,1608141600,94.222,122.495,1
5,1,EPE,AECI,1577836800,202.093,202.093,0
5,1,EPE,AECI,1579154400,207.289,207.289,0
5,1,EPE,AECI,1580472000,181.504,181.504,0
5,1,EPE,AECI,1581789600,175.974,175.974,0
5,1,EPE,AECI,1583107200,202.541,202.541,0
5,1,EPE,AECI,1584424800,204.307,204.307,0
5,1,EPE,AECI,1585742400,164.605,164.605,0
5,1,EPE,AECI,1587060000,171.684,171.684,0
5,1,EPE,AECI,1588377600,183.602,183.602,0
5,1,EPE,AECI,1589695200,189.282,189.282,0
5,1,EPE,AECI,1591012800,195.852,195.852,0
5,1,EPE,AECI,1592330400,195.157,195.157,0
5,1,EPE,AECI,1593648000,198.016,198.016,0
5,1,EPE,AECI,1594965600,209.436,209.436,0
5,1,EPE,AECI,1596283200,204.715,204.715,0
5,1,EPE,AECI,1597600800,214.763,214.763,0
5,1,EPE,AECI,1598918400,203.471,203.471,0
5,1,EPE,AECI,1600236000,199.728,199.728,0
5,1,EPE,AECI,1601553600,220.07,220.07,0
5,1,EPE,AECI,1602871200,223.978,223.978,0
5,1,EPE,AECI,1604188800,214.945,214.945,0
5,1,EPE,AECI,1605506400,203.959,203.959,0
5,1,EPE,AECI,1606824000,198.83,198.83,0
5,1,EPE,AECI,1608141600,215.454,215.454,0
5,2,EPE,AECI,1577836800,176.666,206.553,3
5,2,EPE,AECI,1579154400,190.901,211.801,5
5,2,EPE,AECI,1580472000,172.597,185.696,5
5,2,EPE,AECI,1581789600,179.069,179.278,6
5,2,EPE,AECI,1583107200,179.464,206.952,5
5,2,EPE,AECI,1584424800,179.361,208.54,5
5,2,EPE,AECI,1585742400,134.403,168.307,1
5,2,EPE,AECI,1587060000,149.376,174.728,3
5,2,EPE,AECI,1588377600,157.643,187.24,5
5,2,EPE,AECI,1589695200,163.291,193.609,3
5,2,EPE,AECI,1591012800,157.009,200.346,1
5,2,EPE,AECI,1592330400,162.648,199.038,1
5,2,EPE,AECI,1593648000,189.499,202.089,7
5,2,EPE,AECI,1594965600,180.054,214.068,1
5,2,EPE,AECI,1596283200,186.042,209.351,3
5,2,EPE,AECI,1597600800,204.591,218.69,4
5,2,EPE,AECI,1598918400,185.835,207.754,5
5,2,EPE,AECI,1600236000,197.59,204.188,5
5,2,EPE,AECI,1601553600,189.3,225.219,5
5,2,EPE,AECI,1602871200,185.301,228.349,5
5,2,EPE,AECI,1604188800,207.183,219.333,5
5,2,EPE,AECI,1605506400,200.43,208.386,9
5,2,EPE,AECI,1606824000,192.979,203.521,5
5,2,EPE,AECI,1608141600,196.982,219.654,3
5,3,EPE,AECI,1577836800,202.093,202.093,0
5,3,EPE,AECI,1579154400,207.289,207.289,0
5,3,EPE,AECI,1580472000,173.066,185.696,2
5,3,EPE,AECI,1581789600,175.974,175.974,0
5,3,EPE,AECI,1583107200,202.541,202.541,0
5,3,EPE,AECI,1584424800,200.966,208.54,1
5,3,EPE,AECI,1585742400,141.509,168.307,4
5,3,EPE,AECI,1587060000,171.684,171.684,0
5,3,EPE,AECI,1588377600,183.602,183.602,0
5,3,EPE,AECI,1589695200,191.496,193.609,1
5,3,EPE,AECI,1591012800,157.009,200.346,1
5,3,EPE,AECI,1592330400,166.751,199.038,2
5,3,EPE,AECI,1593648000,198.016,198.016,0
5,3,EPE,AECI,1594965600,204.23,214.068,3
5,3,EPE,AECI,1596283200,196.288,209.351,1
5,3,EPE,AECI,1597600800,214.763,214.763,0
5,3,EPE,AECI,1598918400,207.607,207.754,2
5,3,EPE,AECI,1600236000,199.728,199.728,0
5,3,EPE,AECI,1601553600,198.876,225.219,1
5,3,EPE,AECI,1602871200,187.996,228.349,2
5,3,EPE,AECI,1604188800,214.945,214.945,0
5,3,EPE,AECI,1605506400,201.965,208.386,1
5,3,EPE,AECI,1606824000,203.366,203.521,2
5,3,EPE,AECI,1608141600,219.456,219.654,2
5,4,EPE,AECI,1577836800,175.862,206.553,1
5,4,EPE,AECI,1579154400,189.809,211.801,1
5,4,EPE,AECI,1580472000,177.269,185.696,1
5,4,EPE,AECI,1581789600,181.946,179.278,1
5,4,EPE,AECI,1583107200,182.687,206.952,1
5,4,EPE,AECI,1584424800,178.249,208.54,1
5,4,EPE,AECI,1585742400,134.403,168.307,1
5,4,EPE,AECI,1587060000,149.348,174.728,1
5,4,EPE,AECI,1588377600,158.138,187.24,1
5,4,EPE,AECI,1589695200,163.112,193.609,1
5,4,EPE,AECI,1591012800,157.009,200.346,1
5,4,EPE,AECI,1592330400,162.527,199.038,1
5,4,EPE,AECI,1593648000,188.259,202.089,1
5,4,EPE,AECI,1594965600,180.054,214.068,1
5,4,EPE,AECI,1596283200,185.686,209.351,1
5,4,EPE,AECI,1597600800,205.376,218.69,2
5,4,EPE,AECI,1598918400,184.481,207.754,1
5,4,EPE,AECI,1600236000,208.333,204.188,1
5,4,EPE,AECI,1601553600,187.843,225.219,1
5,4,EPE,AECI,1602871200,183.315,228.349,1
5,4,EPE,AECI,1604188800,217.256,219.333,1
5,4,EPE,AECI,1605506400,206.054,208.386,1
5,4,EPE,AECI,1606824000,199.836,203.521,1
5,4,EPE,AECI,1608141600,198.245,219.654,1
5,5,EPE,AECI,1577836800,176.498,206.553,3
5,5,EPE,AECI,1579154400,190.181,211.801,5
5,5,EPE,AECI,1580472000,172.303,185.696,5
5,5,EPE,AECI,1581789600,178.149,179.278,6
5,5,EPE,AECI,1583107200,178.866,206.952,5
5,5,EPE,AECI,1584424800,179.004,208.54,5
5,5,EPE,AECI,1585742400,134.708,168.307,2
5,5,EPE,AECI,1587060000,148.563,174.728,3
5,5,EPE,AECI,1588377600,157.228,187.24,5
5,5,EPE,AECI,1589695200,163.132,193.609,3
5,5,EPE,AECI,1591012800,157.009,200.346,1
5,5,EPE,AECI,1592330400,162.511,199.038,1
5,5,EPE,AECI,1593648000,188.501,202.089,7
5,5,EPE,AECI,1594965600,180.054,214.068,1
5,5,EPE,AECI,1596283200,185.779,209.351,3
5,5,EPE,AECI,1597600800,204.609,218.69,5
5,5,EPE,AECI,1598918400,185.599,207.754,5
5,5,EPE,AECI,1600236000,196.248,204.188,5
5,5,EPE,AECI,1601553600,188.673,225.219,5
5,5,EPE,AECI,1602871200,184.612,228.349,5
5,5,EPE,AECI,1604188800,206.257,219.333,5
5,5,EPE,AECI,1605506400,199.345,208.386,9
5,5,EPE,AECI,1606824000,192.375,203.521,5
5,5,EPE,AECI,1608141600,196.386,219.654,3
5,6,EPE,AECI,1577836800,175.862,206.553,1
5,6,EPE,AECI,1579154400,189.809,211.801,1
5,6,EPE,AECI,1580472000,181.176,185.696,1
5,6,EPE,AECI,1581789600,175.974,175.974,0
5,6,EPE,AECI,1583107200,182.687,206.952,1
5,6,EPE,AECI,1584424800,178.249,208.54,1
5,6,EPE,AECI,1585742400,134.403,168.307,1
5,6,EPE,AECI,1587060000,149.348,174.728,1
5,6,EPE,AECI,1588377600,158.138,187.24,1
5,6,EPE,AECI,1589695200,163.112,193.609,1
5,6,EPE,AECI,1591012800,157.009,200.346,1
5,6,EPE,AECI,1592330400,162.527,199.038,1
5,6,EPE,AECI,1593648000,188.259,202.089,1
5,6,EPE,AECI,1594965600,180.054,214.068,1
5,6,EPE,AECI,1596283200,185.686,209.351,1
5,6,EPE,AECI,1597600800,205.743,218.69,1
5,6,EPE,AECI,1598918400,184.481,207.754,1
5,6,EPE,AECI,1600236000,199.728,199.728,0
5,6,EPE,AECI,1601553600,187.843,225.219,1
5,6,EPE,AECI,1602871200,183.315,228.349,1
5,6,EPE,AECI,1604188800,214.945,214.945,0
5,6,EPE,AECI,1605506400,203.827,208.386,1
5,6,EPE,AECI,1606824000,198.219,203.521,1
5,6,EPE,AECI,1608141600,198.245,219.654,1
5,1,EPE,PSCO,1577836800,202.093,202.093,0
5,1,EPE,PSCO,1579154400,207.289,207.289,0
5,1,EPE,PSCO,1580472000,181.504,181.504,0
5,1,EPE,PSCO,1581789600,175.974,175.974,0
5,1,EPE,PSCO,1583107200,202.541,202.541,0
5,1,EPE,PSCO,1584424800,204.307,204.307,0
5,1,EPE,PSCO,1585742400,164.605,164.605,0
5,1,EPE,PSCO,1587060000,171.684,171.684,0
5,1,EPE,PSCO,1588377600,183.602,183.602,0
5,1,EPE,PSCO,1589695200,189.282,189.282,0
5,1,EPE,PSCO,1591012800,195.852,195.852,0
5,1,EPE,PSCO,1592330400,195.157,195.157,0
5,1,EPE,PSCO,1593648000,198.016,198.016,0
5,1,EPE,PSCO,1594965600,209.436,209.436,0
5,1,EPE,PSCO,1596283200,204.715,204.715,0
5,1,EPE,PSCO,1597600800,214.763,214.763,0
5,1,EPE,PSCO,1598918400,203.471,203.471,0
5,1,EPE,PSCO,1600236000,199.728,199.728,0
5,1,EPE,PSCO,1601553600,220.07,220.07,0
5,1,EPE,PSCO,1602871200,223.978,223.978,0
5,1,EPE,PSCO,1604188800,214.945,214.945,0
5,1,EPE,PSCO,1605506400,203.959,203.959,0
5,1,EPE,PSCO,1606824000,198.83,198.83,0
5,1,EPE,PSCO,1608141600,215.454,215.454,0
5,2,EPE,PSCO,1577836800,196.675,206.553,4
5,2,EPE,PSCO,1579154400,174.01,211.801,5
5,2,EPE,PSCO,1580472000,171.154,185.696,9
5,2,EPE,PSCO,1581789600,179.424,179.278,5
5,2,EPE,PSCO,1583107200,197.119,206.952,5
5,2,EPE,PSCO,1584424800,206.451,208.54,6
5,2,EPE,PSCO,1585742400,164.573,168.307,2
5,2,EPE,PSCO,1587060000,173.842,174.728,2
5,2,EPE,PSCO,1588377600,180.426,187.24,7
5,2,EPE,PSCO,1589695200,168.678,193.609,3
5,2,EPE,PSCO,1591012800,202.182,200.346,4
5,2,EPE,PSCO,1592330400,179.031,199.038,3
5,2,EPE,PSCO,1593648000,180.748,202.089,5
5,2,EPE,PSCO,1594965600,204.474,214.068,5
5,2,EPE,PSCO,1596283200,194.329,209.351,5
5,2,EPE,PSCO,1597600800,191.071,218.69,4
5,2,EPE,PSCO,1598918400,206.477,207.754,2
5,2,EPE,PSCO,1600236000,174.466,204.188,5
5,2,EPE,PSCO,1601553600,197.089,225.219,7
5,2,EPE,PSCO,1602871200,204.728,228.349,6
5,2,EPE,PSCO,1604188800,214.961,219.333,6
5,2,EPE,PSCO,1605506400,195.926,208.386,5
5,2,EPE,PSCO,1606824000,151.766,203.521,1
5,2,EPE,PSCO,1608141600,176.82,219.654,1
5,3,EPE,PSCO,1577836800,206.78,206.553,4
5,3,EPE,PSCO,1579154400,172.482,211.801,1
5,3,EPE,PSCO,1580472000,170.35,185.696,1
5,3,EPE,PSCO,1581789600,178.762,179.278,1
5,3,EPE,PSCO,1583107200,200.172,206.952,1
5,3,EPE,PSCO,1584424800,208.155,208.54,2
5,3,EPE,PSCO,1585742400,164.605,164.605,0
5,3,EPE,PSCO,1587060000,171.684,171.684,0
5,3,EPE,PSCO,1588377600,183.602,183.602,0
5,3,EPE,PSCO,1589695200,177.096,193.609,1
5,3,EPE,PSCO,1591012800,195.852,195.852,0
5,3,EPE,PSCO,1592330400,184.032,199.038,1
5,3,EPE,PSCO,1593648000,184.028,202.089,3
5,3,EPE,PSCO,1594965600,212.249,214.068,1
5,3,EPE,PSCO,1596283200,204.813,209.351,1
5,3,EPE,PSCO,1597600800,192.123,218.69,2
5,3,EPE,PSCO,1598918400,203.471,203.471,0
5,3,EPE,PSCO,1600236000,178.338,204.188,1
5,3,EPE,PSCO,1601553600,200.241,225.219,1
5,3,EPE,PSCO,1602871200,208.519,228.349,2
5,3,EPE,PSCO,1604188800,214.945,214.945,0
5,3,EPE,PSCO,1605506400,205.651,208.386,3
5,3,EPE,PSCO,1606824000,151.766,203.521,1
5,3,EPE,PSCO,1608141600,176.82,219.654,1
5,4,EPE,PSCO,1577836800,201.92,206.553,2
5,4,EPE,PSCO,1579154400,172.482,211.801,1
5,4,EPE,PSCO,1580472000,170.35,185.696,1
5,4,EPE,PSCO,1581789600,175.974,175.974,0
5,4,EPE,PSCO,1583107200,198.723,206.952,1
5,4,EPE,PSCO,1584424800,204.307,204.307,0
5,4,EPE,PSCO,1585742400,164.605,164.605,0
5,4,EPE,PSCO,1587060000,171.684,171.684,0
5,4,EPE,PSCO,1588377600,185.959,187.24,3
5,4,EPE,PSCO,1589695200,174.563,193.609,1
5,4,EPE,PSCO,1591012800,195.852,195.852,0
5,4,EPE,PSCO,1592330400,188.738,199.038,2
5,4,EPE,PSCO,1593648000,184.539,202.089,1
5,4,EPE,PSCO,1594965600,209.436,209.436,0
5,4,EPE,PSCO,1596283200,195.644,209.351,1
5,4,EPE,PSCO,1597600800,195.796,218.69,2
5,4,EPE,PSCO,1598918400,218.41,207.754,1
5,4,EPE,PSCO,1600236000,178.338,204.188,1
5,4,EPE,PSCO,1601553600,200.241,225.219,1
5,4,EPE,PSCO,1602871200,209.671,228.349,1
5,4,EPE,PSCO,1604188800,214.945,214.945,0
5,4,EPE,PSCO,1605506400,211.493,208.386,3
5,4,EPE,PSCO,1606824000,151.766,203.521,1
5,4,EPE,PSCO,1608141600,176.82,219.654,1
5,5,EPE,PSCO,1577836800,195.691,206.553,4
5,5,EPE,PSCO,1579154400,172.21,211.801,5
5,5,EPE,PSCO,1580472000,170.453,185.696,9
5,5,EPE,PSCO,1581789600,179.134,179.278,6
5,5,EPE,PSCO,1583107200,195.973,206.952,5
5,5,EPE,PSCO,1584424800,205.558,208.54,6
5,5,EPE,PSCO,1585742400,163.52,168.307,2
5,5,EPE,PSCO,1587060000,173.465,174.728,2
5,5,EPE,PSCO,1588377600,179.249,187.24,7
5,5,EPE,PSCO,1589695200,168.216,193.609,3
5,5,EPE,PSCO,1591012800,200.839,200.346,2
5,5,EPE,PSCO,1592330400,178.173,199.038,4
5,5,EPE,PSCO,1593648000,180.083,202.089,5
5,5,EPE,PSCO,1594965600,203.741,214.068,5
5,5,EPE,PSCO,1596283200,193.908,209.351,5
5,5,EPE,PSCO,1597600800,190.648,218.69,4
5,5,EPE,PSCO,1598918400,206.28,207.754,2
5,5,EPE,PSCO,1600236000,173.639,204.188,5
5,5,EPE,PSCO,1601553600,195.364,225.219,7
5,5,EPE,PSCO,1602871200,203.915,228.349,6
5,5,EPE,PSCO,1604188800,214.349,219.333,7
5,5,EPE,PSCO,1605506400,195.52,208.386,5
5,5,EPE,PSCO,1606824000,151.766,203.521,1
5,5,EPE,PSCO,1608141600,176.82,219.654,1
5,6,EPE,PSCO,1577836800,201.772,206.553,1
5,6,EPE,PSCO,1579154400,172.482,211.801,1
5,6,EPE,PSCO,1580472000,170.35,185.696,1
5,6,EPE,PSCO,1581789600,175.974,175.974,0
5,6,EPE,PSCO,1583107200,200.172,206.952,1
5,6,EPE,PSCO,1584424800,204.307,204.307,0
5,6,EPE,PSCO,1585742400,164.605,164.605,0
5,6,EPE,PSCO,1587060000,171.684,171.684,0
5,6,EPE,PSCO,1588377600,183.602,183.602,0
5,6,EPE,PSCO,1589695200,177.096,193.609,1
5,6,EPE,PSCO,1591012800,195.852,195.852,0
5,6,EPE,PSCO,1592330400,184.032,199.038,1
5,6,EPE,PSCO,1593648000,184.539,202.089,1
5,6,EPE,PSCO,1594965600,209.436,209.436,0
5,6,EPE,PSCO,1596283200,204.088,209.351,1
5,6,EPE,PSCO,1597600800,194.197,218.69,1
5,6,EPE,PSCO,1598918400,203.471,203.471,0
5,6,EPE,PSCO,1600236000,178.338,204.188,1
5,6,EPE,PSCO,1601553600,200.241,225.219,1
5,6,EPE,PSCO,1602871200,209.671,228.349,1
5,6,EPE,PSCO,1604188800,214.945,214.945,0
5,6,EPE,PSCO,1605506400,203.897,208.386,1
5,6,EPE,PSCO,1606824000,151.766,203.521,1
5,6,EPE,PSCO,1608141600,176.82,219.654,1
5,1,PACE,AECI,1577836800,222.045,222.045,0
5,1,PACE,AECI,1579154400,234.433,234.433,0
5,1,PACE,AECI,1580472000,198.311,198.311,0
5,1,PACE,AECI,1581789600,196.827,196.827,0
5,1,PACE,AECI,1583107200,208.975,208.975,0
5,1,PACE,AECI,1584424800,252.452,252.452,0
5,1,PACE,AECI,1585742400,225.822,225.822,0
5,1,PACE,AECI,1587060000,224.401,224.401,0
5,1,PACE,AECI,1588377600,195.688,195.688,0
5,1,PACE,AECI,1589695200,218.514,218.514,0
5,1,PACE,AECI,1591012800,230.978,230.978,0
5,1,PACE,AECI,1592330400,200.767,200.767,0
5,1,PACE,AECI,1593648000,211.4,211.4,0
5,1,PACE,AECI,1594965600,197.864,197.864,0
5,1,PACE,AECI,1596283200,232.915,232.915,0
5,1,PACE,AECI,1597600800,252.895,252.895,0
5,1,PACE,AECI,1598918400,239.903,239.903,0
5,1,PACE,AECI,1600236000,257.912,257.912,0
5,1,PACE,AECI,1601553600,250.583,250.583,0
5,1,PACE,AECI,1602871200,211.548,211.548,0
5,1,PACE,AECI,1604188800,258.098,258.098,0
5,1,PACE,AECI,1605506400,230.758,230.758,0
5,1,PACE,AECI,1606824000,241.036,241.036,0
5,1,PACE,AECI,1608141600,221.431,221.431,0
5,2,PACE,AECI,1577836800,176.808,226.717,3
5,2,PACE,AECI,1579154400,191.852,239.487,3
5,2,PACE,AECI,1580472000,177.49,202.703,5
5,2,PACE,AECI,1581789600,184.343,200.732,4
5,2,PACE,AECI,1583107200,175.115,213.105,4
5,2,PACE,AECI,1584424800,179.563,258.582,1
5,2,PACE,AECI,1585742400,135.648,230.918,1
5,2,PACE,AECI,1587060000,151.491,228.312,3
5,2,PACE,AECI,1588377600,150.022,198.668,4
5,2,PACE,AECI,1589695200,165.509,223.55,3
5,2,PACE,AECI,1591012800,157.759,236.311,1
5,2,PACE,AECI,1592330400,157.841,205.289,3
5,2,PACE,AECI,1593648000,185.653,215.96,7
5,2,PACE,AECI,1594965600,179.317,203.144,7
5,2,PACE,AECI,1596283200,187.458,238.256,3
5,2,PACE,AECI,1597600800,206.613,257.798,1
5,2,PACE,AECI,1598918400,185.388,244.161,1
5,2,PACE,AECI,1600236000,208.844,263.157,1
5,2,PACE,AECI,1601553600,189.872,256.736,3
5,2,PACE,AECI,1602871200,181.177,215.177,8
5,2,PACE,AECI,1604188800,221.345,263.29,3
5,2,PACE,AECI,1605506400,208.836,235.265,5
5,2,PACE,AECI,1606824000,205.183,246.095,7
5,2,PACE,AECI,1608141600,199.467,226.347,5
5,3,PACE,AECI,1577836800,188.854,226.717,3
5,3,PACE,AECI,1579154400,211.726,239.487,3
5,3,PACE,AECI,1580472000,187.774,202.703,1
5,3,PACE,AECI,1581789600,196.827,196.827,0
5,3,PACE,AECI,1583107200,208.975,208.975,0
5,3,PACE,AECI,1584424800,179.563,258.582,1
5,3,PACE,AECI,1585742400,135.648,230.918,1
5,3,PACE,AECI,1587060000,150.94,228.312,1
5,3,PACE,AECI,1588377600,187.626,198.668,2
5,3,PACE,AECI,1589695200,166.559,223.55,3
5,3,PACE,AECI,1591012800,157.759,236.311,1
5,3,PACE,AECI,1592330400,162.279,205.289,1
5,3,PACE,AECI,1593648000,211.4,211.4,0
5,3,PACE,AECI,1594965600,189.036,203.144,1
5,3,PACE,AECI,1596283200,186.589,238.256,1
5,3,PACE,AECI,1597600800,217.976,257.798,4
5,3,PACE,AECI,1598918400,193.037,244.161,4
5,3,PACE,AECI,1600236000,221.182,263.157,3
5,3,PACE,AECI,1601553600,189.149,256.736,1
5,3,PACE,AECI,1602871200,197.304,215.177,6
5,3,PACE,AECI,1604188800,249.383,263.29,2
5,3,PACE,AECI,1605506400,223.819,235.265,1
5,3,PACE,AECI,1606824000,218.951,246.095,5
5,3,PACE,AECI,1608141600,207.006,226.347,1
5,4,PACE,AECI,1577836800,176.111,226.717,1
5,4,PACE,AECI,1579154400,191.203,239.487,1
5,4,PACE,AECI,1580472000,183.487,202.703,1
5,4,PACE,AECI,1581789600,192.637,200.732,1
5,4,PACE,AECI,1583107200,184.109,213.105,1
5,4,PACE,AECI,1584424800,179.563,258.582,1
5,4,PACE,AECI,1585742400,135.648,230.918,1
5,4,PACE,AECI,1587060000,150.94,228.312,1
5,4,PACE,AECI,1588377600,159.13,198.668,1
5,4,PACE,AECI,1589695200,164.191,223.55,1
5,4,PACE,AECI,1591012800,157.759,236.311,1
5,4,PACE,AECI,1592330400,162.279,205.289,1
5,4,PACE,AECI,1593648000,187.561,215.96,1
5,4,PACE,AECI,1594965600,179.472,203.144,1
5,4,PACE,AECI,1596283200,186.589,238.256,1
5,4,PACE,AECI,1597600800,206.613,257.798,1
5,4,PACE,AECI,1598918400,185.388,244.161,1
5,4,PACE,AECI,1600236000,208.844,263.157,1
5,4,PACE,AECI,1601553600,189.149,256.736,1
5,4,PACE,AECI,1602871200,182.927,215.177,1
5,4,PACE,AECI,1604188800,225.213,263.29,1
5,4,PACE,AECI,1605506400,209.32,235.265,1
5,4,PACE,AECI,1606824000,202.237,246.095,1
5,4,PACE,AECI,1608141600,198.549,226.347,1
5,5,PACE,AECI,1577836800,176.762,226.717,3
5,5,PACE,AECI,1579154400,191.825,239.487,3
5,5,PACE,AECI,1580472000,176.054,202.703,5
5,5,PACE,AECI,1581789600,183.594,200.732,4
5,5,PACE,AECI,1583107200,174.871,213.105,5
5,5,PACE,AECI,1584424800,179.563,258.582,1
5,5,PACE,AECI,1585742400,135.648,230.918,1
5,5,PACE,AECI,1587060000,151.425,228.312,3
5,5,PACE,AECI,1588377600,149.09,198.668,4
5,5,PACE,AECI,1589695200,164.647,223.55,3
5,5,PACE,AECI,1591012800,157.759,236.311,1
5,5,PACE,AECI,1592330400,157.258,205.289,3
5,5,PACE,AECI,1593648000,183.836,215.96,7
5,5,PACE,AECI,1594965600,177.084,203.144,7
5,5,PACE,AECI,1596283200,187.281,238.256,3
5,5,PACE,AECI,1597600800,206.613,257.798,1
5,5,PACE,AECI,1598918400,185.388,244.161,1
5,5,PACE,AECI,1600236000,208.844,263.157,1
5,5,PACE,AECI,1601553600,189.851,256.736,3
5,5,PACE,AECI,1602871200,179.24,215.177,6
5,5,PACE,AECI,1604188800,220.982,263.29,3
5,5,PACE,AECI,1605506400,208.05,235.265,5
5,5,PACE,AECI,1606824000,204.207,246.095,7
5,5,PACE,AECI,1608141600,198.97,226.347,5
5,6,PACE,AECI,1577836800,176.111,226.717,1
5,6,PACE,AECI,1579154400,191.203,239.487,1
5,6,PACE,AECI,1580472000,183.487,202.703,1
5,6,PACE,AECI,1581789600,193.86,200.732,1
5,6,PACE,AECI,1583107200,179.643,213.105,2
5,6,PACE,AECI,1584424800,179.563,258.582,1
5,6,PACE,AECI,1585742400,135.648,230.918,1
5,6,PACE,AECI,1587060000,150.94,228.312,1
5,6,PACE,AECI,1588377600,155.272,198.668,2
5,6,PACE,AECI,1589695200,164.191,223.55,1
5,6,PACE,AECI,1591012800,157.759,236.311,1
5,6,PACE,AECI,1592330400,162.279,205.289,1
5,6,PACE,AECI,1593648000,187.561,215.96,1
5,6,PACE,AECI,1594965600,179.472,203.144,1
5,6,PACE,AECI,1596283200,186.589,238.256,1
5,6,PACE,AECI,1597600800,206.613,257.798,1
5,6,PACE,AECI,1598918400,185.388,244.161,1
5,6,PACE,AECI,1600236000,208.844,263.157,1
5,6,PACE,AECI,1601553600,189.149,256.736,1
5,6,PACE,AECI,1602871200,182.927,215.177,1
5,6,PACE,AECI,1604188800,225.213,263.29,1
5,6,PACE,AECI,1605506400,209.32,235.265,1
5,6,PACE,AECI,1606824000,202.237,246.095,1
5,6,PACE,AECI,1608141600,198.549,226.347,1
5,1,PACE,PSCO,1577836800,222.045,222.045,0
5,1,PACE,PSCO,1579154400,234.433,234.433,0
5,1,PACE,PSCO,1580472000,198.311,198.311,0
5,1,PACE,PSCO,1581789600,196.827,196.827,0
5,1,PACE,PSCO,1583107200,208.975,208.975,0
5,1,PACE,PSCO,1584424800,252.452,252.452,0
5,1,PACE,PSCO,1585742400,225.822,225.822,0
5,1,PACE,PSCO,1587060000,224.401,224.401,0
5,1,PACE,PSCO,1588377600,195.688,195.688,0
5,1,PACE,PSCO,1589695200,218.514,218.514,0
5,1,PACE,PSCO,1591012800,230.978,230.978,0
5,1,PACE,PSCO,1592330400,200.767,200.767,0
5,1,PACE,PSCO,1593648000,211.4,211.4,0
5,1,PACE,PSCO,1594965600,197.864,197.864,0
5,1,PACE,PSCO,1596283200,232.915,232.915,0
5,1,PACE,PSCO,1597600800,252.895,252.895,0
5,1,PACE,PSCO,1598918400,239.903,239.903,0
5,1,PACE,PSCO,1600236000,257.912,257.912,0
5,1,PACE,PSCO,1601553600,250.583,250.583,0
5,1,PACE,PSCO,1602871200,211.548,211.548,0
5,1,PACE,PSCO,1604188800,258.098,258.098,0
5,1,PACE,PSCO,1605506400,230.758,230.758,0
5,1,PACE,PSCO,1606824000,241.036,241.036,0
5,1,PACE,PSCO,1608141600,221.431,221.431,0
5,2,PACE,PSCO,1577836800,207.928,226.717,6
5,2,PACE,PSCO,1579154400,176.727,239.487,7
5,2,PACE,PSCO,1580472000,171.301,202.703,5
5,2,PACE,PSCO,1581789600,191.648,200.732,5
5,2,PACE,PSCO,1583107200,201.1,213.105,9
5,2,PACE,PSCO,1584424800,227.692,258.582,3
5,2,PACE,PSCO,1585742400,200.364,230.918,5
5,2,PACE,PSCO,1587060000,211.898,228.312,8
5,2,PACE,PSCO,1588377600,175.655,198.668,6
5,2,PACE,PSCO,1589695200,174.732,223.55,3
5,2,PACE,PSCO,1591012800,219.348,236.311,3
5,2,PACE,PSCO,1592330400,167.627,205.289,3
5,2,PACE,PSCO,1593648000,177.207,215.96,5
5,2,PACE,PSCO,1594965600,199.547,203.144,9
5,2,PACE,PSCO,1596283200,203.973,238.256,5
5,2,PACE,PSCO,1597600800,195.067,257.798,1
5,2,PACE,PSCO,1598918400,234.837,244.161,6
5,2,PACE,PSCO,1600236000,179.849,263.157,1
5,2,PACE,PSCO,1601553600,202.608,256.736,5
5,2,PACE,PSCO,1602871200,195.697,215.177,4
5,2,PACE,PSCO,1604188800,231.645,263.29,3
5,2,PACE,PSCO,1605506400,205.529,235.265,5
5,2,PACE,PSCO,1606824000,153.045,246.095,1
5,2,PACE,PSCO,1608141600,177.124,226.347,1
5,3,PACE,PSCO,1577836800,206.909,226.717,2
5,3,PACE,PSCO,1579154400,173.875,239.487,1
5,3,PACE,PSCO,1580472000,170.577,202.703,1
5,3,PACE,PSCO,1581789600,198.862,200.732,1
5,3,PACE,PSCO,1583107200,200.736,213.105,3
5,3,PACE,PSCO,1584424800,226.053,258.582,1
5,3,PACE,PSCO,1585742400,201.823,230.918,1
5,3,PACE,PSCO,1587060000,215.715,228.312,2
5,3,PACE,PSCO,1588377600,186.369,198.668,2
5,3,PACE,PSCO,1589695200,178.175,223.55,1
5,3,PACE,PSCO,1591012800,226.778,236.311,1
5,3,PACE,PSCO,1592330400,183.784,205.289,1
5,3,PACE,PSCO,1593648000,183.999,215.96,3
5,3,PACE,PSCO,1594965600,200.563,203.144,1
5,3,PACE,PSCO,1596283200,205.716,238.256,1
5,3,PACE,PSCO,1597600800,195.067,257.798,1
5,3,PACE,PSCO,1598918400,240.157,244.161,2
5,3,PACE,PSCO,1600236000,179.849,263.157,1
5,3,PACE,PSCO,1601553600,201.548,256.736,1
5,3,PACE,PSCO,1602871200,205.753,215.177,4
5,3,PACE,PSCO,1604188800,232.119,263.29,1
5,3,PACE,PSCO,1605506400,207.315,235.265,1
5,3,PACE,PSCO,1606824000,153.045,246.095,1
5,3,PACE,PSCO,1608141600,177.124,226.347,1
5,4,PACE,PSCO,1577836800,207.434,226.717,1
5,4,PACE,PSCO,1579154400,173.875,239.487,1
5,4,PACE,PSCO,1580472000,170.577,202.703,1
5,4,PACE,PSCO,1581789600,196.66,200.732,1
5,4,PACE,PSCO,1583107200,201.595,213.105,1
5,4,PACE,PSCO,1584424800,226.053,258.582,1
5,4,PACE,PSCO,1585742400,201.823,230.918,1
5,4,PACE,PSCO,1587060000,216.256,228.312,1
5,4,PACE,PSCO,1588377600,192.822,198.668,3
5,4,PACE,PSCO,1589695200,178.175,223.55,1
5,4,PACE,PSCO,1591012800,224.626,236.311,1
5,4,PACE,PSCO,1592330400,198.566,205.289,3
5,4,PACE,PSCO,1593648000,183.841,215.96,1
5,4,PACE,PSCO,1594965600,204.649,203.144,1
5,4,PACE,PSCO,1596283200,205.716,238.256,1
5,4,PACE,PSCO,1597600800,195.067,257.798,1
5,4,PACE,PSCO,1598918400,240.517,244.161,3
5,4,PACE,PSCO,1600236000,179.849,263.157,1
5,4,PACE,PSCO,1601553600,201.548,256.736,1
5,4,PACE,PSCO,1602871200,212.485,215.177,3
5,4,PACE,PSCO,1604188800,232.119,263.29,1
5,4,PACE,PSCO,1605506400,207.315,235.265,1
5,4,PACE,PSCO,1606824000,153.045,246.095,1
5,4,PACE,PSCO,1608141600,177.124,226.347,1
5,5,PACE,PSCO,1577836800,206.624,226.717,6
5,5,PACE,PSCO,1579154400,175.348,239.487,7
5,5,PACE,PSCO,1580472000,170.327,202.703,5
5,5,PACE,PSCO,1581789600,190.772,200.732,5
5,5,PACE,PSCO,1583107200,199.383,213.105,9
5,5,PACE,PSCO,1584424800,226.843,258.582,3
5,5,PACE,PSCO,1585742400,198.688,230.918,5
5,5,PACE,PSCO,1587060000,210.378,228.312,8
5,5,PACE,PSCO,1588377600,174.788,198.668,7
5,5,PACE,PSCO,1589695200,173.667,223.55,3
5,5,PACE,PSCO,1591012800,219.095,236.311,3
5,5,PACE,PSCO,1592330400,166.789,205.289,3
5,5,PACE,PSCO,1593648000,176.016,215.96,5
5,5,PACE,PSCO,1594965600,197.968,203.144,9
5,5,PACE,PSCO,1596283200,203.486,238.256,5
5,5,PACE,PSCO,1597600800,195.067,257.798,1
5,5,PACE,PSCO,1598918400,234.404,244.161,7
5,5,PACE,PSCO,1600236000,179.849,263.157,1
5,5,PACE,PSCO,1601553600,201.311,256.736,5
5,5,PACE,PSCO,1602871200,194.98,215.177,4
5,5,PACE,PSCO,1604188800,231.397,263.29,3
5,5,PACE,PSCO,1605506400,204.765,235.265,5
5,5,PACE,PSCO,1606824000,153.045,246.095,1
5,5,PACE,PSCO,1608141600,177.124,226.347,1
5,6,PACE,PSCO,1577836800,207.434,226.717,1
5,6,PACE,PSCO,1579154400,173.875,239.487,1
5,6,PACE,PSCO,1580472000,170.577,202.703,1
5,6,PACE,PSCO,1581789600,196.66,200.732,1
5,6,PACE,PSCO,1583107200,201.595,213.105,1
5,6,PACE,PSCO,1584424800,226.053,258.582,1
5,6,PACE,PSCO,1585742400,201.823,230.918,1
5,6,PACE,PSCO,1587060000,216.256,228.312,1
5,6,PACE,PSCO,1588377600,184.968,198.668,2
5,6,PACE,PSCO,1589695200,178.175,223.55,1
5,6,PACE,PSCO,1591012800,226.778,236.311,1
5,6,PACE,PSCO,1592330400,183.784,205.289,1
5,6,PACE,PSCO,1593648000,183.841,215.96,1
5,6,PACE,PSCO,1594965600,197.864,197.864,0
5,6,PACE,PSCO,1596283200,205.716,238.256,1
5,6,PACE,PSCO,1597600800,195.067,257.798,1
5,6,PACE,PSCO,1598918400,239.903,239.903,0
5,6,PACE,PSCO,1600236000,179.849,263.157,1
5,6,PACE,PSCO,1601553600,201.548,256.736,1
5,6,PACE,PSCO,1602871200,203.68,215.177,2
5,6,PACE,PSCO,1604188800,232.119,263.29,1
5,6,PACE,PSCO,1605506400,207.315,235.265,1
5,6,PACE,PSCO,1606824000,153.045,246.095,1
5,6,PACE,PSCO,1608141600,177.124,226.347,1
5,1,PSCO,EPE,1577836800,201.806,201.806,0
5,1,PSCO,EPE,1579154400,168.095,168.095,0
5,1,PSCO,EPE,1580472000,165.819,165.819,0
5,1,PSCO,EPE,1581789600,208.599,208.599,0
5,1,PSCO,EPE,1583107200,195.56,195.56,0
5,1,PSCO,EPE,1584424800,221.046,221.046,0
5,1,PSCO,EPE,1585742400,196.694,196.694,0
5,1,PSCO,EPE,1587060000,211.329,211.329,0
5,1,PSCO,EPE,1588377600,184.057,184.057,0
5,1,PSCO,EPE,1589695200,174.63,174.63,0
5,1,PSCO,EPE,1591012800,220.905,220.905,0
5,1,PSCO,EPE,1592330400,179.992,179.992,0
5,1,PSCO,EPE,1593648000,180.132,180.132,0
5,1,PSCO,EPE,1594965600,212.921,212.921,0
5,1,PSCO,EPE,1596283200,202.105,202.105,0
5,1,PSCO,EPE,1597600800,189.709,189.709,0
5,1,PSCO,EPE,1598918400,234.795,234.795,0
5,1,PSCO,EPE,1600236000,174.02,174.02,0
5,1,PSCO,EPE,1601553600,195.176,195.176,0
5,1,PSCO,EPE,1602871200,202.804,202.804,0
5,1,PSCO,EPE,1604188800,225.924,225.924,0
5,1,PSCO,EPE,1605506400,203.332,203.332,0
5,1,PSCO,EPE,1606824000,147.36,147.36,0
5,1,PSCO,EPE,1608141600,172.796,172.796,0
5,2,PSCO,EPE,1577836800,197.035,206.834,5
5,2,PSCO,EPE,1579154400,172.927,171.399,4
5,2,PSCO,EPE,1580472000,170.1,169.296,8
5,2,PSCO,EPE,1581789600,181.067,211.871,6
5,2,PSCO,EPE,1583107200,196.314,199.368,4
5,2,PSCO,EPE,1584424800,207.966,225.4,7
5,2,PSCO,EPE,1585742400,166.15,201.473,3
5,2,PSCO,EPE,1587060000,175.606,215.845,3
5,2,PSCO,EPE,1588377600,180.079,187.407,6
5,2,PSCO,EPE,1589695200,169.644,177.256,4
5,2,PSCO,EPE,1591012800,201.755,225.601,3
5,2,PSCO,EPE,1592330400,178.617,183.617,2
5,2,PSCO,EPE,1593648000,179.869,183.66,4
5,2,PSCO,EPE,1594965600,203.518,216.392,4
5,2,PSCO,EPE,1596283200,195.497,205.15,6
5,2,PSCO,EPE,1597600800,191.918,194.312,5
5,2,PSCO,EPE,1598918400,205.232,239.606,1
5,2,PSCO,EPE,1600236000,173.323,177.195,4
5,2,PSCO,EPE,1601553600,195.586,198.739,6
5,2,PSCO,EPE,1602871200,203.179,208.122,5
5,2,PSCO,EPE,1604188800,214.197,230.317,5
5,2,PSCO,EPE,1605506400,195.422,206.391,4
5,2,PSCO,EPE,1606824000,147.36,147.36,0
5,2,PSCO,EPE,1608141600,172.796,172.796,0
5,3,PSCO,EPE,1577836800,205.671,206.834,1
5,3,PSCO,EPE,1579154400,168.095,168.095,0
5,3,PSCO,EPE,1580472000,165.819,165.819,0
5,3,PSCO,EPE,1581789600,180.406,211.871,2
5,3,PSCO,EPE,1583107200,195.56,195.56,0
5,3,PSCO,EPE,1584424800,209.67,225.4,3
5,3,PSCO,EPE,1585742400,169.885,201.473,1
5,3,PSCO,EPE,1587060000,176.492,215.845,1
5,3,PSCO,EPE,1588377600,187.78,187.407,2
5,3,PSCO,EPE,1589695200,174.63,174.63,0
5,3,PSCO,EPE,1591012800,200.692,225.601,1
5,3,PSCO,EPE,1592330400,179.992,179.992,0
5,3,PSCO,EPE,1593648000,183.595,183.66,2
5,3,PSCO,EPE,1594965600,212.665,216.392,2
5,3,PSCO,EPE,1596283200,202.105,202.105,0
5,3,PSCO,EPE,1597600800,192.237,194.312,1
5,3,PSCO,EPE,1598918400,207.114,239.606,1
5,3,PSCO,EPE,1600236000,174.02,174.02,0
5,3,PSCO,EPE,1601553600,195.176,195.176,0
5,3,PSCO,EPE,1602871200,205.678,208.122,1
5,3,PSCO,EPE,1604188800,219.327,230.317,1
5,3,PSCO,EPE,1605506400,206.127,206.391,4
5,3,PSCO,EPE,1606824000,147.36,147.36,0
5,3,PSCO,EPE,1608141600,172.796,172.796,0
5,4,PSCO,EPE,1577836800,202.28,206.834,3
5,4,PSCO,EPE,1579154400,168.095,168.095,0
5,4,PSCO,EPE,1580472000,165.819,165.819,0
5,4,PSCO,EPE,1581789600,180.921,211.871,1
5,4,PSCO,EPE,1583107200,197.04,199.368,2
5,4,PSCO,EPE,1584424800,210.055,225.4,1
5,4,PSCO,EPE,1585742400,169.885,201.473,1
5,4,PSCO,EPE,1587060000,176.492,215.845,1
5,4,PSCO,EPE,1588377600,185.612,187.407,2
5,4,PSCO,EPE,1589695200,175.529,177.256,2
5,4,PSCO,EPE,1591012800,200.692,225.601,1
5,4,PSCO,EPE,1592330400,188.324,183.617,1
5,4,PSCO,EPE,1593648000,180.132,180.132,0
5,4,PSCO,EPE,1594965600,212.04,216.392,1
5,4,PSCO,EPE,1596283200,196.811,205.15,2
5,4,PSCO,EPE,1597600800,195.911,194.312,1
5,4,PSCO,EPE,1598918400,217.769,239.606,2
5,4,PSCO,EPE,1600236000,174.02,174.02,0
5,4,PSCO,EPE,1601553600,195.176,195.176,0
5,4,PSCO,EPE,1602871200,202.804,202.804,0
5,4,PSCO,EPE,1604188800,219.233,230.317,1
5,4,PSCO,EPE,1605506400,210.671,206.391,2
5,4,PSCO,EPE,1606824000,147.36,147.36,0
5,4,PSCO,EPE,1608141600,172.796,172.796,0
5,5,PSCO,EPE,1577836800,196.051,206.834,5
5,5,PSCO,EPE,1579154400,171.128,171.399,4
5,5,PSCO,EPE,1580472000,169.399,169.296,8
5,5,PSCO,EPE,1581789600,180.778,211.871,7
5,5,PSCO,EPE,1583107200,195.168,199.368,4
5,5,PSCO,EPE,1584424800,207.073,225.4,7
5,5,PSCO,EPE,1585742400,165.098,201.473,3
5,5,PSCO,EPE,1587060000,175.228,215.845,3
5,5,PSCO,EPE,1588377600,178.902,187.407,6
5,5,PSCO,EPE,1589695200,169.183,177.256,4
5,5,PSCO,EPE,1591012800,201.186,225.601,3
5,5,PSCO,EPE,1592330400,177.759,183.617,3
5,5,PSCO,EPE,1593648000,179.203,183.66,4
5,5,PSCO,EPE,1594965600,202.785,216.392,4
5,5,PSCO,EPE,1596283200,195.075,205.15,6
5,5,PSCO,EPE,1597600800,191.495,194.312,5
5,5,PSCO,EPE,1598918400,205.036,239.606,1
5,5,PSCO,EPE,1600236000,172.497,177.195,4
5,5,PSCO,EPE,1601553600,193.862,198.739,6
5,5,PSCO,EPE,1602871200,202.366,208.122,5
5,5,PSCO,EPE,1604188800,213.585,230.317,6
5,5,PSCO,EPE,1605506400,195.016,206.391,4
5,5,PSCO,EPE,1606824000,147.36,147.36,0
5,5,PSCO,EPE,1608141600,172.796,172.796,0
5,6,PSCO,EPE,1577836800,201.806,201.806,0
5,6,PSCO,EPE,1579154400,168.095,168.095,0
5,6,PSCO,EPE,1580472000,165.819,165.819,0
5,6,PSCO,EPE,1581789600,180.921,211.871,1
5,6,PSCO,EPE,1583107200,195.56,195.56,0
5,6,PSCO,EPE,1584424800,210.055,225.4,1
5,6,PSCO,EPE,1585742400,169.885,201.473,1
5,6,PSCO,EPE,1587060000,176.492,215.845,1
5,6,PSCO,EPE,1588377600,183.78,187.407,1
5,6,PSCO,EPE,1589695200,174.63,174.63,0
5,6,PSCO,EPE,1591012800,200.692,225.601,1
5,6,PSCO,EPE,1592330400,179.992,179.992,0
5,6,PSCO,EPE,1593648000,180.132,180.132,0
5,6,PSCO,EPE,1594965600,212.837,216.392,1
5,6,PSCO,EPE,1596283200,202.105,202.105,0
5,6,PSCO,EPE,1597600800,189.709,189.709,0
5,6,PSCO,EPE,1598918400,207.114,239.606,1
5,6,PSCO,EPE,1600236000,174.02,174.02,0
5,6,PSCO,EPE,1601553600,195.176,195.176,0
5,6,PSCO,EPE,1602871200,202.804,202.804,0
5,6,PSCO,EPE,1604188800,219.327,230.317,1
5,6,PSCO,EPE,1605506400,203.332,203.332,0
5,6,PSCO,EPE,1606824000,147.36,147.36,0
5,6,PSCO,EPE,1608141600,172.796,172.796,0
5,1,PSCO,PACE,1577836800,201.806,201.806,0
5,1,PSCO,PACE,1579154400,168.095,168.095,0
5,1,PSCO,PACE,1580472000,165.819,165.819,0
5,1,PSCO,PACE,1581789600,208.599,208.599,0
5,1,PSCO,PACE,1583107200,195.56,195.56,0
5,1,PSCO,PACE,1584424800,221.046,221.046,0
5,1,PSCO,PACE,1585742400,196.694,196.694,0
5,1,PSCO,PACE,1587060000,211.329,211.329,0
5,1,PSCO,PACE,1588377600,184.057,184.057,0
5,1,PSCO,PACE,1589695200,174.63,174.63,0
5,1,PSCO,PACE,1591012800,220.905,220.905,0
5,1,PSCO,PACE,1592330400,179.992,179.992,0
5,1,PSCO,PACE,1593648000,180.132,180.132,0
5,1,PSCO,PACE,1594965600,212.921,212.921,0
5,1,PSCO,PACE,1596283200,202.105,202.105,0
5,1,PSCO,PACE,1597600800,189.709,189.709,0
5,1,PSCO,PACE,1598918400,234.795,234.795,0
5,1,PSCO,PACE,1600236000,174.02,174.02,0
5,1,PSCO,PACE,1601553600,195.176,195.176,0
5,1,PSCO,PACE,1602871200,202.804,202.804,0
5,1,PSCO,PACE,1604188800,225.924,225.924,0
5,1,PSCO,PACE,1605506400,203.332,203.332,0
5,1,PSCO,PACE,1606824000,147.36,147.36,0
5,1,PSCO,PACE,1608141600,172.796,172.796,0
5,2,PSCO,PACE,1577836800,207.327,206.834,5
5,2,PSCO,PACE,1579154400,174.251,171.399,6
5,2,PSCO,PACE,1580472000,170.019,169.296,4
5,2,PSCO,PACE,1581789600,193.022,211.871,6
5,2,PSCO,PACE,1583107200,198.873,199.368,8
5,2,PSCO,PACE,1584424800,227.039,225.4,2
5,2,PSCO,PACE,1585742400,200.792,201.473,6
5,2,PSCO,PACE,1587060000,211.486,215.845,7
5,2,PSCO,PACE,1588377600,174.317,187.407,5
5,2,PSCO,PACE,1589695200,173.814,177.256,2
5,2,PSCO,PACE,1591012800,218.17,225.601,2
5,2,PSCO,PACE,1592330400,168.063,183.617,4
5,2,PSCO,PACE,1593648000,177.618,183.66,6
5,2,PSCO,PACE,1594965600,199.173,216.392,8
5,2,PSCO,PACE,1596283200,203.407,205.15,4
5,2,PSCO,PACE,1597600800,189.709,189.709,0
5,2,PSCO,PACE,1598918400,232.686,239.606,5
5,2,PSCO,PACE,1600236000,174.02,174.02,0
5,2,PSCO,PACE,1601553600,199.798,198.739,4
5,2,PSCO,PACE,1602871200,194.536,208.122,3
5,2,PSCO,PACE,1604188800,229.843,230.317,2
5,2,PSCO,PACE,1605506400,204.604,206.391,4
5,2,PSCO,PACE,1606824000,147.36,147.36,0
5,2,PSCO,PACE,1608141600,172.796,172.796,0
5,3,PSCO,PACE,1577836800,205.939,206.834,1
5,3,PSCO,PACE,1579154400,168.095,168.095,0
5,3,PSCO,PACE,1580472000,165.819,165.819,0
5,3,PSCO,PACE,1581789600,201.005,211.871,2
5,3,PSCO,PACE,1583107200,199.1,199.368,2
5,3,PSCO,PACE,1584424800,221.046,221.046,0
5,3,PSCO,PACE,1585742400,196.694,196.694,0
5,3,PSCO,PACE,1587060000,214.94,215.845,1
5,3,PSCO,PACE,1588377600,185.031,187.407,1
5,3,PSCO,PACE,1589695200,174.63,174.63,0
5,3,PSCO,PACE,1591012800,220.905,220.905,0
5,3,PSCO,PACE,1592330400,179.992,179.992,0
5,3,PSCO,PACE,1593648000,183.662,183.66,2
5,3,PSCO,PACE,1594965600,202.112,216.392,2
5,3,PSCO,PACE,1596283200,202.105,202.105,0
5,3,PSCO,PACE,1597600800,189.709,189.709,0
5,3,PSCO,PACE,1598918400,236.851,239.606,1
5,3,PSCO,PACE,1600236000,174.02,174.02,0
5,3,PSCO,PACE,1601553600,195.176,195.176,0
5,3,PSCO,PACE,1602871200,203.526,208.122,3
5,3,PSCO,PACE,1604188800,225.924,225.924,0
5,3,PSCO,PACE,1605506400,203.332,203.332,0
5,3,PSCO,PACE,1606824000,147.36,147.36,0
5,3,PSCO,PACE,1608141600,172.796,172.796,0
5,4,PSCO,PACE,1577836800,201.806,201.806,0
5,4,PSCO,PACE,1579154400,168.095,168.095,0
5,4,PSCO,PACE,1580472000,165.819,165.819,0
5,4,PSCO,PACE,1581789600,198.034,211.871,2
5,4,PSCO,PACE,1583107200,195.56,195.56,0
5,4,PSCO,PACE,1584424800,221.046,221.046,0
5,4,PSCO,PACE,1585742400,196.694,196.694,0
5,4,PSCO,PACE,1587060000,211.329,211.329,0
5,4,PSCO,PACE,1588377600,191.484,187.407,2
5,4,PSCO,PACE,1589695200,174.63,174.63,0
5,4,PSCO,PACE,1591012800,224.28,225.601,2
5,4,PSCO,PACE,1592330400,198.399,183.617,2
5,4,PSCO,PACE,1593648000,180.132,180.132,0
5,4,PSCO,PACE,1594965600,204.973,216.392,2
5,4,PSCO,PACE,1596283200,202.105,202.105,0
5,4,PSCO,PACE,1597600800,189.709,189.709,0
5,4,PSCO,PACE,1598918400,238.366,239.606,2
5,4,PSCO,PACE,1600236000,174.02,174.02,0
5,4,PSCO,PACE,1601553600,195.176,195.176,0
5,4,PSCO,PACE,1602871200,211.324,208.122,2
5,4,PSCO,PACE,1604188800,225.924,225.924,0
5,4,PSCO,PACE,1605506400,203.332,203.332,0
5,4,PSCO,PACE,1606824000,147.36,147.36,0
5,4,PSCO,PACE,1608141600,172.796,172.796,0
5,5,PSCO,PACE,1577836800,206.024,206.834,5
5,5,PSCO,PACE,1579154400,172.871,171.399,6
5,5,PSCO,PACE,1580472000,169.046,169.296,4
5,5,PSCO,PACE,1581789600,192.146,211.871,6
5,5,PSCO,PACE,1583107200,197.156,199.368,8
5,5,PSCO,PACE,1584424800,226.19,225.4,2
5,5,PSCO,PACE,1585742400,198.338,201.473,4
5,5,PSCO,PACE,1587060000,209.967,215.845,7
5,5,PSCO,PACE,1588377600,173.45,187.407,6
5,5,PSCO,PACE,1589695200,172.748,177.256,2
5,5,PSCO,PACE,1591012800,217.917,225.601,2
5,5,PSCO,PACE,1592330400,167.225,183.617,4
5,5,PSCO,PACE,1593648000,175.835,183.66,4
5,5,PSCO,PACE,1594965600,197.594,216.392,8
5,5,PSCO,PACE,1596283200,202.92,205.15,4
5,5,PSCO,PACE,1597600800,189.709,189.709,0
5,5,PSCO,PACE,1598918400,232.253,239.606,6
5,5,PSCO,PACE,1600236000,174.02,174.02,0
5,5,PSCO,PACE,1601553600,198.501,198.739,4
5,5,PSCO,PACE,1602871200,193.819,208.122,3
5,5,PSCO,PACE,1604188800,229.595,230.317,2
5,5,PSCO,PACE,1605506400,203.841,206.391,4
5,5,PSCO,PACE,1606824000,147.36,147.36,0
5,5,PSCO,PACE,1608141600,172.796,172.796,0
5,6,PSCO,PACE,1577836800,201.806,201.806,0
5,6,PSCO,PACE,1579154400,168.095,168.095,0
5,6,PSCO,PACE,1580472000,165.819,165.819,0
5,6,PSCO,PACE,1581789600,198.034,211.871,2
5,6,PSCO,PACE,1583107200,195.56,195.56,0
5,6,PSCO,PACE,1584424800,221.046,221.046,0
5,6,PSCO,PACE,1585742400,196.694,196.694,0
5,6,PSCO,PACE,1587060000,211.329,211.329,0
5,6,PSCO,PACE,1588377600,183.63,187.407,1
5,6,PSCO,PACE,1589695200,174.63,174.63,0
5,6,PSCO,PACE,1591012800,220.905,220.905,0
5,6,PSCO,PACE,1592330400,179.992,179.992,0
5,6,PSCO,PACE,1593648000,180.132,180.132,0
5,6,PSCO,PACE,1594965600,203.469,216.392,1
5,6,PSCO,PACE,1596283200,202.105,202.105,0
5,6,PSCO,PACE,1597600800,189.709,189.709,0
5,6,PSCO,PACE,1598918400,234.52,239.606,1
5,6,PSCO,PACE,1600236000,174.02,174.02,0
5,6,PSCO,PACE,1601553600,195.176,195.176,0
5,6,PSCO,PACE,1602871200,202.519,208.122,1
5,6,PSCO,PACE,1604188800,225.924,225.924,0
5,6,PSCO,PACE,1605506400,203.332,203.332,0
5,6,PSCO,PACE,1606824000,147.36,147.36,0
5,6,PSCO,PACE,1608141600,172.796,172.796,0
5,1,TEPC,AECI,1577836800,261.782,261.782,0
5,1,TEPC,AECI,1579154400,260.044,260.044,0
5,1,TEPC,AECI,1580472000,227.287,227.287,0
5,1,TEPC,AECI,1581789600,230.952,230.952,0
5,1,TEPC,AECI,1583107200,213.887,213.887,0
5,1,TEPC,AECI,1584424800,209.261,209.261,0
5,1,TEPC,AECI,1585742400,163.89,163.89,0
5,1,TEPC,AECI,1587060000,178.693,178.693,0
5,1,TEPC,AECI,1588377600,179.254,179.254,0
5,1,TEPC,AECI,1589695200,215.518,215.518,0
5,1,TEPC,AECI,1591012800,222.496,222.496,0
5,1,TEPC,AECI,1592330400,189.451,189.451,0
5,1,TEPC,AECI,1593648000,215.878,215.878,0
5,1,TEPC,AECI,1594965600,207.863,207.863,0
5,1,TEPC,AECI,1596283200,219.66,219.66,0
5,1,TEPC,AECI,1597600800,232.192,232.192,0
5,1,TEPC,AECI,1598918400,219.508,219.508,0
5,1,TEPC,AECI,1600236000,245.174,245.174,0
5,1,TEPC,AECI,1601553600,235.921,235.921,0
5,1,TEPC,AECI,1602871200,262.53,262.53,0
5,1,TEPC,AECI,1604188800,265.706,265.706,0
5,1,TEPC,AECI,1605506400,225.001,225.001,0
5,1,TEPC,AECI,1606824000,193.11,193.11,0
5,1,TEPC,AECI,1608141600,251.11,251.11,0
5,2,TEPC,AECI,1577836800,177.506,267.327,1
5,2,TEPC,AECI,1579154400,191.594,265.972,1
5,2,TEPC,AECI,1580472000,176.407,232.948,5
5,2,TEPC,AECI,1581789600,192.415,234.731,4
5,2,TEPC,AECI,1583107200,175.0,218.268,5
5,2,TEPC,AECI,1584424800,176.754,214.078,3
5,2,TEPC,AECI,1585742400,133.701,167.958,5
5,2,TEPC,AECI,1587060000,147.479,181.485,5
5,2,TEPC,AECI,1588377600,154.949,182.828,5
5,2,TEPC,AECI,1589695200,162.604,220.659,1
5,2,TEPC,AECI,1591012800,156.968,227.481,1
5,2,TEPC,AECI,1592330400,163.982,192.904,5
5,2,TEPC,AECI,1593648000,189.208,220.097,3
5,2,TEPC,AECI,1594965600,180.626,212.83,3
5,2,TEPC,AECI,1596283200,186.061,224.499,1
5,2,TEPC,AECI,1597600800,206.064,236.671,1
5,2,TEPC,AECI,1598918400,184.424,224.177,1
5,2,TEPC,AECI,1600236000,209.552,250.543,3
5,2,TEPC,AECI,1601553600,188.016,240.805,1
5,2,TEPC,AECI,1602871200,184.215,267.329,1
5,2,TEPC,AECI,1604188800,226.638,270.432,7
5,2,TEPC,AECI,1605506400,207.917,230.103,5
5,2,TEPC,AECI,1606824000,191.163,197.447,5
5,2,TEPC,AECI,1608141600,199.356,256.156,1
5,3,TEPC,AECI,1577836800,177.506,267.327,1
5,3,TEPC,AECI,1579154400,191.594,265.972,1
5,3,TEPC,AECI,1580472000,183.505,232.948,1
5,3,TEPC,AECI,1581789600,212.689,234.731,4
5,3,TEPC,AECI,1583107200,213.887,213.887,0
5,3,TEPC,AECI,1584424800,184.608,214.078,1
5,3,TEPC,AECI,1585742400,137.156,167.958,4
5,3,TEPC,AECI,1587060000,174.652,181.485,2
5,3,TEPC,AECI,1588377600,179.254,179.254,0
5,3,TEPC,AECI,1589695200,162.604,220.659,1
5,3,TEPC,AECI,1591012800,156.968,227.481,1
5,3,TEPC,AECI,1592330400,184.84,192.904,4
5,3,TEPC,AECI,1593648000,215.878,215.878,0
5,3,TEPC,AECI,1594965600,201.852,212.83,3
5,3,TEPC,AECI,1596283200,189.631,224.499,1
5,3,TEPC,AECI,1597600800,232.192,232.192,0
5,3,TEPC,AECI,1598918400,186.365,224.177,3
5,3,TEPC,AECI,1600236000,246.517,250.543,1
5,3,TEPC,AECI,1601553600,188.016,240.805,1
5,3,TEPC,AECI,1602871200,184.215,267.329,1
5,3,TEPC,AECI,1604188800,257.515,270.432,2
5,3,TEPC,AECI,1605506400,218.979,230.103,1
5,3,TEPC,AECI,1606824000,193.11,193.11,0
5,3,TEPC,AECI,1608141600,199.356,256.156,1
5,4,TEPC,AECI,1577836800,177.506,267.327,1
5,4,TEPC,AECI,1579154400,191.594,265.972,1
5,4,TEPC,AECI,1580472000,183.505,232.948,1
5,4,TEPC,AECI,1581789600,194.206,234.731,1
5,4,TEPC,AECI,1583107200,182.875,218.268,1
5,4,TEPC,AECI,1584424800,178.134,214.078,1
5,4,TEPC,AECI,1585742400,136.489,167.958,2
5,4,TEPC,AECI,1587060000,149.027,181.485,1
5,4,TEPC,AECI,1588377600,158.196,182.828,1
5,4,TEPC,AECI,1589695200,162.604,220.659,1
5,4,TEPC,AECI,1591012800,156.968,227.481,1
5,4,TEPC,AECI,1592330400,162.567,192.904,1
5,4,TEPC,AECI,1593648000,188.278,220.097,1
5,4,TEPC,AECI,1594965600,179.875,212.83,1
5,4,TEPC,AECI,1596283200,186.061,224.499,1
5,4,TEPC,AECI,1597600800,206.064,236.671,1
5,4,TEPC,AECI,1598918400,184.424,224.177,1
5,4,TEPC,AECI,1600236000,208.45,250.543,1
5,4,TEPC,AECI,1601553600,188.016,240.805,1
5,4,TEPC,AECI,1602871200,184.215,267.329,1
5,4,TEPC,AECI,1604188800,225.081,270.432,1
5,4,TEPC,AECI,1605506400,209.328,230.103,1
5,4,TEPC,AECI,1606824000,193.11,193.11,0
5,4,TEPC,AECI,1608141600,199.356,256.156,1
5,5,TEPC,AECI,1577836800,177.506,267.327,1
5,5,TEPC,AECI,1579154400,191.594,265.972,1
5,5,TEPC,AECI,1580472000,175.851,232.948,5
5,5,TEPC,AECI,1581789600,191.642,234.731,4
5,5,TEPC,AECI,1583107200,173.692,218.268,5
5,5,TEPC,AECI,1584424800,176.414,214.078,3
5,5,TEPC,AECI,1585742400,133.066,167.958,5
5,5,TEPC,AECI,1587060000,146.541,181.485,5
5,5,TEPC,AECI,1588377600,153.976,182.828,5
5,5,TEPC,AECI,1589695200,162.604,220.659,1
5,5,TEPC,AECI,1591012800,156.968,227.481,1
5,5,TEPC,AECI,1592330400,163.505,192.904,5
5,5,TEPC,AECI,1593648000,188.917,220.097,3
5,5,TEPC,AECI,1594965600,180.485,212.83,3
5,5,TEPC,AECI,1596283200,186.061,224.499,1
5,5,TEPC,AECI,1597600800,206.064,236.671,1
5,5,TEPC,AECI,1598918400,184.424,224.177,1
5,5,TEPC,AECI,1600236000,209.097,250.543,3
5,5,TEPC,AECI,1601553600,188.016,240.805,1
5,5,TEPC,AECI,1602871200,184.215,267.329,1
5,5,TEPC,AECI,1604188800,226.115,270.432,7
5,5,TEPC,AECI,1605506400,206.928,230.103,5
5,5,TEPC,AECI,1606824000,190.406,197.447,5
5,5,TEPC,AECI,1608141600,199.356,256.156,1
5,6,TEPC,AECI,1577836800,177.506,267.327,1
5,6,TEPC,AECI,1579154400,191.594,265.972,1
5,6,TEPC,AECI,1580472000,183.505,232.948,1
5,6,TEPC,AECI,1581789600,194.206,234.731,1
5,6,TEPC,AECI,1583107200,177.716,218.268,2
5,6,TEPC,AECI,1584424800,178.134,214.078,1
5,6,TEPC,AECI,1585742400,134.888,167.958,1
5,6,TEPC,AECI,1587060000,149.027,181.485,1
5,6,TEPC,AECI,1588377600,158.196,182.828,1
5,6,TEPC,AECI,1589695200,162.604,220.659,1
5,6,TEPC,AECI,1591012800,156.968,227.481,1
5,6,TEPC,AECI,1592330400,162.567,192.904,1
5,6,TEPC,AECI,1593648000,188.278,220.097,1
5,6,TEPC,AECI,1594965600,179.875,212.83,1
5,6,TEPC,AECI,1596283200,186.061,224.499,1
5,6,TEPC,AECI,1597600800,206.064,236.671,1
5,6,TEPC,AECI,1598918400,184.424,224.177,1
5,6,TEPC,AECI,1600236000,208.45,250.543,1
5,6,TEPC,AECI,1601553600,188.016,240.805,1
5,6,TEPC,AECI,1602871200,184.215,267.329,1
5,6,TEPC,AECI,1604188800,225.081,270.432,1
5,6,TEPC,AECI,1605506400,209.328,230.103,1
5,6,TEPC,AECI,1606824000,193.033,197.447,1
5,6,TEPC,AECI,1608141600,199.356,256.156,1
10,1,AECI,EPE,1577836800,171.652,171.652,0
10,1,AECI,EPE,1579154400,184.829,184.829,0
10,1,AECI,EPE,1580472000,179.08,179.08,0
10,1,AECI,EPE,1581789600,190.047,190.047,0
10,1,AECI,EPE,1583107200,177.533,177.533,0
10,1,AECI,EPE,1584424800,173.609,173.609,0
10,1,AECI,EPE,1585742400,130.078,130.078,0
10,1,AECI,EPE,1587060000,146.519,146.519,0
10,1,AECI,EPE,1588377600,154.192,154.192,0
10,1,AECI,EPE,1589695200,158.058,158.058,0
10,1,AECI,EPE,1591012800,151.782,151.782,0
10,1,AECI,EPE,1592330400,159.195,159.195,0
10,1,AECI,EPE,1593648000,183.868,183.868,0
10,1,AECI,EPE,1594965600,175.21,175.21,0
10,1,AECI,EPE,1596283200,180.832,180.832,0
10,1,AECI,EPE,1597600800,201.072,201.072,0
10,1,AECI,EPE,1598918400,180.384,180.384,0
10,1,AECI,EPE,1600236000,202.899,202.899,0
10,1,AECI,EPE,1601553600,182.573,182.573,0
10,1,AECI,EPE,1602871200,178.75,178.75,0
10,1,AECI,EPE,1604188800,219.569,219.569,0
10,1,AECI,EPE,1605506400,205.232,205.232,0
10,1,AECI,EPE,1606824000,196.187,196.187,0
10,1,AECI,EPE,1608141600,194.483,194.483,0
10,2,AECI,EPE,1577836800,176.836,175.342,2
10,2,AECI,EPE,1579154400,191.2,188.789,4
10,2,AECI,EPE,1580472000,173.163,182.532,4
10,2,AECI,EPE,1581789600,185.963,198.479,7
10,2,AECI,EPE,1583107200,179.957,181.799,4
10,2,AECI,EPE,1584424800,179.061,176.679,4
10,2,AECI,EPE,1585742400,130.078,130.078,0
10,2,AECI,EPE,1587060000,150.647,149.147,4
10,2,AECI,EPE,1588377600,158.481,157.765,4
10,2,AECI,EPE,1589695200,162.309,161.536,2
10,2,AECI,EPE,1591012800,151.782,151.782,0
10,2,AECI,EPE,1592330400,163.857,162.435,2
10,2,AECI,EPE,1593648000,191.076,187.798,6
10,2,AECI,EPE,1594965600,175.21,175.21,0
10,2,AECI,EPE,1596283200,185.488,184.458,2
10,2,AECI,EPE,1597600800,205.235,205.228,3
10,2,AECI,EPE,1598918400,186.591,183.948,4
10,2,AECI,EPE,1600236000,198.158,206.444,4
10,2,AECI,EPE,1601553600,188.728,185.848,4
10,2,AECI,EPE,1602871200,186.016,182.572,4
10,2,AECI,EPE,1604188800,210.07,223.947,6
10,2,AECI,EPE,1605506400,206.082,211.558,8
10,2,AECI,EPE,1606824000,193.634,200.233,4
10,2,AECI,EPE,1608141600,199.058,198.171,4
10,3,AECI,EPE,1577836800,207.073,175.342,1
10,3,AECI,EPE,1579154400,211.696,188.789,1
10,3,AECI,EPE,1580472000,173.865,182.532,3
10,3,AECI,EPE,1581789600,180.917,194.225,1
10,3,AECI,EPE,1583107200,207.033,181.799,1
10,3,AECI,EPE,1584424800,200.429,176.679,2
10,3,AECI,EPE,1585742400,140.406,133.734,3
10,3,AECI,EPE,1587060000,175.231,149.147,1
10,3,AECI,EPE,1588377600,187.735,157.765,1
10,3,AECI,EPE,1589695200,191.21,161.536,2
10,3,AECI,EPE,1591012800,151.782,151.782,0
10,3,AECI,EPE,1592330400,166.892,162.435,1
10,3,AECI,EPE,1593648000,202.644,187.798,1
10,3,AECI,EPE,1594965600,203.764,178.469,4
10,3,AECI,EPE,1596283200,196.402,184.458,2
10,3,AECI,EPE,1597600800,219.187,205.228,1
10,3,AECI,EPE,1598918400,208.208,183.948,1
10,3,AECI,EPE,1600236000,204.16,206.444,2
10,3,AECI,EPE,1601553600,196.085,185.848,2
10,3,AECI,EPE,1602871200,186.068,182.572,1
10,3,AECI,EPE,1604188800,220.315,223.947,1
10,3,AECI,EPE,1605506400,202.879,208.412,2
10,3,AECI,EPE,1606824000,203.795,200.233,1
10,3,AECI,EPE,1608141600,220.637,198.171,1
10,4,AECI,EPE,1577836800,171.652,171.652,0
10,4,AECI,EPE,1579154400,184.829,184.829,0
10,4,AECI,EPE,1580472000,177.911,182.532,2
10,4,AECI,EPE,1581789600,183.905,194.225,2
10,4,AECI,EPE,1583107200,177.533,177.533,0
10,4,AECI,EPE,1584424800,173.609,173.609,0
10,4,AECI,EPE,1585742400,130.078,130.078,0
10,4,AECI,EPE,1587060000,146.519,146.519,0
10,4,AECI,EPE,1588377600,154.192,154.192,0
10,4,AECI,EPE,1589695200,158.058,158.058,0
10,4,AECI,EPE,1591012800,151.782,151.782,0
10,4,AECI,EPE,1592330400,159.195,159.195,0
10,4,AECI,EPE,1593648000,183.868,183.868,0
10,4,AECI,EPE,1594965600,175.21,175.21,0
10,4,AECI,EPE,1596283200,180.832,180.832,0
10,4,AECI,EPE,1597600800,204.99,205.228,1
10,4,AECI,EPE,1598918400,180.384,180.384,0
10,4,AECI,EPE,1600236000,203.0,206.444,1
10,4,AECI,EPE,1601553600,182.573,182.573,0
10,4,AECI,EPE,1602871200,178.75,178.75,0
10,4,AECI,EPE,1604188800,217.874,223.947,2
10,4,AECI,EPE,1605506400,207.036,208.412,2
10,4,AECI,EPE,1606824000,196.187,196.187,0
10,4,AECI,EPE,1608141600,194.483,194.483,0
10,5,AECI,EPE,1577836800,176.657,175.342,2
10,5,AECI,EPE,1579154400,190.413,188.789,4
10,5,AECI,EPE,1580472000,172.828,182.532,4
10,5,AECI,EPE,1581789600,185.02,198.479,7
10,5,AECI,EPE,1583107200,179.303,181.799,4
10,5,AECI,EPE,1584424800,178.657,176.679,4
10,5,AECI,EPE,1585742400,130.078,130.078,0
10,5,AECI,EPE,1587060000,148.883,149.147,2
10,5,AECI,EPE,1588377600,157.984,157.765,4
10,5,AECI,EPE,1589695200,162.127,161.536,2
10,5,AECI,EPE,1591012800,151.782,151.782,0
10,5,AECI,EPE,1592330400,163.721,162.435,2
10,5,AECI,EPE,1593648000,190.016,187.798,6
10,5,AECI,EPE,1594965600,175.21,175.21,0
10,5,AECI,EPE,1596283200,185.214,184.458,2
10,5,AECI,EPE,1597600800,205.533,205.228,4
10,5,AECI,EPE,1598918400,186.339,183.948,4
10,5,AECI,EPE,1600236000,196.77,206.444,4
10,5,AECI,EPE,1601553600,188.072,185.848,4
10,5,AECI,EPE,1602871200,185.242,182.572,4
10,5,AECI,EPE,1604188800,207.511,223.947,4
10,5,AECI,EPE,1605506400,204.849,211.558,8
10,5,AECI,EPE,1606824000,192.949,200.233,4
10,5,AECI,EPE,1608141600,198.386,198.171,4
10,6,AECI,EPE,1577836800,171.652,171.652,0
10,6,AECI,EPE,1579154400,184.829,184.829,0
10,6,AECI,EPE,1580472000,179.08,179.08,0
10,6,AECI,EPE,1581789600,180.917,194.225,1
10,6,AECI,EPE,1583107200,177.533,177.533,0
10,6,AECI,EPE,1584424800,173.609,173.609,0
10,6,AECI,EPE,1585742400,130.078,130.078,0
10,6,AECI,EPE,1587060000,146.519,146.519,0
10,6,AECI,EPE,1588377600,154.192,154.192,0
10,6,AECI,EPE,1589695200,158.058,158.058,0
10,6,AECI,EPE,1591012800,151.782,151.782,0
10,6,AECI,EPE,1592330400,159.195,159.195,0
10,6,AECI,EPE,1593648000,183.868,183.868,0
10,6,AECI,EPE,1594965600,175.21,175.21,0
10,6,AECI,EPE,1596283200,180.832,180.832,0
10,6,AECI,EPE,1597600800,201.072,201.072,0
10,6,AECI,EPE,1598918400,180.384,180.384,0
10,6,AECI,EPE,1600236000,202.357,206.444,1
10,6,AECI,EPE,1601553600,182.573,182.573,0
10,6,AECI,EPE,1602871200,178.75,178.75,0
10,6,AECI,EPE,1604188800,219.105,223.947,1
10,6,AECI,EPE,1605506400,205.232,205.232,0
10,6,AECI,EPE,1606824000,196.187,196.187,0
10,6,AECI,EPE,1608141600,194.483,194.483,0
10,1,AECI,PACE,1577836800,171.652,171.652,0
10,1,AECI,PACE,1579154400,184.829,184.829,0
10,1,AECI,PACE,1580472000,179.08,179.08,0
10,1,AECI,PACE,1581789600,190.047,190.047,0
10,1,AECI,PACE,1583107200,177.533,177.533,0
10,1,AECI,PACE,1584424800,173.609,173.609,0
10,1,AECI,PACE,1585742400,130.078,130.078,0
10,1,AECI,PACE,1587060000,146.519,146.519,0
10,1,AECI,PACE,1588377600,154.192,154.192,0
10,1,AECI,PACE,1589695200,158.058,158.058,0
10,1,AECI,PACE,1591012800,151.782,151.782,0
10,1,AECI,PACE,1592330400,159.195,159.195,0
10,1,AECI,PACE,1593648000,183.868,183.868,0
10,1,AECI,PACE,1594965600,175.21,175.21,0
10,1,AECI,PACE,1596283200,180.832,180.832,0
10,1,AECI,PACE,1597600800,201.072,201.072,0
10,1,AECI,PACE,1598918400,180.384,180.384,0
10,1,AECI,PACE,1600236000,202.899,202.899,0
10,1,AECI,PACE,1601553600,182.573,182.573,0
10,1,AECI,PACE,1602871200,178.75,178.75,0
10,1,AECI,PACE,1604188800,219.569,219.569,0
10,1,AECI,PACE,1605506400,205.232,205.232,0
10,1,AECI,PACE,1606824000,196.187,196.187,0
10,1,AECI,PACE,1608141600,194.483,194.483,0
10,2,AECI,PACE,1577836800,176.719,175.342,2
10,2,AECI,PACE,1579154400,190.081,188.789,2
10,2,AECI,PACE,1580472000,177.924,182.532,4
10,2,AECI,PACE,1581789600,187.09,194.225,5
10,2,AECI,PACE,1583107200,173.864,181.799,3
10,2,AECI,PACE,1584424800,173.609,173.609,0
10,2,AECI,PACE,1585742400,130.078,130.078,0
10,2,AECI,PACE,1587060000,150.234,149.147,2
10,2,AECI,PACE,1588377600,149.577,157.765,3
10,2,AECI,PACE,1589695200,163.542,161.536,2
10,2,AECI,PACE,1591012800,151.782,151.782,0
10,2,AECI,PACE,1592330400,159.863,162.435,4
10,2,AECI,PACE,1593648000,193.236,191.747,8
10,2,AECI,PACE,1594965600,180.307,178.469,6
10,2,AECI,PACE,1596283200,186.016,184.458,2
10,2,AECI,PACE,1597600800,201.072,201.072,0
10,2,AECI,PACE,1598918400,180.384,180.384,0
10,2,AECI,PACE,1600236000,202.899,202.899,0
10,2,AECI,PACE,1601553600,187.29,185.848,2
10,2,AECI,PACE,1602871200,186.881,186.552,7
10,2,AECI,PACE,1604188800,220.943,223.947,2
10,2,AECI,PACE,1605506400,209.444,208.412,4
10,2,AECI,PACE,1606824000,205.394,200.233,6
10,2,AECI,PACE,1608141600,200.557,198.171,4
10,3,AECI,PACE,1577836800,190.302,175.342,2
10,3,AECI,PACE,1579154400,212.218,188.789,4
10,3,AECI,PACE,1580472000,188.075,182.532,2
10,3,AECI,PACE,1581789600,202.101,194.225,1
10,3,AECI,PACE,1583107200,211.873,181.799,1
10,3,AECI,PACE,1584424800,173.609,173.609,0
10,3,AECI,PACE,1585742400,130.078,130.078,0
10,3,AECI,PACE,1587060000,146.519,146.519,0
10,3,AECI,PACE,1588377600,184.393,157.765,1
10,3,AECI,PACE,1589695200,165.566,161.536,2
10,3,AECI,PACE,1591012800,151.782,151.782,0
10,3,AECI,PACE,1592330400,159.195,159.195,0
10,3,AECI,PACE,1593648000,217.16,187.798,1
10,3,AECI,PACE,1594965600,182.312,178.469,4
10,3,AECI,PACE,1596283200,180.832,180.832,0
10,3,AECI,PACE,1597600800,216.991,205.228,3
10,3,AECI,PACE,1598918400,192.537,183.948,3
10,3,AECI,PACE,1600236000,221.529,206.444,2
10,3,AECI,PACE,1601553600,182.573,182.573,0
10,3,AECI,PACE,1602871200,198.969,182.572,5
10,3,AECI,PACE,1604188800,250.506,223.947,3
10,3,AECI,PACE,1605506400,224.342,208.412,2
10,3,AECI,PACE,1606824000,218.355,200.233,4
10,3,AECI,PACE,1608141600,208.063,198.171,2
10,4,AECI,PACE,1577836800,171.652,171.652,0
10,4,AECI,PACE,1579154400,184.829,184.829,0
10,4,AECI,PACE,1580472000,179.08,179.08,0
10,4,AECI,PACE,1581789600,190.047,190.047,0
10,4,AECI,PACE,1583107200,177.533,177.533,0
10,4,AECI,PACE,1584424800,173.609,173.609,0
10,4,AECI,PACE,1585742400,130.078,130.078,0
10,4,AECI,PACE,1587060000,146.519,146.519,0
10,4,AECI,PACE,1588377600,154.192,154.192,0
10,4,AECI,PACE,1589695200,158.058,158.058,0
10,4,AECI,PACE,1591012800,151.782,151.782,0
10,4,AECI,PACE,1592330400,159.195,159.195,0
10,4,AECI,PACE,1593648000,183.868,183.868,0
10,4,AECI,PACE,1594965600,175.21,175.21,0
10,4,AECI,PACE,1596283200,180.832,180.832,0
10,4,AECI,PACE,1597600800,201.072,201.072,0
10,4,AECI,PACE,1598918400,180.384,180.384,0
10,4,AECI,PACE,1600236000,202.899,202.899,0
10,4,AECI,PACE,1601553600,182.573,182.573,0
10,4,AECI,PACE,1602871200,178.75,178.75,0
10,4,AECI,PACE,1604188800,219.569,219.569,0
10,4,AECI,PACE,1605506400,205.232,205.232,0
10,4,AECI,PACE,1606824000,196.187,196.187,0
10,4,AECI,PACE,1608141600,194.483,194.483,0
10,5,AECI,PACE,1577836800,176.67,175.342,2
10,5,AECI,PACE,1579154400,190.049,188.789,2
10,5,AECI,PACE,1580472000,176.351,182.532,4
10,5,AECI,PACE,1581789600,186.255,194.225,5
10,5,AECI,PACE,1583107200,173.898,181.799,4
10,5,AECI,PACE,1584424800,173.609,173.609,0
10,5,AECI,PACE,1585742400,130.078,130.078,0
10,5,AECI,PACE,1587060000,150.16,149.147,2
10,5,AECI,PACE,1588377600,148.566,157.765,3
10,5,AECI,PACE,1589695200,162.606,161.536,2
10,5,AECI,PACE,1591012800,151.782,151.782,0
10,5,AECI,PACE,1592330400,159.211,162.435,4
10,5,AECI,PACE,1593648000,191.264,191.747,8
10,5,AECI,PACE,1594965600,177.962,178.469,6
10,5,AECI,PACE,1596283200,185.847,184.458,2
10,5,AECI,PACE,1597600800,201.072,201.072,0
10,5,AECI,PACE,1598918400,180.384,180.384,0
10,5,AECI,PACE,1600236000,202.899,202.899,0
10,5,AECI,PACE,1601553600,187.255,185.848,2
10,5,AECI,PACE,1602871200,185.458,186.552,7
10,5,AECI,PACE,1604188800,220.556,223.947,2
10,5,AECI,PACE,1605506400,208.605,208.412,4
10,5,AECI,PACE,1606824000,204.357,200.233,6
10,5,AECI,PACE,1608141600,200.03,198.171,4
10,6,AECI,PACE,1577836800,171.652,171.652,0
10,6,AECI,PACE,1579154400,184.829,184.829,0
10,6,AECI,PACE,1580472000,179.08,179.08,0
10,6,AECI,PACE,1581789600,190.047,190.047,0
10,6,AECI,PACE,1583107200,176.952,181.799,1
10,6,AECI,PACE,1584424800,173.609,173.609,0
10,6,AECI,PACE,1585742400,130.078,130.078,0
10,6,AECI,PACE,1587060000,146.519,146.519,0
10,6,AECI,PACE,1588377600,154.131,157.765,1
10,6,AECI,PACE,1589695200,158.058,158.058,0
10,6,AECI,PACE,1591012800,151.782,151.782,0
10,6,AECI,PACE,1592330400,159.195,159.195,0
10,6,AECI,PACE,1593648000,183.868,183.868,0
10,6,AECI,PACE,1594965600,175.21,175.21,0
10,6,AECI,PACE,1596283200,180.832,180.832,0
10,6,AECI,PACE,1597600800,201.072,201.072,0
10,6,AECI,PACE,1598918400,180.384,180.384,0
10,6,AECI,PACE,1600236000,202.899,202.899,0
10,6,AECI,PACE,1601553600,182.573,182.573,0
10,6,AECI,PACE,1602871200,178.75,178.75,0
10,6,AECI,PACE,1604188800,219.569,219.569,0
10,6,AECI,PACE,1605506400,205.232,205.232,0
10,6,AECI,PACE,1606824000,196.187,196.187,0
10,6,AECI,PACE,1608141600,194.483,194.483,0
10,1,AECI,TEPC,1577836800,171.652,171.652,0
10,1,AECI,TEPC,1579154400,184.829,184.829,0
10,1,AECI,TEPC,1580472000,179.08,179.08,0
10,1,AECI,TEPC,1581789600,190.047,190.047,0
10,1,AECI,TEPC,1583107200,177.533,177.533,0
10,1,AECI,TEPC,1584424800,173.609,173.609,0
10,1,AECI,TEPC,1585742400,130.078,130.078,0
10,1,AECI,TEPC,1587060000,146.519,146.519,0
10,1,AECI,TEPC,1588377600,154.192,154.192,0
10,1,AECI,TEPC,1589695200,158.058,158.058,0
10,1,AECI,TEPC,1591012800,151.782,151.782,0
10,1,AECI,TEPC,1592330400,159.195,159.195,0
10,1,AECI,TEPC,1593648000,183.868,183.868,0
10,1,AECI,TEPC,1594965600,175.21,175.21,0
10,1,AECI,TEPC,1596283200,180.832,180.832,0
10,1,AECI,TEPC,1597600800,201.072,201.072,0
10,1,AECI,TEPC,1598918400,180.384,180.384,0
10,1,AECI,TEPC,1600236000,202.899,202.899,0
10,1,AECI,TEPC,1601553600,182.573,182.573,0
10,1,AECI,TEPC,1602871200,178.75,178.75,0
10,1,AECI,TEPC,1604188800,219.569,219.569,0
10,1,AECI,TEPC,1605506400,205.232,205.232,0
10,1,AECI,TEPC,1606824000,196.187,196.187,0
10,1,AECI,TEPC,1608141600,194.483,194.483,0
10,2,AECI,TEPC,1577836800,171.652,171.652,0
10,2,AECI,TEPC,1579154400,184.829,184.829,0
10,2,AECI,TEPC,1580472000,176.733,182.532,4
10,2,AECI,TEPC,1581789600,194.822,194.225,5
10,2,AECI,TEPC,1583107200,175.327,181.799,4
10,2,AECI,TEPC,1584424800,175.94,176.679,2
10,2,AECI,TEPC,1585742400,133.52,133.734,4
10,2,AECI,TEPC,1587060000,149.563,149.147,6
10,2,AECI,TEPC,1588377600,155.69,157.765,4
10,2,AECI,TEPC,1589695200,158.058,158.058,0
10,2,AECI,TEPC,1591012800,151.782,151.782,0
10,2,AECI,TEPC,1592330400,166.349,162.435,6
10,2,AECI,TEPC,1593648000,189.411,187.798,2
10,2,AECI,TEPC,1594965600,179.902,178.469,2
10,2,AECI,TEPC,1596283200,180.832,180.832,0
10,2,AECI,TEPC,1597600800,201.072,201.072,0
10,2,AECI,TEPC,1598918400,180.384,180.384,0
10,2,AECI,TEPC,1600236000,208.372,206.444,2
10,2,AECI,TEPC,1601553600,182.573,182.573,0
10,2,AECI,TEPC,1602871200,178.75,178.75,0
10,2,AECI,TEPC,1604188800,228.094,223.947,6
10,2,AECI,TEPC,1605506400,208.502,208.412,4
10,2,AECI,TEPC,1606824000,191.977,200.233,4
10,2,AECI,TEPC,1608141600,194.483,194.483,0
10,3,AECI,TEPC,1577836800,171.652,171.652,0
10,3,AECI,TEPC,1579154400,184.829,184.829,0
10,3,AECI,TEPC,1580472000,179.08,179.08,0
10,3,AECI,TEPC,1581789600,214.617,194.225,5
10,3,AECI,TEPC,1583107200,218.175,181.799,1
10,3,AECI,TEPC,1584424800,184.38,176.679,2
10,3,AECI,TEPC,1585742400,136.703,133.734,3
10,3,AECI,TEPC,1587060000,175.869,149.147,3
10,3,AECI,TEPC,1588377600,183.269,157.765,1
10,3,AECI,TEPC,1589695200,163.169,161.536,2
10,3,AECI,TEPC,1591012800,151.782,151.782,0
10,3,AECI,TEPC,1592330400,186.438,162.435,3
10,3,AECI,TEPC,1593648000,220.635,187.798,1
10,3,AECI,TEPC,1594965600,200.992,178.469,4
10,3,AECI,TEPC,1596283200,188.917,184.458,2
10,3,AECI,TEPC,1597600800,236.872,205.228,1
10,3,AECI,TEPC,1598918400,187.852,183.948,4
10,3,AECI,TEPC,1600236000,245.061,206.444,2
10,3,AECI,TEPC,1601553600,182.573,182.573,0
10,3,AECI,TEPC,1602871200,185.008,182.572,2
10,3,AECI,TEPC,1604188800,258.402,223.947,3
10,3,AECI,TEPC,1605506400,219.791,208.412,2
10,3,AECI,TEPC,1606824000,197.878,200.233,1
10,3,AECI,TEPC,1608141600,194.483,194.483,0
10,4,AECI,TEPC,1577836800,171.652,171.652,0
10,4,AECI,TEPC,1579154400,184.829,184.829,0
10,4,AECI,TEPC,1580472000,179.08,179.08,0
10,4,AECI,TEPC,1581789600,190.047,190.047,0
10,4,AECI,TEPC,1583107200,177.533,177.533,0
10,4,AECI,TEPC,1584424800,173.609,173.609,0
10,4,AECI,TEPC,1585742400,130.078,130.078,0
10,4,AECI,TEPC,1587060000,146.519,146.519,0
10,4,AECI,TEPC,1588377600,154.192,154.192,0
10,4,AECI,TEPC,1589695200,158.058,158.058,0
10,4,AECI,TEPC,1591012800,151.782,151.782,0
10,4,AECI,TEPC,1592330400,159.195,159.195,0
10,4,AECI,TEPC,1593648000,183.868,183.868,0
10,4,AECI,TEPC,1594965600,175.21,175.21,0
10,4,AECI,TEPC,1596283200,180.832,180.832,0
10,4,AECI,TEPC,1597600800,201.072,201.072,0
10,4,AECI,TEPC,1598918400,180.384,180.384,0
10,4,AECI,TEPC,1600236000,202.899,202.899,0
10,4,AECI,TEPC,1601553600,182.573,182.573,0
10,4,AECI,TEPC,1602871200,178.75,178.75,0
10,4,AECI,TEPC,1604188800,219.569,219.569,0
10,4,AECI,TEPC,1605506400,205.232,205.232,0
10,4,AECI,TEPC,1606824000,198.722,200.233,1
10,4,AECI,TEPC,1608141600,194.483,194.483,0
10,5,AECI,TEPC,1577836800,171.652,171.652,0
10,5,AECI,TEPC,1579154400,184.829,184.829,0
10,5,AECI,TEPC,1580472000,176.13,182.532,4
10,5,AECI,TEPC,1581789600,194.002,194.225,5
10,5,AECI,TEPC,1583107200,173.926,181.799,4
10,5,AECI,TEPC,1584424800,175.565,176.679,2
10,5,AECI,TEPC,1585742400,132.847,133.734,4
10,5,AECI,TEPC,1587060000,148.578,149.147,6
10,5,AECI,TEPC,1588377600,154.656,157.765,4
10,5,AECI,TEPC,1589695200,158.058,158.058,0
10,5,AECI,TEPC,1591012800,151.782,151.782,0
10,5,AECI,TEPC,1592330400,164.517,162.435,4
10,5,AECI,TEPC,1593648000,189.113,187.798,2
10,5,AECI,TEPC,1594965600,179.751,178.469,2
10,5,AECI,TEPC,1596283200,180.832,180.832,0
10,5,AECI,TEPC,1597600800,201.072,201.072,0
10,5,AECI,TEPC,1598918400,180.384,180.384,0
10,5,AECI,TEPC,1600236000,207.859,206.444,2
10,5,AECI,TEPC,1601553600,182.573,182.573,0
10,5,AECI,TEPC,1602871200,178.75,178.75,0
10,5,AECI,TEPC,1604188800,227.506,223.947,6
10,5,AECI,TEPC,1605506400,207.465,208.412,4
10,5,AECI,TEPC,1606824000,191.187,200.233,4
10,5,AECI,TEPC,1608141600,194.483,194.483,0
10,6,AECI,TEPC,1577836800,171.652,171.652,0
10,6,AECI,TEPC,1579154400,184.829,184.829,0
10,6,AECI,TEPC,1580472000,179.08,179.08,0
10,6,AECI,TEPC,1581789600,190.047,190.047,0
10,6,AECI,TEPC,1583107200,176.967,181.799,1
10,6,AECI,TEPC,1584424800,173.609,173.609,0
10,6,AECI,TEPC,1585742400,130.078,130.078,0
10,6,AECI,TEPC,1587060000,146.519,146.519,0
10,6,AECI,TEPC,1588377600,154.192,154.192,0
10,6,AECI,TEPC,1589695200,158.058,158.058,0
10,6,AECI,TEPC,1591012800,151.782,151.782,0
10,6,AECI,TEPC,1592330400,159.195,159.195,0
10,6,AECI,TEPC,1593648000,183.868,183.868,0
10,6,AECI,TEPC,1594965600,175.21,175.21,0
10,6,AECI,TEPC,1596283200,180.832,180.832,0
10,6,AECI,TEPC,1597600800,201.072,201.072,0
10,6,AECI,TEPC,1598918400,180.384,180.384,0
10,6,AECI,TEPC,1600236000,202.899,202.899,0
10,6,AECI,TEPC,1601553600,182.573,182.573,0
10,6,AECI,TEPC,1602871200,178.75,178.75,0
10,6,AECI,TEPC,1604188800,219.569,219.569,0
10,6,AECI,TEPC,1605506400,205.232,205.232,0
10,6,AECI,TEPC,1606824000,196.187,196.187,0
10,6,AECI,TEPC,1608141600,194.483,194.483,0
10,1,BANC,CISO,1577836800,76.253,76.253,0
10,1,BANC,CISO,1579154400,81.548,81.548,0
10,1,BANC,CISO,1580472000,55.83,55.83,0
10,1,BANC,CISO,1581789600,52.267,52.267,0
10,1,BANC,CISO,1583107200,52.43,52.43,0
10,1,BANC,CISO,1584424800,83.316,83.316,0
10,1,BANC,CISO,1585742400,44.33,44.33,0
10,1,BANC,CISO,1587060000,33.313,33.313,0
10,1,BANC,CISO,1588377600,42.749,42.749,0
10,1,BANC,CISO,1589695200,42.187,42.187,0
10,1,BANC,CISO,1591012800,42.378,42.378,0
10,1,BANC,CISO,1592330400,40.383,40.383,0
10,1,BANC,CISO,1593648000,37.688,37.688,0
10,1,BANC,CISO,1594965600,55.204,55.204,0
10,1,BANC,CISO,1596283200,56.684,56.684,0
10,1,BANC,CISO,1597600800,78.197,78.197,0
10,1,BANC,CISO,1598918400,75.022,75.022,0
10,1,BANC,CISO,1600236000,80.174,80.174,0
10,1,BANC,CISO,1601553600,81.036,81.036,0
10,1,BANC,CISO,1602871200,74.249,74.249,0
10,1,BANC,CISO,1604188800,87.09,87.09,0
10,1,BANC,CISO,1605506400,93.475,93.475,0
10,1,BANC,CISO,1606824000,108.643,108.643,0
10,1,BANC,CISO,1608141600,91.972,91.972,0
10,2,BANC,CISO,1577836800,77.593,77.755,2
10,2,BANC,CISO,1579154400,81.548,81.548,0
10,2,BANC,CISO,1580472000,55.83,55.83,0
10,2,BANC,CISO,1581789600,53.669,53.687,5
10,2,BANC,CISO,1583107200,53.818,53.467,2
10,2,BANC,CISO,1584424800,83.316,83.316,0
10,2,BANC,CISO,1585742400,45.47,45.136,2
10,2,BANC,CISO,1587060000,33.313,33.313,0
10,2,BANC,CISO,1588377600,40.505,43.544,5
10,2,BANC,CISO,1589695200,39.736,43.181,4
10,2,BANC,CISO,1591012800,42.378,42.378,0
10,2,BANC,CISO,1592330400,40.722,41.117,4
10,2,BANC,CISO,1593648000,38.636,38.452,2
10,2,BANC,CISO,1594965600,57.091,56.286,4
10,2,BANC,CISO,1596283200,58.329,57.855,4
10,2,BANC,CISO,1597600800,78.197,78.197,0
10,2,BANC,CISO,1598918400,77.359,76.177,4
10,2,BANC,CISO,1600236000,80.174,80.174,0
10,2,BANC,CISO,1601553600,81.036,81.036,0
10,2,BANC,CISO,1602871200,74.249,74.249,0
10,2,BANC,CISO,1604188800,88.381,88.215,2
10,2,BANC,CISO,1605506400,95.172,95.731,4
10,2,BANC,CISO,1606824000,110.952,111.264,4
10,2,BANC,CISO,1608141600,94.9,93.461,6
10,3,BANC,CISO,1577836800,78.815,77.755,2
10,3,BANC,CISO,1579154400,81.548,81.548,0
10,3,BANC,CISO,1580472000,55.83,55.83,0
10,3,BANC,CISO,1581789600,53.791,53.687,1
10,3,BANC,CISO,1583107200,55.271,53.467,2
10,3,BANC,CISO,1584424800,83.316,83.316,0
10,3,BANC,CISO,1585742400,44.33,44.33,0
10,3,BANC,CISO,1587060000,34.224,33.965,1
10,3,BANC,CISO,1588377600,56.851,43.544,3
10,3,BANC,CISO,1589695200,45.287,43.181,2
10,3,BANC,CISO,1591012800,42.378,42.378,0
10,3,BANC,CISO,1592330400,42.077,41.117,2
10,3,BANC,CISO,1593648000,39.906,38.452,2
10,3,BANC,CISO,1594965600,55.204,55.204,0
10,3,BANC,CISO,1596283200,56.684,56.684,0
10,3,BANC,CISO,1597600800,78.197,78.197,0
10,3,BANC,CISO,1598918400,81.805,76.177,4
10,3,BANC,CISO,1600236000,80.174,80.174,0
10,3,BANC,CISO,1601553600,81.036,81.036,0
10,3,BANC,CISO,1602871200,76.39,75.808,1
10,3,BANC,CISO,1604188800,87.09,87.09,0
10,3,BANC,CISO,1605506400,121.301,95.731,3
10,3,BANC,CISO,1606824000,124.417,111.264,1
10,3,BANC,CISO,1608141600,94.839,93.461,3
10,4,BANC,CISO,1577836800,76.253,76.253,0
10,4,BANC,CISO,1579154400,81.548,81.548,0
10,4,BANC,CISO,1580472000,55.83,55.83,0
10,4,BANC,CISO,1581789600,52.267,52.267,0
10,4,BANC,CISO,1583107200,52.43,52.43,0
10,4,BANC,CISO,1584424800,83.316,83.316,0
10,4,BANC,CISO,1585742400,44.33,44.33,0
10,4,BANC,CISO,1587060000,33.313,33.313,0
10,4,BANC,CISO,1588377600,42.749,42.749,0
10,4,BANC,CISO,1589695200,42.187,42.187,0
10,4,BANC,CISO,1591012800,42.378,42.378,0
10,4,BANC,CISO,1592330400,40.383,40.383,0
10,4,BANC,CISO,1593648000,37.688,37.688,0
10,4,BANC,CISO,1594965600,55.204,55.204,0
10,4,BANC,CISO,1596283200,56.684,56.684,0
10,4,BANC,CISO,1597600800,78.197,78.197,0
10,4,BANC,CISO,1598918400,75.022,75.022,0
10,4,BANC,CISO,1600236000,80.174,80.174,0
10,4,BANC,CISO,1601553600,81.036,81.036,0
10,4,BANC,CISO,1602871200,74.249,74.249,0
10,4,BANC,CISO,1604188800,87.09,87.09,0
10,4,BANC,CISO,1605506400,93.475,93.475,0
10,4,BANC,CISO,1606824000,108.643,108.643,0
10,4,BANC,CISO,1608141600,91.972,91.972,0
10,5,BANC,CISO,1577836800,77.263,77.755,2
10,5,BANC,CISO,1579154400,81.548,81.548,0
10,5,BANC,CISO,1580472000,55.83,55.83,0
10,5,BANC,CISO,1581789600,52.988,53.687,5
10,5,BANC,CISO,1583107200,53.678,53.467,2
10,5,BANC,CISO,1584424800,83.316,83.316,0
10,5,BANC,CISO,1585742400,45.22,45.136,2
10,5,BANC,CISO,1587060000,33.313,33.313,0
10,5,BANC,CISO,1588377600,39.206,43.544,4
10,5,BANC,CISO,1589695200,38.907,43.181,4
10,5,BANC,CISO,1591012800,42.378,42.378,0
10,5,BANC,CISO,1592330400,40.323,41.117,4
10,5,BANC,CISO,1593648000,38.534,38.452,2
10,5,BANC,CISO,1594965600,56.842,56.286,4
10,5,BANC,CISO,1596283200,57.829,57.855,4
10,5,BANC,CISO,1597600800,78.197,78.197,0
10,5,BANC,CISO,1598918400,77.072,76.177,4
10,5,BANC,CISO,1600236000,80.174,80.174,0
10,5,BANC,CISO,1601553600,81.036,81.036,0
10,5,BANC,CISO,1602871200,74.249,74.249,0
10,5,BANC,CISO,1604188800,88.201,88.215,2
10,5,BANC,CISO,1605506400,94.004,95.731,4
10,5,BANC,CISO,1606824000,110.484,111.264,4
10,5,BANC,CISO,1608141600,93.56,93.461,6
10,6,BANC,CISO,1577836800,76.253,76.253,0
10,6,BANC,CISO,1579154400,81.548,81.548,0
10,6,BANC,CISO,1580472000,55.83,55.83,0
10,6,BANC,CISO,1581789600,52.267,52.267,0
10,6,BANC,CISO,1583107200,52.43,52.43,0
10,6,BANC,CISO,1584424800,83.316,83.316,0
10,6,BANC,CISO,1585742400,44.33,44.33,0
10,6,BANC,CISO,1587060000,33.313,33.313,0
10,6,BANC,CISO,1588377600,42.595,43.544,1
10,6,BANC,CISO,1589695200,42.187,42.187,0
10,6,BANC,CISO,1591012800,42.378,42.378,0
10,6,BANC,CISO,1592330400,40.383,40.383,0
10,6,BANC,CISO,1593648000,37.688,37.688,0
10,6,BANC,CISO,1594965600,55.204,55.204,0
10,6,BANC,CISO,1596283200,56.684,56.684,0
10,6,BANC,CISO,1597600800,78.197,78.197,0
10,6,BANC,CISO,1598918400,75.022,75.022,0
10,6,BANC,CISO,1600236000,80.174,80.174,0
10,6,BANC,CISO,1601553600,81.036,81.036,0
10,6,BANC,CISO,1602871200,74.249,74.249,0
10,6,BANC,CISO,1604188800,87.09,87.09,0
10,6,BANC,CISO,1605506400,93.475,93.475,0
10,6,BANC,CISO,1606824000,108.643,108.643,0
10,6,BANC,CISO,1608141600,91.972,91.972,0
10,1,CISO,BANC,1577836800,130.428,130.428,0
10,1,CISO,BANC,1579154400,140.472,140.472,0
10,1,CISO,BANC,1580472000,117.952,117.952,0
10,1,CISO,BANC,1581789600,103.569,103.569,0
10,1,CISO,BANC,1583107200,104.144,104.144,0
10,1,CISO,BANC,1584424800,135.48,135.48,0
10,1,CISO,BANC,1585742400,79.732,79.732,0
10,1,CISO,BANC,1587060000,80.679,80.679,0
10,1,CISO,BANC,1588377600,56.36,56.36,0
10,1,CISO,BANC,1589695200,62.849,62.849,0
10,1,CISO,BANC,1591012800,94.687,94.687,0
10,1,CISO,BANC,1592330400,66.377,66.377,0
10,1,CISO,BANC,1593648000,73.665,73.665,0
10,1,CISO,BANC,1594965600,90.516,90.516,0
10,1,CISO,BANC,1596283200,92.419,92.419,0
10,1,CISO,BANC,1597600800,127.384,127.384,0
10,1,CISO,BANC,1598918400,110.116,110.116,0
10,1,CISO,BANC,1600236000,126.99,126.99,0
10,1,CISO,BANC,1601553600,129.978,129.978,0
10,1,CISO,BANC,1602871200,142.021,142.021,0
10,1,CISO,BANC,1604188800,143.8,143.8,0
10,1,CISO,BANC,1605506400,123.623,123.623,0
10,1,CISO,BANC,1606824000,121.375,121.375,0
10,1,CISO,BANC,1608141600,120.762,120.762,0
10,2,CISO,BANC,1577836800,79.886,133.596,3
10,2,CISO,BANC,1579154400,85.693,143.954,1
10,2,CISO,BANC,1580472000,59.358,120.693,1
10,2,CISO,BANC,1581789600,54.037,104.847,6
10,2,CISO,BANC,1583107200,54.646,106.009,3
10,2,CISO,BANC,1584424800,87.527,138.572,1
10,2,CISO,BANC,1585742400,47.189,81.722,3
10,2,CISO,BANC,1587060000,34.145,81.482,1
10,2,CISO,BANC,1588377600,40.255,57.048,4
10,2,CISO,BANC,1589695200,41.038,64.365,5
10,2,CISO,BANC,1591012800,44.827,97.07,1
10,2,CISO,BANC,1592330400,40.302,67.397,3
10,2,CISO,BANC,1593648000,39.428,75.098,3
10,2,CISO,BANC,1594965600,58.606,92.803,5
10,2,CISO,BANC,1596283200,59.702,94.38,5
10,2,CISO,BANC,1597600800,80.645,129.72,1
10,2,CISO,BANC,1598918400,78.593,112.244,5
10,2,CISO,BANC,1600236000,83.726,129.943,1
10,2,CISO,BANC,1601553600,84.481,132.794,1
10,2,CISO,BANC,1602871200,76.696,143.701,1
10,2,CISO,BANC,1604188800,90.265,146.605,3
10,2,CISO,BANC,1605506400,97.357,126.344,5
10,2,CISO,BANC,1606824000,111.65,124.252,5
10,2,CISO,BANC,1608141600,97.457,124.225,7
10,3,CISO,BANC,1577836800,80.048,133.596,1
10,3,CISO,BANC,1579154400,85.693,143.954,1
10,3,CISO,BANC,1580472000,59.358,120.693,1
10,3,CISO,BANC,1581789600,54.159,104.847,2
10,3,CISO,BANC,1583107200,55.51,106.009,3
10,3,CISO,BANC,1584424800,87.527,138.572,1
10,3,CISO,BANC,1585742400,46.855,81.722,1
10,3,CISO,BANC,1587060000,34.404,81.482,2
10,3,CISO,BANC,1588377600,56.118,57.048,2
10,3,CISO,BANC,1589695200,45.508,64.365,3
10,3,CISO,BANC,1591012800,44.827,97.07,1
10,3,CISO,BANC,1592330400,41.929,67.397,3
10,3,CISO,BANC,1593648000,39.84,75.098,3
10,3,CISO,BANC,1594965600,57.801,92.803,1
10,3,CISO,BANC,1596283200,59.228,94.38,1
10,3,CISO,BANC,1597600800,80.645,129.72,1
10,3,CISO,BANC,1598918400,81.41,112.244,3
10,3,CISO,BANC,1600236000,83.726,129.943,1
10,3,CISO,BANC,1601553600,84.481,132.794,1
10,3,CISO,BANC,1602871200,77.734,143.701,2
10,3,CISO,BANC,1604188800,90.099,146.605,1
10,3,CISO,BANC,1605506400,122.376,126.344,2
10,3,CISO,BANC,1606824000,121.375,121.375,0
10,3,CISO,BANC,1608141600,95.172,122.495,2
10,4,CISO,BANC,1577836800,80.048,133.596,1
10,4,CISO,BANC,1579154400,85.693,143.954,1
10,4,CISO,BANC,1580472000,59.358,120.693,1
10,4,CISO,BANC,1581789600,54.055,104.847,1
10,4,CISO,BANC,1583107200,54.295,106.009,1
10,4,CISO,BANC,1584424800,87.527,138.572,1
10,4,CISO,BANC,1585742400,46.855,81.722,1
10,4,CISO,BANC,1587060000,34.145,81.482,1
10,4,CISO,BANC,1588377600,43.621,57.048,1
10,4,CISO,BANC,1589695200,44.483,64.365,1
10,4,CISO,BANC,1591012800,44.827,97.07,1
10,4,CISO,BANC,1592330400,40.969,67.397,1
10,4,CISO,BANC,1593648000,39.243,75.098,1
10,4,CISO,BANC,1594965600,57.801,92.803,1
10,4,CISO,BANC,1596283200,59.228,94.38,1
10,4,CISO,BANC,1597600800,80.645,129.72,1
10,4,CISO,BANC,1598918400,77.411,112.244,1
10,4,CISO,BANC,1600236000,83.726,129.943,1
10,4,CISO,BANC,1601553600,84.481,132.794,1
10,4,CISO,BANC,1602871200,76.696,143.701,1
10,4,CISO,BANC,1604188800,90.099,146.605,1
10,4,CISO,BANC,1605506400,97.916,126.344,1
10,4,CISO,BANC,1606824000,111.962,124.252,1
10,4,CISO,BANC,1608141600,94.397,122.495,1
10,5,CISO,BANC,1577836800,79.556,133.596,3
10,5,CISO,BANC,1579154400,85.693,143.954,1
10,5,CISO,BANC,1580472000,59.358,120.693,1
10,5,CISO,BANC,1581789600,53.356,104.847,6
10,5,CISO,BANC,1583107200,54.506,106.009,3
10,5,CISO,BANC,1584424800,87.527,138.572,1
10,5,CISO,BANC,1585742400,46.94,81.722,3
10,5,CISO,BANC,1587060000,34.145,81.482,1
10,5,CISO,BANC,1588377600,39.283,57.048,5
10,5,CISO,BANC,1589695200,40.209,64.365,5
10,5,CISO,BANC,1591012800,44.827,97.07,1
10,5,CISO,BANC,1592330400,39.904,67.397,3
10,5,CISO,BANC,1593648000,39.326,75.098,3
10,5,CISO,BANC,1594965600,58.358,92.803,5
10,5,CISO,BANC,1596283200,59.203,94.38,5
10,5,CISO,BANC,1597600800,80.645,129.72,1
10,5,CISO,BANC,1598918400,78.306,112.244,5
10,5,CISO,BANC,1600236000,83.726,129.943,1
10,5,CISO,BANC,1601553600,84.481,132.794,1
10,5,CISO,BANC,1602871200,76.696,143.701,1
10,5,CISO,BANC,1604188800,90.085,146.605,3
10,5,CISO,BANC,1605506400,96.189,126.344,5
10,5,CISO,BANC,1606824000,111.182,124.252,5
10,5,CISO,BANC,1608141600,93.893,122.495,5
10,6,CISO,BANC,1577836800,80.048,133.596,1
10,6,CISO,BANC,1579154400,85.693,143.954,1
10,6,CISO,BANC,1580472000,59.358,120.693,1
10,6,CISO,BANC,1581789600,54.055,104.847,1
10,6,CISO,BANC,1583107200,54.295,106.009,1
10,6,CISO,BANC,1584424800,87.527,138.572,1
10,6,CISO,BANC,1585742400,46.855,81.722,1
10,6,CISO,BANC,1587060000,34.145,81.482,1
10,6,CISO,BANC,1588377600,42.672,57.048,2
10,6,CISO,BANC,1589695200,44.483,64.365,1
10,6,CISO,BANC,1591012800,44.827,97.07,1
10,6,CISO,BANC,1592330400,40.969,67.397,1
10,6,CISO,BANC,1593648000,39.243,75.098,1
10,6,CISO,BANC,1594965600,57.801,92.803,1
10,6,CISO,BANC,1596283200,59.228,94.38,1
10,6,CISO,BANC,1597600800,80.645,129.72,1
10,6,CISO,BANC,1598918400,77.411,112.244,1
10,6,CISO,BANC,1600236000,83.726,129.943,1
10,6,CISO,BANC,1601553600,84.481,132.794,1
10,6,CISO,BANC,1602871200,76.696,143.701,1
10,6,CISO,BANC,1604188800,90.099,146.605,1
10,6,CISO,BANC,1605506400,97.916,126.344,1
10,6,CISO,BANC,1606824000,111.962,124.252,1
10,6,CISO,BANC,1608141600,94.397,122.495,1
10,1,EPE,AECI,1577836800,202.093,202.093,0
10,1,EPE,AECI,1579154400,207.289,207.289,0
10,1,EPE,AECI,1580472000,181.504,181.504,0
10,1,EPE,AECI,1581789600,175.974,175.974,0
10,1,EPE,AECI,1583107200,202.541,202.541,0
10,1,EPE,AECI,1584424800,204.307,204.307,0
10,1,EPE,AECI,1585742400,164.605,164.605,0
10,1,EPE,AECI,1587060000,171.684,171.684,0
10,1,EPE,AECI,1588377600,183.602,183.602,0
10,1,EPE,AECI,1589695200,189.282,189.282,0
10,1,EPE,AECI,1591012800,195.852,195.852,0
10,1,EPE,AECI,1592330400,195.157,195.157,0
10,1,EPE,AECI,1593648000,198.016,198.016,0
10,1,EPE,AECI,1594965600,209.436,209.436,0
10,1,EPE,AECI,1596283200,204.715,204.715,0
10,1,EPE,AECI,1597600800,214.763,214.763,0
10,1,EPE,AECI,1598918400,203.471,203.471,0
10,1,EPE,AECI,1600236000,199.728,199.728,0
10,1,EPE,AECI,1601553600,220.07,220.07,0
10,1,EPE,AECI,1602871200,223.978,223.978,0
10,1,EPE,AECI,1604188800,214.945,214.945,0
10,1,EPE,AECI,1605506400,203.959,203.959,0
10,1,EPE,AECI,1606824000,198.83,198.83,0
10,1,EPE,AECI,1608141600,215.454,215.454,0
10,2,EPE,AECI,1577836800,177.712,206.553,3
10,2,EPE,AECI,1579154400,192.564,211.801,5
10,2,EPE,AECI,1580472000,174.237,185.696,5
10,2,EPE,AECI,1581789600,181.081,179.278,6
10,2,EPE,AECI,1583107200,181.198,206.952,5
10,2,EPE,AECI,1584424800,181.015,208.54,5
10,2,EPE,AECI,1585742400,134.694,168.307,1
10,2,EPE,AECI,1587060000,150.145,174.728,3
10,2,EPE,AECI,1588377600,159.148,187.24,5
10,2,EPE,AECI,1589695200,164.266,193.609,3
10,2,EPE,AECI,1591012800,157.397,200.346,1
10,2,EPE,AECI,1592330400,162.965,199.038,1
10,2,EPE,AECI,1593648000,195.831,206.31,7
10,2,EPE,AECI,1594965600,180.449,214.068,1
10,2,EPE,AECI,1596283200,187.101,209.351,3
10,2,EPE,AECI,1597600800,206.097,218.69,4
10,2,EPE,AECI,1598918400,187.464,207.754,5
10,2,EPE,AECI,1600236000,199.42,204.188,5
10,2,EPE,AECI,1601553600,191.133,225.219,5
10,2,EPE,AECI,1602871200,187.117,228.349,5
10,2,EPE,AECI,1604188800,209.089,219.333,5
10,2,EPE,AECI,1605506400,206.93,212.743,9
10,2,EPE,AECI,1606824000,194.712,203.521,5
10,2,EPE,AECI,1608141600,198.074,219.654,3
10,3,EPE,AECI,1577836800,202.093,202.093,0
10,3,EPE,AECI,1579154400,207.289,207.289,0
10,3,EPE,AECI,1580472000,173.617,185.696,2
10,3,EPE,AECI,1581789600,175.974,175.974,0
10,3,EPE,AECI,1583107200,202.541,202.541,0
10,3,EPE,AECI,1584424800,201.308,208.54,1
10,3,EPE,AECI,1585742400,142.48,168.307,4
10,3,EPE,AECI,1587060000,171.684,171.684,0
10,3,EPE,AECI,1588377600,183.602,183.602,0
10,3,EPE,AECI,1589695200,191.844,193.609,1
10,3,EPE,AECI,1591012800,157.397,200.346,1
10,3,EPE,AECI,1592330400,167.299,199.038,2
10,3,EPE,AECI,1593648000,198.016,198.016,0
10,3,EPE,AECI,1594965600,205.223,214.068,3
10,3,EPE,AECI,1596283200,196.617,209.351,1
10,3,EPE,AECI,1597600800,214.763,214.763,0
10,3,EPE,AECI,1598918400,208.217,207.754,2
10,3,EPE,AECI,1600236000,199.728,199.728,0
10,3,EPE,AECI,1601553600,199.298,225.219,1
10,3,EPE,AECI,1602871200,188.665,228.349,2
10,3,EPE,AECI,1604188800,214.945,214.945,0
10,3,EPE,AECI,1605506400,202.306,208.386,1
10,3,EPE,AECI,1606824000,204.079,203.521,2
10,3,EPE,AECI,1608141600,220.168,219.654,2
10,4,EPE,AECI,1577836800,176.218,206.553,1
10,4,EPE,AECI,1579154400,190.152,211.801,1
10,4,EPE,AECI,1580472000,177.663,185.696,1
10,4,EPE,AECI,1581789600,182.267,179.278,1
10,4,EPE,AECI,1583107200,183.04,206.952,1
10,4,EPE,AECI,1584424800,178.633,208.54,1
10,4,EPE,AECI,1585742400,134.694,168.307,1
10,4,EPE,AECI,1587060000,149.581,174.728,1
10,4,EPE,AECI,1588377600,158.432,187.24,1
10,4,EPE,AECI,1589695200,163.493,193.609,1
10,4,EPE,AECI,1591012800,157.397,200.346,1
10,4,EPE,AECI,1592330400,162.842,199.038,1
10,4,EPE,AECI,1593648000,188.604,202.089,1
10,4,EPE,AECI,1594965600,180.449,214.068,1
10,4,EPE,AECI,1596283200,186.071,209.351,1
10,4,EPE,AECI,1597600800,205.852,218.69,2
10,4,EPE,AECI,1598918400,184.821,207.754,1
10,4,EPE,AECI,1600236000,199.728,199.728,0
10,4,EPE,AECI,1601553600,188.253,225.219,1
10,4,EPE,AECI,1602871200,183.673,228.349,1
10,4,EPE,AECI,1604188800,216.892,219.333,1
10,4,EPE,AECI,1605506400,206.464,208.386,1
10,4,EPE,AECI,1606824000,200.228,203.521,1
10,4,EPE,AECI,1608141600,198.583,219.654,1
10,5,EPE,AECI,1577836800,177.533,206.553,3
10,5,EPE,AECI,1579154400,191.777,211.801,5
10,5,EPE,AECI,1580472000,173.902,185.696,5
10,5,EPE,AECI,1581789600,180.138,179.278,6
10,5,EPE,AECI,1583107200,180.544,206.952,5
10,5,EPE,AECI,1584424800,180.612,208.54,5
10,5,EPE,AECI,1585742400,135.304,168.307,2
10,5,EPE,AECI,1587060000,149.317,174.728,3
10,5,EPE,AECI,1588377600,158.65,187.24,5
10,5,EPE,AECI,1589695200,164.083,193.609,3
10,5,EPE,AECI,1591012800,157.397,200.346,1
10,5,EPE,AECI,1592330400,162.829,199.038,1
10,5,EPE,AECI,1593648000,194.771,206.31,7
10,5,EPE,AECI,1594965600,180.449,214.068,1
10,5,EPE,AECI,1596283200,186.827,209.351,3
10,5,EPE,AECI,1597600800,206.395,218.69,5
10,5,EPE,AECI,1598918400,187.212,207.754,5
10,5,EPE,AECI,1600236000,198.032,204.188,5
10,5,EPE,AECI,1601553600,190.477,225.219,5
10,5,EPE,AECI,1602871200,186.343,228.349,5
10,5,EPE,AECI,1604188800,208.133,219.333,5
10,5,EPE,AECI,1605506400,205.696,212.743,9
10,5,EPE,AECI,1606824000,194.027,203.521,5
10,5,EPE,AECI,1608141600,197.403,219.654,3
10,6,EPE,AECI,1577836800,176.218,206.553,1
10,6,EPE,AECI,1579154400,190.152,211.801,1
10,6,EPE,AECI,1580472000,181.445,185.696,1
10,6,EPE,AECI,1581789600,175.974,175.974,0
10,6,EPE,AECI,1583107200,183.04,206.952,1
10,6,EPE,AECI,1584424800,178.633,208.54,1
10,6,EPE,AECI,1585742400,134.694,168.307,1
10,6,EPE,AECI,1587060000,149.581,174.728,1
10,6,EPE,AECI,1588377600,158.432,187.24,1
10,6,EPE,AECI,1589695200,163.493,193.609,1
10,6,EPE,AECI,1591012800,157.397,200.346,1
10,6,EPE,AECI,1592330400,162.842,199.038,1
10,6,EPE,AECI,1593648000,188.604,202.089,1
10,6,EPE,AECI,1594965600,180.449,214.068,1
10,6,EPE,AECI,1596283200,186.071,209.351,1
10,6,EPE,AECI,1597600800,206.09,218.69,1
10,6,EPE,AECI,1598918400,184.821,207.754,1
10,6,EPE,AECI,1600236000,199.728,199.728,0
10,6,EPE,AECI,1601553600,188.253,225.219,1
10,6,EPE,AECI,1602871200,183.673,228.349,1
10,6,EPE,AECI,1604188800,214.945,214.945,0
10,6,EPE,AECI,1605506400,203.219,208.386,1
10,6,EPE,AECI,1606824000,198.513,203.521,1
10,6,EPE,AECI,1608141600,198.583,219.654,1
10,1,EPE,PSCO,1577836800,202.093,202.093,0
10,1,EPE,PSCO,1579154400,207.289,207.289,0
10,1,EPE,PSCO,1580472000,181.504,181.504,0
10,1,EPE,PSCO,1581789600,175.974,175.974,0
10,1,EPE,PSCO,1583107200,202.541,202.541,0
10,1,EPE,PSCO,1584424800,204.307,204.307,0
10,1,EPE,PSCO,1585742400,164.605,164.605,0
10,1,EPE,PSCO,1587060000,171.684,171.684,0
10,1,EPE,PSCO,1588377600,183.602,183.602,0
10,1,EPE,PSCO,1589695200,189.282,189.282,0
10,1,EPE,PSCO,1591012800,195.852,195.852,0
10,1,EPE,PSCO,1592330400,195.157,195.157,0
10,1,EPE,PSCO,1593648000,198.016,198.016,0
10,1,EPE,PSCO,1594965600,209.436,209.436,0
10,1,EPE,PSCO,1596283200,204.715,204.715,0
10,1,EPE,PSCO,1597600800,214.763,214.763,0
10,1,EPE,PSCO,1598918400,203.471,203.471,0
10,1,EPE,PSCO,1600236000,199.728,199.728,0
10,1,EPE,PSCO,1601553600,220.07,220.07,0
10,1,EPE,PSCO,1602871200,223.978,223.978,0
10,1,EPE,PSCO,1604188800,214.945,214.945,0
10,1,EPE,PSCO,1605506400,203.959,203.959,0
10,1,EPE,PSCO,1606824000,198.83,198.83,0
10,1,EPE,PSCO,1608141600,215.454,215.454,0
10,2,EPE,PSCO,1577836800,198.117,206.553,4
10,2,EPE,PSCO,1579154400,175.774,211.801,5
10,2,EPE,PSCO,1580472000,177.323,189.855,9
10,2,EPE,PSCO,1581789600,180.992,179.278,5
10,2,EPE,PSCO,1583107200,198.857,206.952,5
10,2,EPE,PSCO,1584424800,208.439,208.54,6
10,2,EPE,PSCO,1585742400,165.237,168.307,2
10,2,EPE,PSCO,1587060000,174.513,174.728,2
10,2,EPE,PSCO,1588377600,185.959,191.138,7
10,2,EPE,PSCO,1589695200,169.612,193.609,3
10,2,EPE,PSCO,1591012800,203.601,200.346,4
10,2,EPE,PSCO,1592330400,180.075,199.038,3
10,2,EPE,PSCO,1593648000,182.415,202.089,5
10,2,EPE,PSCO,1594965600,206.368,214.068,5
10,2,EPE,PSCO,1596283200,196.124,209.351,5
10,2,EPE,PSCO,1597600800,192.541,218.69,4
10,2,EPE,PSCO,1598918400,207.214,207.754,2
10,2,EPE,PSCO,1600236000,176.192,204.188,5
10,2,EPE,PSCO,1601553600,203.288,230.255,7
10,2,EPE,PSCO,1602871200,207.004,228.349,6
10,2,EPE,PSCO,1604188800,217.344,219.333,6
10,2,EPE,PSCO,1605506400,197.776,208.386,5
10,2,EPE,PSCO,1606824000,152.12,203.521,1
10,2,EPE,PSCO,1608141600,177.158,219.654,1
10,3,EPE,PSCO,1577836800,208.146,206.553,4
10,3,EPE,PSCO,1579154400,172.824,211.801,1
10,3,EPE,PSCO,1580472000,170.696,185.696,1
10,3,EPE,PSCO,1581789600,179.101,179.278,1
10,3,EPE,PSCO,1583107200,200.525,206.952,1
10,3,EPE,PSCO,1584424800,208.85,208.54,2
10,3,EPE,PSCO,1585742400,164.605,164.605,0
10,3,EPE,PSCO,1587060000,171.684,171.684,0
10,3,EPE,PSCO,1588377600,183.602,183.602,0
10,3,EPE,PSCO,1589695200,177.476,193.609,1
10,3,EPE,PSCO,1591012800,195.852,195.852,0
10,3,EPE,PSCO,1592330400,184.347,199.038,1
10,3,EPE,PSCO,1593648000,185.015,202.089,3
10,3,EPE,PSCO,1594965600,212.592,214.068,1
10,3,EPE,PSCO,1596283200,205.198,209.351,1
10,3,EPE,PSCO,1597600800,192.759,218.69,2
10,3,EPE,PSCO,1598918400,203.471,203.471,0
10,3,EPE,PSCO,1600236000,178.712,204.188,1
10,3,EPE,PSCO,1601553600,200.652,225.219,1
10,3,EPE,PSCO,1602871200,209.191,228.349,2
10,3,EPE,PSCO,1604188800,214.945,214.945,0
10,3,EPE,PSCO,1605506400,206.757,208.386,3
10,3,EPE,PSCO,1606824000,152.12,203.521,1
10,3,EPE,PSCO,1608141600,177.158,219.654,1
10,4,EPE,PSCO,1577836800,202.237,206.553,2
10,4,EPE,PSCO,1579154400,172.824,211.801,1
10,4,EPE,PSCO,1580472000,170.696,185.696,1
10,4,EPE,PSCO,1581789600,175.974,175.974,0
10,4,EPE,PSCO,1583107200,198.125,206.952,1
10,4,EPE,PSCO,1584424800,204.307,204.307,0
10,4,EPE,PSCO,1585742400,164.605,164.605,0
10,4,EPE,PSCO,1587060000,171.684,171.684,0
10,4,EPE,PSCO,1588377600,188.773,187.24,3
10,4,EPE,PSCO,1589695200,174.927,193.609,1
10,4,EPE,PSCO,1591012800,195.852,195.852,0
10,4,EPE,PSCO,1592330400,188.492,199.038,2
10,4,EPE,PSCO,1593648000,184.884,202.089,1
10,4,EPE,PSCO,1594965600,209.436,209.436,0
10,4,EPE,PSCO,1596283200,195.959,209.351,1
10,4,EPE,PSCO,1597600800,195.171,218.69,2
10,4,EPE,PSCO,1598918400,218.786,207.754,1
10,4,EPE,PSCO,1600236000,178.712,204.188,1
10,4,EPE,PSCO,1601553600,200.652,225.219,1
10,4,EPE,PSCO,1602871200,210.028,228.349,1
10,4,EPE,PSCO,1604188800,214.945,214.945,0
10,4,EPE,PSCO,1605506400,208.044,208.386,1
10,4,EPE,PSCO,1606824000,152.12,203.521,1
10,4,EPE,PSCO,1608141600,177.158,219.654,1
10,5,EPE,PSCO,1577836800,197.029,206.553,4
10,5,EPE,PSCO,1579154400,173.886,211.801,5
10,5,EPE,PSCO,1580472000,176.575,189.855,9
10,5,EPE,PSCO,1581789600,180.931,179.278,6
10,5,EPE,PSCO,1583107200,197.644,206.952,5
10,5,EPE,PSCO,1584424800,207.511,208.54,6
10,5,EPE,PSCO,1585742400,164.097,168.307,2
10,5,EPE,PSCO,1587060000,174.104,174.728,2
10,5,EPE,PSCO,1588377600,184.667,191.138,7
10,5,EPE,PSCO,1589695200,169.112,193.609,3
10,5,EPE,PSCO,1591012800,201.452,200.346,2
10,5,EPE,PSCO,1592330400,179.474,199.038,4
10,5,EPE,PSCO,1593648000,181.72,202.089,5
10,5,EPE,PSCO,1594965600,205.597,214.068,5
10,5,EPE,PSCO,1596283200,195.693,209.351,5
10,5,EPE,PSCO,1597600800,192.084,218.69,4
10,5,EPE,PSCO,1598918400,206.971,207.754,2
10,5,EPE,PSCO,1600236000,175.299,204.188,5
10,5,EPE,PSCO,1601553600,201.442,230.255,7
10,5,EPE,PSCO,1602871200,206.143,228.349,6
10,5,EPE,PSCO,1604188800,221.248,223.743,7
10,5,EPE,PSCO,1605506400,197.281,208.386,5
10,5,EPE,PSCO,1606824000,152.12,203.521,1
10,5,EPE,PSCO,1608141600,177.158,219.654,1
10,6,EPE,PSCO,1577836800,201.779,206.553,1
10,6,EPE,PSCO,1579154400,172.824,211.801,1
10,6,EPE,PSCO,1580472000,170.696,185.696,1
10,6,EPE,PSCO,1581789600,175.974,175.974,0
10,6,EPE,PSCO,1583107200,200.525,206.952,1
10,6,EPE,PSCO,1584424800,204.307,204.307,0
10,6,EPE,PSCO,1585742400,164.605,164.605,0
10,6,EPE,PSCO,1587060000,171.684,171.684,0
10,6,EPE,PSCO,1588377600,183.602,183.602,0
10,6,EPE,PSCO,1589695200,177.476,193.609,1
10,6,EPE,PSCO,1591012800,195.852,195.852,0
10,6,EPE,PSCO,1592330400,184.347,199.038,1
10,6,EPE,PSCO,1593648000,184.884,202.089,1
10,6,EPE,PSCO,1594965600,209.436,209.436,0
10,6,EPE,PSCO,1596283200,204.447,209.351,1
10,6,EPE,PSCO,1597600800,194.544,218.69,1
10,6,EPE,PSCO,1598918400,203.471,203.471,0
10,6,EPE,PSCO,1600236000,178.712,204.188,1
10,6,EPE,PSCO,1601553600,200.652,225.219,1
10,6,EPE,PSCO,1602871200,210.028,228.349,1
10,6,EPE,PSCO,1604188800,214.945,214.945,0
10,6,EPE,PSCO,1605506400,203.157,208.386,1
10,6,EPE,PSCO,1606824000,152.12,203.521,1
10,6,EPE,PSCO,1608141600,177.158,219.654,1
10,1,PACE,AECI,1577836800,222.045,222.045,0
10,1,PACE,AECI,1579154400,234.433,234.433,0
10,1,PACE,AECI,1580472000,198.311,198.311,0
10,1,PACE,AECI,1581789600,196.827,196.827,0
10,1,PACE,AECI,1583107200,208.975,208.975,0
10,1,PACE,AECI,1584424800,252.452,252.452,0
10,1,PACE,AECI,1585742400,225.822,225.822,0
10,1,PACE,AECI,1587060000,224.401,224.401,0
10,1,PACE,AECI,1588377600,195.688,195.688,0
10,1,PACE,AECI,1589695200,218.514,218.514,0
10,1,PACE,AECI,1591012800,230.978,230.978,0
10,1,PACE,AECI,1592330400,200.767,200.767,0
10,1,PACE,AECI,1593648000,211.4,211.4,0
10,1,PACE,AECI,1594965600,197.864,197.864,0
10,1,PACE,AECI,1596283200,232.915,232.915,0
10,1,PACE,AECI,1597600800,252.895,252.895,0
10,1,PACE,AECI,1598918400,239.903,239.903,0
10,1,PACE,AECI,1600236000,257.912,257.912,0
10,1,PACE,AECI,1601553600,250.583,250.583,0
10,1,PACE,AECI,1602871200,211.548,211.548,0
10,1,PACE,AECI,1604188800,258.098,258.098,0
10,1,PACE,AECI,1605506400,230.758,230.758,0
10,1,PACE,AECI,1606824000,241.036,241.036,0
10,1,PACE,AECI,1608141600,221.431,221.431,0
10,2,PACE,AECI,1577836800,177.863,226.717,3
10,2,PACE,AECI,1579154400,192.945,239.487,3
10,2,PACE,AECI,1580472000,179.243,202.703,5
10,2,PACE,AECI,1581789600,185.721,200.732,4
10,2,PACE,AECI,1583107200,176.637,213.105,4
10,2,PACE,AECI,1584424800,180.048,258.582,1
10,2,PACE,AECI,1585742400,136.036,230.918,1
10,2,PACE,AECI,1587060000,152.383,228.312,3
10,2,PACE,AECI,1588377600,151.311,198.668,4
10,2,PACE,AECI,1589695200,166.66,223.55,3
10,2,PACE,AECI,1591012800,158.206,236.311,1
10,2,PACE,AECI,1592330400,158.742,205.289,3
10,2,PACE,AECI,1593648000,192.036,220.744,7
10,2,PACE,AECI,1594965600,184.961,208.244,7
10,2,PACE,AECI,1596283200,188.602,238.256,3
10,2,PACE,AECI,1597600800,207.027,257.798,1
10,2,PACE,AECI,1598918400,185.797,244.161,1
10,2,PACE,AECI,1600236000,209.334,263.157,1
10,2,PACE,AECI,1601553600,191.102,256.736,3
10,2,PACE,AECI,1602871200,187.564,218.893,8
10,2,PACE,AECI,1604188800,222.683,263.29,3
10,2,PACE,AECI,1605506400,210.744,235.265,5
10,2,PACE,AECI,1606824000,211.949,251.093,7
10,2,PACE,AECI,1608141600,201.296,226.347,5
10,3,PACE,AECI,1577836800,189.86,226.717,3
10,3,PACE,AECI,1579154400,212.88,239.487,3
10,3,PACE,AECI,1580472000,188.037,202.703,1
10,3,PACE,AECI,1581789600,196.827,196.827,0
10,3,PACE,AECI,1583107200,208.975,208.975,0
10,3,PACE,AECI,1584424800,180.048,258.582,1
10,3,PACE,AECI,1585742400,136.036,230.918,1
10,3,PACE,AECI,1587060000,151.296,228.312,1
10,3,PACE,AECI,1588377600,188.24,198.668,2
10,3,PACE,AECI,1589695200,167.627,223.55,3
10,3,PACE,AECI,1591012800,158.206,236.311,1
10,3,PACE,AECI,1592330400,162.576,205.289,1
10,3,PACE,AECI,1593648000,211.4,211.4,0
10,3,PACE,AECI,1594965600,189.347,203.144,1
10,3,PACE,AECI,1596283200,187.044,238.256,1
10,3,PACE,AECI,1597600800,219.539,257.798,4
10,3,PACE,AECI,1598918400,194.386,244.161,4
10,3,PACE,AECI,1600236000,222.409,263.157,3
10,3,PACE,AECI,1601553600,189.66,256.736,1
10,3,PACE,AECI,1602871200,199.199,215.177,6
10,3,PACE,AECI,1604188800,250.158,263.29,2
10,3,PACE,AECI,1605506400,224.157,235.265,1
10,3,PACE,AECI,1606824000,220.811,246.095,5
10,3,PACE,AECI,1608141600,207.36,226.347,1
10,4,PACE,AECI,1577836800,176.486,226.717,1
10,4,PACE,AECI,1579154400,191.653,239.487,1
10,4,PACE,AECI,1580472000,183.851,202.703,1
10,4,PACE,AECI,1581789600,193.883,200.732,1
10,4,PACE,AECI,1583107200,184.571,213.105,1
10,4,PACE,AECI,1584424800,180.048,258.582,1
10,4,PACE,AECI,1585742400,136.036,230.918,1
10,4,PACE,AECI,1587060000,151.296,228.312,1
10,4,PACE,AECI,1588377600,159.5,198.668,1
10,4,PACE,AECI,1589695200,164.654,223.55,1
10,4,PACE,AECI,1591012800,158.206,236.311,1
10,4,PACE,AECI,1592330400,162.576,205.289,1
10,4,PACE,AECI,1593648000,187.852,215.96,1
10,4,PACE,AECI,1594965600,179.823,203.144,1
10,4,PACE,AECI,1596283200,187.044,238.256,1
10,4,PACE,AECI,1597600800,207.027,257.798,1
10,4,PACE,AECI,1598918400,185.797,244.161,1
10,4,PACE,AECI,1600236000,209.334,263.157,1
10,4,PACE,AECI,1601553600,189.66,256.736,1
10,4,PACE,AECI,1602871200,183.255,215.177,1
10,4,PACE,AECI,1604188800,225.687,263.29,1
10,4,PACE,AECI,1605506400,209.713,235.265,1
10,4,PACE,AECI,1606824000,202.689,246.095,1
10,4,PACE,AECI,1608141600,198.91,226.347,1
10,5,PACE,AECI,1577836800,177.814,226.717,3
10,5,PACE,AECI,1579154400,192.913,239.487,3
10,5,PACE,AECI,1580472000,177.67,202.703,5
10,5,PACE,AECI,1581789600,184.886,200.732,4
10,5,PACE,AECI,1583107200,176.671,213.105,5
10,5,PACE,AECI,1584424800,180.048,258.582,1
10,5,PACE,AECI,1585742400,136.036,230.918,1
10,5,PACE,AECI,1587060000,152.309,228.312,3
10,5,PACE,AECI,1588377600,150.3,198.668,4
10,5,PACE,AECI,1589695200,165.724,223.55,3
10,5,PACE,AECI,1591012800,158.206,236.311,1
10,5,PACE,AECI,1592330400,158.091,205.289,3
10,5,PACE,AECI,1593648000,190.064,220.744,7
10,5,PACE,AECI,1594965600,182.616,208.244,7
10,5,PACE,AECI,1596283200,188.433,238.256,3
10,5,PACE,AECI,1597600800,207.027,257.798,1
10,5,PACE,AECI,1598918400,185.797,244.161,1
10,5,PACE,AECI,1600236000,209.334,263.157,1
10,5,PACE,AECI,1601553600,191.068,256.736,3
10,5,PACE,AECI,1602871200,181.119,215.177,6
10,5,PACE,AECI,1604188800,222.295,263.29,3
10,5,PACE,AECI,1605506400,209.905,235.265,5
10,5,PACE,AECI,1606824000,210.912,251.093,7
10,5,PACE,AECI,1608141600,200.769,226.347,5
10,6,PACE,AECI,1577836800,176.486,226.717,1
10,6,PACE,AECI,1579154400,191.653,239.487,1
10,6,PACE,AECI,1580472000,183.851,202.703,1
10,6,PACE,AECI,1581789600,194.158,200.732,1
10,6,PACE,AECI,1583107200,179.725,213.105,2
10,6,PACE,AECI,1584424800,180.048,258.582,1
10,6,PACE,AECI,1585742400,136.036,230.918,1
10,6,PACE,AECI,1587060000,151.296,228.312,1
10,6,PACE,AECI,1588377600,155.865,198.668,2
10,6,PACE,AECI,1589695200,164.654,223.55,1
10,6,PACE,AECI,1591012800,158.206,236.311,1
10,6,PACE,AECI,1592330400,162.576,205.289,1
10,6,PACE,AECI,1593648000,187.852,215.96,1
10,6,PACE,AECI,1594965600,179.823,203.144,1
10,6,PACE,AECI,1596283200,187.044,238.256,1
10,6,PACE,AECI,1597600800,207.027,257.798,1
10,6,PACE,AECI,1598918400,185.797,244.161,1
10,6,PACE,AECI,1600236000,209.334,263.157,1
10,6,PACE,AECI,1601553600,189.66,256.736,1
10,6,PACE,AECI,1602871200,183.255,215.177,1
10,6,PACE,AECI,1604188800,225.687,263.29,1
10,6,PACE,AECI,1605506400,209.713,235.265,1
10,6,PACE,AECI,1606824000,202.689,246.095,1
10,6,PACE,AECI,1608141600,198.91,226.347,1
10,1,PACE,PSCO,1577836800,222.045,222.045,0
10,1,PACE,PSCO,1579154400,234.433,234.433,0
10,1,PACE,PSCO,1580472000,198.311,198.311,0
10,1,PACE,PSCO,1581789600,196.827,196.827,0
10,1,PACE,PSCO,1583107200,208.975,208.975,0
10,1,PACE,PSCO,1584424800,252.452,252.452,0
10,1,PACE,PSCO,1585742400,225.822,225.822,0
10,1,PACE,PSCO,1587060000,224.401,224.401,0
10,1,PACE,PSCO,1588377600,195.688,195.688,0
10,1,PACE,PSCO,1589695200,218.514,218.514,0
10,1,PACE,PSCO,1591012800,230.978,230.978,0
10,1,PACE,PSCO,1592330400,200.767,200.767,0
10,1,PACE,PSCO,1593648000,211.4,211.4,0
10,1,PACE,PSCO,1594965600,197.864,197.864,0
10,1,PACE,PSCO,1596283200,232.915,232.915,0
10,1,PACE,PSCO,1597600800,252.895,252.895,0
10,1,PACE,PSCO,1598918400,239.903,239.903,0
10,1,PACE,PSCO,1600236000,257.912,257.912,0
10,1,PACE,PSCO,1601553600,250.583,250.583,0
10,1,PACE,PSCO,1602871200,211.548,211.548,0
10,1,PACE,PSCO,1604188800,258.098,258.098,0
10,1,PACE,PSCO,1605506400,230.758,230.758,0
10,1,PACE,PSCO,1606824000,241.036,241.036,0
10,1,PACE,PSCO,1608141600,221.431,221.431,0
10,2,PACE,PSCO,1577836800,210.196,226.717,6
10,2,PACE,PSCO,1579154400,182.62,244.419,7
10,2,PACE,PSCO,1580472000,172.929,202.703,5
10,2,PACE,PSCO,1581789600,193.58,200.732,5
10,2,PACE,PSCO,1583107200,207.942,217.474,9
10,2,PACE,PSCO,1584424800,229.001,258.582,3
10,2,PACE,PSCO,1585742400,202.248,230.918,5
10,2,PACE,PSCO,1587060000,218.835,232.124,8
10,2,PACE,PSCO,1588377600,177.681,198.668,6
10,2,PACE,PSCO,1589695200,175.908,223.55,3
10,2,PACE,PSCO,1591012800,220.587,236.311,3
10,2,PACE,PSCO,1592330400,168.655,205.289,3
10,2,PACE,PSCO,1593648000,178.875,215.96,5
10,2,PACE,PSCO,1594965600,206.527,208.244,9
10,2,PACE,PSCO,1596283200,205.981,238.256,5
10,2,PACE,PSCO,1597600800,195.481,257.798,1
10,2,PACE,PSCO,1598918400,237.378,244.161,6
10,2,PACE,PSCO,1600236000,180.339,263.157,1
10,2,PACE,PSCO,1601553600,204.739,256.736,5
10,2,PACE,PSCO,1602871200,197.237,215.177,4
10,2,PACE,PSCO,1604188800,232.952,263.29,3
10,2,PACE,PSCO,1605506400,207.45,235.265,5
10,2,PACE,PSCO,1606824000,153.497,246.095,1
10,2,PACE,PSCO,1608141600,177.485,226.347,1
10,3,PACE,PSCO,1577836800,207.593,226.717,2
10,3,PACE,PSCO,1579154400,174.325,239.487,1
10,3,PACE,PSCO,1580472000,170.941,202.703,1
10,3,PACE,PSCO,1581789600,199.22,200.732,1
10,3,PACE,PSCO,1583107200,201.844,213.105,3
10,3,PACE,PSCO,1584424800,226.537,258.582,1
10,3,PACE,PSCO,1585742400,202.21,230.918,1
10,3,PACE,PSCO,1587060000,216.437,228.312,2
10,3,PACE,PSCO,1588377600,187.0,198.668,2
10,3,PACE,PSCO,1589695200,178.638,223.55,1
10,3,PACE,PSCO,1591012800,227.225,236.311,1
10,3,PACE,PSCO,1592330400,184.08,205.289,1
10,3,PACE,PSCO,1593648000,184.913,215.96,3
10,3,PACE,PSCO,1594965600,200.913,203.144,1
10,3,PACE,PSCO,1596283200,206.171,238.256,1
10,3,PACE,PSCO,1597600800,195.481,257.798,1
10,3,PACE,PSCO,1598918400,240.87,244.161,2
10,3,PACE,PSCO,1600236000,180.339,263.157,1
10,3,PACE,PSCO,1601553600,202.059,256.736,1
10,3,PACE,PSCO,1602871200,206.987,215.177,4
10,3,PACE,PSCO,1604188800,232.593,263.29,1
10,3,PACE,PSCO,1605506400,207.708,235.265,1
10,3,PACE,PSCO,1606824000,153.497,246.095,1
10,3,PACE,PSCO,1608141600,177.485,226.347,1
10,4,PACE,PSCO,1577836800,207.809,226.717,1
10,4,PACE,PSCO,1579154400,174.325,239.487,1
10,4,PACE,PSCO,1580472000,170.941,202.703,1
10,4,PACE,PSCO,1581789600,195.928,200.732,1
10,4,PACE,PSCO,1583107200,202.057,213.105,1
10,4,PACE,PSCO,1584424800,226.537,258.582,1
10,4,PACE,PSCO,1585742400,202.21,230.918,1
10,4,PACE,PSCO,1587060000,216.612,228.312,1
10,4,PACE,PSCO,1588377600,193.928,198.668,3
10,4,PACE,PSCO,1589695200,178.638,223.55,1
10,4,PACE,PSCO,1591012800,224.94,236.311,1
10,4,PACE,PSCO,1592330400,196.458,205.289,3
10,4,PACE,PSCO,1593648000,184.133,215.96,1
10,4,PACE,PSCO,1594965600,199.592,203.144,1
10,4,PACE,PSCO,1596283200,206.171,238.256,1
10,4,PACE,PSCO,1597600800,195.481,257.798,1
10,4,PACE,PSCO,1598918400,241.954,244.161,3
10,4,PACE,PSCO,1600236000,180.339,263.157,1
10,4,PACE,PSCO,1601553600,202.059,256.736,1
10,4,PACE,PSCO,1602871200,210.459,215.177,3
10,4,PACE,PSCO,1604188800,232.593,263.29,1
10,4,PACE,PSCO,1605506400,207.708,235.265,1
10,4,PACE,PSCO,1606824000,153.497,246.095,1
10,4,PACE,PSCO,1608141600,177.485,226.347,1
10,5,PACE,PSCO,1577836800,208.78,226.717,6
10,5,PACE,PSCO,1579154400,181.169,244.419,7
10,5,PACE,PSCO,1580472000,171.896,202.703,5
10,5,PACE,PSCO,1581789600,192.592,200.732,5
10,5,PACE,PSCO,1583107200,206.114,217.474,9
10,5,PACE,PSCO,1584424800,228.173,258.582,3
10,5,PACE,PSCO,1585742400,200.477,230.918,5
10,5,PACE,PSCO,1587060000,217.303,232.124,8
10,5,PACE,PSCO,1588377600,180.259,202.184,7
10,5,PACE,PSCO,1589695200,174.81,223.55,3
10,5,PACE,PSCO,1591012800,220.292,236.311,3
10,5,PACE,PSCO,1592330400,167.715,205.289,3
10,5,PACE,PSCO,1593648000,177.628,215.96,5
10,5,PACE,PSCO,1594965600,204.8,208.244,9
10,5,PACE,PSCO,1596283200,205.484,238.256,5
10,5,PACE,PSCO,1597600800,195.481,257.798,1
10,5,PACE,PSCO,1598918400,241.745,248.814,7
10,5,PACE,PSCO,1600236000,180.339,263.157,1
10,5,PACE,PSCO,1601553600,203.328,256.736,5
10,5,PACE,PSCO,1602871200,196.37,215.177,4
10,5,PACE,PSCO,1604188800,232.646,263.29,3
10,5,PACE,PSCO,1605506400,206.647,235.265,5
10,5,PACE,PSCO,1606824000,153.497,246.095,1
10,5,PACE,PSCO,1608141600,177.485,226.347,1
10,6,PACE,PSCO,1577836800,207.809,226.717,1
10,6,PACE,PSCO,1579154400,174.325,239.487,1
10,6,PACE,PSCO,1580472000,170.941,202.703,1
10,6,PACE,PSCO,1581789600,195.928,200.732,1
10,6,PACE,PSCO,1583107200,202.057,213.105,1
10,6,PACE,PSCO,1584424800,226.537,258.582,1
10,6,PACE,PSCO,1585742400,202.21,230.918,1
10,6,PACE,PSCO,1587060000,216.612,228.312,1
10,6,PACE,PSCO,1588377600,185.618,198.668,2
10,6,PACE,PSCO,1589695200,178.638,223.55,1
10,6,PACE,PSCO,1591012800,227.225,236.311,1
10,6,PACE,PSCO,1592330400,184.08,205.289,1
10,6,PACE,PSCO,1593648000,184.133,215.96,1
10,6,PACE,PSCO,1594965600,197.864,197.864,0
10,6,PACE,PSCO,1596283200,206.171,238.256,1
10,6,PACE,PSCO,1597600800,195.481,257.798,1
10,6,PACE,PSCO,1598918400,239.903,239.903,0
10,6,PACE,PSCO,1600236000,180.339,263.157,1
10,6,PACE,PSCO,1601553600,202.059,256.736,1
10,6,PACE,PSCO,1602871200,203.417,215.177,2
10,6,PACE,PSCO,1604188800,232.593,263.29,1
10,6,PACE,PSCO,1605506400,207.708,235.265,1
10,6,PACE,PSCO,1606824000,153.497,246.095,1
10,6,PACE,PSCO,1608141600,177.485,226.347,1
10,1,PSCO,EPE,1577836800,201.806,201.806,0
10,1,PSCO,EPE,1579154400,168.095,168.095,0
10,1,PSCO,EPE,1580472000,165.819,165.819,0
10,1,PSCO,EPE,1581789600,208.599,208.599,0
10,1,PSCO,EPE,1583107200,195.56,195.56,0
10,1,PSCO,EPE,1584424800,221.046,221.046,0
10,1,PSCO,EPE,1585742400,196.694,196.694,0
10,1,PSCO,EPE,1587060000,211.329,211.329,0
10,1,PSCO,EPE,1588377600,184.057,184.057,0
10,1,PSCO,EPE,1589695200,174.63,174.63,0
10,1,PSCO,EPE,1591012800,220.905,220.905,0
10,1,PSCO,EPE,1592330400,179.992,179.992,0
10,1,PSCO,EPE,1593648000,180.132,180.132,0
10,1,PSCO,EPE,1594965600,212.921,212.921,0
10,1,PSCO,EPE,1596283200,202.105,202.105,0
10,1,PSCO,EPE,1597600800,189.709,189.709,0
10,1,PSCO,EPE,1598918400,234.795,234.795,0
10,1,PSCO,EPE,1600236000,174.02,174.02,0
10,1,PSCO,EPE,1601553600,195.176,195.176,0
10,1,PSCO,EPE,1602871200,202.804,202.804,0
10,1,PSCO,EPE,1604188800,225.924,225.924,0
10,1,PSCO,EPE,1605506400,203.332,203.332,0
10,1,PSCO,EPE,1606824000,147.36,147.36,0
10,1,PSCO,EPE,1608141600,172.796,172.796,0
10,2,PSCO,EPE,1577836800,198.833,206.834,5
10,2,PSCO,EPE,1579154400,174.348,171.399,4
10,2,PSCO,EPE,1580472000,175.923,172.775,8
10,2,PSCO,EPE,1581789600,183.017,211.871,6
10,2,PSCO,EPE,1583107200,197.699,199.368,4
10,2,PSCO,EPE,1584424800,214.387,229.727,7
10,2,PSCO,EPE,1585742400,167.205,201.473,3
10,2,PSCO,EPE,1587060000,176.627,215.845,3
10,2,PSCO,EPE,1588377600,182.077,187.407,6
10,2,PSCO,EPE,1589695200,171.004,177.256,4
10,2,PSCO,EPE,1591012800,202.786,225.601,3
10,2,PSCO,EPE,1592330400,179.345,183.617,2
10,2,PSCO,EPE,1593648000,181.191,183.66,4
10,2,PSCO,EPE,1594965600,205.017,216.392,4
10,2,PSCO,EPE,1596283200,197.736,205.15,6
10,2,PSCO,EPE,1597600800,193.774,194.312,5
10,2,PSCO,EPE,1598918400,205.631,239.606,1
10,2,PSCO,EPE,1600236000,174.675,177.195,4
10,2,PSCO,EPE,1601553600,197.915,198.739,6
10,2,PSCO,EPE,1602871200,205.097,208.122,5
10,2,PSCO,EPE,1604188800,216.186,230.317,5
10,2,PSCO,EPE,1605506400,196.912,206.391,4
10,2,PSCO,EPE,1606824000,147.36,147.36,0
10,2,PSCO,EPE,1608141600,172.796,172.796,0
10,3,PSCO,EPE,1577836800,205.983,206.834,1
10,3,PSCO,EPE,1579154400,168.095,168.095,0
10,3,PSCO,EPE,1580472000,165.819,165.819,0
10,3,PSCO,EPE,1581789600,181.125,211.871,2
10,3,PSCO,EPE,1583107200,195.56,195.56,0
10,3,PSCO,EPE,1584424800,210.836,225.4,3
10,3,PSCO,EPE,1585742400,170.276,201.473,1
10,3,PSCO,EPE,1587060000,176.842,215.845,1
10,3,PSCO,EPE,1588377600,188.372,187.407,2
10,3,PSCO,EPE,1589695200,174.63,174.63,0
10,3,PSCO,EPE,1591012800,201.078,225.601,1
10,3,PSCO,EPE,1592330400,179.992,179.992,0
10,3,PSCO,EPE,1593648000,184.232,183.66,2
10,3,PSCO,EPE,1594965600,213.342,216.392,2
10,3,PSCO,EPE,1596283200,202.105,202.105,0
10,3,PSCO,EPE,1597600800,192.527,194.312,1
10,3,PSCO,EPE,1598918400,207.378,239.606,1
10,3,PSCO,EPE,1600236000,174.02,174.02,0
10,3,PSCO,EPE,1601553600,195.176,195.176,0
10,3,PSCO,EPE,1602871200,205.966,208.122,1
10,3,PSCO,EPE,1604188800,219.69,230.317,1
10,3,PSCO,EPE,1605506400,207.597,206.391,4
10,3,PSCO,EPE,1606824000,147.36,147.36,0
10,3,PSCO,EPE,1608141600,172.796,172.796,0
10,4,PSCO,EPE,1577836800,202.953,206.834,3
10,4,PSCO,EPE,1579154400,168.095,168.095,0
10,4,PSCO,EPE,1580472000,165.819,165.819,0
10,4,PSCO,EPE,1581789600,181.302,211.871,1
10,4,PSCO,EPE,1583107200,196.233,199.368,2
10,4,PSCO,EPE,1584424800,210.526,225.4,1
10,4,PSCO,EPE,1585742400,170.276,201.473,1
10,4,PSCO,EPE,1587060000,176.842,215.845,1
10,4,PSCO,EPE,1588377600,185.995,187.407,2
10,4,PSCO,EPE,1589695200,176.318,177.256,2
10,4,PSCO,EPE,1591012800,201.078,225.601,1
10,4,PSCO,EPE,1592330400,187.762,183.617,1
10,4,PSCO,EPE,1593648000,180.132,180.132,0
10,4,PSCO,EPE,1594965600,210.057,216.392,1
10,4,PSCO,EPE,1596283200,197.571,205.15,2
10,4,PSCO,EPE,1597600800,194.939,194.312,1
10,4,PSCO,EPE,1598918400,218.41,239.606,2
10,4,PSCO,EPE,1600236000,174.02,174.02,0
10,4,PSCO,EPE,1601553600,195.176,195.176,0
10,4,PSCO,EPE,1602871200,202.804,202.804,0
10,4,PSCO,EPE,1604188800,219.94,230.317,1
10,4,PSCO,EPE,1605506400,203.332,203.332,0
10,4,PSCO,EPE,1606824000,147.36,147.36,0
10,4,PSCO,EPE,1608141600,172.796,172.796,0
10,5,PSCO,EPE,1577836800,197.746,206.834,5
10,5,PSCO,EPE,1579154400,172.461,171.399,4
10,5,PSCO,EPE,1580472000,175.175,172.775,8
10,5,PSCO,EPE,1581789600,186.199,215.208,7
10,5,PSCO,EPE,1583107200,196.487,199.368,4
10,5,PSCO,EPE,1584424800,213.459,229.727,7
10,5,PSCO,EPE,1585742400,166.065,201.473,3
10,5,PSCO,EPE,1587060000,176.218,215.845,3
10,5,PSCO,EPE,1588377600,180.785,187.407,6
10,5,PSCO,EPE,1589695200,170.504,177.256,4
10,5,PSCO,EPE,1591012800,202.184,225.601,3
10,5,PSCO,EPE,1592330400,178.744,183.617,3
10,5,PSCO,EPE,1593648000,180.496,183.66,4
10,5,PSCO,EPE,1594965600,204.246,216.392,4
10,5,PSCO,EPE,1596283200,197.305,205.15,6
10,5,PSCO,EPE,1597600800,193.316,194.312,5
10,5,PSCO,EPE,1598918400,205.388,239.606,1
10,5,PSCO,EPE,1600236000,173.782,177.195,4
10,5,PSCO,EPE,1601553600,196.069,198.739,6
10,5,PSCO,EPE,1602871200,204.236,208.122,5
10,5,PSCO,EPE,1604188800,215.832,230.317,6
10,5,PSCO,EPE,1605506400,196.417,206.391,4
10,5,PSCO,EPE,1606824000,147.36,147.36,0
10,5,PSCO,EPE,1608141600,172.796,172.796,0
10,6,PSCO,EPE,1577836800,201.806,201.806,0
10,6,PSCO,EPE,1579154400,168.095,168.095,0
10,6,PSCO,EPE,1580472000,165.819,165.819,0
10,6,PSCO,EPE,1581789600,181.302,211.871,1
10,6,PSCO,EPE,1583107200,195.56,195.56,0
10,6,PSCO,EPE,1584424800,210.526,225.4,1
10,6,PSCO,EPE,1585742400,170.276,201.473,1
10,6,PSCO,EPE,1587060000,176.842,215.845,1
10,6,PSCO,EPE,1588377600,184.026,187.407,1
10,6,PSCO,EPE,1589695200,174.63,174.63,0
10,6,PSCO,EPE,1591012800,201.078,225.601,1
10,6,PSCO,EPE,1592330400,179.992,179.992,0
10,6,PSCO,EPE,1593648000,180.132,180.132,0
10,6,PSCO,EPE,1594965600,212.369,216.392,1
10,6,PSCO,EPE,1596283200,202.105,202.105,0
10,6,PSCO,EPE,1597600800,189.709,189.709,0
10,6,PSCO,EPE,1598918400,207.378,239.606,1
10,6,PSCO,EPE,1600236000,174.02,174.02,0
10,6,PSCO,EPE,1601553600,195.176,195.176,0
10,6,PSCO,EPE,1602871200,202.804,202.804,0
10,6,PSCO,EPE,1604188800,219.69,230.317,1
10,6,PSCO,EPE,1605506400,203.332,203.332,0
10,6,PSCO,EPE,1606824000,147.36,147.36,0
10,6,PSCO,EPE,1608141600,172.796,172.796,0
10,1,PSCO,PACE,1577836800,201.806,201.806,0
10,1,PSCO,PACE,1579154400,168.095,168.095,0
10,1,PSCO,PACE,1580472000,165.819,165.819,0
10,1,PSCO,PACE,1581789600,208.599,208.599,0
10,1,PSCO,PACE,1583107200,195.56,195.56,0
10,1,PSCO,PACE,1584424800,221.046,221.046,0
10,1,PSCO,PACE,1585742400,196.694,196.694,0
10,1,PSCO,PACE,1587060000,211.329,211.329,0
10,1,PSCO,PACE,1588377600,184.057,184.057,0
10,1,PSCO,PACE,1589695200,174.63,174.63,0
10,1,PSCO,PACE,1591012800,220.905,220.905,0
10,1,PSCO,PACE,1592330400,179.992,179.992,0
10,1,PSCO,PACE,1593648000,180.132,180.132,0
10,1,PSCO,PACE,1594965600,212.921,212.921,0
10,1,PSCO,PACE,1596283200,202.105,202.105,0
10,1,PSCO,PACE,1597600800,189.709,189.709,0
10,1,PSCO,PACE,1598918400,234.795,234.795,0
10,1,PSCO,PACE,1600236000,174.02,174.02,0
10,1,PSCO,PACE,1601553600,195.176,195.176,0
10,1,PSCO,PACE,1602871200,202.804,202.804,0
10,1,PSCO,PACE,1604188800,225.924,225.924,0
10,1,PSCO,PACE,1605506400,203.332,203.332,0
10,1,PSCO,PACE,1606824000,147.36,147.36,0
10,1,PSCO,PACE,1608141600,172.796,172.796,0
10,2,PSCO,PACE,1577836800,209.221,206.834,5
10,2,PSCO,PACE,1579154400,176.425,171.399,6
10,2,PSCO,PACE,1580472000,171.283,169.296,4
10,2,PSCO,PACE,1581789600,195.334,211.871,6
10,2,PSCO,PACE,1583107200,205.253,202.871,8
10,2,PSCO,PACE,1584424800,227.863,225.4,2
10,2,PSCO,PACE,1585742400,203.066,201.473,6
10,2,PSCO,PACE,1587060000,218.068,220.262,7
10,2,PSCO,PACE,1588377600,175.972,187.407,5
10,2,PSCO,PACE,1589695200,174.526,177.256,2
10,2,PSCO,PACE,1591012800,218.963,225.601,2
10,2,PSCO,PACE,1592330400,169.398,183.617,4
10,2,PSCO,PACE,1593648000,179.587,183.66,6
10,2,PSCO,PACE,1594965600,205.802,220.093,8
10,2,PSCO,PACE,1596283200,204.961,205.15,4
10,2,PSCO,PACE,1597600800,189.709,189.709,0
10,2,PSCO,PACE,1598918400,234.817,239.606,5
10,2,PSCO,PACE,1600236000,174.02,174.02,0
10,2,PSCO,PACE,1601553600,201.419,198.739,4
10,2,PSCO,PACE,1602871200,195.748,208.122,3
10,2,PSCO,PACE,1604188800,230.676,230.317,2
10,2,PSCO,PACE,1605506400,206.133,206.391,4
10,2,PSCO,PACE,1606824000,147.36,147.36,0
10,2,PSCO,PACE,1608141600,172.796,172.796,0
10,3,PSCO,PACE,1577836800,206.247,206.834,1
10,3,PSCO,PACE,1579154400,168.095,168.095,0
10,3,PSCO,PACE,1580472000,165.819,165.819,0
10,3,PSCO,PACE,1581789600,201.736,211.871,2
10,3,PSCO,PACE,1583107200,199.739,199.368,2
10,3,PSCO,PACE,1584424800,221.046,221.046,0
10,3,PSCO,PACE,1585742400,196.694,196.694,0
10,3,PSCO,PACE,1587060000,215.309,215.845,1
10,3,PSCO,PACE,1588377600,185.292,187.407,1
10,3,PSCO,PACE,1589695200,174.63,174.63,0
10,3,PSCO,PACE,1591012800,220.905,220.905,0
10,3,PSCO,PACE,1592330400,179.992,179.992,0
10,3,PSCO,PACE,1593648000,184.272,183.66,2
10,3,PSCO,PACE,1594965600,202.752,216.392,2
10,3,PSCO,PACE,1596283200,202.105,202.105,0
10,3,PSCO,PACE,1597600800,189.709,189.709,0
10,3,PSCO,PACE,1598918400,237.204,239.606,1
10,3,PSCO,PACE,1600236000,174.02,174.02,0
10,3,PSCO,PACE,1601553600,195.176,195.176,0
10,3,PSCO,PACE,1602871200,204.435,208.122,3
10,3,PSCO,PACE,1604188800,225.924,225.924,0
10,3,PSCO,PACE,1605506400,203.332,203.332,0
10,3,PSCO,PACE,1606824000,147.36,147.36,0
10,3,PSCO,PACE,1608141600,172.796,172.796,0
10,4,PSCO,PACE,1577836800,201.806,201.806,0
10,4,PSCO,PACE,1579154400,168.095,168.095,0
10,4,PSCO,PACE,1580472000,165.819,165.819,0
10,4,PSCO,PACE,1581789600,197.682,211.871,2
10,4,PSCO,PACE,1583107200,195.56,195.56,0
10,4,PSCO,PACE,1584424800,221.046,221.046,0
10,4,PSCO,PACE,1585742400,196.694,196.694,0
10,4,PSCO,PACE,1587060000,211.329,211.329,0
10,4,PSCO,PACE,1588377600,192.22,187.407,2
10,4,PSCO,PACE,1589695200,174.63,174.63,0
10,4,PSCO,PACE,1591012800,220.905,220.905,0
10,4,PSCO,PACE,1592330400,195.995,183.617,2
10,4,PSCO,PACE,1593648000,180.132,180.132,0
10,4,PSCO,PACE,1594965600,200.265,216.392,2
10,4,PSCO,PACE,1596283200,202.105,202.105,0
10,4,PSCO,PACE,1597600800,189.709,189.709,0
10,4,PSCO,PACE,1598918400,239.394,239.606,2
10,4,PSCO,PACE,1600236000,174.02,174.02,0
10,4,PSCO,PACE,1601553600,195.176,195.176,0
10,4,PSCO,PACE,1602871200,208.97,208.122,2
10,4,PSCO,PACE,1604188800,225.924,225.924,0
10,4,PSCO,PACE,1605506400,203.332,203.332,0
10,4,PSCO,PACE,1606824000,147.36,147.36,0
10,4,PSCO,PACE,1608141600,172.796,172.796,0
10,5,PSCO,PACE,1577836800,207.805,206.834,5
10,5,PSCO,PACE,1579154400,174.974,171.399,6
10,5,PSCO,PACE,1580472000,170.251,169.296,4
10,5,PSCO,PACE,1581789600,194.347,211.871,6
10,5,PSCO,PACE,1583107200,203.425,202.871,8
10,5,PSCO,PACE,1584424800,227.036,225.4,2
10,5,PSCO,PACE,1585742400,199.74,201.473,4
10,5,PSCO,PACE,1587060000,216.536,220.262,7
10,5,PSCO,PACE,1588377600,175.309,187.407,6
10,5,PSCO,PACE,1589695200,173.429,177.256,2
10,5,PSCO,PACE,1591012800,218.667,225.601,2
10,5,PSCO,PACE,1592330400,168.458,183.617,4
10,5,PSCO,PACE,1593648000,177.155,183.66,4
10,5,PSCO,PACE,1594965600,204.075,220.093,8
10,5,PSCO,PACE,1596283200,204.464,205.15,4
10,5,PSCO,PACE,1597600800,189.709,189.709,0
10,5,PSCO,PACE,1598918400,234.745,239.606,6
10,5,PSCO,PACE,1600236000,174.02,174.02,0
10,5,PSCO,PACE,1601553600,200.007,198.739,4
10,5,PSCO,PACE,1602871200,194.881,208.122,3
10,5,PSCO,PACE,1604188800,230.371,230.317,2
10,5,PSCO,PACE,1605506400,205.329,206.391,4
10,5,PSCO,PACE,1606824000,147.36,147.36,0
10,5,PSCO,PACE,1608141600,172.796,172.796,0
10,6,PSCO,PACE,1577836800,201.806,201.806,0
10,6,PSCO,PACE,1579154400,168.095,168.095,0
10,6,PSCO,PACE,1580472000,165.819,165.819,0
10,6,PSCO,PACE,1581789600,197.682,211.871,2
10,6,PSCO,PACE,1583107200,195.56,195.56,0
10,6,PSCO,PACE,1584424800,221.046,221.046,0
10,6,PSCO,PACE,1585742400,196.694,196.694,0
10,6,PSCO,PACE,1587060000,211.329,211.329,0
10,6,PSCO,PACE,1588377600,183.91,187.407,1
10,6,PSCO,PACE,1589695200,174.63,174.63,0
10,6,PSCO,PACE,1591012800,220.905,220.905,0
10,6,PSCO,PACE,1592330400,179.992,179.992,0
10,6,PSCO,PACE,1593648000,180.132,180.132,0
10,6,PSCO,PACE,1594965600,203.817,216.392,1
10,6,PSCO,PACE,1596283200,202.105,202.105,0
10,6,PSCO,PACE,1597600800,189.709,189.709,0
10,6,PSCO,PACE,1598918400,234.765,239.606,1
10,6,PSCO,PACE,1600236000,174.02,174.02,0
10,6,PSCO,PACE,1601553600,195.176,195.176,0
10,6,PSCO,PACE,1602871200,201.928,208.122,1
10,6,PSCO,PACE,1604188800,225.924,225.924,0
10,6,PSCO,PACE,1605506400,203.332,203.332,0
10,6,PSCO,PACE,1606824000,147.36,147.36,0
10,6,PSCO,PACE,1608141600,172.796,172.796,0
10,1,TEPC,AECI,1577836800,261.782,261.782,0
10,1,TEPC,AECI,1579154400,260.044,260.044,0
10,1,TEPC,AECI,1580472000,227.287,227.287,0
10,1,TEPC,AECI,1581789600,230.952,230.952,0
10,1,TEPC,AECI,1583107200,213.887,213.887,0
10,1,TEPC,AECI,1584424800,209.261,209.261,0
10,1,TEPC,AECI,1585742400,163.89,163.89,0
10,1,TEPC,AECI,1587060000,178.693,178.693,0
10,1,TEPC,AECI,1588377600,179.254,179.254,0
10,1,TEPC,AECI,1589695200,215.518,215.518,0
10,1,TEPC,AECI,1591012800,222.496,222.496,0
10,1,TEPC,AECI,1592330400,189.451,189.451,0
10,1,TEPC,AECI,1593648000,215.878,215.878,0
10,1,TEPC,AECI,1594965600,207.863,207.863,0
10,1,TEPC,AECI,1596283200,219.66,219.66,0
10,1,TEPC,AECI,1597600800,232.192,232.192,0
10,1,TEPC,AECI,1598918400,219.508,219.508,0
10,1,TEPC,AECI,1600236000,245.174,245.174,0
10,1,TEPC,AECI,1601553600,235.921,235.921,0
10,1,TEPC,AECI,1602871200,262.53,262.53,0
10,1,TEPC,AECI,1604188800,265.706,265.706,0
10,1,TEPC,AECI,1605506400,225.001,225.001,0
10,1,TEPC,AECI,1606824000,193.11,193.11,0
10,1,TEPC,AECI,1608141600,251.11,251.11,0
10,2,TEPC,AECI,1577836800,177.988,267.327,1
10,2,TEPC,AECI,1579154400,192.075,265.972,1
10,2,TEPC,AECI,1580472000,178.072,232.948,5
10,2,TEPC,AECI,1581789600,193.772,234.731,4
10,2,TEPC,AECI,1583107200,176.77,218.268,5
10,2,TEPC,AECI,1584424800,177.77,214.078,3
10,2,TEPC,AECI,1585742400,135.003,167.958,5
10,2,TEPC,AECI,1587060000,148.764,181.485,5
10,2,TEPC,AECI,1588377600,156.42,182.828,5
10,2,TEPC,AECI,1589695200,162.946,220.659,1
10,2,TEPC,AECI,1591012800,157.353,227.481,1
10,2,TEPC,AECI,1592330400,165.494,192.904,5
10,2,TEPC,AECI,1593648000,190.238,220.097,3
10,2,TEPC,AECI,1594965600,181.69,212.83,3
10,2,TEPC,AECI,1596283200,186.475,224.499,1
10,2,TEPC,AECI,1597600800,206.435,236.671,1
10,2,TEPC,AECI,1598918400,184.759,224.177,1
10,2,TEPC,AECI,1600236000,210.837,250.543,3
10,2,TEPC,AECI,1601553600,188.44,240.805,1
10,2,TEPC,AECI,1602871200,184.642,267.329,1
10,2,TEPC,AECI,1604188800,233.896,275.245,7
10,2,TEPC,AECI,1605506400,209.812,230.103,5
10,2,TEPC,AECI,1606824000,192.872,197.447,5
10,2,TEPC,AECI,1608141600,199.78,256.156,1
10,3,TEPC,AECI,1577836800,177.988,267.327,1
10,3,TEPC,AECI,1579154400,192.075,265.972,1
10,3,TEPC,AECI,1580472000,183.871,232.948,1
10,3,TEPC,AECI,1581789600,213.95,234.731,4
10,3,TEPC,AECI,1583107200,213.887,213.887,0
10,3,TEPC,AECI,1584424800,184.89,214.078,1
10,3,TEPC,AECI,1585742400,138.185,167.958,4
10,3,TEPC,AECI,1587060000,175.07,181.485,2
10,3,TEPC,AECI,1588377600,179.254,179.254,0
10,3,TEPC,AECI,1589695200,162.946,220.659,1
10,3,TEPC,AECI,1591012800,157.353,227.481,1
10,3,TEPC,AECI,1592330400,186.026,192.904,4
10,3,TEPC,AECI,1593648000,215.878,215.878,0
10,3,TEPC,AECI,1594965600,202.829,212.83,3
10,3,TEPC,AECI,1596283200,189.98,224.499,1
10,3,TEPC,AECI,1597600800,232.192,232.192,0
10,3,TEPC,AECI,1598918400,187.346,224.177,3
10,3,TEPC,AECI,1600236000,246.933,250.543,1
10,3,TEPC,AECI,1601553600,188.44,240.805,1
10,3,TEPC,AECI,1602871200,184.642,267.329,1
10,3,TEPC,AECI,1604188800,258.26,270.432,2
10,3,TEPC,AECI,1605506400,219.344,230.103,1
10,3,TEPC,AECI,1606824000,193.11,193.11,0
10,3,TEPC,AECI,1608141600,199.78,256.156,1
10,4,TEPC,AECI,1577836800,177.988,267.327,1
10,4,TEPC,AECI,1579154400,192.075,265.972,1
10,4,TEPC,AECI,1580472000,183.871,232.948,1
10,4,TEPC,AECI,1581789600,194.531,234.731,1
10,4,TEPC,AECI,1583107200,183.242,218.268,1
10,4,TEPC,AECI,1584424800,178.509,214.078,1
10,4,TEPC,AECI,1585742400,135.217,167.958,1
10,4,TEPC,AECI,1587060000,149.234,181.485,1
10,4,TEPC,AECI,1588377600,158.495,182.828,1
10,4,TEPC,AECI,1589695200,162.946,220.659,1
10,4,TEPC,AECI,1591012800,157.353,227.481,1
10,4,TEPC,AECI,1592330400,162.885,192.904,1
10,4,TEPC,AECI,1593648000,188.624,220.097,1
10,4,TEPC,AECI,1594965600,180.256,212.83,1
10,4,TEPC,AECI,1596283200,186.475,224.499,1
10,4,TEPC,AECI,1597600800,206.435,236.671,1
10,4,TEPC,AECI,1598918400,184.759,224.177,1
10,4,TEPC,AECI,1600236000,208.91,250.543,1
10,4,TEPC,AECI,1601553600,188.44,240.805,1
10,4,TEPC,AECI,1602871200,184.642,267.329,1
10,4,TEPC,AECI,1604188800,225.545,270.432,1
10,4,TEPC,AECI,1605506400,209.721,230.103,1
10,4,TEPC,AECI,1606824000,193.11,193.11,0
10,4,TEPC,AECI,1608141600,199.78,256.156,1
10,5,TEPC,AECI,1577836800,177.988,267.327,1
10,5,TEPC,AECI,1579154400,192.075,265.972,1
10,5,TEPC,AECI,1580472000,177.469,232.948,5
10,5,TEPC,AECI,1581789600,192.952,234.731,4
10,5,TEPC,AECI,1583107200,175.369,218.268,5
10,5,TEPC,AECI,1584424800,177.395,214.078,3
10,5,TEPC,AECI,1585742400,134.33,167.958,5
10,5,TEPC,AECI,1587060000,147.779,181.485,5
10,5,TEPC,AECI,1588377600,155.385,182.828,5
10,5,TEPC,AECI,1589695200,162.946,220.659,1
10,5,TEPC,AECI,1591012800,157.353,227.481,1
10,5,TEPC,AECI,1592330400,164.967,192.904,5
10,5,TEPC,AECI,1593648000,189.939,220.097,3
10,5,TEPC,AECI,1594965600,181.538,212.83,3
10,5,TEPC,AECI,1596283200,186.475,224.499,1
10,5,TEPC,AECI,1597600800,206.435,236.671,1
10,5,TEPC,AECI,1598918400,184.759,224.177,1
10,5,TEPC,AECI,1600236000,210.325,250.543,3
10,5,TEPC,AECI,1601553600,188.44,240.805,1
10,5,TEPC,AECI,1602871200,184.642,267.329,1
10,5,TEPC,AECI,1604188800,233.309,275.245,7
10,5,TEPC,AECI,1605506400,208.774,230.103,5
10,5,TEPC,AECI,1606824000,192.082,197.447,5
10,5,TEPC,AECI,1608141600,199.78,256.156,1
10,6,TEPC,AECI,1577836800,177.988,267.327,1
10,6,TEPC,AECI,1579154400,192.075,265.972,1
10,6,TEPC,AECI,1580472000,183.871,232.948,1
10,6,TEPC,AECI,1581789600,194.531,234.731,1
10,6,TEPC,AECI,1583107200,178.411,218.268,2
10,6,TEPC,AECI,1584424800,178.509,214.078,1
10,6,TEPC,AECI,1585742400,135.217,167.958,1
10,6,TEPC,AECI,1587060000,149.234,181.485,1
10,6,TEPC,AECI,1588377600,158.495,182.828,1
10,6,TEPC,AECI,1589695200,162.946,220.659,1
10,6,TEPC,AECI,1591012800,157.353,227.481,1
10,6,TEPC,AECI,1592330400,162.885,192.904,1
10,6,TEPC,AECI,1593648000,188.624,220.097,1
10,6,TEPC,AECI,1594965600,180.256,212.83,1
10,6,TEPC,AECI,1596283200,186.475,224.499,1
10,6,TEPC,AECI,1597600800,206.435,236.671,1
10,6,TEPC,AECI,1598918400,184.759,224.177,1
10,6,TEPC,AECI,1600236000,208.91,250.543,1
10,6,TEPC,AECI,1601553600,188.44,240.805,1
10,6,TEPC,AECI,1602871200,184.642,267.329,1
10,6,TEPC,AECI,1604188800,225.545,270.432,1
10,6,TEPC,AECI,1605506400,209.721,230.103,1
10,6,TEPC,AECI,1606824000,193.11,193.11,0
10,6,TEPC,AECI,1608141600,199.78,256.156,1
15,1,AECI,EPE,1577836800,171.652,171.652,0
15,1,AECI,EPE,1579154400,184.829,184.829,0
15,1,AECI,EPE,1580472000,179.08,179.08,0
15,1,AECI,EPE,1581789600,190.047,190.047,0
15,1,AECI,EPE,1583107200,177.533,177.533,0
15,1,AECI,EPE,1584424800,173.609,173.609,0
15,1,AECI,EPE,1585742400,130.078,130.078,0
15,1,AECI,EPE,1587060000,146.519,146.519,0
15,1,AECI,EPE,1588377600,154.192,154.192,0
15,1,AECI,EPE,1589695200,158.058,158.058,0
15,1,AECI,EPE,1591012800,151.782,151.782,0
15,1,AECI,EPE,1592330400,159.195,159.195,0
15,1,AECI,EPE,1593648000,183.868,183.868,0
15,1,AECI,EPE,1594965600,175.21,175.21,0
15,1,AECI,EPE,1596283200,180.832,180.832,0
15,1,AECI,EPE,1597600800,201.072,201.072,0
15,1,AECI,EPE,1598918400,180.384,180.384,0
15,1,AECI,EPE,1600236000,202.899,202.899,0
15,1,AECI,EPE,1601553600,182.573,182.573,0
15,1,AECI,EPE,1602871200,178.75,178.75,0
15,1,AECI,EPE,1604188800,219.569,219.569,0
15,1,AECI,EPE,1605506400,205.232,205.232,0
15,1,AECI,EPE,1606824000,196.187,196.187,0
15,1,AECI,EPE,1608141600,194.483,194.483,0
15,2,AECI,EPE,1577836800,177.526,175.342,2
15,2,AECI,EPE,1579154400,192.52,188.789,4
15,2,AECI,EPE,1580472000,174.457,182.532,4
15,2,AECI,EPE,1581789600,188.329,198.479,7
15,2,AECI,EPE,1583107200,181.337,181.799,4
15,2,AECI,EPE,1584424800,180.332,176.679,4
15,2,AECI,EPE,1585742400,130.078,130.078,0
15,2,AECI,EPE,1587060000,151.652,149.147,4
15,2,AECI,EPE,1588377600,159.692,157.765,4
15,2,AECI,EPE,1589695200,162.904,161.536,2
15,2,AECI,EPE,1591012800,151.782,151.782,0
15,2,AECI,EPE,1592330400,164.507,162.435,2
15,2,AECI,EPE,1593648000,197.062,191.747,6
15,2,AECI,EPE,1594965600,175.21,175.21,0
15,2,AECI,EPE,1596283200,186.162,184.458,2
15,2,AECI,EPE,1597600800,206.395,205.228,3
15,2,AECI,EPE,1598918400,187.88,183.948,4
15,2,AECI,EPE,1600236000,199.614,206.444,4
15,2,AECI,EPE,1601553600,190.15,185.848,4
15,2,AECI,EPE,1602871200,187.474,182.572,4
15,2,AECI,EPE,1604188800,216.589,228.152,6
15,2,AECI,EPE,1605506400,209.076,211.558,8
15,2,AECI,EPE,1606824000,195.014,200.233,4
15,2,AECI,EPE,1608141600,200.51,198.171,4
15,3,AECI,EPE,1577836800,207.415,175.342,1
15,3,AECI,EPE,1579154400,211.983,188.789,1
15,3,AECI,EPE,1580472000,174.731,182.532,3
15,3,AECI,EPE,1581789600,181.27,194.225,1
15,3,AECI,EPE,1583107200,207.341,181.799,1
15,3,AECI,EPE,1584424800,201.042,176.679,2
15,3,AECI,EPE,1585742400,141.086,133.734,3
15,3,AECI,EPE,1587060000,175.466,149.147,1
15,3,AECI,EPE,1588377600,188.022,157.765,1
15,3,AECI,EPE,1589695200,191.839,161.536,2
15,3,AECI,EPE,1591012800,151.782,151.782,0
15,3,AECI,EPE,1592330400,167.125,162.435,1
15,3,AECI,EPE,1593648000,202.98,187.798,1
15,3,AECI,EPE,1594965600,205.047,178.469,4
15,3,AECI,EPE,1596283200,197.045,184.458,2
15,3,AECI,EPE,1597600800,219.52,205.228,1
15,3,AECI,EPE,1598918400,208.531,183.948,1
15,3,AECI,EPE,1600236000,204.861,206.444,2
15,3,AECI,EPE,1601553600,196.756,185.848,2
15,3,AECI,EPE,1602871200,186.373,182.572,1
15,3,AECI,EPE,1604188800,220.723,223.947,1
15,3,AECI,EPE,1605506400,203.57,208.412,2
15,3,AECI,EPE,1606824000,204.117,200.233,1
15,3,AECI,EPE,1608141600,220.997,198.171,1
15,4,AECI,EPE,1577836800,171.652,171.652,0
15,4,AECI,EPE,1579154400,184.829,184.829,0
15,4,AECI,EPE,1580472000,178.561,182.532,2
15,4,AECI,EPE,1581789600,184.967,194.225,2
15,4,AECI,EPE,1583107200,177.533,177.533,0
15,4,AECI,EPE,1584424800,173.609,173.609,0
15,4,AECI,EPE,1585742400,130.078,130.078,0
15,4,AECI,EPE,1587060000,146.519,146.519,0
15,4,AECI,EPE,1588377600,154.192,154.192,0
15,4,AECI,EPE,1589695200,158.058,158.058,0
15,4,AECI,EPE,1591012800,151.782,151.782,0
15,4,AECI,EPE,1592330400,159.195,159.195,0
15,4,AECI,EPE,1593648000,183.868,183.868,0
15,4,AECI,EPE,1594965600,175.21,175.21,0
15,4,AECI,EPE,1596283200,180.832,180.832,0
15,4,AECI,EPE,1597600800,204.881,205.228,1
15,4,AECI,EPE,1598918400,180.384,180.384,0
15,4,AECI,EPE,1600236000,202.899,202.899,0
15,4,AECI,EPE,1601553600,182.573,182.573,0
15,4,AECI,EPE,1602871200,178.75,178.75,0
15,4,AECI,EPE,1604188800,218.044,223.947,2
15,4,AECI,EPE,1605506400,206.622,208.412,2
15,4,AECI,EPE,1606824000,196.187,196.187,0
15,4,AECI,EPE,1608141600,194.483,194.483,0
15,5,AECI,EPE,1577836800,177.336,175.342,2
15,5,AECI,EPE,1579154400,191.666,188.789,4
15,5,AECI,EPE,1580472000,174.081,182.532,4
15,5,AECI,EPE,1581789600,187.362,198.479,7
15,5,AECI,EPE,1583107200,180.628,181.799,4
15,5,AECI,EPE,1584424800,179.881,176.679,4
15,5,AECI,EPE,1585742400,130.078,130.078,0
15,5,AECI,EPE,1587060000,149.406,149.147,2
15,5,AECI,EPE,1588377600,159.112,157.765,4
15,5,AECI,EPE,1589695200,162.698,161.536,2
15,5,AECI,EPE,1591012800,151.782,151.782,0
15,5,AECI,EPE,1592330400,164.373,162.435,2
15,5,AECI,EPE,1593648000,195.94,191.747,6
15,5,AECI,EPE,1594965600,175.21,175.21,0
15,5,AECI,EPE,1596283200,185.877,184.458,2
15,5,AECI,EPE,1597600800,206.973,205.228,4
15,5,AECI,EPE,1598918400,187.612,183.948,4
15,5,AECI,EPE,1600236000,198.181,206.444,4
15,5,AECI,EPE,1601553600,189.466,185.848,4
15,5,AECI,EPE,1602871200,186.615,182.572,4
15,5,AECI,EPE,1604188800,208.992,223.947,4
15,5,AECI,EPE,1605506400,207.693,211.558,8
15,5,AECI,EPE,1606824000,194.248,200.233,4
15,5,AECI,EPE,1608141600,199.763,198.171,4
15,6,AECI,EPE,1577836800,171.652,171.652,0
15,6,AECI,EPE,1579154400,184.829,184.829,0
15,6,AECI,EPE,1580472000,179.08,179.08,0
15,6,AECI,EPE,1581789600,181.27,194.225,1
15,6,AECI,EPE,1583107200,177.533,177.533,0
15,6,AECI,EPE,1584424800,173.609,173.609,0
15,6,AECI,EPE,1585742400,130.078,130.078,0
15,6,AECI,EPE,1587060000,146.519,146.519,0
15,6,AECI,EPE,1588377600,154.192,154.192,0
15,6,AECI,EPE,1589695200,158.058,158.058,0
15,6,AECI,EPE,1591012800,151.782,151.782,0
15,6,AECI,EPE,1592330400,159.195,159.195,0
15,6,AECI,EPE,1593648000,183.868,183.868,0
15,6,AECI,EPE,1594965600,175.21,175.21,0
15,6,AECI,EPE,1596283200,180.832,180.832,0
15,6,AECI,EPE,1597600800,201.072,201.072,0
15,6,AECI,EPE,1598918400,180.384,180.384,0
15,6,AECI,EPE,1600236000,202.681,206.444,1
15,6,AECI,EPE,1601553600,182.573,182.573,0
15,6,AECI,EPE,1602871200,178.75,178.75,0
15,6,AECI,EPE,1604188800,218.214,223.947,1
15,6,AECI,EPE,1605506400,205.232,205.232,0
15,6,AECI,EPE,1606824000,196.187,196.187,0
15,6,AECI,EPE,1608141600,194.483,194.483,0
15,1,AECI,PACE,1577836800,171.652,171.652,0
15,1,AECI,PACE,1579154400,184.829,184.829,0
15,1,AECI,PACE,1580472000,179.08,179.08,0
15,1,AECI,PACE,1581789600,190.047,190.047,0
15,1,AECI,PACE,1583107200,177.533,177.533,0
15,1,AECI,PACE,1584424800,173.609,173.609,0
15,1,AECI,PACE,1585742400,130.078,130.078,0
15,1,AECI,PACE,1587060000,146.519,146.519,0
15,1,AECI,PACE,1588377600,154.192,154.192,0
15,1,AECI,PACE,1589695200,158.058,158.058,0
15,1,AECI,PACE,1591012800,151.782,151.782,0
15,1,AECI,PACE,1592330400,159.195,159.195,0
15,1,AECI,PACE,1593648000,183.868,183.868,0
15,1,AECI,PACE,1594965600,175.21,175.21,0
15,1,AECI,PACE,1596283200,180.832,180.832,0
15,1,AECI,PACE,1597600800,201.072,201.072,0
15,1,AECI,PACE,1598918400,180.384,180.384,0
15,1,AECI,PACE,1600236000,202.899,202.899,0
15,1,AECI,PACE,1601553600,182.573,182.573,0
15,1,AECI,PACE,1602871200,178.75,178.75,0
15,1,AECI,PACE,1604188800,219.569,219.569,0
15,1,AECI,PACE,1605506400,205.232,205.232,0
15,1,AECI,PACE,1606824000,196.187,196.187,0
15,1,AECI,PACE,1608141600,194.483,194.483,0
15,2,AECI,PACE,1577836800,177.399,175.342,2
15,2,AECI,PACE,1579154400,190.723,188.789,2
15,2,AECI,PACE,1580472000,179.312,182.532,4
15,2,AECI,PACE,1581789600,192.626,198.479,5
15,2,AECI,PACE,1583107200,174.923,181.799,3
15,2,AECI,PACE,1584424800,173.609,173.609,0
15,2,AECI,PACE,1585742400,130.078,130.078,0
15,2,AECI,PACE,1587060000,150.771,149.147,2
15,2,AECI,PACE,1588377600,150.496,157.765,3
15,2,AECI,PACE,1589695200,164.229,161.536,2
15,2,AECI,PACE,1591012800,151.782,151.782,0
15,2,AECI,PACE,1592330400,161.098,162.435,4
15,2,AECI,PACE,1593648000,196.006,191.747,8
15,2,AECI,PACE,1594965600,185.6,181.77,6
15,2,AECI,PACE,1596283200,186.706,184.458,2
15,2,AECI,PACE,1597600800,201.072,201.072,0
15,2,AECI,PACE,1598918400,180.384,180.384,0
15,2,AECI,PACE,1600236000,202.899,202.899,0
15,2,AECI,PACE,1601553600,188.009,185.848,2
15,2,AECI,PACE,1602871200,189.226,186.552,7
15,2,AECI,PACE,1604188800,221.808,223.947,2
15,2,AECI,PACE,1605506400,210.959,208.412,4
15,2,AECI,PACE,1606824000,211.708,204.333,6
15,2,AECI,PACE,1608141600,202.025,198.171,4
15,3,AECI,PACE,1577836800,190.941,175.342,2
15,3,AECI,PACE,1579154400,213.652,188.789,4
15,3,AECI,PACE,1580472000,188.652,182.532,2
15,3,AECI,PACE,1581789600,202.454,194.225,1
15,3,AECI,PACE,1583107200,212.181,181.799,1
15,3,AECI,PACE,1584424800,173.609,173.609,0
15,3,AECI,PACE,1585742400,130.078,130.078,0
15,3,AECI,PACE,1587060000,146.519,146.519,0
15,3,AECI,PACE,1588377600,184.642,157.765,1
15,3,AECI,PACE,1589695200,166.166,161.536,2
15,3,AECI,PACE,1591012800,151.782,151.782,0
15,3,AECI,PACE,1592330400,159.195,159.195,0
15,3,AECI,PACE,1593648000,217.496,187.798,1
15,3,AECI,PACE,1594965600,183.577,178.469,4
15,3,AECI,PACE,1596283200,180.832,180.832,0
15,3,AECI,PACE,1597600800,218.157,205.228,3
15,3,AECI,PACE,1598918400,193.476,183.948,3
15,3,AECI,PACE,1600236000,222.262,206.444,2
15,3,AECI,PACE,1601553600,182.573,182.573,0
15,3,AECI,PACE,1602871200,204.213,186.552,5
15,3,AECI,PACE,1604188800,251.692,223.947,3
15,3,AECI,PACE,1605506400,225.031,208.412,2
15,3,AECI,PACE,1606824000,219.763,200.233,4
15,3,AECI,PACE,1608141600,208.777,198.171,2
15,4,AECI,PACE,1577836800,171.652,171.652,0
15,4,AECI,PACE,1579154400,184.829,184.829,0
15,4,AECI,PACE,1580472000,179.08,179.08,0
15,4,AECI,PACE,1581789600,190.047,190.047,0
15,4,AECI,PACE,1583107200,177.533,177.533,0
15,4,AECI,PACE,1584424800,173.609,173.609,0
15,4,AECI,PACE,1585742400,130.078,130.078,0
15,4,AECI,PACE,1587060000,146.519,146.519,0
15,4,AECI,PACE,1588377600,154.192,154.192,0
15,4,AECI,PACE,1589695200,158.058,158.058,0
15,4,AECI,PACE,1591012800,151.782,151.782,0
15,4,AECI,PACE,1592330400,159.195,159.195,0
15,4,AECI,PACE,1593648000,183.868,183.868,0
15,4,AECI,PACE,1594965600,175.21,175.21,0
15,4,AECI,PACE,1596283200,180.832,180.832,0
15,4,AECI,PACE,1597600800,201.072,201.072,0
15,4,AECI,PACE,1598918400,180.384,180.384,0
15,4,AECI,PACE,1600236000,202.899,202.899,0
15,4,AECI,PACE,1601553600,182.573,182.573,0
15,4,AECI,PACE,1602871200,178.75,178.75,0
15,4,AECI,PACE,1604188800,219.569,219.569,0
15,4,AECI,PACE,1605506400,205.232,205.232,0
15,4,AECI,PACE,1606824000,196.187,196.187,0
15,4,AECI,PACE,1608141600,194.483,194.483,0
15,5,AECI,PACE,1577836800,177.347,175.342,2
15,5,AECI,PACE,1579154400,190.687,188.789,2
15,5,AECI,PACE,1580472000,177.603,182.532,4
15,5,AECI,PACE,1581789600,191.706,198.479,5
15,5,AECI,PACE,1583107200,175.236,181.799,4
15,5,AECI,PACE,1584424800,173.609,173.609,0
15,5,AECI,PACE,1585742400,130.078,130.078,0
15,5,AECI,PACE,1587060000,150.689,149.147,2
15,5,AECI,PACE,1588377600,149.407,157.765,3
15,5,AECI,PACE,1589695200,163.22,161.536,2
15,5,AECI,PACE,1591012800,151.782,151.782,0
15,5,AECI,PACE,1592330400,160.378,162.435,4
15,5,AECI,PACE,1593648000,193.878,191.747,8
15,5,AECI,PACE,1594965600,183.142,181.77,6
15,5,AECI,PACE,1596283200,186.544,184.458,2
15,5,AECI,PACE,1597600800,201.072,201.072,0
15,5,AECI,PACE,1598918400,180.384,180.384,0
15,5,AECI,PACE,1600236000,202.899,202.899,0
15,5,AECI,PACE,1601553600,187.961,185.848,2
15,5,AECI,PACE,1602871200,187.662,186.552,7
15,5,AECI,PACE,1604188800,221.395,223.947,2
15,5,AECI,PACE,1605506400,210.067,208.412,4
15,5,AECI,PACE,1606824000,210.611,204.333,6
15,5,AECI,PACE,1608141600,201.467,198.171,4
15,6,AECI,PACE,1577836800,171.652,171.652,0
15,6,AECI,PACE,1579154400,184.829,184.829,0
15,6,AECI,PACE,1580472000,179.08,179.08,0
15,6,AECI,PACE,1581789600,190.047,190.047,0
15,6,AECI,PACE,1583107200,177.247,181.799,1
15,6,AECI,PACE,1584424800,173.609,173.609,0
15,6,AECI,PACE,1585742400,130.078,130.078,0
15,6,AECI,PACE,1587060000,146.519,146.519,0
15,6,AECI,PACE,1588377600,153.128,157.765,1
15,6,AECI,PACE,1589695200,158.058,158.058,0
15,6,AECI,PACE,1591012800,151.782,151.782,0
15,6,AECI,PACE,1592330400,159.195,159.195,0
15,6,AECI,PACE,1593648000,183.868,183.868,0
15,6,AECI,PACE,1594965600,175.21,175.21,0
15,6,AECI,PACE,1596283200,180.832,180.832,0
15,6,AECI,PACE,1597600800,201.072,201.072,0
15,6,AECI,PACE,1598918400,180.384,180.384,0
15,6,AECI,PACE,1600236000,202.899,202.899,0
15,6,AECI,PACE,1601553600,182.573,182.573,0
15,6,AECI,PACE,1602871200,178.75,178.75,0
15,6,AECI,PACE,1604188800,219.569,219.569,0
15,6,AECI,PACE,1605506400,205.232,205.232,0
15,6,AECI,PACE,1606824000,196.187,196.187,0
15,6,AECI,PACE,1608141600,194.483,194.483,0
15,1,AECI,TEPC,1577836800,171.652,171.652,0
15,1,AECI,TEPC,1579154400,184.829,184.829,0
15,1,AECI,TEPC,1580472000,179.08,179.08,0
15,1,AECI,TEPC,1581789600,190.047,190.047,0
15,1,AECI,TEPC,1583107200,177.533,177.533,0
15,1,AECI,TEPC,1584424800,173.609,173.609,0
15,1,AECI,TEPC,1585742400,130.078,130.078,0
15,1,AECI,TEPC,1587060000,146.519,146.519,0
15,1,AECI,TEPC,1588377600,154.192,154.192,0
15,1,AECI,TEPC,1589695200,158.058,158.058,0
15,1,AECI,TEPC,1591012800,151.782,151.782,0
15,1,AECI,TEPC,1592330400,159.195,159.195,0
15,1,AECI,TEPC,1593648000,183.868,183.868,0
15,1,AECI,TEPC,1594965600,175.21,175.21,0
15,1,AECI,TEPC,1596283200,180.832,180.832,0
15,1,AECI,TEPC,1597600800,201.072,201.072,0
15,1,AECI,TEPC,1598918400,180.384,180.384,0
15,1,AECI,TEPC,1600236000,202.899,202.899,0
15,1,AECI,TEPC,1601553600,182.573,182.573,0
15,1,AECI,TEPC,1602871200,178.75,178.75,0
15,1,AECI,TEPC,1604188800,219.569,219.569,0
15,1,AECI,TEPC,1605506400,205.232,205.232,0
15,1,AECI,TEPC,1606824000,196.187,196.187,0
15,1,AECI,TEPC,1608141600,194.483,194.483,0
15,2,AECI,TEPC,1577836800,171.652,171.652,0
15,2,AECI,TEPC,1579154400,184.829,184.829,0
15,2,AECI,TEPC,1580472000,178.034,182.532,4
15,2,AECI,TEPC,1581789600,200.181,198.479,5
15,2,AECI,TEPC,1583107200,176.731,181.799,4
15,2,AECI,TEPC,1584424800,176.581,176.679,2
15,2,AECI,TEPC,1585742400,134.493,133.734,4
15,2,AECI,TEPC,1587060000,153.337,151.4,6
15,2,AECI,TEPC,1588377600,156.863,157.765,4
15,2,AECI,TEPC,1589695200,158.058,158.058,0
15,2,AECI,TEPC,1591012800,151.782,151.782,0
15,2,AECI,TEPC,1592330400,171.426,165.665,6
15,2,AECI,TEPC,1593648000,190.094,187.798,2
15,2,AECI,TEPC,1594965600,180.585,178.469,2
15,2,AECI,TEPC,1596283200,180.832,180.832,0
15,2,AECI,TEPC,1597600800,201.072,201.072,0
15,2,AECI,TEPC,1598918400,180.384,180.384,0
15,2,AECI,TEPC,1600236000,209.198,206.444,2
15,2,AECI,TEPC,1601553600,182.573,182.573,0
15,2,AECI,TEPC,1602871200,178.75,178.75,0
15,2,AECI,TEPC,1604188800,234.888,228.152,6
15,2,AECI,TEPC,1605506400,210.004,208.412,4
15,2,AECI,TEPC,1606824000,193.346,200.233,4
15,2,AECI,TEPC,1608141600,194.483,194.483,0
15,3,AECI,TEPC,1577836800,171.652,171.652,0
15,3,AECI,TEPC,1579154400,184.829,184.829,0
15,3,AECI,TEPC,1580472000,179.08,179.08,0
15,3,AECI,TEPC,1581789600,219.868,198.479,5
15,3,AECI,TEPC,1583107200,218.483,181.799,1
15,3,AECI,TEPC,1584424800,184.947,176.679,2
15,3,AECI,TEPC,1585742400,137.403,133.734,3
15,3,AECI,TEPC,1587060000,176.522,149.147,3
15,3,AECI,TEPC,1588377600,183.557,157.765,1
15,3,AECI,TEPC,1589695200,163.792,161.536,2
15,3,AECI,TEPC,1591012800,151.782,151.782,0
15,3,AECI,TEPC,1592330400,187.304,162.435,3
15,3,AECI,TEPC,1593648000,220.97,187.798,1
15,3,AECI,TEPC,1594965600,202.245,178.469,4
15,3,AECI,TEPC,1596283200,189.576,184.458,2
15,3,AECI,TEPC,1597600800,237.205,205.228,1
15,3,AECI,TEPC,1598918400,189.156,183.948,4
15,3,AECI,TEPC,1600236000,245.798,206.444,2
15,3,AECI,TEPC,1601553600,182.573,182.573,0
15,3,AECI,TEPC,1602871200,185.738,182.572,2
15,3,AECI,TEPC,1604188800,259.554,223.947,3
15,3,AECI,TEPC,1605506400,220.523,208.412,2
15,3,AECI,TEPC,1606824000,198.2,200.233,1
15,3,AECI,TEPC,1608141600,194.483,194.483,0
15,4,AECI,TEPC,1577836800,171.652,171.652,0
15,4,AECI,TEPC,1579154400,184.829,184.829,0
15,4,AECI,TEPC,1580472000,179.08,179.08,0
15,4,AECI,TEPC,1581789600,190.047,190.047,0
15,4,AECI,TEPC,1583107200,177.533,177.533,0
15,4,AECI,TEPC,1584424800,173.609,173.609,0
15,4,AECI,TEPC,1585742400,130.078,130.078,0
15,4,AECI,TEPC,1587060000,146.519,146.519,0
15,4,AECI,TEPC,1588377600,154.192,154.192,0
15,4,AECI,TEPC,1589695200,158.058,158.058,0
15,4,AECI,TEPC,1591012800,151.782,151.782,0
15,4,AECI,TEPC,1592330400,159.195,159.195,0
15,4,AECI,TEPC,1593648000,183.868,183.868,0
15,4,AECI,TEPC,1594965600,175.21,175.21,0
15,4,AECI,TEPC,1596283200,180.832,180.832,0
15,4,AECI,TEPC,1597600800,201.072,201.072,0
15,4,AECI,TEPC,1598918400,180.384,180.384,0
15,4,AECI,TEPC,1600236000,202.899,202.899,0
15,4,AECI,TEPC,1601553600,182.573,182.573,0
15,4,AECI,TEPC,1602871200,178.75,178.75,0
15,4,AECI,TEPC,1604188800,219.569,219.569,0
15,4,AECI,TEPC,1605506400,205.232,205.232,0
15,4,AECI,TEPC,1606824000,196.187,196.187,0
15,4,AECI,TEPC,1608141600,194.483,194.483,0
15,5,AECI,TEPC,1577836800,171.652,171.652,0
15,5,AECI,TEPC,1579154400,184.829,184.829,0
15,5,AECI,TEPC,1580472000,177.381,182.532,4
15,5,AECI,TEPC,1581789600,199.315,198.479,5
15,5,AECI,TEPC,1583107200,175.236,181.799,4
15,5,AECI,TEPC,1584424800,176.172,176.679,2
15,5,AECI,TEPC,1585742400,133.782,133.734,4
15,5,AECI,TEPC,1587060000,152.305,151.4,6
15,5,AECI,TEPC,1588377600,155.766,157.765,4
15,5,AECI,TEPC,1589695200,158.058,158.058,0
15,5,AECI,TEPC,1591012800,151.782,151.782,0
15,5,AECI,TEPC,1592330400,165.661,162.435,4
15,5,AECI,TEPC,1593648000,189.788,187.798,2
15,5,AECI,TEPC,1594965600,180.423,178.469,2
15,5,AECI,TEPC,1596283200,180.832,180.832,0
15,5,AECI,TEPC,1597600800,201.072,201.072,0
15,5,AECI,TEPC,1598918400,180.384,180.384,0
15,5,AECI,TEPC,1600236000,208.626,206.444,2
15,5,AECI,TEPC,1601553600,182.573,182.573,0
15,5,AECI,TEPC,1602871200,178.75,178.75,0
15,5,AECI,TEPC,1604188800,234.235,228.152,6
15,5,AECI,TEPC,1605506400,208.918,208.412,4
15,5,AECI,TEPC,1606824000,192.523,200.233,4
15,5,AECI,TEPC,1608141600,194.483,194.483,0
15,6,AECI,TEPC,1577836800,171.652,171.652,0
15,6,AECI,TEPC,1579154400,184.829,184.829,0
15,6,AECI,TEPC,1580472000,179.08,179.08,0
15,6,AECI,TEPC,1581789600,190.047,190.047,0
15,6,AECI,TEPC,1583107200,177.294,181.799,1
15,6,AECI,TEPC,1584424800,173.609,173.609,0
15,6,AECI,TEPC,1585742400,130.078,130.078,0
15,6,AECI,TEPC,1587060000,146.519,146.519,0
15,6,AECI,TEPC,1588377600,154.192,154.192,0
15,6,AECI,TEPC,1589695200,158.058,158.058,0
15,6,AECI,TEPC,1591012800,151.782,151.782,0
15,6,AECI,TEPC,1592330400,159.195,159.195,0
15,6,AECI,TEPC,1593648000,183.868,183.868,0
15,6,AECI,TEPC,1594965600,175.21,175.21,0
15,6,AECI,TEPC,1596283200,180.832,180.832,0
15,6,AECI,TEPC,1597600800,201.072,201.072,0
15,6,AECI,TEPC,1598918400,180.384,180.384,0
15,6,AECI,TEPC,1600236000,202.899,202.899,0
15,6,AECI,TEPC,1601553600,182.573,182.573,0
15,6,AECI,TEPC,1602871200,178.75,178.75,0
15,6,AECI,TEPC,1604188800,219.569,219.569,0
15,6,AECI,TEPC,1605506400,205.232,205.232,0
15,6,AECI,TEPC,1606824000,196.187,196.187,0
15,6,AECI,TEPC,1608141600,194.483,194.483,0
15,1,BANC,CISO,1577836800,76.253,76.253,0
15,1,BANC,CISO,1579154400,81.548,81.548,0
15,1,BANC,CISO,1580472000,55.83,55.83,0
15,1,BANC,CISO,1581789600,52.267,52.267,0
15,1,BANC,CISO,1583107200,52.43,52.43,0
15,1,BANC,CISO,1584424800,83.316,83.316,0
15,1,BANC,CISO,1585742400,44.33,44.33,0
15,1,BANC,CISO,1587060000,33.313,33.313,0
15,1,BANC,CISO,1588377600,42.749,42.749,0
15,1,BANC,CISO,1589695200,42.187,42.187,0
15,1,BANC,CISO,1591012800,42.378,42.378,0
15,1,BANC,CISO,1592330400,40.383,40.383,0
15,1,BANC,CISO,1593648000,37.688,37.688,0
15,1,BANC,CISO,1594965600,55.204,55.204,0
15,1,BANC,CISO,1596283200,56.684,56.684,0
15,1,BANC,CISO,1597600800,78.197,78.197,0
15,1,BANC,CISO,1598918400,75.022,75.022,0
15,1,BANC,CISO,1600236000,80.174,80.174,0
15,1,BANC,CISO,1601553600,81.036,81.036,0
15,1,BANC,CISO,1602871200,74.249,74.249,0
15,1,BANC,CISO,1604188800,87.09,87.09,0
15,1,BANC,CISO,1605506400,93.475,93.475,0
15,1,BANC,CISO,1606824000,108.643,108.643,0
15,1,BANC,CISO,1608141600,91.972,91.972,0
15,2,BANC,CISO,1577836800,77.912,77.755,2
15,2,BANC,CISO,1579154400,81.548,81.548,0
15,2,BANC,CISO,1580472000,55.83,55.83,0
15,2,BANC,CISO,1581789600,55.539,55.191,5
15,2,BANC,CISO,1583107200,54.042,53.467,2
15,2,BANC,CISO,1584424800,83.316,83.316,0
15,2,BANC,CISO,1585742400,45.661,45.136,2
15,2,BANC,CISO,1587060000,33.313,33.313,0
15,2,BANC,CISO,1588377600,42.235,44.17,6
15,2,BANC,CISO,1589695200,40.088,43.181,4
15,2,BANC,CISO,1591012800,42.378,42.378,0
15,2,BANC,CISO,1592330400,41.04,41.117,4
15,2,BANC,CISO,1593648000,38.779,38.452,2
15,2,BANC,CISO,1594965600,57.532,56.286,4
15,2,BANC,CISO,1596283200,58.792,57.855,4
15,2,BANC,CISO,1597600800,78.197,78.197,0
15,2,BANC,CISO,1598918400,77.932,76.177,4
15,2,BANC,CISO,1600236000,80.174,80.174,0
15,2,BANC,CISO,1601553600,81.036,81.036,0
15,2,BANC,CISO,1602871200,74.249,74.249,0
15,2,BANC,CISO,1604188800,88.761,88.215,2
15,2,BANC,CISO,1605506400,95.921,95.731,4
15,2,BANC,CISO,1606824000,111.701,111.264,4
15,2,BANC,CISO,1608141600,97.626,95.082,6
15,3,BANC,CISO,1577836800,79.121,77.755,2
15,3,BANC,CISO,1579154400,81.548,81.548,0
15,3,BANC,CISO,1580472000,55.83,55.83,0
15,3,BANC,CISO,1581789600,53.898,53.687,1
15,3,BANC,CISO,1583107200,55.467,53.467,2
15,3,BANC,CISO,1584424800,83.316,83.316,0
15,3,BANC,CISO,1585742400,44.33,44.33,0
15,3,BANC,CISO,1587060000,34.278,33.965,1
15,3,BANC,CISO,1588377600,57.088,43.544,3
15,3,BANC,CISO,1589695200,45.419,43.181,2
15,3,BANC,CISO,1591012800,42.378,42.378,0
15,3,BANC,CISO,1592330400,42.241,41.117,2
15,3,BANC,CISO,1593648000,40.051,38.452,2
15,3,BANC,CISO,1594965600,55.204,55.204,0
15,3,BANC,CISO,1596283200,56.684,56.684,0
15,3,BANC,CISO,1597600800,78.197,78.197,0
15,3,BANC,CISO,1598918400,82.465,76.177,4
15,3,BANC,CISO,1600236000,80.174,80.174,0
15,3,BANC,CISO,1601553600,81.036,81.036,0
15,3,BANC,CISO,1602871200,76.532,75.808,1
15,3,BANC,CISO,1604188800,87.09,87.09,0
15,3,BANC,CISO,1605506400,121.773,95.731,3
15,3,BANC,CISO,1606824000,124.623,111.264,1
15,3,BANC,CISO,1608141600,95.247,93.461,3
15,4,BANC,CISO,1577836800,76.253,76.253,0
15,4,BANC,CISO,1579154400,81.548,81.548,0
15,4,BANC,CISO,1580472000,55.83,55.83,0
15,4,BANC,CISO,1581789600,52.267,52.267,0
15,4,BANC,CISO,1583107200,52.43,52.43,0
15,4,BANC,CISO,1584424800,83.316,83.316,0
15,4,BANC,CISO,1585742400,44.33,44.33,0
15,4,BANC,CISO,1587060000,33.313,33.313,0
15,4,BANC,CISO,1588377600,42.749,42.749,0
15,4,BANC,CISO,1589695200,42.187,42.187,0
15,4,BANC,CISO,1591012800,42.378,42.378,0
15,4,BANC,CISO,1592330400,40.383,40.383,0
15,4,BANC,CISO,1593648000,37.688,37.688,0
15,4,BANC,CISO,1594965600,55.204,55.204,0
15,4,BANC,CISO,1596283200,56.684,56.684,0
15,4,BANC,CISO,1597600800,78.197,78.197,0
15,4,BANC,CISO,1598918400,75.022,75.022,0
15,4,BANC,CISO,1600236000,80.174,80.174,0
15,4,BANC,CISO,1601553600,81.036,81.036,0
15,4,BANC,CISO,1602871200,74.249,74.249,0
15,4,BANC,CISO,1604188800,87.09,87.09,0
15,4,BANC,CISO,1605506400,93.475,93.475,0
15,4,BANC,CISO,1606824000,108.643,108.643,0
15,4,BANC,CISO,1608141600,91.972,91.972,0
15,5,BANC,CISO,1577836800,77.556,77.755,2
15,5,BANC,CISO,1579154400,81.548,81.548,0
15,5,BANC,CISO,1580472000,55.83,55.83,0
15,5,BANC,CISO,1581789600,54.816,55.191,5
15,5,BANC,CISO,1583107200,53.892,53.467,2
15,5,BANC,CISO,1584424800,83.316,83.316,0
15,5,BANC,CISO,1585742400,45.392,45.136,2
15,5,BANC,CISO,1587060000,33.313,33.313,0
15,5,BANC,CISO,1588377600,39.487,43.544,4
15,5,BANC,CISO,1589695200,39.199,43.181,4
15,5,BANC,CISO,1591012800,42.378,42.378,0
15,5,BANC,CISO,1592330400,40.624,41.117,4
15,5,BANC,CISO,1593648000,38.67,38.452,2
15,5,BANC,CISO,1594965600,57.272,56.286,4
15,5,BANC,CISO,1596283200,58.26,57.855,4
15,5,BANC,CISO,1597600800,78.197,78.197,0
15,5,BANC,CISO,1598918400,77.627,76.177,4
15,5,BANC,CISO,1600236000,80.174,80.174,0
15,5,BANC,CISO,1601553600,81.036,81.036,0
15,5,BANC,CISO,1602871200,74.249,74.249,0
15,5,BANC,CISO,1604188800,88.568,88.215,2
15,5,BANC,CISO,1605506400,94.65,95.731,4
15,5,BANC,CISO,1606824000,111.168,111.264,4
15,5,BANC,CISO,1608141600,96.122,95.082,6
15,6,BANC,CISO,1577836800,76.253,76.253,0
15,6,BANC,CISO,1579154400,81.548,81.548,0
15,6,BANC,CISO,1580472000,55.83,55.83,0
15,6,BANC,CISO,1581789600,52.267,52.267,0
15,6,BANC,CISO,1583107200,52.43,52.43,0
15,6,BANC,CISO,1584424800,83.316,83.316,0
15,6,BANC,CISO,1585742400,44.33,44.33,0
15,6,BANC,CISO,1587060000,33.313,33.313,0
15,6,BANC,CISO,1588377600,42.655,43.544,1
15,6,BANC,CISO,1589695200,42.187,42.187,0
15,6,BANC,CISO,1591012800,42.378,42.378,0
15,6,BANC,CISO,1592330400,40.383,40.383,0
15,6,BANC,CISO,1593648000,37.688,37.688,0
15,6,BANC,CISO,1594965600,55.204,55.204,0
15,6,BANC,CISO,1596283200,56.684,56.684,0
15,6,BANC,CISO,1597600800,78.197,78.197,0
15,6,BANC,CISO,1598918400,75.022,75.022,0
15,6,BANC,CISO,1600236000,80.174,80.174,0
15,6,BANC,CISO,1601553600,81.036,81.036,0
15,6,BANC,CISO,1602871200,74.249,74.249,0
15,6,BANC,CISO,1604188800,87.09,87.09,0
15,6,BANC,CISO,1605506400,93.475,93.475,0
15,6,BANC,CISO,1606824000,108.643,108.643,0
15,6,BANC,CISO,1608141600,91.972,91.972,0
15,1,CISO,BANC,1577836800,130.428,130.428,0
15,1,CISO,BANC,1579154400,140.472,140.472,0
15,1,CISO,BANC,1580472000,117.952,117.952,0
15,1,CISO,BANC,1581789600,103.569,103.569,0
15,1,CISO,BANC,1583107200,104.144,104.144,0
15,1,CISO,BANC,1584424800,135.48,135.48,0
15,1,CISO,BANC,1585742400,79.732,79.732,0
15,1,CISO,BANC,1587060000,80.679,80.679,0
15,1,CISO,BANC,1588377600,56.36,56.36,0
15,1,CISO,BANC,1589695200,62.849,62.849,0
15,1,CISO,BANC,1591012800,94.687,94.687,0
15,1,CISO,BANC,1592330400,66.377,66.377,0
15,1,CISO,BANC,1593648000,73.665,73.665,0
15,1,CISO,BANC,1594965600,90.516,90.516,0
15,1,CISO,BANC,1596283200,92.419,92.419,0
15,1,CISO,BANC,1597600800,127.384,127.384,0
15,1,CISO,BANC,1598918400,110.116,110.116,0
15,1,CISO,BANC,1600236000,126.99,126.99,0
15,1,CISO,BANC,1601553600,129.978,129.978,0
15,1,CISO,BANC,1602871200,142.021,142.021,0
15,1,CISO,BANC,1604188800,143.8,143.8,0
15,1,CISO,BANC,1605506400,123.623,123.623,0
15,1,CISO,BANC,1606824000,121.375,121.375,0
15,1,CISO,BANC,1608141600,120.762,120.762,0
15,2,CISO,BANC,1577836800,80.462,133.596,3
15,2,CISO,BANC,1579154400,85.99,143.954,1
15,2,CISO,BANC,1580472000,59.612,120.693,1
15,2,CISO,BANC,1581789600,56.031,106.124,6
15,2,CISO,BANC,1583107200,55.025,106.009,3
15,2,CISO,BANC,1584424800,87.805,138.572,1
15,2,CISO,BANC,1585742400,47.559,81.722,3
15,2,CISO,BANC,1587060000,34.22,81.482,1
15,2,CISO,BANC,1588377600,40.626,57.048,4
15,2,CISO,BANC,1589695200,42.498,65.806,5
15,2,CISO,BANC,1591012800,44.984,97.07,1
15,2,CISO,BANC,1592330400,40.542,67.397,3
15,2,CISO,BANC,1593648000,39.685,75.098,3
15,2,CISO,BANC,1594965600,60.535,95.128,5
15,2,CISO,BANC,1596283200,61.444,96.285,5
15,2,CISO,BANC,1597600800,80.823,129.72,1
15,2,CISO,BANC,1598918400,80.506,114.727,5
15,2,CISO,BANC,1600236000,83.97,129.943,1
15,2,CISO,BANC,1601553600,84.733,132.794,1
15,2,CISO,BANC,1602871200,76.882,143.701,1
15,2,CISO,BANC,1604188800,90.88,146.605,3
15,2,CISO,BANC,1605506400,100.618,129.055,5
15,2,CISO,BANC,1606824000,115.226,127.209,5
15,2,CISO,BANC,1608141600,98.737,124.225,7
15,3,CISO,BANC,1577836800,80.305,133.596,1
15,3,CISO,BANC,1579154400,85.99,143.954,1
15,3,CISO,BANC,1580472000,59.612,120.693,1
15,3,CISO,BANC,1581789600,54.391,104.847,2
15,3,CISO,BANC,1583107200,55.862,106.009,3
15,3,CISO,BANC,1584424800,87.805,138.572,1
15,3,CISO,BANC,1585742400,47.034,81.722,1
15,3,CISO,BANC,1587060000,34.532,81.482,2
15,3,CISO,BANC,1588377600,56.241,57.048,2
15,3,CISO,BANC,1589695200,45.796,64.365,3
15,3,CISO,BANC,1591012800,44.984,97.07,1
15,3,CISO,BANC,1592330400,42.15,67.397,3
15,3,CISO,BANC,1593648000,40.1,75.098,3
15,3,CISO,BANC,1594965600,57.978,92.803,1
15,3,CISO,BANC,1596283200,59.422,94.38,1
15,3,CISO,BANC,1597600800,80.823,129.72,1
15,3,CISO,BANC,1598918400,81.874,112.244,3
15,3,CISO,BANC,1600236000,83.97,129.943,1
15,3,CISO,BANC,1601553600,84.733,132.794,1
15,3,CISO,BANC,1602871200,78.06,143.701,2
15,3,CISO,BANC,1604188800,90.334,146.605,1
15,3,CISO,BANC,1605506400,122.687,126.344,2
15,3,CISO,BANC,1606824000,121.375,121.375,0
15,3,CISO,BANC,1608141600,95.454,122.495,2
15,4,CISO,BANC,1577836800,80.305,133.596,1
15,4,CISO,BANC,1579154400,85.99,143.954,1
15,4,CISO,BANC,1580472000,59.612,120.693,1
15,4,CISO,BANC,1581789600,54.179,104.847,1
15,4,CISO,BANC,1583107200,54.45,106.009,1
15,4,CISO,BANC,1584424800,87.805,138.572,1
15,4,CISO,BANC,1585742400,47.034,81.722,1
15,4,CISO,BANC,1587060000,34.22,81.482,1
15,4,CISO,BANC,1588377600,43.7,57.048,1
15,4,CISO,BANC,1589695200,44.638,64.365,1
15,4,CISO,BANC,1591012800,44.984,97.07,1
15,4,CISO,BANC,1592330400,41.026,67.397,1
15,4,CISO,BANC,1593648000,39.358,75.098,1
15,4,CISO,BANC,1594965600,57.978,92.803,1
15,4,CISO,BANC,1596283200,59.422,94.38,1
15,4,CISO,BANC,1597600800,80.823,129.72,1
15,4,CISO,BANC,1598918400,77.585,112.244,1
15,4,CISO,BANC,1600236000,83.97,129.943,1
15,4,CISO,BANC,1601553600,84.733,132.794,1
15,4,CISO,BANC,1602871200,76.882,143.701,1
15,4,CISO,BANC,1604188800,90.334,146.605,1
15,4,CISO,BANC,1605506400,98.165,126.344,1
15,4,CISO,BANC,1606824000,112.188,124.252,1
15,4,CISO,BANC,1608141600,94.572,122.495,1
15,5,CISO,BANC,1577836800,80.106,133.596,3
15,5,CISO,BANC,1579154400,85.99,143.954,1
15,5,CISO,BANC,1580472000,59.612,120.693,1
15,5,CISO,BANC,1581789600,55.308,106.124,6
15,5,CISO,BANC,1583107200,54.875,106.009,3
15,5,CISO,BANC,1584424800,87.805,138.572,1
15,5,CISO,BANC,1585742400,47.291,81.722,3
15,5,CISO,BANC,1587060000,34.22,81.482,1
15,5,CISO,BANC,1588377600,40.268,58.067,5
15,5,CISO,BANC,1589695200,41.609,65.806,5
15,5,CISO,BANC,1591012800,44.984,97.07,1
15,5,CISO,BANC,1592330400,40.125,67.397,3
15,5,CISO,BANC,1593648000,39.577,75.098,3
15,5,CISO,BANC,1594965600,60.274,95.128,5
15,5,CISO,BANC,1596283200,60.911,96.285,5
15,5,CISO,BANC,1597600800,80.823,129.72,1
15,5,CISO,BANC,1598918400,80.201,114.727,5
15,5,CISO,BANC,1600236000,83.97,129.943,1
15,5,CISO,BANC,1601553600,84.733,132.794,1
15,5,CISO,BANC,1602871200,76.882,143.701,1
15,5,CISO,BANC,1604188800,90.688,146.605,3
15,5,CISO,BANC,1605506400,99.346,129.055,5
15,5,CISO,BANC,1606824000,114.693,127.209,5
15,5,CISO,BANC,1608141600,96.329,124.225,5
15,6,CISO,BANC,1577836800,80.305,133.596,1
15,6,CISO,BANC,1579154400,85.99,143.954,1
15,6,CISO,BANC,1580472000,59.612,120.693,1
15,6,CISO,BANC,1581789600,54.179,104.847,1
15,6,CISO,BANC,1583107200,54.45,106.009,1
15,6,CISO,BANC,1584424800,87.805,138.572,1
15,6,CISO,BANC,1585742400,47.034,81.722,1
15,6,CISO,BANC,1587060000,34.22,81.482,1
15,6,CISO,BANC,1588377600,42.811,57.048,2
15,6,CISO,BANC,1589695200,44.638,64.365,1
15,6,CISO,BANC,1591012800,44.984,97.07,1
15,6,CISO,BANC,1592330400,41.026,67.397,1
15,6,CISO,BANC,1593648000,39.358,75.098,1
15,6,CISO,BANC,1594965600,57.978,92.803,1
15,6,CISO,BANC,1596283200,59.422,94.38,1
15,6,CISO,BANC,1597600800,80.823,129.72,1
15,6,CISO,BANC,1598918400,77.585,112.244,1
15,6,CISO,BANC,1600236000,83.97,129.943,1
15,6,CISO,BANC,1601553600,84.733,132.794,1
15,6,CISO,BANC,1602871200,76.882,143.701,1
15,6,CISO,BANC,1604188800,90.334,146.605,1
15,6,CISO,BANC,1605506400,98.165,126.344,1
15,6,CISO,BANC,1606824000,112.188,124.252,1
15,6,CISO,BANC,1608141600,94.572,122.495,1
15,1,EPE,AECI,1577836800,202.093,202.093,0
15,1,EPE,AECI,1579154400,207.289,207.289,0
15,1,EPE,AECI,1580472000,181.504,181.504,0
15,1,EPE,AECI,1581789600,175.974,175.974,0
15,1,EPE,AECI,1583107200,202.541,202.541,0
15,1,EPE,AECI,1584424800,204.307,204.307,0
15,1,EPE,AECI,1585742400,164.605,164.605,0
15,1,EPE,AECI,1587060000,171.684,171.684,0
15,1,EPE,AECI,1588377600,183.602,183.602,0
15,1,EPE,AECI,1589695200,189.282,189.282,0
15,1,EPE,AECI,1591012800,195.852,195.852,0
15,1,EPE,AECI,1592330400,195.157,195.157,0
15,1,EPE,AECI,1593648000,198.016,198.016,0
15,1,EPE,AECI,1594965600,209.436,209.436,0
15,1,EPE,AECI,1596283200,204.715,204.715,0
15,1,EPE,AECI,1597600800,214.763,214.763,0
15,1,EPE,AECI,1598918400,203.471,203.471,0
15,1,EPE,AECI,1600236000,199.728,199.728,0
15,1,EPE,AECI,1601553600,220.07,220.07,0
15,1,EPE,AECI,1602871200,223.978,223.978,0
15,1,EPE,AECI,1604188800,214.945,214.945,0
15,1,EPE,AECI,1605506400,203.959,203.959,0
15,1,EPE,AECI,1606824000,198.83,198.83,0
15,1,EPE,AECI,1608141600,215.454,215.454,0
15,2,EPE,AECI,1577836800,178.758,206.553,3
15,2,EPE,AECI,1579154400,198.257,216.32,5
15,2,EPE,AECI,1580472000,179.609,189.855,5
15,2,EPE,AECI,1581789600,186.337,182.521,6
15,2,EPE,AECI,1583107200,187.188,211.425,5
15,2,EPE,AECI,1584424800,185.674,212.501,5
15,2,EPE,AECI,1585742400,134.986,168.307,1
15,2,EPE,AECI,1587060000,150.915,174.728,3
15,2,EPE,AECI,1588377600,164.387,191.138,5
15,2,EPE,AECI,1589695200,165.24,193.609,3
15,2,EPE,AECI,1591012800,157.786,200.346,1
15,2,EPE,AECI,1592330400,163.281,199.038,1
15,2,EPE,AECI,1593648000,198.213,206.31,7
15,2,EPE,AECI,1594965600,180.844,214.068,1
15,2,EPE,AECI,1596283200,188.161,209.351,3
15,2,EPE,AECI,1597600800,207.604,218.69,4
15,2,EPE,AECI,1598918400,192.669,212.166,5
15,2,EPE,AECI,1600236000,204.948,208.783,5
15,2,EPE,AECI,1601553600,196.617,230.255,5
15,2,EPE,AECI,1602871200,192.912,232.656,5
15,2,EPE,AECI,1604188800,215.2,223.743,5
15,2,EPE,AECI,1605506400,213.53,216.982,9
15,2,EPE,AECI,1606824000,200.545,208.024,5
15,2,EPE,AECI,1608141600,199.166,219.654,3
15,3,EPE,AECI,1577836800,202.093,202.093,0
15,3,EPE,AECI,1579154400,207.289,207.289,0
15,3,EPE,AECI,1580472000,174.168,185.696,2
15,3,EPE,AECI,1581789600,175.974,175.974,0
15,3,EPE,AECI,1583107200,202.541,202.541,0
15,3,EPE,AECI,1584424800,201.649,208.54,1
15,3,EPE,AECI,1585742400,143.45,168.307,4
15,3,EPE,AECI,1587060000,171.684,171.684,0
15,3,EPE,AECI,1588377600,183.602,183.602,0
15,3,EPE,AECI,1589695200,192.193,193.609,1
15,3,EPE,AECI,1591012800,157.786,200.346,1
15,3,EPE,AECI,1592330400,167.847,199.038,2
15,3,EPE,AECI,1593648000,198.016,198.016,0
15,3,EPE,AECI,1594965600,206.216,214.068,3
15,3,EPE,AECI,1596283200,196.945,209.351,1
15,3,EPE,AECI,1597600800,214.763,214.763,0
15,3,EPE,AECI,1598918400,208.826,207.754,2
15,3,EPE,AECI,1600236000,199.728,199.728,0
15,3,EPE,AECI,1601553600,199.721,225.219,1
15,3,EPE,AECI,1602871200,189.334,228.349,2
15,3,EPE,AECI,1604188800,214.945,214.945,0
15,3,EPE,AECI,1605506400,202.647,208.386,1
15,3,EPE,AECI,1606824000,204.792,203.521,2
15,3,EPE,AECI,1608141600,220.88,219.654,2
15,4,EPE,AECI,1577836800,176.573,206.553,1
15,4,EPE,AECI,1579154400,190.495,211.801,1
15,4,EPE,AECI,1580472000,177.998,185.696,1
15,4,EPE,AECI,1581789600,182.976,179.278,1
15,4,EPE,AECI,1583107200,183.393,206.952,1
15,4,EPE,AECI,1584424800,179.017,208.54,1
15,4,EPE,AECI,1585742400,134.986,168.307,1
15,4,EPE,AECI,1587060000,149.814,174.728,1
15,4,EPE,AECI,1588377600,158.726,187.24,1
15,4,EPE,AECI,1589695200,163.873,193.609,1
15,4,EPE,AECI,1591012800,157.786,200.346,1
15,4,EPE,AECI,1592330400,163.158,199.038,1
15,4,EPE,AECI,1593648000,188.949,202.089,1
15,4,EPE,AECI,1594965600,180.844,214.068,1
15,4,EPE,AECI,1596283200,186.456,209.351,1
15,4,EPE,AECI,1597600800,206.09,218.69,2
15,4,EPE,AECI,1598918400,185.16,207.754,1
15,4,EPE,AECI,1600236000,199.728,199.728,0
15,4,EPE,AECI,1601553600,188.663,225.219,1
15,4,EPE,AECI,1602871200,184.03,228.349,1
15,4,EPE,AECI,1604188800,216.655,219.333,1
15,4,EPE,AECI,1605506400,206.945,208.386,1
15,4,EPE,AECI,1606824000,200.716,203.521,1
15,4,EPE,AECI,1608141600,198.922,219.654,1
15,5,EPE,AECI,1577836800,178.567,206.553,3
15,5,EPE,AECI,1579154400,197.403,216.32,5
15,5,EPE,AECI,1580472000,179.233,189.855,5
15,5,EPE,AECI,1581789600,185.37,182.521,6
15,5,EPE,AECI,1583107200,186.479,211.425,5
15,5,EPE,AECI,1584424800,185.224,212.501,5
15,5,EPE,AECI,1585742400,135.9,168.307,2
15,5,EPE,AECI,1587060000,150.072,174.728,3
15,5,EPE,AECI,1588377600,163.807,191.138,5
15,5,EPE,AECI,1589695200,165.035,193.609,3
15,5,EPE,AECI,1591012800,157.786,200.346,1
15,5,EPE,AECI,1592330400,163.148,199.038,1
15,5,EPE,AECI,1593648000,197.091,206.31,7
15,5,EPE,AECI,1594965600,180.844,214.068,1
15,5,EPE,AECI,1596283200,187.876,209.351,3
15,5,EPE,AECI,1597600800,212.075,222.614,5
15,5,EPE,AECI,1598918400,192.4,212.166,5
15,5,EPE,AECI,1600236000,203.515,208.783,5
15,5,EPE,AECI,1601553600,195.932,230.255,5
15,5,EPE,AECI,1602871200,192.054,232.656,5
15,5,EPE,AECI,1604188800,214.214,223.743,5
15,5,EPE,AECI,1605506400,212.147,216.982,9
15,5,EPE,AECI,1606824000,199.779,208.024,5
15,5,EPE,AECI,1608141600,198.419,219.654,3
15,6,EPE,AECI,1577836800,176.573,206.553,1
15,6,EPE,AECI,1579154400,190.495,211.801,1
15,6,EPE,AECI,1580472000,180.743,185.696,1
15,6,EPE,AECI,1581789600,175.974,175.974,0
15,6,EPE,AECI,1583107200,183.393,206.952,1
15,6,EPE,AECI,1584424800,179.017,208.54,1
15,6,EPE,AECI,1585742400,134.986,168.307,1
15,6,EPE,AECI,1587060000,149.814,174.728,1
15,6,EPE,AECI,1588377600,158.726,187.24,1
15,6,EPE,AECI,1589695200,163.873,193.609,1
15,6,EPE,AECI,1591012800,157.786,200.346,1
15,6,EPE,AECI,1592330400,163.158,199.038,1
15,6,EPE,AECI,1593648000,188.949,202.089,1
15,6,EPE,AECI,1594965600,180.844,214.068,1
15,6,EPE,AECI,1596283200,186.456,209.351,1
15,6,EPE,AECI,1597600800,206.437,218.69,1
15,6,EPE,AECI,1598918400,185.16,207.754,1
15,6,EPE,AECI,1600236000,199.728,199.728,0
15,6,EPE,AECI,1601553600,188.663,225.219,1
15,6,EPE,AECI,1602871200,184.03,228.349,1
15,6,EPE,AECI,1604188800,214.945,214.945,0
15,6,EPE,AECI,1605506400,203.529,208.386,1
15,6,EPE,AECI,1606824000,198.09,203.521,1
15,6,EPE,AECI,1608141600,198.922,219.654,1
15,1,EPE,PSCO,1577836800,202.093,202.093,0
15,1,EPE,PSCO,1579154400,207.289,207.289,0
15,1,EPE,PSCO,1580472000,181.504,181.504,0
15,1,EPE,PSCO,1581789600,175.974,175.974,0
15,1,EPE,PSCO,1583107200,202.541,202.541,0
15,1,EPE,PSCO,1584424800,204.307,204.307,0
15,1,EPE,PSCO,1585742400,164.605,164.605,0
15,1,EPE,PSCO,1587060000,171.684,171.684,0
15,1,EPE,PSCO,1588377600,183.602,183.602,0
15,1,EPE,PSCO,1589695200,189.282,189.282,0
15,1,EPE,PSCO,1591012800,195.852,195.852,0
15,1,EPE,PSCO,1592330400,195.157,195.157,0
15,1,EPE,PSCO,1593648000,198.016,198.016,0
15,1,EPE,PSCO,1594965600,209.436,209.436,0
15,1,EPE,PSCO,1596283200,204.715,204.715,0
15,1,EPE,PSCO,1597600800,214.763,214.763,0
15,1,EPE,PSCO,1598918400,203.471,203.471,0
15,1,EPE,PSCO,1600236000,199.728,199.728,0
15,1,EPE,PSCO,1601553600,220.07,220.07,0
15,1,EPE,PSCO,1602871200,223.978,223.978,0
15,1,EPE,PSCO,1604188800,214.945,214.945,0
15,1,EPE,PSCO,1605506400,203.959,203.959,0
15,1,EPE,PSCO,1606824000,198.83,198.83,0
15,1,EPE,PSCO,1608141600,215.454,215.454,0
15,2,EPE,PSCO,1577836800,199.559,206.553,4
15,2,EPE,PSCO,1579154400,180.806,216.32,5
15,2,EPE,PSCO,1580472000,183.649,193.983,9
15,2,EPE,PSCO,1581789600,186.732,182.521,6
15,2,EPE,PSCO,1583107200,204.098,211.425,5
15,2,EPE,PSCO,1584424800,214.39,212.501,6
15,2,EPE,PSCO,1585742400,165.901,168.307,2
15,2,EPE,PSCO,1587060000,175.183,174.728,2
15,2,EPE,PSCO,1588377600,188.251,191.138,7
15,2,EPE,PSCO,1589695200,170.546,193.609,3
15,2,EPE,PSCO,1591012800,205.02,200.346,4
15,2,EPE,PSCO,1592330400,181.118,199.038,3
15,2,EPE,PSCO,1593648000,188.109,206.31,5
15,2,EPE,PSCO,1594965600,211.962,218.743,5
15,2,EPE,PSCO,1596283200,201.006,213.686,5
15,2,EPE,PSCO,1597600800,194.012,218.69,4
15,2,EPE,PSCO,1598918400,207.952,207.754,2
15,2,EPE,PSCO,1600236000,181.086,208.783,5
15,2,EPE,PSCO,1601553600,206.027,230.255,7
15,2,EPE,PSCO,1602871200,213.586,232.656,6
15,2,EPE,PSCO,1604188800,225.238,223.743,7
15,2,EPE,PSCO,1605506400,202.484,212.743,5
15,2,EPE,PSCO,1606824000,152.473,203.521,1
15,2,EPE,PSCO,1608141600,177.496,219.654,1
15,3,EPE,PSCO,1577836800,209.512,206.553,4
15,3,EPE,PSCO,1579154400,173.167,211.801,1
15,3,EPE,PSCO,1580472000,171.043,185.696,1
15,3,EPE,PSCO,1581789600,179.44,179.278,1
15,3,EPE,PSCO,1583107200,200.878,206.952,1
15,3,EPE,PSCO,1584424800,209.546,208.54,2
15,3,EPE,PSCO,1585742400,164.605,164.605,0
15,3,EPE,PSCO,1587060000,171.684,171.684,0
15,3,EPE,PSCO,1588377600,183.602,183.602,0
15,3,EPE,PSCO,1589695200,177.857,193.609,1
15,3,EPE,PSCO,1591012800,195.852,195.852,0
15,3,EPE,PSCO,1592330400,184.662,199.038,1
15,3,EPE,PSCO,1593648000,186.002,202.089,3
15,3,EPE,PSCO,1594965600,212.936,214.068,1
15,3,EPE,PSCO,1596283200,205.583,209.351,1
15,3,EPE,PSCO,1597600800,193.395,218.69,2
15,3,EPE,PSCO,1598918400,203.471,203.471,0
15,3,EPE,PSCO,1600236000,179.086,204.188,1
15,3,EPE,PSCO,1601553600,201.062,225.219,1
15,3,EPE,PSCO,1602871200,209.864,228.349,2
15,3,EPE,PSCO,1604188800,214.945,214.945,0
15,3,EPE,PSCO,1605506400,207.863,208.386,3
15,3,EPE,PSCO,1606824000,152.473,203.521,1
15,3,EPE,PSCO,1608141600,177.496,219.654,1
15,4,EPE,PSCO,1577836800,201.866,206.553,2
15,4,EPE,PSCO,1579154400,173.167,211.801,1
15,4,EPE,PSCO,1580472000,171.043,185.696,1
15,4,EPE,PSCO,1581789600,175.974,175.974,0
15,4,EPE,PSCO,1583107200,198.025,206.952,1
15,4,EPE,PSCO,1584424800,204.307,204.307,0
15,4,EPE,PSCO,1585742400,164.605,164.605,0
15,4,EPE,PSCO,1587060000,171.684,171.684,0
15,4,EPE,PSCO,1588377600,191.576,187.24,1
15,4,EPE,PSCO,1589695200,174.724,193.609,1
15,4,EPE,PSCO,1591012800,195.852,195.852,0
15,4,EPE,PSCO,1592330400,188.068,199.038,2
15,4,EPE,PSCO,1593648000,185.23,202.089,1
15,4,EPE,PSCO,1594965600,209.436,209.436,0
15,4,EPE,PSCO,1596283200,196.339,209.351,1
15,4,EPE,PSCO,1597600800,194.498,218.69,2
15,4,EPE,PSCO,1598918400,217.955,207.754,1
15,4,EPE,PSCO,1600236000,179.086,204.188,1
15,4,EPE,PSCO,1601553600,201.062,225.219,1
15,4,EPE,PSCO,1602871200,210.386,228.349,1
15,4,EPE,PSCO,1604188800,214.945,214.945,0
15,4,EPE,PSCO,1605506400,210.055,208.386,1
15,4,EPE,PSCO,1606824000,152.473,203.521,1
15,4,EPE,PSCO,1608141600,177.496,219.654,1
15,5,EPE,PSCO,1577836800,198.367,206.553,4
15,5,EPE,PSCO,1579154400,178.831,216.32,5
15,5,EPE,PSCO,1580472000,182.854,193.983,9
15,5,EPE,PSCO,1581789600,185.971,182.521,6
15,5,EPE,PSCO,1583107200,202.819,211.425,5
15,5,EPE,PSCO,1584424800,213.426,212.501,6
15,5,EPE,PSCO,1585742400,164.674,168.307,2
15,5,EPE,PSCO,1587060000,174.742,174.728,2
15,5,EPE,PSCO,1588377600,186.843,191.138,7
15,5,EPE,PSCO,1589695200,170.008,193.609,3
15,5,EPE,PSCO,1591012800,202.065,200.346,2
15,5,EPE,PSCO,1592330400,180.774,199.038,4
15,5,EPE,PSCO,1593648000,187.384,206.31,5
15,5,EPE,PSCO,1594965600,211.154,218.743,5
15,5,EPE,PSCO,1596283200,200.566,213.686,5
15,5,EPE,PSCO,1597600800,193.52,218.69,4
15,5,EPE,PSCO,1598918400,207.663,207.754,2
15,5,EPE,PSCO,1600236000,180.128,208.783,5
15,5,EPE,PSCO,1601553600,204.06,230.255,7
15,5,EPE,PSCO,1602871200,212.677,232.656,6
15,5,EPE,PSCO,1604188800,223.888,223.743,7
15,5,EPE,PSCO,1605506400,201.899,212.743,5
15,5,EPE,PSCO,1606824000,152.473,203.521,1
15,5,EPE,PSCO,1608141600,177.496,219.654,1
15,6,EPE,PSCO,1577836800,201.456,206.553,1
15,6,EPE,PSCO,1579154400,173.167,211.801,1
15,6,EPE,PSCO,1580472000,171.043,185.696,1
15,6,EPE,PSCO,1581789600,175.974,175.974,0
15,6,EPE,PSCO,1583107200,200.878,206.952,1
15,6,EPE,PSCO,1584424800,204.307,204.307,0
15,6,EPE,PSCO,1585742400,164.605,164.605,0
15,6,EPE,PSCO,1587060000,171.684,171.684,0
15,6,EPE,PSCO,1588377600,183.602,183.602,0
15,6,EPE,PSCO,1589695200,177.857,193.609,1
15,6,EPE,PSCO,1591012800,195.852,195.852,0
15,6,EPE,PSCO,1592330400,184.662,199.038,1
15,6,EPE,PSCO,1593648000,185.23,202.089,1
15,6,EPE,PSCO,1594965600,209.436,209.436,0
15,6,EPE,PSCO,1596283200,203.842,209.351,1
15,6,EPE,PSCO,1597600800,194.891,218.69,1
15,6,EPE,PSCO,1598918400,203.471,203.471,0
15,6,EPE,PSCO,1600236000,179.086,204.188,1
15,6,EPE,PSCO,1601553600,201.062,225.219,1
15,6,EPE,PSCO,1602871200,210.386,228.349,1
15,6,EPE,PSCO,1604188800,214.945,214.945,0
15,6,EPE,PSCO,1605506400,203.473,208.386,1
15,6,EPE,PSCO,1606824000,152.473,203.521,1
15,6,EPE,PSCO,1608141600,177.496,219.654,1
15,1,PACE,AECI,1577836800,222.045,222.045,0
15,1,PACE,AECI,1579154400,234.433,234.433,0
15,1,PACE,AECI,1580472000,198.311,198.311,0
15,1,PACE,AECI,1581789600,196.827,196.827,0
15,1,PACE,AECI,1583107200,208.975,208.975,0
15,1,PACE,AECI,1584424800,252.452,252.452,0
15,1,PACE,AECI,1585742400,225.822,225.822,0
15,1,PACE,AECI,1587060000,224.401,224.401,0
15,1,PACE,AECI,1588377600,195.688,195.688,0
15,1,PACE,AECI,1589695200,218.514,218.514,0
15,1,PACE,AECI,1591012800,230.978,230.978,0
15,1,PACE,AECI,1592330400,200.767,200.767,0
15,1,PACE,AECI,1593648000,211.4,211.4,0
15,1,PACE,AECI,1594965600,197.864,197.864,0
15,1,PACE,AECI,1596283200,232.915,232.915,0
15,1,PACE,AECI,1597600800,252.895,252.895,0
15,1,PACE,AECI,1598918400,239.903,239.903,0
15,1,PACE,AECI,1600236000,257.912,257.912,0
15,1,PACE,AECI,1601553600,250.583,250.583,0
15,1,PACE,AECI,1602871200,211.548,211.548,0
15,1,PACE,AECI,1604188800,258.098,258.098,0
15,1,PACE,AECI,1605506400,230.758,230.758,0
15,1,PACE,AECI,1606824000,241.036,241.036,0
15,1,PACE,AECI,1608141600,221.431,221.431,0
15,2,PACE,AECI,1577836800,178.918,226.717,3
15,2,PACE,AECI,1579154400,194.037,239.487,3
15,2,PACE,AECI,1580472000,184.727,207.039,5
15,2,PACE,AECI,1581789600,187.099,200.732,4
15,2,PACE,AECI,1583107200,178.158,213.105,4
15,2,PACE,AECI,1584424800,180.532,258.582,1
15,2,PACE,AECI,1585742400,136.423,230.918,1
15,2,PACE,AECI,1587060000,153.275,228.312,3
15,2,PACE,AECI,1588377600,152.6,198.668,4
15,2,PACE,AECI,1589695200,167.811,223.55,3
15,2,PACE,AECI,1591012800,158.652,236.311,1
15,2,PACE,AECI,1592330400,159.644,205.289,3
15,2,PACE,AECI,1593648000,194.471,220.744,7
15,2,PACE,AECI,1594965600,187.304,208.244,7
15,2,PACE,AECI,1596283200,189.746,238.256,3
15,2,PACE,AECI,1597600800,207.441,257.798,1
15,2,PACE,AECI,1598918400,186.206,244.161,1
15,2,PACE,AECI,1600236000,209.824,263.157,1
15,2,PACE,AECI,1601553600,192.332,256.736,3
15,2,PACE,AECI,1602871200,190.236,218.893,8
15,2,PACE,AECI,1604188800,224.021,263.29,3
15,2,PACE,AECI,1605506400,215.799,239.826,5
15,2,PACE,AECI,1606824000,214.616,251.093,7
15,2,PACE,AECI,1608141600,206.525,231.251,5
15,3,PACE,AECI,1577836800,190.866,226.717,3
15,3,PACE,AECI,1579154400,214.034,239.487,3
15,3,PACE,AECI,1580472000,188.299,202.703,1
15,3,PACE,AECI,1581789600,196.827,196.827,0
15,3,PACE,AECI,1583107200,208.975,208.975,0
15,3,PACE,AECI,1584424800,180.532,258.582,1
15,3,PACE,AECI,1585742400,136.423,230.918,1
15,3,PACE,AECI,1587060000,151.651,228.312,1
15,3,PACE,AECI,1588377600,188.853,198.668,2
15,3,PACE,AECI,1589695200,168.695,223.55,3
15,3,PACE,AECI,1591012800,158.652,236.311,1
15,3,PACE,AECI,1592330400,162.872,205.289,1
15,3,PACE,AECI,1593648000,211.4,211.4,0
15,3,PACE,AECI,1594965600,189.659,203.144,1
15,3,PACE,AECI,1596283200,187.498,238.256,1
15,3,PACE,AECI,1597600800,221.101,257.798,4
15,3,PACE,AECI,1598918400,195.734,244.161,4
15,3,PACE,AECI,1600236000,223.637,263.157,3
15,3,PACE,AECI,1601553600,190.171,256.736,1
15,3,PACE,AECI,1602871200,206.401,218.893,6
15,3,PACE,AECI,1604188800,250.932,263.29,2
15,3,PACE,AECI,1605506400,224.496,235.265,1
15,3,PACE,AECI,1606824000,227.795,251.093,6
15,3,PACE,AECI,1608141600,207.714,226.347,1
15,4,PACE,AECI,1577836800,176.86,226.717,1
15,4,PACE,AECI,1579154400,192.103,239.487,1
15,4,PACE,AECI,1580472000,184.215,202.703,1
15,4,PACE,AECI,1581789600,194.528,200.732,1
15,4,PACE,AECI,1583107200,185.034,213.105,1
15,4,PACE,AECI,1584424800,180.532,258.582,1
15,4,PACE,AECI,1585742400,136.423,230.918,1
15,4,PACE,AECI,1587060000,151.651,228.312,1
15,4,PACE,AECI,1588377600,159.87,198.668,1
15,4,PACE,AECI,1589695200,165.118,223.55,1
15,4,PACE,AECI,1591012800,158.652,236.311,1
15,4,PACE,AECI,1592330400,162.872,205.289,1
15,4,PACE,AECI,1593648000,188.143,215.96,1
15,4,PACE,AECI,1594965600,180.173,203.144,1
15,4,PACE,AECI,1596283200,187.498,238.256,1
15,4,PACE,AECI,1597600800,207.441,257.798,1
15,4,PACE,AECI,1598918400,186.206,244.161,1
15,4,PACE,AECI,1600236000,209.824,263.157,1
15,4,PACE,AECI,1601553600,190.171,256.736,1
15,4,PACE,AECI,1602871200,183.582,215.177,1
15,4,PACE,AECI,1604188800,226.161,263.29,1
15,4,PACE,AECI,1605506400,210.105,235.265,1
15,4,PACE,AECI,1606824000,203.141,246.095,1
15,4,PACE,AECI,1608141600,199.272,226.347,1
15,5,PACE,AECI,1577836800,178.866,226.717,3
15,5,PACE,AECI,1579154400,194.001,239.487,3
15,5,PACE,AECI,1580472000,183.018,207.039,5
15,5,PACE,AECI,1581789600,186.178,200.732,4
15,5,PACE,AECI,1583107200,182.728,217.474,5
15,5,PACE,AECI,1584424800,180.532,258.582,1
15,5,PACE,AECI,1585742400,136.423,230.918,1
15,5,PACE,AECI,1587060000,153.193,228.312,3
15,5,PACE,AECI,1588377600,151.511,198.668,4
15,5,PACE,AECI,1589695200,166.801,223.55,3
15,5,PACE,AECI,1591012800,158.652,236.311,1
15,5,PACE,AECI,1592330400,158.923,205.289,3
15,5,PACE,AECI,1593648000,192.342,220.744,7
15,5,PACE,AECI,1594965600,184.846,208.244,7
15,5,PACE,AECI,1596283200,189.585,238.256,3
15,5,PACE,AECI,1597600800,207.441,257.798,1
15,5,PACE,AECI,1598918400,186.206,244.161,1
15,5,PACE,AECI,1600236000,209.824,263.157,1
15,5,PACE,AECI,1601553600,192.284,256.736,3
15,5,PACE,AECI,1602871200,186.713,218.893,6
15,5,PACE,AECI,1604188800,223.609,263.29,3
15,5,PACE,AECI,1605506400,214.907,239.826,5
15,5,PACE,AECI,1606824000,213.518,251.093,7
15,5,PACE,AECI,1608141600,205.967,231.251,5
15,6,PACE,AECI,1577836800,176.86,226.717,1
15,6,PACE,AECI,1579154400,192.103,239.487,1
15,6,PACE,AECI,1580472000,184.215,202.703,1
15,6,PACE,AECI,1581789600,194.456,200.732,1
15,6,PACE,AECI,1583107200,180.482,213.105,2
15,6,PACE,AECI,1584424800,180.532,258.582,1
15,6,PACE,AECI,1585742400,136.423,230.918,1
15,6,PACE,AECI,1587060000,151.651,228.312,1
15,6,PACE,AECI,1588377600,155.232,198.668,2
15,6,PACE,AECI,1589695200,165.118,223.55,1
15,6,PACE,AECI,1591012800,158.652,236.311,1
15,6,PACE,AECI,1592330400,162.872,205.289,1
15,6,PACE,AECI,1593648000,188.143,215.96,1
15,6,PACE,AECI,1594965600,180.173,203.144,1
15,6,PACE,AECI,1596283200,187.498,238.256,1
15,6,PACE,AECI,1597600800,207.441,257.798,1
15,6,PACE,AECI,1598918400,186.206,244.161,1
15,6,PACE,AECI,1600236000,209.824,263.157,1
15,6,PACE,AECI,1601553600,190.171,256.736,1
15,6,PACE,AECI,1602871200,183.582,215.177,1
15,6,PACE,AECI,1604188800,226.161,263.29,1
15,6,PACE,AECI,1605506400,210.105,235.265,1
15,6,PACE,AECI,1606824000,203.141,246.095,1
15,6,PACE,AECI,1608141600,199.272,226.347,1
15,1,PACE,PSCO,1577836800,222.045,222.045,0
15,1,PACE,PSCO,1579154400,234.433,234.433,0
15,1,PACE,PSCO,1580472000,198.311,198.311,0
15,1,PACE,PSCO,1581789600,196.827,196.827,0
15,1,PACE,PSCO,1583107200,208.975,208.975,0
15,1,PACE,PSCO,1584424800,252.452,252.452,0
15,1,PACE,PSCO,1585742400,225.822,225.822,0
15,1,PACE,PSCO,1587060000,224.401,224.401,0
15,1,PACE,PSCO,1588377600,195.688,195.688,0
15,1,PACE,PSCO,1589695200,218.514,218.514,0
15,1,PACE,PSCO,1591012800,230.978,230.978,0
15,1,PACE,PSCO,1592330400,200.767,200.767,0
15,1,PACE,PSCO,1593648000,211.4,211.4,0
15,1,PACE,PSCO,1594965600,197.864,197.864,0
15,1,PACE,PSCO,1596283200,232.915,232.915,0
15,1,PACE,PSCO,1597600800,252.895,252.895,0
15,1,PACE,PSCO,1598918400,239.903,239.903,0
15,1,PACE,PSCO,1600236000,257.912,257.912,0
15,1,PACE,PSCO,1601553600,250.583,250.583,0
15,1,PACE,PSCO,1602871200,211.548,211.548,0
15,1,PACE,PSCO,1604188800,258.098,258.098,0
15,1,PACE,PSCO,1605506400,230.758,230.758,0
15,1,PACE,PSCO,1606824000,241.036,241.036,0
15,1,PACE,PSCO,1608141600,221.431,221.431,0
15,2,PACE,PSCO,1577836800,217.151,231.404,6
15,2,PACE,PSCO,1579154400,185.245,244.419,7
15,2,PACE,PSCO,1580472000,178.036,207.039,5
15,2,PACE,PSCO,1581789600,198.849,204.537,5
15,2,PACE,PSCO,1583107200,214.697,221.906,9
15,2,PACE,PSCO,1584424800,230.31,258.582,3
15,2,PACE,PSCO,1585742400,208.99,236.136,5
15,2,PACE,PSCO,1587060000,221.961,232.124,8
15,2,PACE,PSCO,1588377600,184.101,202.184,7
15,2,PACE,PSCO,1589695200,177.084,223.55,3
15,2,PACE,PSCO,1591012800,221.827,236.311,3
15,2,PACE,PSCO,1592330400,169.682,205.289,3
15,2,PACE,PSCO,1593648000,184.571,220.744,5
15,2,PACE,PSCO,1594965600,213.764,213.18,9
15,2,PACE,PSCO,1596283200,211.077,243.136,5
15,2,PACE,PSCO,1597600800,195.895,257.798,1
15,2,PACE,PSCO,1598918400,245.735,248.814,7
15,2,PACE,PSCO,1600236000,180.829,263.157,1
15,2,PACE,PSCO,1601553600,210.332,262.744,5
15,2,PACE,PSCO,1602871200,198.777,215.177,4
15,2,PACE,PSCO,1604188800,234.258,263.29,3
15,2,PACE,PSCO,1605506400,212.228,239.826,5
15,2,PACE,PSCO,1606824000,153.949,246.095,1
15,2,PACE,PSCO,1608141600,177.847,226.347,1
15,3,PACE,PSCO,1577836800,208.278,226.717,2
15,3,PACE,PSCO,1579154400,174.775,239.487,1
15,3,PACE,PSCO,1580472000,171.305,202.703,1
15,3,PACE,PSCO,1581789600,199.578,200.732,1
15,3,PACE,PSCO,1583107200,202.952,213.105,3
15,3,PACE,PSCO,1584424800,227.022,258.582,1
15,3,PACE,PSCO,1585742400,202.598,230.918,1
15,3,PACE,PSCO,1587060000,217.158,228.312,2
15,3,PACE,PSCO,1588377600,187.631,198.668,2
15,3,PACE,PSCO,1589695200,179.101,223.55,1
15,3,PACE,PSCO,1591012800,227.671,236.311,1
15,3,PACE,PSCO,1592330400,184.376,205.289,1
15,3,PACE,PSCO,1593648000,185.827,215.96,3
15,3,PACE,PSCO,1594965600,201.262,203.144,1
15,3,PACE,PSCO,1596283200,206.625,238.256,1
15,3,PACE,PSCO,1597600800,195.895,257.798,1
15,3,PACE,PSCO,1598918400,241.582,244.161,2
15,3,PACE,PSCO,1600236000,180.829,263.157,1
15,3,PACE,PSCO,1601553600,202.57,256.736,1
15,3,PACE,PSCO,1602871200,208.222,215.177,4
15,3,PACE,PSCO,1604188800,233.066,263.29,1
15,3,PACE,PSCO,1605506400,208.101,235.265,1
15,3,PACE,PSCO,1606824000,153.949,246.095,1
15,3,PACE,PSCO,1608141600,177.847,226.347,1
15,4,PACE,PSCO,1577836800,208.184,226.717,1
15,4,PACE,PSCO,1579154400,174.775,239.487,1
15,4,PACE,PSCO,1580472000,171.305,202.703,1
15,4,PACE,PSCO,1581789600,196.184,200.732,1
15,4,PACE,PSCO,1583107200,202.519,213.105,1
15,4,PACE,PSCO,1584424800,227.022,258.582,1
15,4,PACE,PSCO,1585742400,202.598,230.918,1
15,4,PACE,PSCO,1587060000,216.967,228.312,1
15,4,PACE,PSCO,1588377600,193.93,198.668,3
15,4,PACE,PSCO,1589695200,179.101,223.55,1
15,4,PACE,PSCO,1591012800,224.29,236.311,1
15,4,PACE,PSCO,1592330400,194.055,205.289,3
15,4,PACE,PSCO,1593648000,184.424,215.96,1
15,4,PACE,PSCO,1594965600,201.234,203.144,1
15,4,PACE,PSCO,1596283200,206.625,238.256,1
15,4,PACE,PSCO,1597600800,195.895,257.798,1
15,4,PACE,PSCO,1598918400,244.25,244.161,3
15,4,PACE,PSCO,1600236000,180.829,263.157,1
15,4,PACE,PSCO,1601553600,202.57,256.736,1
15,4,PACE,PSCO,1602871200,209.938,215.177,1
15,4,PACE,PSCO,1604188800,233.066,263.29,1
15,4,PACE,PSCO,1605506400,208.101,235.265,1
15,4,PACE,PSCO,1606824000,153.949,246.095,1
15,4,PACE,PSCO,1608141600,177.847,226.347,1
15,5,PACE,PSCO,1577836800,215.623,231.404,6
15,5,PACE,PSCO,1579154400,183.722,244.419,7
15,5,PACE,PSCO,1580472000,176.944,207.039,5
15,5,PACE,PSCO,1581789600,197.749,204.537,5
15,5,PACE,PSCO,1583107200,212.757,221.906,9
15,5,PACE,PSCO,1584424800,229.503,258.582,3
15,5,PACE,PSCO,1585742400,208.339,236.136,6
15,5,PACE,PSCO,1587060000,220.417,232.124,8
15,5,PACE,PSCO,1588377600,182.488,202.184,7
15,5,PACE,PSCO,1589695200,175.954,223.55,3
15,5,PACE,PSCO,1591012800,221.488,236.311,3
15,5,PACE,PSCO,1592330400,168.641,205.289,3
15,5,PACE,PSCO,1593648000,183.267,220.744,5
15,5,PACE,PSCO,1594965600,211.89,213.18,9
15,5,PACE,PSCO,1596283200,210.571,243.136,5
15,5,PACE,PSCO,1597600800,195.895,257.798,1
15,5,PACE,PSCO,1598918400,244.647,248.814,7
15,5,PACE,PSCO,1600236000,180.829,263.157,1
15,5,PACE,PSCO,1601553600,208.805,262.744,5
15,5,PACE,PSCO,1602871200,197.76,215.177,4
15,5,PACE,PSCO,1604188800,233.896,263.29,3
15,5,PACE,PSCO,1605506400,211.385,239.826,5
15,5,PACE,PSCO,1606824000,153.949,246.095,1
15,5,PACE,PSCO,1608141600,177.847,226.347,1
15,6,PACE,PSCO,1577836800,208.184,226.717,1
15,6,PACE,PSCO,1579154400,174.775,239.487,1
15,6,PACE,PSCO,1580472000,171.305,202.703,1
15,6,PACE,PSCO,1581789600,196.184,200.732,1
15,6,PACE,PSCO,1583107200,202.519,213.105,1
15,6,PACE,PSCO,1584424800,227.022,258.582,1
15,6,PACE,PSCO,1585742400,202.598,230.918,1
15,6,PACE,PSCO,1587060000,216.967,228.312,1
15,6,PACE,PSCO,1588377600,185.103,198.668,2
15,6,PACE,PSCO,1589695200,179.101,223.55,1
15,6,PACE,PSCO,1591012800,227.671,236.311,1
15,6,PACE,PSCO,1592330400,184.376,205.289,1
15,6,PACE,PSCO,1593648000,184.424,215.96,1
15,6,PACE,PSCO,1594965600,197.864,197.864,0
15,6,PACE,PSCO,1596283200,206.625,238.256,1
15,6,PACE,PSCO,1597600800,195.895,257.798,1
15,6,PACE,PSCO,1598918400,239.903,239.903,0
15,6,PACE,PSCO,1600236000,180.829,263.157,1
15,6,PACE,PSCO,1601553600,202.57,256.736,1
15,6,PACE,PSCO,1602871200,204.097,215.177,2
15,6,PACE,PSCO,1604188800,233.066,263.29,1
15,6,PACE,PSCO,1605506400,208.101,235.265,1
15,6,PACE,PSCO,1606824000,153.949,246.095,1
15,6,PACE,PSCO,1608141600,177.847,226.347,1
15,1,PSCO,EPE,1577836800,201.806,201.806,0
15,1,PSCO,EPE,1579154400,168.095,168.095,0
15,1,PSCO,EPE,1580472000,165.819,165.819,0
15,1,PSCO,EPE,1581789600,208.599,208.599,0
15,1,PSCO,EPE,1583107200,195.56,195.56,0
15,1,PSCO,EPE,1584424800,221.046,221.046,0
15,1,PSCO,EPE,1585742400,196.694,196.694,0
15,1,PSCO,EPE,1587060000,211.329,211.329,0
15,1,PSCO,EPE,1588377600,184.057,184.057,0
15,1,PSCO,EPE,1589695200,174.63,174.63,0
15,1,PSCO,EPE,1591012800,220.905,220.905,0
15,1,PSCO,EPE,1592330400,179.992,179.992,0
15,1,PSCO,EPE,1593648000,180.132,180.132,0
15,1,PSCO,EPE,1594965600,212.921,212.921,0
15,1,PSCO,EPE,1596283200,202.105,202.105,0
15,1,PSCO,EPE,1597600800,189.709,189.709,0
15,1,PSCO,EPE,1598918400,234.795,234.795,0
15,1,PSCO,EPE,1600236000,174.02,174.02,0
15,1,PSCO,EPE,1601553600,195.176,195.176,0
15,1,PSCO,EPE,1602871200,202.804,202.804,0
15,1,PSCO,EPE,1604188800,225.924,225.924,0
15,1,PSCO,EPE,1605506400,203.332,203.332,0
15,1,PSCO,EPE,1606824000,147.36,147.36,0
15,1,PSCO,EPE,1608141600,172.796,172.796,0
15,2,PSCO,EPE,1577836800,205.128,211.739,5
15,2,PSCO,EPE,1579154400,175.769,171.399,4
15,2,PSCO,EPE,1580472000,178.267,172.775,8
15,2,PSCO,EPE,1581789600,189.137,215.208,7
15,2,PSCO,EPE,1583107200,199.085,199.368,4
15,2,PSCO,EPE,1584424800,216.847,229.727,7
15,2,PSCO,EPE,1585742400,168.26,201.473,3
15,2,PSCO,EPE,1587060000,177.648,215.845,3
15,2,PSCO,EPE,1588377600,187.317,190.648,6
15,2,PSCO,EPE,1589695200,172.363,177.256,4
15,2,PSCO,EPE,1591012800,203.816,225.601,3
15,2,PSCO,EPE,1592330400,180.073,183.617,2
15,2,PSCO,EPE,1593648000,182.513,183.66,4
15,2,PSCO,EPE,1594965600,206.516,216.392,4
15,2,PSCO,EPE,1596283200,203.064,208.238,6
15,2,PSCO,EPE,1597600800,199.553,198.933,5
15,2,PSCO,EPE,1598918400,206.029,239.606,1
15,2,PSCO,EPE,1600236000,176.027,177.195,4
15,2,PSCO,EPE,1601553600,203.703,202.199,6
15,2,PSCO,EPE,1602871200,211.321,213.162,5
15,2,PSCO,EPE,1604188800,223.686,234.575,6
15,2,PSCO,EPE,1605506400,198.402,206.391,4
15,2,PSCO,EPE,1606824000,147.36,147.36,0
15,2,PSCO,EPE,1608141600,172.796,172.796,0
15,3,PSCO,EPE,1577836800,206.294,206.834,1
15,3,PSCO,EPE,1579154400,168.095,168.095,0
15,3,PSCO,EPE,1580472000,165.819,165.819,0
15,3,PSCO,EPE,1581789600,181.845,211.871,2
15,3,PSCO,EPE,1583107200,195.56,195.56,0
15,3,PSCO,EPE,1584424800,212.002,225.4,3
15,3,PSCO,EPE,1585742400,170.666,201.473,1
15,3,PSCO,EPE,1587060000,177.193,215.845,1
15,3,PSCO,EPE,1588377600,188.965,187.407,2
15,3,PSCO,EPE,1589695200,174.63,174.63,0
15,3,PSCO,EPE,1591012800,201.463,225.601,1
15,3,PSCO,EPE,1592330400,179.992,179.992,0
15,3,PSCO,EPE,1593648000,184.868,183.66,2
15,3,PSCO,EPE,1594965600,214.02,216.392,2
15,3,PSCO,EPE,1596283200,202.105,202.105,0
15,3,PSCO,EPE,1597600800,192.816,194.312,1
15,3,PSCO,EPE,1598918400,207.642,239.606,1
15,3,PSCO,EPE,1600236000,174.02,174.02,0
15,3,PSCO,EPE,1601553600,195.176,195.176,0
15,3,PSCO,EPE,1602871200,206.255,208.122,1
15,3,PSCO,EPE,1604188800,220.053,230.317,1
15,3,PSCO,EPE,1605506400,209.068,206.391,4
15,3,PSCO,EPE,1606824000,147.36,147.36,0
15,3,PSCO,EPE,1608141600,172.796,172.796,0
15,4,PSCO,EPE,1577836800,202.939,206.834,3
15,4,PSCO,EPE,1579154400,168.095,168.095,0
15,4,PSCO,EPE,1580472000,165.819,165.819,0
15,4,PSCO,EPE,1581789600,181.683,211.871,1
15,4,PSCO,EPE,1583107200,195.56,195.56,0
15,4,PSCO,EPE,1584424800,210.996,225.4,1
15,4,PSCO,EPE,1585742400,170.666,201.473,1
15,4,PSCO,EPE,1587060000,177.193,215.845,1
15,4,PSCO,EPE,1588377600,186.96,187.407,2
15,4,PSCO,EPE,1589695200,176.541,177.256,2
15,4,PSCO,EPE,1591012800,201.463,225.601,1
15,4,PSCO,EPE,1592330400,187.023,183.617,1
15,4,PSCO,EPE,1593648000,180.132,180.132,0
15,4,PSCO,EPE,1594965600,211.363,216.392,1
15,4,PSCO,EPE,1596283200,198.397,205.15,2
15,4,PSCO,EPE,1597600800,193.919,194.312,1
15,4,PSCO,EPE,1598918400,217.843,239.606,2
15,4,PSCO,EPE,1600236000,174.02,174.02,0
15,4,PSCO,EPE,1601553600,195.176,195.176,0
15,4,PSCO,EPE,1602871200,202.804,202.804,0
15,4,PSCO,EPE,1604188800,218.283,230.317,1
15,4,PSCO,EPE,1605506400,203.332,203.332,0
15,4,PSCO,EPE,1606824000,147.36,147.36,0
15,4,PSCO,EPE,1608141600,172.796,172.796,0
15,5,PSCO,EPE,1577836800,203.937,211.739,5
15,5,PSCO,EPE,1579154400,173.794,171.399,4
15,5,PSCO,EPE,1580472000,177.472,172.775,8
15,5,PSCO,EPE,1581789600,188.376,215.208,7
15,5,PSCO,EPE,1583107200,197.805,199.368,4
15,5,PSCO,EPE,1584424800,215.883,229.727,7
15,5,PSCO,EPE,1585742400,167.033,201.473,3
15,5,PSCO,EPE,1587060000,177.207,215.845,3
15,5,PSCO,EPE,1588377600,185.908,190.648,6
15,5,PSCO,EPE,1589695200,171.825,177.256,4
15,5,PSCO,EPE,1591012800,203.183,225.601,3
15,5,PSCO,EPE,1592330400,179.729,183.617,3
15,5,PSCO,EPE,1593648000,181.788,183.66,4
15,5,PSCO,EPE,1594965600,205.708,216.392,4
15,5,PSCO,EPE,1596283200,202.624,208.238,6
15,5,PSCO,EPE,1597600800,199.061,198.933,5
15,5,PSCO,EPE,1598918400,205.74,239.606,1
15,5,PSCO,EPE,1600236000,175.069,177.195,4
15,5,PSCO,EPE,1601553600,201.736,202.199,6
15,5,PSCO,EPE,1602871200,210.413,213.162,5
15,5,PSCO,EPE,1604188800,222.336,234.575,6
15,5,PSCO,EPE,1605506400,197.817,206.391,4
15,5,PSCO,EPE,1606824000,147.36,147.36,0
15,5,PSCO,EPE,1608141600,172.796,172.796,0
15,6,PSCO,EPE,1577836800,201.806,201.806,0
15,6,PSCO,EPE,1579154400,168.095,168.095,0
15,6,PSCO,EPE,1580472000,165.819,165.819,0
15,6,PSCO,EPE,1581789600,181.683,211.871,1
15,6,PSCO,EPE,1583107200,195.56,195.56,0
15,6,PSCO,EPE,1584424800,210.996,225.4,1
15,6,PSCO,EPE,1585742400,170.666,201.473,1
15,6,PSCO,EPE,1587060000,177.193,215.845,1
15,6,PSCO,EPE,1588377600,183.657,187.407,1
15,6,PSCO,EPE,1589695200,174.63,174.63,0
15,6,PSCO,EPE,1591012800,201.463,225.601,1
15,6,PSCO,EPE,1592330400,179.992,179.992,0
15,6,PSCO,EPE,1593648000,180.132,180.132,0
15,6,PSCO,EPE,1594965600,212.698,216.392,1
15,6,PSCO,EPE,1596283200,202.105,202.105,0
15,6,PSCO,EPE,1597600800,189.709,189.709,0
15,6,PSCO,EPE,1598918400,207.642,239.606,1
15,6,PSCO,EPE,1600236000,174.02,174.02,0
15,6,PSCO,EPE,1601553600,195.176,195.176,0
15,6,PSCO,EPE,1602871200,202.804,202.804,0
15,6,PSCO,EPE,1604188800,220.053,230.317,1
15,6,PSCO,EPE,1605506400,203.332,203.332,0
15,6,PSCO,EPE,1606824000,147.36,147.36,0
15,6,PSCO,EPE,1608141600,172.796,172.796,0
15,1,PSCO,PACE,1577836800,201.806,201.806,0
15,1,PSCO,PACE,1579154400,168.095,168.095,0
15,1,PSCO,PACE,1580472000,165.819,165.819,0
15,1,PSCO,PACE,1581789600,208.599,208.599,0
15,1,PSCO,PACE,1583107200,195.56,195.56,0
15,1,PSCO,PACE,1584424800,221.046,221.046,0
15,1,PSCO,PACE,1585742400,196.694,196.694,0
15,1,PSCO,PACE,1587060000,211.329,211.329,0
15,1,PSCO,PACE,1588377600,184.057,184.057,0
15,1,PSCO,PACE,1589695200,174.63,174.63,0
15,1,PSCO,PACE,1591012800,220.905,220.905,0
15,1,PSCO,PACE,1592330400,179.992,179.992,0
15,1,PSCO,PACE,1593648000,180.132,180.132,0
15,1,PSCO,PACE,1594965600,212.921,212.921,0
15,1,PSCO,PACE,1596283200,202.105,202.105,0
15,1,PSCO,PACE,1597600800,189.709,189.709,0
15,1,PSCO,PACE,1598918400,234.795,234.795,0
15,1,PSCO,PACE,1600236000,174.02,174.02,0
15,1,PSCO,PACE,1601553600,195.176,195.176,0
15,1,PSCO,PACE,1602871200,202.804,202.804,0
15,1,PSCO,PACE,1604188800,225.924,225.924,0
15,1,PSCO,PACE,1605506400,203.332,203.332,0
15,1,PSCO,PACE,1606824000,147.36,147.36,0
15,1,PSCO,PACE,1608141600,172.796,172.796,0
15,2,PSCO,PACE,1577836800,215.801,211.739,5
15,2,PSCO,PACE,1579154400,181.869,174.668,6
15,2,PSCO,PACE,1580472000,172.547,169.296,4
15,2,PSCO,PACE,1581789600,200.984,215.208,6
15,2,PSCO,PACE,1583107200,208.13,202.871,8
15,2,PSCO,PACE,1584424800,228.687,225.4,2
15,2,PSCO,PACE,1585742400,210.199,206.331,6
15,2,PSCO,PACE,1587060000,220.839,220.262,7
15,2,PSCO,PACE,1588377600,182.023,190.648,6
15,2,PSCO,PACE,1589695200,175.239,177.256,2
15,2,PSCO,PACE,1591012800,219.756,225.601,2
15,2,PSCO,PACE,1592330400,170.733,183.617,4
15,2,PSCO,PACE,1593648000,185.583,187.687,6
15,2,PSCO,PACE,1594965600,208.731,220.093,8
15,2,PSCO,PACE,1596283200,206.514,205.15,4
15,2,PSCO,PACE,1597600800,189.709,189.709,0
15,2,PSCO,PACE,1598918400,242.766,244.046,6
15,2,PSCO,PACE,1600236000,174.02,174.02,0
15,2,PSCO,PACE,1601553600,203.04,198.739,4
15,2,PSCO,PACE,1602871200,196.96,208.122,3
15,2,PSCO,PACE,1604188800,231.509,230.317,2
15,2,PSCO,PACE,1605506400,207.661,206.391,4
15,2,PSCO,PACE,1606824000,147.36,147.36,0
15,2,PSCO,PACE,1608141600,172.796,172.796,0
15,3,PSCO,PACE,1577836800,206.554,206.834,1
15,3,PSCO,PACE,1579154400,168.095,168.095,0
15,3,PSCO,PACE,1580472000,165.819,165.819,0
15,3,PSCO,PACE,1581789600,202.467,211.871,2
15,3,PSCO,PACE,1583107200,200.378,199.368,2
15,3,PSCO,PACE,1584424800,221.046,221.046,0
15,3,PSCO,PACE,1585742400,196.694,196.694,0
15,3,PSCO,PACE,1587060000,215.678,215.845,1
15,3,PSCO,PACE,1588377600,185.553,187.407,1
15,3,PSCO,PACE,1589695200,174.63,174.63,0
15,3,PSCO,PACE,1591012800,220.905,220.905,0
15,3,PSCO,PACE,1592330400,179.992,179.992,0
15,3,PSCO,PACE,1593648000,184.882,183.66,2
15,3,PSCO,PACE,1594965600,203.392,216.392,2
15,3,PSCO,PACE,1596283200,202.105,202.105,0
15,3,PSCO,PACE,1597600800,189.709,189.709,0
15,3,PSCO,PACE,1598918400,237.556,239.606,1
15,3,PSCO,PACE,1600236000,174.02,174.02,0
15,3,PSCO,PACE,1601553600,195.176,195.176,0
15,3,PSCO,PACE,1602871200,205.344,208.122,3
15,3,PSCO,PACE,1604188800,225.924,225.924,0
15,3,PSCO,PACE,1605506400,203.332,203.332,0
15,3,PSCO,PACE,1606824000,147.36,147.36,0
15,3,PSCO,PACE,1608141600,172.796,172.796,0
15,4,PSCO,PACE,1577836800,201.806,201.806,0
15,4,PSCO,PACE,1579154400,168.095,168.095,0
15,4,PSCO,PACE,1580472000,165.819,165.819,0
15,4,PSCO,PACE,1581789600,198.319,211.871,2
15,4,PSCO,PACE,1583107200,195.56,195.56,0
15,4,PSCO,PACE,1584424800,221.046,221.046,0
15,4,PSCO,PACE,1585742400,196.694,196.694,0
15,4,PSCO,PACE,1587060000,211.329,211.329,0
15,4,PSCO,PACE,1588377600,191.851,187.407,2
15,4,PSCO,PACE,1589695200,174.63,174.63,0
15,4,PSCO,PACE,1591012800,220.905,220.905,0
15,4,PSCO,PACE,1592330400,193.295,183.617,2
15,4,PSCO,PACE,1593648000,180.132,180.132,0
15,4,PSCO,PACE,1594965600,202.255,216.392,2
15,4,PSCO,PACE,1596283200,202.105,202.105,0
15,4,PSCO,PACE,1597600800,189.709,189.709,0
15,4,PSCO,PACE,1598918400,241.28,239.606,2
15,4,PSCO,PACE,1600236000,174.02,174.02,0
15,4,PSCO,PACE,1601553600,195.176,195.176,0
15,4,PSCO,PACE,1602871200,202.804,202.804,0
15,4,PSCO,PACE,1604188800,225.924,225.924,0
15,4,PSCO,PACE,1605506400,203.332,203.332,0
15,4,PSCO,PACE,1606824000,147.36,147.36,0
15,4,PSCO,PACE,1608141600,172.796,172.796,0
15,5,PSCO,PACE,1577836800,214.273,211.739,5
15,5,PSCO,PACE,1579154400,180.345,174.668,6
15,5,PSCO,PACE,1580472000,171.455,169.296,4
15,5,PSCO,PACE,1581789600,199.885,215.208,6
15,5,PSCO,PACE,1583107200,206.19,202.871,8
15,5,PSCO,PACE,1584424800,227.881,225.4,2
15,5,PSCO,PACE,1585742400,201.142,201.473,4
15,5,PSCO,PACE,1587060000,219.294,220.262,7
15,5,PSCO,PACE,1588377600,180.41,190.648,6
15,5,PSCO,PACE,1589695200,174.109,177.256,2
15,5,PSCO,PACE,1591012800,219.417,225.601,2
15,5,PSCO,PACE,1592330400,169.692,183.617,4
15,5,PSCO,PACE,1593648000,178.476,183.66,4
15,5,PSCO,PACE,1594965600,206.857,220.093,8
15,5,PSCO,PACE,1596283200,206.008,205.15,4
15,5,PSCO,PACE,1597600800,189.709,189.709,0
15,5,PSCO,PACE,1598918400,241.678,244.046,6
15,5,PSCO,PACE,1600236000,174.02,174.02,0
15,5,PSCO,PACE,1601553600,201.513,198.739,4
15,5,PSCO,PACE,1602871200,195.943,208.122,3
15,5,PSCO,PACE,1604188800,231.147,230.317,2
15,5,PSCO,PACE,1605506400,206.818,206.391,4
15,5,PSCO,PACE,1606824000,147.36,147.36,0
15,5,PSCO,PACE,1608141600,172.796,172.796,0
15,6,PSCO,PACE,1577836800,201.806,201.806,0
15,6,PSCO,PACE,1579154400,168.095,168.095,0
15,6,PSCO,PACE,1580472000,165.819,165.819,0
15,6,PSCO,PACE,1581789600,198.319,211.871,2
15,6,PSCO,PACE,1583107200,195.56,195.56,0
15,6,PSCO,PACE,1584424800,221.046,221.046,0
15,6,PSCO,PACE,1585742400,196.694,196.694,0
15,6,PSCO,PACE,1587060000,211.329,211.329,0
15,6,PSCO,PACE,1588377600,183.025,187.407,1
15,6,PSCO,PACE,1589695200,174.63,174.63,0
15,6,PSCO,PACE,1591012800,220.905,220.905,0
15,6,PSCO,PACE,1592330400,179.992,179.992,0
15,6,PSCO,PACE,1593648000,180.132,180.132,0
15,6,PSCO,PACE,1594965600,204.166,216.392,1
15,6,PSCO,PACE,1596283200,202.105,202.105,0
15,6,PSCO,PACE,1597600800,189.709,189.709,0
15,6,PSCO,PACE,1598918400,234.503,239.606,1
15,6,PSCO,PACE,1600236000,174.02,174.02,0
15,6,PSCO,PACE,1601553600,195.176,195.176,0
15,6,PSCO,PACE,1602871200,202.281,208.122,1
15,6,PSCO,PACE,1604188800,225.924,225.924,0
15,6,PSCO,PACE,1605506400,203.332,203.332,0
15,6,PSCO,PACE,1606824000,147.36,147.36,0
15,6,PSCO,PACE,1608141600,172.796,172.796,0
15,1,TEPC,AECI,1577836800,261.782,261.782,0
15,1,TEPC,AECI,1579154400,260.044,260.044,0
15,1,TEPC,AECI,1580472000,227.287,227.287,0
15,1,TEPC,AECI,1581789600,230.952,230.952,0
15,1,TEPC,AECI,1583107200,213.887,213.887,0
15,1,TEPC,AECI,1584424800,209.261,209.261,0
15,1,TEPC,AECI,1585742400,163.89,163.89,0
15,1,TEPC,AECI,1587060000,178.693,178.693,0
15,1,TEPC,AECI,1588377600,179.254,179.254,0
15,1,TEPC,AECI,1589695200,215.518,215.518,0
15,1,TEPC,AECI,1591012800,222.496,222.496,0
15,1,TEPC,AECI,1592330400,189.451,189.451,0
15,1,TEPC,AECI,1593648000,215.878,215.878,0
15,1,TEPC,AECI,1594965600,207.863,207.863,0
15,1,TEPC,AECI,1596283200,219.66,219.66,0
15,1,TEPC,AECI,1597600800,232.192,232.192,0
15,1,TEPC,AECI,1598918400,219.508,219.508,0
15,1,TEPC,AECI,1600236000,245.174,245.174,0
15,1,TEPC,AECI,1601553600,235.921,235.921,0
15,1,TEPC,AECI,1602871200,262.53,262.53,0
15,1,TEPC,AECI,1604188800,265.706,265.706,0
15,1,TEPC,AECI,1605506400,225.001,225.001,0
15,1,TEPC,AECI,1606824000,193.11,193.11,0
15,1,TEPC,AECI,1608141600,251.11,251.11,0
15,2,TEPC,AECI,1577836800,178.47,267.327,1
15,2,TEPC,AECI,1579154400,192.555,265.972,1
15,2,TEPC,AECI,1580472000,183.47,238.772,5
15,2,TEPC,AECI,1581789600,195.129,234.731,4
15,2,TEPC,AECI,1583107200,182.798,222.949,5
15,2,TEPC,AECI,1584424800,178.786,214.078,3
15,2,TEPC,AECI,1585742400,139.885,171.952,5
15,2,TEPC,AECI,1587060000,152.303,184.288,5
15,2,TEPC,AECI,1588377600,161.625,186.595,5
15,2,TEPC,AECI,1589695200,163.287,220.659,1
15,2,TEPC,AECI,1591012800,157.738,227.481,1
15,2,TEPC,AECI,1592330400,170.237,196.336,5
15,2,TEPC,AECI,1593648000,191.267,220.097,3
15,2,TEPC,AECI,1594965600,182.753,212.83,3
15,2,TEPC,AECI,1596283200,186.888,224.499,1
15,2,TEPC,AECI,1597600800,206.807,236.671,1
15,2,TEPC,AECI,1598918400,185.094,224.177,1
15,2,TEPC,AECI,1600236000,212.123,250.543,3
15,2,TEPC,AECI,1601553600,188.864,240.805,1
15,2,TEPC,AECI,1602871200,185.069,267.329,1
15,2,TEPC,AECI,1604188800,236.95,275.245,7
15,2,TEPC,AECI,1605506400,214.852,235.056,5
15,2,TEPC,AECI,1606824000,198.681,201.578,5
15,2,TEPC,AECI,1608141600,200.203,256.156,1
15,3,TEPC,AECI,1577836800,178.47,267.327,1
15,3,TEPC,AECI,1579154400,192.555,265.972,1
15,3,TEPC,AECI,1580472000,184.236,232.948,1
15,3,TEPC,AECI,1581789600,215.21,234.731,4
15,3,TEPC,AECI,1583107200,213.887,213.887,0
15,3,TEPC,AECI,1584424800,185.173,214.078,1
15,3,TEPC,AECI,1585742400,139.215,167.958,4
15,3,TEPC,AECI,1587060000,175.487,181.485,2
15,3,TEPC,AECI,1588377600,179.254,179.254,0
15,3,TEPC,AECI,1589695200,163.287,220.659,1
15,3,TEPC,AECI,1591012800,157.738,227.481,1
15,3,TEPC,AECI,1592330400,187.211,192.904,4
15,3,TEPC,AECI,1593648000,215.878,215.878,0
15,3,TEPC,AECI,1594965600,203.806,212.83,3
15,3,TEPC,AECI,1596283200,190.33,224.499,1
15,3,TEPC,AECI,1597600800,232.192,232.192,0
15,3,TEPC,AECI,1598918400,188.327,224.177,3
15,3,TEPC,AECI,1600236000,247.348,250.543,1
15,3,TEPC,AECI,1601553600,188.864,240.805,1
15,3,TEPC,AECI,1602871200,185.069,267.329,1
15,3,TEPC,AECI,1604188800,259.004,270.432,2
15,3,TEPC,AECI,1605506400,219.71,230.103,1
15,3,TEPC,AECI,1606824000,193.11,193.11,0
15,3,TEPC,AECI,1608141600,200.203,256.156,1
15,4,TEPC,AECI,1577836800,178.47,267.327,1
15,4,TEPC,AECI,1579154400,192.555,265.972,1
15,4,TEPC,AECI,1580472000,184.236,232.948,1
15,4,TEPC,AECI,1581789600,194.856,234.731,1
15,4,TEPC,AECI,1583107200,183.609,218.268,1
15,4,TEPC,AECI,1584424800,178.884,214.078,1
15,4,TEPC,AECI,1585742400,135.546,167.958,1
15,4,TEPC,AECI,1587060000,149.442,181.485,1
15,4,TEPC,AECI,1588377600,158.793,182.828,1
15,4,TEPC,AECI,1589695200,163.287,220.659,1
15,4,TEPC,AECI,1591012800,157.738,227.481,1
15,4,TEPC,AECI,1592330400,163.203,192.904,1
15,4,TEPC,AECI,1593648000,188.971,220.097,1
15,4,TEPC,AECI,1594965600,180.638,212.83,1
15,4,TEPC,AECI,1596283200,186.888,224.499,1
15,4,TEPC,AECI,1597600800,206.807,236.671,1
15,4,TEPC,AECI,1598918400,185.094,224.177,1
15,4,TEPC,AECI,1600236000,209.369,250.543,1
15,4,TEPC,AECI,1601553600,188.864,240.805,1
15,4,TEPC,AECI,1602871200,185.069,267.329,1
15,4,TEPC,AECI,1604188800,226.008,270.432,1
15,4,TEPC,AECI,1605506400,210.114,230.103,1
15,4,TEPC,AECI,1606824000,193.11,193.11,0
15,4,TEPC,AECI,1608141600,200.203,256.156,1
15,5,TEPC,AECI,1577836800,178.47,267.327,1
15,5,TEPC,AECI,1579154400,192.555,265.972,1
15,5,TEPC,AECI,1580472000,182.817,238.772,5
15,5,TEPC,AECI,1581789600,194.263,234.731,4
15,5,TEPC,AECI,1583107200,181.304,222.949,5
15,5,TEPC,AECI,1584424800,178.377,214.078,3
15,5,TEPC,AECI,1585742400,140.07,171.952,6
15,5,TEPC,AECI,1587060000,151.271,184.288,5
15,5,TEPC,AECI,1588377600,160.528,186.595,5
15,5,TEPC,AECI,1589695200,163.287,220.659,1
15,5,TEPC,AECI,1591012800,157.738,227.481,1
15,5,TEPC,AECI,1592330400,169.66,196.336,5
15,5,TEPC,AECI,1593648000,190.961,220.097,3
15,5,TEPC,AECI,1594965600,182.592,212.83,3
15,5,TEPC,AECI,1596283200,186.888,224.499,1
15,5,TEPC,AECI,1597600800,206.807,236.671,1
15,5,TEPC,AECI,1598918400,185.094,224.177,1
15,5,TEPC,AECI,1600236000,211.551,250.543,3
15,5,TEPC,AECI,1601553600,188.864,240.805,1
15,5,TEPC,AECI,1602871200,185.069,267.329,1
15,5,TEPC,AECI,1604188800,236.297,275.245,7
15,5,TEPC,AECI,1605506400,213.767,235.056,5
15,5,TEPC,AECI,1606824000,198.882,201.578,6
15,5,TEPC,AECI,1608141600,200.203,256.156,1
15,6,TEPC,AECI,1577836800,178.47,267.327,1
15,6,TEPC,AECI,1579154400,192.555,265.972,1
15,6,TEPC,AECI,1580472000,184.236,232.948,1
15,6,TEPC,AECI,1581789600,194.856,234.731,1
15,6,TEPC,AECI,1583107200,179.105,218.268,2
15,6,TEPC,AECI,1584424800,178.884,214.078,1
15,6,TEPC,AECI,1585742400,135.546,167.958,1
15,6,TEPC,AECI,1587060000,149.442,181.485,1
15,6,TEPC,AECI,1588377600,158.793,182.828,1
15,6,TEPC,AECI,1589695200,163.287,220.659,1
15,6,TEPC,AECI,1591012800,157.738,227.481,1
15,6,TEPC,AECI,1592330400,163.203,192.904,1
15,6,TEPC,AECI,1593648000,188.971,220.097,1
15,6,TEPC,AECI,1594965600,180.638,212.83,1
15,6,TEPC,AECI,1596283200,186.888,224.499,1
15,6,TEPC,AECI,1597600800,206.807,236.671,1
15,6,TEPC,AECI,1598918400,185.094,224.177,1
15,6,TEPC,AECI,1600236000,209.369,250.543,1
15,6,TEPC,AECI,1601553600,188.864,240.805,1
15,6,TEPC,AECI,1602871200,185.069,267.329,1
15,6,TEPC,AECI,1604188800,226.008,270.432,1
15,6,TEPC,AECI,1605506400,210.114,230.103,1
15,6,TEPC,AECI,1606824000,193.11,193.11,0
15,6,TEPC,AECI,1608141600,200.203,256.156,1
20,1,AECI,EPE,1577836800,171.652,171.652,0
20,1,AECI,EPE,1579154400,184.829,184.829,0
20,1,AECI,EPE,1580472000,179.08,179.08,0
20,1,AECI,EPE,1581789600,190.047,190.047,0
20,1,AECI,EPE,1583107200,177.533,177.533,0
20,1,AECI,EPE,1584424800,173.609,173.609,0
20,1,AECI,EPE,1585742400,130.078,130.078,0
20,1,AECI,EPE,1587060000,146.519,146.519,0
20,1,AECI,EPE,1588377600,154.192,154.192,0
20,1,AECI,EPE,1589695200,158.058,158.058,0
20,1,AECI,EPE,1591012800,151.782,151.782,0
20,1,AECI,EPE,1592330400,159.195,159.195,0
20,1,AECI,EPE,1593648000,183.868,183.868,0
20,1,AECI,EPE,1594965600,175.21,175.21,0
20,1,AECI,EPE,1596283200,180.832,180.832,0
20,1,AECI,EPE,1597600800,201.072,201.072,0
20,1,AECI,EPE,1598918400,180.384,180.384,0
20,1,AECI,EPE,1600236000,202.899,202.899,0
20,1,AECI,EPE,1601553600,182.573,182.573,0
20,1,AECI,EPE,1602871200,178.75,178.75,0
20,1,AECI,EPE,1604188800,219.569,219.569,0
20,1,AECI,EPE,1605506400,205.232,205.232,0
20,1,AECI,EPE,1606824000,196.187,196.187,0
20,1,AECI,EPE,1608141600,194.483,194.483,0
20,2,AECI,EPE,1577836800,178.217,175.342,2
20,2,AECI,EPE,1579154400,197.87,192.82,4
20,2,AECI,EPE,1580472000,179.482,186.263,4
20,2,AECI,EPE,1581789600,193.886,202.752,7
20,2,AECI,EPE,1583107200,186.975,186.056,4
20,2,AECI,EPE,1584424800,184.607,179.684,4
20,2,AECI,EPE,1585742400,130.078,130.078,0
20,2,AECI,EPE,1587060000,154.91,151.4,4
20,2,AECI,EPE,1588377600,164.638,161.5,4
20,2,AECI,EPE,1589695200,163.498,161.536,2
20,2,AECI,EPE,1591012800,151.782,151.782,0
20,2,AECI,EPE,1592330400,165.157,162.435,2
20,2,AECI,EPE,1593648000,199.1,191.747,6
20,2,AECI,EPE,1594965600,175.21,175.21,0
20,2,AECI,EPE,1596283200,186.837,184.458,2
20,2,AECI,EPE,1597600800,207.555,205.228,3
20,2,AECI,EPE,1598918400,192.746,187.524,4
20,2,AECI,EPE,1600236000,204.768,210.142,4
20,2,AECI,EPE,1601553600,195.224,189.499,4
20,2,AECI,EPE,1602871200,192.912,186.552,4
20,2,AECI,EPE,1604188800,218.903,228.152,6
20,2,AECI,EPE,1605506400,215.315,214.804,8
20,2,AECI,EPE,1606824000,200.493,204.333,4
20,2,AECI,EPE,1608141600,205.361,201.57,4
20,3,AECI,EPE,1577836800,207.757,175.342,1
20,3,AECI,EPE,1579154400,212.269,188.789,1
20,3,AECI,EPE,1580472000,175.597,182.532,3
20,3,AECI,EPE,1581789600,181.623,194.225,1
20,3,AECI,EPE,1583107200,207.649,181.799,1
20,3,AECI,EPE,1584424800,201.654,176.679,2
20,3,AECI,EPE,1585742400,141.766,133.734,3
20,3,AECI,EPE,1587060000,175.701,149.147,1
20,3,AECI,EPE,1588377600,188.31,157.765,1
20,3,AECI,EPE,1589695200,192.469,161.536,2
20,3,AECI,EPE,1591012800,151.782,151.782,0
20,3,AECI,EPE,1592330400,167.357,162.435,1
20,3,AECI,EPE,1593648000,203.315,187.798,1
20,3,AECI,EPE,1594965600,209.63,181.77,4
20,3,AECI,EPE,1596283200,197.688,184.458,2
20,3,AECI,EPE,1597600800,219.853,205.228,1
20,3,AECI,EPE,1598918400,208.854,183.948,1
20,3,AECI,EPE,1600236000,205.562,206.444,2
20,3,AECI,EPE,1601553600,197.427,185.848,2
20,3,AECI,EPE,1602871200,186.678,182.572,1
20,3,AECI,EPE,1604188800,221.131,223.947,1
20,3,AECI,EPE,1605506400,204.261,208.412,2
20,3,AECI,EPE,1606824000,204.44,200.233,1
20,3,AECI,EPE,1608141600,221.357,198.171,1
20,4,AECI,EPE,1577836800,171.652,171.652,0
20,4,AECI,EPE,1579154400,184.829,184.829,0
20,4,AECI,EPE,1580472000,179.177,182.532,2
20,4,AECI,EPE,1581789600,185.853,194.225,2
20,4,AECI,EPE,1583107200,177.533,177.533,0
20,4,AECI,EPE,1584424800,173.609,173.609,0
20,4,AECI,EPE,1585742400,130.078,130.078,0
20,4,AECI,EPE,1587060000,146.519,146.519,0
20,4,AECI,EPE,1588377600,154.192,154.192,0
20,4,AECI,EPE,1589695200,158.058,158.058,0
20,4,AECI,EPE,1591012800,151.782,151.782,0
20,4,AECI,EPE,1592330400,159.195,159.195,0
20,4,AECI,EPE,1593648000,183.868,183.868,0
20,4,AECI,EPE,1594965600,175.21,175.21,0
20,4,AECI,EPE,1596283200,180.832,180.832,0
20,4,AECI,EPE,1597600800,204.873,205.228,1
20,4,AECI,EPE,1598918400,180.384,180.384,0
20,4,AECI,EPE,1600236000,202.899,202.899,0
20,4,AECI,EPE,1601553600,182.573,182.573,0
20,4,AECI,EPE,1602871200,178.75,178.75,0
20,4,AECI,EPE,1604188800,218.311,223.947,2
20,4,AECI,EPE,1605506400,205.232,205.232,0
20,4,AECI,EPE,1606824000,196.187,196.187,0
20,4,AECI,EPE,1608141600,194.483,194.483,0
20,5,AECI,EPE,1577836800,178.015,175.342,2
20,5,AECI,EPE,1579154400,196.949,192.82,4
20,5,AECI,EPE,1580472000,179.065,186.263,4
20,5,AECI,EPE,1581789600,192.895,202.752,7
20,5,AECI,EPE,1583107200,186.21,186.056,4
20,5,AECI,EPE,1584424800,184.111,179.684,4
20,5,AECI,EPE,1585742400,130.078,130.078,0
20,5,AECI,EPE,1587060000,149.928,149.147,2
20,5,AECI,EPE,1588377600,163.975,161.5,4
20,5,AECI,EPE,1589695200,163.269,161.536,2
20,5,AECI,EPE,1591012800,151.782,151.782,0
20,5,AECI,EPE,1592330400,165.025,162.435,2
20,5,AECI,EPE,1593648000,197.915,191.747,6
20,5,AECI,EPE,1594965600,175.21,175.21,0
20,5,AECI,EPE,1596283200,186.541,184.458,2
20,5,AECI,EPE,1597600800,212.306,209.122,4
20,5,AECI,EPE,1598918400,192.46,187.524,4
20,5,AECI,EPE,1600236000,203.289,210.142,4
20,5,AECI,EPE,1601553600,194.511,189.499,4
20,5,AECI,EPE,1602871200,191.969,186.552,4
20,5,AECI,EPE,1604188800,214.679,228.152,4
20,5,AECI,EPE,1605506400,213.783,214.804,8
20,5,AECI,EPE,1606824000,199.647,204.333,4
20,5,AECI,EPE,1608141600,204.539,201.57,4
20,6,AECI,EPE,1577836800,171.652,171.652,0
20,6,AECI,EPE,1579154400,184.829,184.829,0
20,6,AECI,EPE,1580472000,179.08,179.08,0
20,6,AECI,EPE,1581789600,181.623,194.225,1
20,6,AECI,EPE,1583107200,177.533,177.533,0
20,6,AECI,EPE,1584424800,173.609,173.609,0
20,6,AECI,EPE,1585742400,130.078,130.078,0
20,6,AECI,EPE,1587060000,146.519,146.519,0
20,6,AECI,EPE,1588377600,154.192,154.192,0
20,6,AECI,EPE,1589695200,158.058,158.058,0
20,6,AECI,EPE,1591012800,151.782,151.782,0
20,6,AECI,EPE,1592330400,159.195,159.195,0
20,6,AECI,EPE,1593648000,183.868,183.868,0
20,6,AECI,EPE,1594965600,175.21,175.21,0
20,6,AECI,EPE,1596283200,180.832,180.832,0
20,6,AECI,EPE,1597600800,201.072,201.072,0
20,6,AECI,EPE,1598918400,180.384,180.384,0
20,6,AECI,EPE,1600236000,202.409,206.444,1
20,6,AECI,EPE,1601553600,182.573,182.573,0
20,6,AECI,EPE,1602871200,178.75,178.75,0
20,6,AECI,EPE,1604188800,218.525,223.947,1
20,6,AECI,EPE,1605506400,205.232,205.232,0
20,6,AECI,EPE,1606824000,196.187,196.187,0
20,6,AECI,EPE,1608141600,194.483,194.483,0
20,1,AECI,PACE,1577836800,171.652,171.652,0
20,1,AECI,PACE,1579154400,184.829,184.829,0
20,1,AECI,PACE,1580472000,179.08,179.08,0
20,1,AECI,PACE,1581789600,190.047,190.047,0
20,1,AECI,PACE,1583107200,177.533,177.533,0
20,1,AECI,PACE,1584424800,173.609,173.609,0
20,1,AECI,PACE,1585742400,130.078,130.078,0
20,1,AECI,PACE,1587060000,146.519,146.519,0
20,1,AECI,PACE,1588377600,154.192,154.192,0
20,1,AECI,PACE,1589695200,158.058,158.058,0
20,1,AECI,PACE,1591012800,151.782,151.782,0
20,1,AECI,PACE,1592330400,159.195,159.195,0
20,1,AECI,PACE,1593648000,183.868,183.868,0
20,1,AECI,PACE,1594965600,175.21,175.21,0
20,1,AECI,PACE,1596283200,180.832,180.832,0
20,1,AECI,PACE,1597600800,201.072,201.072,0
20,1,AECI,PACE,1598918400,180.384,180.384,0
20,1,AECI,PACE,1600236000,202.899,202.899,0
20,1,AECI,PACE,1601553600,182.573,182.573,0
20,1,AECI,PACE,1602871200,178.75,178.75,0
20,1,AECI,PACE,1604188800,219.569,219.569,0
20,1,AECI,PACE,1605506400,205.232,205.232,0
20,1,AECI,PACE,1606824000,196.187,196.187,0
20,1,AECI,PACE,1608141600,194.483,194.483,0
20,2,AECI,PACE,1577836800,178.079,175.342,2
20,2,AECI,PACE,1579154400,191.365,188.789,2
20,2,AECI,PACE,1580472000,184.433,186.263,4
20,2,AECI,PACE,1581789600,194.357,198.479,5
20,2,AECI,PACE,1583107200,175.983,181.799,3
20,2,AECI,PACE,1584424800,173.609,173.609,0
20,2,AECI,PACE,1585742400,130.078,130.078,0
20,2,AECI,PACE,1587060000,151.308,149.147,2
20,2,AECI,PACE,1588377600,151.415,157.765,3
20,2,AECI,PACE,1589695200,164.916,161.536,2
20,2,AECI,PACE,1591012800,151.782,151.782,0
20,2,AECI,PACE,1592330400,165.563,165.665,4
20,2,AECI,PACE,1593648000,202.52,195.49,8
20,2,AECI,PACE,1594965600,187.593,181.77,6
20,2,AECI,PACE,1596283200,187.396,184.458,2
20,2,AECI,PACE,1597600800,201.072,201.072,0
20,2,AECI,PACE,1598918400,180.384,180.384,0
20,2,AECI,PACE,1600236000,202.899,202.899,0
20,2,AECI,PACE,1601553600,188.728,185.848,2
20,2,AECI,PACE,1602871200,195.26,190.616,7
20,2,AECI,PACE,1604188800,222.672,223.947,2
20,2,AECI,PACE,1605506400,215.621,211.558,4
20,2,AECI,PACE,1606824000,213.923,204.333,6
20,2,AECI,PACE,1608141600,206.892,201.57,4
20,3,AECI,PACE,1577836800,191.581,175.342,2
20,3,AECI,PACE,1579154400,219.118,192.82,4
20,3,AECI,PACE,1580472000,189.23,182.532,2
20,3,AECI,PACE,1581789600,202.808,194.225,1
20,3,AECI,PACE,1583107200,212.489,181.799,1
20,3,AECI,PACE,1584424800,173.609,173.609,0
20,3,AECI,PACE,1585742400,130.078,130.078,0
20,3,AECI,PACE,1587060000,146.519,146.519,0
20,3,AECI,PACE,1588377600,184.892,157.765,1
20,3,AECI,PACE,1589695200,166.766,161.536,2
20,3,AECI,PACE,1591012800,151.782,151.782,0
20,3,AECI,PACE,1592330400,159.195,159.195,0
20,3,AECI,PACE,1593648000,217.831,187.798,1
20,3,AECI,PACE,1594965600,188.141,181.77,4
20,3,AECI,PACE,1596283200,180.832,180.832,0
20,3,AECI,PACE,1597600800,219.324,205.228,3
20,3,AECI,PACE,1598918400,194.415,183.948,3
20,3,AECI,PACE,1600236000,222.996,206.444,2
20,3,AECI,PACE,1601553600,182.573,182.573,0
20,3,AECI,PACE,1602871200,207.304,186.552,5
20,3,AECI,PACE,1604188800,252.877,223.947,3
20,3,AECI,PACE,1605506400,225.719,208.412,2
20,3,AECI,PACE,1606824000,226.637,204.333,5
20,3,AECI,PACE,1608141600,209.49,198.171,2
20,4,AECI,PACE,1577836800,171.652,171.652,0
20,4,AECI,PACE,1579154400,184.829,184.829,0
20,4,AECI,PACE,1580472000,179.08,179.08,0
20,4,AECI,PACE,1581789600,190.047,190.047,0
20,4,AECI,PACE,1583107200,177.533,177.533,0
20,4,AECI,PACE,1584424800,173.609,173.609,0
20,4,AECI,PACE,1585742400,130.078,130.078,0
20,4,AECI,PACE,1587060000,146.519,146.519,0
20,4,AECI,PACE,1588377600,154.192,154.192,0
20,4,AECI,PACE,1589695200,158.058,158.058,0
20,4,AECI,PACE,1591012800,151.782,151.782,0
20,4,AECI,PACE,1592330400,159.195,159.195,0
20,4,AECI,PACE,1593648000,183.868,183.868,0
20,4,AECI,PACE,1594965600,175.21,175.21,0
20,4,AECI,PACE,1596283200,180.832,180.832,0
20,4,AECI,PACE,1597600800,201.072,201.072,0
20,4,AECI,PACE,1598918400,180.384,180.384,0
20,4,AECI,PACE,1600236000,202.899,202.899,0
20,4,AECI,PACE,1601553600,182.573,182.573,0
20,4,AECI,PACE,1602871200,178.75,178.75,0
20,4,AECI,PACE,1604188800,219.569,219.569,0
20,4,AECI,PACE,1605506400,205.232,205.232,0
20,4,AECI,PACE,1606824000,196.187,196.187,0
20,4,AECI,PACE,1608141600,194.483,194.483,0
20,5,AECI,PACE,1577836800,178.024,175.342,2
20,5,AECI,PACE,1579154400,191.325,188.789,2
20,5,AECI,PACE,1580472000,182.587,186.263,4
20,5,AECI,PACE,1581789600,193.351,198.479,5
20,5,AECI,PACE,1583107200,180.831,186.056,4
20,5,AECI,PACE,1584424800,173.609,173.609,0
20,5,AECI,PACE,1585742400,130.078,130.078,0
20,5,AECI,PACE,1587060000,151.218,149.147,2
20,5,AECI,PACE,1588377600,150.247,157.765,3
20,5,AECI,PACE,1589695200,163.833,161.536,2
20,5,AECI,PACE,1591012800,151.782,151.782,0
20,5,AECI,PACE,1592330400,164.775,165.665,4
20,5,AECI,PACE,1593648000,200.235,195.49,8
20,5,AECI,PACE,1594965600,185.023,181.77,6
20,5,AECI,PACE,1596283200,187.242,184.458,2
20,5,AECI,PACE,1597600800,201.072,201.072,0
20,5,AECI,PACE,1598918400,180.384,180.384,0
20,5,AECI,PACE,1600236000,202.899,202.899,0
20,5,AECI,PACE,1601553600,188.667,185.848,2
20,5,AECI,PACE,1602871200,193.556,190.616,7
20,5,AECI,PACE,1604188800,222.234,223.947,2
20,5,AECI,PACE,1605506400,214.676,211.558,4
20,5,AECI,PACE,1606824000,212.766,204.333,6
20,5,AECI,PACE,1608141600,206.304,201.57,4
20,6,AECI,PACE,1577836800,171.652,171.652,0
20,6,AECI,PACE,1579154400,184.829,184.829,0
20,6,AECI,PACE,1580472000,179.08,179.08,0
20,6,AECI,PACE,1581789600,190.047,190.047,0
20,6,AECI,PACE,1583107200,177.034,181.799,1
20,6,AECI,PACE,1584424800,173.609,173.609,0
20,6,AECI,PACE,1585742400,130.078,130.078,0
20,6,AECI,PACE,1587060000,146.519,146.519,0
20,6,AECI,PACE,1588377600,153.353,157.765,1
20,6,AECI,PACE,1589695200,158.058,158.058,0
20,6,AECI,PACE,1591012800,151.782,151.782,0
20,6,AECI,PACE,1592330400,159.195,159.195,0
20,6,AECI,PACE,1593648000,183.868,183.868,0
20,6,AECI,PACE,1594965600,175.21,175.21,0
20,6,AECI,PACE,1596283200,180.832,180.832,0
20,6,AECI,PACE,1597600800,201.072,201.072,0
20,6,AECI,PACE,1598918400,180.384,180.384,0
20,6,AECI,PACE,1600236000,202.899,202.899,0
20,6,AECI,PACE,1601553600,182.573,182.573,0
20,6,AECI,PACE,1602871200,178.75,178.75,0
20,6,AECI,PACE,1604188800,219.569,219.569,0
20,6,AECI,PACE,1605506400,205.232,205.232,0
20,6,AECI,PACE,1606824000,196.187,196.187,0
20,6,AECI,PACE,1608141600,194.483,194.483,0
20,1,AECI,TEPC,1577836800,171.652,171.652,0
20,1,AECI,TEPC,1579154400,184.829,184.829,0
20,1,AECI,TEPC,1580472000,179.08,179.08,0
20,1,AECI,TEPC,1581789600,190.047,190.047,0
20,1,AECI,TEPC,1583107200,177.533,177.533,0
20,1,AECI,TEPC,1584424800,173.609,173.609,0
20,1,AECI,TEPC,1585742400,130.078,130.078,0
20,1,AECI,TEPC,1587060000,146.519,146.519,0
20,1,AECI,TEPC,1588377600,154.192,154.192,0
20,1,AECI,TEPC,1589695200,158.058,158.058,0
20,1,AECI,TEPC,1591012800,151.782,151.782,0
20,1,AECI,TEPC,1592330400,159.195,159.195,0
20,1,AECI,TEPC,1593648000,183.868,183.868,0
20,1,AECI,TEPC,1594965600,175.21,175.21,0
20,1,AECI,TEPC,1596283200,180.832,180.832,0
20,1,AECI,TEPC,1597600800,201.072,201.072,0
20,1,AECI,TEPC,1598918400,180.384,180.384,0
20,1,AECI,TEPC,1600236000,202.899,202.899,0
20,1,AECI,TEPC,1601553600,182.573,182.573,0
20,1,AECI,TEPC,1602871200,178.75,178.75,0
20,1,AECI,TEPC,1604188800,219.569,219.569,0
20,1,AECI,TEPC,1605506400,205.232,205.232,0
20,1,AECI,TEPC,1606824000,196.187,196.187,0
20,1,AECI,TEPC,1608141600,194.483,194.483,0
20,2,AECI,TEPC,1577836800,171.652,171.652,0
20,2,AECI,TEPC,1579154400,184.829,184.829,0
20,2,AECI,TEPC,1580472000,183.066,186.263,4
20,2,AECI,TEPC,1581789600,201.892,198.479,5
20,2,AECI,TEPC,1583107200,182.391,186.056,4
20,2,AECI,TEPC,1584424800,177.223,176.679,2
20,2,AECI,TEPC,1585742400,139.046,137.315,4
20,2,AECI,TEPC,1587060000,154.858,151.4,6
20,2,AECI,TEPC,1588377600,161.77,161.5,4
20,2,AECI,TEPC,1589695200,158.058,158.058,0
20,2,AECI,TEPC,1591012800,151.782,151.782,0
20,2,AECI,TEPC,1592330400,173.273,165.665,6
20,2,AECI,TEPC,1593648000,190.777,187.798,2
20,2,AECI,TEPC,1594965600,181.267,178.469,2
20,2,AECI,TEPC,1596283200,180.832,180.832,0
20,2,AECI,TEPC,1597600800,201.072,201.072,0
20,2,AECI,TEPC,1598918400,180.384,180.384,0
20,2,AECI,TEPC,1600236000,210.023,206.444,2
20,2,AECI,TEPC,1601553600,182.573,182.573,0
20,2,AECI,TEPC,1602871200,178.75,178.75,0
20,2,AECI,TEPC,1604188800,237.478,228.152,6
20,2,AECI,TEPC,1605506400,214.651,211.558,4
20,2,AECI,TEPC,1606824000,198.815,204.333,4
20,2,AECI,TEPC,1608141600,194.483,194.483,0
20,3,AECI,TEPC,1577836800,171.652,171.652,0
20,3,AECI,TEPC,1579154400,184.829,184.829,0
20,3,AECI,TEPC,1580472000,179.08,179.08,0
20,3,AECI,TEPC,1581789600,230.759,202.752,7
20,3,AECI,TEPC,1583107200,218.791,181.799,1
20,3,AECI,TEPC,1584424800,185.514,176.679,2
20,3,AECI,TEPC,1585742400,138.104,133.734,3
20,3,AECI,TEPC,1587060000,177.174,149.147,3
20,3,AECI,TEPC,1588377600,183.844,157.765,1
20,3,AECI,TEPC,1589695200,164.416,161.536,2
20,3,AECI,TEPC,1591012800,151.782,151.782,0
20,3,AECI,TEPC,1592330400,188.17,162.435,3
20,3,AECI,TEPC,1593648000,221.306,187.798,1
20,3,AECI,TEPC,1594965600,206.799,181.77,4
20,3,AECI,TEPC,1596283200,190.235,184.458,2
20,3,AECI,TEPC,1597600800,237.538,205.228,1
20,3,AECI,TEPC,1598918400,195.229,187.524,5
20,3,AECI,TEPC,1600236000,246.535,206.444,2
20,3,AECI,TEPC,1601553600,182.573,182.573,0
20,3,AECI,TEPC,1602871200,186.469,182.572,2
20,3,AECI,TEPC,1604188800,260.706,223.947,3
20,3,AECI,TEPC,1605506400,221.254,208.412,2
20,3,AECI,TEPC,1606824000,198.523,200.233,1
20,3,AECI,TEPC,1608141600,194.483,194.483,0
20,4,AECI,TEPC,1577836800,171.652,171.652,0
20,4,AECI,TEPC,1579154400,184.829,184.829,0
20,4,AECI,TEPC,1580472000,179.08,179.08,0
20,4,AECI,TEPC,1581789600,190.047,190.047,0
20,4,AECI,TEPC,1583107200,177.533,177.533,0
20,4,AECI,TEPC,1584424800,173.609,173.609,0
20,4,AECI,TEPC,1585742400,130.078,130.078,0
20,4,AECI,TEPC,1587060000,146.519,146.519,0
20,4,AECI,TEPC,1588377600,154.192,154.192,0
20,4,AECI,TEPC,1589695200,158.058,158.058,0
20,4,AECI,TEPC,1591012800,151.782,151.782,0
20,4,AECI,TEPC,1592330400,159.195,159.195,0
20,4,AECI,TEPC,1593648000,183.868,183.868,0
20,4,AECI,TEPC,1594965600,175.21,175.21,0
20,4,AECI,TEPC,1596283200,180.832,180.832,0
20,4,AECI,TEPC,1597600800,201.072,201.072,0
20,4,AECI,TEPC,1598918400,180.384,180.384,0
20,4,AECI,TEPC,1600236000,202.899,202.899,0
20,4,AECI,TEPC,1601553600,182.573,182.573,0
20,4,AECI,TEPC,1602871200,178.75,178.75,0
20,4,AECI,TEPC,1604188800,219.569,219.569,0
20,4,AECI,TEPC,1605506400,205.232,205.232,0
20,4,AECI,TEPC,1606824000,196.187,196.187,0
20,4,AECI,TEPC,1608141600,194.483,194.483,0
20,5,AECI,TEPC,1577836800,171.652,171.652,0
20,5,AECI,TEPC,1579154400,184.829,184.829,0
20,5,AECI,TEPC,1580472000,182.364,186.263,4
20,5,AECI,TEPC,1581789600,200.978,198.479,5
20,5,AECI,TEPC,1583107200,180.804,186.056,4
20,5,AECI,TEPC,1584424800,176.779,176.679,2
20,5,AECI,TEPC,1585742400,139.491,137.315,5
20,5,AECI,TEPC,1587060000,153.779,151.4,6
20,5,AECI,TEPC,1588377600,160.611,161.5,4
20,5,AECI,TEPC,1589695200,158.058,158.058,0
20,5,AECI,TEPC,1591012800,151.782,151.782,0
20,5,AECI,TEPC,1592330400,170.035,165.665,4
20,5,AECI,TEPC,1593648000,190.463,187.798,2
20,5,AECI,TEPC,1594965600,181.095,178.469,2
20,5,AECI,TEPC,1596283200,180.832,180.832,0
20,5,AECI,TEPC,1597600800,201.072,201.072,0
20,5,AECI,TEPC,1598918400,180.384,180.384,0
20,5,AECI,TEPC,1600236000,209.393,206.444,2
20,5,AECI,TEPC,1601553600,182.573,182.573,0
20,5,AECI,TEPC,1602871200,178.75,178.75,0
20,5,AECI,TEPC,1604188800,236.76,228.152,6
20,5,AECI,TEPC,1605506400,213.517,211.558,4
20,5,AECI,TEPC,1606824000,199.324,204.333,5
20,5,AECI,TEPC,1608141600,194.483,194.483,0
20,6,AECI,TEPC,1577836800,171.652,171.652,0
20,6,AECI,TEPC,1579154400,184.829,184.829,0
20,6,AECI,TEPC,1580472000,179.08,179.08,0
20,6,AECI,TEPC,1581789600,190.047,190.047,0
20,6,AECI,TEPC,1583107200,177.533,177.533,0
20,6,AECI,TEPC,1584424800,173.609,173.609,0
20,6,AECI,TEPC,1585742400,130.078,130.078,0
20,6,AECI,TEPC,1587060000,146.519,146.519,0
20,6,AECI,TEPC,1588377600,154.192,154.192,0
20,6,AECI,TEPC,1589695200,158.058,158.058,0
20,6,AECI,TEPC,1591012800,151.782,151.782,0
20,6,AECI,TEPC,1592330400,159.195,159.195,0
20,6,AECI,TEPC,1593648000,183.868,183.868,0
20,6,AECI,TEPC,1594965600,175.21,175.21,0
20,6,AECI,TEPC,1596283200,180.832,180.832,0
20,6,AECI,TEPC,1597600800,201.072,201.072,0
20,6,AECI,TEPC,1598918400,180.384,180.384,0
20,6,AECI,TEPC,1600236000,202.899,202.899,0
20,6,AECI,TEPC,1601553600,182.573,182.573,0
20,6,AECI,TEPC,1602871200,178.75,178.75,0
20,6,AECI,TEPC,1604188800,219.569,219.569,0
20,6,AECI,TEPC,1605506400,205.232,205.232,0
20,6,AECI,TEPC,1606824000,196.187,196.187,0
20,6,AECI,TEPC,1608141600,194.483,194.483,0
20,1,BANC,CISO,1577836800,76.253,76.253,0
20,1,BANC,CISO,1579154400,81.548,81.548,0
20,1,BANC,CISO,1580472000,55.83,55.83,0
20,1,BANC,CISO,1581789600,52.267,52.267,0
20,1,BANC,CISO,1583107200,52.43,52.43,0
20,1,BANC,CISO,1584424800,83.316,83.316,0
20,1,BANC,CISO,1585742400,44.33,44.33,0
20,1,BANC,CISO,1587060000,33.313,33.313,0
20,1,BANC,CISO,1588377600,42.749,42.749,0
20,1,BANC,CISO,1589695200,42.187,42.187,0
20,1,BANC,CISO,1591012800,42.378,42.378,0
20,1,BANC,CISO,1592330400,40.383,40.383,0
20,1,BANC,CISO,1593648000,37.688,37.688,0
20,1,BANC,CISO,1594965600,55.204,55.204,0
20,1,BANC,CISO,1596283200,56.684,56.684,0
20,1,BANC,CISO,1597600800,78.197,78.197,0
20,1,BANC,CISO,1598918400,75.022,75.022,0
20,1,BANC,CISO,1600236000,80.174,80.174,0
20,1,BANC,CISO,1601553600,81.036,81.036,0
20,1,BANC,CISO,1602871200,74.249,74.249,0
20,1,BANC,CISO,1604188800,87.09,87.09,0
20,1,BANC,CISO,1605506400,93.475,93.475,0
20,1,BANC,CISO,1606824000,108.643,108.643,0
20,1,BANC,CISO,1608141600,91.972,91.972,0
20,2,BANC,CISO,1577836800,78.232,77.755,2
20,2,BANC,CISO,1579154400,81.548,81.548,0
20,2,BANC,CISO,1580472000,55.83,55.83,0
20,2,BANC,CISO,1581789600,56.133,55.191,5
20,2,BANC,CISO,1583107200,54.267,53.467,2
20,2,BANC,CISO,1584424800,83.316,83.316,0
20,2,BANC,CISO,1585742400,45.851,45.136,2
20,2,BANC,CISO,1587060000,33.313,33.313,0
20,2,BANC,CISO,1588377600,42.777,44.17,6
20,2,BANC,CISO,1589695200,41.392,44.133,4
20,2,BANC,CISO,1591012800,42.378,42.378,0
20,2,BANC,CISO,1592330400,42.083,41.842,4
20,2,BANC,CISO,1593648000,38.922,38.452,2
20,2,BANC,CISO,1594965600,59.285,57.597,4
20,2,BANC,CISO,1596283200,60.341,58.939,4
20,2,BANC,CISO,1597600800,78.197,78.197,0
20,2,BANC,CISO,1598918400,79.67,77.342,4
20,2,BANC,CISO,1600236000,80.174,80.174,0
20,2,BANC,CISO,1601553600,81.036,81.036,0
20,2,BANC,CISO,1602871200,74.249,74.249,0
20,2,BANC,CISO,1604188800,89.14,88.215,2
20,2,BANC,CISO,1605506400,98.934,97.995,4
20,2,BANC,CISO,1606824000,115.052,113.865,4
20,2,BANC,CISO,1608141600,98.731,95.082,6
20,3,BANC,CISO,1577836800,79.427,77.755,2
20,3,BANC,CISO,1579154400,81.548,81.548,0
20,3,BANC,CISO,1580472000,55.83,55.83,0
20,3,BANC,CISO,1581789600,54.006,53.687,1
20,3,BANC,CISO,1583107200,55.662,53.467,2
20,3,BANC,CISO,1584424800,83.316,83.316,0
20,3,BANC,CISO,1585742400,44.33,44.33,0
20,3,BANC,CISO,1587060000,34.332,33.965,1
20,3,BANC,CISO,1588377600,57.326,43.544,3
20,3,BANC,CISO,1589695200,45.552,43.181,2
20,3,BANC,CISO,1591012800,42.378,42.378,0
20,3,BANC,CISO,1592330400,42.405,41.117,2
20,3,BANC,CISO,1593648000,40.197,38.452,2
20,3,BANC,CISO,1594965600,55.204,55.204,0
20,3,BANC,CISO,1596283200,56.684,56.684,0
20,3,BANC,CISO,1597600800,78.197,78.197,0
20,3,BANC,CISO,1598918400,84.291,77.342,4
20,3,BANC,CISO,1600236000,80.174,80.174,0
20,3,BANC,CISO,1601553600,81.036,81.036,0
20,3,BANC,CISO,1602871200,76.673,75.808,1
20,3,BANC,CISO,1604188800,87.09,87.09,0
20,3,BANC,CISO,1605506400,122.244,95.731,3
20,3,BANC,CISO,1606824000,124.828,111.264,1
20,3,BANC,CISO,1608141600,95.655,93.461,3
20,4,BANC,CISO,1577836800,76.253,76.253,0
20,4,BANC,CISO,1579154400,81.548,81.548,0
20,4,BANC,CISO,1580472000,55.83,55.83,0
20,4,BANC,CISO,1581789600,52.267,52.267,0
20,4,BANC,CISO,1583107200,52.43,52.43,0
20,4,BANC,CISO,1584424800,83.316,83.316,0
20,4,BANC,CISO,1585742400,44.33,44.33,0
20,4,BANC,CISO,1587060000,33.313,33.313,0
20,4,BANC,CISO,1588377600,42.749,42.749,0
20,4,BANC,CISO,1589695200,42.187,42.187,0
20,4,BANC,CISO,1591012800,42.378,42.378,0
20,4,BANC,CISO,1592330400,40.383,40.383,0
20,4,BANC,CISO,1593648000,37.688,37.688,0
20,4,BANC,CISO,1594965600,55.204,55.204,0
20,4,BANC,CISO,1596283200,56.684,56.684,0
20,4,BANC,CISO,1597600800,78.197,78.197,0
20,4,BANC,CISO,1598918400,75.022,75.022,0
20,4,BANC,CISO,1600236000,80.174,80.174,0
20,4,BANC,CISO,1601553600,81.036,81.036,0
20,4,BANC,CISO,1602871200,74.249,74.249,0
20,4,BANC,CISO,1604188800,87.09,87.09,0
20,4,BANC,CISO,1605506400,93.475,93.475,0
20,4,BANC,CISO,1606824000,108.643,108.643,0
20,4,BANC,CISO,1608141600,91.972,91.972,0
20,5,BANC,CISO,1577836800,77.849,77.755,2
20,5,BANC,CISO,1579154400,81.548,81.548,0
20,5,BANC,CISO,1580472000,55.83,55.83,0
20,5,BANC,CISO,1581789600,55.367,55.191,5
20,5,BANC,CISO,1583107200,54.106,53.467,2
20,5,BANC,CISO,1584424800,83.316,83.316,0
20,5,BANC,CISO,1585742400,45.565,45.136,2
20,5,BANC,CISO,1587060000,33.313,33.313,0
20,5,BANC,CISO,1588377600,40.394,44.17,4
20,5,BANC,CISO,1589695200,40.443,44.133,4
20,5,BANC,CISO,1591012800,42.378,42.378,0
20,5,BANC,CISO,1592330400,41.649,41.842,4
20,5,BANC,CISO,1593648000,38.806,38.452,2
20,5,BANC,CISO,1594965600,59.012,57.597,4
20,5,BANC,CISO,1596283200,59.775,58.939,4
20,5,BANC,CISO,1597600800,78.197,78.197,0
20,5,BANC,CISO,1598918400,79.348,77.342,4
20,5,BANC,CISO,1600236000,80.174,80.174,0
20,5,BANC,CISO,1601553600,81.036,81.036,0
20,5,BANC,CISO,1602871200,74.249,74.249,0
20,5,BANC,CISO,1604188800,88.936,88.215,2
20,5,BANC,CISO,1605506400,97.558,97.995,4
20,5,BANC,CISO,1606824000,114.454,113.865,4
20,5,BANC,CISO,1608141600,97.063,95.082,6
20,6,BANC,CISO,1577836800,76.253,76.253,0
20,6,BANC,CISO,1579154400,81.548,81.548,0
20,6,BANC,CISO,1580472000,55.83,55.83,0
20,6,BANC,CISO,1581789600,52.267,52.267,0
20,6,BANC,CISO,1583107200,52.43,52.43,0
20,6,BANC,CISO,1584424800,83.316,83.316,0
20,6,BANC,CISO,1585742400,44.33,44.33,0
20,6,BANC,CISO,1587060000,33.313,33.313,0
20,6,BANC,CISO,1588377600,42.715,43.544,1
20,6,BANC,CISO,1589695200,42.187,42.187,0
20,6,BANC,CISO,1591012800,42.378,42.378,0
20,6,BANC,CISO,1592330400,40.383,40.383,0
20,6,BANC,CISO,1593648000,37.688,37.688,0
20,6,BANC,CISO,1594965600,55.204,55.204,0
20,6,BANC,CISO,1596283200,56.684,56.684,0
20,6,BANC,CISO,1597600800,78.197,78.197,0
20,6,BANC,CISO,1598918400,75.022,75.022,0
20,6,BANC,CISO,1600236000,80.174,80.174,0
20,6,BANC,CISO,1601553600,81.036,81.036,0
20,6,BANC,CISO,1602871200,74.249,74.249,0
20,6,BANC,CISO,1604188800,87.09,87.09,0
20,6,BANC,CISO,1605506400,93.475,93.475,0
20,6,BANC,CISO,1606824000,108.643,108.643,0
20,6,BANC,CISO,1608141600,91.972,91.972,0
20,1,CISO,BANC,1577836800,130.428,130.428,0
20,1,CISO,BANC,1579154400,140.472,140.472,0
20,1,CISO,BANC,1580472000,117.952,117.952,0
20,1,CISO,BANC,1581789600,103.569,103.569,0
20,1,CISO,BANC,1583107200,104.144,104.144,0
20,1,CISO,BANC,1584424800,135.48,135.48,0
20,1,CISO,BANC,1585742400,79.732,79.732,0
20,1,CISO,BANC,1587060000,80.679,80.679,0
20,1,CISO,BANC,1588377600,56.36,56.36,0
20,1,CISO,BANC,1589695200,62.849,62.849,0
20,1,CISO,BANC,1591012800,94.687,94.687,0
20,1,CISO,BANC,1592330400,66.377,66.377,0
20,1,CISO,BANC,1593648000,73.665,73.665,0
20,1,CISO,BANC,1594965600,90.516,90.516,0
20,1,CISO,BANC,1596283200,92.419,92.419,0
20,1,CISO,BANC,1597600800,127.384,127.384,0
20,1,CISO,BANC,1598918400,110.116,110.116,0
20,1,CISO,BANC,1600236000,126.99,126.99,0
20,1,CISO,BANC,1601553600,129.978,129.978,0
20,1,CISO,BANC,1602871200,142.021,142.021,0
20,1,CISO,BANC,1604188800,143.8,143.8,0
20,1,CISO,BANC,1605506400,123.623,123.623,0
20,1,CISO,BANC,1606824000,121.375,121.375,0
20,1,CISO,BANC,1608141600,120.762,120.762,0
20,2,CISO,BANC,1577836800,81.038,133.596,3
20,2,CISO,BANC,1579154400,86.287,143.954,1
20,2,CISO,BANC,1580472000,59.867,120.693,1
20,2,CISO,BANC,1581789600,56.749,106.124,6
20,2,CISO,BANC,1583107200,55.404,106.009,3
20,2,CISO,BANC,1584424800,88.084,138.572,1
20,2,CISO,BANC,1585742400,47.928,81.722,3
20,2,CISO,BANC,1587060000,34.294,81.482,1
20,2,CISO,BANC,1588377600,42.356,58.067,5
20,2,CISO,BANC,1589695200,43.006,65.806,5
20,2,CISO,BANC,1591012800,45.142,97.07,1
20,2,CISO,BANC,1592330400,40.781,67.397,3
20,2,CISO,BANC,1593648000,39.943,75.098,3
20,2,CISO,BANC,1594965600,61.153,95.128,5
20,2,CISO,BANC,1596283200,62.101,96.285,5
20,2,CISO,BANC,1597600800,81.002,129.72,1
20,2,CISO,BANC,1598918400,81.253,114.727,5
20,2,CISO,BANC,1600236000,84.215,129.943,1
20,2,CISO,BANC,1601553600,84.985,132.794,1
20,2,CISO,BANC,1602871200,77.068,143.701,1
20,2,CISO,BANC,1604188800,91.495,146.605,3
20,2,CISO,BANC,1605506400,101.616,129.055,5
20,2,CISO,BANC,1606824000,116.202,127.209,5
20,2,CISO,BANC,1608141600,101.678,125.937,7
20,3,CISO,BANC,1577836800,80.561,133.596,1
20,3,CISO,BANC,1579154400,86.287,143.954,1
20,3,CISO,BANC,1580472000,59.867,120.693,1
20,3,CISO,BANC,1581789600,54.622,104.847,2
20,3,CISO,BANC,1583107200,56.213,106.009,3
20,3,CISO,BANC,1584424800,88.084,138.572,1
20,3,CISO,BANC,1585742400,47.213,81.722,1
20,3,CISO,BANC,1587060000,34.661,81.482,2
20,3,CISO,BANC,1588377600,56.365,57.048,2
20,3,CISO,BANC,1589695200,46.084,64.365,3
20,3,CISO,BANC,1591012800,45.142,97.07,1
20,3,CISO,BANC,1592330400,42.371,67.397,3
20,3,CISO,BANC,1593648000,40.361,75.098,3
20,3,CISO,BANC,1594965600,58.154,92.803,1
20,3,CISO,BANC,1596283200,59.615,94.38,1
20,3,CISO,BANC,1597600800,81.002,129.72,1
20,3,CISO,BANC,1598918400,82.338,112.244,3
20,3,CISO,BANC,1600236000,84.215,129.943,1
20,3,CISO,BANC,1601553600,84.985,132.794,1
20,3,CISO,BANC,1602871200,78.385,143.701,2
20,3,CISO,BANC,1604188800,90.569,146.605,1
20,3,CISO,BANC,1605506400,122.997,126.344,2
20,3,CISO,BANC,1606824000,121.375,121.375,0
20,3,CISO,BANC,1608141600,95.735,122.495,2
20,4,CISO,BANC,1577836800,80.561,133.596,1
20,4,CISO,BANC,1579154400,86.287,143.954,1
20,4,CISO,BANC,1580472000,59.867,120.693,1
20,4,CISO,BANC,1581789600,54.303,104.847,1
20,4,CISO,BANC,1583107200,54.605,106.009,1
20,4,CISO,BANC,1584424800,88.084,138.572,1
20,4,CISO,BANC,1585742400,47.213,81.722,1
20,4,CISO,BANC,1587060000,34.294,81.482,1
20,4,CISO,BANC,1588377600,43.778,57.048,1
20,4,CISO,BANC,1589695200,44.794,64.365,1
20,4,CISO,BANC,1591012800,45.142,97.07,1
20,4,CISO,BANC,1592330400,41.084,67.397,1
20,4,CISO,BANC,1593648000,39.472,75.098,1
20,4,CISO,BANC,1594965600,58.154,92.803,1
20,4,CISO,BANC,1596283200,59.615,94.38,1
20,4,CISO,BANC,1597600800,81.002,129.72,1
20,4,CISO,BANC,1598918400,77.76,112.244,1
20,4,CISO,BANC,1600236000,84.215,129.943,1
20,4,CISO,BANC,1601553600,84.985,132.794,1
20,4,CISO,BANC,1602871200,77.068,143.701,1
20,4,CISO,BANC,1604188800,90.569,146.605,1
20,4,CISO,BANC,1605506400,98.413,126.344,1
20,4,CISO,BANC,1606824000,112.414,124.252,1
20,4,CISO,BANC,1608141600,94.747,122.495,1
20,5,CISO,BANC,1577836800,80.655,133.596,3
20,5,CISO,BANC,1579154400,86.287,143.954,1
20,5,CISO,BANC,1580472000,59.867,120.693,1
20,5,CISO,BANC,1581789600,55.983,106.124,6
20,5,CISO,BANC,1583107200,55.243,106.009,3
20,5,CISO,BANC,1584424800,88.084,138.572,1
20,5,CISO,BANC,1585742400,47.642,81.722,3
20,5,CISO,BANC,1587060000,34.294,81.482,1
20,5,CISO,BANC,1588377600,40.628,58.067,5
20,5,CISO,BANC,1589695200,42.056,65.806,5
20,5,CISO,BANC,1591012800,45.142,97.07,1
20,5,CISO,BANC,1592330400,40.347,67.397,3
20,5,CISO,BANC,1593648000,39.827,75.098,3
20,5,CISO,BANC,1594965600,60.88,95.128,5
20,5,CISO,BANC,1596283200,61.536,96.285,5
20,5,CISO,BANC,1597600800,81.002,129.72,1
20,5,CISO,BANC,1598918400,80.93,114.727,5
20,5,CISO,BANC,1600236000,84.215,129.943,1
20,5,CISO,BANC,1601553600,84.985,132.794,1
20,5,CISO,BANC,1602871200,77.068,143.701,1
20,5,CISO,BANC,1604188800,91.29,146.605,3
20,5,CISO,BANC,1605506400,100.24,129.055,5
20,5,CISO,BANC,1606824000,115.604,127.209,5
20,5,CISO,BANC,1608141600,97.143,124.225,5
20,6,CISO,BANC,1577836800,80.561,133.596,1
20,6,CISO,BANC,1579154400,86.287,143.954,1
20,6,CISO,BANC,1580472000,59.867,120.693,1
20,6,CISO,BANC,1581789600,54.303,104.847,1
20,6,CISO,BANC,1583107200,54.605,106.009,1
20,6,CISO,BANC,1584424800,88.084,138.572,1
20,6,CISO,BANC,1585742400,47.213,81.722,1
20,6,CISO,BANC,1587060000,34.294,81.482,1
20,6,CISO,BANC,1588377600,42.949,57.048,2
20,6,CISO,BANC,1589695200,44.794,64.365,1
20,6,CISO,BANC,1591012800,45.142,97.07,1
20,6,CISO,BANC,1592330400,41.084,67.397,1
20,6,CISO,BANC,1593648000,39.472,75.098,1
20,6,CISO,BANC,1594965600,58.154,92.803,1
20,6,CISO,BANC,1596283200,59.615,94.38,1
20,6,CISO,BANC,1597600800,81.002,129.72,1
20,6,CISO,BANC,1598918400,77.76,112.244,1
20,6,CISO,BANC,1600236000,84.215,129.943,1
20,6,CISO,BANC,1601553600,84.985,132.794,1
20,6,CISO,BANC,1602871200,77.068,143.701,1
20,6,CISO,BANC,1604188800,90.569,146.605,1
20,6,CISO,BANC,1605506400,98.413,126.344,1
20,6,CISO,BANC,1606824000,112.414,124.252,1
20,6,CISO,BANC,1608141600,94.747,122.495,1
20,1,EPE,AECI,1577836800,202.093,202.093,0
20,1,EPE,AECI,1579154400,207.289,207.289,0
20,1,EPE,AECI,1580472000,181.504,181.504,0
20,1,EPE,AECI,1581789600,175.974,175.974,0
20,1,EPE,AECI,1583107200,202.541,202.541,0
20,1,EPE,AECI,1584424800,204.307,204.307,0
20,1,EPE,AECI,1585742400,164.605,164.605,0
20,1,EPE,AECI,1587060000,171.684,171.684,0
20,1,EPE,AECI,1588377600,183.602,183.602,0
20,1,EPE,AECI,1589695200,189.282,189.282,0
20,1,EPE,AECI,1591012800,195.852,195.852,0
20,1,EPE,AECI,1592330400,195.157,195.157,0
20,1,EPE,AECI,1593648000,198.016,198.016,0
20,1,EPE,AECI,1594965600,209.436,209.436,0
20,1,EPE,AECI,1596283200,204.715,204.715,0
20,1,EPE,AECI,1597600800,214.763,214.763,0
20,1,EPE,AECI,1598918400,203.471,203.471,0
20,1,EPE,AECI,1600236000,199.728,199.728,0
20,1,EPE,AECI,1601553600,220.07,220.07,0
20,1,EPE,AECI,1602871200,223.978,223.978,0
20,1,EPE,AECI,1604188800,214.945,214.945,0
20,1,EPE,AECI,1605506400,203.959,203.959,0
20,1,EPE,AECI,1606824000,198.83,198.83,0
20,1,EPE,AECI,1608141600,215.454,215.454,0
20,2,EPE,AECI,1577836800,179.804,206.553,3
20,2,EPE,AECI,1579154400,199.92,216.32,5
20,2,EPE,AECI,1580472000,181.249,189.855,5
20,2,EPE,AECI,1581789600,188.349,182.521,6
20,2,EPE,AECI,1583107200,188.922,211.425,5
20,2,EPE,AECI,1584424800,187.329,212.501,5
20,2,EPE,AECI,1585742400,135.278,168.307,1
20,2,EPE,AECI,1587060000,151.684,174.728,3
20,2,EPE,AECI,1588377600,165.893,191.138,5
20,2,EPE,AECI,1589695200,166.215,193.609,3
20,2,EPE,AECI,1591012800,158.174,200.346,1
20,2,EPE,AECI,1592330400,163.598,199.038,1
20,2,EPE,AECI,1593648000,204.339,210.543,7
20,2,EPE,AECI,1594965600,181.239,214.068,1
20,2,EPE,AECI,1596283200,189.22,209.351,3
20,2,EPE,AECI,1597600800,214.342,222.614,5
20,2,EPE,AECI,1598918400,194.298,212.166,5
20,2,EPE,AECI,1600236000,206.778,208.783,5
20,2,EPE,AECI,1601553600,198.45,230.255,5
20,2,EPE,AECI,1602871200,194.728,232.656,5
20,2,EPE,AECI,1604188800,217.106,223.743,5
20,2,EPE,AECI,1605506400,216.884,216.982,9
20,2,EPE,AECI,1606824000,202.278,208.024,5
20,2,EPE,AECI,1608141600,200.258,219.654,3
20,3,EPE,AECI,1577836800,202.093,202.093,0
20,3,EPE,AECI,1579154400,207.289,207.289,0
20,3,EPE,AECI,1580472000,174.719,185.696,2
20,3,EPE,AECI,1581789600,175.974,175.974,0
20,3,EPE,AECI,1583107200,202.541,202.541,0
20,3,EPE,AECI,1584424800,201.99,208.54,1
20,3,EPE,AECI,1585742400,148.0,171.887,4
20,3,EPE,AECI,1587060000,171.684,171.684,0
20,3,EPE,AECI,1588377600,183.602,183.602,0
20,3,EPE,AECI,1589695200,192.541,193.609,1
20,3,EPE,AECI,1591012800,158.174,200.346,1
20,3,EPE,AECI,1592330400,168.395,199.038,2
20,3,EPE,AECI,1593648000,198.016,198.016,0
20,3,EPE,AECI,1594965600,207.209,214.068,3
20,3,EPE,AECI,1596283200,197.274,209.351,1
20,3,EPE,AECI,1597600800,214.763,214.763,0
20,3,EPE,AECI,1598918400,209.435,207.754,2
20,3,EPE,AECI,1600236000,199.728,199.728,0
20,3,EPE,AECI,1601553600,200.143,225.219,1
20,3,EPE,AECI,1602871200,190.003,228.349,2
20,3,EPE,AECI,1604188800,214.945,214.945,0
20,3,EPE,AECI,1605506400,202.988,208.386,1
20,3,EPE,AECI,1606824000,205.506,203.521,2
20,3,EPE,AECI,1608141600,221.591,219.654,2
20,4,EPE,AECI,1577836800,176.929,206.553,1
20,4,EPE,AECI,1579154400,190.838,211.801,1
20,4,EPE,AECI,1580472000,178.299,185.696,1
20,4,EPE,AECI,1581789600,183.508,179.278,1
20,4,EPE,AECI,1583107200,183.745,206.952,1
20,4,EPE,AECI,1584424800,179.4,208.54,1
20,4,EPE,AECI,1585742400,135.278,168.307,1
20,4,EPE,AECI,1587060000,150.046,174.728,1
20,4,EPE,AECI,1588377600,159.019,187.24,1
20,4,EPE,AECI,1589695200,164.253,193.609,1
20,4,EPE,AECI,1591012800,158.174,200.346,1
20,4,EPE,AECI,1592330400,163.473,199.038,1
20,4,EPE,AECI,1593648000,189.294,202.089,1
20,4,EPE,AECI,1594965600,181.239,214.068,1
20,4,EPE,AECI,1596283200,186.841,209.351,1
20,4,EPE,AECI,1597600800,206.429,218.69,2
20,4,EPE,AECI,1598918400,185.5,207.754,1
20,4,EPE,AECI,1600236000,199.728,199.728,0
20,4,EPE,AECI,1601553600,189.074,225.219,1
20,4,EPE,AECI,1602871200,184.388,228.349,1
20,4,EPE,AECI,1604188800,216.571,219.333,1
20,4,EPE,AECI,1605506400,207.582,208.386,1
20,4,EPE,AECI,1606824000,200.511,203.521,1
20,4,EPE,AECI,1608141600,199.26,219.654,1
20,5,EPE,AECI,1577836800,179.602,206.553,3
20,5,EPE,AECI,1579154400,198.998,216.32,5
20,5,EPE,AECI,1580472000,180.832,189.855,5
20,5,EPE,AECI,1581789600,187.359,182.521,6
20,5,EPE,AECI,1583107200,188.157,211.425,5
20,5,EPE,AECI,1584424800,186.832,212.501,5
20,5,EPE,AECI,1585742400,136.496,168.307,2
20,5,EPE,AECI,1587060000,150.827,174.728,3
20,5,EPE,AECI,1588377600,165.229,191.138,5
20,5,EPE,AECI,1589695200,165.987,193.609,3
20,5,EPE,AECI,1591012800,158.174,200.346,1
20,5,EPE,AECI,1592330400,163.466,199.038,1
20,5,EPE,AECI,1593648000,203.155,210.543,7
20,5,EPE,AECI,1594965600,181.239,214.068,1
20,5,EPE,AECI,1596283200,188.924,209.351,3
20,5,EPE,AECI,1597600800,213.862,222.614,5
20,5,EPE,AECI,1598918400,194.012,212.166,5
20,5,EPE,AECI,1600236000,205.299,208.783,5
20,5,EPE,AECI,1601553600,197.737,230.255,5
20,5,EPE,AECI,1602871200,193.785,232.656,5
20,5,EPE,AECI,1604188800,216.09,223.743,5
20,5,EPE,AECI,1605506400,215.352,216.982,9
20,5,EPE,AECI,1606824000,201.432,208.024,5
20,5,EPE,AECI,1608141600,199.436,219.654,3
20,6,EPE,AECI,1577836800,176.929,206.553,1
20,6,EPE,AECI,1579154400,190.838,211.801,1
20,6,EPE,AECI,1580472000,181.007,185.696,1
20,6,EPE,AECI,1581789600,175.974,175.974,0
20,6,EPE,AECI,1583107200,183.745,206.952,1
20,6,EPE,AECI,1584424800,179.4,208.54,1
20,6,EPE,AECI,1585742400,135.278,168.307,1
20,6,EPE,AECI,1587060000,150.046,174.728,1
20,6,EPE,AECI,1588377600,159.019,187.24,1
20,6,EPE,AECI,1589695200,164.253,193.609,1
20,6,EPE,AECI,1591012800,158.174,200.346,1
20,6,EPE,AECI,1592330400,163.473,199.038,1
20,6,EPE,AECI,1593648000,189.294,202.089,1
20,6,EPE,AECI,1594965600,181.239,214.068,1
20,6,EPE,AECI,1596283200,186.841,209.351,1
20,6,EPE,AECI,1597600800,206.783,218.69,1
20,6,EPE,AECI,1598918400,185.5,207.754,1
20,6,EPE,AECI,1600236000,199.728,199.728,0
20,6,EPE,AECI,1601553600,189.074,225.219,1
20,6,EPE,AECI,1602871200,184.388,228.349,1
20,6,EPE,AECI,1604188800,214.945,214.945,0
20,6,EPE,AECI,1605506400,203.839,208.386,1
20,6,EPE,AECI,1606824000,198.384,203.521,1
20,6,EPE,AECI,1608141600,199.26,219.654,1
20,1,EPE,PSCO,1577836800,202.093,202.093,0
20,1,EPE,PSCO,1579154400,207.289,207.289,0
20,1,EPE,PSCO,1580472000,181.504,181.504,0
20,1,EPE,PSCO,1581789600,175.974,175.974,0
20,1,EPE,PSCO,1583107200,202.541,202.541,0
20,1,EPE,PSCO,1584424800,204.307,204.307,0
20,1,EPE,PSCO,1585742400,164.605,164.605,0
20,1,EPE,PSCO,1587060000,171.684,171.684,0
20,1,EPE,PSCO,1588377600,183.602,183.602,0
20,1,EPE,PSCO,1589695200,189.282,189.282,0
20,1,EPE,PSCO,1591012800,195.852,195.852,0
20,1,EPE,PSCO,1592330400,195.157,195.157,0
20,1,EPE,PSCO,1593648000,198.016,198.016,0
20,1,EPE,PSCO,1594965600,209.436,209.436,0
20,1,EPE,PSCO,1596283200,204.715,204.715,0
20,1,EPE,PSCO,1597600800,214.763,214.763,0
20,1,EPE,PSCO,1598918400,203.471,203.471,0
20,1,EPE,PSCO,1600236000,199.728,199.728,0
20,1,EPE,PSCO,1601553600,220.07,220.07,0
20,1,EPE,PSCO,1602871200,223.978,223.978,0
20,1,EPE,PSCO,1604188800,214.945,214.945,0
20,1,EPE,PSCO,1605506400,203.959,203.959,0
20,1,EPE,PSCO,1606824000,198.83,198.83,0
20,1,EPE,PSCO,1608141600,215.454,215.454,0
20,2,EPE,PSCO,1577836800,205.497,211.05,4
20,2,EPE,PSCO,1579154400,182.57,216.32,5
20,2,EPE,PSCO,1580472000,186.34,193.983,9
20,2,EPE,PSCO,1581789600,188.579,182.521,6
20,2,EPE,PSCO,1583107200,205.837,211.425,5
20,2,EPE,PSCO,1584424800,216.379,212.501,6
20,2,EPE,PSCO,1585742400,166.565,168.307,2
20,2,EPE,PSCO,1587060000,175.854,174.728,2
20,2,EPE,PSCO,1588377600,193.82,195.06,7
20,2,EPE,PSCO,1589695200,171.48,193.609,3
20,2,EPE,PSCO,1591012800,210.478,204.385,4
20,2,EPE,PSCO,1592330400,182.162,199.038,3
20,2,EPE,PSCO,1593648000,189.777,206.31,5
20,2,EPE,PSCO,1594965600,213.856,218.743,5
20,2,EPE,PSCO,1596283200,202.801,213.686,5
20,2,EPE,PSCO,1597600800,199.406,222.614,4
20,2,EPE,PSCO,1598918400,208.69,207.754,2
20,2,EPE,PSCO,1600236000,182.812,208.783,5
20,2,EPE,PSCO,1601553600,212.18,234.765,7
20,2,EPE,PSCO,1602871200,215.862,232.656,6
20,2,EPE,PSCO,1604188800,232.293,228.189,7
20,2,EPE,PSCO,1605506400,204.334,212.743,5
20,2,EPE,PSCO,1606824000,152.827,203.521,1
20,2,EPE,PSCO,1608141600,177.834,219.654,1
20,3,EPE,PSCO,1577836800,215.375,211.05,4
20,3,EPE,PSCO,1579154400,173.51,211.801,1
20,3,EPE,PSCO,1580472000,171.389,185.696,1
20,3,EPE,PSCO,1581789600,179.779,179.278,1
20,3,EPE,PSCO,1583107200,201.23,206.952,1
20,3,EPE,PSCO,1584424800,210.241,208.54,2
20,3,EPE,PSCO,1585742400,164.605,164.605,0
20,3,EPE,PSCO,1587060000,171.684,171.684,0
20,3,EPE,PSCO,1588377600,183.602,183.602,0
20,3,EPE,PSCO,1589695200,178.237,193.609,1
20,3,EPE,PSCO,1591012800,195.852,195.852,0
20,3,EPE,PSCO,1592330400,184.978,199.038,1
20,3,EPE,PSCO,1593648000,186.989,202.089,3
20,3,EPE,PSCO,1594965600,213.28,214.068,1
20,3,EPE,PSCO,1596283200,205.968,209.351,1
20,3,EPE,PSCO,1597600800,194.031,218.69,2
20,3,EPE,PSCO,1598918400,203.471,203.471,0
20,3,EPE,PSCO,1600236000,179.46,204.188,1
20,3,EPE,PSCO,1601553600,201.473,225.219,1
20,3,EPE,PSCO,1602871200,210.537,228.349,2
20,3,EPE,PSCO,1604188800,214.945,214.945,0
20,3,EPE,PSCO,1605506400,208.968,208.386,3
20,3,EPE,PSCO,1606824000,152.827,203.521,1
20,3,EPE,PSCO,1608141600,177.834,219.654,1
20,4,EPE,PSCO,1577836800,201.027,206.553,2
20,4,EPE,PSCO,1579154400,173.51,211.801,1
20,4,EPE,PSCO,1580472000,171.389,185.696,1
20,4,EPE,PSCO,1581789600,175.974,175.974,0
20,4,EPE,PSCO,1583107200,198.396,206.952,1
20,4,EPE,PSCO,1584424800,204.307,204.307,0
20,4,EPE,PSCO,1585742400,164.605,164.605,0
20,4,EPE,PSCO,1587060000,171.684,171.684,0
20,4,EPE,PSCO,1588377600,191.622,187.24,1
20,4,EPE,PSCO,1589695200,174.657,193.609,1
20,4,EPE,PSCO,1591012800,195.852,195.852,0
20,4,EPE,PSCO,1592330400,187.186,199.038,2
20,4,EPE,PSCO,1593648000,185.575,202.089,1
20,4,EPE,PSCO,1594965600,209.436,209.436,0
20,4,EPE,PSCO,1596283200,196.716,209.351,1
20,4,EPE,PSCO,1597600800,194.031,218.69,2
20,4,EPE,PSCO,1598918400,218.295,207.754,1
20,4,EPE,PSCO,1600236000,179.46,204.188,1
20,4,EPE,PSCO,1601553600,201.473,225.219,1
20,4,EPE,PSCO,1602871200,210.744,228.349,1
20,4,EPE,PSCO,1604188800,214.945,214.945,0
20,4,EPE,PSCO,1605506400,210.464,208.386,1
20,4,EPE,PSCO,1606824000,152.827,203.521,1
20,4,EPE,PSCO,1608141600,177.834,219.654,1
20,5,EPE,PSCO,1577836800,204.202,211.05,4
20,5,EPE,PSCO,1579154400,180.507,216.32,5
20,5,EPE,PSCO,1580472000,185.497,193.983,9
20,5,EPE,PSCO,1581789600,187.768,182.521,6
20,5,EPE,PSCO,1583107200,204.49,211.425,5
20,5,EPE,PSCO,1584424800,215.379,212.501,6
20,5,EPE,PSCO,1585742400,165.251,168.307,2
20,5,EPE,PSCO,1587060000,175.381,174.728,2
20,5,EPE,PSCO,1588377600,192.296,195.06,7
20,5,EPE,PSCO,1589695200,170.904,193.609,3
20,5,EPE,PSCO,1591012800,202.678,200.346,2
20,5,EPE,PSCO,1592330400,185.959,202.922,4
20,5,EPE,PSCO,1593648000,189.022,206.31,5
20,5,EPE,PSCO,1594965600,213.011,218.743,5
20,5,EPE,PSCO,1596283200,202.352,213.686,5
20,5,EPE,PSCO,1597600800,198.88,222.614,4
20,5,EPE,PSCO,1598918400,208.355,207.754,2
20,5,EPE,PSCO,1600236000,181.788,208.783,5
20,5,EPE,PSCO,1601553600,210.091,234.765,7
20,5,EPE,PSCO,1602871200,214.905,232.656,6
20,5,EPE,PSCO,1604188800,230.834,228.189,7
20,5,EPE,PSCO,1605506400,203.659,212.743,5
20,5,EPE,PSCO,1606824000,152.827,203.521,1
20,5,EPE,PSCO,1608141600,177.834,219.654,1
20,6,EPE,PSCO,1577836800,201.774,206.553,1
20,6,EPE,PSCO,1579154400,173.51,211.801,1
20,6,EPE,PSCO,1580472000,171.389,185.696,1
20,6,EPE,PSCO,1581789600,175.974,175.974,0
20,6,EPE,PSCO,1583107200,201.23,206.952,1
20,6,EPE,PSCO,1584424800,204.307,204.307,0
20,6,EPE,PSCO,1585742400,164.605,164.605,0
20,6,EPE,PSCO,1587060000,171.684,171.684,0
20,6,EPE,PSCO,1588377600,183.602,183.602,0
20,6,EPE,PSCO,1589695200,178.237,193.609,1
20,6,EPE,PSCO,1591012800,195.852,195.852,0
20,6,EPE,PSCO,1592330400,184.978,199.038,1
20,6,EPE,PSCO,1593648000,185.575,202.089,1
20,6,EPE,PSCO,1594965600,209.436,209.436,0
20,6,EPE,PSCO,1596283200,204.175,209.351,1
20,6,EPE,PSCO,1597600800,195.238,218.69,1
20,6,EPE,PSCO,1598918400,203.471,203.471,0
20,6,EPE,PSCO,1600236000,179.46,204.188,1
20,6,EPE,PSCO,1601553600,201.473,225.219,1
20,6,EPE,PSCO,1602871200,210.744,228.349,1
20,6,EPE,PSCO,1604188800,214.945,214.945,0
20,6,EPE,PSCO,1605506400,203.788,208.386,1
20,6,EPE,PSCO,1606824000,152.827,203.521,1
20,6,EPE,PSCO,1608141600,177.834,219.654,1
20,1,PACE,AECI,1577836800,222.045,222.045,0
20,1,PACE,AECI,1579154400,234.433,234.433,0
20,1,PACE,AECI,1580472000,198.311,198.311,0
20,1,PACE,AECI,1581789600,196.827,196.827,0
20,1,PACE,AECI,1583107200,208.975,208.975,0
20,1,PACE,AECI,1584424800,252.452,252.452,0
20,1,PACE,AECI,1585742400,225.822,225.822,0
20,1,PACE,AECI,1587060000,224.401,224.401,0
20,1,PACE,AECI,1588377600,195.688,195.688,0
20,1,PACE,AECI,1589695200,218.514,218.514,0
20,1,PACE,AECI,1591012800,230.978,230.978,0
20,1,PACE,AECI,1592330400,200.767,200.767,0
20,1,PACE,AECI,1593648000,211.4,211.4,0
20,1,PACE,AECI,1594965600,197.864,197.864,0
20,1,PACE,AECI,1596283200,232.915,232.915,0
20,1,PACE,AECI,1597600800,252.895,252.895,0
20,1,PACE,AECI,1598918400,239.903,239.903,0
20,1,PACE,AECI,1600236000,257.912,257.912,0
20,1,PACE,AECI,1601553600,250.583,250.583,0
20,1,PACE,AECI,1602871200,211.548,211.548,0
20,1,PACE,AECI,1604188800,258.098,258.098,0
20,1,PACE,AECI,1605506400,230.758,230.758,0
20,1,PACE,AECI,1606824000,241.036,241.036,0
20,1,PACE,AECI,1608141600,221.431,221.431,0
20,2,PACE,AECI,1577836800,179.972,226.717,3
20,2,PACE,AECI,1579154400,195.13,239.487,3
20,2,PACE,AECI,1580472000,186.48,207.039,5
20,2,PACE,AECI,1581789600,192.282,204.537,4
20,2,PACE,AECI,1583107200,185.504,217.474,5
20,2,PACE,AECI,1584424800,181.017,258.582,1
20,2,PACE,AECI,1585742400,136.81,230.918,1
20,2,PACE,AECI,1587060000,154.167,228.312,3
20,2,PACE,AECI,1588377600,157.405,202.184,4
20,2,PACE,AECI,1589695200,168.961,223.55,3
20,2,PACE,AECI,1591012800,159.098,236.311,1
20,2,PACE,AECI,1592330400,160.545,205.289,3
20,2,PACE,AECI,1593648000,200.649,225.845,7
20,2,PACE,AECI,1594965600,193.065,213.18,7
20,2,PACE,AECI,1596283200,190.891,238.256,3
20,2,PACE,AECI,1597600800,207.855,257.798,1
20,2,PACE,AECI,1598918400,186.615,244.161,1
20,2,PACE,AECI,1600236000,210.314,263.157,1
20,2,PACE,AECI,1601553600,193.562,256.736,3
20,2,PACE,AECI,1602871200,196.598,222.582,8
20,2,PACE,AECI,1604188800,225.359,263.29,3
20,2,PACE,AECI,1605506400,217.707,239.826,5
20,2,PACE,AECI,1606824000,221.458,256.069,7
20,2,PACE,AECI,1608141600,208.354,231.251,5
20,3,PACE,AECI,1577836800,191.873,226.717,3
20,3,PACE,AECI,1579154400,215.189,239.487,3
20,3,PACE,AECI,1580472000,188.562,202.703,1
20,3,PACE,AECI,1581789600,196.827,196.827,0
20,3,PACE,AECI,1583107200,208.975,208.975,0
20,3,PACE,AECI,1584424800,181.017,258.582,1
20,3,PACE,AECI,1585742400,136.81,230.918,1
20,3,PACE,AECI,1587060000,152.006,228.312,1
20,3,PACE,AECI,1588377600,189.466,198.668,2
20,3,PACE,AECI,1589695200,169.762,223.55,3
20,3,PACE,AECI,1591012800,159.098,236.311,1
20,3,PACE,AECI,1592330400,163.168,205.289,1
20,3,PACE,AECI,1593648000,211.4,211.4,0
20,3,PACE,AECI,1594965600,189.97,203.144,1
20,3,PACE,AECI,1596283200,187.952,238.256,1
20,3,PACE,AECI,1597600800,229.121,262.641,5
20,3,PACE,AECI,1598918400,201.329,248.814,5
20,3,PACE,AECI,1600236000,224.864,263.157,3
20,3,PACE,AECI,1601553600,190.682,256.736,1
20,3,PACE,AECI,1602871200,207.783,218.893,6
20,3,PACE,AECI,1604188800,251.706,263.29,2
20,3,PACE,AECI,1605506400,224.835,235.265,1
20,3,PACE,AECI,1606824000,229.996,251.093,6
20,3,PACE,AECI,1608141600,208.067,226.347,1
20,4,PACE,AECI,1577836800,177.235,226.717,1
20,4,PACE,AECI,1579154400,192.553,239.487,1
20,4,PACE,AECI,1580472000,184.579,202.703,1
20,4,PACE,AECI,1581789600,196.297,200.732,1
20,4,PACE,AECI,1583107200,185.496,213.105,1
20,4,PACE,AECI,1584424800,181.017,258.582,1
20,4,PACE,AECI,1585742400,136.81,230.918,1
20,4,PACE,AECI,1587060000,152.006,228.312,1
20,4,PACE,AECI,1588377600,160.24,198.668,1
20,4,PACE,AECI,1589695200,165.581,223.55,1
20,4,PACE,AECI,1591012800,159.098,236.311,1
20,4,PACE,AECI,1592330400,163.168,205.289,1
20,4,PACE,AECI,1593648000,188.435,215.96,1
20,4,PACE,AECI,1594965600,180.524,203.144,1
20,4,PACE,AECI,1596283200,187.952,238.256,1
20,4,PACE,AECI,1597600800,207.855,257.798,1
20,4,PACE,AECI,1598918400,186.615,244.161,1
20,4,PACE,AECI,1600236000,210.314,263.157,1
20,4,PACE,AECI,1601553600,190.682,256.736,1
20,4,PACE,AECI,1602871200,183.91,215.177,1
20,4,PACE,AECI,1604188800,226.635,263.29,1
20,4,PACE,AECI,1605506400,210.498,235.265,1
20,4,PACE,AECI,1606824000,203.592,246.095,1
20,4,PACE,AECI,1608141600,199.633,226.347,1
20,5,PACE,AECI,1577836800,179.918,226.717,3
20,5,PACE,AECI,1579154400,195.089,239.487,3
20,5,PACE,AECI,1580472000,184.634,207.039,5
20,5,PACE,AECI,1581789600,191.275,204.537,4
20,5,PACE,AECI,1583107200,184.528,217.474,5
20,5,PACE,AECI,1584424800,181.017,258.582,1
20,5,PACE,AECI,1585742400,136.81,230.918,1
20,5,PACE,AECI,1587060000,154.077,228.312,3
20,5,PACE,AECI,1588377600,157.409,202.184,5
20,5,PACE,AECI,1589695200,167.879,223.55,3
20,5,PACE,AECI,1591012800,159.098,236.311,1
20,5,PACE,AECI,1592330400,159.756,205.289,3
20,5,PACE,AECI,1593648000,198.364,225.845,7
20,5,PACE,AECI,1594965600,190.495,213.18,7
20,5,PACE,AECI,1596283200,190.737,238.256,3
20,5,PACE,AECI,1597600800,207.855,257.798,1
20,5,PACE,AECI,1598918400,186.615,244.161,1
20,5,PACE,AECI,1600236000,210.314,263.157,1
20,5,PACE,AECI,1601553600,193.501,256.736,3
20,5,PACE,AECI,1602871200,188.592,218.893,6
20,5,PACE,AECI,1604188800,224.922,263.29,3
20,5,PACE,AECI,1605506400,216.762,239.826,5
20,5,PACE,AECI,1606824000,220.3,256.069,7
20,5,PACE,AECI,1608141600,207.767,231.251,5
20,6,PACE,AECI,1577836800,177.235,226.717,1
20,6,PACE,AECI,1579154400,192.553,239.487,1
20,6,PACE,AECI,1580472000,184.579,202.703,1
20,6,PACE,AECI,1581789600,194.754,200.732,1
20,6,PACE,AECI,1583107200,180.731,213.105,2
20,6,PACE,AECI,1584424800,181.017,258.582,1
20,6,PACE,AECI,1585742400,136.81,230.918,1
20,6,PACE,AECI,1587060000,152.006,228.312,1
20,6,PACE,AECI,1588377600,155.828,198.668,2
20,6,PACE,AECI,1589695200,165.581,223.55,1
20,6,PACE,AECI,1591012800,159.098,236.311,1
20,6,PACE,AECI,1592330400,163.168,205.289,1
20,6,PACE,AECI,1593648000,188.435,215.96,1
20,6,PACE,AECI,1594965600,180.524,203.144,1
20,6,PACE,AECI,1596283200,187.952,238.256,1
20,6,PACE,AECI,1597600800,207.855,257.798,1
20,6,PACE,AECI,1598918400,186.615,244.161,1
20,6,PACE,AECI,1600236000,210.314,263.157,1
20,6,PACE,AECI,1601553600,190.682,256.736,1
20,6,PACE,AECI,1602871200,183.91,215.177,1
20,6,PACE,AECI,1604188800,226.635,263.29,1
20,6,PACE,AECI,1605506400,210.498,235.265,1
20,6,PACE,AECI,1606824000,203.592,246.095,1
20,6,PACE,AECI,1608141600,199.633,226.347,1
20,1,PACE,PSCO,1577836800,222.045,222.045,0
20,1,PACE,PSCO,1579154400,234.433,234.433,0
20,1,PACE,PSCO,1580472000,198.311,198.311,0
20,1,PACE,PSCO,1581789600,196.827,196.827,0
20,1,PACE,PSCO,1583107200,208.975,208.975,0
20,1,PACE,PSCO,1584424800,252.452,252.452,0
20,1,PACE,PSCO,1585742400,225.822,225.822,0
20,1,PACE,PSCO,1587060000,224.401,224.401,0
20,1,PACE,PSCO,1588377600,195.688,195.688,0
20,1,PACE,PSCO,1589695200,218.514,218.514,0
20,1,PACE,PSCO,1591012800,230.978,230.978,0
20,1,PACE,PSCO,1592330400,200.767,200.767,0
20,1,PACE,PSCO,1593648000,211.4,211.4,0
20,1,PACE,PSCO,1594965600,197.864,197.864,0
20,1,PACE,PSCO,1596283200,232.915,232.915,0
20,1,PACE,PSCO,1597600800,252.895,252.895,0
20,1,PACE,PSCO,1598918400,239.903,239.903,0
20,1,PACE,PSCO,1600236000,257.912,257.912,0
20,1,PACE,PSCO,1601553600,250.583,250.583,0
20,1,PACE,PSCO,1602871200,211.548,211.548,0
20,1,PACE,PSCO,1604188800,258.098,258.098,0
20,1,PACE,PSCO,1605506400,230.758,230.758,0
20,1,PACE,PSCO,1606824000,241.036,241.036,0
20,1,PACE,PSCO,1608141600,221.431,221.431,0
20,2,PACE,PSCO,1577836800,219.42,231.404,6
20,2,PACE,PSCO,1579154400,191.282,249.287,7
20,2,PACE,PSCO,1580472000,179.664,207.039,5
20,2,PACE,PSCO,1581789600,200.781,204.537,5
20,2,PACE,PSCO,1583107200,218.036,221.906,9
20,2,PACE,PSCO,1584424800,231.619,258.582,3
20,2,PACE,PSCO,1585742400,210.874,236.136,5
20,2,PACE,PSCO,1587060000,228.966,236.003,8
20,2,PACE,PSCO,1588377600,189.697,206.522,7
20,2,PACE,PSCO,1589695200,178.261,223.55,3
20,2,PACE,PSCO,1591012800,223.066,236.311,3
20,2,PACE,PSCO,1592330400,170.71,205.289,3
20,2,PACE,PSCO,1593648000,186.239,220.744,5
20,2,PACE,PSCO,1594965600,217.044,213.18,9
20,2,PACE,PSCO,1596283200,213.085,243.136,5
20,2,PACE,PSCO,1597600800,196.309,257.798,1
20,2,PACE,PSCO,1598918400,252.318,253.583,7
20,2,PACE,PSCO,1600236000,181.319,263.157,1
20,2,PACE,PSCO,1601553600,212.463,262.744,5
20,2,PACE,PSCO,1602871200,204.032,218.893,4
20,2,PACE,PSCO,1604188800,235.565,263.29,3
20,2,PACE,PSCO,1605506400,214.149,239.826,5
20,2,PACE,PSCO,1606824000,154.4,246.095,1
20,2,PACE,PSCO,1608141600,178.208,226.347,1
20,3,PACE,PSCO,1577836800,208.962,226.717,2
20,3,PACE,PSCO,1579154400,175.225,239.487,1
20,3,PACE,PSCO,1580472000,171.669,202.703,1
20,3,PACE,PSCO,1581789600,199.936,200.732,1
20,3,PACE,PSCO,1583107200,204.061,213.105,3
20,3,PACE,PSCO,1584424800,227.507,258.582,1
20,3,PACE,PSCO,1585742400,202.985,230.918,1
20,3,PACE,PSCO,1587060000,217.879,228.312,2
20,3,PACE,PSCO,1588377600,188.262,198.668,2
20,3,PACE,PSCO,1589695200,179.565,223.55,1
20,3,PACE,PSCO,1591012800,228.117,236.311,1
20,3,PACE,PSCO,1592330400,184.673,205.289,1
20,3,PACE,PSCO,1593648000,186.74,215.96,3
20,3,PACE,PSCO,1594965600,201.611,203.144,1
20,3,PACE,PSCO,1596283200,207.079,238.256,1
20,3,PACE,PSCO,1597600800,196.309,257.798,1
20,3,PACE,PSCO,1598918400,242.294,244.161,2
20,3,PACE,PSCO,1600236000,181.319,263.157,1
20,3,PACE,PSCO,1601553600,203.081,256.736,1
20,3,PACE,PSCO,1602871200,213.172,218.893,4
20,3,PACE,PSCO,1604188800,233.54,263.29,1
20,3,PACE,PSCO,1605506400,208.494,235.265,1
20,3,PACE,PSCO,1606824000,154.4,246.095,1
20,3,PACE,PSCO,1608141600,178.208,226.347,1
20,4,PACE,PSCO,1577836800,208.923,226.717,1
20,4,PACE,PSCO,1579154400,175.225,239.487,1
20,4,PACE,PSCO,1580472000,171.669,202.703,1
20,4,PACE,PSCO,1581789600,195.101,200.732,1
20,4,PACE,PSCO,1583107200,202.981,213.105,1
20,4,PACE,PSCO,1584424800,227.507,258.582,1
20,4,PACE,PSCO,1585742400,202.985,230.918,1
20,4,PACE,PSCO,1587060000,217.322,228.312,1
20,4,PACE,PSCO,1588377600,195.261,198.668,3
20,4,PACE,PSCO,1589695200,179.565,223.55,1
20,4,PACE,PSCO,1591012800,224.607,236.311,1
20,4,PACE,PSCO,1592330400,184.673,205.289,1
20,4,PACE,PSCO,1593648000,184.716,215.96,1
20,4,PACE,PSCO,1594965600,197.864,197.864,0
20,4,PACE,PSCO,1596283200,207.079,238.256,1
20,4,PACE,PSCO,1597600800,196.309,257.798,1
20,4,PACE,PSCO,1598918400,246.416,244.161,3
20,4,PACE,PSCO,1600236000,181.319,263.157,1
20,4,PACE,PSCO,1601553600,203.081,256.736,1
20,4,PACE,PSCO,1602871200,210.266,215.177,1
20,4,PACE,PSCO,1604188800,233.54,263.29,1
20,4,PACE,PSCO,1605506400,208.494,235.265,1
20,4,PACE,PSCO,1606824000,154.4,246.095,1
20,4,PACE,PSCO,1608141600,178.208,226.347,1
20,5,PACE,PSCO,1577836800,217.78,231.404,6
20,5,PACE,PSCO,1579154400,189.687,249.287,7
20,5,PACE,PSCO,1580472000,178.512,207.039,5
20,5,PACE,PSCO,1581789600,199.569,204.537,5
20,5,PACE,PSCO,1583107200,215.985,221.906,9
20,5,PACE,PSCO,1584424800,230.833,258.582,3
20,5,PACE,PSCO,1585742400,210.533,236.136,6
20,5,PACE,PSCO,1587060000,227.409,236.003,8
20,5,PACE,PSCO,1588377600,187.995,206.522,7
20,5,PACE,PSCO,1589695200,177.098,223.55,3
20,5,PACE,PSCO,1591012800,222.684,236.311,3
20,5,PACE,PSCO,1592330400,169.568,205.289,3
20,5,PACE,PSCO,1593648000,184.879,220.744,5
20,5,PACE,PSCO,1594965600,215.021,213.18,9
20,5,PACE,PSCO,1596283200,212.569,243.136,5
20,5,PACE,PSCO,1597600800,196.309,257.798,1
20,5,PACE,PSCO,1598918400,251.203,253.583,7
20,5,PACE,PSCO,1600236000,181.319,263.157,1
20,5,PACE,PSCO,1601553600,210.822,262.744,5
20,5,PACE,PSCO,1602871200,202.865,218.893,4
20,5,PACE,PSCO,1604188800,235.145,263.29,3
20,5,PACE,PSCO,1605506400,213.267,239.826,5
20,5,PACE,PSCO,1606824000,154.4,246.095,1
20,5,PACE,PSCO,1608141600,178.208,226.347,1
20,6,PACE,PSCO,1577836800,208.559,226.717,1
20,6,PACE,PSCO,1579154400,175.225,239.487,1
20,6,PACE,PSCO,1580472000,171.669,202.703,1
20,6,PACE,PSCO,1581789600,196.44,200.732,1
20,6,PACE,PSCO,1583107200,202.981,213.105,1
20,6,PACE,PSCO,1584424800,227.507,258.582,1
20,6,PACE,PSCO,1585742400,202.985,230.918,1
20,6,PACE,PSCO,1587060000,217.322,228.312,1
20,6,PACE,PSCO,1588377600,185.764,198.668,2
20,6,PACE,PSCO,1589695200,179.565,223.55,1
20,6,PACE,PSCO,1591012800,228.117,236.311,1
20,6,PACE,PSCO,1592330400,184.673,205.289,1
20,6,PACE,PSCO,1593648000,184.716,215.96,1
20,6,PACE,PSCO,1594965600,197.864,197.864,0
20,6,PACE,PSCO,1596283200,207.079,238.256,1
20,6,PACE,PSCO,1597600800,196.309,257.798,1
20,6,PACE,PSCO,1598918400,239.903,239.903,0
20,6,PACE,PSCO,1600236000,181.319,263.157,1
20,6,PACE,PSCO,1601553600,203.081,256.736,1
20,6,PACE,PSCO,1602871200,204.777,215.177,2
20,6,PACE,PSCO,1604188800,233.54,263.29,1
20,6,PACE,PSCO,1605506400,208.494,235.265,1
20,6,PACE,PSCO,1606824000,154.4,246.095,1
20,6,PACE,PSCO,1608141600,178.208,226.347,1
20,1,PSCO,EPE,1577836800,201.806,201.806,0
20,1,PSCO,EPE,1579154400,168.095,168.095,0
20,1,PSCO,EPE,1580472000,165.819,165.819,0
20,1,PSCO,EPE,1581789600,208.599,208.599,0
20,1,PSCO,EPE,1583107200,195.56,195.56,0
20,1,PSCO,EPE,1584424800,221.046,221.046,0
20,1,PSCO,EPE,1585742400,196.694,196.694,0
20,1,PSCO,EPE,1587060000,211.329,211.329,0
20,1,PSCO,EPE,1588377600,184.057,184.057,0
20,1,PSCO,EPE,1589695200,174.63,174.63,0
20,1,PSCO,EPE,1591012800,220.905,220.905,0
20,1,PSCO,EPE,1592330400,179.992,179.992,0
20,1,PSCO,EPE,1593648000,180.132,180.132,0
20,1,PSCO,EPE,1594965600,212.921,212.921,0
20,1,PSCO,EPE,1596283200,202.105,202.105,0
20,1,PSCO,EPE,1597600800,189.709,189.709,0
20,1,PSCO,EPE,1598918400,234.795,234.795,0
20,1,PSCO,EPE,1600236000,174.02,174.02,0
20,1,PSCO,EPE,1601553600,195.176,195.176,0
20,1,PSCO,EPE,1602871200,202.804,202.804,0
20,1,PSCO,EPE,1604188800,225.924,225.924,0
20,1,PSCO,EPE,1605506400,203.332,203.332,0
20,1,PSCO,EPE,1606824000,147.36,147.36,0
20,1,PSCO,EPE,1608141600,172.796,172.796,0
20,2,PSCO,EPE,1577836800,206.926,211.739,5
20,2,PSCO,EPE,1579154400,180.459,174.668,4
20,2,PSCO,EPE,1580472000,184.246,176.411,8
20,2,PSCO,EPE,1581789600,194.556,218.69,7
20,2,PSCO,EPE,1583107200,203.974,202.871,4
20,2,PSCO,EPE,1584424800,223.187,234.046,7
20,2,PSCO,EPE,1585742400,169.314,201.473,3
20,2,PSCO,EPE,1587060000,178.669,215.845,3
20,2,PSCO,EPE,1588377600,189.315,190.648,6
20,2,PSCO,EPE,1589695200,176.422,179.956,4
20,2,PSCO,EPE,1591012800,204.846,225.601,3
20,2,PSCO,EPE,1592330400,180.801,183.617,2
20,2,PSCO,EPE,1593648000,187.862,187.687,4
20,2,PSCO,EPE,1594965600,211.715,220.093,4
20,2,PSCO,EPE,1596283200,205.303,208.238,6
20,2,PSCO,EPE,1597600800,201.409,198.933,5
20,2,PSCO,EPE,1598918400,206.427,239.606,1
20,2,PSCO,EPE,1600236000,180.547,180.364,4
20,2,PSCO,EPE,1601553600,206.032,202.199,6
20,2,PSCO,EPE,1602871200,213.24,213.162,5
20,2,PSCO,EPE,1604188800,226.042,234.575,6
20,2,PSCO,EPE,1605506400,202.749,209.248,4
20,2,PSCO,EPE,1606824000,147.36,147.36,0
20,2,PSCO,EPE,1608141600,172.796,172.796,0
20,3,PSCO,EPE,1577836800,206.606,206.834,1
20,3,PSCO,EPE,1579154400,168.095,168.095,0
20,3,PSCO,EPE,1580472000,165.819,165.819,0
20,3,PSCO,EPE,1581789600,182.565,211.871,2
20,3,PSCO,EPE,1583107200,195.56,195.56,0
20,3,PSCO,EPE,1584424800,213.169,225.4,3
20,3,PSCO,EPE,1585742400,171.057,201.473,1
20,3,PSCO,EPE,1587060000,177.543,215.845,1
20,3,PSCO,EPE,1588377600,189.557,187.407,2
20,3,PSCO,EPE,1589695200,174.63,174.63,0
20,3,PSCO,EPE,1591012800,201.849,225.601,1
20,3,PSCO,EPE,1592330400,179.992,179.992,0
20,3,PSCO,EPE,1593648000,185.505,183.66,2
20,3,PSCO,EPE,1594965600,214.698,216.392,2
20,3,PSCO,EPE,1596283200,202.105,202.105,0
20,3,PSCO,EPE,1597600800,193.106,194.312,1
20,3,PSCO,EPE,1598918400,207.906,239.606,1
20,3,PSCO,EPE,1600236000,174.02,174.02,0
20,3,PSCO,EPE,1601553600,195.176,195.176,0
20,3,PSCO,EPE,1602871200,206.544,208.122,1
20,3,PSCO,EPE,1604188800,220.417,230.317,1
20,3,PSCO,EPE,1605506400,213.395,209.248,4
20,3,PSCO,EPE,1606824000,147.36,147.36,0
20,3,PSCO,EPE,1608141600,172.796,172.796,0
20,4,PSCO,EPE,1577836800,202.456,206.834,3
20,4,PSCO,EPE,1579154400,168.095,168.095,0
20,4,PSCO,EPE,1580472000,165.819,165.819,0
20,4,PSCO,EPE,1581789600,182.064,211.871,1
20,4,PSCO,EPE,1583107200,195.56,195.56,0
20,4,PSCO,EPE,1584424800,211.467,225.4,1
20,4,PSCO,EPE,1585742400,171.057,201.473,1
20,4,PSCO,EPE,1587060000,177.543,215.845,1
20,4,PSCO,EPE,1588377600,184.057,184.057,0
20,4,PSCO,EPE,1589695200,176.9,177.256,2
20,4,PSCO,EPE,1591012800,201.849,225.601,1
20,4,PSCO,EPE,1592330400,185.826,183.617,1
20,4,PSCO,EPE,1593648000,180.132,180.132,0
20,4,PSCO,EPE,1594965600,213.602,216.392,1
20,4,PSCO,EPE,1596283200,199.218,205.15,2
20,4,PSCO,EPE,1597600800,193.106,194.312,1
20,4,PSCO,EPE,1598918400,218.447,239.606,2
20,4,PSCO,EPE,1600236000,174.02,174.02,0
20,4,PSCO,EPE,1601553600,195.176,195.176,0
20,4,PSCO,EPE,1602871200,202.804,202.804,0
20,4,PSCO,EPE,1604188800,217.15,230.317,1
20,4,PSCO,EPE,1605506400,203.332,203.332,0
20,4,PSCO,EPE,1606824000,147.36,147.36,0
20,4,PSCO,EPE,1608141600,172.796,172.796,0
20,5,PSCO,EPE,1577836800,205.631,211.739,5
20,5,PSCO,EPE,1579154400,178.396,174.668,4
20,5,PSCO,EPE,1580472000,183.404,176.411,8
20,5,PSCO,EPE,1581789600,193.746,218.69,7
20,5,PSCO,EPE,1583107200,202.627,202.871,4
20,5,PSCO,EPE,1584424800,222.187,234.046,7
20,5,PSCO,EPE,1585742400,168.0,201.473,3
20,5,PSCO,EPE,1587060000,178.196,215.845,3
20,5,PSCO,EPE,1588377600,187.791,190.648,6
20,5,PSCO,EPE,1589695200,175.846,179.956,4
20,5,PSCO,EPE,1591012800,204.181,225.601,3
20,5,PSCO,EPE,1592330400,180.714,183.617,3
20,5,PSCO,EPE,1593648000,187.107,187.687,4
20,5,PSCO,EPE,1594965600,210.869,220.093,4
20,5,PSCO,EPE,1596283200,204.854,208.238,6
20,5,PSCO,EPE,1597600800,200.882,198.933,5
20,5,PSCO,EPE,1598918400,206.092,239.606,1
20,5,PSCO,EPE,1600236000,179.523,180.364,4
20,5,PSCO,EPE,1601553600,203.944,202.199,6
20,5,PSCO,EPE,1602871200,212.283,213.162,5
20,5,PSCO,EPE,1604188800,224.583,234.575,6
20,5,PSCO,EPE,1605506400,202.074,209.248,4
20,5,PSCO,EPE,1606824000,147.36,147.36,0
20,5,PSCO,EPE,1608141600,172.796,172.796,0
20,6,PSCO,EPE,1577836800,201.806,201.806,0
20,6,PSCO,EPE,1579154400,168.095,168.095,0
20,6,PSCO,EPE,1580472000,165.819,165.819,0
20,6,PSCO,EPE,1581789600,182.064,211.871,1
20,6,PSCO,EPE,1583107200,195.56,195.56,0
20,6,PSCO,EPE,1584424800,211.467,225.4,1
20,6,PSCO,EPE,1585742400,171.057,201.473,1
20,6,PSCO,EPE,1587060000,177.543,215.845,1
20,6,PSCO,EPE,1588377600,183.918,187.407,1
20,6,PSCO,EPE,1589695200,174.63,174.63,0
20,6,PSCO,EPE,1591012800,201.849,225.601,1
20,6,PSCO,EPE,1592330400,179.992,179.992,0
20,6,PSCO,EPE,1593648000,180.132,180.132,0
20,6,PSCO,EPE,1594965600,212.414,216.392,1
20,6,PSCO,EPE,1596283200,202.105,202.105,0
20,6,PSCO,EPE,1597600800,189.709,189.709,0
20,6,PSCO,EPE,1598918400,207.906,239.606,1
20,6,PSCO,EPE,1600236000,174.02,174.02,0
20,6,PSCO,EPE,1601553600,195.176,195.176,0
20,6,PSCO,EPE,1602871200,202.804,202.804,0
20,6,PSCO,EPE,1604188800,220.417,230.317,1
20,6,PSCO,EPE,1605506400,203.332,203.332,0
20,6,PSCO,EPE,1606824000,147.36,147.36,0
20,6,PSCO,EPE,1608141600,172.796,172.796,0
20,1,PSCO,PACE,1577836800,201.806,201.806,0
20,1,PSCO,PACE,1579154400,168.095,168.095,0
20,1,PSCO,PACE,1580472000,165.819,165.819,0
20,1,PSCO,PACE,1581789600,208.599,208.599,0
20,1,PSCO,PACE,1583107200,195.56,195.56,0
20,1,PSCO,PACE,1584424800,221.046,221.046,0
20,1,PSCO,PACE,1585742400,196.694,196.694,0
20,1,PSCO,PACE,1587060000,211.329,211.329,0
20,1,PSCO,PACE,1588377600,184.057,184.057,0
20,1,PSCO,PACE,1589695200,174.63,174.63,0
20,1,PSCO,PACE,1591012800,220.905,220.905,0
20,1,PSCO,PACE,1592330400,179.992,179.992,0
20,1,PSCO,PACE,1593648000,180.132,180.132,0
20,1,PSCO,PACE,1594965600,212.921,212.921,0
20,1,PSCO,PACE,1596283200,202.105,202.105,0
20,1,PSCO,PACE,1597600800,189.709,189.709,0
20,1,PSCO,PACE,1598918400,234.795,234.795,0
20,1,PSCO,PACE,1600236000,174.02,174.02,0
20,1,PSCO,PACE,1601553600,195.176,195.176,0
20,1,PSCO,PACE,1602871200,202.804,202.804,0
20,1,PSCO,PACE,1604188800,225.924,225.924,0
20,1,PSCO,PACE,1605506400,203.332,203.332,0
20,1,PSCO,PACE,1606824000,147.36,147.36,0
20,1,PSCO,PACE,1608141600,172.796,172.796,0
20,2,PSCO,PACE,1577836800,217.695,211.739,5
20,2,PSCO,PACE,1579154400,184.043,174.668,6
20,2,PSCO,PACE,1580472000,177.291,172.775,4
20,2,PSCO,PACE,1581789600,203.297,215.208,6
20,2,PSCO,PACE,1583107200,214.422,206.286,8
20,2,PSCO,PACE,1584424800,229.511,225.4,2
20,2,PSCO,PACE,1585742400,212.474,206.331,6
20,2,PSCO,PACE,1587060000,227.488,224.553,7
20,2,PSCO,PACE,1588377600,183.971,190.648,6
20,2,PSCO,PACE,1589695200,175.952,177.256,2
20,2,PSCO,PACE,1591012800,220.549,225.601,2
20,2,PSCO,PACE,1592330400,175.986,187.535,4
20,2,PSCO,PACE,1593648000,187.552,187.687,6
20,2,PSCO,PACE,1594965600,215.618,224.05,8
20,2,PSCO,PACE,1596283200,211.156,208.238,4
20,2,PSCO,PACE,1597600800,189.709,189.709,0
20,2,PSCO,PACE,1598918400,245.285,244.046,6
20,2,PSCO,PACE,1600236000,174.02,174.02,0
20,2,PSCO,PACE,1601553600,208.121,202.199,4
20,2,PSCO,PACE,1602871200,198.173,208.122,3
20,2,PSCO,PACE,1604188800,232.342,230.317,2
20,2,PSCO,PACE,1605506400,212.047,209.248,4
20,2,PSCO,PACE,1606824000,147.36,147.36,0
20,2,PSCO,PACE,1608141600,172.796,172.796,0
20,3,PSCO,PACE,1577836800,206.862,206.834,1
20,3,PSCO,PACE,1579154400,168.095,168.095,0
20,3,PSCO,PACE,1580472000,165.819,165.819,0
20,3,PSCO,PACE,1581789600,203.197,211.871,2
20,3,PSCO,PACE,1583107200,201.017,199.368,2
20,3,PSCO,PACE,1584424800,221.046,221.046,0
20,3,PSCO,PACE,1585742400,196.694,196.694,0
20,3,PSCO,PACE,1587060000,216.047,215.845,1
20,3,PSCO,PACE,1588377600,185.813,187.407,1
20,3,PSCO,PACE,1589695200,174.63,174.63,0
20,3,PSCO,PACE,1591012800,220.905,220.905,0
20,3,PSCO,PACE,1592330400,179.992,179.992,0
20,3,PSCO,PACE,1593648000,185.492,183.66,2
20,3,PSCO,PACE,1594965600,204.031,216.392,2
20,3,PSCO,PACE,1596283200,202.105,202.105,0
20,3,PSCO,PACE,1597600800,189.709,189.709,0
20,3,PSCO,PACE,1598918400,237.908,239.606,1
20,3,PSCO,PACE,1600236000,174.02,174.02,0
20,3,PSCO,PACE,1601553600,195.176,195.176,0
20,3,PSCO,PACE,1602871200,206.253,208.122,3
20,3,PSCO,PACE,1604188800,225.924,225.924,0
20,3,PSCO,PACE,1605506400,203.332,203.332,0
20,3,PSCO,PACE,1606824000,147.36,147.36,0
20,3,PSCO,PACE,1608141600,172.796,172.796,0
20,4,PSCO,PACE,1577836800,201.806,201.806,0
20,4,PSCO,PACE,1579154400,168.095,168.095,0
20,4,PSCO,PACE,1580472000,165.819,165.819,0
20,4,PSCO,PACE,1581789600,197.618,211.871,2
20,4,PSCO,PACE,1583107200,195.56,195.56,0
20,4,PSCO,PACE,1584424800,221.046,221.046,0
20,4,PSCO,PACE,1585742400,196.694,196.694,0
20,4,PSCO,PACE,1587060000,211.329,211.329,0
20,4,PSCO,PACE,1588377600,192.813,187.407,2
20,4,PSCO,PACE,1589695200,174.63,174.63,0
20,4,PSCO,PACE,1591012800,220.905,220.905,0
20,4,PSCO,PACE,1592330400,179.992,179.992,0
20,4,PSCO,PACE,1593648000,180.132,180.132,0
20,4,PSCO,PACE,1594965600,204.514,216.392,1
20,4,PSCO,PACE,1596283200,202.105,202.105,0
20,4,PSCO,PACE,1597600800,189.709,189.709,0
20,4,PSCO,PACE,1598918400,243.038,239.606,2
20,4,PSCO,PACE,1600236000,174.02,174.02,0
20,4,PSCO,PACE,1601553600,195.176,195.176,0
20,4,PSCO,PACE,1602871200,202.804,202.804,0
20,4,PSCO,PACE,1604188800,225.924,225.924,0
20,4,PSCO,PACE,1605506400,203.332,203.332,0
20,4,PSCO,PACE,1606824000,147.36,147.36,0
20,4,PSCO,PACE,1608141600,172.796,172.796,0
20,5,PSCO,PACE,1577836800,216.054,211.739,5
20,5,PSCO,PACE,1579154400,182.448,174.668,6
20,5,PSCO,PACE,1580472000,176.139,172.775,4
20,5,PSCO,PACE,1581789600,202.085,215.208,6
20,5,PSCO,PACE,1583107200,212.371,206.286,8
20,5,PSCO,PACE,1584424800,228.726,225.4,2
20,5,PSCO,PACE,1585742400,209.021,206.331,5
20,5,PSCO,PACE,1587060000,225.931,224.553,7
20,5,PSCO,PACE,1588377600,182.27,190.648,6
20,5,PSCO,PACE,1589695200,174.789,177.256,2
20,5,PSCO,PACE,1591012800,220.167,225.601,2
20,5,PSCO,PACE,1592330400,174.844,187.535,4
20,5,PSCO,PACE,1593648000,183.823,187.687,4
20,5,PSCO,PACE,1594965600,213.595,224.05,8
20,5,PSCO,PACE,1596283200,210.64,208.238,4
20,5,PSCO,PACE,1597600800,189.709,189.709,0
20,5,PSCO,PACE,1598918400,244.17,244.046,6
20,5,PSCO,PACE,1600236000,174.02,174.02,0
20,5,PSCO,PACE,1601553600,206.48,202.199,4
20,5,PSCO,PACE,1602871200,197.006,208.122,3
20,5,PSCO,PACE,1604188800,231.922,230.317,2
20,5,PSCO,PACE,1605506400,211.164,209.248,4
20,5,PSCO,PACE,1606824000,147.36,147.36,0
20,5,PSCO,PACE,1608141600,172.796,172.796,0
20,6,PSCO,PACE,1577836800,201.806,201.806,0
20,6,PSCO,PACE,1579154400,168.095,168.095,0
20,6,PSCO,PACE,1580472000,165.819,165.819,0
20,6,PSCO,PACE,1581789600,198.956,211.871,2
20,6,PSCO,PACE,1583107200,195.56,195.56,0
20,6,PSCO,PACE,1584424800,221.046,221.046,0
20,6,PSCO,PACE,1585742400,196.694,196.694,0
20,6,PSCO,PACE,1587060000,211.329,211.329,0
20,6,PSCO,PACE,1588377600,183.315,187.407,1
20,6,PSCO,PACE,1589695200,174.63,174.63,0
20,6,PSCO,PACE,1591012800,220.905,220.905,0
20,6,PSCO,PACE,1592330400,179.992,179.992,0
20,6,PSCO,PACE,1593648000,180.132,180.132,0
20,6,PSCO,PACE,1594965600,204.514,216.392,1
20,6,PSCO,PACE,1596283200,202.105,202.105,0
20,6,PSCO,PACE,1597600800,189.709,189.709,0
20,6,PSCO,PACE,1598918400,234.509,239.606,1
20,6,PSCO,PACE,1600236000,174.02,174.02,0
20,6,PSCO,PACE,1601553600,195.176,195.176,0
20,6,PSCO,PACE,1602871200,202.633,208.122,1
20,6,PSCO,PACE,1604188800,225.924,225.924,0
20,6,PSCO,PACE,1605506400,203.332,203.332,0
20,6,PSCO,PACE,1606824000,147.36,147.36,0
20,6,PSCO,PACE,1608141600,172.796,172.796,0
20,1,TEPC,AECI,1577836800,261.782,261.782,0
20,1,TEPC,AECI,1579154400,260.044,260.044,0
20,1,TEPC,AECI,1580472000,227.287,227.287,0
20,1,TEPC,AECI,1581789600,230.952,230.952,0
20,1,TEPC,AECI,1583107200,213.887,213.887,0
20,1,TEPC,AECI,1584424800,209.261,209.261,0
20,1,TEPC,AECI,1585742400,163.89,163.89,0
20,1,TEPC,AECI,1587060000,178.693,178.693,0
20,1,TEPC,AECI,1588377600,179.254,179.254,0
20,1,TEPC,AECI,1589695200,215.518,215.518,0
20,1,TEPC,AECI,1591012800,222.496,222.496,0
20,1,TEPC,AECI,1592330400,189.451,189.451,0
20,1,TEPC,AECI,1593648000,215.878,215.878,0
20,1,TEPC,AECI,1594965600,207.863,207.863,0
20,1,TEPC,AECI,1596283200,219.66,219.66,0
20,1,TEPC,AECI,1597600800,232.192,232.192,0
20,1,TEPC,AECI,1598918400,219.508,219.508,0
20,1,TEPC,AECI,1600236000,245.174,245.174,0
20,1,TEPC,AECI,1601553600,235.921,235.921,0
20,1,TEPC,AECI,1602871200,262.53,262.53,0
20,1,TEPC,AECI,1604188800,265.706,265.706,0
20,1,TEPC,AECI,1605506400,225.001,225.001,0
20,1,TEPC,AECI,1606824000,193.11,193.11,0
20,1,TEPC,AECI,1608141600,251.11,251.11,0
20,2,TEPC,AECI,1577836800,178.953,267.327,1
20,2,TEPC,AECI,1579154400,193.035,265.972,1
20,2,TEPC,AECI,1580472000,185.136,238.772,5
20,2,TEPC,AECI,1581789600,200.136,238.38,4
20,2,TEPC,AECI,1583107200,184.569,222.949,5
20,2,TEPC,AECI,1584424800,179.802,214.078,3
20,2,TEPC,AECI,1585742400,141.187,171.952,5
20,2,TEPC,AECI,1587060000,153.588,184.288,5
20,2,TEPC,AECI,1588377600,163.095,186.595,5
20,2,TEPC,AECI,1589695200,163.629,220.659,1
20,2,TEPC,AECI,1591012800,158.124,227.481,1
20,2,TEPC,AECI,1592330400,171.75,196.336,5
20,2,TEPC,AECI,1593648000,192.297,220.097,3
20,2,TEPC,AECI,1594965600,183.817,212.83,3
20,2,TEPC,AECI,1596283200,187.302,224.499,1
20,2,TEPC,AECI,1597600800,207.178,236.671,1
20,2,TEPC,AECI,1598918400,185.43,224.177,1
20,2,TEPC,AECI,1600236000,213.408,250.543,3
20,2,TEPC,AECI,1601553600,189.287,240.805,1
20,2,TEPC,AECI,1602871200,185.496,267.329,1
20,2,TEPC,AECI,1604188800,244.093,280.107,7
20,2,TEPC,AECI,1605506400,216.747,235.056,5
20,2,TEPC,AECI,1606824000,200.391,201.578,5
20,2,TEPC,AECI,1608141600,200.627,256.156,1
20,3,TEPC,AECI,1577836800,178.953,267.327,1
20,3,TEPC,AECI,1579154400,193.035,265.972,1
20,3,TEPC,AECI,1580472000,184.602,232.948,1
20,3,TEPC,AECI,1581789600,220.12,238.38,4
20,3,TEPC,AECI,1583107200,213.887,213.887,0
20,3,TEPC,AECI,1584424800,185.455,214.078,1
20,3,TEPC,AECI,1585742400,144.238,171.952,4
20,3,TEPC,AECI,1587060000,175.905,181.485,2
20,3,TEPC,AECI,1588377600,179.254,179.254,0
20,3,TEPC,AECI,1589695200,163.629,220.659,1
20,3,TEPC,AECI,1591012800,158.124,227.481,1
20,3,TEPC,AECI,1592330400,191.829,196.336,4
20,3,TEPC,AECI,1593648000,215.878,215.878,0
20,3,TEPC,AECI,1594965600,204.784,212.83,3
20,3,TEPC,AECI,1596283200,190.679,224.499,1
20,3,TEPC,AECI,1597600800,232.192,232.192,0
20,3,TEPC,AECI,1598918400,189.308,224.177,3
20,3,TEPC,AECI,1600236000,247.763,250.543,1
20,3,TEPC,AECI,1601553600,189.287,240.805,1
20,3,TEPC,AECI,1602871200,185.496,267.329,1
20,3,TEPC,AECI,1604188800,259.749,270.432,2
20,3,TEPC,AECI,1605506400,220.076,230.103,1
20,3,TEPC,AECI,1606824000,193.11,193.11,0
20,3,TEPC,AECI,1608141600,200.627,256.156,1
20,4,TEPC,AECI,1577836800,178.953,267.327,1
20,4,TEPC,AECI,1579154400,193.035,265.972,1
20,4,TEPC,AECI,1580472000,184.602,232.948,1
20,4,TEPC,AECI,1581789600,195.18,234.731,1
20,4,TEPC,AECI,1583107200,183.977,218.268,1
20,4,TEPC,AECI,1584424800,179.259,214.078,1
20,4,TEPC,AECI,1585742400,135.874,167.958,1
20,4,TEPC,AECI,1587060000,149.65,181.485,1
20,4,TEPC,AECI,1588377600,159.091,182.828,1
20,4,TEPC,AECI,1589695200,163.629,220.659,1
20,4,TEPC,AECI,1591012800,158.124,227.481,1
20,4,TEPC,AECI,1592330400,163.522,192.904,1
20,4,TEPC,AECI,1593648000,189.317,220.097,1
20,4,TEPC,AECI,1594965600,181.019,212.83,1
20,4,TEPC,AECI,1596283200,187.302,224.499,1
20,4,TEPC,AECI,1597600800,207.178,236.671,1
20,4,TEPC,AECI,1598918400,185.43,224.177,1
20,4,TEPC,AECI,1600236000,209.829,250.543,1
20,4,TEPC,AECI,1601553600,189.287,240.805,1
20,4,TEPC,AECI,1602871200,185.496,267.329,1
20,4,TEPC,AECI,1604188800,226.472,270.432,1
20,4,TEPC,AECI,1605506400,210.508,230.103,1
20,4,TEPC,AECI,1606824000,193.11,193.11,0
20,4,TEPC,AECI,1608141600,200.627,256.156,1
20,5,TEPC,AECI,1577836800,178.953,267.327,1
20,5,TEPC,AECI,1579154400,193.035,265.972,1
20,5,TEPC,AECI,1580472000,184.434,238.772,5
20,5,TEPC,AECI,1581789600,199.222,238.38,4
20,5,TEPC,AECI,1583107200,182.982,222.949,5
20,5,TEPC,AECI,1584424800,179.359,214.078,3
20,5,TEPC,AECI,1585742400,141.632,171.952,6
20,5,TEPC,AECI,1587060000,152.51,184.288,5
20,5,TEPC,AECI,1588377600,161.936,186.595,5
20,5,TEPC,AECI,1589695200,163.629,220.659,1
20,5,TEPC,AECI,1591012800,158.124,227.481,1
20,5,TEPC,AECI,1592330400,171.122,196.336,5
20,5,TEPC,AECI,1593648000,191.983,220.097,3
20,5,TEPC,AECI,1594965600,183.645,212.83,3
20,5,TEPC,AECI,1596283200,187.302,224.499,1
20,5,TEPC,AECI,1597600800,207.178,236.671,1
20,5,TEPC,AECI,1598918400,185.43,224.177,1
20,5,TEPC,AECI,1600236000,212.778,250.543,3
20,5,TEPC,AECI,1601553600,189.287,240.805,1
20,5,TEPC,AECI,1602871200,185.496,267.329,1
20,5,TEPC,AECI,1604188800,243.375,280.107,7
20,5,TEPC,AECI,1605506400,215.613,235.056,5
20,5,TEPC,AECI,1606824000,200.899,201.578,6
20,5,TEPC,AECI,1608141600,200.627,256.156,1
20,6,TEPC,AECI,1577836800,178.953,267.327,1
20,6,TEPC,AECI,1579154400,193.035,265.972,1
20,6,TEPC,AECI,1580472000,184.602,232.948,1
20,6,TEPC,AECI,1581789600,195.18,234.731,1
20,6,TEPC,AECI,1583107200,183.977,218.268,1
20,6,TEPC,AECI,1584424800,179.259,214.078,1
20,6,TEPC,AECI,1585742400,135.874,167.958,1
20,6,TEPC,AECI,1587060000,149.65,181.485,1
20,6,TEPC,AECI,1588377600,159.091,182.828,1
20,6,TEPC,AECI,1589695200,163.629,220.659,1
20,6,TEPC,AECI,1591012800,158.124,227.481,1
20,6,TEPC,AECI,1592330400,163.522,192.904,1
20,6,TEPC,AECI,1593648000,189.317,220.097,1
20,6,TEPC,AECI,1594965600,181.019,212.83,1
20,6,TEPC,AECI,1596283200,187.302,224.499,1
20,6,TEPC,AECI,1597600800,207.178,236.671,1
20,6,TEPC,AECI,1598918400,185.43,224.177,1
20,6,TEPC,AECI,1600236000,209.829,250.543,1
20,6,TEPC,AECI,1601553600,189.287,240.805,1
20,6,TEPC,AECI,1602871200,185.496,267.329,1
20,6,TEPC,AECI,1604188800,226.472,270.432,1
20,6,TEPC,AECI,1605506400,210.508,230.103,1
20,6,TEPC,AECI,1606824000,193.11,193.11,0
20,6,TEPC,AECI,1608141600,200.627,256.156,1
30,1,AECI,EPE,1577836800,171.652,171.652,0
30,1,AECI,EPE,1579154400,184.829,184.829,0
30,1,AECI,EPE,1580472000,179.08,179.08,0
30,1,AECI,EPE,1581789600,190.047,190.047,0
30,1,AECI,EPE,1583107200,177.533,177.533,0
30,1,AECI,EPE,1584424800,173.609,173.609,0
30,1,AECI,EPE,1585742400,130.078,130.078,0
30,1,AECI,EPE,1587060000,146.519,146.519,0
30,1,AECI,EPE,1588377600,154.192,154.192,0
30,1,AECI,EPE,1589695200,158.058,158.058,0
30,1,AECI,EPE,1591012800,151.782,151.782,0
30,1,AECI,EPE,1592330400,159.195,159.195,0
30,1,AECI,EPE,1593648000,183.868,183.868,0
30,1,AECI,EPE,1594965600,175.21,175.21,0
30,1,AECI,EPE,1596283200,180.832,180.832,0
30,1,AECI,EPE,1597600800,201.072,201.072,0
30,1,AECI,EPE,1598918400,180.384,180.384,0
30,1,AECI,EPE,1600236000,202.899,202.899,0
30,1,AECI,EPE,1601553600,182.573,182.573,0
30,1,AECI,EPE,1602871200,178.75,178.75,0
30,1,AECI,EPE,1604188800,219.569,219.569,0
30,1,AECI,EPE,1605506400,205.232,205.232,0
30,1,AECI,EPE,1606824000,196.187,196.187,0
30,1,AECI,EPE,1608141600,194.483,194.483,0
30,2,AECI,EPE,1577836800,179.597,175.342,2
30,2,AECI,EPE,1579154400,200.509,192.82,4
30,2,AECI,EPE,1580472000,182.068,186.263,4
30,2,AECI,EPE,1581789600,201.874,206.718,7
30,2,AECI,EPE,1583107200,189.737,186.056,4
30,2,AECI,EPE,1584424800,187.148,179.684,4
30,2,AECI,EPE,1585742400,130.078,130.078,0
30,2,AECI,EPE,1587060000,156.919,151.4,4
30,2,AECI,EPE,1588377600,167.061,161.5,4
30,2,AECI,EPE,1589695200,164.687,161.536,2
30,2,AECI,EPE,1591012800,151.782,151.782,0
30,2,AECI,EPE,1592330400,166.458,162.435,2
30,2,AECI,EPE,1593648000,206.918,195.49,6
30,2,AECI,EPE,1594965600,175.21,175.21,0
30,2,AECI,EPE,1596283200,188.186,184.458,2
30,2,AECI,EPE,1597600800,215.76,209.122,4
30,2,AECI,EPE,1598918400,195.324,187.524,4
30,2,AECI,EPE,1600236000,207.68,210.142,4
30,2,AECI,EPE,1601553600,198.069,189.499,4
30,2,AECI,EPE,1602871200,195.828,186.552,4
30,2,AECI,EPE,1604188800,227.622,232.243,6
30,2,AECI,EPE,1605506400,224.517,218.019,8
30,2,AECI,EPE,1606824000,203.253,204.333,4
30,2,AECI,EPE,1608141600,208.265,201.57,4
30,3,AECI,EPE,1577836800,208.442,175.342,1
30,3,AECI,EPE,1579154400,212.842,188.789,1
30,3,AECI,EPE,1580472000,181.488,186.263,3
30,3,AECI,EPE,1581789600,182.329,194.225,1
30,3,AECI,EPE,1583107200,208.265,181.799,1
30,3,AECI,EPE,1584424800,202.878,176.679,2
30,3,AECI,EPE,1585742400,146.706,137.315,3
30,3,AECI,EPE,1587060000,176.172,149.147,1
30,3,AECI,EPE,1588377600,188.884,157.765,1
30,3,AECI,EPE,1589695200,193.727,161.536,2
30,3,AECI,EPE,1591012800,151.782,151.782,0
30,3,AECI,EPE,1592330400,167.823,162.435,1
30,3,AECI,EPE,1593648000,203.987,187.798,1
30,3,AECI,EPE,1594965600,211.751,181.77,4
30,3,AECI,EPE,1596283200,198.974,184.458,2
30,3,AECI,EPE,1597600800,220.518,205.228,1
30,3,AECI,EPE,1598918400,209.501,183.948,1
30,3,AECI,EPE,1600236000,206.964,206.444,2
30,3,AECI,EPE,1601553600,198.768,185.848,2
30,3,AECI,EPE,1602871200,187.288,182.572,1
30,3,AECI,EPE,1604188800,221.947,223.947,1
30,3,AECI,EPE,1605506400,205.642,208.412,2
30,3,AECI,EPE,1606824000,205.084,200.233,1
30,3,AECI,EPE,1608141600,222.077,198.171,1
30,4,AECI,EPE,1577836800,171.652,171.652,0
30,4,AECI,EPE,1579154400,184.829,184.829,0
30,4,AECI,EPE,1580472000,179.989,182.532,2
30,4,AECI,EPE,1581789600,187.4,194.225,2
30,4,AECI,EPE,1583107200,177.533,177.533,0
30,4,AECI,EPE,1584424800,173.609,173.609,0
30,4,AECI,EPE,1585742400,130.078,130.078,0
30,4,AECI,EPE,1587060000,146.519,146.519,0
30,4,AECI,EPE,1588377600,154.192,154.192,0
30,4,AECI,EPE,1589695200,158.058,158.058,0
30,4,AECI,EPE,1591012800,151.782,151.782,0
30,4,AECI,EPE,1592330400,159.195,159.195,0
30,4,AECI,EPE,1593648000,183.868,183.868,0
30,4,AECI,EPE,1594965600,175.21,175.21,0
30,4,AECI,EPE,1596283200,180.832,180.832,0
30,4,AECI,EPE,1597600800,204.977,205.228,1
30,4,AECI,EPE,1598918400,180.384,180.384,0
30,4,AECI,EPE,1600236000,202.899,202.899,0
30,4,AECI,EPE,1601553600,182.573,182.573,0
30,4,AECI,EPE,1602871200,178.75,178.75,0
30,4,AECI,EPE,1604188800,219.135,223.947,2
30,4,AECI,EPE,1605506400,205.232,205.232,0
30,4,AECI,EPE,1606824000,196.187,196.187,0
30,4,AECI,EPE,1608141600,194.483,194.483,0
30,5,AECI,EPE,1577836800,179.373,175.342,2
30,5,AECI,EPE,1579154400,199.454,192.82,4
30,5,AECI,EPE,1580472000,181.569,186.263,4
30,5,AECI,EPE,1581789600,200.837,206.718,7
30,5,AECI,EPE,1583107200,188.861,186.056,4
30,5,AECI,EPE,1584424800,186.559,179.684,4
30,5,AECI,EPE,1585742400,130.078,130.078,0
30,5,AECI,EPE,1587060000,150.972,149.147,2
30,5,AECI,EPE,1588377600,166.232,161.5,4
30,5,AECI,EPE,1589695200,164.412,161.536,2
30,5,AECI,EPE,1591012800,151.782,151.782,0
30,5,AECI,EPE,1592330400,166.33,162.435,2
30,5,AECI,EPE,1593648000,205.609,195.49,6
30,5,AECI,EPE,1594965600,175.21,175.21,0
30,5,AECI,EPE,1596283200,187.868,184.458,2
30,5,AECI,EPE,1597600800,215.186,209.122,4
30,5,AECI,EPE,1598918400,195.006,187.524,4
30,5,AECI,EPE,1600236000,206.111,210.142,4
30,5,AECI,EPE,1601553600,197.298,189.499,4
30,5,AECI,EPE,1602871200,194.716,186.552,4
30,5,AECI,EPE,1604188800,217.643,228.152,4
30,5,AECI,EPE,1605506400,222.687,218.019,8
30,5,AECI,EPE,1606824000,202.246,204.333,4
30,5,AECI,EPE,1608141600,207.292,201.57,4
30,6,AECI,EPE,1577836800,171.652,171.652,0
30,6,AECI,EPE,1579154400,184.829,184.829,0
30,6,AECI,EPE,1580472000,179.08,179.08,0
30,6,AECI,EPE,1581789600,182.329,194.225,1
30,6,AECI,EPE,1583107200,177.533,177.533,0
30,6,AECI,EPE,1584424800,173.609,173.609,0
30,6,AECI,EPE,1585742400,130.078,130.078,0
30,6,AECI,EPE,1587060000,146.519,146.519,0
30,6,AECI,EPE,1588377600,154.192,154.192,0
30,6,AECI,EPE,1589695200,158.058,158.058,0
30,6,AECI,EPE,1591012800,151.782,151.782,0
30,6,AECI,EPE,1592330400,159.195,159.195,0
30,6,AECI,EPE,1593648000,183.868,183.868,0
30,6,AECI,EPE,1594965600,175.21,175.21,0
30,6,AECI,EPE,1596283200,180.832,180.832,0
30,6,AECI,EPE,1597600800,201.072,201.072,0
30,6,AECI,EPE,1598918400,180.384,180.384,0
30,6,AECI,EPE,1600236000,202.57,206.444,1
30,6,AECI,EPE,1601553600,182.573,182.573,0
30,6,AECI,EPE,1602871200,178.75,178.75,0
30,6,AECI,EPE,1604188800,219.148,223.947,1
30,6,AECI,EPE,1605506400,205.232,205.232,0
30,6,AECI,EPE,1606824000,196.187,196.187,0
30,6,AECI,EPE,1608141600,194.483,194.483,0
30,1,AECI,PACE,1577836800,171.652,171.652,0
30,1,AECI,PACE,1579154400,184.829,184.829,0
30,1,AECI,PACE,1580472000,179.08,179.08,0
30,1,AECI,PACE,1581789600,190.047,190.047,0
30,1,AECI,PACE,1583107200,177.533,177.533,0
30,1,AECI,PACE,1584424800,173.609,173.609,0
30,1,AECI,PACE,1585742400,130.078,130.078,0
30,1,AECI,PACE,1587060000,146.519,146.519,0
30,1,AECI,PACE,1588377600,154.192,154.192,0
30,1,AECI,PACE,1589695200,158.058,158.058,0
30,1,AECI,PACE,1591012800,151.782,151.782,0
30,1,AECI,PACE,1592330400,159.195,159.195,0
30,1,AECI,PACE,1593648000,183.868,183.868,0
30,1,AECI,PACE,1594965600,175.21,175.21,0
30,1,AECI,PACE,1596283200,180.832,180.832,0
30,1,AECI,PACE,1597600800,201.072,201.072,0
30,1,AECI,PACE,1598918400,180.384,180.384,0
30,1,AECI,PACE,1600236000,202.899,202.899,0
30,1,AECI,PACE,1601553600,182.573,182.573,0
30,1,AECI,PACE,1602871200,178.75,178.75,0
30,1,AECI,PACE,1604188800,219.569,219.569,0
30,1,AECI,PACE,1605506400,205.232,205.232,0
30,1,AECI,PACE,1606824000,196.187,196.187,0
30,1,AECI,PACE,1608141600,194.483,194.483,0
30,2,AECI,PACE,1577836800,179.439,175.342,2
30,2,AECI,PACE,1579154400,192.65,188.789,2
30,2,AECI,PACE,1580472000,187.211,186.263,4
30,2,AECI,PACE,1581789600,201.618,202.752,5
30,2,AECI,PACE,1583107200,184.655,186.056,4
30,2,AECI,PACE,1584424800,173.609,173.609,0
30,2,AECI,PACE,1585742400,130.078,130.078,0
30,2,AECI,PACE,1587060000,152.381,149.147,2
30,2,AECI,PACE,1588377600,156.768,161.5,3
30,2,AECI,PACE,1589695200,166.291,161.536,2
30,2,AECI,PACE,1591012800,151.782,151.782,0
30,2,AECI,PACE,1592330400,168.034,165.665,4
30,2,AECI,PACE,1593648000,211.703,199.132,8
30,2,AECI,PACE,1594965600,194.996,185.187,6
30,2,AECI,PACE,1596283200,188.776,184.458,2
30,2,AECI,PACE,1597600800,201.072,201.072,0
30,2,AECI,PACE,1598918400,180.384,180.384,0
30,2,AECI,PACE,1600236000,202.899,202.899,0
30,2,AECI,PACE,1601553600,190.167,185.848,2
30,2,AECI,PACE,1602871200,203.599,194.718,7
30,2,AECI,PACE,1604188800,224.4,223.947,2
30,2,AECI,PACE,1605506400,218.652,211.558,4
30,2,AECI,PACE,1606824000,222.528,208.508,6
30,2,AECI,PACE,1608141600,209.828,201.57,4
30,3,AECI,PACE,1577836800,192.86,175.342,2
30,3,AECI,PACE,1579154400,221.987,192.82,4
30,3,AECI,PACE,1580472000,190.384,182.532,2
30,3,AECI,PACE,1581789600,203.514,194.225,1
30,3,AECI,PACE,1583107200,213.105,181.799,1
30,3,AECI,PACE,1584424800,173.609,173.609,0
30,3,AECI,PACE,1585742400,130.078,130.078,0
30,3,AECI,PACE,1587060000,146.519,146.519,0
30,3,AECI,PACE,1588377600,185.39,157.765,1
30,3,AECI,PACE,1589695200,167.967,161.536,2
30,3,AECI,PACE,1591012800,151.782,151.782,0
30,3,AECI,PACE,1592330400,159.195,159.195,0
30,3,AECI,PACE,1593648000,218.502,187.798,1
30,3,AECI,PACE,1594965600,190.67,181.77,4
30,3,AECI,PACE,1596283200,180.832,180.832,0
30,3,AECI,PACE,1597600800,228.921,209.122,4
30,3,AECI,PACE,1598918400,201.221,187.524,4
30,3,AECI,PACE,1600236000,224.463,206.444,2
30,3,AECI,PACE,1601553600,182.573,182.573,0
30,3,AECI,PACE,1602871200,213.567,190.616,5
30,3,AECI,PACE,1604188800,263.0,228.152,4
30,3,AECI,PACE,1605506400,227.097,208.412,2
30,3,AECI,PACE,1606824000,235.113,208.508,5
30,3,AECI,PACE,1608141600,210.918,198.171,2
30,4,AECI,PACE,1577836800,171.652,171.652,0
30,4,AECI,PACE,1579154400,184.829,184.829,0
30,4,AECI,PACE,1580472000,179.08,179.08,0
30,4,AECI,PACE,1581789600,190.047,190.047,0
30,4,AECI,PACE,1583107200,177.533,177.533,0
30,4,AECI,PACE,1584424800,173.609,173.609,0
30,4,AECI,PACE,1585742400,130.078,130.078,0
30,4,AECI,PACE,1587060000,146.519,146.519,0
30,4,AECI,PACE,1588377600,154.192,154.192,0
30,4,AECI,PACE,1589695200,158.058,158.058,0
30,4,AECI,PACE,1591012800,151.782,151.782,0
30,4,AECI,PACE,1592330400,159.195,159.195,0
30,4,AECI,PACE,1593648000,183.868,183.868,0
30,4,AECI,PACE,1594965600,175.21,175.21,0
30,4,AECI,PACE,1596283200,180.832,180.832,0
30,4,AECI,PACE,1597600800,201.072,201.072,0
30,4,AECI,PACE,1598918400,180.384,180.384,0
30,4,AECI,PACE,1600236000,202.899,202.899,0
30,4,AECI,PACE,1601553600,182.573,182.573,0
30,4,AECI,PACE,1602871200,178.75,178.75,0
30,4,AECI,PACE,1604188800,219.569,219.569,0
30,4,AECI,PACE,1605506400,205.232,205.232,0
30,4,AECI,PACE,1606824000,196.187,196.187,0
30,4,AECI,PACE,1608141600,194.483,194.483,0
30,5,AECI,PACE,1577836800,179.379,175.342,2
30,5,AECI,PACE,1579154400,192.6,188.789,2
30,5,AECI,PACE,1580472000,185.092,186.263,4
30,5,AECI,PACE,1581789600,200.44,202.752,5
30,5,AECI,PACE,1583107200,183.506,186.056,4
30,5,AECI,PACE,1584424800,173.609,173.609,0
30,5,AECI,PACE,1585742400,130.078,130.078,0
30,5,AECI,PACE,1587060000,152.276,149.147,2
30,5,AECI,PACE,1588377600,157.201,161.5,4
30,5,AECI,PACE,1589695200,165.061,161.536,2
30,5,AECI,PACE,1591012800,151.782,151.782,0
30,5,AECI,PACE,1592330400,167.108,165.665,4
30,5,AECI,PACE,1593648000,209.105,199.132,8
30,5,AECI,PACE,1594965600,192.202,185.187,6
30,5,AECI,PACE,1596283200,188.637,184.458,2
30,5,AECI,PACE,1597600800,201.072,201.072,0
30,5,AECI,PACE,1598918400,180.384,180.384,0
30,5,AECI,PACE,1600236000,202.899,202.899,0
30,5,AECI,PACE,1601553600,190.079,185.848,2
30,5,AECI,PACE,1602871200,201.614,194.718,7
30,5,AECI,PACE,1604188800,223.913,223.947,2
30,5,AECI,PACE,1605506400,217.602,211.558,4
30,5,AECI,PACE,1606824000,221.25,208.508,6
30,5,AECI,PACE,1608141600,209.179,201.57,4
30,6,AECI,PACE,1577836800,171.652,171.652,0
30,6,AECI,PACE,1579154400,184.829,184.829,0
30,6,AECI,PACE,1580472000,179.08,179.08,0
30,6,AECI,PACE,1581789600,190.047,190.047,0
30,6,AECI,PACE,1583107200,177.215,181.799,1
30,6,AECI,PACE,1584424800,173.609,173.609,0
30,6,AECI,PACE,1585742400,130.078,130.078,0
30,6,AECI,PACE,1587060000,146.519,146.519,0
30,6,AECI,PACE,1588377600,153.804,157.765,1
30,6,AECI,PACE,1589695200,158.058,158.058,0
30,6,AECI,PACE,1591012800,151.782,151.782,0
30,6,AECI,PACE,1592330400,159.195,159.195,0
30,6,AECI,PACE,1593648000,183.868,183.868,0
30,6,AECI,PACE,1594965600,175.21,175.21,0
30,6,AECI,PACE,1596283200,180.832,180.832,0
30,6,AECI,PACE,1597600800,201.072,201.072,0
30,6,AECI,PACE,1598918400,180.384,180.384,0
30,6,AECI,PACE,1600236000,202.899,202.899,0
30,6,AECI,PACE,1601553600,182.573,182.573,0
30,6,AECI,PACE,1602871200,178.75,178.75,0
30,6,AECI,PACE,1604188800,219.569,219.569,0
30,6,AECI,PACE,1605506400,205.232,205.232,0
30,6,AECI,PACE,1606824000,196.187,196.187,0
30,6,AECI,PACE,1608141600,194.483,194.483,0
30,1,AECI,TEPC,1577836800,171.652,171.652,0
30,1,AECI,TEPC,1579154400,184.829,184.829,0
30,1,AECI,TEPC,1580472000,179.08,179.08,0
30,1,AECI,TEPC,1581789600,190.047,190.047,0
30,1,AECI,TEPC,1583107200,177.533,177.533,0
30,1,AECI,TEPC,1584424800,173.609,173.609,0
30,1,AECI,TEPC,1585742400,130.078,130.078,0
30,1,AECI,TEPC,1587060000,146.519,146.519,0
30,1,AECI,TEPC,1588377600,154.192,154.192,0
30,1,AECI,TEPC,1589695200,158.058,158.058,0
30,1,AECI,TEPC,1591012800,151.782,151.782,0
30,1,AECI,TEPC,1592330400,159.195,159.195,0
30,1,AECI,TEPC,1593648000,183.868,183.868,0
30,1,AECI,TEPC,1594965600,175.21,175.21,0
30,1,AECI,TEPC,1596283200,180.832,180.832,0
30,1,AECI,TEPC,1597600800,201.072,201.072,0
30,1,AECI,TEPC,1598918400,180.384,180.384,0
30,1,AECI,TEPC,1600236000,202.899,202.899,0
30,1,AECI,TEPC,1601553600,182.573,182.573,0
30,1,AECI,TEPC,1602871200,178.75,178.75,0
30,1,AECI,TEPC,1604188800,219.569,219.569,0
30,1,AECI,TEPC,1605506400,205.232,205.232,0
30,1,AECI,TEPC,1606824000,196.187,196.187,0
30,1,AECI,TEPC,1608141600,194.483,194.483,0
30,2,AECI,TEPC,1577836800,171.652,171.652,0
30,2,AECI,TEPC,1579154400,184.829,184.829,0
30,2,AECI,TEPC,1580472000,185.666,186.263,4
30,2,AECI,TEPC,1581789600,208.785,202.752,5
30,2,AECI,TEPC,1583107200,185.199,186.056,4
30,2,AECI,TEPC,1584424800,178.505,176.679,2
30,2,AECI,TEPC,1585742400,140.992,137.315,4
30,2,AECI,TEPC,1587060000,160.126,153.628,6
30,2,AECI,TEPC,1588377600,164.115,161.5,4
30,2,AECI,TEPC,1589695200,158.058,158.058,0
30,2,AECI,TEPC,1591012800,151.782,151.782,0
30,2,AECI,TEPC,1592330400,180.136,168.835,6
30,2,AECI,TEPC,1593648000,192.143,187.798,2
30,2,AECI,TEPC,1594965600,182.632,178.469,2
30,2,AECI,TEPC,1596283200,180.832,180.832,0
30,2,AECI,TEPC,1597600800,201.072,201.072,0
30,2,AECI,TEPC,1598918400,180.384,180.384,0
30,2,AECI,TEPC,1600236000,211.674,206.444,2
30,2,AECI,TEPC,1601553600,182.573,182.573,0
30,2,AECI,TEPC,1602871200,178.75,178.75,0
30,2,AECI,TEPC,1604188800,246.747,232.243,6
30,2,AECI,TEPC,1605506400,217.654,211.558,4
30,2,AECI,TEPC,1606824000,201.554,204.333,4
30,2,AECI,TEPC,1608141600,194.483,194.483,0
30,3,AECI,TEPC,1577836800,171.652,171.652,0
30,3,AECI,TEPC,1579154400,184.829,184.829,0
30,3,AECI,TEPC,1580472000,179.08,179.08,0
30,3,AECI,TEPC,1581789600,231.444,202.752,5
30,3,AECI,TEPC,1583107200,219.407,181.799,1
30,3,AECI,TEPC,1584424800,186.648,176.679,2
30,3,AECI,TEPC,1585742400,143.498,137.315,3
30,3,AECI,TEPC,1587060000,182.685,151.4,4
30,3,AECI,TEPC,1588377600,184.418,157.765,1
30,3,AECI,TEPC,1589695200,165.664,161.536,2
30,3,AECI,TEPC,1591012800,151.782,151.782,0
30,3,AECI,TEPC,1592330400,193.333,165.665,3
30,3,AECI,TEPC,1593648000,221.977,187.798,1
30,3,AECI,TEPC,1594965600,213.778,185.187,6
30,3,AECI,TEPC,1596283200,191.553,184.458,2
30,3,AECI,TEPC,1597600800,238.203,205.228,1
30,3,AECI,TEPC,1598918400,202.658,191.074,5
30,3,AECI,TEPC,1600236000,248.009,206.444,2
30,3,AECI,TEPC,1601553600,182.573,182.573,0
30,3,AECI,TEPC,1602871200,187.929,182.572,2
30,3,AECI,TEPC,1604188800,267.822,228.152,3
30,3,AECI,TEPC,1605506400,222.716,208.412,2
30,3,AECI,TEPC,1606824000,199.168,200.233,1
30,3,AECI,TEPC,1608141600,194.483,194.483,0
30,4,AECI,TEPC,1577836800,171.652,171.652,0
30,4,AECI,TEPC,1579154400,184.829,184.829,0
30,4,AECI,TEPC,1580472000,179.08,179.08,0
30,4,AECI,TEPC,1581789600,190.047,190.047,0
30,4,AECI,TEPC,1583107200,177.533,177.533,0
30,4,AECI,TEPC,1584424800,173.609,173.609,0
30,4,AECI,TEPC,1585742400,130.078,130.078,0
30,4,AECI,TEPC,1587060000,146.519,146.519,0
30,4,AECI,TEPC,1588377600,154.192,154.192,0
30,4,AECI,TEPC,1589695200,158.058,158.058,0
30,4,AECI,TEPC,1591012800,151.782,151.782,0
30,4,AECI,TEPC,1592330400,159.195,159.195,0
30,4,AECI,TEPC,1593648000,183.868,183.868,0
30,4,AECI,TEPC,1594965600,175.21,175.21,0
30,4,AECI,TEPC,1596283200,180.832,180.832,0
30,4,AECI,TEPC,1597600800,201.072,201.072,0
30,4,AECI,TEPC,1598918400,180.384,180.384,0
30,4,AECI,TEPC,1600236000,202.899,202.899,0
30,4,AECI,TEPC,1601553600,182.573,182.573,0
30,4,AECI,TEPC,1602871200,178.75,178.75,0
30,4,AECI,TEPC,1604188800,219.569,219.569,0
30,4,AECI,TEPC,1605506400,205.232,205.232,0
30,4,AECI,TEPC,1606824000,196.187,196.187,0
30,4,AECI,TEPC,1608141600,194.483,194.483,0
30,5,AECI,TEPC,1577836800,171.652,171.652,0
30,5,AECI,TEPC,1579154400,184.829,184.829,0
30,5,AECI,TEPC,1580472000,184.868,186.263,4
30,5,AECI,TEPC,1581789600,207.779,202.752,5
30,5,AECI,TEPC,1583107200,183.424,186.056,4
30,5,AECI,TEPC,1584424800,177.993,176.679,2
30,5,AECI,TEPC,1585742400,145.35,140.908,5
30,5,AECI,TEPC,1587060000,158.955,153.628,6
30,5,AECI,TEPC,1588377600,162.831,161.5,4
30,5,AECI,TEPC,1589695200,158.058,158.058,0
30,5,AECI,TEPC,1591012800,151.782,151.782,0
30,5,AECI,TEPC,1592330400,172.322,165.665,4
30,5,AECI,TEPC,1593648000,191.814,187.798,2
30,5,AECI,TEPC,1594965600,182.438,178.469,2
30,5,AECI,TEPC,1596283200,180.832,180.832,0
30,5,AECI,TEPC,1597600800,201.072,201.072,0
30,5,AECI,TEPC,1598918400,180.384,180.384,0
30,5,AECI,TEPC,1600236000,210.928,206.444,2
30,5,AECI,TEPC,1601553600,182.573,182.573,0
30,5,AECI,TEPC,1602871200,178.75,178.75,0
30,5,AECI,TEPC,1604188800,245.899,232.243,6
30,5,AECI,TEPC,1605506400,216.424,211.558,4
30,5,AECI,TEPC,1606824000,206.661,208.508,5
30,5,AECI,TEPC,1608141600,194.483,194.483,0
30,6,AECI,TEPC,1577836800,171.652,171.652,0
30,6,AECI,TEPC,1579154400,184.829,184.829,0
30,6,AECI,TEPC,1580472000,179.08,179.08,0
30,6,AECI,TEPC,1581789600,190.047,190.047,0
30,6,AECI,TEPC,1583107200,177.533,177.533,0
30,6,AECI,TEPC,1584424800,173.609,173.609,0
30,6,AECI,TEPC,1585742400,130.078,130.078,0
30,6,AECI,TEPC,1587060000,146.519,146.519,0
30,6,AECI,TEPC,1588377600,154.192,154.192,0
30,6,AECI,TEPC,1589695200,158.058,158.058,0
30,6,AECI,TEPC,1591012800,151.782,151.782,0
30,6,AECI,TEPC,1592330400,159.195,159.195,0
30,6,AECI,TEPC,1593648000,183.868,183.868,0
30,6,AECI,TEPC,1594965600,175.21,175.21,0
30,6,AECI,TEPC,1596283200,180.832,180.832,0
30,6,AECI,TEPC,1597600800,201.072,201.072,0
30,6,AECI,TEPC,1598918400,180.384,180.384,0
30,6,AECI,TEPC,1600236000,202.899,202.899,0
30,6,AECI,TEPC,1601553600,182.573,182.573,0
30,6,AECI,TEPC,1602871200,178.75,178.75,0
30,6,AECI,TEPC,1604188800,219.569,219.569,0
30,6,AECI,TEPC,1605506400,205.232,205.232,0
30,6,AECI,TEPC,1606824000,196.187,196.187,0
30,6,AECI,TEPC,1608141600,194.483,194.483,0
30,1,BANC,CISO,1577836800,76.253,76.253,0
30,1,BANC,CISO,1579154400,81.548,81.548,0
30,1,BANC,CISO,1580472000,55.83,55.83,0
30,1,BANC,CISO,1581789600,52.267,52.267,0
30,1,BANC,CISO,1583107200,52.43,52.43,0
30,1,BANC,CISO,1584424800,83.316,83.316,0
30,1,BANC,CISO,1585742400,44.33,44.33,0
30,1,BANC,CISO,1587060000,33.313,33.313,0
30,1,BANC,CISO,1588377600,42.749,42.749,0
30,1,BANC,CISO,1589695200,42.187,42.187,0
30,1,BANC,CISO,1591012800,42.378,42.378,0
30,1,BANC,CISO,1592330400,40.383,40.383,0
30,1,BANC,CISO,1593648000,37.688,37.688,0
30,1,BANC,CISO,1594965600,55.204,55.204,0
30,1,BANC,CISO,1596283200,56.684,56.684,0
30,1,BANC,CISO,1597600800,78.197,78.197,0
30,1,BANC,CISO,1598918400,75.022,75.022,0
30,1,BANC,CISO,1600236000,80.174,80.174,0
30,1,BANC,CISO,1601553600,81.036,81.036,0
30,1,BANC,CISO,1602871200,74.249,74.249,0
30,1,BANC,CISO,1604188800,87.09,87.09,0
30,1,BANC,CISO,1605506400,93.475,93.475,0
30,1,BANC,CISO,1606824000,108.643,108.643,0
30,1,BANC,CISO,1608141600,91.972,91.972,0
30,2,BANC,CISO,1577836800,78.87,77.755,2
30,2,BANC,CISO,1579154400,81.548,81.548,0
30,2,BANC,CISO,1580472000,55.83,55.83,0
30,2,BANC,CISO,1581789600,58.597,56.696,5
30,2,BANC,CISO,1583107200,54.715,53.467,2
30,2,BANC,CISO,1584424800,83.316,83.316,0
30,2,BANC,CISO,1585742400,46.232,45.136,2
30,2,BANC,CISO,1587060000,33.313,33.313,0
30,2,BANC,CISO,1588377600,44.593,44.902,6
30,2,BANC,CISO,1589695200,42.097,44.133,4
30,2,BANC,CISO,1591012800,42.378,42.378,0
30,2,BANC,CISO,1592330400,42.719,41.842,4
30,2,BANC,CISO,1593648000,39.208,38.452,2
30,2,BANC,CISO,1594965600,60.167,57.597,4
30,2,BANC,CISO,1596283200,61.268,58.939,4
30,2,BANC,CISO,1597600800,78.197,78.197,0
30,2,BANC,CISO,1598918400,80.816,77.342,4
30,2,BANC,CISO,1600236000,80.174,80.174,0
30,2,BANC,CISO,1601553600,81.036,81.036,0
30,2,BANC,CISO,1602871200,74.249,74.249,0
30,2,BANC,CISO,1604188800,89.9,88.215,2
30,2,BANC,CISO,1605506400,100.432,97.995,4
30,2,BANC,CISO,1606824000,116.55,113.865,4
30,2,BANC,CISO,1608141600,102.601,96.743,6
30,3,BANC,CISO,1577836800,80.039,77.755,2
30,3,BANC,CISO,1579154400,81.548,81.548,0
30,3,BANC,CISO,1580472000,55.83,55.83,0
30,3,BANC,CISO,1581789600,54.22,53.687,1
30,3,BANC,CISO,1583107200,56.053,53.467,2
30,3,BANC,CISO,1584424800,83.316,83.316,0
30,3,BANC,CISO,1585742400,44.33,44.33,0
30,3,BANC,CISO,1587060000,34.44,33.965,1
30,3,BANC,CISO,1588377600,59.33,44.17,4
30,3,BANC,CISO,1589695200,45.816,43.181,2
30,3,BANC,CISO,1591012800,42.378,42.378,0
30,3,BANC,CISO,1592330400,42.733,41.117,2
30,3,BANC,CISO,1593648000,40.487,38.452,2
30,3,BANC,CISO,1594965600,55.204,55.204,0
30,3,BANC,CISO,1596283200,56.684,56.684,0
30,3,BANC,CISO,1597600800,78.197,78.197,0
30,3,BANC,CISO,1598918400,86.74,78.526,6
30,3,BANC,CISO,1600236000,80.174,80.174,0
30,3,BANC,CISO,1601553600,81.036,81.036,0
30,3,BANC,CISO,1602871200,76.957,75.808,1
30,3,BANC,CISO,1604188800,87.09,87.09,0
30,3,BANC,CISO,1605506400,125.898,97.995,3
30,3,BANC,CISO,1606824000,125.239,111.264,1
30,3,BANC,CISO,1608141600,98.2,95.082,3
30,4,BANC,CISO,1577836800,76.253,76.253,0
30,4,BANC,CISO,1579154400,81.548,81.548,0
30,4,BANC,CISO,1580472000,55.83,55.83,0
30,4,BANC,CISO,1581789600,52.267,52.267,0
30,4,BANC,CISO,1583107200,52.43,52.43,0
30,4,BANC,CISO,1584424800,83.316,83.316,0
30,4,BANC,CISO,1585742400,44.33,44.33,0
30,4,BANC,CISO,1587060000,33.313,33.313,0
30,4,BANC,CISO,1588377600,42.749,42.749,0
30,4,BANC,CISO,1589695200,42.187,42.187,0
30,4,BANC,CISO,1591012800,42.378,42.378,0
30,4,BANC,CISO,1592330400,40.383,40.383,0
30,4,BANC,CISO,1593648000,37.688,37.688,0
30,4,BANC,CISO,1594965600,55.204,55.204,0
30,4,BANC,CISO,1596283200,56.684,56.684,0
30,4,BANC,CISO,1597600800,78.197,78.197,0
30,4,BANC,CISO,1598918400,75.022,75.022,0
30,4,BANC,CISO,1600236000,80.174,80.174,0
30,4,BANC,CISO,1601553600,81.036,81.036,0
30,4,BANC,CISO,1602871200,74.249,74.249,0
30,4,BANC,CISO,1604188800,87.09,87.09,0
30,4,BANC,CISO,1605506400,93.475,93.475,0
30,4,BANC,CISO,1606824000,108.643,108.643,0
30,4,BANC,CISO,1608141600,91.972,91.972,0
30,5,BANC,CISO,1577836800,78.435,77.755,2
30,5,BANC,CISO,1579154400,81.548,81.548,0
30,5,BANC,CISO,1580472000,55.83,55.83,0
30,5,BANC,CISO,1581789600,57.746,56.696,5
30,5,BANC,CISO,1583107200,54.534,53.467,2
30,5,BANC,CISO,1584424800,83.316,83.316,0
30,5,BANC,CISO,1585742400,45.909,45.136,2
30,5,BANC,CISO,1587060000,33.313,33.313,0
30,5,BANC,CISO,1588377600,40.957,44.17,4
30,5,BANC,CISO,1589695200,41.026,44.133,4
30,5,BANC,CISO,1591012800,42.378,42.378,0
30,5,BANC,CISO,1592330400,42.25,41.842,4
30,5,BANC,CISO,1593648000,39.079,38.452,2
30,5,BANC,CISO,1594965600,59.87,57.597,4
30,5,BANC,CISO,1596283200,60.638,58.939,4
30,5,BANC,CISO,1597600800,78.197,78.197,0
30,5,BANC,CISO,1598918400,80.458,77.342,4
30,5,BANC,CISO,1600236000,80.174,80.174,0
30,5,BANC,CISO,1601553600,81.036,81.036,0
30,5,BANC,CISO,1602871200,74.249,74.249,0
30,5,BANC,CISO,1604188800,89.671,88.215,2
30,5,BANC,CISO,1605506400,98.849,97.995,4
30,5,BANC,CISO,1606824000,115.824,113.865,4
30,5,BANC,CISO,1608141600,104.101,98.52,8
30,6,BANC,CISO,1577836800,76.253,76.253,0
30,6,BANC,CISO,1579154400,81.548,81.548,0
30,6,BANC,CISO,1580472000,55.83,55.83,0
30,6,BANC,CISO,1581789600,52.267,52.267,0
30,6,BANC,CISO,1583107200,52.43,52.43,0
30,6,BANC,CISO,1584424800,83.316,83.316,0
30,6,BANC,CISO,1585742400,44.33,44.33,0
30,6,BANC,CISO,1587060000,33.313,33.313,0
30,6,BANC,CISO,1588377600,42.191,43.544,1
30,6,BANC,CISO,1589695200,42.187,42.187,0
30,6,BANC,CISO,1591012800,42.378,42.378,0
30,6,BANC,CISO,1592330400,40.383,40.383,0
30,6,BANC,CISO,1593648000,37.688,37.688,0
30,6,BANC,CISO,1594965600,55.204,55.204,0
30,6,BANC,CISO,1596283200,56.684,56.684,0
30,6,BANC,CISO,1597600800,78.197,78.197,0
30,6,BANC,CISO,1598918400,75.022,75.022,0
30,6,BANC,CISO,1600236000,80.174,80.174,0
30,6,BANC,CISO,1601553600,81.036,81.036,0
30,6,BANC,CISO,1602871200,74.249,74.249,0
30,6,BANC,CISO,1604188800,87.09,87.09,0
30,6,BANC,CISO,1605506400,93.475,93.475,0
30,6,BANC,CISO,1606824000,108.643,108.643,0
30,6,BANC,CISO,1608141600,91.972,91.972,0
30,1,CISO,BANC,1577836800,130.428,130.428,0
30,1,CISO,BANC,1579154400,140.472,140.472,0
30,1,CISO,BANC,1580472000,117.952,117.952,0
30,1,CISO,BANC,1581789600,103.569,103.569,0
30,1,CISO,BANC,1583107200,104.144,104.144,0
30,1,CISO,BANC,1584424800,135.48,135.48,0
30,1,CISO,BANC,1585742400,79.732,79.732,0
30,1,CISO,BANC,1587060000,80.679,80.679,0
30,1,CISO,BANC,1588377600,56.36,56.36,0
30,1,CISO,BANC,1589695200,62.849,62.849,0
30,1,CISO,BANC,1591012800,94.687,94.687,0
30,1,CISO,BANC,1592330400,66.377,66.377,0
30,1,CISO,BANC,1593648000,73.665,73.665,0
30,1,CISO,BANC,1594965600,90.516,90.516,0
30,1,CISO,BANC,1596283200,92.419,92.419,0
30,1,CISO,BANC,1597600800,127.384,127.384,0
30,1,CISO,BANC,1598918400,110.116,110.116,0
30,1,CISO,BANC,1600236000,126.99,126.99,0
30,1,CISO,BANC,1601553600,129.978,129.978,0
30,1,CISO,BANC,1602871200,142.021,142.021,0
30,1,CISO,BANC,1604188800,143.8,143.8,0
30,1,CISO,BANC,1605506400,123.623,123.623,0
30,1,CISO,BANC,1606824000,121.375,121.375,0
30,1,CISO,BANC,1608141600,120.762,120.762,0
30,2,CISO,BANC,1577836800,83.455,136.984,3
30,2,CISO,BANC,1579154400,86.882,143.954,1
30,2,CISO,BANC,1580472000,60.376,120.693,1
30,2,CISO,BANC,1581789600,59.461,107.401,6
30,2,CISO,BANC,1583107200,57.03,108.396,3
30,2,CISO,BANC,1584424800,88.64,138.572,1
30,2,CISO,BANC,1585742400,49.306,83.754,3
30,2,CISO,BANC,1587060000,34.442,81.482,1
30,2,CISO,BANC,1588377600,44.001,59.593,5
30,2,CISO,BANC,1589695200,45.013,67.236,5
30,2,CISO,BANC,1591012800,45.456,97.07,1
30,2,CISO,BANC,1592330400,41.984,68.483,3
30,2,CISO,BANC,1593648000,41.199,76.823,3
30,2,CISO,BANC,1594965600,63.748,97.406,5
30,2,CISO,BANC,1596283200,64.65,97.942,5
30,2,CISO,BANC,1597600800,81.359,129.72,1
30,2,CISO,BANC,1598918400,83.932,117.369,5
30,2,CISO,BANC,1600236000,84.704,129.943,1
30,2,CISO,BANC,1601553600,85.49,132.794,1
30,2,CISO,BANC,1602871200,77.439,143.701,1
30,2,CISO,BANC,1604188800,93.786,149.845,3
30,2,CISO,BANC,1605506400,105.966,131.75,5
30,2,CISO,BANC,1606824000,120.262,130.157,5
30,2,CISO,BANC,1608141600,106.903,127.714,8
30,3,CISO,BANC,1577836800,81.074,133.596,1
30,3,CISO,BANC,1579154400,86.882,143.954,1
30,3,CISO,BANC,1580472000,60.376,120.693,1
30,3,CISO,BANC,1581789600,55.085,104.847,2
30,3,CISO,BANC,1583107200,57.785,108.396,3
30,3,CISO,BANC,1584424800,88.64,138.572,1
30,3,CISO,BANC,1585742400,47.571,81.722,1
30,3,CISO,BANC,1587060000,34.917,81.482,2
30,3,CISO,BANC,1588377600,56.612,57.048,2
30,3,CISO,BANC,1589695200,47.613,65.806,3
30,3,CISO,BANC,1591012800,45.456,97.07,1
30,3,CISO,BANC,1592330400,43.537,68.483,3
30,3,CISO,BANC,1593648000,41.623,76.823,3
30,3,CISO,BANC,1594965600,58.508,92.803,1
30,3,CISO,BANC,1596283200,60.001,94.38,1
30,3,CISO,BANC,1597600800,81.359,129.72,1
30,3,CISO,BANC,1598918400,84.433,114.727,3
30,3,CISO,BANC,1600236000,84.704,129.943,1
30,3,CISO,BANC,1601553600,85.49,132.794,1
30,3,CISO,BANC,1602871200,79.036,143.701,2
30,3,CISO,BANC,1604188800,91.04,146.605,1
30,3,CISO,BANC,1605506400,123.618,126.344,2
30,3,CISO,BANC,1606824000,121.375,121.375,0
30,3,CISO,BANC,1608141600,96.299,122.495,2
30,4,CISO,BANC,1577836800,81.074,133.596,1
30,4,CISO,BANC,1579154400,86.882,143.954,1
30,4,CISO,BANC,1580472000,60.376,120.693,1
30,4,CISO,BANC,1581789600,54.551,104.847,1
30,4,CISO,BANC,1583107200,54.914,106.009,1
30,4,CISO,BANC,1584424800,88.64,138.572,1
30,4,CISO,BANC,1585742400,47.571,81.722,1
30,4,CISO,BANC,1587060000,34.442,81.482,1
30,4,CISO,BANC,1588377600,43.935,57.048,1
30,4,CISO,BANC,1589695200,45.105,64.365,1
30,4,CISO,BANC,1591012800,45.456,97.07,1
30,4,CISO,BANC,1592330400,41.198,67.397,1
30,4,CISO,BANC,1593648000,39.701,75.098,1
30,4,CISO,BANC,1594965600,58.508,92.803,1
30,4,CISO,BANC,1596283200,60.001,94.38,1
30,4,CISO,BANC,1597600800,81.359,129.72,1
30,4,CISO,BANC,1598918400,78.108,112.244,1
30,4,CISO,BANC,1600236000,84.704,129.943,1
30,4,CISO,BANC,1601553600,85.49,132.794,1
30,4,CISO,BANC,1602871200,77.439,143.701,1
30,4,CISO,BANC,1604188800,91.04,146.605,1
30,4,CISO,BANC,1605506400,98.91,126.344,1
30,4,CISO,BANC,1606824000,112.866,124.252,1
30,4,CISO,BANC,1608141600,95.097,122.495,1
30,5,CISO,BANC,1577836800,83.019,136.984,3
30,5,CISO,BANC,1579154400,86.882,143.954,1
30,5,CISO,BANC,1580472000,60.376,120.693,1
30,5,CISO,BANC,1581789600,58.61,107.401,6
30,5,CISO,BANC,1583107200,56.849,108.396,3
30,5,CISO,BANC,1584424800,88.64,138.572,1
30,5,CISO,BANC,1585742400,48.983,83.754,3
30,5,CISO,BANC,1587060000,34.442,81.482,1
30,5,CISO,BANC,1588377600,42.081,59.593,5
30,5,CISO,BANC,1589695200,43.943,67.236,5
30,5,CISO,BANC,1591012800,45.456,97.07,1
30,5,CISO,BANC,1592330400,41.515,68.483,3
30,5,CISO,BANC,1593648000,41.07,76.823,3
30,5,CISO,BANC,1594965600,63.451,97.406,5
30,5,CISO,BANC,1596283200,64.019,97.942,5
30,5,CISO,BANC,1597600800,81.359,129.72,1
30,5,CISO,BANC,1598918400,83.574,117.369,5
30,5,CISO,BANC,1600236000,84.704,129.943,1
30,5,CISO,BANC,1601553600,85.49,132.794,1
30,5,CISO,BANC,1602871200,77.439,143.701,1
30,5,CISO,BANC,1604188800,93.557,149.845,3
30,5,CISO,BANC,1605506400,104.382,131.75,5
30,5,CISO,BANC,1606824000,119.536,130.157,5
30,5,CISO,BANC,1608141600,101.263,125.937,6
30,6,CISO,BANC,1577836800,81.074,133.596,1
30,6,CISO,BANC,1579154400,86.882,143.954,1
30,6,CISO,BANC,1580472000,60.376,120.693,1
30,6,CISO,BANC,1581789600,54.551,104.847,1
30,6,CISO,BANC,1583107200,54.914,106.009,1
30,6,CISO,BANC,1584424800,88.64,138.572,1
30,6,CISO,BANC,1585742400,47.571,81.722,1
30,6,CISO,BANC,1587060000,34.442,81.482,1
30,6,CISO,BANC,1588377600,42.582,57.048,2
30,6,CISO,BANC,1589695200,45.105,64.365,1
30,6,CISO,BANC,1591012800,45.456,97.07,1
30,6,CISO,BANC,1592330400,41.198,67.397,1
30,6,CISO,BANC,1593648000,39.701,75.098,1
30,6,CISO,BANC,1594965600,58.508,92.803,1
30,6,CISO,BANC,1596283200,60.001,94.38,1
30,6,CISO,BANC,1597600800,81.359,129.72,1
30,6,CISO,BANC,1598918400,78.108,112.244,1
30,6,CISO,BANC,1600236000,84.704,129.943,1
30,6,CISO,BANC,1601553600,85.49,132.794,1
30,6,CISO,BANC,1602871200,77.439,143.701,1
30,6,CISO,BANC,1604188800,91.04,146.605,1
30,6,CISO,BANC,1605506400,98.91,126.344,1
30,6,CISO,BANC,1606824000,112.866,124.252,1
30,6,CISO,BANC,1608141600,95.097,122.495,1
30,1,EPE,AECI,1577836800,202.093,202.093,0
30,1,EPE,AECI,1579154400,207.289,207.289,0
30,1,EPE,AECI,1580472000,181.504,181.504,0
30,1,EPE,AECI,1581789600,175.974,175.974,0
30,1,EPE,AECI,1583107200,202.541,202.541,0
30,1,EPE,AECI,1584424800,204.307,204.307,0
30,1,EPE,AECI,1585742400,164.605,164.605,0
30,1,EPE,AECI,1587060000,171.684,171.684,0
30,1,EPE,AECI,1588377600,183.602,183.602,0
30,1,EPE,AECI,1589695200,189.282,189.282,0
30,1,EPE,AECI,1591012800,195.852,195.852,0
30,1,EPE,AECI,1592330400,195.157,195.157,0
30,1,EPE,AECI,1593648000,198.016,198.016,0
30,1,EPE,AECI,1594965600,209.436,209.436,0
30,1,EPE,AECI,1596283200,204.715,204.715,0
30,1,EPE,AECI,1597600800,214.763,214.763,0
30,1,EPE,AECI,1598918400,203.471,203.471,0
30,1,EPE,AECI,1600236000,199.728,199.728,0
30,1,EPE,AECI,1601553600,220.07,220.07,0
30,1,EPE,AECI,1602871200,223.978,223.978,0
30,1,EPE,AECI,1604188800,214.945,214.945,0
30,1,EPE,AECI,1605506400,203.959,203.959,0
30,1,EPE,AECI,1606824000,198.83,198.83,0
30,1,EPE,AECI,1608141600,215.454,215.454,0
30,2,EPE,AECI,1577836800,185.611,211.05,3
30,2,EPE,AECI,1579154400,207.087,220.931,5
30,2,EPE,AECI,1580472000,188.41,193.983,5
30,2,EPE,AECI,1581789600,195.565,185.713,6
30,2,EPE,AECI,1583107200,196.305,215.916,5
30,2,EPE,AECI,1584424800,193.588,216.382,5
30,2,EPE,AECI,1585742400,135.861,168.307,1
30,2,EPE,AECI,1587060000,155.476,177.835,3
30,2,EPE,AECI,1588377600,172.434,195.06,5
30,2,EPE,AECI,1589695200,171.615,198.114,3
30,2,EPE,AECI,1591012800,158.951,200.346,1
30,2,EPE,AECI,1592330400,164.231,199.038,1
30,2,EPE,AECI,1593648000,212.747,214.798,7
30,2,EPE,AECI,1594965600,182.03,214.068,1
30,2,EPE,AECI,1596283200,195.043,213.686,3
30,2,EPE,AECI,1597600800,221.873,226.498,5
30,2,EPE,AECI,1598918400,201.105,216.536,5
30,2,EPE,AECI,1600236000,214.197,213.427,5
30,2,EPE,AECI,1601553600,206.024,234.765,5
30,2,EPE,AECI,1602871200,202.423,236.912,5
30,2,EPE,AECI,1604188800,225.008,228.189,5
30,2,EPE,AECI,1605506400,229.981,225.312,9
30,2,EPE,AECI,1606824000,209.921,212.384,5
30,2,EPE,AECI,1608141600,205.841,223.802,3
30,3,EPE,AECI,1577836800,202.093,202.093,0
30,3,EPE,AECI,1579154400,207.289,207.289,0
30,3,EPE,AECI,1580472000,175.821,185.696,2
30,3,EPE,AECI,1581789600,175.974,175.974,0
30,3,EPE,AECI,1583107200,202.541,202.541,0
30,3,EPE,AECI,1584424800,202.673,208.54,1
30,3,EPE,AECI,1585742400,152.309,171.887,4
30,3,EPE,AECI,1587060000,171.684,171.684,0
30,3,EPE,AECI,1588377600,183.602,183.602,0
30,3,EPE,AECI,1589695200,193.238,193.609,1
30,3,EPE,AECI,1591012800,158.951,200.346,1
30,3,EPE,AECI,1592330400,169.492,199.038,2
30,3,EPE,AECI,1593648000,198.016,198.016,0
30,3,EPE,AECI,1594965600,212.494,218.743,3
30,3,EPE,AECI,1596283200,197.93,209.351,1
30,3,EPE,AECI,1597600800,214.763,214.763,0
30,3,EPE,AECI,1598918400,210.654,207.754,2
30,3,EPE,AECI,1600236000,199.728,199.728,0
30,3,EPE,AECI,1601553600,200.987,225.219,1
30,3,EPE,AECI,1602871200,191.34,228.349,2
30,3,EPE,AECI,1604188800,214.945,214.945,0
30,3,EPE,AECI,1605506400,203.67,208.386,1
30,3,EPE,AECI,1606824000,206.932,203.521,2
30,3,EPE,AECI,1608141600,223.015,219.654,2
30,4,EPE,AECI,1577836800,177.641,206.553,1
30,4,EPE,AECI,1579154400,191.524,211.801,1
30,4,EPE,AECI,1580472000,178.81,185.696,1
30,4,EPE,AECI,1581789600,184.349,179.278,1
30,4,EPE,AECI,1583107200,184.451,206.952,1
30,4,EPE,AECI,1584424800,180.168,208.54,1
30,4,EPE,AECI,1585742400,135.861,168.307,1
30,4,EPE,AECI,1587060000,150.512,174.728,1
30,4,EPE,AECI,1588377600,159.607,187.24,1
30,4,EPE,AECI,1589695200,165.014,193.609,1
30,4,EPE,AECI,1591012800,158.951,200.346,1
30,4,EPE,AECI,1592330400,164.104,199.038,1
30,4,EPE,AECI,1593648000,195.5,202.089,1
30,4,EPE,AECI,1594965600,182.03,214.068,1
30,4,EPE,AECI,1596283200,187.61,209.351,1
30,4,EPE,AECI,1597600800,207.226,218.69,2
30,4,EPE,AECI,1598918400,186.179,207.754,1
30,4,EPE,AECI,1600236000,199.728,199.728,0
30,4,EPE,AECI,1601553600,189.895,225.219,1
30,4,EPE,AECI,1602871200,185.103,228.349,1
30,4,EPE,AECI,1604188800,217.939,219.333,1
30,4,EPE,AECI,1605506400,209.244,208.386,1
30,4,EPE,AECI,1606824000,198.952,203.521,1
30,4,EPE,AECI,1608141600,199.936,219.654,1
30,5,EPE,AECI,1577836800,185.387,211.05,3
30,5,EPE,AECI,1579154400,206.032,220.931,5
30,5,EPE,AECI,1580472000,187.911,193.983,5
30,5,EPE,AECI,1581789600,194.528,185.713,6
30,5,EPE,AECI,1583107200,195.429,215.916,5
30,5,EPE,AECI,1584424800,192.998,216.382,5
30,5,EPE,AECI,1585742400,137.689,168.307,2
30,5,EPE,AECI,1587060000,154.59,177.835,3
30,5,EPE,AECI,1588377600,171.604,195.06,5
30,5,EPE,AECI,1589695200,171.339,198.114,3
30,5,EPE,AECI,1591012800,158.951,200.346,1
30,5,EPE,AECI,1592330400,164.102,199.038,1
30,5,EPE,AECI,1593648000,211.438,214.798,7
30,5,EPE,AECI,1594965600,182.03,214.068,1
30,5,EPE,AECI,1596283200,194.725,213.686,3
30,5,EPE,AECI,1597600800,221.298,226.498,5
30,5,EPE,AECI,1598918400,200.787,216.536,5
30,5,EPE,AECI,1600236000,212.628,213.427,5
30,5,EPE,AECI,1601553600,205.254,234.765,5
30,5,EPE,AECI,1602871200,201.311,236.912,5
30,5,EPE,AECI,1604188800,223.932,228.189,5
30,5,EPE,AECI,1605506400,228.151,225.312,9
30,5,EPE,AECI,1606824000,211.001,212.384,6
30,5,EPE,AECI,1608141600,204.869,223.802,3
30,6,EPE,AECI,1577836800,177.641,206.553,1
30,6,EPE,AECI,1579154400,191.524,211.801,1
30,6,EPE,AECI,1580472000,180.526,185.696,1
30,6,EPE,AECI,1581789600,175.974,175.974,0
30,6,EPE,AECI,1583107200,184.451,206.952,1
30,6,EPE,AECI,1584424800,180.168,208.54,1
30,6,EPE,AECI,1585742400,135.861,168.307,1
30,6,EPE,AECI,1587060000,150.512,174.728,1
30,6,EPE,AECI,1588377600,159.607,187.24,1
30,6,EPE,AECI,1589695200,165.014,193.609,1
30,6,EPE,AECI,1591012800,158.951,200.346,1
30,6,EPE,AECI,1592330400,164.104,199.038,1
30,6,EPE,AECI,1593648000,189.984,202.089,1
30,6,EPE,AECI,1594965600,182.03,214.068,1
30,6,EPE,AECI,1596283200,187.61,209.351,1
30,6,EPE,AECI,1597600800,207.477,218.69,1
30,6,EPE,AECI,1598918400,186.179,207.754,1
30,6,EPE,AECI,1600236000,199.728,199.728,0
30,6,EPE,AECI,1601553600,189.895,225.219,1
30,6,EPE,AECI,1602871200,185.103,228.349,1
30,6,EPE,AECI,1604188800,214.945,214.945,0
30,6,EPE,AECI,1605506400,203.699,208.386,1
30,6,EPE,AECI,1606824000,198.398,203.521,1
30,6,EPE,AECI,1608141600,199.936,219.654,1
30,1,EPE,PSCO,1577836800,202.093,202.093,0
30,1,EPE,PSCO,1579154400,207.289,207.289,0
30,1,EPE,PSCO,1580472000,181.504,181.504,0
30,1,EPE,PSCO,1581789600,175.974,175.974,0
30,1,EPE,PSCO,1583107200,202.541,202.541,0
30,1,EPE,PSCO,1584424800,204.307,204.307,0
30,1,EPE,PSCO,1585742400,164.605,164.605,0
30,1,EPE,PSCO,1587060000,171.684,171.684,0
30,1,EPE,PSCO,1588377600,183.602,183.602,0
30,1,EPE,PSCO,1589695200,189.282,189.282,0
30,1,EPE,PSCO,1591012800,195.852,195.852,0
30,1,EPE,PSCO,1592330400,195.157,195.157,0
30,1,EPE,PSCO,1593648000,198.016,198.016,0
30,1,EPE,PSCO,1594965600,209.436,209.436,0
30,1,EPE,PSCO,1596283200,204.715,204.715,0
30,1,EPE,PSCO,1597600800,214.763,214.763,0
30,1,EPE,PSCO,1598918400,203.471,203.471,0
30,1,EPE,PSCO,1600236000,199.728,199.728,0
30,1,EPE,PSCO,1601553600,220.07,220.07,0
30,1,EPE,PSCO,1602871200,223.978,223.978,0
30,1,EPE,PSCO,1604188800,214.945,214.945,0
30,1,EPE,PSCO,1605506400,203.959,203.959,0
30,1,EPE,PSCO,1606824000,198.83,198.83,0
30,1,EPE,PSCO,1608141600,215.454,215.454,0
30,2,EPE,PSCO,1577836800,208.381,211.05,4
30,2,EPE,PSCO,1579154400,189.511,220.931,5
30,2,EPE,PSCO,1580472000,201.783,201.659,10
30,2,EPE,PSCO,1581789600,195.463,185.713,6
30,2,EPE,PSCO,1583107200,212.729,215.916,5
30,2,EPE,PSCO,1584424800,224.237,216.382,6
30,2,EPE,PSCO,1585742400,167.893,168.307,2
30,2,EPE,PSCO,1587060000,177.195,174.728,2
30,2,EPE,PSCO,1588377600,201.908,198.949,7
30,2,EPE,PSCO,1589695200,176.047,198.114,3
30,2,EPE,PSCO,1591012800,213.315,204.385,4
30,2,EPE,PSCO,1592330400,190.126,202.922,4
30,2,EPE,PSCO,1593648000,196.993,210.543,5
30,2,EPE,PSCO,1594965600,221.602,223.387,5
30,2,EPE,PSCO,1596283200,209.539,217.727,5
30,2,EPE,PSCO,1597600800,202.346,222.614,4
30,2,EPE,PSCO,1598918400,210.165,207.754,2
30,2,EPE,PSCO,1600236000,189.376,213.427,5
30,2,EPE,PSCO,1601553600,220.893,238.903,7
30,2,EPE,PSCO,1602871200,224.669,236.912,6
30,2,EPE,PSCO,1604188800,241.964,232.626,7
30,2,EPE,PSCO,1605506400,210.955,216.982,5
30,2,EPE,PSCO,1606824000,153.533,203.521,1
30,2,EPE,PSCO,1608141600,178.511,219.654,1
30,3,EPE,PSCO,1577836800,218.462,211.05,4
30,3,EPE,PSCO,1579154400,174.196,211.801,1
30,3,EPE,PSCO,1580472000,172.082,185.696,1
30,3,EPE,PSCO,1581789600,180.457,179.278,1
30,3,EPE,PSCO,1583107200,201.936,206.952,1
30,3,EPE,PSCO,1584424800,211.632,208.54,2
30,3,EPE,PSCO,1585742400,164.605,164.605,0
30,3,EPE,PSCO,1587060000,171.684,171.684,0
30,3,EPE,PSCO,1588377600,183.602,183.602,0
30,3,EPE,PSCO,1589695200,178.998,193.609,1
30,3,EPE,PSCO,1591012800,195.852,195.852,0
30,3,EPE,PSCO,1592330400,185.608,199.038,1
30,3,EPE,PSCO,1593648000,192.99,206.31,3
30,3,EPE,PSCO,1594965600,213.967,214.068,1
30,3,EPE,PSCO,1596283200,206.737,209.351,1
30,3,EPE,PSCO,1597600800,195.303,218.69,2
30,3,EPE,PSCO,1598918400,203.471,203.471,0
30,3,EPE,PSCO,1600236000,180.207,204.188,1
30,3,EPE,PSCO,1601553600,202.294,225.219,1
30,3,EPE,PSCO,1602871200,211.882,228.349,2
30,3,EPE,PSCO,1604188800,214.945,214.945,0
30,3,EPE,PSCO,1605506400,214.036,212.743,3
30,3,EPE,PSCO,1606824000,153.533,203.521,1
30,3,EPE,PSCO,1608141600,178.511,219.654,1
30,4,EPE,PSCO,1577836800,201.502,206.553,2
30,4,EPE,PSCO,1579154400,174.196,211.801,1
30,4,EPE,PSCO,1580472000,171.371,185.696,1
30,4,EPE,PSCO,1581789600,175.974,175.974,0
30,4,EPE,PSCO,1583107200,200.472,206.952,1
30,4,EPE,PSCO,1584424800,204.307,204.307,0
30,4,EPE,PSCO,1585742400,164.605,164.605,0
30,4,EPE,PSCO,1587060000,171.684,171.684,0
30,4,EPE,PSCO,1588377600,191.604,187.24,1
30,4,EPE,PSCO,1589695200,175.133,193.609,1
30,4,EPE,PSCO,1591012800,195.852,195.852,0
30,4,EPE,PSCO,1592330400,188.27,199.038,2
30,4,EPE,PSCO,1593648000,186.265,202.089,1
30,4,EPE,PSCO,1594965600,209.436,209.436,0
30,4,EPE,PSCO,1596283200,197.956,209.351,1
30,4,EPE,PSCO,1597600800,194.462,218.69,2
30,4,EPE,PSCO,1598918400,217.618,207.754,1
30,4,EPE,PSCO,1600236000,180.207,204.188,1
30,4,EPE,PSCO,1601553600,202.294,225.219,1
30,4,EPE,PSCO,1602871200,211.459,228.349,1
30,4,EPE,PSCO,1604188800,214.945,214.945,0
30,4,EPE,PSCO,1605506400,210.331,208.386,1
30,4,EPE,PSCO,1606824000,153.533,203.521,1
30,4,EPE,PSCO,1608141600,178.511,219.654,1
30,5,EPE,PSCO,1577836800,206.879,211.05,4
30,5,EPE,PSCO,1579154400,187.272,220.931,5
30,5,EPE,PSCO,1580472000,200.081,201.659,10
30,5,EPE,PSCO,1581789600,194.554,185.713,6
30,5,EPE,PSCO,1583107200,211.249,215.916,5
30,5,EPE,PSCO,1584424800,223.165,216.382,6
30,5,EPE,PSCO,1585742400,166.405,168.307,2
30,5,EPE,PSCO,1587060000,176.659,174.728,2
30,5,EPE,PSCO,1588377600,200.151,198.949,7
30,5,EPE,PSCO,1589695200,175.395,198.114,3
30,5,EPE,PSCO,1591012800,203.904,200.346,2
30,5,EPE,PSCO,1592330400,188.56,202.922,4
30,5,EPE,PSCO,1593648000,196.178,210.543,5
30,5,EPE,PSCO,1594965600,220.681,223.387,5
30,5,EPE,PSCO,1596283200,209.072,217.727,5
30,5,EPE,PSCO,1597600800,201.751,222.614,4
30,5,EPE,PSCO,1598918400,209.738,207.754,2
30,5,EPE,PSCO,1600236000,188.221,213.427,5
30,5,EPE,PSCO,1601553600,218.562,238.903,7
30,5,EPE,PSCO,1602871200,223.616,236.912,6
30,5,EPE,PSCO,1604188800,240.286,232.626,7
30,5,EPE,PSCO,1605506400,210.1,216.982,5
30,5,EPE,PSCO,1606824000,153.533,203.521,1
30,5,EPE,PSCO,1608141600,178.511,219.654,1
30,6,EPE,PSCO,1577836800,201.386,206.553,1
30,6,EPE,PSCO,1579154400,174.196,211.801,1
30,6,EPE,PSCO,1580472000,172.082,185.696,1
30,6,EPE,PSCO,1581789600,175.974,175.974,0
30,6,EPE,PSCO,1583107200,201.936,206.952,1
30,6,EPE,PSCO,1584424800,204.307,204.307,0
30,6,EPE,PSCO,1585742400,164.605,164.605,0
30,6,EPE,PSCO,1587060000,171.684,171.684,0
30,6,EPE,PSCO,1588377600,183.602,183.602,0
30,6,EPE,PSCO,1589695200,178.998,193.609,1
30,6,EPE,PSCO,1591012800,195.852,195.852,0
30,6,EPE,PSCO,1592330400,185.608,199.038,1
30,6,EPE,PSCO,1593648000,186.265,202.089,1
30,6,EPE,PSCO,1594965600,209.436,209.436,0
30,6,EPE,PSCO,1596283200,203.758,209.351,1
30,6,EPE,PSCO,1597600800,195.931,218.69,1
30,6,EPE,PSCO,1598918400,203.471,203.471,0
30,6,EPE,PSCO,1600236000,180.207,204.188,1
30,6,EPE,PSCO,1601553600,202.294,225.219,1
30,6,EPE,PSCO,1602871200,211.459,228.349,1
30,6,EPE,PSCO,1604188800,214.945,214.945,0
30,6,EPE,PSCO,1605506400,203.859,208.386,1
30,6,EPE,PSCO,1606824000,153.533,203.521,1
30,6,EPE,PSCO,1608141600,178.511,219.654,1
30,1,PACE,AECI,1577836800,222.045,222.045,0
30,1,PACE,AECI,1579154400,234.433,234.433,0
30,1,PACE,AECI,1580472000,198.311,198.311,0
30,1,PACE,AECI,1581789600,196.827,196.827,0
30,1,PACE,AECI,1583107200,208.975,208.975,0
30,1,PACE,AECI,1584424800,252.452,252.452,0
30,1,PACE,AECI,1585742400,225.822,225.822,0
30,1,PACE,AECI,1587060000,224.401,224.401,0
30,1,PACE,AECI,1588377600,195.688,195.688,0
30,1,PACE,AECI,1589695200,218.514,218.514,0
30,1,PACE,AECI,1591012800,230.978,230.978,0
30,1,PACE,AECI,1592330400,200.767,200.767,0
30,1,PACE,AECI,1593648000,211.4,211.4,0
30,1,PACE,AECI,1594965600,197.864,197.864,0
30,1,PACE,AECI,1596283200,232.915,232.915,0
30,1,PACE,AECI,1597600800,252.895,252.895,0
30,1,PACE,AECI,1598918400,239.903,239.903,0
30,1,PACE,AECI,1600236000,257.912,257.912,0
30,1,PACE,AECI,1601553600,250.583,250.583,0
30,1,PACE,AECI,1602871200,211.548,211.548,0
30,1,PACE,AECI,1604188800,258.098,258.098,0
30,1,PACE,AECI,1605506400,230.758,230.758,0
30,1,PACE,AECI,1606824000,241.036,241.036,0
30,1,PACE,AECI,1608141600,221.431,221.431,0
30,2,PACE,AECI,1577836800,185.797,231.404,3
30,2,PACE,AECI,1579154400,201.346,244.419,3
30,2,PACE,AECI,1580472000,193.867,211.457,5
30,2,PACE,AECI,1581789600,195.037,204.537,4
30,2,PACE,AECI,1583107200,193.192,221.906,5
30,2,PACE,AECI,1584424800,181.987,258.582,1
30,2,PACE,AECI,1585742400,137.585,230.918,1
30,2,PACE,AECI,1587060000,158.204,232.124,3
30,2,PACE,AECI,1588377600,159.983,202.184,4
30,2,PACE,AECI,1589695200,174.712,228.222,3
30,2,PACE,AECI,1591012800,159.991,236.311,1
30,2,PACE,AECI,1592330400,165.577,209.922,3
30,2,PACE,AECI,1593648000,209.161,230.938,7
30,2,PACE,AECI,1594965600,201.242,218.113,7
30,2,PACE,AECI,1596283200,196.883,243.136,3
30,2,PACE,AECI,1597600800,208.682,257.798,1
30,2,PACE,AECI,1598918400,187.434,244.161,1
30,2,PACE,AECI,1600236000,211.294,263.157,1
30,2,PACE,AECI,1601553600,199.674,262.744,3
30,2,PACE,AECI,1602871200,205.592,226.232,8
30,2,PACE,AECI,1604188800,232.241,268.458,3
30,2,PACE,AECI,1605506400,224.77,244.598,5
30,2,PACE,AECI,1606824000,231.024,260.797,7
30,2,PACE,AECI,1608141600,215.337,236.191,5
30,3,PACE,AECI,1577836800,197.601,231.404,3
30,3,PACE,AECI,1579154400,221.528,244.419,3
30,3,PACE,AECI,1580472000,189.087,202.703,1
30,3,PACE,AECI,1581789600,196.827,196.827,0
30,3,PACE,AECI,1583107200,208.975,208.975,0
30,3,PACE,AECI,1584424800,181.987,258.582,1
30,3,PACE,AECI,1585742400,137.585,230.918,1
30,3,PACE,AECI,1587060000,152.716,228.312,1
30,3,PACE,AECI,1588377600,190.693,198.668,2
30,3,PACE,AECI,1589695200,175.347,228.222,3
30,3,PACE,AECI,1591012800,159.991,236.311,1
30,3,PACE,AECI,1592330400,163.761,205.289,1
30,3,PACE,AECI,1593648000,211.4,211.4,0
30,3,PACE,AECI,1594965600,190.593,203.144,1
30,3,PACE,AECI,1596283200,188.861,238.256,1
30,3,PACE,AECI,1597600800,236.917,267.477,5
30,3,PACE,AECI,1598918400,200.305,248.814,3
30,3,PACE,AECI,1600236000,231.018,268.524,3
30,3,PACE,AECI,1601553600,191.704,256.736,1
30,3,PACE,AECI,1602871200,221.455,222.582,6
30,3,PACE,AECI,1604188800,253.255,263.29,2
30,3,PACE,AECI,1605506400,225.513,235.265,1
30,3,PACE,AECI,1606824000,240.248,256.069,6
30,3,PACE,AECI,1608141600,208.774,226.347,1
30,4,PACE,AECI,1577836800,177.985,226.717,1
30,4,PACE,AECI,1579154400,193.453,239.487,1
30,4,PACE,AECI,1580472000,185.066,202.703,1
30,4,PACE,AECI,1581789600,194.059,200.732,1
30,4,PACE,AECI,1583107200,186.42,213.105,1
30,4,PACE,AECI,1584424800,181.987,258.582,1
30,4,PACE,AECI,1585742400,137.585,230.918,1
30,4,PACE,AECI,1587060000,152.716,228.312,1
30,4,PACE,AECI,1588377600,160.98,198.668,1
30,4,PACE,AECI,1589695200,166.508,223.55,1
30,4,PACE,AECI,1591012800,159.991,236.311,1
30,4,PACE,AECI,1592330400,163.761,205.289,1
30,4,PACE,AECI,1593648000,189.018,215.96,1
30,4,PACE,AECI,1594965600,184.034,203.144,1
30,4,PACE,AECI,1596283200,188.861,238.256,1
30,4,PACE,AECI,1597600800,208.682,257.798,1
30,4,PACE,AECI,1598918400,187.434,244.161,1
30,4,PACE,AECI,1600236000,211.294,263.157,1
30,4,PACE,AECI,1601553600,191.704,256.736,1
30,4,PACE,AECI,1602871200,184.565,215.177,1
30,4,PACE,AECI,1604188800,227.582,263.29,1
30,4,PACE,AECI,1605506400,211.284,235.265,1
30,4,PACE,AECI,1606824000,204.496,246.095,1
30,4,PACE,AECI,1608141600,200.356,226.347,1
30,5,PACE,AECI,1577836800,185.738,231.404,3
30,5,PACE,AECI,1579154400,201.296,244.419,3
30,5,PACE,AECI,1580472000,191.749,211.457,5
30,5,PACE,AECI,1581789600,193.86,204.537,4
30,5,PACE,AECI,1583107200,192.043,221.906,5
30,5,PACE,AECI,1584424800,181.987,258.582,1
30,5,PACE,AECI,1585742400,137.585,230.918,1
30,5,PACE,AECI,1587060000,158.099,232.124,3
30,5,PACE,AECI,1588377600,163.946,206.522,5
30,5,PACE,AECI,1589695200,173.482,228.222,3
30,5,PACE,AECI,1591012800,159.991,236.311,1
30,5,PACE,AECI,1592330400,164.652,209.922,3
30,5,PACE,AECI,1593648000,206.563,230.938,7
30,5,PACE,AECI,1594965600,198.448,218.113,7
30,5,PACE,AECI,1596283200,196.744,243.136,3
30,5,PACE,AECI,1597600800,208.682,257.798,1
30,5,PACE,AECI,1598918400,187.434,244.161,1
30,5,PACE,AECI,1600236000,211.294,263.157,1
30,5,PACE,AECI,1601553600,199.586,262.744,3
30,5,PACE,AECI,1602871200,196.038,222.582,6
30,5,PACE,AECI,1604188800,231.754,268.458,3
30,5,PACE,AECI,1605506400,223.72,244.598,5
30,5,PACE,AECI,1606824000,229.746,260.797,7
30,5,PACE,AECI,1608141600,214.689,236.191,5
30,6,PACE,AECI,1577836800,177.985,226.717,1
30,6,PACE,AECI,1579154400,193.453,239.487,1
30,6,PACE,AECI,1580472000,185.307,202.703,1
30,6,PACE,AECI,1581789600,195.35,200.732,1
30,6,PACE,AECI,1583107200,181.836,213.105,2
30,6,PACE,AECI,1584424800,181.987,258.582,1
30,6,PACE,AECI,1585742400,137.585,230.918,1
30,6,PACE,AECI,1587060000,152.716,228.312,1
30,6,PACE,AECI,1588377600,157.018,198.668,2
30,6,PACE,AECI,1589695200,166.508,223.55,1
30,6,PACE,AECI,1591012800,159.991,236.311,1
30,6,PACE,AECI,1592330400,163.761,205.289,1
30,6,PACE,AECI,1593648000,189.018,215.96,1
30,6,PACE,AECI,1594965600,181.225,203.144,1
30,6,PACE,AECI,1596283200,188.861,238.256,1
30,6,PACE,AECI,1597600800,208.682,257.798,1
30,6,PACE,AECI,1598918400,187.434,244.161,1
30,6,PACE,AECI,1600236000,211.294,263.157,1
30,6,PACE,AECI,1601553600,191.704,256.736,1
30,6,PACE,AECI,1602871200,184.565,215.177,1
30,6,PACE,AECI,1604188800,227.582,263.29,1
30,6,PACE,AECI,1605506400,211.284,235.265,1
30,6,PACE,AECI,1606824000,204.496,246.095,1
30,6,PACE,AECI,1608141600,200.356,226.347,1
30,1,PACE,PSCO,1577836800,222.045,222.045,0
30,1,PACE,PSCO,1579154400,234.433,234.433,0
30,1,PACE,PSCO,1580472000,198.311,198.311,0
30,1,PACE,PSCO,1581789600,196.827,196.827,0
30,1,PACE,PSCO,1583107200,208.975,208.975,0
30,1,PACE,PSCO,1584424800,252.452,252.452,0
30,1,PACE,PSCO,1585742400,225.822,225.822,0
30,1,PACE,PSCO,1587060000,224.401,224.401,0
30,1,PACE,PSCO,1588377600,195.688,195.688,0
30,1,PACE,PSCO,1589695200,218.514,218.514,0
30,1,PACE,PSCO,1591012800,230.978,230.978,0
30,1,PACE,PSCO,1592330400,200.767,200.767,0
30,1,PACE,PSCO,1593648000,211.4,211.4,0
30,1,PACE,PSCO,1594965600,197.864,197.864,0
30,1,PACE,PSCO,1596283200,232.915,232.915,0
30,1,PACE,PSCO,1597600800,252.895,252.895,0
30,1,PACE,PSCO,1598918400,239.903,239.903,0
30,1,PACE,PSCO,1600236000,257.912,257.912,0
30,1,PACE,PSCO,1601553600,250.583,250.583,0
30,1,PACE,PSCO,1602871200,211.548,211.548,0
30,1,PACE,PSCO,1604188800,258.098,258.098,0
30,1,PACE,PSCO,1605506400,230.758,230.758,0
30,1,PACE,PSCO,1606824000,241.036,241.036,0
30,1,PACE,PSCO,1608141600,221.431,221.431,0
30,2,PACE,PSCO,1577836800,228.737,236.183,6
30,2,PACE,PSCO,1579154400,200.02,254.109,7
30,2,PACE,PSCO,1580472000,186.555,211.457,5
30,2,PACE,PSCO,1581789600,208.126,208.335,5
30,2,PACE,PSCO,1583107200,232.259,230.78,9
30,2,PACE,PSCO,1584424800,238.564,264.664,3
30,2,PACE,PSCO,1585742400,221.857,240.809,6
30,2,PACE,PSCO,1587060000,239.1,239.886,8
30,2,PACE,PSCO,1588377600,197.838,210.827,7
30,2,PACE,PSCO,1589695200,183.312,228.222,3
30,2,PACE,PSCO,1591012800,229.931,241.566,3
30,2,PACE,PSCO,1592330400,176.684,209.922,3
30,2,PACE,PSCO,1593648000,193.457,225.845,5
30,2,PACE,PSCO,1594965600,232.829,223.005,9
30,2,PACE,PSCO,1596283200,220.251,247.634,5
30,2,PACE,PSCO,1597600800,197.136,257.798,1
30,2,PACE,PSCO,1598918400,261.605,258.417,7
30,2,PACE,PSCO,1600236000,182.299,263.157,1
30,2,PACE,PSCO,1601553600,220.141,268.308,5
30,2,PACE,PSCO,1602871200,207.113,218.893,4
30,2,PACE,PSCO,1604188800,242.437,268.458,3
30,2,PACE,PSCO,1605506400,220.911,244.598,5
30,2,PACE,PSCO,1606824000,155.304,246.095,1
30,2,PACE,PSCO,1608141600,178.931,226.347,1
30,3,PACE,PSCO,1577836800,210.331,226.717,2
30,3,PACE,PSCO,1579154400,176.125,239.487,1
30,3,PACE,PSCO,1580472000,172.397,202.703,1
30,3,PACE,PSCO,1581789600,200.652,200.732,1
30,3,PACE,PSCO,1583107200,209.781,217.474,3
30,3,PACE,PSCO,1584424800,228.477,258.582,1
30,3,PACE,PSCO,1585742400,203.76,230.918,1
30,3,PACE,PSCO,1587060000,219.321,228.312,2
30,3,PACE,PSCO,1588377600,189.523,198.668,2
30,3,PACE,PSCO,1589695200,180.492,223.55,1
30,3,PACE,PSCO,1591012800,229.01,236.311,1
30,3,PACE,PSCO,1592330400,185.266,205.289,1
30,3,PACE,PSCO,1593648000,192.595,220.744,3
30,3,PACE,PSCO,1594965600,202.31,203.144,1
30,3,PACE,PSCO,1596283200,207.988,238.256,1
30,3,PACE,PSCO,1597600800,197.136,257.798,1
30,3,PACE,PSCO,1598918400,243.719,244.161,2
30,3,PACE,PSCO,1600236000,182.299,263.157,1
30,3,PACE,PSCO,1601553600,204.103,256.736,1
30,3,PACE,PSCO,1602871200,218.614,218.893,4
30,3,PACE,PSCO,1604188800,234.488,263.29,1
30,3,PACE,PSCO,1605506400,209.279,235.265,1
30,3,PACE,PSCO,1606824000,155.304,246.095,1
30,3,PACE,PSCO,1608141600,178.931,226.347,1
30,4,PACE,PSCO,1577836800,211.787,226.717,1
30,4,PACE,PSCO,1579154400,176.125,239.487,1
30,4,PACE,PSCO,1580472000,172.397,202.703,1
30,4,PACE,PSCO,1581789600,194.433,200.732,1
30,4,PACE,PSCO,1583107200,203.905,213.105,1
30,4,PACE,PSCO,1584424800,228.477,258.582,1
30,4,PACE,PSCO,1585742400,203.76,230.918,1
30,4,PACE,PSCO,1587060000,218.032,228.312,1
30,4,PACE,PSCO,1588377600,197.028,202.184,3
30,4,PACE,PSCO,1589695200,180.79,223.55,1
30,4,PACE,PSCO,1591012800,224.295,236.311,1
30,4,PACE,PSCO,1592330400,185.266,205.289,1
30,4,PACE,PSCO,1593648000,185.299,215.96,1
30,4,PACE,PSCO,1594965600,197.864,197.864,0
30,4,PACE,PSCO,1596283200,206.382,238.256,1
30,4,PACE,PSCO,1597600800,197.136,257.798,1
30,4,PACE,PSCO,1598918400,243.804,244.161,1
30,4,PACE,PSCO,1600236000,182.299,263.157,1
30,4,PACE,PSCO,1601553600,204.103,256.736,1
30,4,PACE,PSCO,1602871200,210.921,215.177,1
30,4,PACE,PSCO,1604188800,234.488,263.29,1
30,4,PACE,PSCO,1605506400,209.279,235.265,1
30,4,PACE,PSCO,1606824000,155.304,246.095,1
30,4,PACE,PSCO,1608141600,178.931,226.347,1
30,5,PACE,PSCO,1577836800,234.16,241.117,7
30,5,PACE,PSCO,1579154400,198.281,254.109,7
30,5,PACE,PSCO,1580472000,185.285,211.457,5
30,5,PACE,PSCO,1581789600,206.691,208.335,5
30,5,PACE,PSCO,1583107200,229.985,230.78,9
30,5,PACE,PSCO,1584424800,237.821,264.664,3
30,5,PACE,PSCO,1585742400,219.595,240.809,6
30,5,PACE,PSCO,1587060000,237.518,239.886,8
30,5,PACE,PSCO,1588377600,195.958,210.827,7
30,5,PACE,PSCO,1589695200,182.085,228.222,3
30,5,PACE,PSCO,1591012800,229.463,241.566,3
30,5,PACE,PSCO,1592330400,175.339,209.922,3
30,5,PACE,PSCO,1593648000,191.984,225.845,5
30,5,PACE,PSCO,1594965600,232.934,223.005,10
30,5,PACE,PSCO,1596283200,219.716,247.634,5
30,5,PACE,PSCO,1597600800,197.136,257.798,1
30,5,PACE,PSCO,1598918400,260.437,258.417,7
30,5,PACE,PSCO,1600236000,182.299,263.157,1
30,5,PACE,PSCO,1601553600,218.269,268.308,5
30,5,PACE,PSCO,1602871200,205.645,218.893,4
30,5,PACE,PSCO,1604188800,241.902,268.458,3
30,5,PACE,PSCO,1605506400,219.949,244.598,5
30,5,PACE,PSCO,1606824000,155.304,246.095,1
30,5,PACE,PSCO,1608141600,178.931,226.347,1
30,6,PACE,PSCO,1577836800,209.309,226.717,1
30,6,PACE,PSCO,1579154400,176.125,239.487,1
30,6,PACE,PSCO,1580472000,172.397,202.703,1
30,6,PACE,PSCO,1581789600,195.583,200.732,1
30,6,PACE,PSCO,1583107200,203.905,213.105,1
30,6,PACE,PSCO,1584424800,228.477,258.582,1
30,6,PACE,PSCO,1585742400,203.76,230.918,1
30,6,PACE,PSCO,1587060000,218.032,228.312,1
30,6,PACE,PSCO,1588377600,187.084,198.668,2
30,6,PACE,PSCO,1589695200,180.492,223.55,1
30,6,PACE,PSCO,1591012800,229.01,236.311,1
30,6,PACE,PSCO,1592330400,185.266,205.289,1
30,6,PACE,PSCO,1593648000,185.299,215.96,1
30,6,PACE,PSCO,1594965600,197.864,197.864,0
30,6,PACE,PSCO,1596283200,207.988,238.256,1
30,6,PACE,PSCO,1597600800,197.136,257.798,1
30,6,PACE,PSCO,1598918400,239.903,239.903,0
30,6,PACE,PSCO,1600236000,182.299,263.157,1
30,6,PACE,PSCO,1601553600,204.103,256.736,1
30,6,PACE,PSCO,1602871200,205.376,215.177,2
30,6,PACE,PSCO,1604188800,234.488,263.29,1
30,6,PACE,PSCO,1605506400,209.279,235.265,1
30,6,PACE,PSCO,1606824000,155.304,246.095,1
30,6,PACE,PSCO,1608141600,178.931,226.347,1
30,1,PSCO,EPE,1577836800,201.806,201.806,0
30,1,PSCO,EPE,1579154400,168.095,168.095,0
30,1,PSCO,EPE,1580472000,165.819,165.819,0
30,1,PSCO,EPE,1581789600,208.599,208.599,0
30,1,PSCO,EPE,1583107200,195.56,195.56,0
30,1,PSCO,EPE,1584424800,221.046,221.046,0
30,1,PSCO,EPE,1585742400,196.694,196.694,0
30,1,PSCO,EPE,1587060000,211.329,211.329,0
30,1,PSCO,EPE,1588377600,184.057,184.057,0
30,1,PSCO,EPE,1589695200,174.63,174.63,0
30,1,PSCO,EPE,1591012800,220.905,220.905,0
30,1,PSCO,EPE,1592330400,179.992,179.992,0
30,1,PSCO,EPE,1593648000,180.132,180.132,0
30,1,PSCO,EPE,1594965600,212.921,212.921,0
30,1,PSCO,EPE,1596283200,202.105,202.105,0
30,1,PSCO,EPE,1597600800,189.709,189.709,0
30,1,PSCO,EPE,1598918400,234.795,234.795,0
30,1,PSCO,EPE,1600236000,174.02,174.02,0
30,1,PSCO,EPE,1601553600,195.176,195.176,0
30,1,PSCO,EPE,1602871200,202.804,202.804,0
30,1,PSCO,EPE,1604188800,225.924,225.924,0
30,1,PSCO,EPE,1605506400,203.332,203.332,0
30,1,PSCO,EPE,1606824000,147.36,147.36,0
30,1,PSCO,EPE,1608141600,172.796,172.796,0
30,2,PSCO,EPE,1577836800,215.097,216.597,5
30,2,PSCO,EPE,1579154400,183.301,174.668,4
30,2,PSCO,EPE,1580472000,192.661,180.138,8
30,2,PSCO,EPE,1581789600,202.268,222.278,7
30,2,PSCO,EPE,1583107200,206.745,202.871,4
30,2,PSCO,EPE,1584424800,232.029,238.423,7
30,2,PSCO,EPE,1585742400,175.003,206.331,3
30,2,PSCO,EPE,1587060000,183.818,220.262,3
30,2,PSCO,EPE,1588377600,196.589,193.925,6
30,2,PSCO,EPE,1589695200,179.14,179.956,4
30,2,PSCO,EPE,1591012800,210.946,229.987,3
30,2,PSCO,EPE,1592330400,182.257,183.617,2
30,2,PSCO,EPE,1593648000,190.506,187.687,4
30,2,PSCO,EPE,1594965600,214.713,220.093,4
30,2,PSCO,EPE,1596283200,212.932,211.388,6
30,2,PSCO,EPE,1597600800,209.003,203.57,5
30,2,PSCO,EPE,1598918400,207.224,239.606,1
30,2,PSCO,EPE,1600236000,183.251,180.364,4
30,2,PSCO,EPE,1601553600,214.103,205.613,6
30,2,PSCO,EPE,1602871200,221.332,217.966,5
30,2,PSCO,EPE,1604188800,235.059,238.88,6
30,2,PSCO,EPE,1605506400,205.73,209.248,4
30,2,PSCO,EPE,1606824000,147.36,147.36,0
30,2,PSCO,EPE,1608141600,172.796,172.796,0
30,3,PSCO,EPE,1577836800,207.23,206.834,1
30,3,PSCO,EPE,1579154400,168.095,168.095,0
30,3,PSCO,EPE,1580472000,165.819,165.819,0
30,3,PSCO,EPE,1581789600,184.004,211.871,2
30,3,PSCO,EPE,1583107200,195.56,195.56,0
30,3,PSCO,EPE,1584424800,219.463,229.727,3
30,3,PSCO,EPE,1585742400,171.838,201.473,1
30,3,PSCO,EPE,1587060000,178.244,215.845,1
30,3,PSCO,EPE,1588377600,190.742,187.407,2
30,3,PSCO,EPE,1589695200,174.63,174.63,0
30,3,PSCO,EPE,1591012800,202.619,225.601,1
30,3,PSCO,EPE,1592330400,179.992,179.992,0
30,3,PSCO,EPE,1593648000,186.778,183.66,2
30,3,PSCO,EPE,1594965600,216.054,216.392,2
30,3,PSCO,EPE,1596283200,202.105,202.105,0
30,3,PSCO,EPE,1597600800,193.684,194.312,1
30,3,PSCO,EPE,1598918400,208.435,239.606,1
30,3,PSCO,EPE,1600236000,174.02,174.02,0
30,3,PSCO,EPE,1601553600,195.176,195.176,0
30,3,PSCO,EPE,1602871200,207.122,208.122,1
30,3,PSCO,EPE,1604188800,221.143,230.317,1
30,3,PSCO,EPE,1605506400,218.532,209.248,4
30,3,PSCO,EPE,1606824000,147.36,147.36,0
30,3,PSCO,EPE,1608141600,172.796,172.796,0
30,4,PSCO,EPE,1577836800,208.14,211.739,3
30,4,PSCO,EPE,1579154400,168.095,168.095,0
30,4,PSCO,EPE,1580472000,165.819,165.819,0
30,4,PSCO,EPE,1581789600,182.825,211.871,1
30,4,PSCO,EPE,1583107200,195.56,195.56,0
30,4,PSCO,EPE,1584424800,212.409,225.4,1
30,4,PSCO,EPE,1585742400,171.838,201.473,1
30,4,PSCO,EPE,1587060000,178.244,215.845,1
30,4,PSCO,EPE,1588377600,184.057,184.057,0
30,4,PSCO,EPE,1589695200,174.63,174.63,0
30,4,PSCO,EPE,1591012800,202.619,225.601,1
30,4,PSCO,EPE,1592330400,186.279,183.617,1
30,4,PSCO,EPE,1593648000,180.132,180.132,0
30,4,PSCO,EPE,1594965600,216.814,216.392,1
30,4,PSCO,EPE,1596283200,201.348,205.15,2
30,4,PSCO,EPE,1597600800,192.843,194.312,1
30,4,PSCO,EPE,1598918400,218.298,239.606,2
30,4,PSCO,EPE,1600236000,174.02,174.02,0
30,4,PSCO,EPE,1601553600,195.176,195.176,0
30,4,PSCO,EPE,1602871200,202.804,202.804,0
30,4,PSCO,EPE,1604188800,216.075,230.317,1
30,4,PSCO,EPE,1605506400,203.332,203.332,0
30,4,PSCO,EPE,1606824000,147.36,147.36,0
30,4,PSCO,EPE,1608141600,172.796,172.796,0
30,5,PSCO,EPE,1577836800,213.594,216.597,5
30,5,PSCO,EPE,1579154400,181.061,174.668,4
30,5,PSCO,EPE,1580472000,197.295,184.362,9
30,5,PSCO,EPE,1581789600,201.358,222.278,7
30,5,PSCO,EPE,1583107200,205.265,202.871,4
30,5,PSCO,EPE,1584424800,230.957,238.423,7
30,5,PSCO,EPE,1585742400,173.515,206.331,3
30,5,PSCO,EPE,1587060000,183.282,220.262,3
30,5,PSCO,EPE,1588377600,194.832,193.925,6
30,5,PSCO,EPE,1589695200,178.488,179.956,4
30,5,PSCO,EPE,1591012800,210.216,229.987,3
30,5,PSCO,EPE,1592330400,186.568,187.535,3
30,5,PSCO,EPE,1593648000,189.691,187.687,4
30,5,PSCO,EPE,1594965600,213.792,220.093,4
30,5,PSCO,EPE,1596283200,212.464,211.388,6
30,5,PSCO,EPE,1597600800,208.408,203.57,5
30,5,PSCO,EPE,1598918400,206.796,239.606,1
30,5,PSCO,EPE,1600236000,182.095,180.364,4
30,5,PSCO,EPE,1601553600,211.771,205.613,6
30,5,PSCO,EPE,1602871200,220.279,217.966,5
30,5,PSCO,EPE,1604188800,233.38,238.88,6
30,5,PSCO,EPE,1605506400,204.875,209.248,4
30,5,PSCO,EPE,1606824000,147.36,147.36,0
30,5,PSCO,EPE,1608141600,172.796,172.796,0
30,6,PSCO,EPE,1577836800,201.806,201.806,0
30,6,PSCO,EPE,1579154400,168.095,168.095,0
30,6,PSCO,EPE,1580472000,165.819,165.819,0
30,6,PSCO,EPE,1581789600,182.825,211.871,1
30,6,PSCO,EPE,1583107200,195.56,195.56,0
30,6,PSCO,EPE,1584424800,212.409,225.4,1
30,6,PSCO,EPE,1585742400,171.838,201.473,1
30,6,PSCO,EPE,1587060000,178.244,215.845,1
30,6,PSCO,EPE,1588377600,183.971,187.407,1
30,6,PSCO,EPE,1589695200,174.63,174.63,0
30,6,PSCO,EPE,1591012800,202.619,225.601,1
30,6,PSCO,EPE,1592330400,179.992,179.992,0
30,6,PSCO,EPE,1593648000,180.132,180.132,0
30,6,PSCO,EPE,1594965600,212.189,216.392,1
30,6,PSCO,EPE,1596283200,202.105,202.105,0
30,6,PSCO,EPE,1597600800,189.709,189.709,0
30,6,PSCO,EPE,1598918400,208.435,239.606,1
30,6,PSCO,EPE,1600236000,174.02,174.02,0
30,6,PSCO,EPE,1601553600,195.176,195.176,0
30,6,PSCO,EPE,1602871200,202.804,202.804,0
30,6,PSCO,EPE,1604188800,221.143,230.317,1
30,6,PSCO,EPE,1605506400,203.332,203.332,0
30,6,PSCO,EPE,1606824000,147.36,147.36,0
30,6,PSCO,EPE,1608141600,172.796,172.796,0
30,1,PSCO,PACE,1577836800,201.806,201.806,0
30,1,PSCO,PACE,1579154400,168.095,168.095,0
30,1,PSCO,PACE,1580472000,165.819,165.819,0
30,1,PSCO,PACE,1581789600,208.599,208.599,0
30,1,PSCO,PACE,1583107200,195.56,195.56,0
30,1,PSCO,PACE,1584424800,221.046,221.046,0
30,1,PSCO,PACE,1585742400,196.694,196.694,0
30,1,PSCO,PACE,1587060000,211.329,211.329,0
30,1,PSCO,PACE,1588377600,184.057,184.057,0
30,1,PSCO,PACE,1589695200,174.63,174.63,0
30,1,PSCO,PACE,1591012800,220.905,220.905,0
30,1,PSCO,PACE,1592330400,179.992,179.992,0
30,1,PSCO,PACE,1593648000,180.132,180.132,0
30,1,PSCO,PACE,1594965600,212.921,212.921,0
30,1,PSCO,PACE,1596283200,202.105,202.105,0
30,1,PSCO,PACE,1597600800,189.709,189.709,0
30,1,PSCO,PACE,1598918400,234.795,234.795,0
30,1,PSCO,PACE,1600236000,174.02,174.02,0
30,1,PSCO,PACE,1601553600,195.176,195.176,0
30,1,PSCO,PACE,1602871200,202.804,202.804,0
30,1,PSCO,PACE,1604188800,225.924,225.924,0
30,1,PSCO,PACE,1605506400,203.332,203.332,0
30,1,PSCO,PACE,1606824000,147.36,147.36,0
30,1,PSCO,PACE,1608141600,172.796,172.796,0
30,2,PSCO,PACE,1577836800,226.262,216.597,5
30,2,PSCO,PACE,1579154400,191.805,178.081,6
30,2,PSCO,PACE,1580472000,179.819,172.775,4
30,2,PSCO,PACE,1581789600,211.404,218.69,6
30,2,PSCO,PACE,1583107200,223.871,209.983,8
30,2,PSCO,PACE,1584424800,231.16,225.4,2
30,2,PSCO,PACE,1585742400,228.525,215.929,7
30,2,PSCO,PACE,1587060000,236.913,228.708,7
30,2,PSCO,PACE,1588377600,191.146,193.925,6
30,2,PSCO,PACE,1589695200,177.378,177.256,2
30,2,PSCO,PACE,1591012800,222.135,225.601,2
30,2,PSCO,PACE,1592330400,178.656,187.535,4
30,2,PSCO,PACE,1593648000,195.372,191.568,6
30,2,PSCO,PACE,1594965600,225.856,228.43,8
30,2,PSCO,PACE,1596283200,214.264,208.238,4
30,2,PSCO,PACE,1597600800,189.709,189.709,0
30,2,PSCO,PACE,1598918400,253.978,247.701,6
30,2,PSCO,PACE,1600236000,174.02,174.02,0
30,2,PSCO,PACE,1601553600,211.363,202.199,4
30,2,PSCO,PACE,1602871200,204.313,213.162,3
30,2,PSCO,PACE,1604188800,234.008,230.317,2
30,2,PSCO,PACE,1605506400,215.103,209.248,4
30,2,PSCO,PACE,1606824000,147.36,147.36,0
30,2,PSCO,PACE,1608141600,172.796,172.796,0
30,3,PSCO,PACE,1577836800,207.476,206.834,1
30,3,PSCO,PACE,1579154400,168.095,168.095,0
30,3,PSCO,PACE,1580472000,165.819,165.819,0
30,3,PSCO,PACE,1581789600,204.659,211.871,2
30,3,PSCO,PACE,1583107200,202.296,199.368,2
30,3,PSCO,PACE,1584424800,221.046,221.046,0
30,3,PSCO,PACE,1585742400,196.694,196.694,0
30,3,PSCO,PACE,1587060000,216.785,215.845,1
30,3,PSCO,PACE,1588377600,186.335,187.407,1
30,3,PSCO,PACE,1589695200,174.63,174.63,0
30,3,PSCO,PACE,1591012800,220.905,220.905,0
30,3,PSCO,PACE,1592330400,179.992,179.992,0
30,3,PSCO,PACE,1593648000,186.712,183.66,2
30,3,PSCO,PACE,1594965600,205.311,216.392,2
30,3,PSCO,PACE,1596283200,202.105,202.105,0
30,3,PSCO,PACE,1597600800,189.709,189.709,0
30,3,PSCO,PACE,1598918400,238.612,239.606,1
30,3,PSCO,PACE,1600236000,174.02,174.02,0
30,3,PSCO,PACE,1601553600,195.176,195.176,0
30,3,PSCO,PACE,1602871200,211.786,213.162,3
30,3,PSCO,PACE,1604188800,225.924,225.924,0
30,3,PSCO,PACE,1605506400,203.332,203.332,0
30,3,PSCO,PACE,1606824000,147.36,147.36,0
30,3,PSCO,PACE,1608141600,172.796,172.796,0
30,4,PSCO,PACE,1577836800,201.806,201.806,0
30,4,PSCO,PACE,1579154400,168.095,168.095,0
30,4,PSCO,PACE,1580472000,165.819,165.819,0
30,4,PSCO,PACE,1581789600,197.711,211.871,2
30,4,PSCO,PACE,1583107200,195.56,195.56,0
30,4,PSCO,PACE,1584424800,221.046,221.046,0
30,4,PSCO,PACE,1585742400,196.694,196.694,0
30,4,PSCO,PACE,1587060000,211.329,211.329,0
30,4,PSCO,PACE,1588377600,190.598,187.407,2
30,4,PSCO,PACE,1589695200,174.63,174.63,0
30,4,PSCO,PACE,1591012800,220.905,220.905,0
30,4,PSCO,PACE,1592330400,179.992,179.992,0
30,4,PSCO,PACE,1593648000,180.132,180.132,0
30,4,PSCO,PACE,1594965600,205.211,216.392,1
30,4,PSCO,PACE,1596283200,202.105,202.105,0
30,4,PSCO,PACE,1597600800,189.709,189.709,0
30,4,PSCO,PACE,1598918400,234.795,234.795,0
30,4,PSCO,PACE,1600236000,174.02,174.02,0
30,4,PSCO,PACE,1601553600,195.176,195.176,0
30,4,PSCO,PACE,1602871200,202.804,202.804,0
30,4,PSCO,PACE,1604188800,225.924,225.924,0
30,4,PSCO,PACE,1605506400,203.332,203.332,0
30,4,PSCO,PACE,1606824000,147.36,147.36,0
30,4,PSCO,PACE,1608141600,172.796,172.796,0
30,5,PSCO,PACE,1577836800,226.786,216.597,6
30,5,PSCO,PACE,1579154400,190.066,178.081,6
30,5,PSCO,PACE,1580472000,178.548,172.775,4
30,5,PSCO,PACE,1581789600,209.969,218.69,6
30,5,PSCO,PACE,1583107200,221.598,209.983,8
30,5,PSCO,PACE,1584424800,230.416,225.4,2
30,5,PSCO,PACE,1585742400,217.308,211.141,5
30,5,PSCO,PACE,1587060000,235.33,228.708,7
30,5,PSCO,PACE,1588377600,189.266,193.925,6
30,5,PSCO,PACE,1589695200,176.15,177.256,2
30,5,PSCO,PACE,1591012800,221.667,225.601,2
30,5,PSCO,PACE,1592330400,177.311,187.535,4
30,5,PSCO,PACE,1593648000,186.464,187.687,4
30,5,PSCO,PACE,1594965600,223.537,228.43,8
30,5,PSCO,PACE,1596283200,213.728,208.238,4
30,5,PSCO,PACE,1597600800,189.709,189.709,0
30,5,PSCO,PACE,1598918400,252.809,247.701,6
30,5,PSCO,PACE,1600236000,174.02,174.02,0
30,5,PSCO,PACE,1601553600,209.491,202.199,4
30,5,PSCO,PACE,1602871200,202.845,213.162,3
30,5,PSCO,PACE,1604188800,233.473,230.317,2
30,5,PSCO,PACE,1605506400,214.141,209.248,4
30,5,PSCO,PACE,1606824000,147.36,147.36,0
30,5,PSCO,PACE,1608141600,172.796,172.796,0
30,6,PSCO,PACE,1577836800,201.806,201.806,0
30,6,PSCO,PACE,1579154400,168.095,168.095,0
30,6,PSCO,PACE,1580472000,165.819,165.819,0
30,6,PSCO,PACE,1581789600,198.86,211.871,2
30,6,PSCO,PACE,1583107200,195.56,195.56,0
30,6,PSCO,PACE,1584424800,221.046,221.046,0
30,6,PSCO,PACE,1585742400,196.694,196.694,0
30,6,PSCO,PACE,1587060000,211.329,211.329,0
30,6,PSCO,PACE,1588377600,183.896,187.407,1
30,6,PSCO,PACE,1589695200,174.63,174.63,0
30,6,PSCO,PACE,1591012800,220.905,220.905,0
30,6,PSCO,PACE,1592330400,179.992,179.992,0
30,6,PSCO,PACE,1593648000,180.132,180.132,0
30,6,PSCO,PACE,1594965600,205.211,216.392,1
30,6,PSCO,PACE,1596283200,202.105,202.105,0
30,6,PSCO,PACE,1597600800,189.709,189.709,0
30,6,PSCO,PACE,1598918400,234.718,239.606,1
30,6,PSCO,PACE,1600236000,174.02,174.02,0
30,6,PSCO,PACE,1601553600,195.176,195.176,0
30,6,PSCO,PACE,1602871200,202.576,208.122,1
30,6,PSCO,PACE,1604188800,225.924,225.924,0
30,6,PSCO,PACE,1605506400,203.332,203.332,0
30,6,PSCO,PACE,1606824000,147.36,147.36,0
30,6,PSCO,PACE,1608141600,172.796,172.796,0
30,1,TEPC,AECI,1577836800,261.782,261.782,0
30,1,TEPC,AECI,1579154400,260.044,260.044,0
30,1,TEPC,AECI,1580472000,227.287,227.287,0
30,1,TEPC,AECI,1581789600,230.952,230.952,0
30,1,TEPC,AECI,1583107200,213.887,213.887,0
30,1,TEPC,AECI,1584424800,209.261,209.261,0
30,1,TEPC,AECI,1585742400,163.89,163.89,0
30,1,TEPC,AECI,1587060000,178.693,178.693,0
30,1,TEPC,AECI,1588377600,179.254,179.254,0
30,1,TEPC,AECI,1589695200,215.518,215.518,0
30,1,TEPC,AECI,1591012800,222.496,222.496,0
30,1,TEPC,AECI,1592330400,189.451,189.451,0
30,1,TEPC,AECI,1593648000,215.878,215.878,0
30,1,TEPC,AECI,1594965600,207.863,207.863,0
30,1,TEPC,AECI,1596283200,219.66,219.66,0
30,1,TEPC,AECI,1597600800,232.192,232.192,0
30,1,TEPC,AECI,1598918400,219.508,219.508,0
30,1,TEPC,AECI,1600236000,245.174,245.174,0
30,1,TEPC,AECI,1601553600,235.921,235.921,0
30,1,TEPC,AECI,1602871200,262.53,262.53,0
30,1,TEPC,AECI,1604188800,265.706,265.706,0
30,1,TEPC,AECI,1605506400,225.001,225.001,0
30,1,TEPC,AECI,1606824000,193.11,193.11,0
30,1,TEPC,AECI,1608141600,251.11,251.11,0
30,2,TEPC,AECI,1577836800,179.917,267.327,1
30,2,TEPC,AECI,1579154400,193.995,265.972,1
30,2,TEPC,AECI,1580472000,192.349,244.594,5
30,2,TEPC,AECI,1581789600,202.85,238.38,4
30,2,TEPC,AECI,1583107200,192.027,227.853,5
30,2,TEPC,AECI,1584424800,184.839,218.766,3
30,2,TEPC,AECI,1585742400,149.18,175.344,6
30,2,TEPC,AECI,1587060000,158.386,187.04,5
30,2,TEPC,AECI,1588377600,169.568,190.503,5
30,2,TEPC,AECI,1589695200,164.311,220.659,1
30,2,TEPC,AECI,1591012800,158.894,227.481,1
30,2,TEPC,AECI,1592330400,177.945,199.752,5
30,2,TEPC,AECI,1593648000,198.305,224.651,3
30,2,TEPC,AECI,1594965600,189.245,217.978,3
30,2,TEPC,AECI,1596283200,188.129,224.499,1
30,2,TEPC,AECI,1597600800,207.921,236.671,1
30,2,TEPC,AECI,1598918400,186.1,224.177,1
30,2,TEPC,AECI,1600236000,219.677,256.016,3
30,2,TEPC,AECI,1601553600,190.135,240.805,1
30,2,TEPC,AECI,1602871200,186.349,267.329,1
30,2,TEPC,AECI,1604188800,254.226,285.068,7
30,2,TEPC,AECI,1605506400,223.782,239.934,5
30,2,TEPC,AECI,1606824000,210.073,205.561,6
30,2,TEPC,AECI,1608141600,201.474,256.156,1
30,3,TEPC,AECI,1577836800,179.917,267.327,1
30,3,TEPC,AECI,1579154400,193.995,265.972,1
30,3,TEPC,AECI,1580472000,185.332,232.948,1
30,3,TEPC,AECI,1581789600,240.207,241.853,6
30,3,TEPC,AECI,1583107200,213.887,213.887,0
30,3,TEPC,AECI,1584424800,186.019,214.078,1
30,3,TEPC,AECI,1585742400,147.153,171.952,4
30,3,TEPC,AECI,1587060000,176.74,181.485,2
30,3,TEPC,AECI,1588377600,179.254,179.254,0
30,3,TEPC,AECI,1589695200,164.311,220.659,1
30,3,TEPC,AECI,1591012800,158.894,227.481,1
30,3,TEPC,AECI,1592330400,195.731,196.336,4
30,3,TEPC,AECI,1593648000,215.878,215.878,0
30,3,TEPC,AECI,1594965600,210.039,217.978,3
30,3,TEPC,AECI,1596283200,191.378,224.499,1
30,3,TEPC,AECI,1597600800,232.192,232.192,0
30,3,TEPC,AECI,1598918400,196.634,228.443,4
30,3,TEPC,AECI,1600236000,248.593,250.543,1
30,3,TEPC,AECI,1601553600,190.135,240.805,1
30,3,TEPC,AECI,1602871200,186.349,267.329,1
30,3,TEPC,AECI,1604188800,261.238,270.432,2
30,3,TEPC,AECI,1605506400,220.807,230.103,1
30,3,TEPC,AECI,1606824000,193.11,193.11,0
30,3,TEPC,AECI,1608141600,201.474,256.156,1
30,4,TEPC,AECI,1577836800,179.917,267.327,1
30,4,TEPC,AECI,1579154400,193.995,265.972,1
30,4,TEPC,AECI,1580472000,185.332,232.948,1
30,4,TEPC,AECI,1581789600,195.829,234.731,1
30,4,TEPC,AECI,1583107200,184.711,218.268,1
30,4,TEPC,AECI,1584424800,180.008,214.078,1
30,4,TEPC,AECI,1585742400,136.532,167.958,1
30,4,TEPC,AECI,1587060000,150.066,181.485,1
30,4,TEPC,AECI,1588377600,159.688,182.828,1
30,4,TEPC,AECI,1589695200,164.311,220.659,1
30,4,TEPC,AECI,1591012800,158.894,227.481,1
30,4,TEPC,AECI,1592330400,164.159,192.904,1
30,4,TEPC,AECI,1593648000,190.011,220.097,1
30,4,TEPC,AECI,1594965600,181.782,212.83,1
30,4,TEPC,AECI,1596283200,188.129,224.499,1
30,4,TEPC,AECI,1597600800,207.921,236.671,1
30,4,TEPC,AECI,1598918400,186.1,224.177,1
30,4,TEPC,AECI,1600236000,210.749,250.543,1
30,4,TEPC,AECI,1601553600,190.135,240.805,1
30,4,TEPC,AECI,1602871200,186.349,267.329,1
30,4,TEPC,AECI,1604188800,227.399,270.432,1
30,4,TEPC,AECI,1605506400,215.31,230.103,1
30,4,TEPC,AECI,1606824000,193.11,193.11,0
30,4,TEPC,AECI,1608141600,201.474,256.156,1
30,5,TEPC,AECI,1577836800,179.917,267.327,1
30,5,TEPC,AECI,1579154400,193.995,265.972,1
30,5,TEPC,AECI,1580472000,191.55,244.594,5
30,5,TEPC,AECI,1581789600,201.844,238.38,4
30,5,TEPC,AECI,1583107200,190.253,227.853,5
30,5,TEPC,AECI,1584424800,184.327,218.766,3
30,5,TEPC,AECI,1585742400,148.148,175.344,6
30,5,TEPC,AECI,1587060000,157.214,187.04,5
30,5,TEPC,AECI,1588377600,168.284,190.503,5
30,5,TEPC,AECI,1589695200,164.311,220.659,1
30,5,TEPC,AECI,1591012800,158.894,227.481,1
30,5,TEPC,AECI,1592330400,177.216,199.752,5
30,5,TEPC,AECI,1593648000,197.975,224.651,3
30,5,TEPC,AECI,1594965600,189.052,217.978,3
30,5,TEPC,AECI,1596283200,188.129,224.499,1
30,5,TEPC,AECI,1597600800,207.921,236.671,1
30,5,TEPC,AECI,1598918400,186.1,224.177,1
30,5,TEPC,AECI,1600236000,218.93,256.016,3
30,5,TEPC,AECI,1601553600,190.135,240.805,1
30,5,TEPC,AECI,1602871200,186.349,267.329,1
30,5,TEPC,AECI,1604188800,253.377,285.068,7
30,5,TEPC,AECI,1605506400,222.553,239.934,5
30,5,TEPC,AECI,1606824000,208.917,205.561,6
30,5,TEPC,AECI,1608141600,201.474,256.156,1
30,6,TEPC,AECI,1577836800,179.917,267.327,1
30,6,TEPC,AECI,1579154400,193.995,265.972,1
30,6,TEPC,AECI,1580472000,185.332,232.948,1
30,6,TEPC,AECI,1581789600,195.829,234.731,1
30,6,TEPC,AECI,1583107200,184.711,218.268,1
30,6,TEPC,AECI,1584424800,180.008,214.078,1
30,6,TEPC,AECI,1585742400,136.532,167.958,1
30,6,TEPC,AECI,1587060000,150.066,181.485,1
30,6,TEPC,AECI,1588377600,159.688,182.828,1
30,6,TEPC,AECI,1589695200,164.311,220.659,1
30,6,TEPC,AECI,1591012800,158.894,227.481,1
30,6,TEPC,AECI,1592330400,164.159,192.904,1
30,6,TEPC,AECI,1593648000,190.011,220.097,1
30,6,TEPC,AECI,1594965600,181.782,212.83,1
30,6,TEPC,AECI,1596283200,188.129,224.499,1
30,6,TEPC,AECI,1597600800,207.921,236.671,1
30,6,TEPC,AECI,1598918400,186.1,224.177,1
30,6,TEPC,AECI,1600236000,210.749,250.543,1
30,6,TEPC,AECI,1601553600,190.135,240.805,1
30,6,TEPC,AECI,1602871200,186.349,267.329,1
30,6,TEPC,AECI,1604188800,227.399,270.432,1
30,6,TEPC,AECI,1605506400,211.295,230.103,1
30,6,TEPC,AECI,1606824000,193.11,193.11,0
30,6,TEPC,AECI,1608141600,201.474,256.156,1
45,1,AECI,EPE,1577836800,171.652,171.652,0
45,1,AECI,EPE,1579154400,184.829,184.829,0
45,1,AECI,EPE,1580472000,179.08,179.08,0
45,1,AECI,EPE,1581789600,190.047,190.047,0
45,1,AECI,EPE,1583107200,177.533,177.533,0
45,1,AECI,EPE,1584424800,173.609,173.609,0
45,1,AECI,EPE,1585742400,130.078,130.078,0
45,1,AECI,EPE,1587060000,146.519,146.519,0
45,1,AECI,EPE,1588377600,154.192,154.192,0
45,1,AECI,EPE,1589695200,158.058,158.058,0
45,1,AECI,EPE,1591012800,151.782,151.782,0
45,1,AECI,EPE,1592330400,159.195,159.195,0
45,1,AECI,EPE,1593648000,183.868,183.868,0
45,1,AECI,EPE,1594965600,175.21,175.21,0
45,1,AECI,EPE,1596283200,180.832,180.832,0
45,1,AECI,EPE,1597600800,201.072,201.072,0
45,1,AECI,EPE,1598918400,180.384,180.384,0
45,1,AECI,EPE,1600236000,202.899,202.899,0
45,1,AECI,EPE,1601553600,182.573,182.573,0
45,1,AECI,EPE,1602871200,178.75,178.75,0
45,1,AECI,EPE,1604188800,219.569,219.569,0
45,1,AECI,EPE,1605506400,205.232,205.232,0
45,1,AECI,EPE,1606824000,196.187,196.187,0
45,1,AECI,EPE,1608141600,194.483,194.483,0
45,2,AECI,EPE,1577836800,185.383,179.057,2
45,2,AECI,EPE,1579154400,208.311,196.664,4
45,2,AECI,EPE,1580472000,189.83,190.145,4
45,2,AECI,EPE,1581789600,218.999,214.235,8
45,2,AECI,EPE,1583107200,197.796,189.972,4
45,2,AECI,EPE,1584424800,193.91,182.634,4
45,2,AECI,EPE,1585742400,130.078,130.078,0
45,2,AECI,EPE,1587060000,162.161,153.628,4
45,2,AECI,EPE,1588377600,174.226,165.031,4
45,2,AECI,EPE,1589695200,169.92,164.985,2
45,2,AECI,EPE,1591012800,151.782,151.782,0
45,2,AECI,EPE,1592330400,171.64,165.665,2
45,2,AECI,EPE,1593648000,220.293,202.753,6
45,2,AECI,EPE,1594965600,175.21,175.21,0
45,2,AECI,EPE,1596283200,193.914,188.162,2
45,2,AECI,EPE,1597600800,224.084,212.985,4
45,2,AECI,EPE,1598918400,202.742,191.074,4
45,2,AECI,EPE,1600236000,215.808,213.901,4
45,2,AECI,EPE,1601553600,206.245,193.407,4
45,2,AECI,EPE,1602871200,204.266,190.616,4
45,2,AECI,EPE,1604188800,242.45,240.129,6
45,2,AECI,EPE,1605506400,240.002,224.524,8
45,2,AECI,EPE,1606824000,211.569,208.508,4
45,2,AECI,EPE,1608141600,215.945,204.894,4
45,3,AECI,EPE,1577836800,209.468,175.342,1
45,3,AECI,EPE,1579154400,213.701,188.789,1
45,3,AECI,EPE,1580472000,188.684,190.145,3
45,3,AECI,EPE,1581789600,183.389,194.225,1
45,3,AECI,EPE,1583107200,209.189,181.799,1
45,3,AECI,EPE,1584424800,207.72,179.684,2
45,3,AECI,EPE,1585742400,154.264,140.908,3
45,3,AECI,EPE,1587060000,176.878,149.147,1
45,3,AECI,EPE,1588377600,189.745,157.765,1
45,3,AECI,EPE,1589695200,199.065,164.985,2
45,3,AECI,EPE,1591012800,151.782,151.782,0
45,3,AECI,EPE,1592330400,168.522,162.435,1
45,3,AECI,EPE,1593648000,204.993,187.798,1
45,3,AECI,EPE,1594965600,217.26,185.187,4
45,3,AECI,EPE,1596283200,211.425,191.964,3
45,3,AECI,EPE,1597600800,221.516,205.228,1
45,3,AECI,EPE,1598918400,210.471,183.948,1
45,3,AECI,EPE,1600236000,212.764,210.142,2
45,3,AECI,EPE,1601553600,204.432,189.499,2
45,3,AECI,EPE,1602871200,188.203,182.572,1
45,3,AECI,EPE,1604188800,223.17,223.947,1
45,3,AECI,EPE,1605506400,210.86,211.558,2
45,3,AECI,EPE,1606824000,206.052,200.233,1
45,3,AECI,EPE,1608141600,223.157,198.171,1
45,4,AECI,EPE,1577836800,171.652,171.652,0
45,4,AECI,EPE,1579154400,184.829,184.829,0
45,4,AECI,EPE,1580472000,179.08,179.08,0
45,4,AECI,EPE,1581789600,190.047,190.047,0
45,4,AECI,EPE,1583107200,177.533,177.533,0
45,4,AECI,EPE,1584424800,173.609,173.609,0
45,4,AECI,EPE,1585742400,130.078,130.078,0
45,4,AECI,EPE,1587060000,146.519,146.519,0
45,4,AECI,EPE,1588377600,154.192,154.192,0
45,4,AECI,EPE,1589695200,158.058,158.058,0
45,4,AECI,EPE,1591012800,151.782,151.782,0
45,4,AECI,EPE,1592330400,159.195,159.195,0
45,4,AECI,EPE,1593648000,183.868,183.868,0
45,4,AECI,EPE,1594965600,175.21,175.21,0
45,4,AECI,EPE,1596283200,180.832,180.832,0
45,4,AECI,EPE,1597600800,201.072,201.072,0
45,4,AECI,EPE,1598918400,180.384,180.384,0
45,4,AECI,EPE,1600236000,202.899,202.899,0
45,4,AECI,EPE,1601553600,182.573,182.573,0
45,4,AECI,EPE,1602871200,178.75,178.75,0
45,4,AECI,EPE,1604188800,218.318,223.947,1
45,4,AECI,EPE,1605506400,205.232,205.232,0
45,4,AECI,EPE,1606824000,196.187,196.187,0
45,4,AECI,EPE,1608141600,194.483,194.483,0
45,5,AECI,EPE,1577836800,185.125,179.057,2
45,5,AECI,EPE,1579154400,207.054,196.664,4
45,5,AECI,EPE,1580472000,189.208,190.145,4
45,5,AECI,EPE,1581789600,217.581,214.235,8
45,5,AECI,EPE,1583107200,196.753,189.972,4
45,5,AECI,EPE,1584424800,193.181,182.634,4
45,5,AECI,EPE,1585742400,130.078,130.078,0
45,5,AECI,EPE,1587060000,154.792,151.4,2
45,5,AECI,EPE,1588377600,173.148,165.031,4
45,5,AECI,EPE,1589695200,169.575,164.985,2
45,5,AECI,EPE,1591012800,151.782,151.782,0
45,5,AECI,EPE,1592330400,171.517,165.665,2
45,5,AECI,EPE,1593648000,218.797,202.753,6
45,5,AECI,EPE,1594965600,175.21,175.21,0
45,5,AECI,EPE,1596283200,193.562,188.162,2
45,5,AECI,EPE,1597600800,223.368,212.985,4
45,5,AECI,EPE,1598918400,202.374,191.074,4
45,5,AECI,EPE,1600236000,214.102,213.901,4
45,5,AECI,EPE,1601553600,205.388,193.407,4
45,5,AECI,EPE,1602871200,202.9,190.616,4
45,5,AECI,EPE,1604188800,226.179,232.243,4
45,5,AECI,EPE,1605506400,237.725,224.524,8
45,5,AECI,EPE,1606824000,217.464,212.742,5
45,5,AECI,EPE,1608141600,214.747,204.894,4
45,6,AECI,EPE,1577836800,171.652,171.652,0
45,6,AECI,EPE,1579154400,184.829,184.829,0
45,6,AECI,EPE,1580472000,179.08,179.08,0
45,6,AECI,EPE,1581789600,183.389,194.225,1
45,6,AECI,EPE,1583107200,177.533,177.533,0
45,6,AECI,EPE,1584424800,173.609,173.609,0
45,6,AECI,EPE,1585742400,130.078,130.078,0
45,6,AECI,EPE,1587060000,146.519,146.519,0
45,6,AECI,EPE,1588377600,154.192,154.192,0
45,6,AECI,EPE,1589695200,158.058,158.058,0
45,6,AECI,EPE,1591012800,151.782,151.782,0
45,6,AECI,EPE,1592330400,159.195,159.195,0
45,6,AECI,EPE,1593648000,183.868,183.868,0
45,6,AECI,EPE,1594965600,175.21,175.21,0
45,6,AECI,EPE,1596283200,180.832,180.832,0
45,6,AECI,EPE,1597600800,201.072,201.072,0
45,6,AECI,EPE,1598918400,180.384,180.384,0
45,6,AECI,EPE,1600236000,202.899,202.899,0
45,6,AECI,EPE,1601553600,182.573,182.573,0
45,6,AECI,EPE,1602871200,178.75,178.75,0
45,6,AECI,EPE,1604188800,219.01,223.947,1
45,6,AECI,EPE,1605506400,205.232,205.232,0
45,6,AECI,EPE,1606824000,196.187,196.187,0
45,6,AECI,EPE,1608141600,194.483,194.483,0
45,1,AECI,PACE,1577836800,171.652,171.652,0
45,1,AECI,PACE,1579154400,184.829,184.829,0
45,1,AECI,PACE,1580472000,179.08,179.08,0
45,1,AECI,PACE,1581789600,190.047,190.047,0
45,1,AECI,PACE,1583107200,177.533,177.533,0
45,1,AECI,PACE,1584424800,173.609,173.609,0
45,1,AECI,PACE,1585742400,130.078,130.078,0
45,1,AECI,PACE,1587060000,146.519,146.519,0
45,1,AECI,PACE,1588377600,154.192,154.192,0
45,1,AECI,PACE,1589695200,158.058,158.058,0
45,1,AECI,PACE,1591012800,151.782,151.782,0
45,1,AECI,PACE,1592330400,159.195,159.195,0
45,1,AECI,PACE,1593648000,183.868,183.868,0
45,1,AECI,PACE,1594965600,175.21,175.21,0
45,1,AECI,PACE,1596283200,180.832,180.832,0
45,1,AECI,PACE,1597600800,201.072,201.072,0
45,1,AECI,PACE,1598918400,180.384,180.384,0
45,1,AECI,PACE,1600236000,202.899,202.899,0
45,1,AECI,PACE,1601553600,182.573,182.573,0
45,1,AECI,PACE,1602871200,178.75,178.75,0
45,1,AECI,PACE,1604188800,219.569,219.569,0
45,1,AECI,PACE,1605506400,205.232,205.232,0
45,1,AECI,PACE,1606824000,196.187,196.187,0
45,1,AECI,PACE,1608141600,194.483,194.483,0
45,2,AECI,PACE,1577836800,185.193,179.057,2
45,2,AECI,PACE,1579154400,198.609,192.82,2
45,2,AECI,PACE,1580472000,195.259,190.145,4
45,2,AECI,PACE,1581789600,210.533,206.718,5
45,2,AECI,PACE,1583107200,192.842,189.972,4
45,2,AECI,PACE,1584424800,173.609,173.609,0
45,2,AECI,PACE,1585742400,130.078,130.078,0
45,2,AECI,PACE,1587060000,156.244,151.4,2
45,2,AECI,PACE,1588377600,167.117,165.031,4
45,2,AECI,PACE,1589695200,171.803,164.985,2
45,2,AECI,PACE,1591012800,151.782,151.782,0
45,2,AECI,PACE,1592330400,174.91,168.835,4
45,2,AECI,PACE,1593648000,226.937,206.056,8
45,2,AECI,PACE,1594965600,207.905,192.118,6
45,2,AECI,PACE,1596283200,194.55,188.162,2
45,2,AECI,PACE,1597600800,201.072,201.072,0
45,2,AECI,PACE,1598918400,180.384,180.384,0
45,2,AECI,PACE,1600236000,202.899,202.899,0
45,2,AECI,PACE,1601553600,195.975,189.499,2
45,2,AECI,PACE,1602871200,218.237,203.064,7
45,2,AECI,PACE,1604188800,231.198,228.152,2
45,2,AECI,PACE,1605506400,226.445,214.804,4
45,2,AECI,PACE,1606824000,237.727,217.063,6
45,2,AECI,PACE,1608141600,217.555,204.894,4
45,3,AECI,PACE,1577836800,198.494,179.057,2
45,3,AECI,PACE,1579154400,229.439,196.664,4
45,3,AECI,PACE,1580472000,203.458,190.145,3
45,3,AECI,PACE,1581789600,204.574,194.225,1
45,3,AECI,PACE,1583107200,214.029,181.799,1
45,3,AECI,PACE,1584424800,173.609,173.609,0
45,3,AECI,PACE,1585742400,130.078,130.078,0
45,3,AECI,PACE,1587060000,146.519,146.519,0
45,3,AECI,PACE,1588377600,186.138,157.765,1
45,3,AECI,PACE,1589695200,173.217,164.985,2
45,3,AECI,PACE,1591012800,151.782,151.782,0
45,3,AECI,PACE,1592330400,159.195,159.195,0
45,3,AECI,PACE,1593648000,219.509,187.798,1
45,3,AECI,PACE,1594965600,189.127,181.77,2
45,3,AECI,PACE,1596283200,180.832,180.832,0
45,3,AECI,PACE,1597600800,236.591,212.985,4
45,3,AECI,PACE,1598918400,198.816,187.524,2
45,3,AECI,PACE,1600236000,230.362,210.142,2
45,3,AECI,PACE,1601553600,182.573,182.573,0
45,3,AECI,PACE,1602871200,228.11,194.718,5
45,3,AECI,PACE,1604188800,270.994,232.243,4
45,3,AECI,PACE,1605506400,232.309,211.558,2
45,3,AECI,PACE,1606824000,245.948,212.742,5
45,3,AECI,PACE,1608141600,216.457,201.57,2
45,4,AECI,PACE,1577836800,171.652,171.652,0
45,4,AECI,PACE,1579154400,184.829,184.829,0
45,4,AECI,PACE,1580472000,179.08,179.08,0
45,4,AECI,PACE,1581789600,190.047,190.047,0
45,4,AECI,PACE,1583107200,177.533,177.533,0
45,4,AECI,PACE,1584424800,173.609,173.609,0
45,4,AECI,PACE,1585742400,130.078,130.078,0
45,4,AECI,PACE,1587060000,146.519,146.519,0
45,4,AECI,PACE,1588377600,154.192,154.192,0
45,4,AECI,PACE,1589695200,158.058,158.058,0
45,4,AECI,PACE,1591012800,151.782,151.782,0
45,4,AECI,PACE,1592330400,159.195,159.195,0
45,4,AECI,PACE,1593648000,183.868,183.868,0
45,4,AECI,PACE,1594965600,175.21,175.21,0
45,4,AECI,PACE,1596283200,180.832,180.832,0
45,4,AECI,PACE,1597600800,201.072,201.072,0
45,4,AECI,PACE,1598918400,180.384,180.384,0
45,4,AECI,PACE,1600236000,202.899,202.899,0
45,4,AECI,PACE,1601553600,182.573,182.573,0
45,4,AECI,PACE,1602871200,178.75,178.75,0
45,4,AECI,PACE,1604188800,219.569,219.569,0
45,4,AECI,PACE,1605506400,205.232,205.232,0
45,4,AECI,PACE,1606824000,196.187,196.187,0
45,4,AECI,PACE,1608141600,194.483,194.483,0
45,5,AECI,PACE,1577836800,185.126,179.057,2
45,5,AECI,PACE,1579154400,198.545,192.82,2
45,5,AECI,PACE,1580472000,192.731,190.145,4
45,5,AECI,PACE,1581789600,209.099,206.718,5
45,5,AECI,PACE,1583107200,191.435,189.972,4
45,5,AECI,PACE,1584424800,173.609,173.609,0
45,5,AECI,PACE,1585742400,130.078,130.078,0
45,5,AECI,PACE,1587060000,156.117,151.4,2
45,5,AECI,PACE,1588377600,164.132,165.031,4
45,5,AECI,PACE,1589695200,170.352,164.985,2
45,5,AECI,PACE,1591012800,151.782,151.782,0
45,5,AECI,PACE,1592330400,173.778,168.835,4
45,5,AECI,PACE,1593648000,223.871,206.056,8
45,5,AECI,PACE,1594965600,204.774,192.118,6
45,5,AECI,PACE,1596283200,194.433,188.162,2
45,5,AECI,PACE,1597600800,201.072,201.072,0
45,5,AECI,PACE,1598918400,180.384,180.384,0
45,5,AECI,PACE,1600236000,202.899,202.899,0
45,5,AECI,PACE,1601553600,195.848,189.499,2
45,5,AECI,PACE,1602871200,218.747,203.064,8
45,5,AECI,PACE,1604188800,230.636,228.152,2
45,5,AECI,PACE,1605506400,225.236,214.804,4
45,5,AECI,PACE,1606824000,244.058,221.637,7
45,5,AECI,PACE,1608141600,216.817,204.894,4
45,6,AECI,PACE,1577836800,171.652,171.652,0
45,6,AECI,PACE,1579154400,184.829,184.829,0
45,6,AECI,PACE,1580472000,179.08,179.08,0
45,6,AECI,PACE,1581789600,190.047,190.047,0
45,6,AECI,PACE,1583107200,177.533,177.533,0
45,6,AECI,PACE,1584424800,173.609,173.609,0
45,6,AECI,PACE,1585742400,130.078,130.078,0
45,6,AECI,PACE,1587060000,146.519,146.519,0
45,6,AECI,PACE,1588377600,153.164,157.765,1
45,6,AECI,PACE,1589695200,158.058,158.058,0
45,6,AECI,PACE,1591012800,151.782,151.782,0
45,6,AECI,PACE,1592330400,159.195,159.195,0
45,6,AECI,PACE,1593648000,183.868,183.868,0
45,6,AECI,PACE,1594965600,175.21,175.21,0
45,6,AECI,PACE,1596283200,180.832,180.832,0
45,6,AECI,PACE,1597600800,201.072,201.072,0
45,6,AECI,PACE,1598918400,180.384,180.384,0
45,6,AECI,PACE,1600236000,202.899,202.899,0
45,6,AECI,PACE,1601553600,182.573,182.573,0
45,6,AECI,PACE,1602871200,178.75,178.75,0
45,6,AECI,PACE,1604188800,219.569,219.569,0
45,6,AECI,PACE,1605506400,205.232,205.232,0
45,6,AECI,PACE,1606824000,196.187,196.187,0
45,6,AECI,PACE,1608141600,194.483,194.483,0
45,1,AECI,TEPC,1577836800,171.652,171.652,0
45,1,AECI,TEPC,1579154400,184.829,184.829,0
45,1,AECI,TEPC,1580472000,179.08,179.08,0
45,1,AECI,TEPC,1581789600,190.047,190.047,0
45,1,AECI,TEPC,1583107200,177.533,177.533,0
45,1,AECI,TEPC,1584424800,173.609,173.609,0
45,1,AECI,TEPC,1585742400,130.078,130.078,0
45,1,AECI,TEPC,1587060000,146.519,146.519,0
45,1,AECI,TEPC,1588377600,154.192,154.192,0
45,1,AECI,TEPC,1589695200,158.058,158.058,0
45,1,AECI,TEPC,1591012800,151.782,151.782,0
45,1,AECI,TEPC,1592330400,159.195,159.195,0
45,1,AECI,TEPC,1593648000,183.868,183.868,0
45,1,AECI,TEPC,1594965600,175.21,175.21,0
45,1,AECI,TEPC,1596283200,180.832,180.832,0
45,1,AECI,TEPC,1597600800,201.072,201.072,0
45,1,AECI,TEPC,1598918400,180.384,180.384,0
45,1,AECI,TEPC,1600236000,202.899,202.899,0
45,1,AECI,TEPC,1601553600,182.573,182.573,0
45,1,AECI,TEPC,1602871200,178.75,178.75,0
45,1,AECI,TEPC,1604188800,219.569,219.569,0
45,1,AECI,TEPC,1605506400,205.232,205.232,0
45,1,AECI,TEPC,1606824000,196.187,196.187,0
45,1,AECI,TEPC,1608141600,194.483,194.483,0
45,2,AECI,TEPC,1577836800,171.652,171.652,0
45,2,AECI,TEPC,1579154400,184.829,184.829,0
45,2,AECI,TEPC,1580472000,193.449,190.145,4
45,2,AECI,TEPC,1581789600,217.516,206.718,5
45,2,AECI,TEPC,1583107200,193.326,189.972,4
45,2,AECI,TEPC,1584424800,183.434,179.684,2
45,2,AECI,TEPC,1585742400,153.058,144.471,5
45,2,AECI,TEPC,1587060000,169.658,158.597,6
45,2,AECI,TEPC,1588377600,171.163,165.031,4
45,2,AECI,TEPC,1589695200,158.058,158.058,0
45,2,AECI,TEPC,1591012800,151.782,151.782,0
45,2,AECI,TEPC,1592330400,191.861,175.02,6
45,2,AECI,TEPC,1593648000,198.141,191.747,2
45,2,AECI,TEPC,1594965600,187.979,181.77,2
45,2,AECI,TEPC,1596283200,180.832,180.832,0
45,2,AECI,TEPC,1597600800,201.072,201.072,0
45,2,AECI,TEPC,1598918400,180.384,180.384,0
45,2,AECI,TEPC,1600236000,217.849,210.142,2
45,2,AECI,TEPC,1601553600,182.573,182.573,0
45,2,AECI,TEPC,1602871200,178.75,178.75,0
45,2,AECI,TEPC,1604188800,262.402,240.129,6
45,2,AECI,TEPC,1605506400,225.404,214.804,4
45,2,AECI,TEPC,1606824000,216.761,212.742,5
45,2,AECI,TEPC,1608141600,194.483,194.483,0
45,3,AECI,TEPC,1577836800,171.652,171.652,0
45,3,AECI,TEPC,1579154400,184.829,184.829,0
45,3,AECI,TEPC,1580472000,179.08,179.08,0
45,3,AECI,TEPC,1581789600,239.721,202.752,3
45,3,AECI,TEPC,1583107200,220.331,181.799,1
45,3,AECI,TEPC,1584424800,191.353,179.684,2
45,3,AECI,TEPC,1585742400,149.812,140.908,3
45,3,AECI,TEPC,1587060000,187.571,153.628,4
45,3,AECI,TEPC,1588377600,185.28,157.765,1
45,3,AECI,TEPC,1589695200,170.985,164.985,2
45,3,AECI,TEPC,1591012800,151.782,151.782,0
45,3,AECI,TEPC,1592330400,200.879,168.835,3
45,3,AECI,TEPC,1593648000,222.984,187.798,1
45,3,AECI,TEPC,1594965600,212.072,185.187,4
45,3,AECI,TEPC,1596283200,204.379,191.964,3
45,3,AECI,TEPC,1597600800,239.201,205.228,1
45,3,AECI,TEPC,1598918400,211.782,194.679,5
45,3,AECI,TEPC,1600236000,253.917,210.142,2
45,3,AECI,TEPC,1601553600,182.573,182.573,0
45,3,AECI,TEPC,1602871200,206.096,190.616,4
45,3,AECI,TEPC,1604188800,276.139,232.243,3
45,3,AECI,TEPC,1605506400,228.055,211.558,2
45,3,AECI,TEPC,1606824000,200.135,200.233,1
45,3,AECI,TEPC,1608141600,194.483,194.483,0
45,4,AECI,TEPC,1577836800,171.652,171.652,0
45,4,AECI,TEPC,1579154400,184.829,184.829,0
45,4,AECI,TEPC,1580472000,179.08,179.08,0
45,4,AECI,TEPC,1581789600,190.047,190.047,0
45,4,AECI,TEPC,1583107200,177.533,177.533,0
45,4,AECI,TEPC,1584424800,173.609,173.609,0
45,4,AECI,TEPC,1585742400,130.078,130.078,0
45,4,AECI,TEPC,1587060000,146.519,146.519,0
45,4,AECI,TEPC,1588377600,154.192,154.192,0
45,4,AECI,TEPC,1589695200,158.058,158.058,0
45,4,AECI,TEPC,1591012800,151.782,151.782,0
45,4,AECI,TEPC,1592330400,159.195,159.195,0
45,4,AECI,TEPC,1593648000,183.868,183.868,0
45,4,AECI,TEPC,1594965600,175.21,175.21,0
45,4,AECI,TEPC,1596283200,180.832,180.832,0
45,4,AECI,TEPC,1597600800,201.072,201.072,0
45,4,AECI,TEPC,1598918400,180.384,180.384,0
45,4,AECI,TEPC,1600236000,202.899,202.899,0
45,4,AECI,TEPC,1601553600,182.573,182.573,0
45,4,AECI,TEPC,1602871200,178.75,178.75,0
45,4,AECI,TEPC,1604188800,219.569,219.569,0
45,4,AECI,TEPC,1605506400,205.232,205.232,0
45,4,AECI,TEPC,1606824000,196.187,196.187,0
45,4,AECI,TEPC,1608141600,194.483,194.483,0
45,5,AECI,TEPC,1577836800,171.652,171.652,0
45,5,AECI,TEPC,1579154400,184.829,184.829,0
45,5,AECI,TEPC,1580472000,192.504,190.145,4
45,5,AECI,TEPC,1581789600,216.37,206.718,5
45,5,AECI,TEPC,1583107200,191.272,189.972,4
45,5,AECI,TEPC,1584424800,182.818,179.684,2
45,5,AECI,TEPC,1585742400,151.91,144.471,5
45,5,AECI,TEPC,1587060000,168.346,158.597,6
45,5,AECI,TEPC,1588377600,169.692,165.031,4
45,5,AECI,TEPC,1589695200,158.058,158.058,0
45,5,AECI,TEPC,1591012800,151.782,151.782,0
45,5,AECI,TEPC,1592330400,178.923,168.835,4
45,5,AECI,TEPC,1593648000,197.788,191.747,2
45,5,AECI,TEPC,1594965600,187.754,181.77,2
45,5,AECI,TEPC,1596283200,180.832,180.832,0
45,5,AECI,TEPC,1597600800,201.072,201.072,0
45,5,AECI,TEPC,1598918400,180.384,180.384,0
45,5,AECI,TEPC,1600236000,216.927,210.142,2
45,5,AECI,TEPC,1601553600,182.573,182.573,0
45,5,AECI,TEPC,1602871200,178.75,178.75,0
45,5,AECI,TEPC,1604188800,261.358,240.129,6
45,5,AECI,TEPC,1605506400,224.029,214.804,4
45,5,AECI,TEPC,1606824000,215.485,212.742,5
45,5,AECI,TEPC,1608141600,194.483,194.483,0
45,6,AECI,TEPC,1577836800,171.652,171.652,0
45,6,AECI,TEPC,1579154400,184.829,184.829,0
45,6,AECI,TEPC,1580472000,179.08,179.08,0
45,6,AECI,TEPC,1581789600,190.047,190.047,0
45,6,AECI,TEPC,1583107200,177.533,177.533,0
45,6,AECI,TEPC,1584424800,173.609,173.609,0
45,6,AECI,TEPC,1585742400,130.078,130.078,0
45,6,AECI,TEPC,1587060000,146.519,146.519,0
45,6,AECI,TEPC,1588377600,154.192,154.192,0
45,6,AECI,TEPC,1589695200,158.058,158.058,0
45,6,AECI,TEPC,1591012800,151.782,151.782,0
45,6,AECI,TEPC,1592330400,159.195,159.195,0
45,6,AECI,TEPC,1593648000,183.868,183.868,0
45,6,AECI,TEPC,1594965600,175.21,175.21,0
45,6,AECI,TEPC,1596283200,180.832,180.832,0
45,6,AECI,TEPC,1597600800,201.072,201.072,0
45,6,AECI,TEPC,1598918400,180.384,180.384,0
45,6,AECI,TEPC,1600236000,202.899,202.899,0
45,6,AECI,TEPC,1601553600,182.573,182.573,0
45,6,AECI,TEPC,1602871200,178.75,178.75,0
45,6,AECI,TEPC,1604188800,219.569,219.569,0
45,6,AECI,TEPC,1605506400,205.232,205.232,0
45,6,AECI,TEPC,1606824000,196.187,196.187,0
45,6,AECI,TEPC,1608141600,194.483,194.483,0
45,1,BANC,CISO,1577836800,76.253,76.253,0
45,1,BANC,CISO,1579154400,81.548,81.548,0
45,1,BANC,CISO,1580472000,55.83,55.83,0
45,1,BANC,CISO,1581789600,52.267,52.267,0
45,1,BANC,CISO,1583107200,52.43,52.43,0
45,1,BANC,CISO,1584424800,83.316,83.316,0
45,1,BANC,CISO,1585742400,44.33,44.33,0
45,1,BANC,CISO,1587060000,33.313,33.313,0
45,1,BANC,CISO,1588377600,42.749,42.749,0
45,1,BANC,CISO,1589695200,42.187,42.187,0
45,1,BANC,CISO,1591012800,42.378,42.378,0
45,1,BANC,CISO,1592330400,40.383,40.383,0
45,1,BANC,CISO,1593648000,37.688,37.688,0
45,1,BANC,CISO,1594965600,55.204,55.204,0
45,1,BANC,CISO,1596283200,56.684,56.684,0
45,1,BANC,CISO,1597600800,78.197,78.197,0
45,1,BANC,CISO,1598918400,75.022,75.022,0
45,1,BANC,CISO,1600236000,80.174,80.174,0
45,1,BANC,CISO,1601553600,81.036,81.036,0
45,1,BANC,CISO,1602871200,74.249,74.249,0
45,1,BANC,CISO,1604188800,87.09,87.09,0
45,1,BANC,CISO,1605506400,93.475,93.475,0
45,1,BANC,CISO,1606824000,108.643,108.643,0
45,1,BANC,CISO,1608141600,91.972,91.972,0
45,2,BANC,CISO,1577836800,81.093,79.02,2
45,2,BANC,CISO,1579154400,81.548,81.548,0
45,2,BANC,CISO,1580472000,55.83,55.83,0
45,2,BANC,CISO,1581789600,61.728,58.219,5
45,2,BANC,CISO,1583107200,56.255,54.335,2
45,2,BANC,CISO,1584424800,83.316,83.316,0
45,2,BANC,CISO,1585742400,47.443,45.774,2
45,2,BANC,CISO,1587060000,33.313,33.313,0
45,2,BANC,CISO,1588377600,47.704,46.389,6
45,2,BANC,CISO,1589695200,44.145,45.124,4
45,2,BANC,CISO,1591012800,42.378,42.378,0
45,2,BANC,CISO,1592330400,44.678,42.846,4
45,2,BANC,CISO,1593648000,40.379,39.194,2
45,2,BANC,CISO,1594965600,62.85,58.956,4
45,2,BANC,CISO,1596283200,63.895,60.174,4
45,2,BANC,CISO,1597600800,78.197,78.197,0
45,2,BANC,CISO,1598918400,83.719,78.526,4
45,2,BANC,CISO,1600236000,80.174,80.174,0
45,2,BANC,CISO,1601553600,81.036,81.036,0
45,2,BANC,CISO,1602871200,74.249,74.249,0
45,2,BANC,CISO,1604188800,92.1,89.275,2
45,2,BANC,CISO,1605506400,105.035,100.35,4
45,2,BANC,CISO,1606824000,120.908,115.975,4
45,2,BANC,CISO,1608141600,113.737,101.7,8
45,3,BANC,CISO,1577836800,82.222,79.02,2
45,3,BANC,CISO,1579154400,81.548,81.548,0
45,3,BANC,CISO,1580472000,55.83,55.83,0
45,3,BANC,CISO,1581789600,54.542,53.687,1
45,3,BANC,CISO,1583107200,57.507,54.335,2
45,3,BANC,CISO,1584424800,83.316,83.316,0
45,3,BANC,CISO,1585742400,44.33,44.33,0
45,3,BANC,CISO,1587060000,34.602,33.965,1
45,3,BANC,CISO,1588377600,59.538,44.902,4
45,3,BANC,CISO,1589695200,47.165,44.133,2
45,3,BANC,CISO,1591012800,42.378,42.378,0
45,3,BANC,CISO,1592330400,43.949,41.842,2
45,3,BANC,CISO,1593648000,41.666,39.194,2
45,3,BANC,CISO,1594965600,55.204,55.204,0
45,3,BANC,CISO,1596283200,56.684,56.684,0
45,3,BANC,CISO,1597600800,78.197,78.197,0
45,3,BANC,CISO,1598918400,85.525,78.526,4
45,3,BANC,CISO,1600236000,80.174,80.174,0
45,3,BANC,CISO,1601553600,81.036,81.036,0
45,3,BANC,CISO,1602871200,77.383,75.808,1
45,3,BANC,CISO,1604188800,87.09,87.09,0
45,3,BANC,CISO,1605506400,130.009,100.35,3
45,3,BANC,CISO,1606824000,125.856,111.264,1
45,3,BANC,CISO,1608141600,107.129,98.52,5
45,4,BANC,CISO,1577836800,76.253,76.253,0
45,4,BANC,CISO,1579154400,81.548,81.548,0
45,4,BANC,CISO,1580472000,55.83,55.83,0
45,4,BANC,CISO,1581789600,52.267,52.267,0
45,4,BANC,CISO,1583107200,52.43,52.43,0
45,4,BANC,CISO,1584424800,83.316,83.316,0
45,4,BANC,CISO,1585742400,44.33,44.33,0
45,4,BANC,CISO,1587060000,33.313,33.313,0
45,4,BANC,CISO,1588377600,42.749,42.749,0
45,4,BANC,CISO,1589695200,42.187,42.187,0
45,4,BANC,CISO,1591012800,42.378,42.378,0
45,4,BANC,CISO,1592330400,40.383,40.383,0
45,4,BANC,CISO,1593648000,37.688,37.688,0
45,4,BANC,CISO,1594965600,55.204,55.204,0
45,4,BANC,CISO,1596283200,56.684,56.684,0
45,4,BANC,CISO,1597600800,78.197,78.197,0
45,4,BANC,CISO,1598918400,75.022,75.022,0
45,4,BANC,CISO,1600236000,80.174,80.174,0
45,4,BANC,CISO,1601553600,81.036,81.036,0
45,4,BANC,CISO,1602871200,74.249,74.249,0
45,4,BANC,CISO,1604188800,87.09,87.09,0
45,4,BANC,CISO,1605506400,93.475,93.475,0
45,4,BANC,CISO,1606824000,108.643,108.643,0
45,4,BANC,CISO,1608141600,91.972,91.972,0
45,5,BANC,CISO,1577836800,80.579,79.02,2
45,5,BANC,CISO,1579154400,81.548,81.548,0
45,5,BANC,CISO,1580472000,55.83,55.83,0
45,5,BANC,CISO,1581789600,60.749,58.219,5
45,5,BANC,CISO,1583107200,56.044,54.335,2
45,5,BANC,CISO,1584424800,83.316,83.316,0
45,5,BANC,CISO,1585742400,47.064,45.774,2
45,5,BANC,CISO,1587060000,33.313,33.313,0
45,5,BANC,CISO,1588377600,42.533,44.902,4
45,5,BANC,CISO,1589695200,42.893,45.124,4
45,5,BANC,CISO,1591012800,42.378,42.378,0
45,5,BANC,CISO,1592330400,44.155,42.846,4
45,5,BANC,CISO,1593648000,40.229,39.194,2
45,5,BANC,CISO,1594965600,62.518,58.956,4
45,5,BANC,CISO,1596283200,63.165,60.174,4
45,5,BANC,CISO,1597600800,78.197,78.197,0
45,5,BANC,CISO,1598918400,83.308,78.526,4
45,5,BANC,CISO,1600236000,80.174,80.174,0
45,5,BANC,CISO,1601553600,81.036,81.036,0
45,5,BANC,CISO,1602871200,74.249,74.249,0
45,5,BANC,CISO,1604188800,91.834,89.275,2
45,5,BANC,CISO,1605506400,103.139,100.35,4
45,5,BANC,CISO,1606824000,119.988,115.975,4
45,5,BANC,CISO,1608141600,110.963,101.7,8
45,6,BANC,CISO,1577836800,76.253,76.253,0
45,6,BANC,CISO,1579154400,81.548,81.548,0
45,6,BANC,CISO,1580472000,55.83,55.83,0
45,6,BANC,CISO,1581789600,52.267,52.267,0
45,6,BANC,CISO,1583107200,52.43,52.43,0
45,6,BANC,CISO,1584424800,83.316,83.316,0
45,6,BANC,CISO,1585742400,44.33,44.33,0
45,6,BANC,CISO,1587060000,33.313,33.313,0
45,6,BANC,CISO,1588377600,42.383,43.544,1
45,6,BANC,CISO,1589695200,42.187,42.187,0
45,6,BANC,CISO,1591012800,42.378,42.378,0
45,6,BANC,CISO,1592330400,40.383,40.383,0
45,6,BANC,CISO,1593648000,37.688,37.688,0
45,6,BANC,CISO,1594965600,55.204,55.204,0
45,6,BANC,CISO,1596283200,56.684,56.684,0
45,6,BANC,CISO,1597600800,78.197,78.197,0
45,6,BANC,CISO,1598918400,75.022,75.022,0
45,6,BANC,CISO,1600236000,80.174,80.174,0
45,6,BANC,CISO,1601553600,81.036,81.036,0
45,6,BANC,CISO,1602871200,74.249,74.249,0
45,6,BANC,CISO,1604188800,87.09,87.09,0
45,6,BANC,CISO,1605506400,93.475,93.475,0
45,6,BANC,CISO,1606824000,108.643,108.643,0
45,6,BANC,CISO,1608141600,91.972,91.972,0
45,1,CISO,BANC,1577836800,130.428,130.428,0
45,1,CISO,BANC,1579154400,140.472,140.472,0
45,1,CISO,BANC,1580472000,117.952,117.952,0
45,1,CISO,BANC,1581789600,103.569,103.569,0
45,1,CISO,BANC,1583107200,104.144,104.144,0
45,1,CISO,BANC,1584424800,135.48,135.48,0
45,1,CISO,BANC,1585742400,79.732,79.732,0
45,1,CISO,BANC,1587060000,80.679,80.679,0
45,1,CISO,BANC,1588377600,56.36,56.36,0
45,1,CISO,BANC,1589695200,62.849,62.849,0
45,1,CISO,BANC,1591012800,94.687,94.687,0
45,1,CISO,BANC,1592330400,66.377,66.377,0
45,1,CISO,BANC,1593648000,73.665,73.665,0
45,1,CISO,BANC,1594965600,90.516,90.516,0
45,1,CISO,BANC,1596283200,92.419,92.419,0
45,1,CISO,BANC,1597600800,127.384,127.384,0
45,1,CISO,BANC,1598918400,110.116,110.116,0
45,1,CISO,BANC,1600236000,126.99,126.99,0
45,1,CISO,BANC,1601553600,129.978,129.978,0
45,1,CISO,BANC,1602871200,142.021,142.021,0
45,1,CISO,BANC,1604188800,143.8,143.8,0
45,1,CISO,BANC,1605506400,123.623,123.623,0
45,1,CISO,BANC,1606824000,121.375,121.375,0
45,1,CISO,BANC,1608141600,120.762,120.762,0
45,2,CISO,BANC,1577836800,86.432,140.399,3
45,2,CISO,BANC,1579154400,87.773,143.954,1
45,2,CISO,BANC,1580472000,61.139,120.693,1
45,2,CISO,BANC,1581789600,64.326,110.112,6
45,2,CISO,BANC,1583107200,59.002,111.307,3
45,2,CISO,BANC,1584424800,89.476,138.572,1
45,2,CISO,BANC,1585742400,51.188,85.61,3
45,2,CISO,BANC,1587060000,34.665,81.482,1
45,2,CISO,BANC,1588377600,46.09,61.271,5
45,2,CISO,BANC,1589695200,47.549,68.678,5
45,2,CISO,BANC,1591012800,45.929,97.07,1
45,2,CISO,BANC,1592330400,43.707,69.642,3
45,2,CISO,BANC,1593648000,42.706,78.928,3
45,2,CISO,BANC,1594965600,66.924,99.605,5
45,2,CISO,BANC,1596283200,67.887,99.287,5
45,2,CISO,BANC,1597600800,81.895,129.72,1
45,2,CISO,BANC,1598918400,87.427,119.988,5
45,2,CISO,BANC,1600236000,85.437,129.943,1
45,2,CISO,BANC,1601553600,86.248,132.794,1
45,2,CISO,BANC,1602871200,77.996,143.701,1
45,2,CISO,BANC,1604188800,96.702,153.239,3
45,2,CISO,BANC,1605506400,111.26,134.389,5
45,2,CISO,BANC,1606824000,125.57,132.81,5
45,2,CISO,BANC,1608141600,117.42,134.693,9
45,3,CISO,BANC,1577836800,81.844,133.596,1
45,3,CISO,BANC,1579154400,87.773,143.954,1
45,3,CISO,BANC,1580472000,61.139,120.693,1
45,3,CISO,BANC,1581789600,57.056,106.124,2
45,3,CISO,BANC,1583107200,59.139,111.307,3
45,3,CISO,BANC,1584424800,89.476,138.572,1
45,3,CISO,BANC,1585742400,48.108,81.722,1
45,3,CISO,BANC,1587060000,36.061,82.241,2
45,3,CISO,BANC,1588377600,59.498,59.593,3
45,3,CISO,BANC,1589695200,49.469,67.236,3
45,3,CISO,BANC,1591012800,45.929,97.07,1
45,3,CISO,BANC,1592330400,45.903,69.642,4
45,3,CISO,BANC,1593648000,43.004,78.928,3
45,3,CISO,BANC,1594965600,59.038,92.803,1
45,3,CISO,BANC,1596283200,60.581,94.38,1
45,3,CISO,BANC,1597600800,81.895,129.72,1
45,3,CISO,BANC,1598918400,89.013,119.988,5
45,3,CISO,BANC,1600236000,85.437,129.943,1
45,3,CISO,BANC,1601553600,86.248,132.794,1
45,3,CISO,BANC,1602871200,81.685,145.373,2
45,3,CISO,BANC,1604188800,91.745,146.605,1
45,3,CISO,BANC,1605506400,127.26,129.055,2
45,3,CISO,BANC,1606824000,121.375,121.375,0
45,3,CISO,BANC,1608141600,98.873,124.225,2
45,4,CISO,BANC,1577836800,81.844,133.596,1
45,4,CISO,BANC,1579154400,87.773,143.954,1
45,4,CISO,BANC,1580472000,61.139,120.693,1
45,4,CISO,BANC,1581789600,54.924,104.847,1
45,4,CISO,BANC,1583107200,55.379,106.009,1
45,4,CISO,BANC,1584424800,89.476,138.572,1
45,4,CISO,BANC,1585742400,48.108,81.722,1
45,4,CISO,BANC,1587060000,34.665,81.482,1
45,4,CISO,BANC,1588377600,44.171,57.048,1
45,4,CISO,BANC,1589695200,45.572,64.365,1
45,4,CISO,BANC,1591012800,45.929,97.07,1
45,4,CISO,BANC,1592330400,41.369,67.397,1
45,4,CISO,BANC,1593648000,40.044,75.098,1
45,4,CISO,BANC,1594965600,59.038,92.803,1
45,4,CISO,BANC,1596283200,60.581,94.38,1
45,4,CISO,BANC,1597600800,81.895,129.72,1
45,4,CISO,BANC,1598918400,78.631,112.244,1
45,4,CISO,BANC,1600236000,85.437,129.943,1
45,4,CISO,BANC,1601553600,86.248,132.794,1
45,4,CISO,BANC,1602871200,77.996,143.701,1
45,4,CISO,BANC,1604188800,91.745,146.605,1
45,4,CISO,BANC,1605506400,99.656,126.344,1
45,4,CISO,BANC,1606824000,113.544,124.252,1
45,4,CISO,BANC,1608141600,95.622,122.495,1
45,5,CISO,BANC,1577836800,85.918,140.399,3
45,5,CISO,BANC,1579154400,87.773,143.954,1
45,5,CISO,BANC,1580472000,61.139,120.693,1
45,5,CISO,BANC,1581789600,65.76,111.669,7
45,5,CISO,BANC,1583107200,58.79,111.307,3
45,5,CISO,BANC,1584424800,89.476,138.572,1
45,5,CISO,BANC,1585742400,50.81,85.61,3
45,5,CISO,BANC,1587060000,34.665,81.482,1
45,5,CISO,BANC,1588377600,43.88,61.271,5
45,5,CISO,BANC,1589695200,46.297,68.678,5
45,5,CISO,BANC,1591012800,45.929,97.07,1
45,5,CISO,BANC,1592330400,43.184,69.642,3
45,5,CISO,BANC,1593648000,42.555,78.928,3
45,5,CISO,BANC,1594965600,66.592,99.605,5
45,5,CISO,BANC,1596283200,69.329,100.51,6
45,5,CISO,BANC,1597600800,81.895,129.72,1
45,5,CISO,BANC,1598918400,87.016,119.988,5
45,5,CISO,BANC,1600236000,85.437,129.943,1
45,5,CISO,BANC,1601553600,86.248,132.794,1
45,5,CISO,BANC,1602871200,77.996,143.701,1
45,5,CISO,BANC,1604188800,96.436,153.239,3
45,5,CISO,BANC,1605506400,109.365,134.389,5
45,5,CISO,BANC,1606824000,128.507,134.879,6
45,5,CISO,BANC,1608141600,110.412,131.806,7
45,6,CISO,BANC,1577836800,81.844,133.596,1
45,6,CISO,BANC,1579154400,87.773,143.954,1
45,6,CISO,BANC,1580472000,61.139,120.693,1
45,6,CISO,BANC,1581789600,54.924,104.847,1
45,6,CISO,BANC,1583107200,55.379,106.009,1
45,6,CISO,BANC,1584424800,89.476,138.572,1
45,6,CISO,BANC,1585742400,48.108,81.722,1
45,6,CISO,BANC,1587060000,34.665,81.482,1
45,6,CISO,BANC,1588377600,44.029,58.067,2
45,6,CISO,BANC,1589695200,45.572,64.365,1
45,6,CISO,BANC,1591012800,45.929,97.07,1
45,6,CISO,BANC,1592330400,41.369,67.397,1
45,6,CISO,BANC,1593648000,40.044,75.098,1
45,6,CISO,BANC,1594965600,59.038,92.803,1
45,6,CISO,BANC,1596283200,60.581,94.38,1
45,6,CISO,BANC,1597600800,81.895,129.72,1
45,6,CISO,BANC,1598918400,78.631,112.244,1
45,6,CISO,BANC,1600236000,85.437,129.943,1
45,6,CISO,BANC,1601553600,86.248,132.794,1
45,6,CISO,BANC,1602871200,77.996,143.701,1
45,6,CISO,BANC,1604188800,91.745,146.605,1
45,6,CISO,BANC,1605506400,99.656,126.344,1
45,6,CISO,BANC,1606824000,113.544,124.252,1
45,6,CISO,BANC,1608141600,95.622,122.495,1
45,1,EPE,AECI,1577836800,202.093,202.093,0
45,1,EPE,AECI,1579154400,207.289,207.289,0
45,1,EPE,AECI,1580472000,181.504,181.504,0
45,1,EPE,AECI,1581789600,175.974,175.974,0
45,1,EPE,AECI,1583107200,202.541,202.541,0
45,1,EPE,AECI,1584424800,204.307,204.307,0
45,1,EPE,AECI,1585742400,164.605,164.605,0
45,1,EPE,AECI,1587060000,171.684,171.684,0
45,1,EPE,AECI,1588377600,183.602,183.602,0
45,1,EPE,AECI,1589695200,189.282,189.282,0
45,1,EPE,AECI,1591012800,195.852,195.852,0
45,1,EPE,AECI,1592330400,195.157,195.157,0
45,1,EPE,AECI,1593648000,198.016,198.016,0
45,1,EPE,AECI,1594965600,209.436,209.436,0
45,1,EPE,AECI,1596283200,204.715,204.715,0
45,1,EPE,AECI,1597600800,214.763,214.763,0
45,1,EPE,AECI,1598918400,203.471,203.471,0
45,1,EPE,AECI,1600236000,199.728,199.728,0
45,1,EPE,AECI,1601553600,220.07,220.07,0
45,1,EPE,AECI,1602871200,223.978,223.978,0
45,1,EPE,AECI,1604188800,214.945,214.945,0
45,1,EPE,AECI,1605506400,203.959,203.959,0
45,1,EPE,AECI,1606824000,198.83,198.83,0
45,1,EPE,AECI,1608141600,215.454,215.454,0
45,2,EPE,AECI,1577836800,192.58,215.624,3
45,2,EPE,AECI,1579154400,215.722,225.56,5
45,2,EPE,AECI,1580472000,197.235,197.952,5
45,2,EPE,AECI,1581789600,208.319,192.429,6
45,2,EPE,AECI,1583107200,204.908,220.424,5
45,2,EPE,AECI,1584424800,201.479,220.305,5
45,2,EPE,AECI,1585742400,136.736,168.307,1
45,2,EPE,AECI,1587060000,160.012,181.096,3
45,2,EPE,AECI,1588377600,180.229,198.949,5
45,2,EPE,AECI,1589695200,177.842,202.744,3
45,2,EPE,AECI,1591012800,160.117,200.346,1
45,2,EPE,AECI,1592330400,165.18,199.038,1
45,2,EPE,AECI,1593648000,226.818,223.395,7
45,2,EPE,AECI,1594965600,183.215,214.068,1
45,2,EPE,AECI,1596283200,202.024,217.727,3
45,2,EPE,AECI,1597600800,231.232,230.415,5
45,2,EPE,AECI,1598918400,209.596,221.022,5
45,2,EPE,AECI,1600236000,223.372,218.192,5
45,2,EPE,AECI,1601553600,215.438,238.903,5
45,2,EPE,AECI,1602871200,211.972,241.065,5
45,2,EPE,AECI,1604188800,234.753,232.626,5
45,2,EPE,AECI,1605506400,246.884,233.786,9
45,2,EPE,AECI,1606824000,226.44,220.307,6
45,2,EPE,AECI,1608141600,212.441,227.979,3
45,3,EPE,AECI,1577836800,202.093,202.093,0
45,3,EPE,AECI,1579154400,207.289,207.289,0
45,3,EPE,AECI,1580472000,181.633,189.855,2
45,3,EPE,AECI,1581789600,175.974,175.974,0
45,3,EPE,AECI,1583107200,202.541,202.541,0
45,3,EPE,AECI,1584424800,203.697,208.54,1
45,3,EPE,AECI,1585742400,164.337,175.019,4
45,3,EPE,AECI,1587060000,171.684,171.684,0
45,3,EPE,AECI,1588377600,183.602,183.602,0
45,3,EPE,AECI,1589695200,194.284,193.609,1
45,3,EPE,AECI,1591012800,160.117,200.346,1
45,3,EPE,AECI,1592330400,175.021,202.922,2
45,3,EPE,AECI,1593648000,198.016,198.016,0
45,3,EPE,AECI,1594965600,218.404,223.387,3
45,3,EPE,AECI,1596283200,198.916,209.351,1
45,3,EPE,AECI,1597600800,214.763,214.763,0
45,3,EPE,AECI,1598918400,223.752,216.536,3
45,3,EPE,AECI,1600236000,199.728,199.728,0
45,3,EPE,AECI,1601553600,202.253,225.219,1
45,3,EPE,AECI,1602871200,197.654,232.656,2
45,3,EPE,AECI,1604188800,214.945,214.945,0
45,3,EPE,AECI,1605506400,204.692,208.386,1
45,3,EPE,AECI,1606824000,213.575,208.024,2
45,3,EPE,AECI,1608141600,229.298,223.802,2
45,4,EPE,AECI,1577836800,178.708,206.553,1
45,4,EPE,AECI,1579154400,192.552,211.801,1
45,4,EPE,AECI,1580472000,179.457,185.696,1
45,4,EPE,AECI,1581789600,185.571,179.278,1
45,4,EPE,AECI,1583107200,185.509,206.952,1
45,4,EPE,AECI,1584424800,181.319,208.54,1
45,4,EPE,AECI,1585742400,136.736,168.307,1
45,4,EPE,AECI,1587060000,151.21,174.728,1
45,4,EPE,AECI,1588377600,160.488,187.24,1
45,4,EPE,AECI,1589695200,166.155,193.609,1
45,4,EPE,AECI,1591012800,160.117,200.346,1
45,4,EPE,AECI,1592330400,165.05,199.038,1
45,4,EPE,AECI,1593648000,199.362,202.089,1
45,4,EPE,AECI,1594965600,183.215,214.068,1
45,4,EPE,AECI,1596283200,188.765,209.351,1
45,4,EPE,AECI,1597600800,209.31,218.69,1
45,4,EPE,AECI,1598918400,187.197,207.754,1
45,4,EPE,AECI,1600236000,199.728,199.728,0
45,4,EPE,AECI,1601553600,191.126,225.219,1
45,4,EPE,AECI,1602871200,186.176,228.349,1
45,4,EPE,AECI,1604188800,214.945,214.945,0
45,4,EPE,AECI,1605506400,208.208,208.386,1
45,4,EPE,AECI,1606824000,198.83,198.83,0
45,4,EPE,AECI,1608141600,201.632,219.654,1
45,5,EPE,AECI,1577836800,192.321,215.624,3
45,5,EPE,AECI,1579154400,214.465,225.56,5
45,5,EPE,AECI,1580472000,203.248,201.659,6
45,5,EPE,AECI,1581789600,213.469,196.183,7
45,5,EPE,AECI,1583107200,203.865,220.424,5
45,5,EPE,AECI,1584424800,200.75,220.305,5
45,5,EPE,AECI,1585742400,143.057,171.887,2
45,5,EPE,AECI,1587060000,159.082,181.096,3
45,5,EPE,AECI,1588377600,179.151,198.949,5
45,5,EPE,AECI,1589695200,177.497,202.744,3
45,5,EPE,AECI,1591012800,160.117,200.346,1
45,5,EPE,AECI,1592330400,165.057,199.038,1
45,5,EPE,AECI,1593648000,225.322,223.395,7
45,5,EPE,AECI,1594965600,183.215,214.068,1
45,5,EPE,AECI,1596283200,201.673,217.727,3
45,5,EPE,AECI,1597600800,230.516,230.415,5
45,5,EPE,AECI,1598918400,209.229,221.022,5
45,5,EPE,AECI,1600236000,221.666,218.192,5
45,5,EPE,AECI,1601553600,214.582,238.903,5
45,5,EPE,AECI,1602871200,225.149,249.648,7
45,5,EPE,AECI,1604188800,233.587,232.626,5
45,5,EPE,AECI,1605506400,244.606,233.786,9
45,5,EPE,AECI,1606824000,224.926,220.307,6
45,5,EPE,AECI,1608141600,211.243,227.979,3
45,6,EPE,AECI,1577836800,178.708,206.553,1
45,6,EPE,AECI,1579154400,192.552,211.801,1
45,6,EPE,AECI,1580472000,180.53,185.696,1
45,6,EPE,AECI,1581789600,175.974,175.974,0
45,6,EPE,AECI,1583107200,185.509,206.952,1
45,6,EPE,AECI,1584424800,181.319,208.54,1
45,6,EPE,AECI,1585742400,136.736,168.307,1
45,6,EPE,AECI,1587060000,151.21,174.728,1
45,6,EPE,AECI,1588377600,160.488,187.24,1
45,6,EPE,AECI,1589695200,166.155,193.609,1
45,6,EPE,AECI,1591012800,160.117,200.346,1
45,6,EPE,AECI,1592330400,165.05,199.038,1
45,6,EPE,AECI,1593648000,191.02,202.089,1
45,6,EPE,AECI,1594965600,183.215,214.068,1
45,6,EPE,AECI,1596283200,188.765,209.351,1
45,6,EPE,AECI,1597600800,208.517,218.69,1
45,6,EPE,AECI,1598918400,187.197,207.754,1
45,6,EPE,AECI,1600236000,199.728,199.728,0
45,6,EPE,AECI,1601553600,191.126,225.219,1
45,6,EPE,AECI,1602871200,186.176,228.349,1
45,6,EPE,AECI,1604188800,214.945,214.945,0
45,6,EPE,AECI,1605506400,203.959,203.959,0
45,6,EPE,AECI,1606824000,198.264,203.521,1
45,6,EPE,AECI,1608141600,200.95,219.654,1
45,1,EPE,PSCO,1577836800,202.093,202.093,0
45,1,EPE,PSCO,1579154400,207.289,207.289,0
45,1,EPE,PSCO,1580472000,181.504,181.504,0
45,1,EPE,PSCO,1581789600,175.974,175.974,0
45,1,EPE,PSCO,1583107200,202.541,202.541,0
45,1,EPE,PSCO,1584424800,204.307,204.307,0
45,1,EPE,PSCO,1585742400,164.605,164.605,0
45,1,EPE,PSCO,1587060000,171.684,171.684,0
45,1,EPE,PSCO,1588377600,183.602,183.602,0
45,1,EPE,PSCO,1589695200,189.282,189.282,0
45,1,EPE,PSCO,1591012800,195.852,195.852,0
45,1,EPE,PSCO,1592330400,195.157,195.157,0
45,1,EPE,PSCO,1593648000,198.016,198.016,0
45,1,EPE,PSCO,1594965600,209.436,209.436,0
45,1,EPE,PSCO,1596283200,204.715,204.715,0
45,1,EPE,PSCO,1597600800,214.763,214.763,0
45,1,EPE,PSCO,1598918400,203.471,203.471,0
45,1,EPE,PSCO,1600236000,199.728,199.728,0
45,1,EPE,PSCO,1601553600,220.07,220.07,0
45,1,EPE,PSCO,1602871200,223.978,223.978,0
45,1,EPE,PSCO,1604188800,214.945,214.945,0
45,1,EPE,PSCO,1605506400,203.959,203.959,0
45,1,EPE,PSCO,1606824000,198.83,198.83,0
45,1,EPE,PSCO,1608141600,215.454,215.454,0
45,2,EPE,PSCO,1577836800,217.282,215.624,4
45,2,EPE,PSCO,1579154400,198.291,225.56,5
45,2,EPE,PSCO,1580472000,221.63,212.378,10
45,2,EPE,PSCO,1581789600,207.72,192.429,6
45,2,EPE,PSCO,1583107200,221.64,220.424,5
45,2,EPE,PSCO,1584424800,238.093,224.272,6
45,2,EPE,PSCO,1585742400,173.465,171.887,2
45,2,EPE,PSCO,1587060000,182.314,177.835,2
45,2,EPE,PSCO,1588377600,215.653,206.759,7
45,2,EPE,PSCO,1589695200,181.631,202.744,3
45,2,EPE,PSCO,1591012800,221.367,208.18,4
45,2,EPE,PSCO,1592330400,198.133,206.819,4
45,2,EPE,PSCO,1593648000,205.81,214.798,5
45,2,EPE,PSCO,1594965600,231.664,228.069,5
45,2,EPE,PSCO,1596283200,218.042,221.626,5
45,2,EPE,PSCO,1597600800,210.641,226.498,4
45,2,EPE,PSCO,1598918400,216.79,212.166,2
45,2,EPE,PSCO,1600236000,197.798,218.192,5
45,2,EPE,PSCO,1601553600,235.659,247.012,7
45,2,EPE,PSCO,1602871200,239.814,245.229,6
45,2,EPE,PSCO,1604188800,257.522,241.887,7
45,2,EPE,PSCO,1605506400,219.588,221.153,5
45,2,EPE,PSCO,1606824000,154.594,203.521,1
45,2,EPE,PSCO,1608141600,179.525,219.654,1
45,3,EPE,PSCO,1577836800,226.389,215.624,4
45,3,EPE,PSCO,1579154400,175.225,211.801,1
45,3,EPE,PSCO,1580472000,173.122,185.696,1
45,3,EPE,PSCO,1581789600,181.473,179.278,1
45,3,EPE,PSCO,1583107200,202.994,206.952,1
45,3,EPE,PSCO,1584424800,217.68,212.501,2
45,3,EPE,PSCO,1585742400,164.605,164.605,0
45,3,EPE,PSCO,1587060000,171.684,171.684,0
45,3,EPE,PSCO,1588377600,183.602,183.602,0
45,3,EPE,PSCO,1589695200,180.139,193.609,1
45,3,EPE,PSCO,1591012800,195.852,195.852,0
45,3,EPE,PSCO,1592330400,186.555,199.038,1
45,3,EPE,PSCO,1593648000,199.833,210.543,3
45,3,EPE,PSCO,1594965600,214.998,214.068,1
45,3,EPE,PSCO,1596283200,207.892,209.351,1
45,3,EPE,PSCO,1597600800,201.136,222.614,2
45,3,EPE,PSCO,1598918400,203.471,203.471,0
45,3,EPE,PSCO,1600236000,181.329,204.188,1
45,3,EPE,PSCO,1601553600,203.525,225.219,1
45,3,EPE,PSCO,1602871200,218.207,232.656,2
45,3,EPE,PSCO,1604188800,214.945,214.945,0
45,3,EPE,PSCO,1605506400,222.564,216.982,3
45,3,EPE,PSCO,1606824000,154.594,203.521,1
45,3,EPE,PSCO,1608141600,179.525,219.654,1
45,4,EPE,PSCO,1577836800,200.042,206.553,1
45,4,EPE,PSCO,1579154400,175.225,211.801,1
45,4,EPE,PSCO,1580472000,175.984,185.696,1
45,4,EPE,PSCO,1581789600,175.974,175.974,0
45,4,EPE,PSCO,1583107200,203.313,206.952,1
45,4,EPE,PSCO,1584424800,204.307,204.307,0
45,4,EPE,PSCO,1585742400,164.605,164.605,0
45,4,EPE,PSCO,1587060000,171.684,171.684,0
45,4,EPE,PSCO,1588377600,192.093,187.24,1
45,4,EPE,PSCO,1589695200,172.657,193.609,1
45,4,EPE,PSCO,1591012800,195.852,195.852,0
45,4,EPE,PSCO,1592330400,198.384,202.922,2
45,4,EPE,PSCO,1593648000,195.154,202.089,1
45,4,EPE,PSCO,1594965600,209.436,209.436,0
45,4,EPE,PSCO,1596283200,200.544,209.351,1
45,4,EPE,PSCO,1597600800,196.971,218.69,1
45,4,EPE,PSCO,1598918400,215.219,207.754,1
45,4,EPE,PSCO,1600236000,188.443,204.188,1
45,4,EPE,PSCO,1601553600,203.525,225.219,1
45,4,EPE,PSCO,1602871200,212.532,228.349,1
45,4,EPE,PSCO,1604188800,214.945,214.945,0
45,4,EPE,PSCO,1605506400,208.107,208.386,1
45,4,EPE,PSCO,1606824000,154.594,203.521,1
45,4,EPE,PSCO,1608141600,179.525,219.654,1
45,5,EPE,PSCO,1577836800,215.468,215.624,4
45,5,EPE,PSCO,1579154400,195.788,225.56,5
45,5,EPE,PSCO,1580472000,219.662,212.378,10
45,5,EPE,PSCO,1581789600,206.661,192.429,6
45,5,EPE,PSCO,1583107200,219.959,220.424,5
45,5,EPE,PSCO,1584424800,236.914,224.272,6
45,5,EPE,PSCO,1585742400,171.716,171.887,2
45,5,EPE,PSCO,1587060000,181.682,177.835,2
45,5,EPE,PSCO,1588377600,213.548,206.759,7
45,5,EPE,PSCO,1589695200,180.864,202.744,3
45,5,EPE,PSCO,1591012800,209.781,204.385,2
45,5,EPE,PSCO,1592330400,196.358,206.819,4
45,5,EPE,PSCO,1593648000,204.905,214.798,5
45,5,EPE,PSCO,1594965600,238.677,232.831,6
45,5,EPE,PSCO,1596283200,217.548,221.626,5
45,5,EPE,PSCO,1597600800,209.942,226.498,4
45,5,EPE,PSCO,1598918400,223.188,216.536,3
45,5,EPE,PSCO,1600236000,196.445,218.192,5
45,5,EPE,PSCO,1601553600,232.963,247.012,7
45,5,EPE,PSCO,1602871200,245.529,249.648,7
45,5,EPE,PSCO,1604188800,255.515,241.887,7
45,5,EPE,PSCO,1605506400,218.463,221.153,5
45,5,EPE,PSCO,1606824000,154.594,203.521,1
45,5,EPE,PSCO,1608141600,179.525,219.654,1
45,6,EPE,PSCO,1577836800,201.441,206.553,1
45,6,EPE,PSCO,1579154400,175.225,211.801,1
45,6,EPE,PSCO,1580472000,173.122,185.696,1
45,6,EPE,PSCO,1581789600,175.974,175.974,0
45,6,EPE,PSCO,1583107200,201.613,206.952,1
45,6,EPE,PSCO,1584424800,204.307,204.307,0
45,6,EPE,PSCO,1585742400,164.605,164.605,0
45,6,EPE,PSCO,1587060000,171.684,171.684,0
45,6,EPE,PSCO,1588377600,183.602,183.602,0
45,6,EPE,PSCO,1589695200,180.139,193.609,1
45,6,EPE,PSCO,1591012800,195.852,195.852,0
45,6,EPE,PSCO,1592330400,186.555,199.038,1
45,6,EPE,PSCO,1593648000,187.301,202.089,1
45,6,EPE,PSCO,1594965600,209.436,209.436,0
45,6,EPE,PSCO,1596283200,203.691,209.351,1
45,6,EPE,PSCO,1597600800,196.971,218.69,1
45,6,EPE,PSCO,1598918400,203.471,203.471,0
45,6,EPE,PSCO,1600236000,181.329,204.188,1
45,6,EPE,PSCO,1601553600,203.525,225.219,1
45,6,EPE,PSCO,1602871200,212.532,228.349,1
45,6,EPE,PSCO,1604188800,214.945,214.945,0
45,6,EPE,PSCO,1605506400,203.959,203.959,0
45,6,EPE,PSCO,1606824000,154.594,203.521,1
45,6,EPE,PSCO,1608141600,179.525,219.654,1
45,1,PACE,AECI,1577836800,222.045,222.045,0
45,1,PACE,AECI,1579154400,234.433,234.433,0
45,1,PACE,AECI,1580472000,198.311,198.311,0
45,1,PACE,AECI,1581789600,196.827,196.827,0
45,1,PACE,AECI,1583107200,208.975,208.975,0
45,1,PACE,AECI,1584424800,252.452,252.452,0
45,1,PACE,AECI,1585742400,225.822,225.822,0
45,1,PACE,AECI,1587060000,224.401,224.401,0
45,1,PACE,AECI,1588377600,195.688,195.688,0
45,1,PACE,AECI,1589695200,218.514,218.514,0
45,1,PACE,AECI,1591012800,230.978,230.978,0
45,1,PACE,AECI,1592330400,200.767,200.767,0
45,1,PACE,AECI,1593648000,211.4,211.4,0
45,1,PACE,AECI,1594965600,197.864,197.864,0
45,1,PACE,AECI,1596283200,232.915,232.915,0
45,1,PACE,AECI,1597600800,252.895,252.895,0
45,1,PACE,AECI,1598918400,239.903,239.903,0
45,1,PACE,AECI,1600236000,257.912,257.912,0
45,1,PACE,AECI,1601553600,250.583,250.583,0
45,1,PACE,AECI,1602871200,211.548,211.548,0
45,1,PACE,AECI,1604188800,258.098,258.098,0
45,1,PACE,AECI,1605506400,230.758,230.758,0
45,1,PACE,AECI,1606824000,241.036,241.036,0
45,1,PACE,AECI,1608141600,221.431,221.431,0
45,2,PACE,AECI,1577836800,192.792,236.183,3
45,2,PACE,AECI,1579154400,208.467,249.287,3
45,2,PACE,AECI,1580472000,203.031,215.735,5
45,2,PACE,AECI,1581789600,202.969,208.335,4
45,2,PACE,AECI,1583107200,202.251,226.293,5
45,2,PACE,AECI,1584424800,183.441,258.582,1
45,2,PACE,AECI,1585742400,138.747,230.918,1
45,2,PACE,AECI,1587060000,163.107,236.003,3
45,2,PACE,AECI,1588377600,174.721,210.827,5
45,2,PACE,AECI,1589695200,181.467,232.838,3
45,2,PACE,AECI,1591012800,161.33,236.311,1
45,2,PACE,AECI,1592330400,171.451,214.535,3
45,2,PACE,AECI,1593648000,223.389,240.899,7
45,2,PACE,AECI,1594965600,215.173,228.055,7
45,2,PACE,AECI,1596283200,204.119,247.634,3
45,2,PACE,AECI,1597600800,209.923,257.798,1
45,2,PACE,AECI,1598918400,188.662,244.161,1
45,2,PACE,AECI,1600236000,212.764,263.157,1
45,2,PACE,AECI,1601553600,207.273,268.308,3
45,2,PACE,AECI,1602871200,221.214,233.838,8
45,2,PACE,AECI,1604188800,240.346,273.673,3
45,2,PACE,AECI,1605506400,233.71,249.421,5
45,2,PACE,AECI,1606824000,251.349,269.88,8
45,2,PACE,AECI,1608141600,224.353,241.0,5
45,3,PACE,AECI,1577836800,204.45,236.183,3
45,3,PACE,AECI,1579154400,228.834,249.287,3
45,3,PACE,AECI,1580472000,189.874,202.703,1
45,3,PACE,AECI,1581789600,196.827,196.827,0
45,3,PACE,AECI,1583107200,208.975,208.975,0
45,3,PACE,AECI,1584424800,183.441,258.582,1
45,3,PACE,AECI,1585742400,138.747,230.918,1
45,3,PACE,AECI,1587060000,153.782,228.312,1
45,3,PACE,AECI,1588377600,196.049,202.184,2
45,3,PACE,AECI,1589695200,181.586,232.838,3
45,3,PACE,AECI,1591012800,161.33,236.311,1
45,3,PACE,AECI,1592330400,164.65,205.289,1
45,3,PACE,AECI,1593648000,211.4,211.4,0
45,3,PACE,AECI,1594965600,191.528,203.144,1
45,3,PACE,AECI,1596283200,190.224,238.256,1
45,3,PACE,AECI,1597600800,245.77,272.218,5
45,3,PACE,AECI,1598918400,205.624,253.583,3
45,3,PACE,AECI,1600236000,237.512,274.142,3
45,3,PACE,AECI,1601553600,193.237,256.736,1
45,3,PACE,AECI,1602871200,222.038,222.582,4
45,3,PACE,AECI,1604188800,268.713,273.673,3
45,3,PACE,AECI,1605506400,226.53,235.265,1
45,3,PACE,AECI,1606824000,257.038,265.331,6
45,3,PACE,AECI,1608141600,209.835,226.347,1
45,4,PACE,AECI,1577836800,179.11,226.717,1
45,4,PACE,AECI,1579154400,194.803,239.487,1
45,4,PACE,AECI,1580472000,189.073,202.703,1
45,4,PACE,AECI,1581789600,191.076,200.732,1
45,4,PACE,AECI,1583107200,187.806,213.105,1
45,4,PACE,AECI,1584424800,183.441,258.582,1
45,4,PACE,AECI,1585742400,138.747,230.918,1
45,4,PACE,AECI,1587060000,153.782,228.312,1
45,4,PACE,AECI,1588377600,162.09,198.668,1
45,4,PACE,AECI,1589695200,167.898,223.55,1
45,4,PACE,AECI,1591012800,161.33,236.311,1
45,4,PACE,AECI,1592330400,164.65,205.289,1
45,4,PACE,AECI,1593648000,190.955,215.96,1
45,4,PACE,AECI,1594965600,183.46,203.144,1
45,4,PACE,AECI,1596283200,190.224,238.256,1
45,4,PACE,AECI,1597600800,209.923,257.798,1
45,4,PACE,AECI,1598918400,188.662,244.161,1
45,4,PACE,AECI,1600236000,212.764,263.157,1
45,4,PACE,AECI,1601553600,193.237,256.736,1
45,4,PACE,AECI,1602871200,185.549,215.177,1
45,4,PACE,AECI,1604188800,229.004,263.29,1
45,4,PACE,AECI,1605506400,212.462,235.265,1
45,4,PACE,AECI,1606824000,205.851,246.095,1
45,4,PACE,AECI,1608141600,204.313,226.347,1
45,5,PACE,AECI,1577836800,192.724,236.183,3
45,5,PACE,AECI,1579154400,208.403,249.287,3
45,5,PACE,AECI,1580472000,207.12,219.423,6
45,5,PACE,AECI,1581789600,201.535,208.335,4
45,5,PACE,AECI,1583107200,200.845,226.293,5
45,5,PACE,AECI,1584424800,183.441,258.582,1
45,5,PACE,AECI,1585742400,138.747,230.918,1
45,5,PACE,AECI,1587060000,162.979,236.003,3
45,5,PACE,AECI,1588377600,171.737,210.827,5
45,5,PACE,AECI,1589695200,180.016,232.838,3
45,5,PACE,AECI,1591012800,161.33,236.311,1
45,5,PACE,AECI,1592330400,170.32,214.535,3
45,5,PACE,AECI,1593648000,220.322,240.899,7
45,5,PACE,AECI,1594965600,212.042,228.055,7
45,5,PACE,AECI,1596283200,204.002,247.634,3
45,5,PACE,AECI,1597600800,209.923,257.798,1
45,5,PACE,AECI,1598918400,188.662,244.161,1
45,5,PACE,AECI,1600236000,212.764,263.157,1
45,5,PACE,AECI,1601553600,207.145,268.308,3
45,5,PACE,AECI,1602871200,209.044,229.952,6
45,5,PACE,AECI,1604188800,239.784,273.673,3
45,5,PACE,AECI,1605506400,232.501,249.421,5
45,5,PACE,AECI,1606824000,249.676,269.88,8
45,5,PACE,AECI,1608141600,223.614,241.0,5
45,6,PACE,AECI,1577836800,179.11,226.717,1
45,6,PACE,AECI,1579154400,194.803,239.487,1
45,6,PACE,AECI,1580472000,186.399,202.703,1
45,6,PACE,AECI,1581789600,196.244,200.732,1
45,6,PACE,AECI,1583107200,187.806,213.105,1
45,6,PACE,AECI,1584424800,183.441,258.582,1
45,6,PACE,AECI,1585742400,138.747,230.918,1
45,6,PACE,AECI,1587060000,153.782,228.312,1
45,6,PACE,AECI,1588377600,161.004,202.184,2
45,6,PACE,AECI,1589695200,167.898,223.55,1
45,6,PACE,AECI,1591012800,161.33,236.311,1
45,6,PACE,AECI,1592330400,164.65,205.289,1
45,6,PACE,AECI,1593648000,189.892,215.96,1
45,6,PACE,AECI,1594965600,182.276,203.144,1
45,6,PACE,AECI,1596283200,190.224,238.256,1
45,6,PACE,AECI,1597600800,209.923,257.798,1
45,6,PACE,AECI,1598918400,188.662,244.161,1
45,6,PACE,AECI,1600236000,212.764,263.157,1
45,6,PACE,AECI,1601553600,193.237,256.736,1
45,6,PACE,AECI,1602871200,185.549,215.177,1
45,6,PACE,AECI,1604188800,229.004,263.29,1
45,6,PACE,AECI,1605506400,212.462,235.265,1
45,6,PACE,AECI,1606824000,205.851,246.095,1
45,6,PACE,AECI,1608141600,201.44,226.347,1
45,1,PACE,PSCO,1577836800,222.045,222.045,0
45,1,PACE,PSCO,1579154400,234.433,234.433,0
45,1,PACE,PSCO,1580472000,198.311,198.311,0
45,1,PACE,PSCO,1581789600,196.827,196.827,0
45,1,PACE,PSCO,1583107200,208.975,208.975,0
45,1,PACE,PSCO,1584424800,252.452,252.452,0
45,1,PACE,PSCO,1585742400,225.822,225.822,0
45,1,PACE,PSCO,1587060000,224.401,224.401,0
45,1,PACE,PSCO,1588377600,195.688,195.688,0
45,1,PACE,PSCO,1589695200,218.514,218.514,0
45,1,PACE,PSCO,1591012800,230.978,230.978,0
45,1,PACE,PSCO,1592330400,200.767,200.767,0
45,1,PACE,PSCO,1593648000,211.4,211.4,0
45,1,PACE,PSCO,1594965600,197.864,197.864,0
45,1,PACE,PSCO,1596283200,232.915,232.915,0
45,1,PACE,PSCO,1597600800,252.895,252.895,0
45,1,PACE,PSCO,1598918400,239.903,239.903,0
45,1,PACE,PSCO,1600236000,257.912,257.912,0
45,1,PACE,PSCO,1601553600,250.583,250.583,0
45,1,PACE,PSCO,1602871200,211.548,211.548,0
45,1,PACE,PSCO,1604188800,258.098,258.098,0
45,1,PACE,PSCO,1605506400,230.758,230.758,0
45,1,PACE,PSCO,1606824000,241.036,241.036,0
45,1,PACE,PSCO,1608141600,221.431,221.431,0
45,2,PACE,PSCO,1577836800,253.877,251.238,7
45,2,PACE,PSCO,1579154400,216.081,263.698,7
45,2,PACE,PSCO,1580472000,195.166,215.735,5
45,2,PACE,PSCO,1581789600,217.511,212.058,5
45,2,PACE,PSCO,1583107200,259.286,244.249,10
45,2,PACE,PSCO,1584424800,246.809,270.593,3
45,2,PACE,PSCO,1585742400,237.148,249.246,6
45,2,PACE,PSCO,1587060000,265.117,253.462,9
45,2,PACE,PSCO,1588377600,211.662,219.363,7
45,2,PACE,PSCO,1589695200,189.623,232.838,3
45,2,PACE,PSCO,1591012800,238.073,246.236,3
45,2,PACE,PSCO,1592330400,184.07,214.535,3
45,2,PACE,PSCO,1593648000,202.278,230.938,5
45,2,PACE,PSCO,1594965600,261.961,238.067,10
45,2,PACE,PSCO,1596283200,229.395,251.782,5
45,2,PACE,PSCO,1597600800,198.377,257.798,1
45,2,PACE,PSCO,1598918400,276.753,267.98,7
45,2,PACE,PSCO,1600236000,183.769,263.157,1
45,2,PACE,PSCO,1601553600,229.771,273.297,5
45,2,PACE,PSCO,1602871200,215.422,222.582,4
45,2,PACE,PSCO,1604188800,250.662,273.673,3
45,2,PACE,PSCO,1605506400,229.755,249.421,5
45,2,PACE,PSCO,1606824000,156.659,246.095,1
45,2,PACE,PSCO,1608141600,180.015,226.347,1
45,3,PACE,PSCO,1577836800,217.07,231.404,2
45,3,PACE,PSCO,1579154400,177.476,239.487,1
45,3,PACE,PSCO,1580472000,173.489,202.703,1
45,3,PACE,PSCO,1581789600,201.727,200.732,1
45,3,PACE,PSCO,1583107200,216.645,221.906,3
45,3,PACE,PSCO,1584424800,229.931,258.582,1
45,3,PACE,PSCO,1585742400,204.922,230.918,1
45,3,PACE,PSCO,1587060000,225.297,232.124,2
45,3,PACE,PSCO,1588377600,200.845,206.522,3
45,3,PACE,PSCO,1589695200,181.882,223.55,1
45,3,PACE,PSCO,1591012800,230.349,236.311,1
45,3,PACE,PSCO,1592330400,186.154,205.289,1
45,3,PACE,PSCO,1593648000,199.218,225.845,3
45,3,PACE,PSCO,1594965600,203.358,203.144,1
45,3,PACE,PSCO,1596283200,209.351,238.256,1
45,3,PACE,PSCO,1597600800,198.377,257.798,1
45,3,PACE,PSCO,1598918400,257.654,253.583,3
45,3,PACE,PSCO,1600236000,183.769,263.157,1
45,3,PACE,PSCO,1601553600,205.636,256.736,1
45,3,PACE,PSCO,1602871200,216.41,218.893,2
45,3,PACE,PSCO,1604188800,235.91,263.29,1
45,3,PACE,PSCO,1605506400,210.458,235.265,1
45,3,PACE,PSCO,1606824000,156.659,246.095,1
45,3,PACE,PSCO,1608141600,180.015,226.347,1
45,4,PACE,PSCO,1577836800,212.267,226.717,1
45,4,PACE,PSCO,1579154400,177.476,239.487,1
45,4,PACE,PSCO,1580472000,173.489,202.703,1
45,4,PACE,PSCO,1581789600,192.703,200.732,1
45,4,PACE,PSCO,1583107200,205.291,213.105,1
45,4,PACE,PSCO,1584424800,230.75,258.582,1
45,4,PACE,PSCO,1585742400,204.922,230.918,1
45,4,PACE,PSCO,1587060000,224.401,224.401,0
45,4,PACE,PSCO,1588377600,191.705,198.668,1
45,4,PACE,PSCO,1589695200,182.66,223.55,1
45,4,PACE,PSCO,1591012800,223.164,236.311,1
45,4,PACE,PSCO,1592330400,193.381,205.289,1
45,4,PACE,PSCO,1593648000,186.173,215.96,1
45,4,PACE,PSCO,1594965600,197.864,197.864,0
45,4,PACE,PSCO,1596283200,205.203,238.256,1
45,4,PACE,PSCO,1597600800,198.377,257.798,1
45,4,PACE,PSCO,1598918400,255.423,244.161,1
45,4,PACE,PSCO,1600236000,183.769,263.157,1
45,4,PACE,PSCO,1601553600,205.636,256.736,1
45,4,PACE,PSCO,1602871200,211.548,211.548,0
45,4,PACE,PSCO,1604188800,235.91,263.29,1
45,4,PACE,PSCO,1605506400,210.458,235.265,1
45,4,PACE,PSCO,1606824000,156.659,246.095,1
45,4,PACE,PSCO,1608141600,180.015,226.347,1
45,5,PACE,PSCO,1577836800,251.525,251.238,7
45,5,PACE,PSCO,1579154400,214.126,263.698,7
45,5,PACE,PSCO,1580472000,200.201,219.423,6
45,5,PACE,PSCO,1581789600,222.16,215.789,6
45,5,PACE,PSCO,1583107200,256.273,244.249,10
45,5,PACE,PSCO,1584424800,246.129,270.593,3
45,5,PACE,PSCO,1585742400,234.614,249.246,6
45,5,PACE,PSCO,1587060000,263.171,253.462,9
45,5,PACE,PSCO,1588377600,209.515,219.363,7
45,5,PACE,PSCO,1589695200,188.298,232.838,3
45,5,PACE,PSCO,1591012800,240.794,246.236,4
45,5,PACE,PSCO,1592330400,182.421,214.535,3
45,5,PACE,PSCO,1593648000,200.636,230.938,5
45,5,PACE,PSCO,1594965600,258.603,238.067,10
45,5,PACE,PSCO,1596283200,228.831,251.782,5
45,5,PACE,PSCO,1597600800,198.377,257.798,1
45,5,PACE,PSCO,1598918400,275.505,267.98,7
45,5,PACE,PSCO,1600236000,183.769,263.157,1
45,5,PACE,PSCO,1601553600,227.555,273.297,5
45,5,PACE,PSCO,1602871200,213.503,222.582,4
45,5,PACE,PSCO,1604188800,249.956,273.673,3
45,5,PACE,PSCO,1605506400,228.674,249.421,5
45,5,PACE,PSCO,1606824000,156.659,246.095,1
45,5,PACE,PSCO,1608141600,180.015,226.347,1
45,6,PACE,PSCO,1577836800,210.434,226.717,1
45,6,PACE,PSCO,1579154400,177.476,239.487,1
45,6,PACE,PSCO,1580472000,173.489,202.703,1
45,6,PACE,PSCO,1581789600,196.305,200.732,1
45,6,PACE,PSCO,1583107200,205.291,213.105,1
45,6,PACE,PSCO,1584424800,229.931,258.582,1
45,6,PACE,PSCO,1585742400,204.922,230.918,1
45,6,PACE,PSCO,1587060000,219.098,228.312,1
45,6,PACE,PSCO,1588377600,191.706,202.184,2
45,6,PACE,PSCO,1589695200,181.882,223.55,1
45,6,PACE,PSCO,1591012800,230.349,236.311,1
45,6,PACE,PSCO,1592330400,186.154,205.289,1
45,6,PACE,PSCO,1593648000,186.173,215.96,1
45,6,PACE,PSCO,1594965600,197.864,197.864,0
45,6,PACE,PSCO,1596283200,209.351,238.256,1
45,6,PACE,PSCO,1597600800,198.377,257.798,1
45,6,PACE,PSCO,1598918400,239.903,239.903,0
45,6,PACE,PSCO,1600236000,183.769,263.157,1
45,6,PACE,PSCO,1601553600,205.636,256.736,1
45,6,PACE,PSCO,1602871200,211.548,211.548,0
45,6,PACE,PSCO,1604188800,235.91,263.29,1
45,6,PACE,PSCO,1605506400,210.458,235.265,1
45,6,PACE,PSCO,1606824000,156.659,246.095,1
45,6,PACE,PSCO,1608141600,180.015,226.347,1
45,1,PSCO,EPE,1577836800,201.806,201.806,0
45,1,PSCO,EPE,1579154400,168.095,168.095,0
45,1,PSCO,EPE,1580472000,165.819,165.819,0
45,1,PSCO,EPE,1581789600,208.599,208.599,0
45,1,PSCO,EPE,1583107200,195.56,195.56,0
45,1,PSCO,EPE,1584424800,221.046,221.046,0
45,1,PSCO,EPE,1585742400,196.694,196.694,0
45,1,PSCO,EPE,1587060000,211.329,211.329,0
45,1,PSCO,EPE,1588377600,184.057,184.057,0
45,1,PSCO,EPE,1589695200,174.63,174.63,0
45,1,PSCO,EPE,1591012800,220.905,220.905,0
45,1,PSCO,EPE,1592330400,179.992,179.992,0
45,1,PSCO,EPE,1593648000,180.132,180.132,0
45,1,PSCO,EPE,1594965600,212.921,212.921,0
45,1,PSCO,EPE,1596283200,202.105,202.105,0
45,1,PSCO,EPE,1597600800,189.709,189.709,0
45,1,PSCO,EPE,1598918400,234.795,234.795,0
45,1,PSCO,EPE,1600236000,174.02,174.02,0
45,1,PSCO,EPE,1601553600,195.176,195.176,0
45,1,PSCO,EPE,1602871200,202.804,202.804,0
45,1,PSCO,EPE,1604188800,225.924,225.924,0
45,1,PSCO,EPE,1605506400,203.332,203.332,0
45,1,PSCO,EPE,1606824000,147.36,147.36,0
45,1,PSCO,EPE,1608141600,172.796,172.796,0
45,2,PSCO,EPE,1577836800,225.11,221.495,5
45,2,PSCO,EPE,1579154400,190.976,178.081,4
45,2,PSCO,EPE,1580472000,214.318,192.83,9
45,2,PSCO,EPE,1581789600,216.163,230.456,7
45,2,PSCO,EPE,1583107200,214.317,206.286,4
45,2,PSCO,EPE,1584424800,247.363,247.667,7
45,2,PSCO,EPE,1585742400,181.299,211.141,3
45,2,PSCO,EPE,1587060000,190.142,224.553,3
45,2,PSCO,EPE,1588377600,209.558,200.899,6
45,2,PSCO,EPE,1589695200,186.001,182.738,4
45,2,PSCO,EPE,1591012800,217.832,234.411,3
45,2,PSCO,EPE,1592330400,195.196,191.839,3
45,2,PSCO,EPE,1593648000,198.354,191.568,4
45,2,PSCO,EPE,1594965600,223.167,224.05,4
45,2,PSCO,EPE,1596283200,225.851,217.589,6
45,2,PSCO,EPE,1597600800,218.486,208.231,5
45,2,PSCO,EPE,1598918400,208.418,239.606,1
45,2,PSCO,EPE,1600236000,190.419,183.477,4
45,2,PSCO,EPE,1601553600,227.609,212.134,6
45,2,PSCO,EPE,1602871200,231.24,222.549,5
45,2,PSCO,EPE,1604188800,250.057,246.809,6
45,2,PSCO,EPE,1605506400,213.12,212.167,4
45,2,PSCO,EPE,1606824000,147.36,147.36,0
45,2,PSCO,EPE,1608141600,172.796,172.796,0
45,3,PSCO,EPE,1577836800,208.165,206.834,1
45,3,PSCO,EPE,1579154400,168.095,168.095,0
45,3,PSCO,EPE,1580472000,165.819,165.819,0
45,3,PSCO,EPE,1581789600,195.002,218.69,3
45,3,PSCO,EPE,1583107200,195.56,195.56,0
45,3,PSCO,EPE,1584424800,226.6,234.046,3
45,3,PSCO,EPE,1585742400,173.009,201.473,1
45,3,PSCO,EPE,1587060000,179.296,215.845,1
45,3,PSCO,EPE,1588377600,195.761,190.648,2
45,3,PSCO,EPE,1589695200,174.63,174.63,0
45,3,PSCO,EPE,1591012800,203.775,225.601,1
45,3,PSCO,EPE,1592330400,179.992,179.992,0
45,3,PSCO,EPE,1593648000,192.715,187.687,2
45,3,PSCO,EPE,1594965600,221.788,220.093,2
45,3,PSCO,EPE,1596283200,202.105,202.105,0
45,3,PSCO,EPE,1597600800,194.552,194.312,1
45,3,PSCO,EPE,1598918400,209.227,239.606,1
45,3,PSCO,EPE,1600236000,174.02,174.02,0
45,3,PSCO,EPE,1601553600,195.176,195.176,0
45,3,PSCO,EPE,1602871200,207.989,208.122,1
45,3,PSCO,EPE,1604188800,222.233,230.317,1
45,3,PSCO,EPE,1605506400,216.029,209.248,2
45,3,PSCO,EPE,1606824000,147.36,147.36,0
45,3,PSCO,EPE,1608141600,172.796,172.796,0
45,4,PSCO,EPE,1577836800,208.156,211.739,2
45,4,PSCO,EPE,1579154400,168.095,168.095,0
45,4,PSCO,EPE,1580472000,165.819,165.819,0
45,4,PSCO,EPE,1581789600,183.968,211.871,1
45,4,PSCO,EPE,1583107200,195.56,195.56,0
45,4,PSCO,EPE,1584424800,216.88,225.4,1
45,4,PSCO,EPE,1585742400,178.397,201.473,1
45,4,PSCO,EPE,1587060000,179.296,215.845,1
45,4,PSCO,EPE,1588377600,184.057,184.057,0
45,4,PSCO,EPE,1589695200,174.63,174.63,0
45,4,PSCO,EPE,1591012800,203.775,225.601,1
45,4,PSCO,EPE,1592330400,186.539,183.617,1
45,4,PSCO,EPE,1593648000,180.132,180.132,0
45,4,PSCO,EPE,1594965600,212.921,212.921,0
45,4,PSCO,EPE,1596283200,202.105,202.105,0
45,4,PSCO,EPE,1597600800,189.709,189.709,0
45,4,PSCO,EPE,1598918400,221.131,244.046,2
45,4,PSCO,EPE,1600236000,174.02,174.02,0
45,4,PSCO,EPE,1601553600,195.176,195.176,0
45,4,PSCO,EPE,1602871200,202.804,202.804,0
45,4,PSCO,EPE,1604188800,220.114,230.317,1
45,4,PSCO,EPE,1605506400,203.332,203.332,0
45,4,PSCO,EPE,1606824000,147.36,147.36,0
45,4,PSCO,EPE,1608141600,172.796,172.796,0
45,5,PSCO,EPE,1577836800,223.296,221.495,5
45,5,PSCO,EPE,1579154400,188.474,178.081,4
45,5,PSCO,EPE,1580472000,212.35,192.83,9
45,5,PSCO,EPE,1581789600,215.105,230.456,7
45,5,PSCO,EPE,1583107200,212.637,206.286,4
45,5,PSCO,EPE,1584424800,246.183,247.667,7
45,5,PSCO,EPE,1585742400,179.55,211.141,3
45,5,PSCO,EPE,1587060000,189.511,224.553,3
45,5,PSCO,EPE,1588377600,207.453,200.899,6
45,5,PSCO,EPE,1589695200,185.234,182.738,4
45,5,PSCO,EPE,1591012800,217.006,234.411,3
45,5,PSCO,EPE,1592330400,193.42,191.839,3
45,5,PSCO,EPE,1593648000,197.449,191.568,4
45,5,PSCO,EPE,1594965600,222.133,224.05,4
45,5,PSCO,EPE,1596283200,225.357,217.589,6
45,5,PSCO,EPE,1597600800,217.788,208.231,5
45,5,PSCO,EPE,1598918400,207.852,239.606,1
45,5,PSCO,EPE,1600236000,189.066,183.477,4
45,5,PSCO,EPE,1601553600,224.914,212.134,6
45,5,PSCO,EPE,1602871200,230.042,222.549,5
45,5,PSCO,EPE,1604188800,248.049,246.809,6
45,5,PSCO,EPE,1605506400,211.995,212.167,4
45,5,PSCO,EPE,1606824000,147.36,147.36,0
45,5,PSCO,EPE,1608141600,172.796,172.796,0
45,6,PSCO,EPE,1577836800,201.806,201.806,0
45,6,PSCO,EPE,1579154400,168.095,168.095,0
45,6,PSCO,EPE,1580472000,165.819,165.819,0
45,6,PSCO,EPE,1581789600,183.968,211.871,1
45,6,PSCO,EPE,1583107200,195.56,195.56,0
45,6,PSCO,EPE,1584424800,213.821,225.4,1
45,6,PSCO,EPE,1585742400,173.009,201.473,1
45,6,PSCO,EPE,1587060000,179.296,215.845,1
45,6,PSCO,EPE,1588377600,183.768,187.407,1
45,6,PSCO,EPE,1589695200,174.63,174.63,0
45,6,PSCO,EPE,1591012800,203.775,225.601,1
45,6,PSCO,EPE,1592330400,179.992,179.992,0
45,6,PSCO,EPE,1593648000,180.132,180.132,0
45,6,PSCO,EPE,1594965600,212.409,216.392,1
45,6,PSCO,EPE,1596283200,202.105,202.105,0
45,6,PSCO,EPE,1597600800,189.709,189.709,0
45,6,PSCO,EPE,1598918400,209.227,239.606,1
45,6,PSCO,EPE,1600236000,174.02,174.02,0
45,6,PSCO,EPE,1601553600,195.176,195.176,0
45,6,PSCO,EPE,1602871200,202.804,202.804,0
45,6,PSCO,EPE,1604188800,222.233,230.317,1
45,6,PSCO,EPE,1605506400,203.332,203.332,0
45,6,PSCO,EPE,1606824000,147.36,147.36,0
45,6,PSCO,EPE,1608141600,172.796,172.796,0
45,1,PSCO,PACE,1577836800,201.806,201.806,0
45,1,PSCO,PACE,1579154400,168.095,168.095,0
45,1,PSCO,PACE,1580472000,165.819,165.819,0
45,1,PSCO,PACE,1581789600,208.599,208.599,0
45,1,PSCO,PACE,1583107200,195.56,195.56,0
45,1,PSCO,PACE,1584424800,221.046,221.046,0
45,1,PSCO,PACE,1585742400,196.694,196.694,0
45,1,PSCO,PACE,1587060000,211.329,211.329,0
45,1,PSCO,PACE,1588377600,184.057,184.057,0
45,1,PSCO,PACE,1589695200,174.63,174.63,0
45,1,PSCO,PACE,1591012800,220.905,220.905,0
45,1,PSCO,PACE,1592330400,179.992,179.992,0
45,1,PSCO,PACE,1593648000,180.132,180.132,0
45,1,PSCO,PACE,1594965600,212.921,212.921,0
45,1,PSCO,PACE,1596283200,202.105,202.105,0
45,1,PSCO,PACE,1597600800,189.709,189.709,0
45,1,PSCO,PACE,1598918400,234.795,234.795,0
45,1,PSCO,PACE,1600236000,174.02,174.02,0
45,1,PSCO,PACE,1601553600,195.176,195.176,0
45,1,PSCO,PACE,1602871200,202.804,202.804,0
45,1,PSCO,PACE,1604188800,225.924,225.924,0
45,1,PSCO,PACE,1605506400,203.332,203.332,0
45,1,PSCO,PACE,1606824000,147.36,147.36,0
45,1,PSCO,PACE,1608141600,172.796,172.796,0
45,2,PSCO,PACE,1577836800,245.437,226.356,6
45,2,PSCO,PACE,1579154400,205.645,185.398,6
45,2,PSCO,PACE,1580472000,187.246,176.411,4
45,2,PSCO,PACE,1581789600,232.921,230.456,7
45,2,PSCO,PACE,1583107200,240.745,218.226,8
45,2,PSCO,PACE,1584424800,237.959,229.727,2
45,2,PSCO,PACE,1585742400,244.649,225.517,7
45,2,PSCO,PACE,1587060000,257.342,237.395,8
45,2,PSCO,PACE,1588377600,203.966,200.899,6
45,2,PSCO,PACE,1589695200,182.215,179.956,2
45,2,PSCO,PACE,1591012800,228.901,229.987,2
45,2,PSCO,PACE,1592330400,186.963,191.839,4
45,2,PSCO,PACE,1593648000,208.911,199.2,6
45,2,PSCO,PACE,1594965600,253.983,244.07,9
45,2,PSCO,PACE,1596283200,222.075,211.388,4
45,2,PSCO,PACE,1597600800,189.709,189.709,0
45,2,PSCO,PACE,1598918400,268.159,254.325,6
45,2,PSCO,PACE,1600236000,174.02,174.02,0
45,2,PSCO,PACE,1601553600,219.639,205.613,4
45,2,PSCO,PACE,1602871200,211.639,217.966,3
45,2,PSCO,PACE,1604188800,240.764,234.575,2
45,2,PSCO,PACE,1605506400,222.608,212.167,4
45,2,PSCO,PACE,1606824000,147.36,147.36,0
45,2,PSCO,PACE,1608141600,172.796,172.796,0
45,3,PSCO,PACE,1577836800,208.399,206.834,1
45,3,PSCO,PACE,1579154400,168.095,168.095,0
45,3,PSCO,PACE,1580472000,165.819,165.819,0
45,3,PSCO,PACE,1581789600,210.188,215.208,2
45,3,PSCO,PACE,1583107200,207.716,202.871,2
45,3,PSCO,PACE,1584424800,221.046,221.046,0
45,3,PSCO,PACE,1585742400,196.694,196.694,0
45,3,PSCO,PACE,1587060000,217.891,215.845,1
45,3,PSCO,PACE,1588377600,187.117,187.407,1
45,3,PSCO,PACE,1589695200,174.63,174.63,0
45,3,PSCO,PACE,1591012800,220.905,220.905,0
45,3,PSCO,PACE,1592330400,179.992,179.992,0
45,3,PSCO,PACE,1593648000,192.569,187.687,2
45,3,PSCO,PACE,1594965600,210.93,220.093,2
45,3,PSCO,PACE,1596283200,202.105,202.105,0
45,3,PSCO,PACE,1597600800,189.709,189.709,0
45,3,PSCO,PACE,1598918400,239.668,239.606,1
45,3,PSCO,PACE,1600236000,174.02,174.02,0
45,3,PSCO,PACE,1601553600,195.176,195.176,0
45,3,PSCO,PACE,1602871200,221.278,217.966,3
45,3,PSCO,PACE,1604188800,225.924,225.924,0
45,3,PSCO,PACE,1605506400,203.332,203.332,0
45,3,PSCO,PACE,1606824000,147.36,147.36,0
45,3,PSCO,PACE,1608141600,172.796,172.796,0
45,4,PSCO,PACE,1577836800,201.806,201.806,0
45,4,PSCO,PACE,1579154400,168.095,168.095,0
45,4,PSCO,PACE,1580472000,165.819,165.819,0
45,4,PSCO,PACE,1581789600,200.46,215.208,2
45,4,PSCO,PACE,1583107200,195.56,195.56,0
45,4,PSCO,PACE,1584424800,221.046,221.046,0
45,4,PSCO,PACE,1585742400,196.694,196.694,0
45,4,PSCO,PACE,1587060000,211.329,211.329,0
45,4,PSCO,PACE,1588377600,184.057,184.057,0
45,4,PSCO,PACE,1589695200,174.63,174.63,0
45,4,PSCO,PACE,1591012800,220.905,220.905,0
45,4,PSCO,PACE,1592330400,179.992,179.992,0
45,4,PSCO,PACE,1593648000,180.132,180.132,0
45,4,PSCO,PACE,1594965600,206.256,216.392,1
45,4,PSCO,PACE,1596283200,202.105,202.105,0
45,4,PSCO,PACE,1597600800,189.709,189.709,0
45,4,PSCO,PACE,1598918400,234.795,234.795,0
45,4,PSCO,PACE,1600236000,174.02,174.02,0
45,4,PSCO,PACE,1601553600,195.176,195.176,0
45,4,PSCO,PACE,1602871200,202.804,202.804,0
45,4,PSCO,PACE,1604188800,225.924,225.924,0
45,4,PSCO,PACE,1605506400,203.332,203.332,0
45,4,PSCO,PACE,1606824000,147.36,147.36,0
45,4,PSCO,PACE,1608141600,172.796,172.796,0
45,5,PSCO,PACE,1577836800,243.085,226.356,6
45,5,PSCO,PACE,1579154400,203.69,185.398,6
45,5,PSCO,PACE,1580472000,185.798,176.411,4
45,5,PSCO,PACE,1581789600,233.905,230.456,8
45,5,PSCO,PACE,1583107200,245.926,222.908,9
45,5,PSCO,PACE,1584424800,237.279,229.727,2
45,5,PSCO,PACE,1585742400,227.016,215.929,5
45,5,PSCO,PACE,1587060000,255.397,237.395,8
45,5,PSCO,PACE,1588377600,201.819,200.899,6
45,5,PSCO,PACE,1589695200,180.89,179.956,2
45,5,PSCO,PACE,1591012800,228.304,229.987,2
45,5,PSCO,PACE,1592330400,185.315,191.839,4
45,5,PSCO,PACE,1593648000,194.308,191.568,4
45,5,PSCO,PACE,1594965600,250.625,244.07,9
45,5,PSCO,PACE,1596283200,221.511,211.388,4
45,5,PSCO,PACE,1597600800,189.709,189.709,0
45,5,PSCO,PACE,1598918400,266.91,254.325,6
45,5,PSCO,PACE,1600236000,174.02,174.02,0
45,5,PSCO,PACE,1601553600,217.423,205.613,4
45,5,PSCO,PACE,1602871200,209.72,217.966,3
45,5,PSCO,PACE,1604188800,240.058,234.575,2
45,5,PSCO,PACE,1605506400,221.527,212.167,4
45,5,PSCO,PACE,1606824000,147.36,147.36,0
45,5,PSCO,PACE,1608141600,172.796,172.796,0
45,6,PSCO,PACE,1577836800,201.806,201.806,0
45,6,PSCO,PACE,1579154400,168.095,168.095,0
45,6,PSCO,PACE,1580472000,165.819,165.819,0
45,6,PSCO,PACE,1581789600,204.062,215.208,2
45,6,PSCO,PACE,1583107200,195.56,195.56,0
45,6,PSCO,PACE,1584424800,221.046,221.046,0
45,6,PSCO,PACE,1585742400,196.694,196.694,0
45,6,PSCO,PACE,1587060000,211.329,211.329,0
45,6,PSCO,PACE,1588377600,183.892,187.407,1
45,6,PSCO,PACE,1589695200,174.63,174.63,0
45,6,PSCO,PACE,1591012800,220.905,220.905,0
45,6,PSCO,PACE,1592330400,179.992,179.992,0
45,6,PSCO,PACE,1593648000,180.132,180.132,0
45,6,PSCO,PACE,1594965600,206.256,216.392,1
45,6,PSCO,PACE,1596283200,202.105,202.105,0
45,6,PSCO,PACE,1597600800,189.709,189.709,0
45,6,PSCO,PACE,1598918400,234.795,234.795,0
45,6,PSCO,PACE,1600236000,174.02,174.02,0
45,6,PSCO,PACE,1601553600,195.176,195.176,0
45,6,PSCO,PACE,1602871200,202.804,202.804,0
45,6,PSCO,PACE,1604188800,225.924,225.924,0
45,6,PSCO,PACE,1605506400,203.332,203.332,0
45,6,PSCO,PACE,1606824000,147.36,147.36,0
45,6,PSCO,PACE,1608141600,172.796,172.796,0
45,1,TEPC,AECI,1577836800,261.782,261.782,0
45,1,TEPC,AECI,1579154400,260.044,260.044,0
45,1,TEPC,AECI,1580472000,227.287,227.287,0
45,1,TEPC,AECI,1581789600,230.952,230.952,0
45,1,TEPC,AECI,1583107200,213.887,213.887,0
45,1,TEPC,AECI,1584424800,209.261,209.261,0
45,1,TEPC,AECI,1585742400,163.89,163.89,0
45,1,TEPC,AECI,1587060000,178.693,178.693,0
45,1,TEPC,AECI,1588377600,179.254,179.254,0
45,1,TEPC,AECI,1589695200,215.518,215.518,0
45,1,TEPC,AECI,1591012800,222.496,222.496,0
45,1,TEPC,AECI,1592330400,189.451,189.451,0
45,1,TEPC,AECI,1593648000,215.878,215.878,0
45,1,TEPC,AECI,1594965600,207.863,207.863,0
45,1,TEPC,AECI,1596283200,219.66,219.66,0
45,1,TEPC,AECI,1597600800,232.192,232.192,0
45,1,TEPC,AECI,1598918400,219.508,219.508,0
45,1,TEPC,AECI,1600236000,245.174,245.174,0
45,1,TEPC,AECI,1601553600,235.921,235.921,0
45,1,TEPC,AECI,1602871200,262.53,262.53,0
45,1,TEPC,AECI,1604188800,265.706,265.706,0
45,1,TEPC,AECI,1605506400,225.001,225.001,0
45,1,TEPC,AECI,1606824000,193.11,193.11,0
45,1,TEPC,AECI,1608141600,251.11,251.11,0
45,2,TEPC,AECI,1577836800,181.364,267.327,1
45,2,TEPC,AECI,1579154400,195.436,265.972,1
45,2,TEPC,AECI,1580472000,201.251,250.141,5
45,2,TEPC,AECI,1581789600,210.394,241.853,4
45,2,TEPC,AECI,1583107200,200.742,232.963,5
45,2,TEPC,AECI,1584424800,190.838,223.393,3
45,2,TEPC,AECI,1585742400,159.498,180.86,6
45,2,TEPC,AECI,1587060000,164.503,189.891,5
45,2,TEPC,AECI,1588377600,177.26,194.538,5
45,2,TEPC,AECI,1589695200,165.335,220.659,1
45,2,TEPC,AECI,1591012800,160.05,227.481,1
45,2,TEPC,AECI,1592330400,185.607,203.165,5
45,2,TEPC,AECI,1593648000,205.137,229.386,3
45,2,TEPC,AECI,1594965600,195.854,222.941,3
45,2,TEPC,AECI,1596283200,189.37,224.499,1
45,2,TEPC,AECI,1597600800,209.036,236.671,1
45,2,TEPC,AECI,1598918400,187.105,224.177,1
45,2,TEPC,AECI,1600236000,227.292,261.561,3
45,2,TEPC,AECI,1601553600,191.406,240.805,1
45,2,TEPC,AECI,1602871200,187.63,267.329,1
45,2,TEPC,AECI,1604188800,271.025,295.786,7
45,2,TEPC,AECI,1605506400,232.681,244.792,5
45,2,TEPC,AECI,1606824000,223.675,212.99,6
45,2,TEPC,AECI,1608141600,202.745,256.156,1
45,3,TEPC,AECI,1577836800,181.364,267.327,1
45,3,TEPC,AECI,1579154400,195.436,265.972,1
45,3,TEPC,AECI,1580472000,186.429,232.948,1
45,3,TEPC,AECI,1581789600,240.258,241.853,4
45,3,TEPC,AECI,1583107200,213.887,213.887,0
45,3,TEPC,AECI,1584424800,186.865,214.078,1
45,3,TEPC,AECI,1585742400,154.409,175.344,4
45,3,TEPC,AECI,1587060000,185.125,187.04,3
45,3,TEPC,AECI,1588377600,179.254,179.254,0
45,3,TEPC,AECI,1589695200,165.335,220.659,1
45,3,TEPC,AECI,1591012800,160.05,227.481,1
45,3,TEPC,AECI,1592330400,203.154,199.752,4
45,3,TEPC,AECI,1593648000,215.878,215.878,0
45,3,TEPC,AECI,1594965600,221.279,227.754,5
45,3,TEPC,AECI,1596283200,192.426,224.499,1
45,3,TEPC,AECI,1597600800,232.192,232.192,0
45,3,TEPC,AECI,1598918400,204.696,232.668,4
45,3,TEPC,AECI,1600236000,249.839,250.543,1
45,3,TEPC,AECI,1601553600,191.406,240.805,1
45,3,TEPC,AECI,1602871200,187.63,267.329,1
45,3,TEPC,AECI,1604188800,268.284,275.245,2
45,3,TEPC,AECI,1605506400,221.904,230.103,1
45,3,TEPC,AECI,1606824000,193.11,193.11,0
45,3,TEPC,AECI,1608141600,202.745,256.156,1
45,4,TEPC,AECI,1577836800,181.364,267.327,1
45,4,TEPC,AECI,1579154400,195.436,265.972,1
45,4,TEPC,AECI,1580472000,186.75,232.948,1
45,4,TEPC,AECI,1581789600,196.804,234.731,1
45,4,TEPC,AECI,1583107200,185.812,218.268,1
45,4,TEPC,AECI,1584424800,181.133,214.078,1
45,4,TEPC,AECI,1585742400,137.519,167.958,1
45,4,TEPC,AECI,1587060000,150.69,181.485,1
45,4,TEPC,AECI,1588377600,160.582,182.828,1
45,4,TEPC,AECI,1589695200,165.335,220.659,1
45,4,TEPC,AECI,1591012800,160.05,227.481,1
45,4,TEPC,AECI,1592330400,165.114,192.904,1
45,4,TEPC,AECI,1593648000,191.051,220.097,1
45,4,TEPC,AECI,1594965600,182.926,212.83,1
45,4,TEPC,AECI,1596283200,189.37,224.499,1
45,4,TEPC,AECI,1597600800,209.036,236.671,1
45,4,TEPC,AECI,1598918400,187.105,224.177,1
45,4,TEPC,AECI,1600236000,212.128,250.543,1
45,4,TEPC,AECI,1601553600,191.406,240.805,1
45,4,TEPC,AECI,1602871200,187.63,267.329,1
45,4,TEPC,AECI,1604188800,228.791,270.432,1
45,4,TEPC,AECI,1605506400,218.804,230.103,1
45,4,TEPC,AECI,1606824000,193.11,193.11,0
45,4,TEPC,AECI,1608141600,202.745,256.156,1
45,5,TEPC,AECI,1577836800,181.364,267.327,1
45,5,TEPC,AECI,1579154400,195.436,265.972,1
45,5,TEPC,AECI,1580472000,200.306,250.141,5
45,5,TEPC,AECI,1581789600,209.248,241.853,4
45,5,TEPC,AECI,1583107200,198.688,232.963,5
45,5,TEPC,AECI,1584424800,190.222,223.393,3
45,5,TEPC,AECI,1585742400,158.351,180.86,6
45,5,TEPC,AECI,1587060000,163.191,189.891,5
45,5,TEPC,AECI,1588377600,175.789,194.538,5
45,5,TEPC,AECI,1589695200,165.335,220.659,1
45,5,TEPC,AECI,1591012800,160.05,227.481,1
45,5,TEPC,AECI,1592330400,184.726,203.165,5
45,5,TEPC,AECI,1593648000,204.784,229.386,3
45,5,TEPC,AECI,1594965600,195.629,222.941,3
45,5,TEPC,AECI,1596283200,189.37,224.499,1
45,5,TEPC,AECI,1597600800,209.036,236.671,1
45,5,TEPC,AECI,1598918400,187.105,224.177,1
45,5,TEPC,AECI,1600236000,226.37,261.561,3
45,5,TEPC,AECI,1601553600,191.406,240.805,1
45,5,TEPC,AECI,1602871200,187.63,267.329,1
45,5,TEPC,AECI,1604188800,269.98,295.786,7
45,5,TEPC,AECI,1605506400,231.307,244.792,5
45,5,TEPC,AECI,1606824000,222.399,212.99,6
45,5,TEPC,AECI,1608141600,202.745,256.156,1
45,6,TEPC,AECI,1577836800,181.364,267.327,1
45,6,TEPC,AECI,1579154400,195.436,265.972,1
45,6,TEPC,AECI,1580472000,186.429,232.948,1
45,6,TEPC,AECI,1581789600,196.804,234.731,1
45,6,TEPC,AECI,1583107200,185.812,218.268,1
45,6,TEPC,AECI,1584424800,181.133,214.078,1
45,6,TEPC,AECI,1585742400,137.519,167.958,1
45,6,TEPC,AECI,1587060000,150.69,181.485,1
45,6,TEPC,AECI,1588377600,160.582,182.828,1
45,6,TEPC,AECI,1589695200,165.335,220.659,1
45,6,TEPC,AECI,1591012800,160.05,227.481,1
45,6,TEPC,AECI,1592330400,165.114,192.904,1
45,6,TEPC,AECI,1593648000,191.051,220.097,1
45,6,TEPC,AECI,1594965600,182.926,212.83,1
45,6,TEPC,AECI,1596283200,189.37,224.499,1
45,6,TEPC,AECI,1597600800,209.036,236.671,1
45,6,TEPC,AECI,1598918400,187.105,224.177,1
45,6,TEPC,AECI,1600236000,212.128,250.543,1
45,6,TEPC,AECI,1601553600,191.406,240.805,1
45,6,TEPC,AECI,1602871200,187.63,267.329,1
45,6,TEPC,AECI,1604188800,228.791,270.432,1
45,6,TEPC,AECI,1605506400,212.475,230.103,1
45,6,TEPC,AECI,1606824000,193.11,193.11,0
45,6,TEPC,AECI,1608141600,202.745,256.156,1
60,1,AECI,EPE,1577836800,171.652,171.652,0
60,1,AECI,EPE,1579154400,184.829,184.829,0
60,1,AECI,EPE,1580472000,179.08,179.08,0
60,1,AECI,EPE,1581789600,190.047,190.047,0
60,1,AECI,EPE,1583107200,177.533,177.533,0
60,1,AECI,EPE,1584424800,173.609,173.609,0
60,1,AECI,EPE,1585742400,130.078,130.078,0
60,1,AECI,EPE,1587060000,146.519,146.519,0
60,1,AECI,EPE,1588377600,154.192,154.192,0
60,1,AECI,EPE,1589695200,158.058,158.058,0
60,1,AECI,EPE,1591012800,151.782,151.782,0
60,1,AECI,EPE,1592330400,159.195,159.195,0
60,1,AECI,EPE,1593648000,183.868,183.868,0
60,1,AECI,EPE,1594965600,175.21,175.21,0
60,1,AECI,EPE,1596283200,180.832,180.832,0
60,1,AECI,EPE,1597600800,201.072,201.072,0
60,1,AECI,EPE,1598918400,180.384,180.384,0
60,1,AECI,EPE,1600236000,202.899,202.899,0
60,1,AECI,EPE,1601553600,182.573,182.573,0
60,1,AECI,EPE,1602871200,178.75,178.75,0
60,1,AECI,EPE,1604188800,219.569,219.569,0
60,1,AECI,EPE,1605506400,205.232,205.232,0
60,1,AECI,EPE,1606824000,196.187,196.187,0
60,1,AECI,EPE,1608141600,194.483,194.483,0
60,2,AECI,EPE,1577836800,187.454,179.057,2
60,2,AECI,EPE,1579154400,215.917,200.312,4
60,2,AECI,EPE,1580472000,197.616,194.05,4
60,2,AECI,EPE,1581789600,234.498,221.698,8
60,2,AECI,EPE,1583107200,205.341,193.374,4
60,2,AECI,EPE,1584424800,200.65,185.562,4
60,2,AECI,EPE,1585742400,130.078,130.078,0
60,2,AECI,EPE,1587060000,167.437,155.889,4
60,2,AECI,EPE,1588377600,181.14,168.311,4
60,2,AECI,EPE,1589695200,171.704,164.985,2
60,2,AECI,EPE,1591012800,151.782,151.782,0
60,2,AECI,EPE,1592330400,173.592,165.665,2
60,2,AECI,EPE,1593648000,229.709,206.056,6
60,2,AECI,EPE,1594965600,175.21,175.21,0
60,2,AECI,EPE,1596283200,195.938,188.162,2
60,2,AECI,EPE,1597600800,232.403,216.844,4
60,2,AECI,EPE,1598918400,210.214,194.679,4
60,2,AECI,EPE,1600236000,223.861,217.586,4
60,2,AECI,EPE,1601553600,214.428,197.323,4
60,2,AECI,EPE,1602871200,212.742,194.718,4
60,2,AECI,EPE,1604188800,253.17,243.908,6
60,2,AECI,EPE,1605506400,256.073,231.614,8
60,2,AECI,EPE,1606824000,228.086,217.063,5
60,2,AECI,EPE,1608141600,223.829,208.422,4
60,3,AECI,EPE,1577836800,210.494,175.342,1
60,3,AECI,EPE,1579154400,214.561,188.789,1
60,3,AECI,EPE,1580472000,191.192,190.145,3
60,3,AECI,EPE,1581789600,184.449,194.225,1
60,3,AECI,EPE,1583107200,210.113,181.799,1
60,3,AECI,EPE,1584424800,209.557,179.684,2
60,3,AECI,EPE,1585742400,156.322,140.908,3
60,3,AECI,EPE,1587060000,177.584,149.147,1
60,3,AECI,EPE,1588377600,190.607,157.765,1
60,3,AECI,EPE,1589695200,200.952,164.985,2
60,3,AECI,EPE,1591012800,151.782,151.782,0
60,3,AECI,EPE,1592330400,169.22,162.435,1
60,3,AECI,EPE,1593648000,206.0,187.798,1
60,3,AECI,EPE,1594965600,224.601,188.678,4
60,3,AECI,EPE,1596283200,214.28,191.964,3
60,3,AECI,EPE,1597600800,222.514,205.228,1
60,3,AECI,EPE,1598918400,211.442,183.948,1
60,3,AECI,EPE,1600236000,214.867,210.142,2
60,3,AECI,EPE,1601553600,206.445,189.499,2
60,3,AECI,EPE,1602871200,189.119,182.572,1
60,3,AECI,EPE,1604188800,224.394,223.947,1
60,3,AECI,EPE,1605506400,212.932,211.558,2
60,3,AECI,EPE,1606824000,207.019,200.233,1
60,3,AECI,EPE,1608141600,224.238,198.171,1
60,4,AECI,EPE,1577836800,171.652,171.652,0
60,4,AECI,EPE,1579154400,184.829,184.829,0
60,4,AECI,EPE,1580472000,179.08,179.08,0
60,4,AECI,EPE,1581789600,190.047,190.047,0
60,4,AECI,EPE,1583107200,177.533,177.533,0
60,4,AECI,EPE,1584424800,173.609,173.609,0
60,4,AECI,EPE,1585742400,130.078,130.078,0
60,4,AECI,EPE,1587060000,146.519,146.519,0
60,4,AECI,EPE,1588377600,154.192,154.192,0
60,4,AECI,EPE,1589695200,158.058,158.058,0
60,4,AECI,EPE,1591012800,151.782,151.782,0
60,4,AECI,EPE,1592330400,159.195,159.195,0
60,4,AECI,EPE,1593648000,183.868,183.868,0
60,4,AECI,EPE,1594965600,175.21,175.21,0
60,4,AECI,EPE,1596283200,180.832,180.832,0
60,4,AECI,EPE,1597600800,201.072,201.072,0
60,4,AECI,EPE,1598918400,180.384,180.384,0
60,4,AECI,EPE,1600236000,202.899,202.899,0
60,4,AECI,EPE,1601553600,182.573,182.573,0
60,4,AECI,EPE,1602871200,178.75,178.75,0
60,4,AECI,EPE,1604188800,219.569,219.569,0
60,4,AECI,EPE,1605506400,205.232,205.232,0
60,4,AECI,EPE,1606824000,196.187,196.187,0
60,4,AECI,EPE,1608141600,194.483,194.483,0
60,5,AECI,EPE,1577836800,187.161,179.057,2
60,5,AECI,EPE,1579154400,214.458,200.312,4
60,5,AECI,EPE,1580472000,204.482,197.902,5
60,5,AECI,EPE,1581789600,232.935,221.698,8
60,5,AECI,EPE,1583107200,204.131,193.374,4
60,5,AECI,EPE,1584424800,199.781,185.562,4
60,5,AECI,EPE,1585742400,130.078,130.078,0
60,5,AECI,EPE,1587060000,156.358,151.4,2
60,5,AECI,EPE,1588377600,179.813,168.311,4
60,5,AECI,EPE,1589695200,171.289,164.985,2
60,5,AECI,EPE,1591012800,151.782,151.782,0
60,5,AECI,EPE,1592330400,173.474,165.665,2
60,5,AECI,EPE,1593648000,228.026,206.056,6
60,5,AECI,EPE,1594965600,175.21,175.21,0
60,5,AECI,EPE,1596283200,195.553,188.162,2
60,5,AECI,EPE,1597600800,231.546,216.844,4
60,5,AECI,EPE,1598918400,209.797,194.679,4
60,5,AECI,EPE,1600236000,222.018,217.586,4
60,5,AECI,EPE,1601553600,213.485,197.323,4
60,5,AECI,EPE,1602871200,227.732,203.064,6
60,5,AECI,EPE,1604188800,234.651,236.269,4
60,5,AECI,EPE,1605506400,253.348,231.614,8
60,5,AECI,EPE,1606824000,226.316,217.063,5
60,5,AECI,EPE,1608141600,222.406,208.422,4
60,6,AECI,EPE,1577836800,171.652,171.652,0
60,6,AECI,EPE,1579154400,184.829,184.829,0
60,6,AECI,EPE,1580472000,179.08,179.08,0
60,6,AECI,EPE,1581789600,184.449,194.225,1
60,6,AECI,EPE,1583107200,177.533,177.533,0
60,6,AECI,EPE,1584424800,173.609,173.609,0
60,6,AECI,EPE,1585742400,130.078,130.078,0
60,6,AECI,EPE,1587060000,146.519,146.519,0
60,6,AECI,EPE,1588377600,154.192,154.192,0
60,6,AECI,EPE,1589695200,158.058,158.058,0
60,6,AECI,EPE,1591012800,151.782,151.782,0
60,6,AECI,EPE,1592330400,159.195,159.195,0
60,6,AECI,EPE,1593648000,183.868,183.868,0
60,6,AECI,EPE,1594965600,175.21,175.21,0
60,6,AECI,EPE,1596283200,180.832,180.832,0
60,6,AECI,EPE,1597600800,201.072,201.072,0
60,6,AECI,EPE,1598918400,180.384,180.384,0
60,6,AECI,EPE,1600236000,202.899,202.899,0
60,6,AECI,EPE,1601553600,182.573,182.573,0
60,6,AECI,EPE,1602871200,178.75,178.75,0
60,6,AECI,EPE,1604188800,219.299,223.947,1
60,6,AECI,EPE,1605506400,205.232,205.232,0
60,6,AECI,EPE,1606824000,196.187,196.187,0
60,6,AECI,EPE,1608141600,194.483,194.483,0
60,1,AECI,PACE,1577836800,171.652,171.652,0
60,1,AECI,PACE,1579154400,184.829,184.829,0
60,1,AECI,PACE,1580472000,179.08,179.08,0
60,1,AECI,PACE,1581789600,190.047,190.047,0
60,1,AECI,PACE,1583107200,177.533,177.533,0
60,1,AECI,PACE,1584424800,173.609,173.609,0
60,1,AECI,PACE,1585742400,130.078,130.078,0
60,1,AECI,PACE,1587060000,146.519,146.519,0
60,1,AECI,PACE,1588377600,154.192,154.192,0
60,1,AECI,PACE,1589695200,158.058,158.058,0
60,1,AECI,PACE,1591012800,151.782,151.782,0
60,1,AECI,PACE,1592330400,159.195,159.195,0
60,1,AECI,PACE,1593648000,183.868,183.868,0
60,1,AECI,PACE,1594965600,175.21,175.21,0
60,1,AECI,PACE,1596283200,180.832,180.832,0
60,1,AECI,PACE,1597600800,201.072,201.072,0
60,1,AECI,PACE,1598918400,180.384,180.384,0
60,1,AECI,PACE,1600236000,202.899,202.899,0
60,1,AECI,PACE,1601553600,182.573,182.573,0
60,1,AECI,PACE,1602871200,178.75,178.75,0
60,1,AECI,PACE,1604188800,219.569,219.569,0
60,1,AECI,PACE,1605506400,205.232,205.232,0
60,1,AECI,PACE,1606824000,196.187,196.187,0
60,1,AECI,PACE,1608141600,194.483,194.483,0
60,2,AECI,PACE,1577836800,187.233,179.057,2
60,2,AECI,PACE,1579154400,200.536,192.82,2
60,2,AECI,PACE,1580472000,203.331,194.05,4
60,2,AECI,PACE,1581789600,219.457,210.571,5
60,2,AECI,PACE,1583107200,200.515,193.374,4
60,2,AECI,PACE,1584424800,173.609,173.609,0
60,2,AECI,PACE,1585742400,130.078,130.078,0
60,2,AECI,PACE,1587060000,157.855,151.4,2
60,2,AECI,PACE,1588377600,174.238,168.311,4
60,2,AECI,PACE,1589695200,173.865,164.985,2
60,2,AECI,PACE,1591012800,151.782,151.782,0
60,2,AECI,PACE,1592330400,181.739,171.96,4
60,2,AECI,PACE,1593648000,241.996,212.804,8
60,2,AECI,PACE,1594965600,217.345,195.58,6
60,2,AECI,PACE,1596283200,196.62,188.162,2
60,2,AECI,PACE,1597600800,201.072,201.072,0
60,2,AECI,PACE,1598918400,180.384,180.384,0
60,2,AECI,PACE,1600236000,202.899,202.899,0
60,2,AECI,PACE,1601553600,198.133,189.499,2
60,2,AECI,PACE,1602871200,238.495,211.475,8
60,2,AECI,PACE,1604188800,233.791,228.152,2
60,2,AECI,PACE,1605506400,234.206,218.019,4
60,2,AECI,PACE,1606824000,258.015,226.229,7
60,2,AECI,PACE,1608141600,225.488,208.422,4
60,3,AECI,PACE,1577836800,200.413,179.057,2
60,3,AECI,PACE,1579154400,237.369,200.312,4
60,3,AECI,PACE,1580472000,206.053,190.145,3
60,3,AECI,PACE,1581789600,205.633,194.225,1
60,3,AECI,PACE,1583107200,214.953,181.799,1
60,3,AECI,PACE,1584424800,173.609,173.609,0
60,3,AECI,PACE,1585742400,130.078,130.078,0
60,3,AECI,PACE,1587060000,146.519,146.519,0
60,3,AECI,PACE,1588377600,186.885,157.765,1
60,3,AECI,PACE,1589695200,175.018,164.985,2
60,3,AECI,PACE,1591012800,151.782,151.782,0
60,3,AECI,PACE,1592330400,159.195,159.195,0
60,3,AECI,PACE,1593648000,220.516,187.798,1
60,3,AECI,PACE,1594965600,191.102,181.77,2
60,3,AECI,PACE,1596283200,180.832,180.832,0
60,3,AECI,PACE,1597600800,245.175,216.844,4
60,3,AECI,PACE,1598918400,200.813,187.524,2
60,3,AECI,PACE,1600236000,232.563,210.142,2
60,3,AECI,PACE,1601553600,182.573,182.573,0
60,3,AECI,PACE,1602871200,238.964,198.886,5
60,3,AECI,PACE,1604188800,279.875,236.269,4
60,3,AECI,PACE,1605506400,234.375,211.558,2
60,3,AECI,PACE,1606824000,256.63,217.063,5
60,3,AECI,PACE,1608141600,218.598,201.57,2
60,4,AECI,PACE,1577836800,171.652,171.652,0
60,4,AECI,PACE,1579154400,184.829,184.829,0
60,4,AECI,PACE,1580472000,179.08,179.08,0
60,4,AECI,PACE,1581789600,190.047,190.047,0
60,4,AECI,PACE,1583107200,177.533,177.533,0
60,4,AECI,PACE,1584424800,173.609,173.609,0
60,4,AECI,PACE,1585742400,130.078,130.078,0
60,4,AECI,PACE,1587060000,146.519,146.519,0
60,4,AECI,PACE,1588377600,154.192,154.192,0
60,4,AECI,PACE,1589695200,158.058,158.058,0
60,4,AECI,PACE,1591012800,151.782,151.782,0
60,4,AECI,PACE,1592330400,159.195,159.195,0
60,4,AECI,PACE,1593648000,183.868,183.868,0
60,4,AECI,PACE,1594965600,175.21,175.21,0
60,4,AECI,PACE,1596283200,180.832,180.832,0
60,4,AECI,PACE,1597600800,201.072,201.072,0
60,4,AECI,PACE,1598918400,180.384,180.384,0
60,4,AECI,PACE,1600236000,202.899,202.899,0
60,4,AECI,PACE,1601553600,182.573,182.573,0
60,4,AECI,PACE,1602871200,178.75,178.75,0
60,4,AECI,PACE,1604188800,219.569,219.569,0
60,4,AECI,PACE,1605506400,205.232,205.232,0
60,4,AECI,PACE,1606824000,196.187,196.187,0
60,4,AECI,PACE,1608141600,194.483,194.483,0
60,5,AECI,PACE,1577836800,187.157,179.057,2
60,5,AECI,PACE,1579154400,200.459,192.82,2
60,5,AECI,PACE,1580472000,207.986,197.902,5
60,5,AECI,PACE,1581789600,225.159,214.235,6
60,5,AECI,PACE,1583107200,198.85,193.374,4
60,5,AECI,PACE,1584424800,173.609,173.609,0
60,5,AECI,PACE,1585742400,130.078,130.078,0
60,5,AECI,PACE,1587060000,157.704,151.4,2
60,5,AECI,PACE,1588377600,170.812,168.311,4
60,5,AECI,PACE,1589695200,172.194,164.985,2
60,5,AECI,PACE,1591012800,151.782,151.782,0
60,5,AECI,PACE,1592330400,180.402,171.96,4
60,5,AECI,PACE,1593648000,238.461,212.804,8
60,5,AECI,PACE,1594965600,213.877,195.58,6
60,5,AECI,PACE,1596283200,196.525,188.162,2
60,5,AECI,PACE,1597600800,201.072,201.072,0
60,5,AECI,PACE,1598918400,180.384,180.384,0
60,5,AECI,PACE,1600236000,202.899,202.899,0
60,5,AECI,PACE,1601553600,197.965,189.499,2
60,5,AECI,PACE,1602871200,234.742,211.475,8
60,5,AECI,PACE,1604188800,233.154,228.152,2
60,5,AECI,PACE,1605506400,232.839,218.019,4
60,5,AECI,PACE,1606824000,256.099,226.229,7
60,5,AECI,PACE,1608141600,224.658,208.422,4
60,6,AECI,PACE,1577836800,171.652,171.652,0
60,6,AECI,PACE,1579154400,184.829,184.829,0
60,6,AECI,PACE,1580472000,179.08,179.08,0
60,6,AECI,PACE,1581789600,190.047,190.047,0
60,6,AECI,PACE,1583107200,177.533,177.533,0
60,6,AECI,PACE,1584424800,173.609,173.609,0
60,6,AECI,PACE,1585742400,130.078,130.078,0
60,6,AECI,PACE,1587060000,146.519,146.519,0
60,6,AECI,PACE,1588377600,153.834,157.765,1
60,6,AECI,PACE,1589695200,158.058,158.058,0
60,6,AECI,PACE,1591012800,151.782,151.782,0
60,6,AECI,PACE,1592330400,159.195,159.195,0
60,6,AECI,PACE,1593648000,183.868,183.868,0
60,6,AECI,PACE,1594965600,175.21,175.21,0
60,6,AECI,PACE,1596283200,180.832,180.832,0
60,6,AECI,PACE,1597600800,201.072,201.072,0
60,6,AECI,PACE,1598918400,180.384,180.384,0
60,6,AECI,PACE,1600236000,202.899,202.899,0
60,6,AECI,PACE,1601553600,182.573,182.573,0
60,6,AECI,PACE,1602871200,178.75,178.75,0
60,6,AECI,PACE,1604188800,219.569,219.569,0
60,6,AECI,PACE,1605506400,205.232,205.232,0
60,6,AECI,PACE,1606824000,196.187,196.187,0
60,6,AECI,PACE,1608141600,194.483,194.483,0
60,1,AECI,TEPC,1577836800,171.652,171.652,0
60,1,AECI,TEPC,1579154400,184.829,184.829,0
60,1,AECI,TEPC,1580472000,179.08,179.08,0
60,1,AECI,TEPC,1581789600,190.047,190.047,0
60,1,AECI,TEPC,1583107200,177.533,177.533,0
60,1,AECI,TEPC,1584424800,173.609,173.609,0
60,1,AECI,TEPC,1585742400,130.078,130.078,0
60,1,AECI,TEPC,1587060000,146.519,146.519,0
60,1,AECI,TEPC,1588377600,154.192,154.192,0
60,1,AECI,TEPC,1589695200,158.058,158.058,0
60,1,AECI,TEPC,1591012800,151.782,151.782,0
60,1,AECI,TEPC,1592330400,159.195,159.195,0
60,1,AECI,TEPC,1593648000,183.868,183.868,0
60,1,AECI,TEPC,1594965600,175.21,175.21,0
60,1,AECI,TEPC,1596283200,180.832,180.832,0
60,1,AECI,TEPC,1597600800,201.072,201.072,0
60,1,AECI,TEPC,1598918400,180.384,180.384,0
60,1,AECI,TEPC,1600236000,202.899,202.899,0
60,1,AECI,TEPC,1601553600,182.573,182.573,0
60,1,AECI,TEPC,1602871200,178.75,178.75,0
60,1,AECI,TEPC,1604188800,219.569,219.569,0
60,1,AECI,TEPC,1605506400,205.232,205.232,0
60,1,AECI,TEPC,1606824000,196.187,196.187,0
60,1,AECI,TEPC,1608141600,194.483,194.483,0
60,2,AECI,TEPC,1577836800,171.652,171.652,0
60,2,AECI,TEPC,1579154400,184.829,184.829,0
60,2,AECI,TEPC,1580472000,201.255,194.05,4
60,2,AECI,TEPC,1581789600,226.173,210.571,5
60,2,AECI,TEPC,1583107200,200.94,193.374,4
60,2,AECI,TEPC,1584424800,185.357,179.684,2
60,2,AECI,TEPC,1585742400,159.53,147.881,5
60,2,AECI,TEPC,1587060000,176.814,161.191,6
60,2,AECI,TEPC,1588377600,177.96,168.311,4
60,2,AECI,TEPC,1589695200,158.058,158.058,0
60,2,AECI,TEPC,1591012800,151.782,151.782,0
60,2,AECI,TEPC,1592330400,200.578,178.197,6
60,2,AECI,TEPC,1593648000,200.189,191.747,2
60,2,AECI,TEPC,1594965600,190.026,181.77,2
60,2,AECI,TEPC,1596283200,180.832,180.832,0
60,2,AECI,TEPC,1597600800,201.072,201.072,0
60,2,AECI,TEPC,1598918400,180.384,180.384,0
60,2,AECI,TEPC,1600236000,220.325,210.142,2
60,2,AECI,TEPC,1601553600,182.573,182.573,0
60,2,AECI,TEPC,1602871200,178.75,178.75,0
60,2,AECI,TEPC,1604188800,273.949,243.908,6
60,2,AECI,TEPC,1605506400,233.122,218.019,4
60,2,AECI,TEPC,1606824000,225.55,217.063,5
60,2,AECI,TEPC,1608141600,194.483,194.483,0
60,3,AECI,TEPC,1577836800,171.652,171.652,0
60,3,AECI,TEPC,1579154400,184.829,184.829,0
60,3,AECI,TEPC,1580472000,179.08,179.08,0
60,3,AECI,TEPC,1581789600,242.64,202.752,3
60,3,AECI,TEPC,1583107200,221.255,181.799,1
60,3,AECI,TEPC,1584424800,193.054,179.684,2
60,3,AECI,TEPC,1585742400,151.879,140.908,3
60,3,AECI,TEPC,1587060000,192.492,155.889,4
60,3,AECI,TEPC,1588377600,186.141,157.765,1
60,3,AECI,TEPC,1589695200,172.856,164.985,2
60,3,AECI,TEPC,1591012800,151.782,151.782,0
60,3,AECI,TEPC,1592330400,203.477,168.835,3
60,3,AECI,TEPC,1593648000,223.99,187.798,1
60,3,AECI,TEPC,1594965600,219.296,188.678,4
60,3,AECI,TEPC,1596283200,207.282,191.964,3
60,3,AECI,TEPC,1597600800,240.2,205.228,1
60,3,AECI,TEPC,1598918400,221.729,198.369,5
60,3,AECI,TEPC,1600236000,256.128,210.142,2
60,3,AECI,TEPC,1601553600,182.573,182.573,0
60,3,AECI,TEPC,1602871200,223.853,198.886,5
60,3,AECI,TEPC,1604188800,279.594,232.243,3
60,3,AECI,TEPC,1605506400,230.249,211.558,2
60,3,AECI,TEPC,1606824000,201.102,200.233,1
60,3,AECI,TEPC,1608141600,194.483,194.483,0
60,4,AECI,TEPC,1577836800,171.652,171.652,0
60,4,AECI,TEPC,1579154400,184.829,184.829,0
60,4,AECI,TEPC,1580472000,179.08,179.08,0
60,4,AECI,TEPC,1581789600,190.047,190.047,0
60,4,AECI,TEPC,1583107200,177.533,177.533,0
60,4,AECI,TEPC,1584424800,173.609,173.609,0
60,4,AECI,TEPC,1585742400,130.078,130.078,0
60,4,AECI,TEPC,1587060000,146.519,146.519,0
60,4,AECI,TEPC,1588377600,154.192,154.192,0
60,4,AECI,TEPC,1589695200,158.058,158.058,0
60,4,AECI,TEPC,1591012800,151.782,151.782,0
60,4,AECI,TEPC,1592330400,159.195,159.195,0
60,4,AECI,TEPC,1593648000,183.868,183.868,0
60,4,AECI,TEPC,1594965600,175.21,175.21,0
60,4,AECI,TEPC,1596283200,180.832,180.832,0
60,4,AECI,TEPC,1597600800,201.072,201.072,0
60,4,AECI,TEPC,1598918400,180.384,180.384,0
60,4,AECI,TEPC,1600236000,202.899,202.899,0
60,4,AECI,TEPC,1601553600,182.573,182.573,0
60,4,AECI,TEPC,1602871200,178.75,178.75,0
60,4,AECI,TEPC,1604188800,219.569,219.569,0
60,4,AECI,TEPC,1605506400,205.232,205.232,0
60,4,AECI,TEPC,1606824000,196.187,196.187,0
60,4,AECI,TEPC,1608141600,194.483,194.483,0
60,5,AECI,TEPC,1577836800,171.652,171.652,0
60,5,AECI,TEPC,1579154400,184.829,184.829,0
60,5,AECI,TEPC,1580472000,200.164,194.05,4
60,5,AECI,TEPC,1581789600,224.887,210.571,5
60,5,AECI,TEPC,1583107200,198.605,193.374,4
60,5,AECI,TEPC,1584424800,184.638,179.684,2
60,5,AECI,TEPC,1585742400,158.266,147.881,5
60,5,AECI,TEPC,1587060000,175.362,161.191,6
60,5,AECI,TEPC,1588377600,176.303,168.311,4
60,5,AECI,TEPC,1589695200,158.058,158.058,0
60,5,AECI,TEPC,1591012800,151.782,151.782,0
60,5,AECI,TEPC,1592330400,185.479,171.96,4
60,5,AECI,TEPC,1593648000,199.814,191.747,2
60,5,AECI,TEPC,1594965600,189.769,181.77,2
60,5,AECI,TEPC,1596283200,180.832,180.832,0
60,5,AECI,TEPC,1597600800,201.072,201.072,0
60,5,AECI,TEPC,1598918400,180.384,180.384,0
60,5,AECI,TEPC,1600236000,219.228,210.142,2
60,5,AECI,TEPC,1601553600,182.573,182.573,0
60,5,AECI,TEPC,1602871200,178.75,178.75,0
60,5,AECI,TEPC,1604188800,272.709,243.908,6
60,5,AECI,TEPC,1605506400,231.603,218.019,4
60,5,AECI,TEPC,1606824000,224.153,217.063,5
60,5,AECI,TEPC,1608141600,194.483,194.483,0
60,6,AECI,TEPC,1577836800,171.652,171.652,0
60,6,AECI,TEPC,1579154400,184.829,184.829,0
60,6,AECI,TEPC,1580472000,179.08,179.08,0
60,6,AECI,TEPC,1581789600,190.047,190.047,0
60,6,AECI,TEPC,1583107200,177.533,177.533,0
60,6,AECI,TEPC,1584424800,173.609,173.609,0
60,6,AECI,TEPC,1585742400,130.078,130.078,0
60,6,AECI,TEPC,1587060000,146.519,146.519,0
60,6,AECI,TEPC,1588377600,154.192,154.192,0
60,6,AECI,TEPC,1589695200,158.058,158.058,0
60,6,AECI,TEPC,1591012800,151.782,151.782,0
60,6,AECI,TEPC,1592330400,159.195,159.195,0
60,6,AECI,TEPC,1593648000,183.868,183.868,0
60,6,AECI,TEPC,1594965600,175.21,175.21,0
60,6,AECI,TEPC,1596283200,180.832,180.832,0
60,6,AECI,TEPC,1597600800,201.072,201.072,0
60,6,AECI,TEPC,1598918400,180.384,180.384,0
60,6,AECI,TEPC,1600236000,202.899,202.899,0
60,6,AECI,TEPC,1601553600,182.573,182.573,0
60,6,AECI,TEPC,1602871200,178.75,178.75,0
60,6,AECI,TEPC,1604188800,219.569,219.569,0
60,6,AECI,TEPC,1605506400,205.232,205.232,0
60,6,AECI,TEPC,1606824000,196.187,196.187,0
60,6,AECI,TEPC,1608141600,194.483,194.483,0
60,1,BANC,CISO,1577836800,76.253,76.253,0
60,1,BANC,CISO,1579154400,81.548,81.548,0
60,1,BANC,CISO,1580472000,55.83,55.83,0
60,1,BANC,CISO,1581789600,52.267,52.267,0
60,1,BANC,CISO,1583107200,52.43,52.43,0
60,1,BANC,CISO,1584424800,83.316,83.316,0
60,1,BANC,CISO,1585742400,44.33,44.33,0
60,1,BANC,CISO,1587060000,33.313,33.313,0
60,1,BANC,CISO,1588377600,42.749,42.749,0
60,1,BANC,CISO,1589695200,42.187,42.187,0
60,1,BANC,CISO,1591012800,42.378,42.378,0
60,1,BANC,CISO,1592330400,40.383,40.383,0
60,1,BANC,CISO,1593648000,37.688,37.688,0
60,1,BANC,CISO,1594965600,55.204,55.204,0
60,1,BANC,CISO,1596283200,56.684,56.684,0
60,1,BANC,CISO,1597600800,78.197,78.197,0
60,1,BANC,CISO,1598918400,75.022,75.022,0
60,1,BANC,CISO,1600236000,80.174,80.174,0
60,1,BANC,CISO,1601553600,81.036,81.036,0
60,1,BANC,CISO,1602871200,74.249,74.249,0
60,1,BANC,CISO,1604188800,87.09,87.09,0
60,1,BANC,CISO,1605506400,93.475,93.475,0
60,1,BANC,CISO,1606824000,108.643,108.643,0
60,1,BANC,CISO,1608141600,91.972,91.972,0
60,2,BANC,CISO,1577836800,82.051,79.02,2
60,2,BANC,CISO,1579154400,81.548,81.548,0
60,2,BANC,CISO,1580472000,55.83,55.83,0
60,2,BANC,CISO,1581789600,64.87,59.621,5
60,2,BANC,CISO,1583107200,56.928,54.335,2
60,2,BANC,CISO,1584424800,83.316,83.316,0
60,2,BANC,CISO,1585742400,48.014,45.774,2
60,2,BANC,CISO,1587060000,33.313,33.313,0
60,2,BANC,CISO,1588377600,50.114,47.174,6
60,2,BANC,CISO,1589695200,46.214,46.136,4
60,2,BANC,CISO,1591012800,42.378,42.378,0
60,2,BANC,CISO,1592330400,46.696,43.909,4
60,2,BANC,CISO,1593648000,40.808,39.194,2
60,2,BANC,CISO,1594965600,65.496,60.279,4
60,2,BANC,CISO,1596283200,66.552,61.439,4
60,2,BANC,CISO,1597600800,78.197,78.197,0
60,2,BANC,CISO,1598918400,86.692,79.78,4
60,2,BANC,CISO,1600236000,80.174,80.174,0
60,2,BANC,CISO,1601553600,81.036,81.036,0
60,2,BANC,CISO,1602871200,74.249,74.249,0
60,2,BANC,CISO,1604188800,93.24,89.275,2
60,2,BANC,CISO,1605506400,109.583,102.65,4
60,2,BANC,CISO,1606824000,125.537,118.357,4
60,2,BANC,CISO,1608141600,120.86,104.606,8
60,3,BANC,CISO,1577836800,83.14,79.02,2
60,3,BANC,CISO,1579154400,81.548,81.548,0
60,3,BANC,CISO,1580472000,55.83,55.83,0
60,3,BANC,CISO,1581789600,54.864,53.687,1
60,3,BANC,CISO,1583107200,58.094,54.335,2
60,3,BANC,CISO,1584424800,83.316,83.316,0
60,3,BANC,CISO,1585742400,44.33,44.33,0
60,3,BANC,CISO,1587060000,34.764,33.965,1
60,3,BANC,CISO,1588377600,61.149,45.622,4
60,3,BANC,CISO,1589695200,47.562,44.133,2
60,3,BANC,CISO,1591012800,42.378,42.378,0
60,3,BANC,CISO,1592330400,44.441,41.842,2
60,3,BANC,CISO,1593648000,42.102,39.194,2
60,3,BANC,CISO,1594965600,55.204,55.204,0
60,3,BANC,CISO,1596283200,56.684,56.684,0
60,3,BANC,CISO,1597600800,78.197,78.197,0
60,3,BANC,CISO,1598918400,88.711,79.78,4
60,3,BANC,CISO,1600236000,80.174,80.174,0
60,3,BANC,CISO,1601553600,81.036,81.036,0
60,3,BANC,CISO,1602871200,77.808,75.808,1
60,3,BANC,CISO,1604188800,87.09,87.09,0
60,3,BANC,CISO,1605506400,131.423,100.35,3
60,3,BANC,CISO,1606824000,126.472,111.264,1
60,3,BANC,CISO,1608141600,124.849,104.606,8
60,4,BANC,CISO,1577836800,76.253,76.253,0
60,4,BANC,CISO,1579154400,81.548,81.548,0
60,4,BANC,CISO,1580472000,55.83,55.83,0
60,4,BANC,CISO,1581789600,52.267,52.267,0
60,4,BANC,CISO,1583107200,52.43,52.43,0
60,4,BANC,CISO,1584424800,83.316,83.316,0
60,4,BANC,CISO,1585742400,44.33,44.33,0
60,4,BANC,CISO,1587060000,33.313,33.313,0
60,4,BANC,CISO,1588377600,42.749,42.749,0
60,4,BANC,CISO,1589695200,42.187,42.187,0
60,4,BANC,CISO,1591012800,42.378,42.378,0
60,4,BANC,CISO,1592330400,40.383,40.383,0
60,4,BANC,CISO,1593648000,37.688,37.688,0
60,4,BANC,CISO,1594965600,55.204,55.204,0
60,4,BANC,CISO,1596283200,56.684,56.684,0
60,4,BANC,CISO,1597600800,78.197,78.197,0
60,4,BANC,CISO,1598918400,75.022,75.022,0
60,4,BANC,CISO,1600236000,80.174,80.174,0
60,4,BANC,CISO,1601553600,81.036,81.036,0
60,4,BANC,CISO,1602871200,74.249,74.249,0
60,4,BANC,CISO,1604188800,87.09,87.09,0
60,4,BANC,CISO,1605506400,93.475,93.475,0
60,4,BANC,CISO,1606824000,108.643,108.643,0
60,4,BANC,CISO,1608141600,91.972,91.972,0
60,5,BANC,CISO,1577836800,81.458,79.02,2
60,5,BANC,CISO,1579154400,81.548,81.548,0
60,5,BANC,CISO,1580472000,55.83,55.83,0
60,5,BANC,CISO,1581789600,66.517,61.013,6
60,5,BANC,CISO,1583107200,56.686,54.335,2
60,5,BANC,CISO,1584424800,83.316,83.316,0
60,5,BANC,CISO,1585742400,47.581,45.774,2
60,5,BANC,CISO,1587060000,33.313,33.313,0
60,5,BANC,CISO,1588377600,44.097,45.622,4
60,5,BANC,CISO,1589695200,44.78,46.136,4
60,5,BANC,CISO,1591012800,42.378,42.378,0
60,5,BANC,CISO,1592330400,46.12,43.909,4
60,5,BANC,CISO,1593648000,40.637,39.194,2
60,5,BANC,CISO,1594965600,65.128,60.279,4
60,5,BANC,CISO,1596283200,68.212,62.778,5
60,5,BANC,CISO,1597600800,78.197,78.197,0
60,5,BANC,CISO,1598918400,86.227,79.78,4
60,5,BANC,CISO,1600236000,80.174,80.174,0
60,5,BANC,CISO,1601553600,81.036,81.036,0
60,5,BANC,CISO,1602871200,74.249,74.249,0
60,5,BANC,CISO,1604188800,92.936,89.275,2
60,5,BANC,CISO,1605506400,107.376,102.65,4
60,5,BANC,CISO,1606824000,128.877,120.541,5
60,5,BANC,CISO,1608141600,117.551,104.606,8
60,6,BANC,CISO,1577836800,76.253,76.253,0
60,6,BANC,CISO,1579154400,81.548,81.548,0
60,6,BANC,CISO,1580472000,55.83,55.83,0
60,6,BANC,CISO,1581789600,52.267,52.267,0
60,6,BANC,CISO,1583107200,52.43,52.43,0
60,6,BANC,CISO,1584424800,83.316,83.316,0
60,6,BANC,CISO,1585742400,44.33,44.33,0
60,6,BANC,CISO,1587060000,33.313,33.313,0
60,6,BANC,CISO,1588377600,42.575,43.544,1
60,6,BANC,CISO,1589695200,42.187,42.187,0
60,6,BANC,CISO,1591012800,42.378,42.378,0
60,6,BANC,CISO,1592330400,40.383,40.383,0
60,6,BANC,CISO,1593648000,37.688,37.688,0
60,6,BANC,CISO,1594965600,55.204,55.204,0
60,6,BANC,CISO,1596283200,56.684,56.684,0
60,6,BANC,CISO,1597600800,78.197,78.197,0
60,6,BANC,CISO,1598918400,75.022,75.022,0
60,6,BANC,CISO,1600236000,80.174,80.174,0
60,6,BANC,CISO,1601553600,81.036,81.036,0
60,6,BANC,CISO,1602871200,74.249,74.249,0
60,6,BANC,CISO,1604188800,87.09,87.09,0
60,6,BANC,CISO,1605506400,93.475,93.475,0
60,6,BANC,CISO,1606824000,108.643,108.643,0
60,6,BANC,CISO,1608141600,91.972,91.972,0
60,1,CISO,BANC,1577836800,130.428,130.428,0
60,1,CISO,BANC,1579154400,140.472,140.472,0
60,1,CISO,BANC,1580472000,117.952,117.952,0
60,1,CISO,BANC,1581789600,103.569,103.569,0
60,1,CISO,BANC,1583107200,104.144,104.144,0
60,1,CISO,BANC,1584424800,135.48,135.48,0
60,1,CISO,BANC,1585742400,79.732,79.732,0
60,1,CISO,BANC,1587060000,80.679,80.679,0
60,1,CISO,BANC,1588377600,56.36,56.36,0
60,1,CISO,BANC,1589695200,62.849,62.849,0
60,1,CISO,BANC,1591012800,94.687,94.687,0
60,1,CISO,BANC,1592330400,66.377,66.377,0
60,1,CISO,BANC,1593648000,73.665,73.665,0
60,1,CISO,BANC,1594965600,90.516,90.516,0
60,1,CISO,BANC,1596283200,92.419,92.419,0
60,1,CISO,BANC,1597600800,127.384,127.384,0
60,1,CISO,BANC,1598918400,110.116,110.116,0
60,1,CISO,BANC,1600236000,126.99,126.99,0
60,1,CISO,BANC,1601553600,129.978,129.978,0
60,1,CISO,BANC,1602871200,142.021,142.021,0
60,1,CISO,BANC,1604188800,143.8,143.8,0
60,1,CISO,BANC,1605506400,123.623,123.623,0
60,1,CISO,BANC,1606824000,121.375,121.375,0
60,1,CISO,BANC,1608141600,120.762,120.762,0
60,2,CISO,BANC,1577836800,88.159,140.399,3
60,2,CISO,BANC,1579154400,88.665,143.954,1
60,2,CISO,BANC,1580472000,61.902,120.693,1
60,2,CISO,BANC,1581789600,70.821,113.725,7
60,2,CISO,BANC,1583107200,60.139,111.307,3
60,2,CISO,BANC,1584424800,90.311,138.572,1
60,2,CISO,BANC,1585742400,52.297,85.61,3
60,2,CISO,BANC,1587060000,34.888,81.482,1
60,2,CISO,BANC,1588377600,48.226,62.982,5
60,2,CISO,BANC,1589695200,50.092,70.115,5
60,2,CISO,BANC,1591012800,46.401,97.07,1
60,2,CISO,BANC,1592330400,44.425,69.642,3
60,2,CISO,BANC,1593648000,43.478,78.928,3
60,2,CISO,BANC,1594965600,70.074,101.726,5
60,2,CISO,BANC,1596283200,73.739,101.712,6
60,2,CISO,BANC,1597600800,82.43,129.72,1
60,2,CISO,BANC,1598918400,91.082,122.621,5
60,2,CISO,BANC,1600236000,86.17,129.943,1
60,2,CISO,BANC,1601553600,87.005,132.794,1
60,2,CISO,BANC,1602871200,78.554,143.701,1
60,2,CISO,BANC,1604188800,98.547,153.239,3
60,2,CISO,BANC,1605506400,116.621,137.03,5
60,2,CISO,BANC,1606824000,134.656,136.672,6
60,2,CISO,BANC,1608141600,124.918,140.762,9
60,3,CISO,BANC,1577836800,82.613,133.596,1
60,3,CISO,BANC,1579154400,88.665,143.954,1
60,3,CISO,BANC,1580472000,61.902,120.693,1
60,3,CISO,BANC,1581789600,57.75,106.124,2
60,3,CISO,BANC,1583107200,60.21,111.307,3
60,3,CISO,BANC,1584424800,90.311,138.572,1
60,3,CISO,BANC,1585742400,48.645,81.722,1
60,3,CISO,BANC,1587060000,36.446,82.241,2
60,3,CISO,BANC,1588377600,60.123,59.593,3
60,3,CISO,BANC,1589695200,50.333,67.236,3
60,3,CISO,BANC,1591012800,46.401,97.07,1
60,3,CISO,BANC,1592330400,48.011,70.906,4
60,3,CISO,BANC,1593648000,43.76,78.928,3
60,3,CISO,BANC,1594965600,59.568,92.803,1
60,3,CISO,BANC,1596283200,61.161,94.38,1
60,3,CISO,BANC,1597600800,82.43,129.72,1
60,3,CISO,BANC,1598918400,92.912,122.621,5
60,3,CISO,BANC,1600236000,86.17,129.943,1
60,3,CISO,BANC,1601553600,87.005,132.794,1
60,3,CISO,BANC,1602871200,82.661,145.373,2
60,3,CISO,BANC,1604188800,92.451,146.605,1
60,3,CISO,BANC,1605506400,128.191,129.055,2
60,3,CISO,BANC,1606824000,121.375,121.375,0
60,3,CISO,BANC,1608141600,99.718,124.225,2
60,4,CISO,BANC,1577836800,82.613,133.596,1
60,4,CISO,BANC,1579154400,88.665,143.954,1
60,4,CISO,BANC,1580472000,61.902,120.693,1
60,4,CISO,BANC,1581789600,55.296,104.847,1
60,4,CISO,BANC,1583107200,55.843,106.009,1
60,4,CISO,BANC,1584424800,90.311,138.572,1
60,4,CISO,BANC,1585742400,48.645,81.722,1
60,4,CISO,BANC,1587060000,34.888,81.482,1
60,4,CISO,BANC,1588377600,44.407,57.048,1
60,4,CISO,BANC,1589695200,46.04,64.365,1
60,4,CISO,BANC,1591012800,46.401,97.07,1
60,4,CISO,BANC,1592330400,41.54,67.397,1
60,4,CISO,BANC,1593648000,40.387,75.098,1
60,4,CISO,BANC,1594965600,59.568,92.803,1
60,4,CISO,BANC,1596283200,61.161,94.38,1
60,4,CISO,BANC,1597600800,82.43,129.72,1
60,4,CISO,BANC,1598918400,79.154,112.244,1
60,4,CISO,BANC,1600236000,86.17,129.943,1
60,4,CISO,BANC,1601553600,87.005,132.794,1
60,4,CISO,BANC,1602871200,78.554,143.701,1
60,4,CISO,BANC,1604188800,92.451,146.605,1
60,4,CISO,BANC,1605506400,100.402,126.344,1
60,4,CISO,BANC,1606824000,121.375,121.375,0
60,4,CISO,BANC,1608141600,101.511,122.495,1
60,5,CISO,BANC,1577836800,87.567,140.399,3
60,5,CISO,BANC,1579154400,88.665,143.954,1
60,5,CISO,BANC,1580472000,61.902,120.693,1
60,5,CISO,BANC,1581789600,69.353,113.725,7
60,5,CISO,BANC,1583107200,59.896,111.307,3
60,5,CISO,BANC,1584424800,90.311,138.572,1
60,5,CISO,BANC,1585742400,51.863,85.61,3
60,5,CISO,BANC,1587060000,34.888,81.482,1
60,5,CISO,BANC,1588377600,45.727,62.982,5
60,5,CISO,BANC,1589695200,48.658,70.115,5
60,5,CISO,BANC,1591012800,46.401,97.07,1
60,5,CISO,BANC,1592330400,43.849,69.642,3
60,5,CISO,BANC,1593648000,43.306,78.928,3
60,5,CISO,BANC,1594965600,69.706,101.726,5
60,5,CISO,BANC,1596283200,72.721,101.712,6
60,5,CISO,BANC,1597600800,82.43,129.72,1
60,5,CISO,BANC,1598918400,90.617,122.621,5
60,5,CISO,BANC,1600236000,86.17,129.943,1
60,5,CISO,BANC,1601553600,87.005,132.794,1
60,5,CISO,BANC,1602871200,78.554,143.701,1
60,5,CISO,BANC,1604188800,98.244,153.239,3
60,5,CISO,BANC,1605506400,114.413,137.03,5
60,5,CISO,BANC,1606824000,133.628,136.672,6
60,5,CISO,BANC,1608141600,115.237,134.693,7
60,6,CISO,BANC,1577836800,82.613,133.596,1
60,6,CISO,BANC,1579154400,88.665,143.954,1
60,6,CISO,BANC,1580472000,61.902,120.693,1
60,6,CISO,BANC,1581789600,55.296,104.847,1
60,6,CISO,BANC,1583107200,55.843,106.009,1
60,6,CISO,BANC,1584424800,90.311,138.572,1
60,6,CISO,BANC,1585742400,48.645,81.722,1
60,6,CISO,BANC,1587060000,34.888,81.482,1
60,6,CISO,BANC,1588377600,44.457,58.067,2
60,6,CISO,BANC,1589695200,46.04,64.365,1
60,6,CISO,BANC,1591012800,46.401,97.07,1
60,6,CISO,BANC,1592330400,41.54,67.397,1
60,6,CISO,BANC,1593648000,40.387,75.098,1
60,6,CISO,BANC,1594965600,59.568,92.803,1
60,6,CISO,BANC,1596283200,61.161,94.38,1
60,6,CISO,BANC,1597600800,82.43,129.72,1
60,6,CISO,BANC,1598918400,79.154,112.244,1
60,6,CISO,BANC,1600236000,86.17,129.943,1
60,6,CISO,BANC,1601553600,87.005,132.794,1
60,6,CISO,BANC,1602871200,78.554,143.701,1
60,6,CISO,BANC,1604188800,92.451,146.605,1
60,6,CISO,BANC,1605506400,100.402,126.344,1
60,6,CISO,BANC,1606824000,114.223,124.252,1
60,6,CISO,BANC,1608141600,96.148,122.495,1
60,1,EPE,AECI,1577836800,202.093,202.093,0
60,1,EPE,AECI,1579154400,207.289,207.289,0
60,1,EPE,AECI,1580472000,181.504,181.504,0
60,1,EPE,AECI,1581789600,175.974,175.974,0
60,1,EPE,AECI,1583107200,202.541,202.541,0
60,1,EPE,AECI,1584424800,204.307,204.307,0
60,1,EPE,AECI,1585742400,164.605,164.605,0
60,1,EPE,AECI,1587060000,171.684,171.684,0
60,1,EPE,AECI,1588377600,183.602,183.602,0
60,1,EPE,AECI,1589695200,189.282,189.282,0
60,1,EPE,AECI,1591012800,195.852,195.852,0
60,1,EPE,AECI,1592330400,195.157,195.157,0
60,1,EPE,AECI,1593648000,198.016,198.016,0
60,1,EPE,AECI,1594965600,209.436,209.436,0
60,1,EPE,AECI,1596283200,204.715,204.715,0
60,1,EPE,AECI,1597600800,214.763,214.763,0
60,1,EPE,AECI,1598918400,203.471,203.471,0
60,1,EPE,AECI,1600236000,199.728,199.728,0
60,1,EPE,AECI,1601553600,220.07,220.07,0
60,1,EPE,AECI,1602871200,223.978,223.978,0
60,1,EPE,AECI,1604188800,214.945,214.945,0
60,1,EPE,AECI,1605506400,203.959,203.959,0
60,1,EPE,AECI,1606824000,198.83,198.83,0
60,1,EPE,AECI,1608141600,215.454,215.454,0
60,2,EPE,AECI,1577836800,195.718,215.624,3
60,2,EPE,AECI,1579154400,224.225,230.316,5
60,2,EPE,AECI,1580472000,213.473,205.272,6
60,2,EPE,AECI,1581789600,225.593,200.322,7
60,2,EPE,AECI,1583107200,213.365,224.906,5
60,2,EPE,AECI,1584424800,209.389,224.272,5
60,2,EPE,AECI,1585742400,137.61,168.307,1
60,2,EPE,AECI,1587060000,162.32,181.096,3
60,2,EPE,AECI,1588377600,187.724,202.848,5
60,2,EPE,AECI,1589695200,180.767,202.744,3
60,2,EPE,AECI,1591012800,161.282,200.346,1
60,2,EPE,AECI,1592330400,166.13,199.038,1
60,2,EPE,AECI,1593648000,237.295,227.85,7
60,2,EPE,AECI,1594965600,184.401,214.068,1
60,2,EPE,AECI,1596283200,205.203,217.727,3
60,2,EPE,AECI,1597600800,240.597,234.366,5
60,2,EPE,AECI,1598918400,218.173,225.468,5
60,2,EPE,AECI,1600236000,232.695,222.991,5
60,2,EPE,AECI,1601553600,224.964,242.974,5
60,2,EPE,AECI,1602871200,238.776,254.37,7
60,2,EPE,AECI,1604188800,244.331,237.166,5
60,2,EPE,AECI,1605506400,264.104,242.387,9
60,2,EPE,AECI,1606824000,236.669,224.277,6
60,2,EPE,AECI,1608141600,215.717,227.979,3
60,3,EPE,AECI,1577836800,202.093,202.093,0
60,3,EPE,AECI,1579154400,207.289,207.289,0
60,3,EPE,AECI,1580472000,183.287,189.855,2
60,3,EPE,AECI,1581789600,175.974,175.974,0
60,3,EPE,AECI,1583107200,202.541,202.541,0
60,3,EPE,AECI,1584424800,204.721,208.54,1
60,3,EPE,AECI,1585742400,170.441,178.055,4
60,3,EPE,AECI,1587060000,171.684,171.684,0
60,3,EPE,AECI,1588377600,183.602,183.602,0
60,3,EPE,AECI,1589695200,195.329,193.609,1
60,3,EPE,AECI,1591012800,161.282,200.346,1
60,3,EPE,AECI,1592330400,176.666,202.922,2
60,3,EPE,AECI,1593648000,198.016,198.016,0
60,3,EPE,AECI,1594965600,221.339,223.387,3
60,3,EPE,AECI,1596283200,199.901,209.351,1
60,3,EPE,AECI,1597600800,214.763,214.763,0
60,3,EPE,AECI,1598918400,226.683,216.536,3
60,3,EPE,AECI,1600236000,199.728,199.728,0
60,3,EPE,AECI,1601553600,203.519,225.219,1
60,3,EPE,AECI,1602871200,199.661,232.656,2
60,3,EPE,AECI,1604188800,214.945,214.945,0
60,3,EPE,AECI,1605506400,205.715,208.386,1
60,3,EPE,AECI,1606824000,215.715,208.024,2
60,3,EPE,AECI,1608141600,231.434,223.802,2
60,4,EPE,AECI,1577836800,179.776,206.553,1
60,4,EPE,AECI,1579154400,192.781,211.801,1
60,4,EPE,AECI,1580472000,177.296,185.696,1
60,4,EPE,AECI,1581789600,175.974,175.974,0
60,4,EPE,AECI,1583107200,186.567,206.952,1
60,4,EPE,AECI,1584424800,182.471,208.54,1
60,4,EPE,AECI,1585742400,137.61,168.307,1
60,4,EPE,AECI,1587060000,151.908,174.728,1
60,4,EPE,AECI,1588377600,161.369,187.24,1
60,4,EPE,AECI,1589695200,167.297,193.609,1
60,4,EPE,AECI,1591012800,161.282,200.346,1
60,4,EPE,AECI,1592330400,165.996,199.038,1
60,4,EPE,AECI,1593648000,206.185,202.089,1
60,4,EPE,AECI,1594965600,184.401,214.068,1
60,4,EPE,AECI,1596283200,196.22,209.351,1
60,4,EPE,AECI,1597600800,214.763,214.763,0
60,4,EPE,AECI,1598918400,203.569,207.754,1
60,4,EPE,AECI,1600236000,199.728,199.728,0
60,4,EPE,AECI,1601553600,192.357,225.219,1
60,4,EPE,AECI,1602871200,187.249,228.349,1
60,4,EPE,AECI,1604188800,214.945,214.945,0
60,4,EPE,AECI,1605506400,206.318,208.386,1
60,4,EPE,AECI,1606824000,198.83,198.83,0
60,4,EPE,AECI,1608141600,209.476,219.654,1
60,5,EPE,AECI,1577836800,195.425,215.624,3
60,5,EPE,AECI,1579154400,222.767,230.316,5
60,5,EPE,AECI,1580472000,212.635,205.272,6
60,5,EPE,AECI,1581789600,224.031,200.322,7
60,5,EPE,AECI,1583107200,212.154,224.906,5
60,5,EPE,AECI,1584424800,208.52,224.272,5
60,5,EPE,AECI,1585742400,144.846,171.887,2
60,5,EPE,AECI,1587060000,161.347,181.096,3
60,5,EPE,AECI,1588377600,186.397,202.848,5
60,5,EPE,AECI,1589695200,180.352,202.744,3
60,5,EPE,AECI,1591012800,161.282,200.346,1
60,5,EPE,AECI,1592330400,166.012,199.038,1
60,5,EPE,AECI,1593648000,235.612,227.85,7
60,5,EPE,AECI,1594965600,184.401,214.068,1
60,5,EPE,AECI,1596283200,204.818,217.727,3
60,5,EPE,AECI,1597600800,247.634,238.396,6
60,5,EPE,AECI,1598918400,217.756,225.468,5
60,5,EPE,AECI,1600236000,230.852,222.991,5
60,5,EPE,AECI,1601553600,224.021,242.974,5
60,5,EPE,AECI,1602871200,236.595,254.37,7
60,5,EPE,AECI,1604188800,243.074,237.166,5
60,5,EPE,AECI,1605506400,261.38,242.387,9
60,5,EPE,AECI,1606824000,234.899,224.277,6
60,5,EPE,AECI,1608141600,214.294,227.979,3
60,6,EPE,AECI,1577836800,179.776,206.553,1
60,6,EPE,AECI,1579154400,193.581,211.801,1
60,6,EPE,AECI,1580472000,181.347,185.696,1
60,6,EPE,AECI,1581789600,175.974,175.974,0
60,6,EPE,AECI,1583107200,186.567,206.952,1
60,6,EPE,AECI,1584424800,182.471,208.54,1
60,6,EPE,AECI,1585742400,137.61,168.307,1
60,6,EPE,AECI,1587060000,151.908,174.728,1
60,6,EPE,AECI,1588377600,161.369,187.24,1
60,6,EPE,AECI,1589695200,167.297,193.609,1
60,6,EPE,AECI,1591012800,161.282,200.346,1
60,6,EPE,AECI,1592330400,165.996,199.038,1
60,6,EPE,AECI,1593648000,192.055,202.089,1
60,6,EPE,AECI,1594965600,184.401,214.068,1
60,6,EPE,AECI,1596283200,189.919,209.351,1
60,6,EPE,AECI,1597600800,209.558,218.69,1
60,6,EPE,AECI,1598918400,188.216,207.754,1
60,6,EPE,AECI,1600236000,199.728,199.728,0
60,6,EPE,AECI,1601553600,192.357,225.219,1
60,6,EPE,AECI,1602871200,187.249,228.349,1
60,6,EPE,AECI,1604188800,214.945,214.945,0
60,6,EPE,AECI,1605506400,203.959,203.959,0
60,6,EPE,AECI,1606824000,198.83,198.83,0
60,6,EPE,AECI,1608141600,201.964,219.654,1
60,1,EPE,PSCO,1577836800,202.093,202.093,0
60,1,EPE,PSCO,1579154400,207.289,207.289,0
60,1,EPE,PSCO,1580472000,181.504,181.504,0
60,1,EPE,PSCO,1581789600,175.974,175.974,0
60,1,EPE,PSCO,1583107200,202.541,202.541,0
60,1,EPE,PSCO,1584424800,204.307,204.307,0
60,1,EPE,PSCO,1585742400,164.605,164.605,0
60,1,EPE,PSCO,1587060000,171.684,171.684,0
60,1,EPE,PSCO,1588377600,183.602,183.602,0
60,1,EPE,PSCO,1589695200,189.282,189.282,0
60,1,EPE,PSCO,1591012800,195.852,195.852,0
60,1,EPE,PSCO,1592330400,195.157,195.157,0
60,1,EPE,PSCO,1593648000,198.016,198.016,0
60,1,EPE,PSCO,1594965600,209.436,209.436,0
60,1,EPE,PSCO,1596283200,204.715,204.715,0
60,1,EPE,PSCO,1597600800,214.763,214.763,0
60,1,EPE,PSCO,1598918400,203.471,203.471,0
60,1,EPE,PSCO,1600236000,199.728,199.728,0
60,1,EPE,PSCO,1601553600,220.07,220.07,0
60,1,EPE,PSCO,1602871200,223.978,223.978,0
60,1,EPE,PSCO,1604188800,214.945,214.945,0
60,1,EPE,PSCO,1605506400,203.959,203.959,0
60,1,EPE,PSCO,1606824000,198.83,198.83,0
60,1,EPE,PSCO,1608141600,215.454,215.454,0
60,2,EPE,PSCO,1577836800,226.226,220.243,4
60,2,EPE,PSCO,1579154400,207.411,230.316,5
60,2,EPE,PSCO,1580472000,237.466,219.087,10
60,2,EPE,PSCO,1581789600,217.013,196.183,6
60,2,EPE,PSCO,1583107200,230.704,224.906,5
60,2,EPE,PSCO,1584424800,248.048,228.26,6
60,2,EPE,PSCO,1585742400,175.457,171.887,2
60,2,EPE,PSCO,1587060000,184.326,177.835,2
60,2,EPE,PSCO,1588377600,226.093,210.649,7
60,2,EPE,PSCO,1589695200,184.432,202.744,3
60,2,EPE,PSCO,1591012800,229.39,211.947,4
60,2,EPE,PSCO,1592330400,206.126,210.702,4
60,2,EPE,PSCO,1593648000,214.629,219.078,5
60,2,EPE,PSCO,1594965600,251.854,237.646,6
60,2,EPE,PSCO,1596283200,226.507,225.461,5
60,2,EPE,PSCO,1597600800,218.968,230.415,4
60,2,EPE,PSCO,1598918400,219.004,212.166,2
60,2,EPE,PSCO,1600236000,206.486,222.991,5
60,2,EPE,PSCO,1601553600,247.162,251.037,7
60,2,EPE,PSCO,1602871200,259.075,254.37,7
60,2,EPE,PSCO,1604188800,269.661,246.518,7
60,2,EPE,PSCO,1605506400,228.172,225.312,5
60,2,EPE,PSCO,1606824000,155.654,203.521,1
60,2,EPE,PSCO,1608141600,180.539,219.654,1
60,3,EPE,PSCO,1577836800,235.106,220.243,4
60,3,EPE,PSCO,1579154400,176.253,211.801,1
60,3,EPE,PSCO,1580472000,174.161,185.696,1
60,3,EPE,PSCO,1581789600,182.49,179.278,1
60,3,EPE,PSCO,1583107200,204.052,206.952,1
60,3,EPE,PSCO,1584424800,219.767,212.501,2
60,3,EPE,PSCO,1585742400,164.605,164.605,0
60,3,EPE,PSCO,1587060000,171.684,171.684,0
60,3,EPE,PSCO,1588377600,183.602,183.602,0
60,3,EPE,PSCO,1589695200,181.28,193.609,1
60,3,EPE,PSCO,1591012800,195.852,195.852,0
60,3,EPE,PSCO,1592330400,187.501,199.038,1
60,3,EPE,PSCO,1593648000,202.794,210.543,3
60,3,EPE,PSCO,1594965600,216.029,214.068,1
60,3,EPE,PSCO,1596283200,209.046,209.351,1
60,3,EPE,PSCO,1597600800,203.044,222.614,2
60,3,EPE,PSCO,1598918400,203.471,203.471,0
60,3,EPE,PSCO,1600236000,182.451,204.188,1
60,3,EPE,PSCO,1601553600,204.756,225.219,1
60,3,EPE,PSCO,1602871200,220.225,232.656,2
60,3,EPE,PSCO,1604188800,214.945,214.945,0
60,3,EPE,PSCO,1605506400,225.976,216.982,3
60,3,EPE,PSCO,1606824000,155.654,203.521,1
60,3,EPE,PSCO,1608141600,180.539,219.654,1
60,4,EPE,PSCO,1577836800,202.093,202.093,0
60,4,EPE,PSCO,1579154400,176.253,211.801,1
60,4,EPE,PSCO,1580472000,181.504,181.504,0
60,4,EPE,PSCO,1581789600,175.974,175.974,0
60,4,EPE,PSCO,1583107200,202.541,202.541,0
60,4,EPE,PSCO,1584424800,204.307,204.307,0
60,4,EPE,PSCO,1585742400,164.605,164.605,0
60,4,EPE,PSCO,1587060000,171.684,171.684,0
60,4,EPE,PSCO,1588377600,191.761,187.24,1
60,4,EPE,PSCO,1589695200,172.552,193.609,1
60,4,EPE,PSCO,1591012800,195.852,195.852,0
60,4,EPE,PSCO,1592330400,195.157,195.157,0
60,4,EPE,PSCO,1593648000,198.016,198.016,0
60,4,EPE,PSCO,1594965600,209.436,209.436,0
60,4,EPE,PSCO,1596283200,202.218,209.351,1
60,4,EPE,PSCO,1597600800,201.916,218.69,1
60,4,EPE,PSCO,1598918400,203.471,203.471,0
60,4,EPE,PSCO,1600236000,188.601,204.188,1
60,4,EPE,PSCO,1601553600,202.938,225.219,1
60,4,EPE,PSCO,1602871200,213.605,228.349,1
60,4,EPE,PSCO,1604188800,214.945,214.945,0
60,4,EPE,PSCO,1605506400,203.959,203.959,0
60,4,EPE,PSCO,1606824000,155.654,203.521,1
60,4,EPE,PSCO,1608141600,180.539,219.654,1
60,5,EPE,PSCO,1577836800,224.101,220.243,4
60,5,EPE,PSCO,1579154400,204.644,230.316,5
60,5,EPE,PSCO,1580472000,235.233,219.087,10
60,5,EPE,PSCO,1581789600,215.806,196.183,6
60,5,EPE,PSCO,1583107200,228.824,224.906,5
60,5,EPE,PSCO,1584424800,246.761,228.26,6
60,5,EPE,PSCO,1585742400,173.447,171.887,2
60,5,EPE,PSCO,1587060000,183.599,177.835,2
60,5,EPE,PSCO,1588377600,223.64,210.649,7
60,5,EPE,PSCO,1589695200,183.552,202.744,3
60,5,EPE,PSCO,1591012800,211.619,204.385,2
60,5,EPE,PSCO,1592330400,204.141,210.702,4
60,5,EPE,PSCO,1593648000,213.634,219.078,5
60,5,EPE,PSCO,1594965600,250.156,237.646,6
60,5,EPE,PSCO,1596283200,225.985,225.461,5
60,5,EPE,PSCO,1597600800,218.167,230.415,4
60,5,EPE,PSCO,1598918400,226.365,216.536,3
60,5,EPE,PSCO,1600236000,204.936,222.991,5
60,5,EPE,PSCO,1601553600,244.102,251.037,7
60,5,EPE,PSCO,1602871200,256.849,254.37,7
60,5,EPE,PSCO,1604188800,267.324,246.518,7
60,5,EPE,PSCO,1605506400,226.778,225.312,5
60,5,EPE,PSCO,1606824000,155.654,203.521,1
60,5,EPE,PSCO,1608141600,180.539,219.654,1
60,6,EPE,PSCO,1577836800,200.941,206.553,1
60,6,EPE,PSCO,1579154400,176.253,211.801,1
60,6,EPE,PSCO,1580472000,174.161,185.696,1
60,6,EPE,PSCO,1581789600,175.974,175.974,0
60,6,EPE,PSCO,1583107200,203.71,206.952,1
60,6,EPE,PSCO,1584424800,204.307,204.307,0
60,6,EPE,PSCO,1585742400,164.605,164.605,0
60,6,EPE,PSCO,1587060000,171.684,171.684,0
60,6,EPE,PSCO,1588377600,183.602,183.602,0
60,6,EPE,PSCO,1589695200,181.28,193.609,1
60,6,EPE,PSCO,1591012800,195.852,195.852,0
60,6,EPE,PSCO,1592330400,187.501,199.038,1
60,6,EPE,PSCO,1593648000,188.336,202.089,1
60,6,EPE,PSCO,1594965600,209.436,209.436,0
60,6,EPE,PSCO,1596283200,205.705,209.351,1
60,6,EPE,PSCO,1597600800,198.012,218.69,1
60,6,EPE,PSCO,1598918400,203.471,203.471,0
60,6,EPE,PSCO,1600236000,182.451,204.188,1
60,6,EPE,PSCO,1601553600,204.756,225.219,1
60,6,EPE,PSCO,1602871200,213.605,228.349,1
60,6,EPE,PSCO,1604188800,214.945,214.945,0
60,6,EPE,PSCO,1605506400,203.959,203.959,0
60,6,EPE,PSCO,1606824000,155.654,203.521,1
60,6,EPE,PSCO,1608141600,180.539,219.654,1
60,1,PACE,AECI,1577836800,222.045,222.045,0
60,1,PACE,AECI,1579154400,234.433,234.433,0
60,1,PACE,AECI,1580472000,198.311,198.311,0
60,1,PACE,AECI,1581789600,196.827,196.827,0
60,1,PACE,AECI,1583107200,208.975,208.975,0
60,1,PACE,AECI,1584424800,252.452,252.452,0
60,1,PACE,AECI,1585742400,225.822,225.822,0
60,1,PACE,AECI,1587060000,224.401,224.401,0
60,1,PACE,AECI,1588377600,195.688,195.688,0
60,1,PACE,AECI,1589695200,218.514,218.514,0
60,1,PACE,AECI,1591012800,230.978,230.978,0
60,1,PACE,AECI,1592330400,200.767,200.767,0
60,1,PACE,AECI,1593648000,211.4,211.4,0
60,1,PACE,AECI,1594965600,197.864,197.864,0
60,1,PACE,AECI,1596283200,232.915,232.915,0
60,1,PACE,AECI,1597600800,252.895,252.895,0
60,1,PACE,AECI,1598918400,239.903,239.903,0
60,1,PACE,AECI,1600236000,257.912,257.912,0
60,1,PACE,AECI,1601553600,250.583,250.583,0
60,1,PACE,AECI,1602871200,211.548,211.548,0
60,1,PACE,AECI,1604188800,258.098,258.098,0
60,1,PACE,AECI,1605506400,230.758,230.758,0
60,1,PACE,AECI,1606824000,241.036,241.036,0
60,1,PACE,AECI,1608141600,221.431,221.431,0
60,2,PACE,AECI,1577836800,195.956,236.183,3
60,2,PACE,AECI,1579154400,211.744,249.287,3
60,2,PACE,AECI,1580472000,219.636,223.065,6
60,2,PACE,AECI,1581789600,210.825,212.058,4
60,2,PACE,AECI,1583107200,211.165,230.78,5
60,2,PACE,AECI,1584424800,184.896,258.582,1
60,2,PACE,AECI,1585742400,139.909,230.918,1
60,2,PACE,AECI,1587060000,165.783,236.003,3
60,2,PACE,AECI,1588377600,182.653,215.258,5
60,2,PACE,AECI,1589695200,184.919,232.838,3
60,2,PACE,AECI,1591012800,162.668,236.311,1
60,2,PACE,AECI,1592330400,174.155,214.535,3
60,2,PACE,AECI,1593648000,234.021,245.781,7
60,2,PACE,AECI,1594965600,225.869,233.267,7
60,2,PACE,AECI,1596283200,207.552,247.634,3
60,2,PACE,AECI,1597600800,211.164,257.798,1
60,2,PACE,AECI,1598918400,189.89,244.161,1
60,2,PACE,AECI,1600236000,214.234,263.157,1
60,2,PACE,AECI,1601553600,210.963,268.308,3
60,2,PACE,AECI,1602871200,246.776,247.772,9
60,2,PACE,AECI,1604188800,244.361,273.673,3
60,2,PACE,AECI,1605506400,242.609,254.203,5
60,2,PACE,AECI,1606824000,269.448,278.836,8
60,2,PACE,AECI,1608141600,233.709,245.807,5
60,3,PACE,AECI,1577836800,207.468,236.183,3
60,3,PACE,AECI,1579154400,232.297,249.287,3
60,3,PACE,AECI,1580472000,190.661,202.703,1
60,3,PACE,AECI,1581789600,196.827,196.827,0
60,3,PACE,AECI,1583107200,208.975,208.975,0
60,3,PACE,AECI,1584424800,184.896,258.582,1
60,3,PACE,AECI,1585742400,139.909,230.918,1
60,3,PACE,AECI,1587060000,154.847,228.312,1
60,3,PACE,AECI,1588377600,197.889,202.184,2
60,3,PACE,AECI,1589695200,184.791,232.838,3
60,3,PACE,AECI,1591012800,162.668,236.311,1
60,3,PACE,AECI,1592330400,165.539,205.289,1
60,3,PACE,AECI,1593648000,211.4,211.4,0
60,3,PACE,AECI,1594965600,192.463,203.144,1
60,3,PACE,AECI,1596283200,191.587,238.256,1
60,3,PACE,AECI,1597600800,255.549,277.001,5
60,3,PACE,AECI,1598918400,208.871,253.583,3
60,3,PACE,AECI,1600236000,241.208,274.142,3
60,3,PACE,AECI,1601553600,194.77,256.736,1
60,3,PACE,AECI,1602871200,229.456,226.232,4
60,3,PACE,AECI,1604188800,272.328,273.673,3
60,3,PACE,AECI,1605506400,227.546,235.265,1
60,3,PACE,AECI,1606824000,270.274,269.88,6
60,3,PACE,AECI,1608141600,210.895,226.347,1
60,4,PACE,AECI,1577836800,180.235,226.717,1
60,4,PACE,AECI,1579154400,196.153,239.487,1
60,4,PACE,AECI,1580472000,191.661,202.703,1
60,4,PACE,AECI,1581789600,194.413,200.732,1
60,4,PACE,AECI,1583107200,189.192,213.105,1
60,4,PACE,AECI,1584424800,184.896,258.582,1
60,4,PACE,AECI,1585742400,139.909,230.918,1
60,4,PACE,AECI,1587060000,154.847,228.312,1
60,4,PACE,AECI,1588377600,163.2,198.668,1
60,4,PACE,AECI,1589695200,169.288,223.55,1
60,4,PACE,AECI,1591012800,162.668,236.311,1
60,4,PACE,AECI,1592330400,165.539,205.289,1
60,4,PACE,AECI,1593648000,205.355,215.96,1
60,4,PACE,AECI,1594965600,183.972,203.144,1
60,4,PACE,AECI,1596283200,191.587,238.256,1
60,4,PACE,AECI,1597600800,211.164,257.798,1
60,4,PACE,AECI,1598918400,189.89,244.161,1
60,4,PACE,AECI,1600236000,214.234,263.157,1
60,4,PACE,AECI,1601553600,194.77,256.736,1
60,4,PACE,AECI,1602871200,186.532,215.177,1
60,4,PACE,AECI,1604188800,246.547,263.29,1
60,4,PACE,AECI,1605506400,228.458,235.265,1
60,4,PACE,AECI,1606824000,207.207,246.095,1
60,4,PACE,AECI,1608141600,211.657,226.347,1
60,5,PACE,AECI,1577836800,195.88,236.183,3
60,5,PACE,AECI,1579154400,211.667,249.287,3
60,5,PACE,AECI,1580472000,216.587,223.065,6
60,5,PACE,AECI,1581789600,209.134,212.058,4
60,5,PACE,AECI,1583107200,209.499,230.78,5
60,5,PACE,AECI,1584424800,184.896,258.582,1
60,5,PACE,AECI,1585742400,139.909,230.918,1
60,5,PACE,AECI,1587060000,165.632,236.003,3
60,5,PACE,AECI,1588377600,179.226,215.258,5
60,5,PACE,AECI,1589695200,183.248,232.838,3
60,5,PACE,AECI,1591012800,162.668,236.311,1
60,5,PACE,AECI,1592330400,172.818,214.535,3
60,5,PACE,AECI,1593648000,230.486,245.781,7
60,5,PACE,AECI,1594965600,222.401,233.267,7
60,5,PACE,AECI,1596283200,207.457,247.634,3
60,5,PACE,AECI,1597600800,211.164,257.798,1
60,5,PACE,AECI,1598918400,189.89,244.161,1
60,5,PACE,AECI,1600236000,214.234,263.157,1
60,5,PACE,AECI,1601553600,210.796,268.308,3
60,5,PACE,AECI,1602871200,226.637,238.337,7
60,5,PACE,AECI,1604188800,243.724,273.673,3
60,5,PACE,AECI,1605506400,241.242,254.203,5
60,5,PACE,AECI,1606824000,267.531,278.836,8
60,5,PACE,AECI,1608141600,232.879,245.807,5
60,6,PACE,AECI,1577836800,180.235,226.717,1
60,6,PACE,AECI,1579154400,196.153,239.487,1
60,6,PACE,AECI,1580472000,187.491,202.703,1
60,6,PACE,AECI,1581789600,195.538,200.732,1
60,6,PACE,AECI,1583107200,189.192,213.105,1
60,6,PACE,AECI,1584424800,184.896,258.582,1
60,6,PACE,AECI,1585742400,139.909,230.918,1
60,6,PACE,AECI,1587060000,154.847,228.312,1
60,6,PACE,AECI,1588377600,162.784,202.184,2
60,6,PACE,AECI,1589695200,169.288,223.55,1
60,6,PACE,AECI,1591012800,162.668,236.311,1
60,6,PACE,AECI,1592330400,165.539,205.289,1
60,6,PACE,AECI,1593648000,190.767,215.96,1
60,6,PACE,AECI,1594965600,183.327,203.144,1
60,6,PACE,AECI,1596283200,191.587,238.256,1
60,6,PACE,AECI,1597600800,211.164,257.798,1
60,6,PACE,AECI,1598918400,189.89,244.161,1
60,6,PACE,AECI,1600236000,214.234,263.157,1
60,6,PACE,AECI,1601553600,194.77,256.736,1
60,6,PACE,AECI,1602871200,186.532,215.177,1
60,6,PACE,AECI,1604188800,230.426,263.29,1
60,6,PACE,AECI,1605506400,213.64,235.265,1
60,6,PACE,AECI,1606824000,207.207,246.095,1
60,6,PACE,AECI,1608141600,202.525,226.347,1
60,1,PACE,PSCO,1577836800,222.045,222.045,0
60,1,PACE,PSCO,1579154400,234.433,234.433,0
60,1,PACE,PSCO,1580472000,198.311,198.311,0
60,1,PACE,PSCO,1581789600,196.827,196.827,0
60,1,PACE,PSCO,1583107200,208.975,208.975,0
60,1,PACE,PSCO,1584424800,252.452,252.452,0
60,1,PACE,PSCO,1585742400,225.822,225.822,0
60,1,PACE,PSCO,1587060000,224.401,224.401,0
60,1,PACE,PSCO,1588377600,195.688,195.688,0
60,1,PACE,PSCO,1589695200,218.514,218.514,0
60,1,PACE,PSCO,1591012800,230.978,230.978,0
60,1,PACE,PSCO,1592330400,200.767,200.767,0
60,1,PACE,PSCO,1593648000,211.4,211.4,0
60,1,PACE,PSCO,1594965600,197.864,197.864,0
60,1,PACE,PSCO,1596283200,232.915,232.915,0
60,1,PACE,PSCO,1597600800,252.895,252.895,0
60,1,PACE,PSCO,1598918400,239.903,239.903,0
60,1,PACE,PSCO,1600236000,257.912,257.912,0
60,1,PACE,PSCO,1601553600,250.583,250.583,0
60,1,PACE,PSCO,1602871200,211.548,211.548,0
60,1,PACE,PSCO,1604188800,258.098,258.098,0
60,1,PACE,PSCO,1605506400,230.758,230.758,0
60,1,PACE,PSCO,1606824000,241.036,241.036,0
60,1,PACE,PSCO,1608141600,221.431,221.431,0
60,2,PACE,PSCO,1577836800,266.309,256.402,7
60,2,PACE,PSCO,1579154400,228.433,268.453,7
60,2,PACE,PSCO,1580472000,212.14,223.065,6
60,2,PACE,PSCO,1581789600,235.269,219.974,6
60,2,PACE,PSCO,1583107200,278.954,252.73,10
60,2,PACE,PSCO,1584424800,250.736,270.593,3
60,2,PACE,PSCO,1585742400,247.951,253.194,6
60,2,PACE,PSCO,1587060000,284.07,263.769,9
60,2,PACE,PSCO,1588377600,222.183,223.202,7
60,2,PACE,PSCO,1589695200,193.152,232.838,3
60,2,PACE,PSCO,1591012800,241.791,246.236,3
60,2,PACE,PSCO,1592330400,187.153,214.535,3
60,2,PACE,PSCO,1593648000,211.1,236.014,5
60,2,PACE,PSCO,1594965600,281.353,246.295,10
60,2,PACE,PSCO,1596283200,238.5,255.973,5
60,2,PACE,PSCO,1597600800,199.618,257.798,1
60,2,PACE,PSCO,1598918400,288.688,273.32,7
60,2,PACE,PSCO,1600236000,185.24,263.157,1
60,2,PACE,PSCO,1601553600,239.452,277.847,5
60,2,PACE,PSCO,1602871200,223.692,226.232,4
60,2,PACE,PSCO,1604188800,254.582,273.673,3
60,2,PACE,PSCO,1605506400,238.551,254.203,5
60,2,PACE,PSCO,1606824000,158.015,246.095,1
60,2,PACE,PSCO,1608141600,181.1,226.347,1
60,3,PACE,PSCO,1577836800,219.123,231.404,2
60,3,PACE,PSCO,1579154400,178.826,239.487,1
60,3,PACE,PSCO,1580472000,174.581,202.703,1
60,3,PACE,PSCO,1581789600,202.801,200.732,1
60,3,PACE,PSCO,1583107200,219.913,221.906,3
60,3,PACE,PSCO,1584424800,231.386,258.582,1
60,3,PACE,PSCO,1585742400,206.084,230.918,1
60,3,PACE,PSCO,1587060000,227.46,232.124,2
60,3,PACE,PSCO,1588377600,203.616,206.522,3
60,3,PACE,PSCO,1589695200,183.272,223.55,1
60,3,PACE,PSCO,1591012800,231.688,236.311,1
60,3,PACE,PSCO,1592330400,187.043,205.289,1
60,3,PACE,PSCO,1593648000,201.959,225.845,3
60,3,PACE,PSCO,1594965600,204.406,203.144,1
60,3,PACE,PSCO,1596283200,210.714,238.256,1
60,3,PACE,PSCO,1597600800,199.618,257.798,1
60,3,PACE,PSCO,1598918400,260.954,253.583,3
60,3,PACE,PSCO,1600236000,185.24,263.157,1
60,3,PACE,PSCO,1601553600,207.169,256.736,1
60,3,PACE,PSCO,1602871200,218.341,218.893,2
60,3,PACE,PSCO,1604188800,237.332,263.29,1
60,3,PACE,PSCO,1605506400,211.636,235.265,1
60,3,PACE,PSCO,1606824000,158.015,246.095,1
60,3,PACE,PSCO,1608141600,181.1,226.347,1
60,4,PACE,PSCO,1577836800,214.923,226.717,1
60,4,PACE,PSCO,1579154400,178.826,239.487,1
60,4,PACE,PSCO,1580472000,174.581,202.703,1
60,4,PACE,PSCO,1581789600,194.258,200.732,1
60,4,PACE,PSCO,1583107200,208.975,208.975,0
60,4,PACE,PSCO,1584424800,241.748,258.582,1
60,4,PACE,PSCO,1585742400,206.084,230.918,1
60,4,PACE,PSCO,1587060000,224.401,224.401,0
60,4,PACE,PSCO,1588377600,192.815,198.668,1
60,4,PACE,PSCO,1589695200,184.833,223.55,1
60,4,PACE,PSCO,1591012800,223.472,236.311,1
60,4,PACE,PSCO,1592330400,192.183,205.289,1
60,4,PACE,PSCO,1593648000,199.235,215.96,1
60,4,PACE,PSCO,1594965600,197.864,197.864,0
60,4,PACE,PSCO,1596283200,210.196,238.256,1
60,4,PACE,PSCO,1597600800,199.618,257.798,1
60,4,PACE,PSCO,1598918400,256.986,244.161,1
60,4,PACE,PSCO,1600236000,185.24,263.157,1
60,4,PACE,PSCO,1601553600,207.169,256.736,1
60,4,PACE,PSCO,1602871200,211.548,211.548,0
60,4,PACE,PSCO,1604188800,237.332,263.29,1
60,4,PACE,PSCO,1605506400,211.636,235.265,1
60,4,PACE,PSCO,1606824000,158.015,246.095,1
60,4,PACE,PSCO,1608141600,181.1,226.347,1
60,5,PACE,PSCO,1577836800,263.581,256.402,7
60,5,PACE,PSCO,1579154400,226.262,268.453,7
60,5,PACE,PSCO,1580472000,209.48,223.065,6
60,5,PACE,PSCO,1581789600,241.653,224.833,7
60,5,PACE,PSCO,1583107200,275.535,252.73,10
60,5,PACE,PSCO,1584424800,250.119,270.593,3
60,5,PACE,PSCO,1585742400,245.145,253.194,6
60,5,PACE,PSCO,1587060000,281.993,263.769,9
60,5,PACE,PSCO,1588377600,219.768,223.202,7
60,5,PACE,PSCO,1589695200,191.729,232.838,3
60,5,PACE,PSCO,1591012800,249.94,250.687,4
60,5,PACE,PSCO,1592330400,185.2,214.535,3
60,5,PACE,PSCO,1593648000,209.289,236.014,5
60,5,PACE,PSCO,1594965600,277.437,246.295,10
60,5,PACE,PSCO,1596283200,237.907,255.973,5
60,5,PACE,PSCO,1597600800,199.618,257.798,1
60,5,PACE,PSCO,1598918400,287.359,273.32,7
60,5,PACE,PSCO,1600236000,185.24,263.157,1
60,5,PACE,PSCO,1601553600,236.892,277.847,5
60,5,PACE,PSCO,1602871200,221.323,226.232,4
60,5,PACE,PSCO,1604188800,253.704,273.673,3
60,5,PACE,PSCO,1605506400,237.351,254.203,5
60,5,PACE,PSCO,1606824000,158.015,246.095,1
60,5,PACE,PSCO,1608141600,181.1,226.347,1
60,6,PACE,PSCO,1577836800,211.559,226.717,1
60,6,PACE,PSCO,1579154400,178.826,239.487,1
60,6,PACE,PSCO,1580472000,174.581,202.703,1
60,6,PACE,PSCO,1581789600,197.027,200.732,1
60,6,PACE,PSCO,1583107200,206.678,213.105,1
60,6,PACE,PSCO,1584424800,231.386,258.582,1
60,6,PACE,PSCO,1585742400,206.084,230.918,1
60,6,PACE,PSCO,1587060000,220.163,228.312,1
60,6,PACE,PSCO,1588377600,193.738,202.184,2
60,6,PACE,PSCO,1589695200,183.272,223.55,1
60,6,PACE,PSCO,1591012800,230.729,236.311,1
60,6,PACE,PSCO,1592330400,187.043,205.289,1
60,6,PACE,PSCO,1593648000,187.047,215.96,1
60,6,PACE,PSCO,1594965600,197.864,197.864,0
60,6,PACE,PSCO,1596283200,210.714,238.256,1
60,6,PACE,PSCO,1597600800,199.618,257.798,1
60,6,PACE,PSCO,1598918400,239.903,239.903,0
60,6,PACE,PSCO,1600236000,185.24,263.157,1
60,6,PACE,PSCO,1601553600,207.169,256.736,1
60,6,PACE,PSCO,1602871200,211.548,211.548,0
60,6,PACE,PSCO,1604188800,237.332,263.29,1
60,6,PACE,PSCO,1605506400,211.636,235.265,1
60,6,PACE,PSCO,1606824000,158.015,246.095,1
60,6,PACE,PSCO,1608141600,181.1,226.347,1
60,1,PSCO,EPE,1577836800,201.806,201.806,0
60,1,PSCO,EPE,1579154400,168.095,168.095,0
60,1,PSCO,EPE,1580472000,165.819,165.819,0
60,1,PSCO,EPE,1581789600,208.599,208.599,0
60,1,PSCO,EPE,1583107200,195.56,195.56,0
60,1,PSCO,EPE,1584424800,221.046,221.046,0
60,1,PSCO,EPE,1585742400,196.694,196.694,0
60,1,PSCO,EPE,1587060000,211.329,211.329,0
60,1,PSCO,EPE,1588377600,184.057,184.057,0
60,1,PSCO,EPE,1589695200,174.63,174.63,0
60,1,PSCO,EPE,1591012800,220.905,220.905,0
60,1,PSCO,EPE,1592330400,179.992,179.992,0
60,1,PSCO,EPE,1593648000,180.132,180.132,0
60,1,PSCO,EPE,1594965600,212.921,212.921,0
60,1,PSCO,EPE,1596283200,202.105,202.105,0
60,1,PSCO,EPE,1597600800,189.709,189.709,0
60,1,PSCO,EPE,1598918400,234.795,234.795,0
60,1,PSCO,EPE,1600236000,174.02,174.02,0
60,1,PSCO,EPE,1601553600,195.176,195.176,0
60,1,PSCO,EPE,1602871200,202.804,202.804,0
60,1,PSCO,EPE,1604188800,225.924,225.924,0
60,1,PSCO,EPE,1605506400,203.332,203.332,0
60,1,PSCO,EPE,1606824000,147.36,147.36,0
60,1,PSCO,EPE,1608141600,172.796,172.796,0
60,2,PSCO,EPE,1577836800,235.083,226.356,5
60,2,PSCO,EPE,1579154400,198.728,181.57,4
60,2,PSCO,EPE,1580472000,229.327,199.968,9
60,2,PSCO,EPE,1581789600,226.984,235.22,7
60,2,PSCO,EPE,1583107200,222.17,209.983,4
60,2,PSCO,EPE,1584424800,258.734,252.096,7
60,2,PSCO,EPE,1585742400,184.463,211.141,3
60,2,PSCO,EPE,1587060000,193.206,224.553,3
60,2,PSCO,EPE,1588377600,218.951,204.298,6
60,2,PSCO,EPE,1589695200,192.999,185.658,4
60,2,PSCO,EPE,1591012800,220.923,234.411,3
60,2,PSCO,EPE,1592330400,198.359,191.839,3
60,2,PSCO,EPE,1593648000,206.136,195.383,4
60,2,PSCO,EPE,1594965600,232.043,228.43,4
60,2,PSCO,EPE,1596283200,235.762,220.781,6
60,2,PSCO,EPE,1597600800,228.004,212.935,5
60,2,PSCO,EPE,1598918400,209.613,239.606,1
60,2,PSCO,EPE,1600236000,197.719,186.722,4
60,2,PSCO,EPE,1601553600,237.858,215.398,6
60,2,PSCO,EPE,1602871200,241.159,226.748,5
60,2,PSCO,EPE,1604188800,260.674,250.358,6
60,2,PSCO,EPE,1605506400,220.671,215.248,4
60,2,PSCO,EPE,1606824000,147.36,147.36,0
60,2,PSCO,EPE,1608141600,172.796,172.796,0
60,3,PSCO,EPE,1577836800,209.101,206.834,1
60,3,PSCO,EPE,1579154400,168.095,168.095,0
60,3,PSCO,EPE,1580472000,165.819,165.819,0
60,3,PSCO,EPE,1581789600,197.955,218.69,3
60,3,PSCO,EPE,1583107200,195.56,195.56,0
60,3,PSCO,EPE,1584424800,230.058,234.046,3
60,3,PSCO,EPE,1585742400,174.181,201.473,1
60,3,PSCO,EPE,1587060000,180.347,215.845,1
60,3,PSCO,EPE,1588377600,197.539,190.648,2
60,3,PSCO,EPE,1589695200,174.63,174.63,0
60,3,PSCO,EPE,1591012800,204.931,225.601,1
60,3,PSCO,EPE,1592330400,179.992,179.992,0
60,3,PSCO,EPE,1593648000,194.625,187.687,2
60,3,PSCO,EPE,1594965600,223.821,220.093,2
60,3,PSCO,EPE,1596283200,202.105,202.105,0
60,3,PSCO,EPE,1597600800,195.42,194.312,1
60,3,PSCO,EPE,1598918400,210.02,239.606,1
60,3,PSCO,EPE,1600236000,174.02,174.02,0
60,3,PSCO,EPE,1601553600,195.176,195.176,0
60,3,PSCO,EPE,1602871200,208.856,208.122,1
60,3,PSCO,EPE,1604188800,223.323,230.317,1
60,3,PSCO,EPE,1605506400,218.204,209.248,2
60,3,PSCO,EPE,1606824000,147.36,147.36,0
60,3,PSCO,EPE,1608141600,172.796,172.796,0
60,4,PSCO,EPE,1577836800,201.806,201.806,0
60,4,PSCO,EPE,1579154400,168.095,168.095,0
60,4,PSCO,EPE,1580472000,165.819,165.819,0
60,4,PSCO,EPE,1581789600,185.11,211.871,1
60,4,PSCO,EPE,1583107200,195.56,195.56,0
60,4,PSCO,EPE,1584424800,217.0,225.4,1
60,4,PSCO,EPE,1585742400,184.015,201.473,1
60,4,PSCO,EPE,1587060000,180.347,215.845,1
60,4,PSCO,EPE,1588377600,184.057,184.057,0
60,4,PSCO,EPE,1589695200,174.63,174.63,0
60,4,PSCO,EPE,1591012800,204.931,225.601,1
60,4,PSCO,EPE,1592330400,179.992,179.992,0
60,4,PSCO,EPE,1593648000,180.132,180.132,0
60,4,PSCO,EPE,1594965600,212.921,212.921,0
60,4,PSCO,EPE,1596283200,202.105,202.105,0
60,4,PSCO,EPE,1597600800,189.709,189.709,0
60,4,PSCO,EPE,1598918400,208.621,239.606,1
60,4,PSCO,EPE,1600236000,174.02,174.02,0
60,4,PSCO,EPE,1601553600,195.176,195.176,0
60,4,PSCO,EPE,1602871200,202.804,202.804,0
60,4,PSCO,EPE,1604188800,225.924,225.924,0
60,4,PSCO,EPE,1605506400,203.332,203.332,0
60,4,PSCO,EPE,1606824000,147.36,147.36,0
60,4,PSCO,EPE,1608141600,172.796,172.796,0
60,5,PSCO,EPE,1577836800,232.957,226.356,5
60,5,PSCO,EPE,1579154400,195.962,181.57,4
60,5,PSCO,EPE,1580472000,227.094,199.968,9
60,5,PSCO,EPE,1581789600,225.776,235.22,7
60,5,PSCO,EPE,1583107200,220.29,209.983,4
60,5,PSCO,EPE,1584424800,257.447,252.096,7
60,5,PSCO,EPE,1585742400,182.452,211.141,3
60,5,PSCO,EPE,1587060000,192.478,224.553,3
60,5,PSCO,EPE,1588377600,216.498,204.298,6
60,5,PSCO,EPE,1589695200,192.118,185.658,4
60,5,PSCO,EPE,1591012800,220.001,234.411,3
60,5,PSCO,EPE,1592330400,196.375,191.839,3
60,5,PSCO,EPE,1593648000,205.141,195.383,4
60,5,PSCO,EPE,1594965600,240.038,233.277,5
60,5,PSCO,EPE,1596283200,235.24,220.781,6
60,5,PSCO,EPE,1597600800,227.203,212.935,5
60,5,PSCO,EPE,1598918400,208.909,239.606,1
60,5,PSCO,EPE,1600236000,196.169,186.722,4
60,5,PSCO,EPE,1601553600,234.798,215.398,6
60,5,PSCO,EPE,1602871200,247.77,230.537,6
60,5,PSCO,EPE,1604188800,258.338,250.358,6
60,5,PSCO,EPE,1605506400,219.277,215.248,4
60,5,PSCO,EPE,1606824000,147.36,147.36,0
60,5,PSCO,EPE,1608141600,172.796,172.796,0
60,6,PSCO,EPE,1577836800,201.806,201.806,0
60,6,PSCO,EPE,1579154400,168.095,168.095,0
60,6,PSCO,EPE,1580472000,165.819,165.819,0
60,6,PSCO,EPE,1581789600,185.11,211.871,1
60,6,PSCO,EPE,1583107200,195.56,195.56,0
60,6,PSCO,EPE,1584424800,215.234,225.4,1
60,6,PSCO,EPE,1585742400,174.181,201.473,1
60,6,PSCO,EPE,1587060000,180.347,215.845,1
60,6,PSCO,EPE,1588377600,184.057,184.057,0
60,6,PSCO,EPE,1589695200,174.63,174.63,0
60,6,PSCO,EPE,1591012800,204.931,225.601,1
60,6,PSCO,EPE,1592330400,179.992,179.992,0
60,6,PSCO,EPE,1593648000,180.132,180.132,0
60,6,PSCO,EPE,1594965600,212.833,216.392,1
60,6,PSCO,EPE,1596283200,202.105,202.105,0
60,6,PSCO,EPE,1597600800,189.709,189.709,0
60,6,PSCO,EPE,1598918400,210.02,239.606,1
60,6,PSCO,EPE,1600236000,174.02,174.02,0
60,6,PSCO,EPE,1601553600,195.176,195.176,0
60,6,PSCO,EPE,1602871200,202.804,202.804,0
60,6,PSCO,EPE,1604188800,223.323,230.317,1
60,6,PSCO,EPE,1605506400,203.332,203.332,0
60,6,PSCO,EPE,1606824000,147.36,147.36,0
60,6,PSCO,EPE,1608141600,172.796,172.796,0
60,1,PSCO,PACE,1577836800,201.806,201.806,0
60,1,PSCO,PACE,1579154400,168.095,168.095,0
60,1,PSCO,PACE,1580472000,165.819,165.819,0
60,1,PSCO,PACE,1581789600,208.599,208.599,0
60,1,PSCO,PACE,1583107200,195.56,195.56,0
60,1,PSCO,PACE,1584424800,221.046,221.046,0
60,1,PSCO,PACE,1585742400,196.694,196.694,0
60,1,PSCO,PACE,1587060000,211.329,211.329,0
60,1,PSCO,PACE,1588377600,184.057,184.057,0
60,1,PSCO,PACE,1589695200,174.63,174.63,0
60,1,PSCO,PACE,1591012800,220.905,220.905,0
60,1,PSCO,PACE,1592330400,179.992,179.992,0
60,1,PSCO,PACE,1593648000,180.132,180.132,0
60,1,PSCO,PACE,1594965600,212.921,212.921,0
60,1,PSCO,PACE,1596283200,202.105,202.105,0
60,1,PSCO,PACE,1597600800,189.709,189.709,0
60,1,PSCO,PACE,1598918400,234.795,234.795,0
60,1,PSCO,PACE,1600236000,174.02,174.02,0
60,1,PSCO,PACE,1601553600,195.176,195.176,0
60,1,PSCO,PACE,1602871200,202.804,202.804,0
60,1,PSCO,PACE,1604188800,225.924,225.924,0
60,1,PSCO,PACE,1605506400,203.332,203.332,0
60,1,PSCO,PACE,1606824000,147.36,147.36,0
60,1,PSCO,PACE,1608141600,172.796,172.796,0
60,2,PSCO,PACE,1577836800,257.192,231.196,6
60,2,PSCO,PACE,1579154400,216.528,189.757,6
60,2,PSCO,PACE,1580472000,194.765,180.138,4
60,2,PSCO,PACE,1581789600,255.325,239.995,8
60,2,PSCO,PACE,1583107200,267.446,232.713,9
60,2,PSCO,PACE,1584424800,240.432,229.727,2
60,2,PSCO,PACE,1585742400,256.497,230.269,7
60,2,PSCO,PACE,1587060000,275.658,246.263,8
60,2,PSCO,PACE,1588377600,213.21,204.298,6
60,2,PSCO,PACE,1589695200,184.354,179.956,2
60,2,PSCO,PACE,1591012800,231.28,229.987,2
60,2,PSCO,PACE,1592330400,195.492,196.363,4
60,2,PSCO,PACE,1593648000,218.162,202.544,6
60,2,PSCO,PACE,1594965600,273.264,254.813,9
60,2,PSCO,PACE,1596283200,229.856,214.507,4
60,2,PSCO,PACE,1597600800,189.709,189.709,0
60,2,PSCO,PACE,1598918400,278.885,257.495,6
60,2,PSCO,PACE,1600236000,174.02,174.02,0
60,2,PSCO,PACE,1601553600,227.737,208.849,4
60,2,PSCO,PACE,1602871200,215.276,217.966,3
60,2,PSCO,PACE,1604188800,243.263,234.575,2
60,2,PSCO,PACE,1605506400,230.274,215.248,4
60,2,PSCO,PACE,1606824000,147.36,147.36,0
60,2,PSCO,PACE,1608141600,172.796,172.796,0
60,3,PSCO,PACE,1577836800,209.321,206.834,1
60,3,PSCO,PACE,1579154400,168.095,168.095,0
60,3,PSCO,PACE,1580472000,165.819,165.819,0
60,3,PSCO,PACE,1581789600,212.38,215.208,2
60,3,PSCO,PACE,1583107200,209.634,202.871,2
60,3,PSCO,PACE,1584424800,221.046,221.046,0
60,3,PSCO,PACE,1585742400,196.694,196.694,0
60,3,PSCO,PACE,1587060000,218.998,215.845,1
60,3,PSCO,PACE,1588377600,187.899,187.407,1
60,3,PSCO,PACE,1589695200,174.63,174.63,0
60,3,PSCO,PACE,1591012800,220.905,220.905,0
60,3,PSCO,PACE,1592330400,179.992,179.992,0
60,3,PSCO,PACE,1593648000,194.399,187.687,2
60,3,PSCO,PACE,1594965600,212.849,220.093,2
60,3,PSCO,PACE,1596283200,202.105,202.105,0
60,3,PSCO,PACE,1597600800,189.709,189.709,0
60,3,PSCO,PACE,1598918400,240.724,239.606,1
60,3,PSCO,PACE,1600236000,174.02,174.02,0
60,3,PSCO,PACE,1601553600,195.176,195.176,0
60,3,PSCO,PACE,1602871200,224.107,217.966,3
60,3,PSCO,PACE,1604188800,225.924,225.924,0
60,3,PSCO,PACE,1605506400,203.332,203.332,0
60,3,PSCO,PACE,1606824000,147.36,147.36,0
60,3,PSCO,PACE,1608141600,172.796,172.796,0
60,4,PSCO,PACE,1577836800,201.806,201.806,0
60,4,PSCO,PACE,1579154400,168.095,168.095,0
60,4,PSCO,PACE,1580472000,165.819,165.819,0
60,4,PSCO,PACE,1581789600,203.157,215.208,2
60,4,PSCO,PACE,1583107200,195.56,195.56,0
60,4,PSCO,PACE,1584424800,221.046,221.046,0
60,4,PSCO,PACE,1585742400,196.694,196.694,0
60,4,PSCO,PACE,1587060000,211.329,211.329,0
60,4,PSCO,PACE,1588377600,184.057,184.057,0
60,4,PSCO,PACE,1589695200,174.63,174.63,0
60,4,PSCO,PACE,1591012800,220.905,220.905,0
60,4,PSCO,PACE,1592330400,179.992,179.992,0
60,4,PSCO,PACE,1593648000,180.132,180.132,0
60,4,PSCO,PACE,1594965600,205.226,216.392,1
60,4,PSCO,PACE,1596283200,202.105,202.105,0
60,4,PSCO,PACE,1597600800,189.709,189.709,0
60,4,PSCO,PACE,1598918400,234.795,234.795,0
60,4,PSCO,PACE,1600236000,174.02,174.02,0
60,4,PSCO,PACE,1601553600,195.176,195.176,0
60,4,PSCO,PACE,1602871200,202.804,202.804,0
60,4,PSCO,PACE,1604188800,225.924,225.924,0
60,4,PSCO,PACE,1605506400,203.332,203.332,0
60,4,PSCO,PACE,1606824000,147.36,147.36,0
60,4,PSCO,PACE,1608141600,172.796,172.796,0
60,5,PSCO,PACE,1577836800,254.464,231.196,6
60,5,PSCO,PACE,1579154400,214.357,189.757,6
60,5,PSCO,PACE,1580472000,200.553,184.362,5
60,5,PSCO,PACE,1581789600,251.99,239.995,8
60,5,PSCO,PACE,1583107200,264.026,232.713,9
60,5,PSCO,PACE,1584424800,239.814,229.727,2
60,5,PSCO,PACE,1585742400,236.585,220.694,5
60,5,PSCO,PACE,1587060000,273.581,246.263,8
60,5,PSCO,PACE,1588377600,210.796,204.298,6
60,5,PSCO,PACE,1589695200,182.931,179.956,2
60,5,PSCO,PACE,1591012800,230.554,229.987,2
60,5,PSCO,PACE,1592330400,202.656,201.137,5
60,5,PSCO,PACE,1593648000,202.085,195.383,4
60,5,PSCO,PACE,1594965600,269.348,254.813,9
60,5,PSCO,PACE,1596283200,229.263,214.507,4
60,5,PSCO,PACE,1597600800,189.709,189.709,0
60,5,PSCO,PACE,1598918400,277.557,257.495,6
60,5,PSCO,PACE,1600236000,174.02,174.02,0
60,5,PSCO,PACE,1601553600,225.176,208.849,4
60,5,PSCO,PACE,1602871200,212.906,217.966,3
60,5,PSCO,PACE,1604188800,242.385,234.575,2
60,5,PSCO,PACE,1605506400,229.074,215.248,4
60,5,PSCO,PACE,1606824000,147.36,147.36,0
60,5,PSCO,PACE,1608141600,172.796,172.796,0
60,6,PSCO,PACE,1577836800,201.806,201.806,0
60,6,PSCO,PACE,1579154400,168.095,168.095,0
60,6,PSCO,PACE,1580472000,165.819,165.819,0
60,6,PSCO,PACE,1581789600,205.926,215.208,2
60,6,PSCO,PACE,1583107200,195.56,195.56,0
60,6,PSCO,PACE,1584424800,221.046,221.046,0
60,6,PSCO,PACE,1585742400,196.694,196.694,0
60,6,PSCO,PACE,1587060000,211.329,211.329,0
60,6,PSCO,PACE,1588377600,184.814,187.407,1
60,6,PSCO,PACE,1589695200,174.63,174.63,0
60,6,PSCO,PACE,1591012800,220.905,220.905,0
60,6,PSCO,PACE,1592330400,179.992,179.992,0
60,6,PSCO,PACE,1593648000,180.132,180.132,0
60,6,PSCO,PACE,1594965600,207.301,216.392,1
60,6,PSCO,PACE,1596283200,202.105,202.105,0
60,6,PSCO,PACE,1597600800,189.709,189.709,0
60,6,PSCO,PACE,1598918400,234.795,234.795,0
60,6,PSCO,PACE,1600236000,174.02,174.02,0
60,6,PSCO,PACE,1601553600,195.176,195.176,0
60,6,PSCO,PACE,1602871200,202.804,202.804,0
60,6,PSCO,PACE,1604188800,225.924,225.924,0
60,6,PSCO,PACE,1605506400,203.332,203.332,0
60,6,PSCO,PACE,1606824000,147.36,147.36,0
60,6,PSCO,PACE,1608141600,172.796,172.796,0
60,1,TEPC,AECI,1577836800,261.782,261.782,0
60,1,TEPC,AECI,1579154400,260.044,260.044,0
60,1,TEPC,AECI,1580472000,227.287,227.287,0
60,1,TEPC,AECI,1581789600,230.952,230.952,0
60,1,TEPC,AECI,1583107200,213.887,213.887,0
60,1,TEPC,AECI,1584424800,209.261,209.261,0
60,1,TEPC,AECI,1585742400,163.89,163.89,0
60,1,TEPC,AECI,1587060000,178.693,178.693,0
60,1,TEPC,AECI,1588377600,179.254,179.254,0
60,1,TEPC,AECI,1589695200,215.518,215.518,0
60,1,TEPC,AECI,1591012800,222.496,222.496,0
60,1,TEPC,AECI,1592330400,189.451,189.451,0
60,1,TEPC,AECI,1593648000,215.878,215.878,0
60,1,TEPC,AECI,1594965600,207.863,207.863,0
60,1,TEPC,AECI,1596283200,219.66,219.66,0
60,1,TEPC,AECI,1597600800,232.192,232.192,0
60,1,TEPC,AECI,1598918400,219.508,219.508,0
60,1,TEPC,AECI,1600236000,245.174,245.174,0
60,1,TEPC,AECI,1601553600,235.921,235.921,0
60,1,TEPC,AECI,1602871200,262.53,262.53,0
60,1,TEPC,AECI,1604188800,265.706,265.706,0
60,1,TEPC,AECI,1605506400,225.001,225.001,0
60,1,TEPC,AECI,1606824000,193.11,193.11,0
60,1,TEPC,AECI,1608141600,251.11,251.11,0
60,2,TEPC,AECI,1577836800,182.811,267.327,1
60,2,TEPC,AECI,1579154400,196.877,265.972,1
60,2,TEPC,AECI,1580472000,210.1,254.633,5
60,2,TEPC,AECI,1581789600,218.065,245.453,4
60,2,TEPC,AECI,1583107200,209.311,238.444,5
60,2,TEPC,AECI,1584424800,193.886,223.393,3
60,2,TEPC,AECI,1585742400,166.831,183.39,6
60,2,TEPC,AECI,1587060000,171.067,192.93,5
60,2,TEPC,AECI,1588377600,184.652,198.444,5
60,2,TEPC,AECI,1589695200,166.359,220.659,1
60,2,TEPC,AECI,1591012800,161.207,227.481,1
60,2,TEPC,AECI,1592330400,193.206,206.554,5
60,2,TEPC,AECI,1593648000,208.225,229.386,3
60,2,TEPC,AECI,1594965600,199.046,222.941,3
60,2,TEPC,AECI,1596283200,190.611,224.499,1
60,2,TEPC,AECI,1597600800,210.15,236.671,1
60,2,TEPC,AECI,1598918400,188.111,224.177,1
60,2,TEPC,AECI,1600236000,231.148,261.561,3
60,2,TEPC,AECI,1601553600,192.678,240.805,1
60,2,TEPC,AECI,1602871200,188.911,267.329,1
60,2,TEPC,AECI,1604188800,283.786,301.426,7
60,2,TEPC,AECI,1605506400,241.54,249.679,5
60,2,TEPC,AECI,1606824000,233.48,216.623,6
60,2,TEPC,AECI,1608141600,204.015,256.156,1
60,3,TEPC,AECI,1577836800,182.811,267.327,1
60,3,TEPC,AECI,1579154400,196.877,265.972,1
60,3,TEPC,AECI,1580472000,187.525,232.948,1
60,3,TEPC,AECI,1581789600,247.857,245.453,4
60,3,TEPC,AECI,1583107200,213.887,213.887,0
60,3,TEPC,AECI,1584424800,187.711,214.078,1
60,3,TEPC,AECI,1585742400,160.216,178.204,4
60,3,TEPC,AECI,1587060000,187.078,187.04,3
60,3,TEPC,AECI,1588377600,179.254,179.254,0
60,3,TEPC,AECI,1589695200,166.359,220.659,1
60,3,TEPC,AECI,1591012800,161.207,227.481,1
60,3,TEPC,AECI,1592330400,210.171,203.165,4
60,3,TEPC,AECI,1593648000,215.878,215.878,0
60,3,TEPC,AECI,1594965600,229.234,232.86,5
60,3,TEPC,AECI,1596283200,193.474,224.499,1
60,3,TEPC,AECI,1597600800,232.192,232.192,0
60,3,TEPC,AECI,1598918400,212.85,236.985,4
60,3,TEPC,AECI,1600236000,251.085,250.543,1
60,3,TEPC,AECI,1601553600,192.678,240.805,1
60,3,TEPC,AECI,1602871200,188.911,267.329,1
60,3,TEPC,AECI,1604188800,270.517,275.245,2
60,3,TEPC,AECI,1605506400,223.001,230.103,1
60,3,TEPC,AECI,1606824000,193.11,193.11,0
60,3,TEPC,AECI,1608141600,204.015,256.156,1
60,4,TEPC,AECI,1577836800,182.811,267.327,1
60,4,TEPC,AECI,1579154400,196.877,265.972,1
60,4,TEPC,AECI,1580472000,183.809,232.948,1
60,4,TEPC,AECI,1581789600,197.777,234.731,1
60,4,TEPC,AECI,1583107200,186.914,218.268,1
60,4,TEPC,AECI,1584424800,185.568,214.078,1
60,4,TEPC,AECI,1585742400,138.505,167.958,1
60,4,TEPC,AECI,1587060000,151.314,181.485,1
60,4,TEPC,AECI,1588377600,161.477,182.828,1
60,4,TEPC,AECI,1589695200,166.359,220.659,1
60,4,TEPC,AECI,1591012800,161.207,227.481,1
60,4,TEPC,AECI,1592330400,166.069,192.904,1
60,4,TEPC,AECI,1593648000,192.091,220.097,1
60,4,TEPC,AECI,1594965600,184.071,212.83,1
60,4,TEPC,AECI,1596283200,190.611,224.499,1
60,4,TEPC,AECI,1597600800,210.15,236.671,1
60,4,TEPC,AECI,1598918400,188.111,224.177,1
60,4,TEPC,AECI,1600236000,213.507,250.543,1
60,4,TEPC,AECI,1601553600,192.678,240.805,1
60,4,TEPC,AECI,1602871200,188.911,267.329,1
60,4,TEPC,AECI,1604188800,230.182,270.432,1
60,4,TEPC,AECI,1605506400,221.12,230.103,1
60,4,TEPC,AECI,1606824000,193.11,193.11,0
60,4,TEPC,AECI,1608141600,204.015,256.156,1
60,5,TEPC,AECI,1577836800,182.811,267.327,1
60,5,TEPC,AECI,1579154400,196.877,265.972,1
60,5,TEPC,AECI,1580472000,209.009,254.633,5
60,5,TEPC,AECI,1581789600,216.779,245.453,4
60,5,TEPC,AECI,1583107200,206.976,238.444,5
60,5,TEPC,AECI,1584424800,193.167,223.393,3
60,5,TEPC,AECI,1585742400,165.567,183.39,6
60,5,TEPC,AECI,1587060000,169.615,192.93,5
60,5,TEPC,AECI,1588377600,182.994,198.444,5
60,5,TEPC,AECI,1589695200,166.359,220.659,1
60,5,TEPC,AECI,1591012800,161.207,227.481,1
60,5,TEPC,AECI,1592330400,192.173,206.554,5
60,5,TEPC,AECI,1593648000,207.85,229.386,3
60,5,TEPC,AECI,1594965600,198.788,222.941,3
60,5,TEPC,AECI,1596283200,190.611,224.499,1
60,5,TEPC,AECI,1597600800,210.15,236.671,1
60,5,TEPC,AECI,1598918400,188.111,224.177,1
60,5,TEPC,AECI,1600236000,230.051,261.561,3
60,5,TEPC,AECI,1601553600,192.678,240.805,1
60,5,TEPC,AECI,1602871200,188.911,267.329,1
60,5,TEPC,AECI,1604188800,282.546,301.426,7
60,5,TEPC,AECI,1605506400,240.021,249.679,5
60,5,TEPC,AECI,1606824000,232.083,216.623,6
60,5,TEPC,AECI,1608141600,204.015,256.156,1
60,6,TEPC,AECI,1577836800,182.811,267.327,1
60,6,TEPC,AECI,1579154400,196.877,265.972,1
60,6,TEPC,AECI,1580472000,187.525,232.948,1
60,6,TEPC,AECI,1581789600,197.777,234.731,1
60,6,TEPC,AECI,1583107200,186.914,218.268,1
60,6,TEPC,AECI,1584424800,182.258,214.078,1
60,6,TEPC,AECI,1585742400,138.505,167.958,1
60,6,TEPC,AECI,1587060000,151.314,181.485,1
60,6,TEPC,AECI,1588377600,161.477,182.828,1
60,6,TEPC,AECI,1589695200,166.359,220.659,1
60,6,TEPC,AECI,1591012800,161.207,227.481,1
60,6,TEPC,AECI,1592330400,166.069,192.904,1
60,6,TEPC,AECI,1593648000,192.091,220.097,1
60,6,TEPC,AECI,1594965600,184.071,212.83,1
60,6,TEPC,AECI,1596283200,190.611,224.499,1
60,6,TEPC,AECI,1597600800,210.15,236.671,1
60,6,TEPC,AECI,1598918400,188.111,224.177,1
60,6,TEPC,AECI,1600236000,213.507,250.543,1
60,6,TEPC,AECI,1601553600,192.678,240.805,1
60,6,TEPC,AECI,1602871200,188.911,267.329,1
60,6,TEPC,AECI,1604188800,230.182,270.432,1
60,6,TEPC,AECI,1605506400,213.655,230.103,1
60,6,TEPC,AECI,1606824000,193.11,193.11,0
60,6,TEPC,AECI,1608141600,204.015,256.156,1
90,1,AECI,EPE,1577836800,171.652,171.652,0
90,1,AECI,EPE,1579154400,184.829,184.829,0
90,1,AECI,EPE,1580472000,179.08,179.08,0
90,1,AECI,EPE,1581789600,190.047,190.047,0
90,1,AECI,EPE,1583107200,177.533,177.533,0
90,1,AECI,EPE,1584424800,173.609,173.609,0
90,1,AECI,EPE,1585742400,130.078,130.078,0
90,1,AECI,EPE,1587060000,146.519,146.519,0
90,1,AECI,EPE,1588377600,154.192,154.192,0
90,1,AECI,EPE,1589695200,158.058,158.058,0
90,1,AECI,EPE,1591012800,151.782,151.782,0
90,1,AECI,EPE,1592330400,159.195,159.195,0
90,1,AECI,EPE,1593648000,183.868,183.868,0
90,1,AECI,EPE,1594965600,175.21,175.21,0
90,1,AECI,EPE,1596283200,180.832,180.832,0
90,1,AECI,EPE,1597600800,201.072,201.072,0
90,1,AECI,EPE,1598918400,180.384,180.384,0
90,1,AECI,EPE,1600236000,202.899,202.899,0
90,1,AECI,EPE,1601553600,182.573,182.573,0
90,1,AECI,EPE,1602871200,178.75,178.75,0
90,1,AECI,EPE,1604188800,219.569,219.569,0
90,1,AECI,EPE,1605506400,205.232,205.232,0
90,1,AECI,EPE,1606824000,196.187,196.187,0
90,1,AECI,EPE,1608141600,194.483,194.483,0
90,2,AECI,EPE,1577836800,195.623,182.887,2
90,2,AECI,EPE,1579154400,230.815,207.293,4
90,2,AECI,EPE,1580472000,225.726,209.359,5
90,2,AECI,EPE,1581789600,263.158,234.419,8
90,2,AECI,EPE,1583107200,220.013,199.76,4
90,2,AECI,EPE,1584424800,193.763,182.634,2
90,2,AECI,EPE,1585742400,130.078,130.078,0
90,2,AECI,EPE,1587060000,179.076,161.191,4
90,2,AECI,EPE,1588377600,194.08,173.982,4
90,2,AECI,EPE,1589695200,178.573,168.287,2
90,2,AECI,EPE,1591012800,151.782,151.782,0
90,2,AECI,EPE,1592330400,180.665,168.835,2
90,2,AECI,EPE,1593648000,252.066,216.188,6
90,2,AECI,EPE,1594965600,175.21,175.21,0
90,2,AECI,EPE,1596283200,203.789,191.964,2
90,2,AECI,EPE,1597600800,264.072,233.377,5
90,2,AECI,EPE,1598918400,225.594,202.042,4
90,2,AECI,EPE,1600236000,240.592,225.579,4
90,2,AECI,EPE,1601553600,231.007,205.368,4
90,2,AECI,EPE,1602871200,258.658,215.796,6
90,2,AECI,EPE,1604188800,278.281,254.938,6
90,2,AECI,EPE,1605506400,263.739,235.193,6
90,2,AECI,EPE,1606824000,250.584,230.791,5
90,2,AECI,EPE,1608141600,240.514,216.395,4
90,3,AECI,EPE,1577836800,217.044,179.057,1
90,3,AECI,EPE,1579154400,220.798,192.82,1
90,3,AECI,EPE,1580472000,204.593,197.902,3
90,3,AECI,EPE,1581789600,189.811,198.479,1
90,3,AECI,EPE,1583107200,216.434,186.056,1
90,3,AECI,EPE,1584424800,216.18,182.634,2
90,3,AECI,EPE,1585742400,172.273,147.881,3
90,3,AECI,EPE,1587060000,188.043,153.628,2
90,3,AECI,EPE,1588377600,196.227,161.5,1
90,3,AECI,EPE,1589695200,207.354,168.287,2
90,3,AECI,EPE,1591012800,151.782,151.782,0
90,3,AECI,EPE,1592330400,174.502,165.665,1
90,3,AECI,EPE,1593648000,212.235,191.747,1
90,3,AECI,EPE,1594965600,235.55,195.58,4
90,3,AECI,EPE,1596283200,261.228,210.402,5
90,3,AECI,EPE,1597600800,228.435,209.122,1
90,3,AECI,EPE,1598918400,227.961,191.074,2
90,3,AECI,EPE,1600236000,222.832,213.901,2
90,3,AECI,EPE,1601553600,226.385,201.35,3
90,3,AECI,EPE,1602871200,195.256,186.552,1
90,3,AECI,EPE,1604188800,231.251,228.152,1
90,3,AECI,EPE,1605506400,219.303,214.804,2
90,3,AECI,EPE,1606824000,213.456,204.333,1
90,3,AECI,EPE,1608141600,230.545,201.57,1
90,4,AECI,EPE,1577836800,171.652,171.652,0
90,4,AECI,EPE,1579154400,184.829,184.829,0
90,4,AECI,EPE,1580472000,179.08,179.08,0
90,4,AECI,EPE,1581789600,190.047,190.047,0
90,4,AECI,EPE,1583107200,177.533,177.533,0
90,4,AECI,EPE,1584424800,173.609,173.609,0
90,4,AECI,EPE,1585742400,130.078,130.078,0
90,4,AECI,EPE,1587060000,146.519,146.519,0
90,4,AECI,EPE,1588377600,154.192,154.192,0
90,4,AECI,EPE,1589695200,158.058,158.058,0
90,4,AECI,EPE,1591012800,151.782,151.782,0
90,4,AECI,EPE,1592330400,159.195,159.195,0
90,4,AECI,EPE,1593648000,183.868,183.868,0
90,4,AECI,EPE,1594965600,175.21,175.21,0
90,4,AECI,EPE,1596283200,180.832,180.832,0
90,4,AECI,EPE,1597600800,201.072,201.072,0
90,4,AECI,EPE,1598918400,180.384,180.384,0
90,4,AECI,EPE,1600236000,202.899,202.899,0
90,4,AECI,EPE,1601553600,182.573,182.573,0
90,4,AECI,EPE,1602871200,178.75,178.75,0
90,4,AECI,EPE,1604188800,219.569,219.569,0
90,4,AECI,EPE,1605506400,205.232,205.232,0
90,4,AECI,EPE,1606824000,196.187,196.187,0
90,4,AECI,EPE,1608141600,194.483,194.483,0
90,5,AECI,EPE,1577836800,195.325,182.887,2
90,5,AECI,EPE,1579154400,228.953,207.293,4
90,5,AECI,EPE,1580472000,224.669,209.359,5
90,5,AECI,EPE,1581789600,261.649,234.419,8
90,5,AECI,EPE,1583107200,218.469,199.76,4
90,5,AECI,EPE,1584424800,193.25,182.634,2
90,5,AECI,EPE,1585742400,130.078,130.078,0
90,5,AECI,EPE,1587060000,161.718,153.628,2
90,5,AECI,EPE,1588377600,192.255,173.982,4
90,5,AECI,EPE,1589695200,178.019,168.287,2
90,5,AECI,EPE,1591012800,151.782,151.782,0
90,5,AECI,EPE,1592330400,180.665,168.835,2
90,5,AECI,EPE,1593648000,250.009,216.188,6
90,5,AECI,EPE,1594965600,175.21,175.21,0
90,5,AECI,EPE,1596283200,203.337,191.964,2
90,5,AECI,EPE,1597600800,262.654,233.377,5
90,5,AECI,EPE,1598918400,225.049,202.042,4
90,5,AECI,EPE,1600236000,238.476,225.579,4
90,5,AECI,EPE,1601553600,229.893,205.368,4
90,5,AECI,EPE,1602871200,254.969,215.796,6
90,5,AECI,EPE,1604188800,251.181,243.908,4
90,5,AECI,EPE,1605506400,260.349,235.193,6
90,5,AECI,EPE,1606824000,248.301,230.791,5
90,5,AECI,EPE,1608141600,238.64,216.395,4
90,6,AECI,EPE,1577836800,171.652,171.652,0
90,6,AECI,EPE,1579154400,184.829,184.829,0
90,6,AECI,EPE,1580472000,179.08,179.08,0
90,6,AECI,EPE,1581789600,189.811,198.479,1
90,6,AECI,EPE,1583107200,177.533,177.533,0
90,6,AECI,EPE,1584424800,173.609,173.609,0
90,6,AECI,EPE,1585742400,130.078,130.078,0
90,6,AECI,EPE,1587060000,146.519,146.519,0
90,6,AECI,EPE,1588377600,154.192,154.192,0
90,6,AECI,EPE,1589695200,158.058,158.058,0
90,6,AECI,EPE,1591012800,151.782,151.782,0
90,6,AECI,EPE,1592330400,159.195,159.195,0
90,6,AECI,EPE,1593648000,183.868,183.868,0
90,6,AECI,EPE,1594965600,175.21,175.21,0
90,6,AECI,EPE,1596283200,180.832,180.832,0
90,6,AECI,EPE,1597600800,201.072,201.072,0
90,6,AECI,EPE,1598918400,180.384,180.384,0
90,6,AECI,EPE,1600236000,202.899,202.899,0
90,6,AECI,EPE,1601553600,182.573,182.573,0
90,6,AECI,EPE,1602871200,178.75,178.75,0
90,6,AECI,EPE,1604188800,219.569,219.569,0
90,6,AECI,EPE,1605506400,205.232,205.232,0
90,6,AECI,EPE,1606824000,196.187,196.187,0
90,6,AECI,EPE,1608141600,194.483,194.483,0
90,1,AECI,PACE,1577836800,171.652,171.652,0
90,1,AECI,PACE,1579154400,184.829,184.829,0
90,1,AECI,PACE,1580472000,179.08,179.08,0
90,1,AECI,PACE,1581789600,190.047,190.047,0
90,1,AECI,PACE,1583107200,177.533,177.533,0
90,1,AECI,PACE,1584424800,173.609,173.609,0
90,1,AECI,PACE,1585742400,130.078,130.078,0
90,1,AECI,PACE,1587060000,146.519,146.519,0
90,1,AECI,PACE,1588377600,154.192,154.192,0
90,1,AECI,PACE,1589695200,158.058,158.058,0
90,1,AECI,PACE,1591012800,151.782,151.782,0
90,1,AECI,PACE,1592330400,159.195,159.195,0
90,1,AECI,PACE,1593648000,183.868,183.868,0
90,1,AECI,PACE,1594965600,175.21,175.21,0
90,1,AECI,PACE,1596283200,180.832,180.832,0
90,1,AECI,PACE,1597600800,201.072,201.072,0
90,1,AECI,PACE,1598918400,180.384,180.384,0
90,1,AECI,PACE,1600236000,202.899,202.899,0
90,1,AECI,PACE,1601553600,182.573,182.573,0
90,1,AECI,PACE,1602871200,178.75,178.75,0
90,1,AECI,PACE,1604188800,219.569,219.569,0
90,1,AECI,PACE,1605506400,205.232,205.232,0
90,1,AECI,PACE,1606824000,196.187,196.187,0
90,1,AECI,PACE,1608141600,194.483,194.483,0
90,2,AECI,PACE,1577836800,195.274,182.887,2
90,2,AECI,PACE,1579154400,208.749,196.664,2
90,2,AECI,PACE,1580472000,231.712,209.359,5
90,2,AECI,PACE,1581789600,251.369,225.297,6
90,2,AECI,PACE,1583107200,215.444,199.76,4
90,2,AECI,PACE,1584424800,173.609,173.609,0
90,2,AECI,PACE,1585742400,130.078,130.078,0
90,2,AECI,PACE,1587060000,163.674,153.628,2
90,2,AECI,PACE,1588377600,187.593,173.982,4
90,2,AECI,PACE,1589695200,181.291,168.287,2
90,2,AECI,PACE,1591012800,151.782,151.782,0
90,2,AECI,PACE,1592330400,195.388,178.197,4
90,2,AECI,PACE,1593648000,249.244,216.188,6
90,2,AECI,PACE,1594965600,241.578,207.252,6
90,2,AECI,PACE,1596283200,205.186,191.964,2
90,2,AECI,PACE,1597600800,201.072,201.072,0
90,2,AECI,PACE,1598918400,180.384,180.384,0
90,2,AECI,PACE,1600236000,202.899,202.899,0
90,2,AECI,PACE,1601553600,206.78,193.407,2
90,2,AECI,PACE,1602871200,272.396,228.545,8
90,2,AECI,PACE,1604188800,243.068,232.243,2
90,2,AECI,PACE,1605506400,249.805,224.524,4
90,2,AECI,PACE,1606824000,266.181,230.791,5
90,2,AECI,PACE,1608141600,242.487,216.395,4
90,3,AECI,PACE,1577836800,208.081,182.887,2
90,3,AECI,PACE,1579154400,252.15,207.293,4
90,3,AECI,PACE,1580472000,219.207,197.902,3
90,3,AECI,PACE,1581789600,211.558,198.479,1
90,3,AECI,PACE,1583107200,221.17,186.056,1
90,3,AECI,PACE,1584424800,173.609,173.609,0
90,3,AECI,PACE,1585742400,130.078,130.078,0
90,3,AECI,PACE,1587060000,146.519,146.519,0
90,3,AECI,PACE,1588377600,191.897,161.5,1
90,3,AECI,PACE,1589695200,181.659,168.287,2
90,3,AECI,PACE,1591012800,151.782,151.782,0
90,3,AECI,PACE,1592330400,159.195,159.195,0
90,3,AECI,PACE,1593648000,227.313,191.747,1
90,3,AECI,PACE,1594965600,196.946,185.187,2
90,3,AECI,PACE,1596283200,180.832,180.832,0
90,3,AECI,PACE,1597600800,280.036,233.377,5
90,3,AECI,PACE,1598918400,206.968,191.074,2
90,3,AECI,PACE,1600236000,239.816,213.901,2
90,3,AECI,PACE,1601553600,182.573,182.573,0
90,3,AECI,PACE,1602871200,234.598,198.886,3
90,3,AECI,PACE,1604188800,296.354,243.908,4
90,3,AECI,PACE,1605506400,242.739,214.804,2
90,3,AECI,PACE,1606824000,292.81,230.791,5
90,3,AECI,PACE,1608141600,226.118,204.894,2
90,4,AECI,PACE,1577836800,171.652,171.652,0
90,4,AECI,PACE,1579154400,184.829,184.829,0
90,4,AECI,PACE,1580472000,179.08,179.08,0
90,4,AECI,PACE,1581789600,190.047,190.047,0
90,4,AECI,PACE,1583107200,177.533,177.533,0
90,4,AECI,PACE,1584424800,173.609,173.609,0
90,4,AECI,PACE,1585742400,130.078,130.078,0
90,4,AECI,PACE,1587060000,146.519,146.519,0
90,4,AECI,PACE,1588377600,154.192,154.192,0
90,4,AECI,PACE,1589695200,158.058,158.058,0
90,4,AECI,PACE,1591012800,151.782,151.782,0
90,4,AECI,PACE,1592330400,159.195,159.195,0
90,4,AECI,PACE,1593648000,183.868,183.868,0
90,4,AECI,PACE,1594965600,175.21,175.21,0
90,4,AECI,PACE,1596283200,180.832,180.832,0
90,4,AECI,PACE,1597600800,201.072,201.072,0
90,4,AECI,PACE,1598918400,180.384,180.384,0
90,4,AECI,PACE,1600236000,202.899,202.899,0
90,4,AECI,PACE,1601553600,182.573,182.573,0
90,4,AECI,PACE,1602871200,178.75,178.75,0
90,4,AECI,PACE,1604188800,219.569,219.569,0
90,4,AECI,PACE,1605506400,205.232,205.232,0
90,4,AECI,PACE,1606824000,196.187,196.187,0
90,4,AECI,PACE,1608141600,194.483,194.483,0
90,5,AECI,PACE,1577836800,195.054,182.887,2
90,5,AECI,PACE,1579154400,208.178,196.664,2
90,5,AECI,PACE,1580472000,236.627,212.953,6
90,5,AECI,PACE,1581789600,247.959,225.297,6
90,5,AECI,PACE,1583107200,213.262,199.76,4
90,5,AECI,PACE,1584424800,173.609,173.609,0
90,5,AECI,PACE,1585742400,130.078,130.078,0
90,5,AECI,PACE,1587060000,163.257,153.628,2
90,5,AECI,PACE,1588377600,183.283,173.982,4
90,5,AECI,PACE,1589695200,179.179,168.287,2
90,5,AECI,PACE,1591012800,151.782,151.782,0
90,5,AECI,PACE,1592330400,193.64,178.197,4
90,5,AECI,PACE,1593648000,247.519,216.188,6
90,5,AECI,PACE,1594965600,251.035,215.541,7
90,5,AECI,PACE,1596283200,204.599,191.964,2
90,5,AECI,PACE,1597600800,201.072,201.072,0
90,5,AECI,PACE,1598918400,180.384,180.384,0
90,5,AECI,PACE,1600236000,202.899,202.899,0
90,5,AECI,PACE,1601553600,206.057,193.407,2
90,5,AECI,PACE,1602871200,267.061,228.545,8
90,5,AECI,PACE,1604188800,242.281,232.243,2
90,5,AECI,PACE,1605506400,248.12,224.524,4
90,5,AECI,PACE,1606824000,263.937,230.791,5
90,5,AECI,PACE,1608141600,241.214,216.395,4
90,6,AECI,PACE,1577836800,171.652,171.652,0
90,6,AECI,PACE,1579154400,184.829,184.829,0
90,6,AECI,PACE,1580472000,179.08,179.08,0
90,6,AECI,PACE,1581789600,190.047,190.047,0
90,6,AECI,PACE,1583107200,177.533,177.533,0
90,6,AECI,PACE,1584424800,173.609,173.609,0
90,6,AECI,PACE,1585742400,130.078,130.078,0
90,6,AECI,PACE,1587060000,146.519,146.519,0
90,6,AECI,PACE,1588377600,157.64,161.5,1
90,6,AECI,PACE,1589695200,158.058,158.058,0
90,6,AECI,PACE,1591012800,151.782,151.782,0
90,6,AECI,PACE,1592330400,159.195,159.195,0
90,6,AECI,PACE,1593648000,183.868,183.868,0
90,6,AECI,PACE,1594965600,175.21,175.21,0
90,6,AECI,PACE,1596283200,180.832,180.832,0
90,6,AECI,PACE,1597600800,201.072,201.072,0
90,6,AECI,PACE,1598918400,180.384,180.384,0
90,6,AECI,PACE,1600236000,202.899,202.899,0
90,6,AECI,PACE,1601553600,182.573,182.573,0
90,6,AECI,PACE,1602871200,178.75,178.75,0
90,6,AECI,PACE,1604188800,219.569,219.569,0
90,6,AECI,PACE,1605506400,205.232,205.232,0
90,6,AECI,PACE,1606824000,196.187,196.187,0
90,6,AECI,PACE,1608141600,194.483,194.483,0
90,1,AECI,TEPC,1577836800,171.652,171.652,0
90,1,AECI,TEPC,1579154400,184.829,184.829,0
90,1,AECI,TEPC,1580472000,179.08,179.08,0
90,1,AECI,TEPC,1581789600,190.047,190.047,0
90,1,AECI,TEPC,1583107200,177.533,177.533,0
90,1,AECI,TEPC,1584424800,173.609,173.609,0
90,1,AECI,TEPC,1585742400,130.078,130.078,0
90,1,AECI,TEPC,1587060000,146.519,146.519,0
90,1,AECI,TEPC,1588377600,154.192,154.192,0
90,1,AECI,TEPC,1589695200,158.058,158.058,0
90,1,AECI,TEPC,1591012800,151.782,151.782,0
90,1,AECI,TEPC,1592330400,159.195,159.195,0
90,1,AECI,TEPC,1593648000,183.868,183.868,0
90,1,AECI,TEPC,1594965600,175.21,175.21,0
90,1,AECI,TEPC,1596283200,180.832,180.832,0
90,1,AECI,TEPC,1597600800,201.072,201.072,0
90,1,AECI,TEPC,1598918400,180.384,180.384,0
90,1,AECI,TEPC,1600236000,202.899,202.899,0
90,1,AECI,TEPC,1601553600,182.573,182.573,0
90,1,AECI,TEPC,1602871200,178.75,178.75,0
90,1,AECI,TEPC,1604188800,219.569,219.569,0
90,1,AECI,TEPC,1605506400,205.232,205.232,0
90,1,AECI,TEPC,1606824000,196.187,196.187,0
90,1,AECI,TEPC,1608141600,194.483,194.483,0
90,2,AECI,TEPC,1577836800,171.652,171.652,0
90,2,AECI,TEPC,1579154400,184.829,184.829,0
90,2,AECI,TEPC,1580472000,216.826,201.818,4
90,2,AECI,TEPC,1581789600,258.005,225.297,6
90,2,AECI,TEPC,1583107200,215.749,199.76,4
90,2,AECI,TEPC,1584424800,192.154,182.634,2
90,2,AECI,TEPC,1585742400,174.664,158.186,5
90,2,AECI,TEPC,1587060000,195.264,170.517,6
90,2,AECI,TEPC,1588377600,190.666,173.982,4
90,2,AECI,TEPC,1589695200,158.058,158.058,0
90,2,AECI,TEPC,1591012800,151.782,151.782,0
90,2,AECI,TEPC,1592330400,201.177,178.197,4
90,2,AECI,TEPC,1593648000,208.604,195.49,2
90,2,AECI,TEPC,1594965600,197.539,185.187,2
90,2,AECI,TEPC,1596283200,180.832,180.832,0
90,2,AECI,TEPC,1597600800,201.072,201.072,0
90,2,AECI,TEPC,1598918400,180.384,180.384,0
90,2,AECI,TEPC,1600236000,229.037,213.901,2
90,2,AECI,TEPC,1601553600,182.573,182.573,0
90,2,AECI,TEPC,1602871200,178.75,178.75,0
90,2,AECI,TEPC,1604188800,300.798,254.938,6
90,2,AECI,TEPC,1605506400,248.635,224.524,4
90,2,AECI,TEPC,1606824000,247.353,230.791,5
90,2,AECI,TEPC,1608141600,194.483,194.483,0
90,3,AECI,TEPC,1577836800,171.652,171.652,0
90,3,AECI,TEPC,1579154400,184.829,184.829,0
90,3,AECI,TEPC,1580472000,179.08,179.08,0
90,3,AECI,TEPC,1581789600,261.06,210.571,3
90,3,AECI,TEPC,1583107200,227.785,186.056,1
90,3,AECI,TEPC,1584424800,199.732,182.634,2
90,3,AECI,TEPC,1585742400,162.02,147.881,3
90,3,AECI,TEPC,1587060000,197.718,158.597,3
90,3,AECI,TEPC,1588377600,191.631,161.5,1
90,3,AECI,TEPC,1589695200,180.303,168.287,2
90,3,AECI,TEPC,1591012800,151.782,151.782,0
90,3,AECI,TEPC,1592330400,216.067,175.02,3
90,3,AECI,TEPC,1593648000,230.558,191.747,1
90,3,AECI,TEPC,1594965600,230.81,195.58,4
90,3,AECI,TEPC,1596283200,221.956,199.448,3
90,3,AECI,TEPC,1597600800,246.594,209.122,1
90,3,AECI,TEPC,1598918400,251.166,212.592,6
90,3,AECI,TEPC,1600236000,263.813,213.901,2
90,3,AECI,TEPC,1601553600,182.573,182.573,0
90,3,AECI,TEPC,1602871200,194.333,186.552,1
90,3,AECI,TEPC,1604188800,304.616,243.908,4
90,3,AECI,TEPC,1605506400,237.882,214.804,2
90,3,AECI,TEPC,1606824000,207.167,204.333,1
90,3,AECI,TEPC,1608141600,194.483,194.483,0
90,4,AECI,TEPC,1577836800,171.652,171.652,0
90,4,AECI,TEPC,1579154400,184.829,184.829,0
90,4,AECI,TEPC,1580472000,179.08,179.08,0
90,4,AECI,TEPC,1581789600,190.047,190.047,0
90,4,AECI,TEPC,1583107200,177.533,177.533,0
90,4,AECI,TEPC,1584424800,173.609,173.609,0
90,4,AECI,TEPC,1585742400,130.078,130.078,0
90,4,AECI,TEPC,1587060000,146.519,146.519,0
90,4,AECI,TEPC,1588377600,154.192,154.192,0
90,4,AECI,TEPC,1589695200,158.058,158.058,0
90,4,AECI,TEPC,1591012800,151.782,151.782,0
90,4,AECI,TEPC,1592330400,159.195,159.195,0
90,4,AECI,TEPC,1593648000,183.868,183.868,0
90,4,AECI,TEPC,1594965600,175.21,175.21,0
90,4,AECI,TEPC,1596283200,180.832,180.832,0
90,4,AECI,TEPC,1597600800,201.072,201.072,0
90,4,AECI,TEPC,1598918400,180.384,180.384,0
90,4,AECI,TEPC,1600236000,202.899,202.899,0
90,4,AECI,TEPC,1601553600,182.573,182.573,0
90,4,AECI,TEPC,1602871200,178.75,178.75,0
90,4,AECI,TEPC,1604188800,219.569,219.569,0
90,4,AECI,TEPC,1605506400,205.232,205.232,0
90,4,AECI,TEPC,1606824000,196.187,196.187,0
90,4,AECI,TEPC,1608141600,194.483,194.483,0
90,5,AECI,TEPC,1577836800,171.652,171.652,0
90,5,AECI,TEPC,1579154400,184.829,184.829,0
90,5,AECI,TEPC,1580472000,215.442,201.818,4
90,5,AECI,TEPC,1581789600,255.041,225.297,6
90,5,AECI,TEPC,1583107200,212.854,199.76,4
90,5,AECI,TEPC,1584424800,191.229,182.634,2
90,5,AECI,TEPC,1585742400,173.167,158.186,5
90,5,AECI,TEPC,1587060000,193.531,170.517,6
90,5,AECI,TEPC,1588377600,188.635,173.982,4
90,5,AECI,TEPC,1589695200,158.058,158.058,0
90,5,AECI,TEPC,1591012800,151.782,151.782,0
90,5,AECI,TEPC,1592330400,178.673,168.835,2
90,5,AECI,TEPC,1593648000,208.121,195.49,2
90,5,AECI,TEPC,1594965600,197.217,185.187,2
90,5,AECI,TEPC,1596283200,180.832,180.832,0
90,5,AECI,TEPC,1597600800,201.072,201.072,0
90,5,AECI,TEPC,1598918400,180.384,180.384,0
90,5,AECI,TEPC,1600236000,227.59,213.901,2
90,5,AECI,TEPC,1601553600,182.573,182.573,0
90,5,AECI,TEPC,1602871200,178.75,178.75,0
90,5,AECI,TEPC,1604188800,298.986,254.938,6
90,5,AECI,TEPC,1605506400,246.827,224.524,4
90,5,AECI,TEPC,1606824000,245.715,230.791,5
90,5,AECI,TEPC,1608141600,194.483,194.483,0
90,6,AECI,TEPC,1577836800,171.652,171.652,0
90,6,AECI,TEPC,1579154400,184.829,184.829,0
90,6,AECI,TEPC,1580472000,179.08,179.08,0
90,6,AECI,TEPC,1581789600,190.047,190.047,0
90,6,AECI,TEPC,1583107200,177.533,177.533,0
90,6,AECI,TEPC,1584424800,173.609,173.609,0
90,6,AECI,TEPC,1585742400,130.078,130.078,0
90,6,AECI,TEPC,1587060000,146.519,146.519,0
90,6,AECI,TEPC,1588377600,154.192,154.192,0
90,6,AECI,TEPC,1589695200,158.058,158.058,0
90,6,AECI,TEPC,1591012800,151.782,151.782,0
90,6,AECI,TEPC,1592330400,159.195,159.195,0
90,6,AECI,TEPC,1593648000,183.868,183.868,0
90,6,AECI,TEPC,1594965600,175.21,175.21,0
90,6,AECI,TEPC,1596283200,180.832,180.832,0
90,6,AECI,TEPC,1597600800,201.072,201.072,0
90,6,AECI,TEPC,1598918400,180.384,180.384,0
90,6,AECI,TEPC,1600236000,202.899,202.899,0
90,6,AECI,TEPC,1601553600,182.573,182.573,0
90,6,AECI,TEPC,1602871200,178.75,178.75,0
90,6,AECI,TEPC,1604188800,219.569,219.569,0
90,6,AECI,TEPC,1605506400,205.232,205.232,0
90,6,AECI,TEPC,1606824000,196.187,196.187,0
90,6,AECI,TEPC,1608141600,194.483,194.483,0
90,1,BANC,CISO,1577836800,76.253,76.253,0
90,1,BANC,CISO,1579154400,81.548,81.548,0
90,1,BANC,CISO,1580472000,55.83,55.83,0
90,1,BANC,CISO,1581789600,52.267,52.267,0
90,1,BANC,CISO,1583107200,52.43,52.43,0
90,1,BANC,CISO,1584424800,83.316,83.316,0
90,1,BANC,CISO,1585742400,44.33,44.33,0
90,1,BANC,CISO,1587060000,33.313,33.313,0
90,1,BANC,CISO,1588377600,42.749,42.749,0
90,1,BANC,CISO,1589695200,42.187,42.187,0
90,1,BANC,CISO,1591012800,42.378,42.378,0
90,1,BANC,CISO,1592330400,40.383,40.383,0
90,1,BANC,CISO,1593648000,37.688,37.688,0
90,1,BANC,CISO,1594965600,55.204,55.204,0
90,1,BANC,CISO,1596283200,56.684,56.684,0
90,1,BANC,CISO,1597600800,78.197,78.197,0
90,1,BANC,CISO,1598918400,75.022,75.022,0
90,1,BANC,CISO,1600236000,80.174,80.174,0
90,1,BANC,CISO,1601553600,81.036,81.036,0
90,1,BANC,CISO,1602871200,74.249,74.249,0
90,1,BANC,CISO,1604188800,87.09,87.09,0
90,1,BANC,CISO,1605506400,93.475,93.475,0
90,1,BANC,CISO,1606824000,108.643,108.643,0
90,1,BANC,CISO,1608141600,91.972,91.972,0
90,2,BANC,CISO,1577836800,85.216,80.27,2
90,2,BANC,CISO,1579154400,81.548,81.548,0
90,2,BANC,CISO,1580472000,55.83,55.83,0
90,2,BANC,CISO,1581789600,75.955,64.348,6
90,2,BANC,CISO,1583107200,59.108,55.169,2
90,2,BANC,CISO,1584424800,83.316,83.316,0
90,2,BANC,CISO,1585742400,49.931,46.548,2
90,2,BANC,CISO,1587060000,33.313,33.313,0
90,2,BANC,CISO,1588377600,57.103,49.523,6
90,2,BANC,CISO,1589695200,50.321,48.13,4
90,2,BANC,CISO,1591012800,42.378,42.378,0
90,2,BANC,CISO,1592330400,50.826,46.13,4
90,2,BANC,CISO,1593648000,42.401,39.928,2
90,2,BANC,CISO,1594965600,70.754,62.89,4
90,2,BANC,CISO,1596283200,76.49,66.809,5
90,2,BANC,CISO,1597600800,78.197,78.197,0
90,2,BANC,CISO,1598918400,93.52,83.004,4
90,2,BANC,CISO,1600236000,80.174,80.174,0
90,2,BANC,CISO,1601553600,81.036,81.036,0
90,2,BANC,CISO,1602871200,74.249,74.249,0
90,2,BANC,CISO,1604188800,96.59,90.347,2
90,2,BANC,CISO,1605506400,118.742,107.314,4
90,2,BANC,CISO,1606824000,140.768,126.374,5
90,2,BANC,CISO,1608141600,124.79,105.977,6
90,3,BANC,CISO,1577836800,86.466,80.27,2
90,3,BANC,CISO,1579154400,81.548,81.548,0
90,3,BANC,CISO,1580472000,55.83,55.83,0
90,3,BANC,CISO,1581789600,56.784,55.191,1
90,3,BANC,CISO,1583107200,59.613,55.169,2
90,3,BANC,CISO,1584424800,83.316,83.316,0
90,3,BANC,CISO,1585742400,44.33,44.33,0
90,3,BANC,CISO,1587060000,35.848,34.563,1
90,3,BANC,CISO,1588377600,64.175,47.174,4
90,3,BANC,CISO,1589695200,49.347,45.124,2
90,3,BANC,CISO,1591012800,42.378,42.378,0
90,3,BANC,CISO,1592330400,50.523,45.004,3
90,3,BANC,CISO,1593648000,43.499,39.928,2
90,3,BANC,CISO,1594965600,55.204,55.204,0
90,3,BANC,CISO,1596283200,56.684,56.684,0
90,3,BANC,CISO,1597600800,78.197,78.197,0
90,3,BANC,CISO,1598918400,96.259,83.004,4
90,3,BANC,CISO,1600236000,80.174,80.174,0
90,3,BANC,CISO,1601553600,81.036,81.036,0
90,3,BANC,CISO,1602871200,80.332,77.394,1
90,3,BANC,CISO,1604188800,87.09,87.09,0
90,3,BANC,CISO,1605506400,140.41,105.017,3
90,3,BANC,CISO,1606824000,130.663,113.865,1
90,3,BANC,CISO,1608141600,109.769,100.203,3
90,4,BANC,CISO,1577836800,76.253,76.253,0
90,4,BANC,CISO,1579154400,81.548,81.548,0
90,4,BANC,CISO,1580472000,55.83,55.83,0
90,4,BANC,CISO,1581789600,52.267,52.267,0
90,4,BANC,CISO,1583107200,52.43,52.43,0
90,4,BANC,CISO,1584424800,83.316,83.316,0
90,4,BANC,CISO,1585742400,44.33,44.33,0
90,4,BANC,CISO,1587060000,33.313,33.313,0
90,4,BANC,CISO,1588377600,42.749,42.749,0
90,4,BANC,CISO,1589695200,42.187,42.187,0
90,4,BANC,CISO,1591012800,42.378,42.378,0
90,4,BANC,CISO,1592330400,40.383,40.383,0
90,4,BANC,CISO,1593648000,37.688,37.688,0
90,4,BANC,CISO,1594965600,55.204,55.204,0
90,4,BANC,CISO,1596283200,56.684,56.684,0
90,4,BANC,CISO,1597600800,78.197,78.197,0
90,4,BANC,CISO,1598918400,75.022,75.022,0
90,4,BANC,CISO,1600236000,80.174,80.174,0
90,4,BANC,CISO,1601553600,81.036,81.036,0
90,4,BANC,CISO,1602871200,74.249,74.249,0
90,4,BANC,CISO,1604188800,87.09,87.09,0
90,4,BANC,CISO,1605506400,93.475,93.475,0
90,4,BANC,CISO,1606824000,108.643,108.643,0
90,4,BANC,CISO,1608141600,91.972,91.972,0
90,5,BANC,CISO,1577836800,84.466,80.27,2
90,5,BANC,CISO,1579154400,81.548,81.548,0
90,5,BANC,CISO,1580472000,55.83,55.83,0
90,5,BANC,CISO,1581789600,73.888,64.348,6
90,5,BANC,CISO,1583107200,58.805,55.169,2
90,5,BANC,CISO,1584424800,83.316,83.316,0
90,5,BANC,CISO,1585742400,49.387,46.548,2
90,5,BANC,CISO,1587060000,33.313,33.313,0
90,5,BANC,CISO,1588377600,47.337,47.174,4
90,5,BANC,CISO,1589695200,48.524,48.13,4
90,5,BANC,CISO,1591012800,42.378,42.378,0
90,5,BANC,CISO,1592330400,50.144,46.13,4
90,5,BANC,CISO,1593648000,42.187,39.928,2
90,5,BANC,CISO,1594965600,70.315,62.89,4
90,5,BANC,CISO,1596283200,78.61,68.171,6
90,5,BANC,CISO,1597600800,78.197,78.197,0
90,5,BANC,CISO,1598918400,92.808,83.004,4
90,5,BANC,CISO,1600236000,80.174,80.174,0
90,5,BANC,CISO,1601553600,81.036,81.036,0
90,5,BANC,CISO,1602871200,74.249,74.249,0
90,5,BANC,CISO,1604188800,96.213,90.347,2
90,5,BANC,CISO,1605506400,115.91,107.314,4
90,5,BANC,CISO,1606824000,139.453,126.374,5
90,5,BANC,CISO,1608141600,121.384,105.977,6
90,6,BANC,CISO,1577836800,76.253,76.253,0
90,6,BANC,CISO,1579154400,81.548,81.548,0
90,6,BANC,CISO,1580472000,55.83,55.83,0
90,6,BANC,CISO,1581789600,52.267,52.267,0
90,6,BANC,CISO,1583107200,52.43,52.43,0
90,6,BANC,CISO,1584424800,83.316,83.316,0
90,6,BANC,CISO,1585742400,44.33,44.33,0
90,6,BANC,CISO,1587060000,33.313,33.313,0
90,6,BANC,CISO,1588377600,43.979,44.17,1
90,6,BANC,CISO,1589695200,42.187,42.187,0
90,6,BANC,CISO,1591012800,42.378,42.378,0
90,6,BANC,CISO,1592330400,40.383,40.383,0
90,6,BANC,CISO,1593648000,37.688,37.688,0
90,6,BANC,CISO,1594965600,55.204,55.204,0
90,6,BANC,CISO,1596283200,56.684,56.684,0
90,6,BANC,CISO,1597600800,78.197,78.197,0
90,6,BANC,CISO,1598918400,75.022,75.022,0
90,6,BANC,CISO,1600236000,80.174,80.174,0
90,6,BANC,CISO,1601553600,81.036,81.036,0
90,6,BANC,CISO,1602871200,74.249,74.249,0
90,6,BANC,CISO,1604188800,87.09,87.09,0
90,6,BANC,CISO,1605506400,93.475,93.475,0
90,6,BANC,CISO,1606824000,108.643,108.643,0
90,6,BANC,CISO,1608141600,91.972,91.972,0
90,1,CISO,BANC,1577836800,130.428,130.428,0
90,1,CISO,BANC,1579154400,140.472,140.472,0
90,1,CISO,BANC,1580472000,117.952,117.952,0
90,1,CISO,BANC,1581789600,103.569,103.569,0
90,1,CISO,BANC,1583107200,104.144,104.144,0
90,1,CISO,BANC,1584424800,135.48,135.48,0
90,1,CISO,BANC,1585742400,79.732,79.732,0
90,1,CISO,BANC,1587060000,80.679,80.679,0
90,1,CISO,BANC,1588377600,56.36,56.36,0
90,1,CISO,BANC,1589695200,62.849,62.849,0
90,1,CISO,BANC,1591012800,94.687,94.687,0
90,1,CISO,BANC,1592330400,66.377,66.377,0
90,1,CISO,BANC,1593648000,73.665,73.665,0
90,1,CISO,BANC,1594965600,90.516,90.516,0
90,1,CISO,BANC,1596283200,92.419,92.419,0
90,1,CISO,BANC,1597600800,127.384,127.384,0
90,1,CISO,BANC,1598918400,110.116,110.116,0
90,1,CISO,BANC,1600236000,126.99,126.99,0
90,1,CISO,BANC,1601553600,129.978,129.978,0
90,1,CISO,BANC,1602871200,142.021,142.021,0
90,1,CISO,BANC,1604188800,143.8,143.8,0
90,1,CISO,BANC,1605506400,123.623,123.623,0
90,1,CISO,BANC,1606824000,121.375,121.375,0
90,1,CISO,BANC,1608141600,120.762,120.762,0
90,2,CISO,BANC,1577836800,94.342,147.317,3
90,2,CISO,BANC,1579154400,92.213,147.439,1
90,2,CISO,BANC,1580472000,64.648,123.407,1
90,2,CISO,BANC,1581789600,80.496,126.191,7
90,2,CISO,BANC,1583107200,64.127,117.101,3
90,2,CISO,BANC,1584424800,93.976,141.612,1
90,2,CISO,BANC,1585742400,56.496,88.01,3
90,2,CISO,BANC,1587060000,35.931,82.241,1
90,2,CISO,BANC,1588377600,53.327,67.615,5
90,2,CISO,BANC,1589695200,55.995,74.385,5
90,2,CISO,BANC,1591012800,48.415,99.409,1
90,2,CISO,BANC,1592330400,48.019,72.23,3
90,2,CISO,BANC,1593648000,46.534,83.258,3
90,2,CISO,BANC,1594965600,77.711,107.82,5
90,2,CISO,BANC,1596283200,87.184,108.974,7
90,2,CISO,BANC,1597600800,85.146,132.105,1
90,2,CISO,BANC,1598918400,101.35,130.513,5
90,2,CISO,BANC,1600236000,89.299,132.825,1
90,2,CISO,BANC,1601553600,90.081,135.594,1
90,2,CISO,BANC,1602871200,81.255,145.373,1
90,2,CISO,BANC,1604188800,104.542,159.896,3
90,2,CISO,BANC,1605506400,129.672,145.22,5
90,2,CISO,BANC,1606824000,146.853,141.925,6
90,2,CISO,BANC,1608141600,132.49,146.776,7
90,3,CISO,BANC,1577836800,85.418,136.984,1
90,3,CISO,BANC,1579154400,92.213,147.439,1
90,3,CISO,BANC,1580472000,64.648,123.407,1
90,3,CISO,BANC,1581789600,60.756,107.401,2
90,3,CISO,BANC,1583107200,57.639,108.396,1
90,3,CISO,BANC,1584424800,93.976,141.612,1
90,3,CISO,BANC,1585742400,50.357,83.754,1
90,3,CISO,BANC,1587060000,37.979,83.004,2
90,3,CISO,BANC,1588377600,61.139,62.982,3
90,3,CISO,BANC,1589695200,54.093,70.115,3
90,3,CISO,BANC,1591012800,48.415,99.409,1
90,3,CISO,BANC,1592330400,46.179,69.642,2
90,3,CISO,BANC,1593648000,46.438,83.258,3
90,3,CISO,BANC,1594965600,61.938,95.128,1
90,3,CISO,BANC,1596283200,63.404,96.285,1
90,3,CISO,BANC,1597600800,85.146,132.105,1
90,3,CISO,BANC,1598918400,90.454,122.621,3
90,3,CISO,BANC,1600236000,89.299,132.825,1
90,3,CISO,BANC,1601553600,90.081,135.594,1
90,3,CISO,BANC,1602871200,86.364,147.123,2
90,3,CISO,BANC,1604188800,94.924,149.845,1
90,3,CISO,BANC,1605506400,132.749,131.75,2
90,3,CISO,BANC,1606824000,121.375,121.375,0
90,3,CISO,BANC,1608141600,103.121,125.937,2
90,4,CISO,BANC,1577836800,85.418,136.984,1
90,4,CISO,BANC,1579154400,92.213,147.439,1
90,4,CISO,BANC,1580472000,64.648,123.407,1
90,4,CISO,BANC,1581789600,57.545,106.124,1
90,4,CISO,BANC,1583107200,57.639,108.396,1
90,4,CISO,BANC,1584424800,93.976,141.612,1
90,4,CISO,BANC,1585742400,50.357,83.754,1
90,4,CISO,BANC,1587060000,35.931,82.241,1
90,4,CISO,BANC,1588377600,45.504,58.067,1
90,4,CISO,BANC,1589695200,47.926,65.806,1
90,4,CISO,BANC,1591012800,48.415,99.409,1
90,4,CISO,BANC,1592330400,42.606,68.483,1
90,4,CISO,BANC,1593648000,41.815,76.823,1
90,4,CISO,BANC,1594965600,61.938,95.128,1
90,4,CISO,BANC,1596283200,63.404,96.285,1
90,4,CISO,BANC,1597600800,85.146,132.105,1
90,4,CISO,BANC,1598918400,81.365,114.727,1
90,4,CISO,BANC,1600236000,89.299,132.825,1
90,4,CISO,BANC,1601553600,90.081,135.594,1
90,4,CISO,BANC,1602871200,81.255,145.373,1
90,4,CISO,BANC,1604188800,94.924,149.845,1
90,4,CISO,BANC,1605506400,104.157,129.055,1
90,4,CISO,BANC,1606824000,121.375,121.375,0
90,4,CISO,BANC,1608141600,106.132,124.225,1
90,5,CISO,BANC,1577836800,93.592,147.317,3
90,5,CISO,BANC,1579154400,92.213,147.439,1
90,5,CISO,BANC,1580472000,64.648,123.407,1
90,5,CISO,BANC,1581789600,78.429,126.191,7
90,5,CISO,BANC,1583107200,63.824,117.101,3
90,5,CISO,BANC,1584424800,93.976,141.612,1
90,5,CISO,BANC,1585742400,55.952,88.01,3
90,5,CISO,BANC,1587060000,35.931,82.241,1
90,5,CISO,BANC,1588377600,50.249,67.615,5
90,5,CISO,BANC,1589695200,56.757,75.536,6
90,5,CISO,BANC,1591012800,48.415,99.409,1
90,5,CISO,BANC,1592330400,47.337,72.23,3
90,5,CISO,BANC,1593648000,46.321,83.258,3
90,5,CISO,BANC,1594965600,77.272,107.82,5
90,5,CISO,BANC,1596283200,85.745,108.974,7
90,5,CISO,BANC,1597600800,85.146,132.105,1
90,5,CISO,BANC,1598918400,100.637,130.513,5
90,5,CISO,BANC,1600236000,89.299,132.825,1
90,5,CISO,BANC,1601553600,90.081,135.594,1
90,5,CISO,BANC,1602871200,81.255,145.373,1
90,5,CISO,BANC,1604188800,104.165,159.896,3
90,5,CISO,BANC,1605506400,126.841,145.22,5
90,5,CISO,BANC,1606824000,145.538,141.925,6
90,5,CISO,BANC,1608141600,118.326,137.728,5
90,6,CISO,BANC,1577836800,85.418,136.984,1
90,6,CISO,BANC,1579154400,92.213,147.439,1
90,6,CISO,BANC,1580472000,64.648,123.407,1
90,6,CISO,BANC,1581789600,57.545,106.124,1
90,6,CISO,BANC,1583107200,57.639,108.396,1
90,6,CISO,BANC,1584424800,93.976,141.612,1
90,6,CISO,BANC,1585742400,50.357,83.754,1
90,6,CISO,BANC,1587060000,35.931,82.241,1
90,6,CISO,BANC,1588377600,46.839,59.593,2
90,6,CISO,BANC,1589695200,47.926,65.806,1
90,6,CISO,BANC,1591012800,48.415,99.409,1
90,6,CISO,BANC,1592330400,42.606,68.483,1
90,6,CISO,BANC,1593648000,41.815,76.823,1
90,6,CISO,BANC,1594965600,61.938,95.128,1
90,6,CISO,BANC,1596283200,63.404,96.285,1
90,6,CISO,BANC,1597600800,85.146,132.105,1
90,6,CISO,BANC,1598918400,81.365,114.727,1
90,6,CISO,BANC,1600236000,89.299,132.825,1
90,6,CISO,BANC,1601553600,90.081,135.594,1
90,6,CISO,BANC,1602871200,81.255,145.373,1
90,6,CISO,BANC,1604188800,94.924,149.845,1
90,6,CISO,BANC,1605506400,104.157,129.055,1
90,6,CISO,BANC,1606824000,118.18,127.209,1
90,6,CISO,BANC,1608141600,98.82,124.225,1
90,1,EPE,AECI,1577836800,202.093,202.093,0
90,1,EPE,AECI,1579154400,207.289,207.289,0
90,1,EPE,AECI,1580472000,181.504,181.504,0
90,1,EPE,AECI,1581789600,175.974,175.974,0
90,1,EPE,AECI,1583107200,202.541,202.541,0
90,1,EPE,AECI,1584424800,204.307,204.307,0
90,1,EPE,AECI,1585742400,164.605,164.605,0
90,1,EPE,AECI,1587060000,171.684,171.684,0
90,1,EPE,AECI,1588377600,183.602,183.602,0
90,1,EPE,AECI,1589695200,189.282,189.282,0
90,1,EPE,AECI,1591012800,195.852,195.852,0
90,1,EPE,AECI,1592330400,195.157,195.157,0
90,1,EPE,AECI,1593648000,198.016,198.016,0
90,1,EPE,AECI,1594965600,209.436,209.436,0
90,1,EPE,AECI,1596283200,204.715,204.715,0
90,1,EPE,AECI,1597600800,214.763,214.763,0
90,1,EPE,AECI,1598918400,203.471,203.471,0
90,1,EPE,AECI,1600236000,199.728,199.728,0
90,1,EPE,AECI,1601553600,220.07,220.07,0
90,1,EPE,AECI,1602871200,223.978,223.978,0
90,1,EPE,AECI,1604188800,214.945,214.945,0
90,1,EPE,AECI,1605506400,203.959,203.959,0
90,1,EPE,AECI,1606824000,198.83,198.83,0
90,1,EPE,AECI,1608141600,215.454,215.454,0
90,2,EPE,AECI,1577836800,210.087,224.821,3
90,2,EPE,AECI,1579154400,244.506,245.031,5
90,2,EPE,AECI,1580472000,235.779,215.813,6
90,2,EPE,AECI,1581789600,253.173,217.325,7
90,2,EPE,AECI,1583107200,233.082,238.601,5
90,2,EPE,AECI,1584424800,207.733,224.272,3
90,2,EPE,AECI,1585742400,151.444,175.019,2
90,2,EPE,AECI,1587060000,171.907,187.737,3
90,2,EPE,AECI,1588377600,204.631,214.544,5
90,2,EPE,AECI,1589695200,193.124,212.152,3
90,2,EPE,AECI,1591012800,167.102,204.385,1
90,2,EPE,AECI,1592330400,171.259,202.922,1
90,2,EPE,AECI,1593648000,264.916,246.475,7
90,2,EPE,AECI,1594965600,190.072,218.743,1
90,2,EPE,AECI,1596283200,219.043,225.461,3
90,2,EPE,AECI,1597600800,274.668,251.026,6
90,2,EPE,AECI,1598918400,238.9,238.999,5
90,2,EPE,AECI,1600236000,256.409,237.303,5
90,2,EPE,AECI,1601553600,247.89,255.173,5
90,2,EPE,AECI,1602871200,273.989,273.461,7
90,2,EPE,AECI,1604188800,266.841,251.184,5
90,2,EPE,AECI,1605506400,277.315,250.023,7
90,2,EPE,AECI,1606824000,261.302,236.392,6
90,2,EPE,AECI,1608141600,229.664,236.37,3
90,3,EPE,AECI,1577836800,202.093,202.093,0
90,3,EPE,AECI,1579154400,207.289,207.289,0
90,3,EPE,AECI,1580472000,190.924,193.983,2
90,3,EPE,AECI,1581789600,175.974,175.974,0
90,3,EPE,AECI,1583107200,202.541,202.541,0
90,3,EPE,AECI,1584424800,209.774,212.501,1
90,3,EPE,AECI,1585742400,166.639,175.019,2
90,3,EPE,AECI,1587060000,171.684,171.684,0
90,3,EPE,AECI,1588377600,183.602,183.602,0
90,3,EPE,AECI,1589695200,200.87,198.114,1
90,3,EPE,AECI,1591012800,176.13,208.18,2
90,3,EPE,AECI,1592330400,195.883,214.635,3
90,3,EPE,AECI,1593648000,198.016,198.016,0
90,3,EPE,AECI,1594965600,232.565,232.831,3
90,3,EPE,AECI,1596283200,215.172,217.727,2
90,3,EPE,AECI,1597600800,214.763,214.763,0
90,3,EPE,AECI,1598918400,249.262,229.925,4
90,3,EPE,AECI,1600236000,199.728,199.728,0
90,3,EPE,AECI,1601553600,209.703,230.255,1
90,3,EPE,AECI,1602871200,207.93,236.912,2
90,3,EPE,AECI,1604188800,214.945,214.945,0
90,3,EPE,AECI,1605506400,210.906,212.743,1
90,3,EPE,AECI,1606824000,223.074,212.384,2
90,3,EPE,AECI,1608141600,261.745,241.039,4
90,4,EPE,AECI,1577836800,189.027,211.05,1
90,4,EPE,AECI,1579154400,207.289,207.289,0
90,4,EPE,AECI,1580472000,181.504,181.504,0
90,4,EPE,AECI,1581789600,175.974,175.974,0
90,4,EPE,AECI,1583107200,202.541,202.541,0
90,4,EPE,AECI,1584424800,204.307,204.307,0
90,4,EPE,AECI,1585742400,142.941,171.887,1
90,4,EPE,AECI,1587060000,155.558,177.835,1
90,4,EPE,AECI,1588377600,177.582,191.138,1
90,4,EPE,AECI,1589695200,173.029,198.114,1
90,4,EPE,AECI,1591012800,167.102,204.385,1
90,4,EPE,AECI,1592330400,172.792,202.922,1
90,4,EPE,AECI,1593648000,198.016,198.016,0
90,4,EPE,AECI,1594965600,209.436,209.436,0
90,4,EPE,AECI,1596283200,204.715,204.715,0
90,4,EPE,AECI,1597600800,214.763,214.763,0
90,4,EPE,AECI,1598918400,203.471,203.471,0
90,4,EPE,AECI,1600236000,199.728,199.728,0
90,4,EPE,AECI,1601553600,214.282,230.255,1
90,4,EPE,AECI,1602871200,193.375,232.656,1
90,4,EPE,AECI,1604188800,214.945,214.945,0
90,4,EPE,AECI,1605506400,203.959,203.959,0
90,4,EPE,AECI,1606824000,198.83,198.83,0
90,4,EPE,AECI,1608141600,215.454,215.454,0
90,5,EPE,AECI,1577836800,209.789,224.821,3
90,5,EPE,AECI,1579154400,243.317,245.031,5
90,5,EPE,AECI,1580472000,234.722,215.813,6
90,5,EPE,AECI,1581789600,251.665,217.325,7
90,5,EPE,AECI,1583107200,231.538,238.601,5
90,5,EPE,AECI,1584424800,207.22,224.272,3
90,5,EPE,AECI,1585742400,151.555,175.019,2
90,5,EPE,AECI,1587060000,170.845,187.737,3
90,5,EPE,AECI,1588377600,202.806,214.544,5
90,5,EPE,AECI,1589695200,192.57,212.152,3
90,5,EPE,AECI,1591012800,167.102,204.385,1
90,5,EPE,AECI,1592330400,171.152,202.922,1
90,5,EPE,AECI,1593648000,262.86,246.475,7
90,5,EPE,AECI,1594965600,190.072,218.743,1
90,5,EPE,AECI,1596283200,218.591,225.461,3
90,5,EPE,AECI,1597600800,273.25,251.026,6
90,5,EPE,AECI,1598918400,238.355,238.999,5
90,5,EPE,AECI,1600236000,265.269,241.673,6
90,5,EPE,AECI,1601553600,246.776,255.173,5
90,5,EPE,AECI,1602871200,270.3,273.461,7
90,5,EPE,AECI,1604188800,265.404,251.184,5
90,5,EPE,AECI,1605506400,282.843,253.685,8
90,5,EPE,AECI,1606824000,259.019,236.392,6
90,5,EPE,AECI,1608141600,227.79,236.37,3
90,6,EPE,AECI,1577836800,185.626,211.05,1
90,6,EPE,AECI,1579154400,199.67,216.32,1
90,6,EPE,AECI,1580472000,184.266,189.855,1
90,6,EPE,AECI,1581789600,175.974,175.974,0
90,6,EPE,AECI,1583107200,192.94,211.425,1
90,6,EPE,AECI,1584424800,187.778,212.501,1
90,6,EPE,AECI,1585742400,142.941,171.887,1
90,6,EPE,AECI,1587060000,155.558,177.835,1
90,6,EPE,AECI,1588377600,166.867,191.138,1
90,6,EPE,AECI,1589695200,173.029,198.114,1
90,6,EPE,AECI,1591012800,167.102,204.385,1
90,6,EPE,AECI,1592330400,171.119,202.922,1
90,6,EPE,AECI,1593648000,198.075,206.31,1
90,6,EPE,AECI,1594965600,190.072,218.743,1
90,6,EPE,AECI,1596283200,195.933,213.686,1
90,6,EPE,AECI,1597600800,215.532,222.614,1
90,6,EPE,AECI,1598918400,193.83,212.166,1
90,6,EPE,AECI,1600236000,199.728,199.728,0
90,6,EPE,AECI,1601553600,198.471,230.255,1
90,6,EPE,AECI,1602871200,193.375,232.656,1
90,6,EPE,AECI,1604188800,214.945,214.945,0
90,6,EPE,AECI,1605506400,203.959,203.959,0
90,6,EPE,AECI,1606824000,198.83,198.83,0
90,6,EPE,AECI,1608141600,207.392,223.802,1
90,1,EPE,PSCO,1577836800,202.093,202.093,0
90,1,EPE,PSCO,1579154400,207.289,207.289,0
90,1,EPE,PSCO,1580472000,181.504,181.504,0
90,1,EPE,PSCO,1581789600,175.974,175.974,0
90,1,EPE,PSCO,1583107200,202.541,202.541,0
90,1,EPE,PSCO,1584424800,204.307,204.307,0
90,1,EPE,PSCO,1585742400,164.605,164.605,0
90,1,EPE,PSCO,1587060000,171.684,171.684,0
90,1,EPE,PSCO,1588377600,183.602,183.602,0
90,1,EPE,PSCO,1589695200,189.282,189.282,0
90,1,EPE,PSCO,1591012800,195.852,195.852,0
90,1,EPE,PSCO,1592330400,195.157,195.157,0
90,1,EPE,PSCO,1593648000,198.016,198.016,0
90,1,EPE,PSCO,1594965600,209.436,209.436,0
90,1,EPE,PSCO,1596283200,204.715,204.715,0
90,1,EPE,PSCO,1597600800,214.763,214.763,0
90,1,EPE,PSCO,1598918400,203.471,203.471,0
90,1,EPE,PSCO,1600236000,199.728,199.728,0
90,1,EPE,PSCO,1601553600,220.07,220.07,0
90,1,EPE,PSCO,1602871200,223.978,223.978,0
90,1,EPE,PSCO,1604188800,214.945,214.945,0
90,1,EPE,PSCO,1605506400,203.959,203.959,0
90,1,EPE,PSCO,1606824000,198.83,198.83,0
90,1,EPE,PSCO,1608141600,215.454,215.454,0
90,2,EPE,PSCO,1577836800,244.13,229.494,4
90,2,EPE,PSCO,1579154400,231.333,245.031,5
90,2,EPE,PSCO,1580472000,252.818,225.872,8
90,2,EPE,PSCO,1581789600,218.467,196.183,4
90,2,EPE,PSCO,1583107200,266.082,242.975,6
90,2,EPE,PSCO,1584424800,248.598,228.26,4
90,2,EPE,PSCO,1585742400,182.574,175.019,2
90,2,EPE,PSCO,1587060000,191.611,181.096,2
90,2,EPE,PSCO,1588377600,253.204,226.248,7
90,2,EPE,PSCO,1589695200,196.57,212.152,3
90,2,EPE,PSCO,1591012800,247.936,219.539,4
90,2,EPE,PSCO,1592330400,222.264,218.62,4
90,2,EPE,PSCO,1593648000,235.027,232.445,5
90,2,EPE,PSCO,1594965600,279.234,251.239,6
90,2,EPE,PSCO,1596283200,247.81,236.944,5
90,2,EPE,PSCO,1597600800,235.77,238.396,4
90,2,EPE,PSCO,1598918400,240.98,225.468,3
90,2,EPE,PSCO,1600236000,242.125,241.673,6
90,2,EPE,PSCO,1601553600,279.739,267.74,7
90,2,EPE,PSCO,1602871200,289.679,273.461,7
90,2,EPE,PSCO,1604188800,317.39,270.658,8
90,2,EPE,PSCO,1605506400,249.554,238.196,5
90,2,EPE,PSCO,1606824000,160.938,208.024,1
90,2,EPE,PSCO,1608141600,185.505,223.802,1
90,3,EPE,PSCO,1577836800,251.633,229.494,4
90,3,EPE,PSCO,1579154400,181.579,216.32,1
90,3,EPE,PSCO,1580472000,179.72,189.855,1
90,3,EPE,PSCO,1581789600,195.744,185.713,2
90,3,EPE,PSCO,1583107200,209.671,211.425,1
90,3,EPE,PSCO,1584424800,227.455,216.382,2
90,3,EPE,PSCO,1585742400,164.605,164.605,0
90,3,EPE,PSCO,1587060000,171.684,171.684,0
90,3,EPE,PSCO,1588377600,183.602,183.602,0
90,3,EPE,PSCO,1589695200,186.262,198.114,1
90,3,EPE,PSCO,1591012800,195.852,195.852,0
90,3,EPE,PSCO,1592330400,203.086,206.819,2
90,3,EPE,PSCO,1593648000,217.087,219.078,3
90,3,EPE,PSCO,1594965600,221.792,218.743,1
90,3,EPE,PSCO,1596283200,214.443,213.686,1
90,3,EPE,PSCO,1597600800,211.582,226.498,2
90,3,EPE,PSCO,1598918400,203.471,203.471,0
90,3,EPE,PSCO,1600236000,187.863,208.783,1
90,3,EPE,PSCO,1601553600,210.679,230.255,1
90,3,EPE,PSCO,1602871200,229.383,236.912,2
90,3,EPE,PSCO,1604188800,214.945,214.945,0
90,3,EPE,PSCO,1605506400,215.879,212.743,1
90,3,EPE,PSCO,1606824000,160.938,208.024,1
90,3,EPE,PSCO,1608141600,185.505,223.802,1
90,4,EPE,PSCO,1577836800,202.093,202.093,0
90,4,EPE,PSCO,1579154400,181.579,216.32,1
90,4,EPE,PSCO,1580472000,181.504,181.504,0
90,4,EPE,PSCO,1581789600,175.974,175.974,0
90,4,EPE,PSCO,1583107200,202.541,202.541,0
90,4,EPE,PSCO,1584424800,204.307,204.307,0
90,4,EPE,PSCO,1585742400,164.605,164.605,0
90,4,EPE,PSCO,1587060000,171.684,171.684,0
90,4,EPE,PSCO,1588377600,183.602,183.602,0
90,4,EPE,PSCO,1589695200,176.56,198.114,1
90,4,EPE,PSCO,1591012800,195.852,195.852,0
90,4,EPE,PSCO,1592330400,195.157,195.157,0
90,4,EPE,PSCO,1593648000,198.016,198.016,0
90,4,EPE,PSCO,1594965600,209.436,209.436,0
90,4,EPE,PSCO,1596283200,204.623,213.686,1
90,4,EPE,PSCO,1597600800,214.763,214.763,0
90,4,EPE,PSCO,1598918400,203.471,203.471,0
90,4,EPE,PSCO,1600236000,199.728,199.728,0
90,4,EPE,PSCO,1601553600,220.07,220.07,0
90,4,EPE,PSCO,1602871200,223.978,223.978,0
90,4,EPE,PSCO,1604188800,214.945,214.945,0
90,4,EPE,PSCO,1605506400,203.959,203.959,0
90,4,EPE,PSCO,1606824000,160.938,208.024,1
90,4,EPE,PSCO,1608141600,198.883,223.802,1
90,5,EPE,PSCO,1577836800,257.125,238.765,5
90,5,EPE,PSCO,1579154400,228.039,245.031,5
90,5,EPE,PSCO,1580472000,250.327,225.872,8
90,5,EPE,PSCO,1581789600,217.049,196.183,4
90,5,EPE,PSCO,1583107200,263.314,242.975,6
90,5,EPE,PSCO,1584424800,247.874,228.26,4
90,5,EPE,PSCO,1585742400,180.041,175.019,2
90,5,EPE,PSCO,1587060000,190.693,181.096,2
90,5,EPE,PSCO,1588377600,250.054,226.248,7
90,5,EPE,PSCO,1589695200,194.978,212.152,3
90,5,EPE,PSCO,1591012800,219.838,208.18,2
90,5,EPE,PSCO,1592330400,219.862,218.62,4
90,5,EPE,PSCO,1593648000,233.852,232.445,5
90,5,EPE,PSCO,1594965600,277.077,251.239,6
90,5,EPE,PSCO,1596283200,247.485,236.944,5
90,5,EPE,PSCO,1597600800,234.762,238.396,4
90,5,EPE,PSCO,1598918400,239.345,225.468,3
90,5,EPE,PSCO,1600236000,239.33,241.673,6
90,5,EPE,PSCO,1601553600,286.716,272.106,8
90,5,EPE,PSCO,1602871200,286.62,273.461,7
90,5,EPE,PSCO,1604188800,314.858,270.658,8
90,5,EPE,PSCO,1605506400,247.621,238.196,5
90,5,EPE,PSCO,1606824000,160.938,208.024,1
90,5,EPE,PSCO,1608141600,185.505,223.802,1
90,6,EPE,PSCO,1577836800,202.093,202.093,0
90,6,EPE,PSCO,1579154400,181.579,216.32,1
90,6,EPE,PSCO,1580472000,179.72,189.855,1
90,6,EPE,PSCO,1581789600,175.974,175.974,0
90,6,EPE,PSCO,1583107200,202.541,202.541,0
90,6,EPE,PSCO,1584424800,204.307,204.307,0
90,6,EPE,PSCO,1585742400,164.605,164.605,0
90,6,EPE,PSCO,1587060000,171.684,171.684,0
90,6,EPE,PSCO,1588377600,183.602,183.602,0
90,6,EPE,PSCO,1589695200,186.262,198.114,1
90,6,EPE,PSCO,1591012800,195.852,195.852,0
90,6,EPE,PSCO,1592330400,193.312,202.922,1
90,6,EPE,PSCO,1593648000,194.434,206.31,1
90,6,EPE,PSCO,1594965600,209.436,209.436,0
90,6,EPE,PSCO,1596283200,208.719,213.686,1
90,6,EPE,PSCO,1597600800,204.713,222.614,1
90,6,EPE,PSCO,1598918400,203.471,203.471,0
90,6,EPE,PSCO,1600236000,187.863,208.783,1
90,6,EPE,PSCO,1601553600,210.679,230.255,1
90,6,EPE,PSCO,1602871200,220.79,232.656,1
90,6,EPE,PSCO,1604188800,214.945,214.945,0
90,6,EPE,PSCO,1605506400,203.959,203.959,0
90,6,EPE,PSCO,1606824000,160.938,208.024,1
90,6,EPE,PSCO,1608141600,185.505,223.802,1
90,1,PACE,AECI,1577836800,222.045,222.045,0
90,1,PACE,AECI,1579154400,234.433,234.433,0
90,1,PACE,AECI,1580472000,198.311,198.311,0
90,1,PACE,AECI,1581789600,196.827,196.827,0
90,1,PACE,AECI,1583107200,208.975,208.975,0
90,1,PACE,AECI,1584424800,252.452,252.452,0
90,1,PACE,AECI,1585742400,225.822,225.822,0
90,1,PACE,AECI,1587060000,224.401,224.401,0
90,1,PACE,AECI,1588377600,195.688,195.688,0
90,1,PACE,AECI,1589695200,218.514,218.514,0
90,1,PACE,AECI,1591012800,230.978,230.978,0
90,1,PACE,AECI,1592330400,200.767,200.767,0
90,1,PACE,AECI,1593648000,211.4,211.4,0
90,1,PACE,AECI,1594965600,197.864,197.864,0
90,1,PACE,AECI,1596283200,232.915,232.915,0
90,1,PACE,AECI,1597600800,252.895,252.895,0
90,1,PACE,AECI,1598918400,239.903,239.903,0
90,1,PACE,AECI,1600236000,257.912,257.912,0
90,1,PACE,AECI,1601553600,250.583,250.583,0
90,1,PACE,AECI,1602871200,211.548,211.548,0
90,1,PACE,AECI,1604188800,258.098,258.098,0
90,1,PACE,AECI,1605506400,230.758,230.758,0
90,1,PACE,AECI,1606824000,241.036,241.036,0
90,1,PACE,AECI,1608141600,221.431,221.431,0
90,2,PACE,AECI,1577836800,210.312,246.206,3
90,2,PACE,AECI,1579154400,225.979,258.934,3
90,2,PACE,AECI,1580472000,255.253,241.102,7
90,2,PACE,AECI,1581789600,240.749,230.253,5
90,2,PACE,AECI,1583107200,231.795,244.249,5
90,2,PACE,AECI,1584424800,190.81,264.664,1
90,2,PACE,AECI,1585742400,145.815,236.136,1
90,2,PACE,AECI,1587060000,176.475,244.055,3
90,2,PACE,AECI,1588377600,200.432,226.97,5
90,2,PACE,AECI,1589695200,198.332,241.971,3
90,2,PACE,AECI,1591012800,168.834,241.566,1
90,2,PACE,AECI,1592330400,185.747,223.703,3
90,2,PACE,AECI,1593648000,239.291,250.934,5
90,2,PACE,AECI,1594965600,266.684,254.082,8
90,2,PACE,AECI,1596283200,222.525,255.973,3
90,2,PACE,AECI,1597600800,217.54,262.641,1
90,2,PACE,AECI,1598918400,195.922,248.814,1
90,2,PACE,AECI,1600236000,220.873,268.524,1
90,2,PACE,AECI,1601553600,226.71,277.847,3
90,2,PACE,AECI,1602871200,287.463,272.588,9
90,2,PACE,AECI,1604188800,260.276,284.228,3
90,2,PACE,AECI,1605506400,264.48,268.877,5
90,2,PACE,AECI,1606824000,280.22,283.191,6
90,2,PACE,AECI,1608141600,257.7,260.94,5
90,3,PACE,AECI,1577836800,221.401,246.206,3
90,3,PACE,AECI,1579154400,245.629,258.934,3
90,3,PACE,AECI,1580472000,206.167,211.457,2
90,3,PACE,AECI,1581789600,196.827,196.827,0
90,3,PACE,AECI,1583107200,208.975,208.975,0
90,3,PACE,AECI,1584424800,190.81,264.664,1
90,3,PACE,AECI,1585742400,145.815,236.136,1
90,3,PACE,AECI,1587060000,159.232,232.124,1
90,3,PACE,AECI,1588377600,220.754,215.258,3
90,3,PACE,AECI,1589695200,197.19,241.971,3
90,3,PACE,AECI,1591012800,168.834,241.566,1
90,3,PACE,AECI,1592330400,170.547,209.922,1
90,3,PACE,AECI,1593648000,211.4,211.4,0
90,3,PACE,AECI,1594965600,197.632,208.244,1
90,3,PACE,AECI,1596283200,198.017,243.136,1
90,3,PACE,AECI,1597600800,293.954,297.063,6
90,3,PACE,AECI,1598918400,221.998,263.093,3
90,3,PACE,AECI,1600236000,253.53,285.602,3
90,3,PACE,AECI,1601553600,201.487,262.744,1
90,3,PACE,AECI,1602871200,256.834,233.838,4
90,3,PACE,AECI,1604188800,286.518,284.228,3
90,3,PACE,AECI,1605506400,232.726,239.826,1
90,3,PACE,AECI,1606824000,283.253,269.88,4
90,3,PACE,AECI,1608141600,216.416,231.251,1
90,4,PACE,AECI,1577836800,186.2,231.404,1
90,4,PACE,AECI,1579154400,202.885,244.419,1
90,4,PACE,AECI,1580472000,195.301,207.039,1
90,4,PACE,AECI,1581789600,207.488,204.537,1
90,4,PACE,AECI,1583107200,196.222,217.474,1
90,4,PACE,AECI,1584424800,190.81,264.664,1
90,4,PACE,AECI,1585742400,145.815,236.136,1
90,4,PACE,AECI,1587060000,159.232,232.124,1
90,4,PACE,AECI,1588377600,169.154,202.184,1
90,4,PACE,AECI,1589695200,175.518,228.222,1
90,4,PACE,AECI,1591012800,168.834,241.566,1
90,4,PACE,AECI,1592330400,188.18,209.922,1
90,4,PACE,AECI,1593648000,225.874,220.744,1
90,4,PACE,AECI,1594965600,193.769,208.244,1
90,4,PACE,AECI,1596283200,198.017,243.136,1
90,4,PACE,AECI,1597600800,217.54,262.641,1
90,4,PACE,AECI,1598918400,195.922,248.814,1
90,4,PACE,AECI,1600236000,220.873,268.524,1
90,4,PACE,AECI,1601553600,201.487,262.744,1
90,4,PACE,AECI,1602871200,211.548,211.548,0
90,4,PACE,AECI,1604188800,252.538,268.458,1
90,4,PACE,AECI,1605506400,235.188,239.826,1
90,4,PACE,AECI,1606824000,214.016,251.093,1
90,4,PACE,AECI,1608141600,216.331,231.251,1
90,5,PACE,AECI,1577836800,210.092,246.206,3
90,5,PACE,AECI,1579154400,225.407,258.934,3
90,5,PACE,AECI,1580472000,251.029,241.102,7
90,5,PACE,AECI,1581789600,237.34,230.253,5
90,5,PACE,AECI,1583107200,229.613,244.249,5
90,5,PACE,AECI,1584424800,190.81,264.664,1
90,5,PACE,AECI,1585742400,145.815,236.136,1
90,5,PACE,AECI,1587060000,176.058,244.055,3
90,5,PACE,AECI,1588377600,196.123,226.97,5
90,5,PACE,AECI,1589695200,196.22,241.971,3
90,5,PACE,AECI,1591012800,168.834,241.566,1
90,5,PACE,AECI,1592330400,183.998,223.703,3
90,5,PACE,AECI,1593648000,236.037,250.934,5
90,5,PACE,AECI,1594965600,276.071,262.558,9
90,5,PACE,AECI,1596283200,221.938,255.973,3
90,5,PACE,AECI,1597600800,217.54,262.641,1
90,5,PACE,AECI,1598918400,195.922,248.814,1
90,5,PACE,AECI,1600236000,220.873,268.524,1
90,5,PACE,AECI,1601553600,225.987,277.847,3
90,5,PACE,AECI,1602871200,256.989,257.488,7
90,5,PACE,AECI,1604188800,259.489,284.228,3
90,5,PACE,AECI,1605506400,262.795,268.877,5
90,5,PACE,AECI,1606824000,292.858,291.893,7
90,5,PACE,AECI,1608141600,230.631,245.807,3
90,6,PACE,AECI,1577836800,186.2,231.404,1
90,6,PACE,AECI,1579154400,202.885,244.419,1
90,6,PACE,AECI,1580472000,193.406,207.039,1
90,6,PACE,AECI,1581789600,200.214,204.537,1
90,6,PACE,AECI,1583107200,196.222,217.474,1
90,6,PACE,AECI,1584424800,190.81,264.664,1
90,6,PACE,AECI,1585742400,145.815,236.136,1
90,6,PACE,AECI,1587060000,159.232,232.124,1
90,6,PACE,AECI,1588377600,169.633,206.522,2
90,6,PACE,AECI,1589695200,175.518,228.222,1
90,6,PACE,AECI,1591012800,168.834,241.566,1
90,6,PACE,AECI,1592330400,170.547,209.922,1
90,6,PACE,AECI,1593648000,196.465,220.744,1
90,6,PACE,AECI,1594965600,188.73,208.244,1
90,6,PACE,AECI,1596283200,198.017,243.136,1
90,6,PACE,AECI,1597600800,217.54,262.641,1
90,6,PACE,AECI,1598918400,195.922,248.814,1
90,6,PACE,AECI,1600236000,220.873,268.524,1
90,6,PACE,AECI,1601553600,201.487,262.744,1
90,6,PACE,AECI,1602871200,192.479,218.893,1
90,6,PACE,AECI,1604188800,237.474,268.458,1
90,6,PACE,AECI,1605506400,219.143,239.826,1
90,6,PACE,AECI,1606824000,214.016,251.093,1
90,6,PACE,AECI,1608141600,208.092,231.251,1
90,1,PACE,PSCO,1577836800,222.045,222.045,0
90,1,PACE,PSCO,1579154400,234.433,234.433,0
90,1,PACE,PSCO,1580472000,198.311,198.311,0
90,1,PACE,PSCO,1581789600,196.827,196.827,0
90,1,PACE,PSCO,1583107200,208.975,208.975,0
90,1,PACE,PSCO,1584424800,252.452,252.452,0
90,1,PACE,PSCO,1585742400,225.822,225.822,0
90,1,PACE,PSCO,1587060000,224.401,224.401,0
90,1,PACE,PSCO,1588377600,195.688,195.688,0
90,1,PACE,PSCO,1589695200,218.514,218.514,0
90,1,PACE,PSCO,1591012800,230.978,230.978,0
90,1,PACE,PSCO,1592330400,200.767,200.767,0
90,1,PACE,PSCO,1593648000,211.4,211.4,0
90,1,PACE,PSCO,1594965600,197.864,197.864,0
90,1,PACE,PSCO,1596283200,232.915,232.915,0
90,1,PACE,PSCO,1597600800,252.895,252.895,0
90,1,PACE,PSCO,1598918400,239.903,239.903,0
90,1,PACE,PSCO,1600236000,257.912,257.912,0
90,1,PACE,PSCO,1601553600,250.583,250.583,0
90,1,PACE,PSCO,1602871200,211.548,211.548,0
90,1,PACE,PSCO,1604188800,258.098,258.098,0
90,1,PACE,PSCO,1605506400,230.758,230.758,0
90,1,PACE,PSCO,1606824000,241.036,241.036,0
90,1,PACE,PSCO,1608141600,221.431,221.431,0
90,2,PACE,PSCO,1577836800,299.671,277.279,7
90,2,PACE,PSCO,1579154400,235.853,273.224,5
90,2,PACE,PSCO,1580472000,246.608,241.102,7
90,2,PACE,PSCO,1581789600,279.557,246.314,7
90,2,PACE,PSCO,1583107200,342.239,284.038,12
90,2,PACE,PSCO,1584424800,268.444,282.259,3
90,2,PACE,PSCO,1585742400,272.964,264.498,6
90,2,PACE,PSCO,1587060000,299.567,274.137,7
90,2,PACE,PSCO,1588377600,252.358,238.611,7
90,2,PACE,PSCO,1589695200,206.051,241.971,3
90,2,PACE,PSCO,1591012800,269.536,259.337,4
90,2,PACE,PSCO,1592330400,214.414,228.339,4
90,2,PACE,PSCO,1593648000,231.505,250.934,5
90,2,PACE,PSCO,1594965600,325.35,266.768,10
90,2,PACE,PSCO,1596283200,260.861,269.378,5
90,2,PACE,PSCO,1597600800,206.721,262.641,1
90,2,PACE,PSCO,1598918400,319.453,296.33,7
90,2,PACE,PSCO,1600236000,191.349,268.524,1
90,2,PACE,PSCO,1601553600,263.72,292.107,5
90,2,PACE,PSCO,1602871200,253.467,243.066,5
90,2,PACE,PSCO,1604188800,270.353,284.228,3
90,2,PACE,PSCO,1605506400,260.356,268.877,5
90,2,PACE,PSCO,1606824000,163.889,251.093,1
90,2,PACE,PSCO,1608141600,186.206,231.251,1
90,3,PACE,PSCO,1577836800,228.009,236.183,2
90,3,PACE,PSCO,1579154400,184.795,244.419,1
90,3,PACE,PSCO,1580472000,180.244,207.039,1
90,3,PACE,PSCO,1581789600,208.286,204.537,1
90,3,PACE,PSCO,1583107200,237.127,230.78,3
90,3,PACE,PSCO,1584424800,238.622,264.664,1
90,3,PACE,PSCO,1585742400,213.267,236.136,1
90,3,PACE,PSCO,1587060000,235.832,236.003,2
90,3,PACE,PSCO,1588377600,215.054,215.258,3
90,3,PACE,PSCO,1589695200,188.752,228.222,1
90,3,PACE,PSCO,1591012800,238.752,241.566,1
90,3,PACE,PSCO,1592330400,192.74,209.922,1
90,3,PACE,PSCO,1593648000,192.823,220.744,1
90,3,PACE,PSCO,1594965600,210.203,208.244,1
90,3,PACE,PSCO,1596283200,216.528,243.136,1
90,3,PACE,PSCO,1597600800,206.721,262.641,1
90,3,PACE,PSCO,1598918400,273.354,263.093,3
90,3,PACE,PSCO,1600236000,191.349,268.524,1
90,3,PACE,PSCO,1601553600,213.695,262.744,1
90,3,PACE,PSCO,1602871200,226.835,222.582,2
90,3,PACE,PSCO,1604188800,244.433,268.458,1
90,3,PACE,PSCO,1605506400,216.849,239.826,1
90,3,PACE,PSCO,1606824000,163.889,251.093,1
90,3,PACE,PSCO,1608141600,186.206,231.251,1
90,4,PACE,PSCO,1577836800,222.045,222.045,0
90,4,PACE,PSCO,1579154400,184.795,244.419,1
90,4,PACE,PSCO,1580472000,207.252,207.039,1
90,4,PACE,PSCO,1581789600,196.827,196.827,0
90,4,PACE,PSCO,1583107200,208.975,208.975,0
90,4,PACE,PSCO,1584424800,251.91,264.664,1
90,4,PACE,PSCO,1585742400,209.041,236.136,1
90,4,PACE,PSCO,1587060000,224.401,224.401,0
90,4,PACE,PSCO,1588377600,206.341,202.184,1
90,4,PACE,PSCO,1589695200,188.897,228.222,1
90,4,PACE,PSCO,1591012800,230.978,230.978,0
90,4,PACE,PSCO,1592330400,191.978,209.922,1
90,4,PACE,PSCO,1593648000,206.309,220.744,1
90,4,PACE,PSCO,1594965600,197.864,197.864,0
90,4,PACE,PSCO,1596283200,219.203,243.136,1
90,4,PACE,PSCO,1597600800,206.721,262.641,1
90,4,PACE,PSCO,1598918400,261.031,248.814,1
90,4,PACE,PSCO,1600236000,191.349,268.524,1
90,4,PACE,PSCO,1601553600,213.695,262.744,1
90,4,PACE,PSCO,1602871200,211.548,211.548,0
90,4,PACE,PSCO,1604188800,258.098,258.098,0
90,4,PACE,PSCO,1605506400,234.901,239.826,1
90,4,PACE,PSCO,1606824000,163.889,251.093,1
90,4,PACE,PSCO,1608141600,199.743,231.251,1
90,5,PACE,PSCO,1577836800,296.192,277.279,7
90,5,PACE,PSCO,1579154400,233.466,273.224,5
90,5,PACE,PSCO,1580472000,242.814,241.102,7
90,5,PACE,PSCO,1581789600,275.031,246.314,7
90,5,PACE,PSCO,1583107200,337.628,284.038,12
90,5,PACE,PSCO,1584424800,267.793,282.259,3
90,5,PACE,PSCO,1585742400,269.614,264.498,6
90,5,PACE,PSCO,1587060000,296.991,274.137,7
90,5,PACE,PSCO,1588377600,247.584,238.611,7
90,5,PACE,PSCO,1589695200,204.433,241.971,3
90,5,PACE,PSCO,1591012800,268.59,259.337,4
90,5,PACE,PSCO,1592330400,211.297,228.339,4
90,5,PACE,PSCO,1593648000,229.356,250.934,5
90,5,PACE,PSCO,1594965600,320.001,266.768,10
90,5,PACE,PSCO,1596283200,260.321,269.378,5
90,5,PACE,PSCO,1597600800,206.721,262.641,1
90,5,PACE,PSCO,1598918400,317.964,296.33,7
90,5,PACE,PSCO,1600236000,191.349,268.524,1
90,5,PACE,PSCO,1601553600,260.102,292.107,5
90,5,PACE,PSCO,1602871200,249.851,243.066,5
90,5,PACE,PSCO,1604188800,269.131,284.228,3
90,5,PACE,PSCO,1605506400,258.919,268.877,5
90,5,PACE,PSCO,1606824000,163.889,251.093,1
90,5,PACE,PSCO,1608141600,186.206,231.251,1
90,6,PACE,PSCO,1577836800,218.713,231.404,1
90,6,PACE,PSCO,1579154400,184.795,244.419,1
90,6,PACE,PSCO,1580472000,180.244,207.039,1
90,6,PACE,PSCO,1581789600,200.678,204.537,1
90,6,PACE,PSCO,1583107200,208.975,208.975,0
90,6,PACE,PSCO,1584424800,238.622,264.664,1
90,6,PACE,PSCO,1585742400,213.267,236.136,1
90,6,PACE,PSCO,1587060000,226.712,232.124,1
90,6,PACE,PSCO,1588377600,200.433,206.522,2
90,6,PACE,PSCO,1589695200,188.752,228.222,1
90,6,PACE,PSCO,1591012800,234.34,241.566,1
90,6,PACE,PSCO,1592330400,192.74,209.922,1
90,6,PACE,PSCO,1593648000,192.823,220.744,1
90,6,PACE,PSCO,1594965600,197.864,197.864,0
90,6,PACE,PSCO,1596283200,216.528,243.136,1
90,6,PACE,PSCO,1597600800,206.721,262.641,1
90,6,PACE,PSCO,1598918400,239.903,239.903,0
90,6,PACE,PSCO,1600236000,191.349,268.524,1
90,6,PACE,PSCO,1601553600,213.695,262.744,1
90,6,PACE,PSCO,1602871200,211.548,211.548,0
90,6,PACE,PSCO,1604188800,244.433,268.458,1
90,6,PACE,PSCO,1605506400,216.849,239.826,1
90,6,PACE,PSCO,1606824000,163.889,251.093,1
90,6,PACE,PSCO,1608141600,186.206,231.251,1
90,1,PSCO,EPE,1577836800,201.806,201.806,0
90,1,PSCO,EPE,1579154400,168.095,168.095,0
90,1,PSCO,EPE,1580472000,165.819,165.819,0
90,1,PSCO,EPE,1581789600,208.599,208.599,0
90,1,PSCO,EPE,1583107200,195.56,195.56,0
90,1,PSCO,EPE,1584424800,221.046,221.046,0
90,1,PSCO,EPE,1585742400,196.694,196.694,0
90,1,PSCO,EPE,1587060000,211.329,211.329,0
90,1,PSCO,EPE,1588377600,184.057,184.057,0
90,1,PSCO,EPE,1589695200,174.63,174.63,0
90,1,PSCO,EPE,1591012800,220.905,220.905,0
90,1,PSCO,EPE,1592330400,179.992,179.992,0
90,1,PSCO,EPE,1593648000,180.132,180.132,0
90,1,PSCO,EPE,1594965600,212.921,212.921,0
90,1,PSCO,EPE,1596283200,202.105,202.105,0
90,1,PSCO,EPE,1597600800,189.709,189.709,0
90,1,PSCO,EPE,1598918400,234.795,234.795,0
90,1,PSCO,EPE,1600236000,174.02,174.02,0
90,1,PSCO,EPE,1601553600,195.176,195.176,0
90,1,PSCO,EPE,1602871200,202.804,202.804,0
90,1,PSCO,EPE,1604188800,225.924,225.924,0
90,1,PSCO,EPE,1605506400,203.332,203.332,0
90,1,PSCO,EPE,1606824000,147.36,147.36,0
90,1,PSCO,EPE,1608141600,172.796,172.796,0
90,2,PSCO,EPE,1577836800,270.848,244.26,6
90,2,PSCO,EPE,1579154400,215.441,189.757,4
90,2,PSCO,EPE,1580472000,242.333,206.642,7
90,2,PSCO,EPE,1581789600,234.939,239.995,5
90,2,PSCO,EPE,1583107200,238.727,218.226,4
90,2,PSCO,EPE,1584424800,266.08,256.375,5
90,2,PSCO,EPE,1585742400,197.004,220.694,3
90,2,PSCO,EPE,1587060000,205.973,232.9,3
90,2,PSCO,EPE,1588377600,241.491,214.847,6
90,2,PSCO,EPE,1589695200,207.687,191.498,4
90,2,PSCO,EPE,1591012800,235.83,243.861,3
90,2,PSCO,EPE,1592330400,212.503,201.137,3
90,2,PSCO,EPE,1593648000,221.229,202.544,4
90,2,PSCO,EPE,1594965600,267.31,249.504,5
90,2,PSCO,EPE,1596283200,260.235,231.593,6
90,2,PSCO,EPE,1597600800,251.611,226.504,5
90,2,PSCO,EPE,1598918400,216.414,244.046,1
90,2,PSCO,EPE,1600236000,213.376,194.269,4
90,2,PSCO,EPE,1601553600,263.628,225.937,6
90,2,PSCO,EPE,1602871200,274.827,241.091,6
90,2,PSCO,EPE,1604188800,287.738,263.284,6
90,2,PSCO,EPE,1605506400,235.57,221.206,4
90,2,PSCO,EPE,1606824000,147.36,147.36,0
90,2,PSCO,EPE,1608141600,172.796,172.796,0
90,3,PSCO,EPE,1577836800,215.468,211.739,1
90,3,PSCO,EPE,1579154400,168.095,168.095,0
90,3,PSCO,EPE,1580472000,165.819,165.819,0
90,3,PSCO,EPE,1581789600,209.707,226.166,3
90,3,PSCO,EPE,1583107200,195.56,195.56,0
90,3,PSCO,EPE,1584424800,243.754,243.021,3
90,3,PSCO,EPE,1585742400,180.103,206.331,1
90,3,PSCO,EPE,1587060000,185.557,220.262,1
90,3,PSCO,EPE,1588377600,203.817,193.925,2
90,3,PSCO,EPE,1589695200,174.63,174.63,0
90,3,PSCO,EPE,1591012800,211.282,229.987,1
90,3,PSCO,EPE,1592330400,179.992,179.992,0
90,3,PSCO,EPE,1593648000,202.327,191.568,2
90,3,PSCO,EPE,1594965600,274.704,249.504,5
90,3,PSCO,EPE,1596283200,202.105,202.105,0
90,3,PSCO,EPE,1597600800,201.081,198.933,1
90,3,PSCO,EPE,1598918400,216.016,244.046,1
90,3,PSCO,EPE,1600236000,174.02,174.02,0
90,3,PSCO,EPE,1601553600,195.176,195.176,0
90,3,PSCO,EPE,1602871200,214.896,213.162,1
90,3,PSCO,EPE,1604188800,240.648,238.88,2
90,3,PSCO,EPE,1605506400,225.521,212.167,2
90,3,PSCO,EPE,1606824000,147.36,147.36,0
90,3,PSCO,EPE,1608141600,172.796,172.796,0
90,4,PSCO,EPE,1577836800,201.806,201.806,0
90,4,PSCO,EPE,1579154400,168.095,168.095,0
90,4,PSCO,EPE,1580472000,165.819,165.819,0
90,4,PSCO,EPE,1581789600,190.638,215.208,1
90,4,PSCO,EPE,1583107200,195.56,195.56,0
90,4,PSCO,EPE,1584424800,221.046,221.046,0
90,4,PSCO,EPE,1585742400,183.519,206.331,1
90,4,PSCO,EPE,1587060000,185.557,220.262,1
90,4,PSCO,EPE,1588377600,184.057,184.057,0
90,4,PSCO,EPE,1589695200,174.63,174.63,0
90,4,PSCO,EPE,1591012800,220.905,220.905,0
90,4,PSCO,EPE,1592330400,179.992,179.992,0
90,4,PSCO,EPE,1593648000,180.132,180.132,0
90,4,PSCO,EPE,1594965600,212.921,212.921,0
90,4,PSCO,EPE,1596283200,202.105,202.105,0
90,4,PSCO,EPE,1597600800,189.709,189.709,0
90,4,PSCO,EPE,1598918400,234.795,234.795,0
90,4,PSCO,EPE,1600236000,174.02,174.02,0
90,4,PSCO,EPE,1601553600,195.176,195.176,0
90,4,PSCO,EPE,1602871200,202.804,202.804,0
90,4,PSCO,EPE,1604188800,225.924,225.924,0
90,4,PSCO,EPE,1605506400,203.332,203.332,0
90,4,PSCO,EPE,1606824000,147.36,147.36,0
90,4,PSCO,EPE,1608141600,172.796,172.796,0
90,5,PSCO,EPE,1577836800,267.867,244.26,6
90,5,PSCO,EPE,1579154400,212.147,189.757,4
90,5,PSCO,EPE,1580472000,239.842,206.642,7
90,5,PSCO,EPE,1581789600,233.522,239.995,5
90,5,PSCO,EPE,1583107200,252.139,227.652,5
90,5,PSCO,EPE,1584424800,265.356,256.375,5
90,5,PSCO,EPE,1585742400,194.471,220.694,3
90,5,PSCO,EPE,1587060000,205.055,232.9,3
90,5,PSCO,EPE,1588377600,238.341,214.847,6
90,5,PSCO,EPE,1589695200,206.096,191.498,4
90,5,PSCO,EPE,1591012800,234.282,243.861,3
90,5,PSCO,EPE,1592330400,210.101,201.137,3
90,5,PSCO,EPE,1593648000,220.054,202.544,4
90,5,PSCO,EPE,1594965600,265.153,249.504,5
90,5,PSCO,EPE,1596283200,259.91,231.593,6
90,5,PSCO,EPE,1597600800,250.603,226.504,5
90,5,PSCO,EPE,1598918400,225.704,247.701,2
90,5,PSCO,EPE,1600236000,211.432,194.269,4
90,5,PSCO,EPE,1601553600,259.378,225.937,6
90,5,PSCO,EPE,1602871200,271.768,241.091,6
90,5,PSCO,EPE,1604188800,301.638,273.146,7
90,5,PSCO,EPE,1605506400,233.637,221.206,4
90,5,PSCO,EPE,1606824000,147.36,147.36,0
90,5,PSCO,EPE,1608141600,172.796,172.796,0
90,6,PSCO,EPE,1577836800,201.806,201.806,0
90,6,PSCO,EPE,1579154400,168.095,168.095,0
90,6,PSCO,EPE,1580472000,165.819,165.819,0
90,6,PSCO,EPE,1581789600,190.638,215.208,1
90,6,PSCO,EPE,1583107200,195.56,195.56,0
90,6,PSCO,EPE,1584424800,222.02,229.727,1
90,6,PSCO,EPE,1585742400,180.103,206.331,1
90,6,PSCO,EPE,1587060000,185.557,220.262,1
90,6,PSCO,EPE,1588377600,184.057,184.057,0
90,6,PSCO,EPE,1589695200,174.63,174.63,0
90,6,PSCO,EPE,1591012800,211.282,229.987,1
90,6,PSCO,EPE,1592330400,179.992,179.992,0
90,6,PSCO,EPE,1593648000,180.132,180.132,0
90,6,PSCO,EPE,1594965600,212.921,212.921,0
90,6,PSCO,EPE,1596283200,202.105,202.105,0
90,6,PSCO,EPE,1597600800,189.709,189.709,0
90,6,PSCO,EPE,1598918400,216.016,244.046,1
90,6,PSCO,EPE,1600236000,174.02,174.02,0
90,6,PSCO,EPE,1601553600,195.176,195.176,0
90,6,PSCO,EPE,1602871200,202.804,202.804,0
90,6,PSCO,EPE,1604188800,229.911,234.575,1
90,6,PSCO,EPE,1605506400,203.332,203.332,0
90,6,PSCO,EPE,1606824000,147.36,147.36,0
90,6,PSCO,EPE,1608141600,172.796,172.796,0
90,1,PSCO,PACE,1577836800,201.806,201.806,0
90,1,PSCO,PACE,1579154400,168.095,168.095,0
90,1,PSCO,PACE,1580472000,165.819,165.819,0
90,1,PSCO,PACE,1581789600,208.599,208.599,0
90,1,PSCO,PACE,1583107200,195.56,195.56,0
90,1,PSCO,PACE,1584424800,221.046,221.046,0
90,1,PSCO,PACE,1585742400,196.694,196.694,0
90,1,PSCO,PACE,1587060000,211.329,211.329,0
90,1,PSCO,PACE,1588377600,184.057,184.057,0
90,1,PSCO,PACE,1589695200,174.63,174.63,0
90,1,PSCO,PACE,1591012800,220.905,220.905,0
90,1,PSCO,PACE,1592330400,179.992,179.992,0
90,1,PSCO,PACE,1593648000,180.132,180.132,0
90,1,PSCO,PACE,1594965600,212.921,212.921,0
90,1,PSCO,PACE,1596283200,202.105,202.105,0
90,1,PSCO,PACE,1597600800,189.709,189.709,0
90,1,PSCO,PACE,1598918400,234.795,234.795,0
90,1,PSCO,PACE,1600236000,174.02,174.02,0
90,1,PSCO,PACE,1601553600,195.176,195.176,0
90,1,PSCO,PACE,1602871200,202.804,202.804,0
90,1,PSCO,PACE,1604188800,225.924,225.924,0
90,1,PSCO,PACE,1605506400,203.332,203.332,0
90,1,PSCO,PACE,1606824000,147.36,147.36,0
90,1,PSCO,PACE,1608141600,172.796,172.796,0
90,2,PSCO,PACE,1577836800,284.085,244.26,6
90,2,PSCO,PACE,1579154400,216.745,189.757,4
90,2,PSCO,PACE,1580472000,223.326,196.52,5
90,2,PSCO,PACE,1581789600,292.012,258.305,8
90,2,PSCO,PACE,1583107200,316.966,257.303,10
90,2,PSCO,PACE,1584424800,250.575,234.046,2
90,2,PSCO,PACE,1585742400,287.652,248.333,7
90,2,PSCO,PACE,1587060000,284.45,250.356,6
90,2,PSCO,PACE,1588377600,238.357,214.847,6
90,2,PSCO,PACE,1589695200,191.413,182.738,2
90,2,PSCO,PACE,1591012800,240.462,234.411,2
90,2,PSCO,PACE,1592330400,229.431,216.476,5
90,2,PSCO,PACE,1593648000,243.191,213.358,6
90,2,PSCO,PACE,1594965600,314.808,280.227,9
90,2,PSCO,PACE,1596283200,245.452,220.781,4
90,2,PSCO,PACE,1597600800,189.709,189.709,0
90,2,PSCO,PACE,1598918400,303.715,267.211,6
90,2,PSCO,PACE,1600236000,174.02,174.02,0
90,2,PSCO,PACE,1601553600,245.419,215.398,4
90,2,PSCO,PACE,1602871200,229.92,226.748,3
90,2,PSCO,PACE,1604188800,252.565,238.88,2
90,2,PSCO,PACE,1605506400,245.402,221.206,4
90,2,PSCO,PACE,1606824000,147.36,147.36,0
90,2,PSCO,PACE,1608141600,172.796,172.796,0
90,3,PSCO,PACE,1577836800,215.852,211.739,1
90,3,PSCO,PACE,1579154400,168.095,168.095,0
90,3,PSCO,PACE,1580472000,165.819,165.819,0
90,3,PSCO,PACE,1581789600,220.245,218.69,2
90,3,PSCO,PACE,1583107200,216.836,206.286,2
90,3,PSCO,PACE,1584424800,221.046,221.046,0
90,3,PSCO,PACE,1585742400,196.694,196.694,0
90,3,PSCO,PACE,1587060000,225.023,220.262,1
90,3,PSCO,PACE,1588377600,201.53,193.925,2
90,3,PSCO,PACE,1589695200,174.63,174.63,0
90,3,PSCO,PACE,1591012800,220.905,220.905,0
90,3,PSCO,PACE,1592330400,179.992,179.992,0
90,3,PSCO,PACE,1593648000,201.94,191.568,2
90,3,PSCO,PACE,1594965600,223.247,224.05,2
90,3,PSCO,PACE,1596283200,202.105,202.105,0
90,3,PSCO,PACE,1597600800,189.709,189.709,0
90,3,PSCO,PACE,1598918400,258.126,247.701,2
90,3,PSCO,PACE,1600236000,174.02,174.02,0
90,3,PSCO,PACE,1601553600,195.176,195.176,0
90,3,PSCO,PACE,1602871200,214.44,213.162,1
90,3,PSCO,PACE,1604188800,225.924,225.924,0
90,3,PSCO,PACE,1605506400,203.332,203.332,0
90,3,PSCO,PACE,1606824000,147.36,147.36,0
90,3,PSCO,PACE,1608141600,172.796,172.796,0
90,4,PSCO,PACE,1577836800,201.806,201.806,0
90,4,PSCO,PACE,1579154400,168.095,168.095,0
90,4,PSCO,PACE,1580472000,165.819,165.819,0
90,4,PSCO,PACE,1581789600,208.599,208.599,0
90,4,PSCO,PACE,1583107200,195.56,195.56,0
90,4,PSCO,PACE,1584424800,221.046,221.046,0
90,4,PSCO,PACE,1585742400,196.694,196.694,0
90,4,PSCO,PACE,1587060000,211.329,211.329,0
90,4,PSCO,PACE,1588377600,184.057,184.057,0
90,4,PSCO,PACE,1589695200,174.63,174.63,0
90,4,PSCO,PACE,1591012800,220.905,220.905,0
90,4,PSCO,PACE,1592330400,179.992,179.992,0
90,4,PSCO,PACE,1593648000,180.132,180.132,0
90,4,PSCO,PACE,1594965600,212.921,212.921,0
90,4,PSCO,PACE,1596283200,202.105,202.105,0
90,4,PSCO,PACE,1597600800,189.709,189.709,0
90,4,PSCO,PACE,1598918400,234.795,234.795,0
90,4,PSCO,PACE,1600236000,174.02,174.02,0
90,4,PSCO,PACE,1601553600,195.176,195.176,0
90,4,PSCO,PACE,1602871200,202.804,202.804,0
90,4,PSCO,PACE,1604188800,225.924,225.924,0
90,4,PSCO,PACE,1605506400,203.332,203.332,0
90,4,PSCO,PACE,1606824000,147.36,147.36,0
90,4,PSCO,PACE,1608141600,172.796,172.796,0
90,5,PSCO,PACE,1577836800,280.606,244.26,6
90,5,PSCO,PACE,1579154400,214.358,189.757,4
90,5,PSCO,PACE,1580472000,228.672,199.968,6
90,5,PSCO,PACE,1581789600,287.485,258.305,8
90,5,PSCO,PACE,1583107200,312.532,257.303,10
90,5,PSCO,PACE,1584424800,249.923,234.046,2
90,5,PSCO,PACE,1585742400,258.924,234.94,5
90,5,PSCO,PACE,1587060000,281.875,250.356,6
90,5,PSCO,PACE,1588377600,233.583,214.847,6
90,5,PSCO,PACE,1589695200,189.795,182.738,2
90,5,PSCO,PACE,1591012800,254.823,243.861,3
90,5,PSCO,PACE,1592330400,238.271,221.366,6
90,5,PSCO,PACE,1593648000,217.169,202.544,4
90,5,PSCO,PACE,1594965600,309.459,280.227,9
90,5,PSCO,PACE,1596283200,244.801,220.781,4
90,5,PSCO,PACE,1597600800,189.709,189.709,0
90,5,PSCO,PACE,1598918400,302.226,267.211,6
90,5,PSCO,PACE,1600236000,174.02,174.02,0
90,5,PSCO,PACE,1601553600,241.8,215.398,4
90,5,PSCO,PACE,1602871200,236.018,230.537,4
90,5,PSCO,PACE,1604188800,251.344,238.88,2
90,5,PSCO,PACE,1605506400,243.964,221.206,4
90,5,PSCO,PACE,1606824000,147.36,147.36,0
90,5,PSCO,PACE,1608141600,172.796,172.796,0
90,6,PSCO,PACE,1577836800,201.806,201.806,0
90,6,PSCO,PACE,1579154400,168.095,168.095,0
90,6,PSCO,PACE,1580472000,165.819,165.819,0
90,6,PSCO,PACE,1581789600,208.599,208.599,0
90,6,PSCO,PACE,1583107200,195.56,195.56,0
90,6,PSCO,PACE,1584424800,221.046,221.046,0
90,6,PSCO,PACE,1585742400,196.694,196.694,0
90,6,PSCO,PACE,1587060000,211.329,211.329,0
90,6,PSCO,PACE,1588377600,188.466,190.648,1
90,6,PSCO,PACE,1589695200,174.63,174.63,0
90,6,PSCO,PACE,1591012800,220.905,220.905,0
90,6,PSCO,PACE,1592330400,179.992,179.992,0
90,6,PSCO,PACE,1593648000,180.132,180.132,0
90,6,PSCO,PACE,1594965600,214.492,220.093,1
90,6,PSCO,PACE,1596283200,202.105,202.105,0
90,6,PSCO,PACE,1597600800,189.709,189.709,0
90,6,PSCO,PACE,1598918400,234.795,234.795,0
90,6,PSCO,PACE,1600236000,174.02,174.02,0
90,6,PSCO,PACE,1601553600,195.176,195.176,0
90,6,PSCO,PACE,1602871200,202.804,202.804,0
90,6,PSCO,PACE,1604188800,225.924,225.924,0
90,6,PSCO,PACE,1605506400,203.332,203.332,0
90,6,PSCO,PACE,1606824000,147.36,147.36,0
90,6,PSCO,PACE,1608141600,172.796,172.796,0
90,1,TEPC,AECI,1577836800,261.782,261.782,0
90,1,TEPC,AECI,1579154400,260.044,260.044,0
90,1,TEPC,AECI,1580472000,227.287,227.287,0
90,1,TEPC,AECI,1581789600,230.952,230.952,0
90,1,TEPC,AECI,1583107200,213.887,213.887,0
90,1,TEPC,AECI,1584424800,209.261,209.261,0
90,1,TEPC,AECI,1585742400,163.89,163.89,0
90,1,TEPC,AECI,1587060000,178.693,178.693,0
90,1,TEPC,AECI,1588377600,179.254,179.254,0
90,1,TEPC,AECI,1589695200,215.518,215.518,0
90,1,TEPC,AECI,1591012800,222.496,222.496,0
90,1,TEPC,AECI,1592330400,189.451,189.451,0
90,1,TEPC,AECI,1593648000,215.878,215.878,0
90,1,TEPC,AECI,1594965600,207.863,207.863,0
90,1,TEPC,AECI,1596283200,219.66,219.66,0
90,1,TEPC,AECI,1597600800,232.192,232.192,0
90,1,TEPC,AECI,1598918400,219.508,219.508,0
90,1,TEPC,AECI,1600236000,245.174,245.174,0
90,1,TEPC,AECI,1601553600,235.921,235.921,0
90,1,TEPC,AECI,1602871200,262.53,262.53,0
90,1,TEPC,AECI,1604188800,265.706,265.706,0
90,1,TEPC,AECI,1605506400,225.001,225.001,0
90,1,TEPC,AECI,1606824000,193.11,193.11,0
90,1,TEPC,AECI,1608141600,251.11,251.11,0
90,2,TEPC,AECI,1577836800,189.42,272.952,1
90,2,TEPC,AECI,1579154400,203.789,271.749,1
90,2,TEPC,AECI,1580472000,240.762,270.112,6
90,2,TEPC,AECI,1581789600,233.377,252.622,4
90,2,TEPC,AECI,1583107200,229.252,254.619,5
90,2,TEPC,AECI,1584424800,205.858,232.75,3
90,2,TEPC,AECI,1585742400,183.903,190.856,6
90,2,TEPC,AECI,1587060000,187.649,203.674,5
90,2,TEPC,AECI,1588377600,201.352,210.359,5
90,2,TEPC,AECI,1589695200,171.857,225.929,1
90,2,TEPC,AECI,1591012800,167.007,232.179,1
90,2,TEPC,AECI,1592330400,191.594,206.554,3
90,2,TEPC,AECI,1593648000,222.24,238.711,3
90,2,TEPC,AECI,1594965600,212.359,232.86,3
90,2,TEPC,AECI,1596283200,196.797,228.951,1
90,2,TEPC,AECI,1597600800,216.273,241.07,1
90,2,TEPC,AECI,1598918400,193.698,228.443,1
90,2,TEPC,AECI,1600236000,246.377,272.614,3
90,2,TEPC,AECI,1601553600,198.872,245.497,1
90,2,TEPC,AECI,1602871200,195.452,272.17,1
90,2,TEPC,AECI,1604188800,317.49,324.641,7
90,2,TEPC,AECI,1605506400,263.328,264.599,5
90,2,TEPC,AECI,1606824000,257.52,228.317,6
90,2,TEPC,AECI,1608141600,209.956,261.214,1
90,3,TEPC,AECI,1577836800,189.42,272.952,1
90,3,TEPC,AECI,1579154400,203.789,271.749,1
90,3,TEPC,AECI,1580472000,193.449,238.772,1
90,3,TEPC,AECI,1581789600,242.362,241.853,2
90,3,TEPC,AECI,1583107200,213.887,213.887,0
90,3,TEPC,AECI,1584424800,192.409,218.766,1
90,3,TEPC,AECI,1585742400,182.178,183.39,4
90,3,TEPC,AECI,1587060000,222.909,207.643,6
90,3,TEPC,AECI,1588377600,179.254,179.254,0
90,3,TEPC,AECI,1589695200,171.857,225.929,1
90,3,TEPC,AECI,1591012800,167.007,232.179,1
90,3,TEPC,AECI,1592330400,226.248,209.975,4
90,3,TEPC,AECI,1593648000,215.878,215.878,0
90,3,TEPC,AECI,1594965600,227.628,232.86,3
90,3,TEPC,AECI,1596283200,209.197,233.317,2
90,3,TEPC,AECI,1597600800,232.192,232.192,0
90,3,TEPC,AECI,1598918400,243.997,255.246,5
90,3,TEPC,AECI,1600236000,257.274,256.016,1
90,3,TEPC,AECI,1601553600,198.872,245.497,1
90,3,TEPC,AECI,1602871200,206.572,277.32,2
90,3,TEPC,AECI,1604188800,279.846,280.107,2
90,3,TEPC,AECI,1605506400,228.341,235.056,1
90,3,TEPC,AECI,1606824000,193.11,193.11,0
90,3,TEPC,AECI,1608141600,209.956,261.214,1
90,4,TEPC,AECI,1577836800,189.42,272.952,1
90,4,TEPC,AECI,1579154400,203.789,271.749,1
90,4,TEPC,AECI,1580472000,185.547,238.772,1
90,4,TEPC,AECI,1581789600,203.228,238.38,1
90,4,TEPC,AECI,1583107200,234.291,222.949,1
90,4,TEPC,AECI,1584424800,191.738,218.766,1
90,4,TEPC,AECI,1585742400,144.06,171.952,1
90,4,TEPC,AECI,1587060000,154.815,184.288,1
90,4,TEPC,AECI,1588377600,179.254,179.254,0
90,4,TEPC,AECI,1589695200,171.857,225.929,1
90,4,TEPC,AECI,1591012800,167.007,232.179,1
90,4,TEPC,AECI,1592330400,183.675,196.336,1
90,4,TEPC,AECI,1593648000,215.878,215.878,0
90,4,TEPC,AECI,1594965600,208.274,217.978,1
90,4,TEPC,AECI,1596283200,203.314,228.951,1
90,4,TEPC,AECI,1597600800,232.192,232.192,0
90,4,TEPC,AECI,1598918400,206.91,228.443,1
90,4,TEPC,AECI,1600236000,219.964,256.016,1
90,4,TEPC,AECI,1601553600,198.872,245.497,1
90,4,TEPC,AECI,1602871200,195.452,272.17,1
90,4,TEPC,AECI,1604188800,258.617,275.245,1
90,4,TEPC,AECI,1605506400,230.138,235.056,1
90,4,TEPC,AECI,1606824000,193.11,193.11,0
90,4,TEPC,AECI,1608141600,209.956,261.214,1
90,5,TEPC,AECI,1577836800,189.42,272.952,1
90,5,TEPC,AECI,1579154400,203.789,271.749,1
90,5,TEPC,AECI,1580472000,239.488,270.112,6
90,5,TEPC,AECI,1581789600,244.741,261.308,5
90,5,TEPC,AECI,1583107200,226.357,254.619,5
90,5,TEPC,AECI,1584424800,204.933,232.75,3
90,5,TEPC,AECI,1585742400,182.407,190.856,6
90,5,TEPC,AECI,1587060000,185.916,203.674,5
90,5,TEPC,AECI,1588377600,199.321,210.359,5
90,5,TEPC,AECI,1589695200,171.857,225.929,1
90,5,TEPC,AECI,1591012800,167.007,232.179,1
90,5,TEPC,AECI,1592330400,190.403,206.554,3
90,5,TEPC,AECI,1593648000,221.756,238.711,3
90,5,TEPC,AECI,1594965600,212.038,232.86,3
90,5,TEPC,AECI,1596283200,196.797,228.951,1
90,5,TEPC,AECI,1597600800,216.273,241.07,1
90,5,TEPC,AECI,1598918400,193.698,228.443,1
90,5,TEPC,AECI,1600236000,244.93,272.614,3
90,5,TEPC,AECI,1601553600,198.872,245.497,1
90,5,TEPC,AECI,1602871200,195.452,272.17,1
90,5,TEPC,AECI,1604188800,315.678,324.641,7
90,5,TEPC,AECI,1605506400,261.521,264.599,5
90,5,TEPC,AECI,1606824000,255.882,228.317,6
90,5,TEPC,AECI,1608141600,209.956,261.214,1
90,6,TEPC,AECI,1577836800,189.42,272.952,1
90,6,TEPC,AECI,1579154400,203.789,271.749,1
90,6,TEPC,AECI,1580472000,193.449,238.772,1
90,6,TEPC,AECI,1581789600,203.98,238.38,1
90,6,TEPC,AECI,1583107200,193.374,222.949,1
90,6,TEPC,AECI,1584424800,187.512,218.766,1
90,6,TEPC,AECI,1585742400,144.06,171.952,1
90,6,TEPC,AECI,1587060000,154.815,184.288,1
90,6,TEPC,AECI,1588377600,167.001,186.595,1
90,6,TEPC,AECI,1589695200,171.857,225.929,1
90,6,TEPC,AECI,1591012800,167.007,232.179,1
90,6,TEPC,AECI,1592330400,171.21,196.336,1
90,6,TEPC,AECI,1593648000,198.119,224.651,1
90,6,TEPC,AECI,1594965600,189.659,217.978,1
90,6,TEPC,AECI,1596283200,196.797,228.951,1
90,6,TEPC,AECI,1597600800,216.273,241.07,1
90,6,TEPC,AECI,1598918400,193.698,228.443,1
90,6,TEPC,AECI,1600236000,219.964,256.016,1
90,6,TEPC,AECI,1601553600,198.872,245.497,1
90,6,TEPC,AECI,1602871200,195.452,272.17,1
90,6,TEPC,AECI,1604188800,237.169,275.245,1
90,6,TEPC,AECI,1605506400,219.161,235.056,1
90,6,TEPC,AECI,1606824000,193.11,193.11,0
90,6,TEPC,AECI,1608141600,209.956,261.214,1
120,1,AECI,EPE,1577836800,171.652,171.652,0
120,1,AECI,EPE,1579154400,184.829,184.829,0
120,1,AECI,EPE,1580472000,179.08,179.08,0
120,1,AECI,EPE,1581789600,190.047,190.047,0
120,1,AECI,EPE,1583107200,177.533,177.533,0
120,1,AECI,EPE,1584424800,173.609,173.609,0
120,1,AECI,EPE,1585742400,130.078,130.078,0
120,1,AECI,EPE,1587060000,146.519,146.519,0
120,1,AECI,EPE,1588377600,154.192,154.192,0
120,1,AECI,EPE,1589695200,158.058,158.058,0
120,1,AECI,EPE,1591012800,151.782,151.782,0
120,1,AECI,EPE,1592330400,159.195,159.195,0
120,1,AECI,EPE,1593648000,183.868,183.868,0
120,1,AECI,EPE,1594965600,175.21,175.21,0
120,1,AECI,EPE,1596283200,180.832,180.832,0
120,1,AECI,EPE,1597600800,201.072,201.072,0
120,1,AECI,EPE,1598918400,180.384,180.384,0
120,1,AECI,EPE,1600236000,202.899,202.899,0
120,1,AECI,EPE,1601553600,182.573,182.573,0
120,1,AECI,EPE,1602871200,178.75,178.75,0
120,1,AECI,EPE,1604188800,219.569,219.569,0
120,1,AECI,EPE,1605506400,205.232,205.232,0
120,1,AECI,EPE,1606824000,196.187,196.187,0
120,1,AECI,EPE,1608141600,194.483,194.483,0
120,2,AECI,EPE,1577836800,203.7,186.798,2
120,2,AECI,EPE,1579154400,245.572,214.135,4
120,2,AECI,EPE,1580472000,242.122,216.587,5
120,2,AECI,EPE,1581789600,290.078,245.33,8
120,2,AECI,EPE,1583107200,234.483,205.945,4
120,2,AECI,EPE,1584424800,200.484,185.562,2
120,2,AECI,EPE,1585742400,130.078,130.078,0
120,2,AECI,EPE,1587060000,191.445,167.467,4
120,2,AECI,EPE,1588377600,206.533,179.167,4
120,2,AECI,EPE,1589695200,185.388,171.536,2
120,2,AECI,EPE,1591012800,151.782,151.782,0
120,2,AECI,EPE,1592330400,187.692,171.96,2
120,2,AECI,EPE,1593648000,273.942,225.84,6
120,2,AECI,EPE,1594965600,175.21,175.21,0
120,2,AECI,EPE,1596283200,211.579,195.708,2
120,2,AECI,EPE,1597600800,283.372,242.851,5
120,2,AECI,EPE,1598918400,240.356,209.042,4
120,2,AECI,EPE,1600236000,257.901,234.152,4
120,2,AECI,EPE,1601553600,247.453,213.279,4
120,2,AECI,EPE,1602871200,284.851,228.545,6
120,2,AECI,EPE,1604188800,303.832,266.582,6
120,2,AECI,EPE,1605506400,302.281,253.212,7
120,2,AECI,EPE,1606824000,268.843,239.366,5
120,2,AECI,EPE,1608141600,257.916,225.086,4
120,3,AECI,EPE,1577836800,219.097,179.057,1
120,3,AECI,EPE,1579154400,222.517,192.82,1
120,3,AECI,EPE,1580472000,214.285,201.818,3
120,3,AECI,EPE,1581789600,191.931,198.479,1
120,3,AECI,EPE,1583107200,218.282,186.056,1
120,3,AECI,EPE,1584424800,222.782,185.562,2
120,3,AECI,EPE,1585742400,179.92,151.249,3
120,3,AECI,EPE,1587060000,193.239,155.889,2
120,3,AECI,EPE,1588377600,197.95,161.5,1
120,3,AECI,EPE,1589695200,214.407,171.536,2
120,3,AECI,EPE,1591012800,151.782,151.782,0
120,3,AECI,EPE,1592330400,175.899,165.665,1
120,3,AECI,EPE,1593648000,214.248,191.747,1
120,3,AECI,EPE,1594965600,264.761,211.395,5
120,3,AECI,EPE,1596283200,249.491,203.178,3
120,3,AECI,EPE,1597600800,230.431,209.122,1
120,3,AECI,EPE,1598918400,235.712,194.679,2
120,3,AECI,EPE,1600236000,230.722,217.586,2
120,3,AECI,EPE,1601553600,318.424,237.457,7
120,3,AECI,EPE,1602871200,197.086,186.552,1
120,3,AECI,EPE,1604188800,233.698,228.152,1
120,3,AECI,EPE,1605506400,226.435,218.019,2
120,3,AECI,EPE,1606824000,215.391,204.333,1
120,3,AECI,EPE,1608141600,232.706,201.57,1
120,4,AECI,EPE,1577836800,171.652,171.652,0
120,4,AECI,EPE,1579154400,184.829,184.829,0
120,4,AECI,EPE,1580472000,179.08,179.08,0
120,4,AECI,EPE,1581789600,190.047,190.047,0
120,4,AECI,EPE,1583107200,177.533,177.533,0
120,4,AECI,EPE,1584424800,173.609,173.609,0
120,4,AECI,EPE,1585742400,130.078,130.078,0
120,4,AECI,EPE,1587060000,146.519,146.519,0
120,4,AECI,EPE,1588377600,154.192,154.192,0
120,4,AECI,EPE,1589695200,158.058,158.058,0
120,4,AECI,EPE,1591012800,151.782,151.782,0
120,4,AECI,EPE,1592330400,159.195,159.195,0
120,4,AECI,EPE,1593648000,183.868,183.868,0
120,4,AECI,EPE,1594965600,175.21,175.21,0
120,4,AECI,EPE,1596283200,180.832,180.832,0
120,4,AECI,EPE,1597600800,201.072,201.072,0
120,4,AECI,EPE,1598918400,180.384,180.384,0
120,4,AECI,EPE,1600236000,202.899,202.899,0
120,4,AECI,EPE,1601553600,182.573,182.573,0
120,4,AECI,EPE,1602871200,178.75,178.75,0
120,4,AECI,EPE,1604188800,219.569,219.569,0
120,4,AECI,EPE,1605506400,205.232,205.232,0
120,4,AECI,EPE,1606824000,196.187,196.187,0
120,4,AECI,EPE,1608141600,194.483,194.483,0
120,5,AECI,EPE,1577836800,203.358,186.798,2
120,5,AECI,EPE,1579154400,243.308,214.135,4
120,5,AECI,EPE,1580472000,240.845,216.587,5
120,5,AECI,EPE,1581789600,288.385,245.33,8
120,5,AECI,EPE,1583107200,232.605,205.945,4
120,5,AECI,EPE,1584424800,199.84,185.562,2
120,5,AECI,EPE,1585742400,130.078,130.078,0
120,5,AECI,EPE,1587060000,167.113,155.889,2
120,5,AECI,EPE,1588377600,204.21,179.167,4
120,5,AECI,EPE,1589695200,184.695,171.536,2
120,5,AECI,EPE,1591012800,151.782,151.782,0
120,5,AECI,EPE,1592330400,187.692,171.96,2
120,5,AECI,EPE,1593648000,271.511,225.84,6
120,5,AECI,EPE,1594965600,175.21,175.21,0
120,5,AECI,EPE,1596283200,211.061,195.708,2
120,5,AECI,EPE,1597600800,281.586,242.851,5
120,5,AECI,EPE,1598918400,239.749,209.042,4
120,5,AECI,EPE,1600236000,272.806,243.781,5
120,5,AECI,EPE,1601553600,246.166,213.279,4
120,5,AECI,EPE,1602871200,280.547,228.545,6
120,5,AECI,EPE,1604188800,267.367,251.203,4
120,5,AECI,EPE,1605506400,311.571,260.104,8
120,5,AECI,EPE,1606824000,266.047,239.366,5
120,5,AECI,EPE,1608141600,255.592,225.086,4
120,6,AECI,EPE,1577836800,171.652,171.652,0
120,6,AECI,EPE,1579154400,184.829,184.829,0
120,6,AECI,EPE,1580472000,179.08,179.08,0
120,6,AECI,EPE,1581789600,191.931,198.479,1
120,6,AECI,EPE,1583107200,177.533,177.533,0
120,6,AECI,EPE,1584424800,173.609,173.609,0
120,6,AECI,EPE,1585742400,130.078,130.078,0
120,6,AECI,EPE,1587060000,146.519,146.519,0
120,6,AECI,EPE,1588377600,154.192,154.192,0
120,6,AECI,EPE,1589695200,158.058,158.058,0
120,6,AECI,EPE,1591012800,151.782,151.782,0
120,6,AECI,EPE,1592330400,159.195,159.195,0
120,6,AECI,EPE,1593648000,183.868,183.868,0
120,6,AECI,EPE,1594965600,175.21,175.21,0
120,6,AECI,EPE,1596283200,180.832,180.832,0
120,6,AECI,EPE,1597600800,201.072,201.072,0
120,6,AECI,EPE,1598918400,180.384,180.384,0
120,6,AECI,EPE,1600236000,202.899,202.899,0
120,6,AECI,EPE,1601553600,182.573,182.573,0
120,6,AECI,EPE,1602871200,178.75,178.75,0
120,6,AECI,EPE,1604188800,219.569,219.569,0
120,6,AECI,EPE,1605506400,205.232,205.232,0
120,6,AECI,EPE,1606824000,196.187,196.187,0
120,6,AECI,EPE,1608141600,194.483,194.483,0
120,1,AECI,PACE,1577836800,171.652,171.652,0
120,1,AECI,PACE,1579154400,184.829,184.829,0
120,1,AECI,PACE,1580472000,179.08,179.08,0
120,1,AECI,PACE,1581789600,190.047,190.047,0
120,1,AECI,PACE,1583107200,177.533,177.533,0
120,1,AECI,PACE,1584424800,173.609,173.609,0
120,1,AECI,PACE,1585742400,130.078,130.078,0
120,1,AECI,PACE,1587060000,146.519,146.519,0
120,1,AECI,PACE,1588377600,154.192,154.192,0
120,1,AECI,PACE,1589695200,158.058,158.058,0
120,1,AECI,PACE,1591012800,151.782,151.782,0
120,1,AECI,PACE,1592330400,159.195,159.195,0
120,1,AECI,PACE,1593648000,183.868,183.868,0
120,1,AECI,PACE,1594965600,175.21,175.21,0
120,1,AECI,PACE,1596283200,180.832,180.832,0
120,1,AECI,PACE,1597600800,201.072,201.072,0
120,1,AECI,PACE,1598918400,180.384,180.384,0
120,1,AECI,PACE,1600236000,202.899,202.899,0
120,1,AECI,PACE,1601553600,182.573,182.573,0
120,1,AECI,PACE,1602871200,178.75,178.75,0
120,1,AECI,PACE,1604188800,219.569,219.569,0
120,1,AECI,PACE,1605506400,205.232,205.232,0
120,1,AECI,PACE,1606824000,196.187,196.187,0
120,1,AECI,PACE,1608141600,194.483,194.483,0
120,2,AECI,PACE,1577836800,203.28,186.798,2
120,2,AECI,PACE,1579154400,216.359,200.312,2
120,2,AECI,PACE,1580472000,263.817,223.832,6
120,2,AECI,PACE,1581789600,272.969,234.419,6
120,2,AECI,PACE,1583107200,230.171,205.945,4
120,2,AECI,PACE,1584424800,173.609,173.609,0
120,2,AECI,PACE,1585742400,130.078,130.078,0
120,2,AECI,PACE,1587060000,169.227,155.889,2
120,2,AECI,PACE,1588377600,200.46,179.167,4
120,2,AECI,PACE,1589695200,188.663,171.536,2
120,2,AECI,PACE,1591012800,151.782,151.782,0
120,2,AECI,PACE,1592330400,209.797,185.195,4
120,2,AECI,PACE,1593648000,271.327,225.84,6
120,2,AECI,PACE,1594965600,298.529,235.38,8
120,2,AECI,PACE,1596283200,213.155,195.708,2
120,2,AECI,PACE,1597600800,201.072,201.072,0
120,2,AECI,PACE,1598918400,180.384,180.384,0
120,2,AECI,PACE,1600236000,202.899,202.899,0
120,2,AECI,PACE,1601553600,215.055,197.323,2
120,2,AECI,PACE,1602871200,306.368,246.17,8
120,2,AECI,PACE,1604188800,252.28,236.269,2
120,2,AECI,PACE,1605506400,265.988,231.614,4
120,2,AECI,PACE,1606824000,303.136,247.662,6
120,2,AECI,PACE,1608141600,260.017,225.086,4
120,3,AECI,PACE,1577836800,215.828,186.798,2
120,3,AECI,PACE,1579154400,267.404,214.135,4
120,3,AECI,PACE,1580472000,228.261,201.818,3
120,3,AECI,PACE,1581789600,213.677,198.479,1
120,3,AECI,PACE,1583107200,223.018,186.056,1
120,3,AECI,PACE,1584424800,173.609,173.609,0
120,3,AECI,PACE,1585742400,130.078,130.078,0
120,3,AECI,PACE,1587060000,146.519,146.519,0
120,3,AECI,PACE,1588377600,193.392,161.5,1
120,3,AECI,PACE,1589695200,188.512,171.536,2
120,3,AECI,PACE,1591012800,151.782,151.782,0
120,3,AECI,PACE,1592330400,159.195,159.195,0
120,3,AECI,PACE,1593648000,229.326,191.747,1
120,3,AECI,PACE,1594965600,204.119,188.678,2
120,3,AECI,PACE,1596283200,180.832,180.832,0
120,3,AECI,PACE,1597600800,302.678,242.851,5
120,3,AECI,PACE,1598918400,214.613,194.679,2
120,3,AECI,PACE,1600236000,247.928,217.586,2
120,3,AECI,PACE,1601553600,182.573,182.573,0
120,3,AECI,PACE,1602871200,246.271,203.064,3
120,3,AECI,PACE,1604188800,312.362,251.203,4
120,3,AECI,PACE,1605506400,250.228,218.019,2
120,3,AECI,PACE,1606824000,278.212,221.637,3
120,3,AECI,PACE,1608141600,233.84,208.422,2
120,4,AECI,PACE,1577836800,171.652,171.652,0
120,4,AECI,PACE,1579154400,184.829,184.829,0
120,4,AECI,PACE,1580472000,179.08,179.08,0
120,4,AECI,PACE,1581789600,190.047,190.047,0
120,4,AECI,PACE,1583107200,177.533,177.533,0
120,4,AECI,PACE,1584424800,173.609,173.609,0
120,4,AECI,PACE,1585742400,130.078,130.078,0
120,4,AECI,PACE,1587060000,146.519,146.519,0
120,4,AECI,PACE,1588377600,154.192,154.192,0
120,4,AECI,PACE,1589695200,158.058,158.058,0
120,4,AECI,PACE,1591012800,151.782,151.782,0
120,4,AECI,PACE,1592330400,159.195,159.195,0
120,4,AECI,PACE,1593648000,183.868,183.868,0
120,4,AECI,PACE,1594965600,175.21,175.21,0
120,4,AECI,PACE,1596283200,180.832,180.832,0
120,4,AECI,PACE,1597600800,201.072,201.072,0
120,4,AECI,PACE,1598918400,180.384,180.384,0
120,4,AECI,PACE,1600236000,202.899,202.899,0
120,4,AECI,PACE,1601553600,182.573,182.573,0
120,4,AECI,PACE,1602871200,178.75,178.75,0
120,4,AECI,PACE,1604188800,219.569,219.569,0
120,4,AECI,PACE,1605506400,205.232,205.232,0
120,4,AECI,PACE,1606824000,196.187,196.187,0
120,4,AECI,PACE,1608141600,194.483,194.483,0
120,5,AECI,PACE,1577836800,203.022,186.798,2
120,5,AECI,PACE,1579154400,215.667,200.312,2
120,5,AECI,PACE,1580472000,258.694,223.832,6
120,5,AECI,PACE,1581789600,268.818,234.419,6
120,5,AECI,PACE,1583107200,227.473,205.945,4
120,5,AECI,PACE,1584424800,173.609,173.609,0
120,5,AECI,PACE,1585742400,130.078,130.078,0
120,5,AECI,PACE,1587060000,168.738,155.889,2
120,5,AECI,PACE,1588377600,195.268,179.167,4
120,5,AECI,PACE,1589695200,186.11,171.536,2
120,5,AECI,PACE,1591012800,151.782,151.782,0
120,5,AECI,PACE,1592330400,207.637,185.195,4
120,5,AECI,PACE,1593648000,269.325,225.84,6
120,5,AECI,PACE,1594965600,292.353,235.38,8
120,5,AECI,PACE,1596283200,212.495,195.708,2
120,5,AECI,PACE,1597600800,201.072,201.072,0
120,5,AECI,PACE,1598918400,180.384,180.384,0
120,5,AECI,PACE,1600236000,202.899,202.899,0
120,5,AECI,PACE,1601553600,214.189,197.323,2
120,5,AECI,PACE,1602871200,299.872,246.17,8
120,5,AECI,PACE,1604188800,251.343,236.269,2
120,5,AECI,PACE,1605506400,263.986,231.614,4
120,5,AECI,PACE,1606824000,300.444,247.662,6
120,5,AECI,PACE,1608141600,258.512,225.086,4
120,6,AECI,PACE,1577836800,171.652,171.652,0
120,6,AECI,PACE,1579154400,184.829,184.829,0
120,6,AECI,PACE,1580472000,179.08,179.08,0
120,6,AECI,PACE,1581789600,190.047,190.047,0
120,6,AECI,PACE,1583107200,177.533,177.533,0
120,6,AECI,PACE,1584424800,173.609,173.609,0
120,6,AECI,PACE,1585742400,130.078,130.078,0
120,6,AECI,PACE,1587060000,146.519,146.519,0
120,6,AECI,PACE,1588377600,154.192,154.192,0
120,6,AECI,PACE,1589695200,158.058,158.058,0
120,6,AECI,PACE,1591012800,151.782,151.782,0
120,6,AECI,PACE,1592330400,159.195,159.195,0
120,6,AECI,PACE,1593648000,183.868,183.868,0
120,6,AECI,PACE,1594965600,175.21,175.21,0
120,6,AECI,PACE,1596283200,180.832,180.832,0
120,6,AECI,PACE,1597600800,201.072,201.072,0
120,6,AECI,PACE,1598918400,180.384,180.384,0
120,6,AECI,PACE,1600236000,202.899,202.899,0
120,6,AECI,PACE,1601553600,182.573,182.573,0
120,6,AECI,PACE,1602871200,178.75,178.75,0
120,6,AECI,PACE,1604188800,219.569,219.569,0
120,6,AECI,PACE,1605506400,205.232,205.232,0
120,6,AECI,PACE,1606824000,196.187,196.187,0
120,6,AECI,PACE,1608141600,194.483,194.483,0
120,1,AECI,TEPC,1577836800,171.652,171.652,0
120,1,AECI,TEPC,1579154400,184.829,184.829,0
120,1,AECI,TEPC,1580472000,179.08,179.08,0
120,1,AECI,TEPC,1581789600,190.047,190.047,0
120,1,AECI,TEPC,1583107200,177.533,177.533,0
120,1,AECI,TEPC,1584424800,173.609,173.609,0
120,1,AECI,TEPC,1585742400,130.078,130.078,0
120,1,AECI,TEPC,1587060000,146.519,146.519,0
120,1,AECI,TEPC,1588377600,154.192,154.192,0
120,1,AECI,TEPC,1589695200,158.058,158.058,0
120,1,AECI,TEPC,1591012800,151.782,151.782,0
120,1,AECI,TEPC,1592330400,159.195,159.195,0
120,1,AECI,TEPC,1593648000,183.868,183.868,0
120,1,AECI,TEPC,1594965600,175.21,175.21,0
120,1,AECI,TEPC,1596283200,180.832,180.832,0
120,1,AECI,TEPC,1597600800,201.072,201.072,0
120,1,AECI,TEPC,1598918400,180.384,180.384,0
120,1,AECI,TEPC,1600236000,202.899,202.899,0
120,1,AECI,TEPC,1601553600,182.573,182.573,0
120,1,AECI,TEPC,1602871200,178.75,178.75,0
120,1,AECI,TEPC,1604188800,219.569,219.569,0
120,1,AECI,TEPC,1605506400,205.232,205.232,0
120,1,AECI,TEPC,1606824000,196.187,196.187,0
120,1,AECI,TEPC,1608141600,194.483,194.483,0
120,2,AECI,TEPC,1577836800,171.652,171.652,0
120,2,AECI,TEPC,1579154400,184.829,184.829,0
120,2,AECI,TEPC,1580472000,246.79,216.587,5
120,2,AECI,TEPC,1581789600,279.507,234.419,6
120,2,AECI,TEPC,1583107200,230.356,205.945,4
120,2,AECI,TEPC,1584424800,198.93,185.562,2
120,2,AECI,TEPC,1585742400,187.366,165.323,5
120,2,AECI,TEPC,1587060000,212.221,178.35,6
120,2,AECI,TEPC,1588377600,202.886,179.167,4
120,2,AECI,TEPC,1589695200,158.058,158.058,0
120,2,AECI,TEPC,1591012800,151.782,151.782,0
120,2,AECI,TEPC,1592330400,215.711,185.195,4
120,2,AECI,TEPC,1593648000,216.429,199.132,2
120,2,AECI,TEPC,1594965600,205.124,188.678,2
120,2,AECI,TEPC,1596283200,180.832,180.832,0
120,2,AECI,TEPC,1597600800,201.072,201.072,0
120,2,AECI,TEPC,1598918400,180.384,180.384,0
120,2,AECI,TEPC,1600236000,237.675,217.586,2
120,2,AECI,TEPC,1601553600,182.573,182.573,0
120,2,AECI,TEPC,1602871200,178.75,178.75,0
120,2,AECI,TEPC,1604188800,328.022,266.582,6
120,2,AECI,TEPC,1605506400,264.732,231.614,4
120,2,AECI,TEPC,1606824000,265.031,239.366,5
120,2,AECI,TEPC,1608141600,194.483,194.483,0
120,3,AECI,TEPC,1577836800,171.652,171.652,0
120,3,AECI,TEPC,1579154400,184.829,184.829,0
120,3,AECI,TEPC,1580472000,179.08,179.08,0
120,3,AECI,TEPC,1581789600,276.131,214.235,3
120,3,AECI,TEPC,1583107200,229.633,186.056,1
120,3,AECI,TEPC,1584424800,206.036,185.562,2
120,3,AECI,TEPC,1585742400,179.555,151.249,3
120,3,AECI,TEPC,1587060000,245.611,178.35,6
120,3,AECI,TEPC,1588377600,193.353,161.5,1
120,3,AECI,TEPC,1589695200,187.315,171.536,2
120,3,AECI,TEPC,1591012800,151.782,151.782,0
120,3,AECI,TEPC,1592330400,226.317,178.197,3
120,3,AECI,TEPC,1593648000,232.571,191.747,1
120,3,AECI,TEPC,1594965600,261.022,211.395,5
120,3,AECI,TEPC,1596283200,313.195,232.221,7
120,3,AECI,TEPC,1597600800,248.59,209.122,1
120,3,AECI,TEPC,1598918400,242.333,209.042,4
120,3,AECI,TEPC,1600236000,271.884,217.586,2
120,3,AECI,TEPC,1601553600,182.573,182.573,0
120,3,AECI,TEPC,1602871200,196.314,186.552,1
120,3,AECI,TEPC,1604188800,320.447,251.203,4
120,3,AECI,TEPC,1605506400,245.484,218.019,2
120,3,AECI,TEPC,1606824000,209.102,204.333,1
120,3,AECI,TEPC,1608141600,194.483,194.483,0
120,4,AECI,TEPC,1577836800,171.652,171.652,0
120,4,AECI,TEPC,1579154400,184.829,184.829,0
120,4,AECI,TEPC,1580472000,179.08,179.08,0
120,4,AECI,TEPC,1581789600,190.047,190.047,0
120,4,AECI,TEPC,1583107200,177.533,177.533,0
120,4,AECI,TEPC,1584424800,173.609,173.609,0
120,4,AECI,TEPC,1585742400,130.078,130.078,0
120,4,AECI,TEPC,1587060000,146.519,146.519,0
120,4,AECI,TEPC,1588377600,154.192,154.192,0
120,4,AECI,TEPC,1589695200,158.058,158.058,0
120,4,AECI,TEPC,1591012800,151.782,151.782,0
120,4,AECI,TEPC,1592330400,159.195,159.195,0
120,4,AECI,TEPC,1593648000,183.868,183.868,0
120,4,AECI,TEPC,1594965600,175.21,175.21,0
120,4,AECI,TEPC,1596283200,180.832,180.832,0
120,4,AECI,TEPC,1597600800,201.072,201.072,0
120,4,AECI,TEPC,1598918400,180.384,180.384,0
120,4,AECI,TEPC,1600236000,202.899,202.899,0
120,4,AECI,TEPC,1601553600,182.573,182.573,0
120,4,AECI,TEPC,1602871200,178.75,178.75,0
120,4,AECI,TEPC,1604188800,219.569,219.569,0
120,4,AECI,TEPC,1605506400,205.232,205.232,0
120,4,AECI,TEPC,1606824000,196.187,196.187,0
120,4,AECI,TEPC,1608141600,194.483,194.483,0
120,5,AECI,TEPC,1577836800,171.652,171.652,0
120,5,AECI,TEPC,1579154400,184.829,184.829,0
120,5,AECI,TEPC,1580472000,245.279,216.587,5
120,5,AECI,TEPC,1581789600,275.966,234.419,6
120,5,AECI,TEPC,1583107200,226.902,205.945,4
120,5,AECI,TEPC,1584424800,197.798,185.562,2
120,5,AECI,TEPC,1585742400,185.637,165.323,5
120,5,AECI,TEPC,1587060000,210.207,178.35,6
120,5,AECI,TEPC,1588377600,200.481,179.167,4
120,5,AECI,TEPC,1589695200,158.058,158.058,0
120,5,AECI,TEPC,1591012800,151.782,151.782,0
120,5,AECI,TEPC,1592330400,185.142,171.96,2
120,5,AECI,TEPC,1593648000,215.903,199.132,2
120,5,AECI,TEPC,1594965600,204.738,188.678,2
120,5,AECI,TEPC,1596283200,180.832,180.832,0
120,5,AECI,TEPC,1597600800,201.072,201.072,0
120,5,AECI,TEPC,1598918400,180.384,180.384,0
120,5,AECI,TEPC,1600236000,235.878,217.586,2
120,5,AECI,TEPC,1601553600,182.573,182.573,0
120,5,AECI,TEPC,1602871200,178.75,178.75,0
120,5,AECI,TEPC,1604188800,325.792,266.582,6
120,5,AECI,TEPC,1605506400,262.637,231.614,4
120,5,AECI,TEPC,1606824000,263.152,239.366,5
120,5,AECI,TEPC,1608141600,194.483,194.483,0
120,6,AECI,TEPC,1577836800,171.652,171.652,0
120,6,AECI,TEPC,1579154400,184.829,184.829,0
120,6,AECI,TEPC,1580472000,179.08,179.08,0
120,6,AECI,TEPC,1581789600,190.047,190.047,0
120,6,AECI,TEPC,1583107200,177.533,177.533,0
120,6,AECI,TEPC,1584424800,173.609,173.609,0
120,6,AECI,TEPC,1585742400,130.078,130.078,0
120,6,AECI,TEPC,1587060000,146.519,146.519,0
120,6,AECI,TEPC,1588377600,154.192,154.192,0
120,6,AECI,TEPC,1589695200,158.058,158.058,0
120,6,AECI,TEPC,1591012800,151.782,151.782,0
120,6,AECI,TEPC,1592330400,159.195,159.195,0
120,6,AECI,TEPC,1593648000,183.868,183.868,0
120,6,AECI,TEPC,1594965600,175.21,175.21,0
120,6,AECI,TEPC,1596283200,180.832,180.832,0
120,6,AECI,TEPC,1597600800,201.072,201.072,0
120,6,AECI,TEPC,1598918400,180.384,180.384,0
120,6,AECI,TEPC,1600236000,202.899,202.899,0
120,6,AECI,TEPC,1601553600,182.573,182.573,0
120,6,AECI,TEPC,1602871200,178.75,178.75,0
120,6,AECI,TEPC,1604188800,219.569,219.569,0
120,6,AECI,TEPC,1605506400,205.232,205.232,0
120,6,AECI,TEPC,1606824000,196.187,196.187,0
120,6,AECI,TEPC,1608141600,194.483,194.483,0
120,1,BANC,CISO,1577836800,76.253,76.253,0
120,1,BANC,CISO,1579154400,81.548,81.548,0
120,1,BANC,CISO,1580472000,55.83,55.83,0
120,1,BANC,CISO,1581789600,52.267,52.267,0
120,1,BANC,CISO,1583107200,52.43,52.43,0
120,1,BANC,CISO,1584424800,83.316,83.316,0
120,1,BANC,CISO,1585742400,44.33,44.33,0
120,1,BANC,CISO,1587060000,33.313,33.313,0
120,1,BANC,CISO,1588377600,42.749,42.749,0
120,1,BANC,CISO,1589695200,42.187,42.187,0
120,1,BANC,CISO,1591012800,42.378,42.378,0
120,1,BANC,CISO,1592330400,40.383,40.383,0
120,1,BANC,CISO,1593648000,37.688,37.688,0
120,1,BANC,CISO,1594965600,55.204,55.204,0
120,1,BANC,CISO,1596283200,56.684,56.684,0
120,1,BANC,CISO,1597600800,78.197,78.197,0
120,1,BANC,CISO,1598918400,75.022,75.022,0
120,1,BANC,CISO,1600236000,80.174,80.174,0
120,1,BANC,CISO,1601553600,81.036,81.036,0
120,1,BANC,CISO,1602871200,74.249,74.249,0
120,1,BANC,CISO,1604188800,87.09,87.09,0
120,1,BANC,CISO,1605506400,93.475,93.475,0
120,1,BANC,CISO,1606824000,108.643,108.643,0
120,1,BANC,CISO,1608141600,91.972,91.972,0
120,2,BANC,CISO,1577836800,88.413,81.551,2
120,2,BANC,CISO,1579154400,81.548,81.548,0
120,2,BANC,CISO,1580472000,55.83,55.83,0
120,2,BANC,CISO,1581789600,83.802,67.797,6
120,2,BANC,CISO,1583107200,61.279,55.994,2
120,2,BANC,CISO,1584424800,83.316,83.316,0
120,2,BANC,CISO,1585742400,51.979,47.452,2
120,2,BANC,CISO,1587060000,33.313,33.313,0
120,2,BANC,CISO,1588377600,63.052,52.041,6
120,2,BANC,CISO,1589695200,54.315,50.011,4
120,2,BANC,CISO,1591012800,42.378,42.378,0
120,2,BANC,CISO,1592330400,54.933,48.328,4
120,2,BANC,CISO,1593648000,44.007,40.676,2
120,2,BANC,CISO,1594965600,76.017,65.505,4
120,2,BANC,CISO,1596283200,88.168,72.124,6
120,2,BANC,CISO,1597600800,78.197,78.197,0
120,2,BANC,CISO,1598918400,100.77,86.811,4
120,2,BANC,CISO,1600236000,80.174,80.174,0
120,2,BANC,CISO,1601553600,81.036,81.036,0
120,2,BANC,CISO,1602871200,74.249,74.249,0
120,2,BANC,CISO,1604188800,100.019,91.497,2
120,2,BANC,CISO,1605506400,128.005,112.082,4
120,2,BANC,CISO,1606824000,149.837,130.308,5
120,2,BANC,CISO,1608141600,135.369,110.314,6
120,3,BANC,CISO,1577836800,89.562,81.551,2
120,3,BANC,CISO,1579154400,81.548,81.548,0
120,3,BANC,CISO,1580472000,55.83,55.83,0
120,3,BANC,CISO,1581789600,57.428,55.191,1
120,3,BANC,CISO,1583107200,61.642,55.994,2
120,3,BANC,CISO,1584424800,83.316,83.316,0
120,3,BANC,CISO,1585742400,44.33,44.33,0
120,3,BANC,CISO,1587060000,36.172,34.563,1
120,3,BANC,CISO,1588377600,66.752,48.752,4
120,3,BANC,CISO,1589695200,51.153,46.136,2
120,3,BANC,CISO,1591012800,42.378,42.378,0
120,3,BANC,CISO,1592330400,53.398,46.13,3
120,3,BANC,CISO,1593648000,45.07,40.676,2
120,3,BANC,CISO,1594965600,55.204,55.204,0
120,3,BANC,CISO,1596283200,56.684,56.684,0
120,3,BANC,CISO,1597600800,78.197,78.197,0
120,3,BANC,CISO,1598918400,90.376,79.78,2
120,3,BANC,CISO,1600236000,80.174,80.174,0
120,3,BANC,CISO,1601553600,81.036,81.036,0
120,3,BANC,CISO,1602871200,81.183,77.394,1
120,3,BANC,CISO,1604188800,87.09,87.09,0
120,3,BANC,CISO,1605506400,145.811,107.314,3
120,3,BANC,CISO,1606824000,131.896,113.865,1
120,3,BANC,CISO,1608141600,138.149,110.314,6
120,4,BANC,CISO,1577836800,76.253,76.253,0
120,4,BANC,CISO,1579154400,81.548,81.548,0
120,4,BANC,CISO,1580472000,55.83,55.83,0
120,4,BANC,CISO,1581789600,52.267,52.267,0
120,4,BANC,CISO,1583107200,52.43,52.43,0
120,4,BANC,CISO,1584424800,83.316,83.316,0
120,4,BANC,CISO,1585742400,44.33,44.33,0
120,4,BANC,CISO,1587060000,33.313,33.313,0
120,4,BANC,CISO,1588377600,42.749,42.749,0
120,4,BANC,CISO,1589695200,42.187,42.187,0
120,4,BANC,CISO,1591012800,42.378,42.378,0
120,4,BANC,CISO,1592330400,40.383,40.383,0
120,4,BANC,CISO,1593648000,37.688,37.688,0
120,4,BANC,CISO,1594965600,55.204,55.204,0
120,4,BANC,CISO,1596283200,56.684,56.684,0
120,4,BANC,CISO,1597600800,78.197,78.197,0
120,4,BANC,CISO,1598918400,75.022,75.022,0
120,4,BANC,CISO,1600236000,80.174,80.174,0
120,4,BANC,CISO,1601553600,81.036,81.036,0
120,4,BANC,CISO,1602871200,74.249,74.249,0
120,4,BANC,CISO,1604188800,87.09,87.09,0
120,4,BANC,CISO,1605506400,93.475,93.475,0
120,4,BANC,CISO,1606824000,108.643,108.643,0
120,4,BANC,CISO,1608141600,91.972,91.972,0
120,5,BANC,CISO,1577836800,87.505,81.551,2
120,5,BANC,CISO,1579154400,81.548,81.548,0
120,5,BANC,CISO,1580472000,55.83,55.83,0
120,5,BANC,CISO,1581789600,81.338,67.797,6
120,5,BANC,CISO,1583107200,60.914,55.994,2
120,5,BANC,CISO,1584424800,83.316,83.316,0
120,5,BANC,CISO,1585742400,51.325,47.452,2
120,5,BANC,CISO,1587060000,33.313,33.313,0
120,5,BANC,CISO,1588377600,50.603,48.752,4
120,5,BANC,CISO,1589695200,56.167,52.492,5
120,5,BANC,CISO,1591012800,42.378,42.378,0
120,5,BANC,CISO,1592330400,54.144,48.328,4
120,5,BANC,CISO,1593648000,43.752,40.676,2
120,5,BANC,CISO,1594965600,75.506,65.505,4
120,5,BANC,CISO,1596283200,86.453,72.124,6
120,5,BANC,CISO,1597600800,78.197,78.197,0
120,5,BANC,CISO,1598918400,99.941,86.811,4
120,5,BANC,CISO,1600236000,80.174,80.174,0
120,5,BANC,CISO,1601553600,81.036,81.036,0
120,5,BANC,CISO,1602871200,74.249,74.249,0
120,5,BANC,CISO,1604188800,99.567,91.497,2
120,5,BANC,CISO,1605506400,124.55,112.082,4
120,5,BANC,CISO,1606824000,148.234,130.308,5
120,5,BANC,CISO,1608141600,131.355,110.314,6
120,6,BANC,CISO,1577836800,76.253,76.253,0
120,6,BANC,CISO,1579154400,81.548,81.548,0
120,6,BANC,CISO,1580472000,55.83,55.83,0
120,6,BANC,CISO,1581789600,52.267,52.267,0
120,6,BANC,CISO,1583107200,52.43,52.43,0
120,6,BANC,CISO,1584424800,83.316,83.316,0
120,6,BANC,CISO,1585742400,44.33,44.33,0
120,6,BANC,CISO,1587060000,33.313,33.313,0
120,6,BANC,CISO,1588377600,42.749,42.749,0
120,6,BANC,CISO,1589695200,42.187,42.187,0
120,6,BANC,CISO,1591012800,42.378,42.378,0
120,6,BANC,CISO,1592330400,40.383,40.383,0
120,6,BANC,CISO,1593648000,37.688,37.688,0
120,6,BANC,CISO,1594965600,55.204,55.204,0
120,6,BANC,CISO,1596283200,56.684,56.684,0
120,6,BANC,CISO,1597600800,78.197,78.197,0
120,6,BANC,CISO,1598918400,75.022,75.022,0
120,6,BANC,CISO,1600236000,80.174,80.174,0
120,6,BANC,CISO,1601553600,81.036,81.036,0
120,6,BANC,CISO,1602871200,74.249,74.249,0
120,6,BANC,CISO,1604188800,87.09,87.09,0
120,6,BANC,CISO,1605506400,93.475,93.475,0
120,6,BANC,CISO,1606824000,108.643,108.643,0
120,6,BANC,CISO,1608141600,91.972,91.972,0
120,1,CISO,BANC,1577836800,130.428,130.428,0
120,1,CISO,BANC,1579154400,140.472,140.472,0
120,1,CISO,BANC,1580472000,117.952,117.952,0
120,1,CISO,BANC,1581789600,103.569,103.569,0
120,1,CISO,BANC,1583107200,104.144,104.144,0
120,1,CISO,BANC,1584424800,135.48,135.48,0
120,1,CISO,BANC,1585742400,79.732,79.732,0
120,1,CISO,BANC,1587060000,80.679,80.679,0
120,1,CISO,BANC,1588377600,56.36,56.36,0
120,1,CISO,BANC,1589695200,62.849,62.849,0
120,1,CISO,BANC,1591012800,94.687,94.687,0
120,1,CISO,BANC,1592330400,66.377,66.377,0
120,1,CISO,BANC,1593648000,73.665,73.665,0
120,1,CISO,BANC,1594965600,90.516,90.516,0
120,1,CISO,BANC,1596283200,92.419,92.419,0
120,1,CISO,BANC,1597600800,127.384,127.384,0
120,1,CISO,BANC,1598918400,110.116,110.116,0
120,1,CISO,BANC,1600236000,126.99,126.99,0
120,1,CISO,BANC,1601553600,129.978,129.978,0
120,1,CISO,BANC,1602871200,142.021,142.021,0
120,1,CISO,BANC,1604188800,143.8,143.8,0
120,1,CISO,BANC,1605506400,123.623,123.623,0
120,1,CISO,BANC,1606824000,121.375,121.375,0
120,1,CISO,BANC,1608141600,120.762,120.762,0
120,2,CISO,BANC,1577836800,99.352,150.855,3
120,2,CISO,BANC,1579154400,93.996,147.439,1
120,2,CISO,BANC,1580472000,66.174,123.407,1
120,2,CISO,BANC,1581789600,89.697,135.647,7
120,2,CISO,BANC,1583107200,67.427,120.048,3
120,2,CISO,BANC,1584424800,95.647,141.612,1
120,2,CISO,BANC,1585742400,59.763,89.078,3
120,2,CISO,BANC,1587060000,36.376,82.241,1
120,2,CISO,BANC,1588377600,57.632,70.434,5
120,2,CISO,BANC,1589695200,65.324,78.348,6
120,2,CISO,BANC,1591012800,49.36,99.409,1
120,2,CISO,BANC,1592330400,50.581,73.619,3
120,2,CISO,BANC,1593648000,48.925,85.411,3
120,2,CISO,BANC,1594965600,89.595,112.713,6
120,2,CISO,BANC,1596283200,96.205,114.835,7
120,2,CISO,BANC,1597600800,86.217,132.105,1
120,2,CISO,BANC,1598918400,110.115,135.604,5
120,2,CISO,BANC,1600236000,90.766,132.825,1
120,2,CISO,BANC,1601553600,91.596,135.594,1
120,2,CISO,BANC,1602871200,82.369,145.373,1
120,2,CISO,BANC,1604188800,109.48,163.232,3
120,2,CISO,BANC,1605506400,139.463,150.483,5
120,2,CISO,BANC,1606824000,168.657,153.879,7
120,2,CISO,BANC,1608141600,144.69,155.775,7
120,3,CISO,BANC,1577836800,86.957,136.984,1
120,3,CISO,BANC,1579154400,93.996,147.439,1
120,3,CISO,BANC,1580472000,66.174,123.407,1
120,3,CISO,BANC,1581789600,63.425,108.751,2
120,3,CISO,BANC,1583107200,58.568,108.396,1
120,3,CISO,BANC,1584424800,95.647,141.612,1
120,3,CISO,BANC,1585742400,51.431,83.754,1
120,3,CISO,BANC,1587060000,39.536,83.791,2
120,3,CISO,BANC,1588377600,62.978,64.556,3
120,3,CISO,BANC,1589695200,56.797,71.557,3
120,3,CISO,BANC,1591012800,49.36,99.409,1
120,3,CISO,BANC,1592330400,48.258,70.906,2
120,3,CISO,BANC,1593648000,48.781,85.411,3
120,3,CISO,BANC,1594965600,62.998,95.128,1
120,3,CISO,BANC,1596283200,64.564,96.285,1
120,3,CISO,BANC,1597600800,86.217,132.105,1
120,3,CISO,BANC,1598918400,94.952,125.298,3
120,3,CISO,BANC,1600236000,90.766,132.825,1
120,3,CISO,BANC,1601553600,91.596,135.594,1
120,3,CISO,BANC,1602871200,90.152,148.958,2
120,3,CISO,BANC,1604188800,96.335,149.845,1
120,3,CISO,BANC,1605506400,137.25,134.389,2
120,3,CISO,BANC,1606824000,121.375,121.375,0
120,3,CISO,BANC,1608141600,106.588,127.714,2
120,4,CISO,BANC,1577836800,86.957,136.984,1
120,4,CISO,BANC,1579154400,93.996,147.439,1
120,4,CISO,BANC,1580472000,66.174,123.407,1
120,4,CISO,BANC,1581789600,58.289,106.124,1
120,4,CISO,BANC,1583107200,58.568,108.396,1
120,4,CISO,BANC,1584424800,95.647,141.612,1
120,4,CISO,BANC,1585742400,51.431,83.754,1
120,4,CISO,BANC,1587060000,36.376,82.241,1
120,4,CISO,BANC,1588377600,52.459,58.067,1
120,4,CISO,BANC,1589695200,48.86,65.806,1
120,4,CISO,BANC,1591012800,49.36,99.409,1
120,4,CISO,BANC,1592330400,42.949,68.483,1
120,4,CISO,BANC,1593648000,42.501,76.823,1
120,4,CISO,BANC,1594965600,62.998,95.128,1
120,4,CISO,BANC,1596283200,64.564,96.285,1
120,4,CISO,BANC,1597600800,86.217,132.105,1
120,4,CISO,BANC,1598918400,82.411,114.727,1
120,4,CISO,BANC,1600236000,90.766,132.825,1
120,4,CISO,BANC,1601553600,91.596,135.594,1
120,4,CISO,BANC,1602871200,82.369,145.373,1
120,4,CISO,BANC,1604188800,96.335,149.845,1
120,4,CISO,BANC,1605506400,105.648,129.055,1
120,4,CISO,BANC,1606824000,121.375,121.375,0
120,4,CISO,BANC,1608141600,107.808,124.225,1
120,5,CISO,BANC,1577836800,98.444,150.855,3
120,5,CISO,BANC,1579154400,93.996,147.439,1
120,5,CISO,BANC,1580472000,66.174,123.407,1
120,5,CISO,BANC,1581789600,87.232,135.647,7
120,5,CISO,BANC,1583107200,67.062,120.048,3
120,5,CISO,BANC,1584424800,95.647,141.612,1
120,5,CISO,BANC,1585742400,75.684,98.069,7
120,5,CISO,BANC,1587060000,36.376,82.241,1
120,5,CISO,BANC,1588377600,53.975,70.434,5
120,5,CISO,BANC,1589695200,62.722,78.348,6
120,5,CISO,BANC,1591012800,49.36,99.409,1
120,5,CISO,BANC,1592330400,49.792,73.619,3
120,5,CISO,BANC,1593648000,48.67,85.411,3
120,5,CISO,BANC,1594965600,88.478,112.713,6
120,5,CISO,BANC,1596283200,94.49,114.835,7
120,5,CISO,BANC,1597600800,86.217,132.105,1
120,5,CISO,BANC,1598918400,109.286,135.604,5
120,5,CISO,BANC,1600236000,90.766,132.825,1
120,5,CISO,BANC,1601553600,91.596,135.594,1
120,5,CISO,BANC,1602871200,82.369,145.373,1
120,5,CISO,BANC,1604188800,109.029,163.232,3
120,5,CISO,BANC,1605506400,143.875,154.471,6
120,5,CISO,BANC,1606824000,166.038,153.879,7
120,5,CISO,BANC,1608141600,125.927,143.781,5
120,6,CISO,BANC,1577836800,86.957,136.984,1
120,6,CISO,BANC,1579154400,93.996,147.439,1
120,6,CISO,BANC,1580472000,66.174,123.407,1
120,6,CISO,BANC,1581789600,58.289,106.124,1
120,6,CISO,BANC,1583107200,58.568,108.396,1
120,6,CISO,BANC,1584424800,95.647,141.612,1
120,6,CISO,BANC,1585742400,51.431,83.754,1
120,6,CISO,BANC,1587060000,36.376,82.241,1
120,6,CISO,BANC,1588377600,45.975,58.067,1
120,6,CISO,BANC,1589695200,48.86,65.806,1
120,6,CISO,BANC,1591012800,49.36,99.409,1
120,6,CISO,BANC,1592330400,42.949,68.483,1
120,6,CISO,BANC,1593648000,42.501,76.823,1
120,6,CISO,BANC,1594965600,62.998,95.128,1
120,6,CISO,BANC,1596283200,64.564,96.285,1
120,6,CISO,BANC,1597600800,86.217,132.105,1
120,6,CISO,BANC,1598918400,82.411,114.727,1
120,6,CISO,BANC,1600236000,90.766,132.825,1
120,6,CISO,BANC,1601553600,91.596,135.594,1
120,6,CISO,BANC,1602871200,82.369,145.373,1
120,6,CISO,BANC,1604188800,96.335,149.845,1
120,6,CISO,BANC,1605506400,105.648,129.055,1
120,6,CISO,BANC,1606824000,119.536,127.209,1
120,6,CISO,BANC,1608141600,99.87,124.225,1
120,1,EPE,AECI,1577836800,202.093,202.093,0
120,1,EPE,AECI,1579154400,207.289,207.289,0
120,1,EPE,AECI,1580472000,181.504,181.504,0
120,1,EPE,AECI,1581789600,175.974,175.974,0
120,1,EPE,AECI,1583107200,202.541,202.541,0
120,1,EPE,AECI,1584424800,204.307,204.307,0
120,1,EPE,AECI,1585742400,164.605,164.605,0
120,1,EPE,AECI,1587060000,171.684,171.684,0
120,1,EPE,AECI,1588377600,183.602,183.602,0
120,1,EPE,AECI,1589695200,189.282,189.282,0
120,1,EPE,AECI,1591012800,195.852,195.852,0
120,1,EPE,AECI,1592330400,195.157,195.157,0
120,1,EPE,AECI,1593648000,198.016,198.016,0
120,1,EPE,AECI,1594965600,209.436,209.436,0
120,1,EPE,AECI,1596283200,204.715,204.715,0
120,1,EPE,AECI,1597600800,214.763,214.763,0
120,1,EPE,AECI,1598918400,203.471,203.471,0
120,1,EPE,AECI,1600236000,199.728,199.728,0
120,1,EPE,AECI,1601553600,220.07,220.07,0
120,1,EPE,AECI,1602871200,223.978,223.978,0
120,1,EPE,AECI,1604188800,214.945,214.945,0
120,1,EPE,AECI,1605506400,203.959,203.959,0
120,1,EPE,AECI,1606824000,198.83,198.83,0
120,1,EPE,AECI,1608141600,215.454,215.454,0
120,2,EPE,AECI,1577836800,220.213,229.494,3
120,2,EPE,AECI,1579154400,261.602,253.799,5
120,2,EPE,AECI,1580472000,257.604,225.872,6
120,2,EPE,AECI,1581789600,275.191,230.649,7
120,2,EPE,AECI,1583107200,249.673,247.332,5
120,2,EPE,AECI,1584424800,217.094,228.26,3
120,2,EPE,AECI,1585742400,158.02,178.055,2
120,2,EPE,AECI,1587060000,179.118,191.227,3
120,2,EPE,AECI,1588377600,218.778,222.389,5
120,2,EPE,AECI,1589695200,202.24,217.002,3
120,2,EPE,AECI,1591012800,169.433,204.385,1
120,2,EPE,AECI,1592330400,173.158,202.922,1
120,2,EPE,AECI,1593648000,289.133,260.151,7
120,2,EPE,AECI,1594965600,192.443,218.743,1
120,2,EPE,AECI,1596283200,229.13,229.252,3
120,2,EPE,AECI,1597600800,300.068,263.331,6
120,2,EPE,AECI,1598918400,255.767,248.069,5
120,2,EPE,AECI,1600236000,293.692,253.805,6
120,2,EPE,AECI,1601553600,266.558,263.533,5
120,2,EPE,AECI,1602871200,302.434,288.655,7
120,2,EPE,AECI,1604188800,285.785,260.877,5
120,2,EPE,AECI,1605506400,331.753,275.31,9
120,2,EPE,AECI,1606824000,303.31,257.877,7
120,2,EPE,AECI,1608141600,240.322,241.039,3
120,3,EPE,AECI,1577836800,202.093,202.093,0
120,3,EPE,AECI,1579154400,207.289,207.289,0
120,3,EPE,AECI,1580472000,198.019,197.952,2
120,3,EPE,AECI,1581789600,175.974,175.974,0
120,3,EPE,AECI,1583107200,202.541,202.541,0
120,3,EPE,AECI,1584424800,211.822,212.501,1
120,3,EPE,AECI,1585742400,172.632,178.055,2
120,3,EPE,AECI,1587060000,171.684,171.684,0
120,3,EPE,AECI,1588377600,183.602,183.602,0
120,3,EPE,AECI,1589695200,202.961,198.114,1
120,3,EPE,AECI,1591012800,183.972,211.947,2
120,3,EPE,AECI,1592330400,203.545,218.62,3
120,3,EPE,AECI,1593648000,198.016,198.016,0
120,3,EPE,AECI,1594965600,241.471,237.646,3
120,3,EPE,AECI,1596283200,222.893,221.626,2
120,3,EPE,AECI,1597600800,214.763,214.763,0
120,3,EPE,AECI,1598918400,280.585,248.069,5
120,3,EPE,AECI,1600236000,199.728,199.728,0
120,3,EPE,AECI,1601553600,212.235,230.255,1
120,3,EPE,AECI,1602871200,216.097,241.065,2
120,3,EPE,AECI,1604188800,214.945,214.945,0
120,3,EPE,AECI,1605506400,212.952,212.743,1
120,3,EPE,AECI,1606824000,231.29,216.397,2
120,3,EPE,AECI,1608141600,247.071,232.157,2
120,4,EPE,AECI,1577836800,202.093,202.093,0
120,4,EPE,AECI,1579154400,207.289,207.289,0
120,4,EPE,AECI,1580472000,181.504,181.504,0
120,4,EPE,AECI,1581789600,175.974,175.974,0
120,4,EPE,AECI,1583107200,202.541,202.541,0
120,4,EPE,AECI,1584424800,204.307,204.307,0
120,4,EPE,AECI,1585742400,145.024,171.887,1
120,4,EPE,AECI,1587060000,182.42,177.835,1
120,4,EPE,AECI,1588377600,183.602,183.602,0
120,4,EPE,AECI,1589695200,189.282,189.282,0
120,4,EPE,AECI,1591012800,195.852,195.852,0
120,4,EPE,AECI,1592330400,195.157,195.157,0
120,4,EPE,AECI,1593648000,198.016,198.016,0
120,4,EPE,AECI,1594965600,209.436,209.436,0
120,4,EPE,AECI,1596283200,204.715,204.715,0
120,4,EPE,AECI,1597600800,214.763,214.763,0
120,4,EPE,AECI,1598918400,203.471,203.471,0
120,4,EPE,AECI,1600236000,199.728,199.728,0
120,4,EPE,AECI,1601553600,220.07,220.07,0
120,4,EPE,AECI,1602871200,223.978,223.978,0
120,4,EPE,AECI,1604188800,214.945,214.945,0
120,4,EPE,AECI,1605506400,203.959,203.959,0
120,4,EPE,AECI,1606824000,198.83,198.83,0
120,4,EPE,AECI,1608141600,215.454,215.454,0
120,5,EPE,AECI,1577836800,219.871,229.494,3
120,5,EPE,AECI,1579154400,260.152,253.799,5
120,5,EPE,AECI,1580472000,270.023,233.842,7
120,5,EPE,AECI,1581789600,273.498,230.649,7
120,5,EPE,AECI,1583107200,247.795,247.332,5
120,5,EPE,AECI,1584424800,216.449,228.26,3
120,5,EPE,AECI,1585742400,158.169,178.055,2
120,5,EPE,AECI,1587060000,177.969,191.227,3
120,5,EPE,AECI,1588377600,216.455,222.389,5
120,5,EPE,AECI,1589695200,201.547,217.002,3
120,5,EPE,AECI,1591012800,169.433,204.385,1
120,5,EPE,AECI,1592330400,173.061,202.922,1
120,5,EPE,AECI,1593648000,286.702,260.151,7
120,5,EPE,AECI,1594965600,192.443,218.743,1
120,5,EPE,AECI,1596283200,228.611,229.252,3
120,5,EPE,AECI,1597600800,298.282,263.331,6
120,5,EPE,AECI,1598918400,255.16,248.069,5
120,5,EPE,AECI,1600236000,290.31,253.805,6
120,5,EPE,AECI,1601553600,265.272,263.533,5
120,5,EPE,AECI,1602871200,298.129,288.655,7
120,5,EPE,AECI,1604188800,284.168,260.877,5
120,5,EPE,AECI,1605506400,327.149,275.31,9
120,5,EPE,AECI,1606824000,299.246,257.877,7
120,5,EPE,AECI,1608141600,237.997,241.039,3
120,6,EPE,AECI,1577836800,187.761,211.05,1
120,6,EPE,AECI,1579154400,201.727,216.32,1
120,6,EPE,AECI,1580472000,184.301,189.855,1
120,6,EPE,AECI,1581789600,175.974,175.974,0
120,6,EPE,AECI,1583107200,195.056,211.425,1
120,6,EPE,AECI,1584424800,190.081,212.501,1
120,6,EPE,AECI,1585742400,144.69,171.887,1
120,6,EPE,AECI,1587060000,156.954,177.835,1
120,6,EPE,AECI,1588377600,168.629,191.138,1
120,6,EPE,AECI,1589695200,175.311,198.114,1
120,6,EPE,AECI,1591012800,169.433,204.385,1
120,6,EPE,AECI,1592330400,173.011,202.922,1
120,6,EPE,AECI,1593648000,200.146,206.31,1
120,6,EPE,AECI,1594965600,192.443,218.743,1
120,6,EPE,AECI,1596283200,198.242,213.686,1
120,6,EPE,AECI,1597600800,217.613,222.614,1
120,6,EPE,AECI,1598918400,195.867,212.166,1
120,6,EPE,AECI,1600236000,199.728,199.728,0
120,6,EPE,AECI,1601553600,200.934,230.255,1
120,6,EPE,AECI,1602871200,195.52,232.656,1
120,6,EPE,AECI,1604188800,214.945,214.945,0
120,6,EPE,AECI,1605506400,203.959,203.959,0
120,6,EPE,AECI,1606824000,198.83,198.83,0
120,6,EPE,AECI,1608141600,209.42,223.802,1
120,1,EPE,PSCO,1577836800,202.093,202.093,0
120,1,EPE,PSCO,1579154400,207.289,207.289,0
120,1,EPE,PSCO,1580472000,181.504,181.504,0
120,1,EPE,PSCO,1581789600,175.974,175.974,0
120,1,EPE,PSCO,1583107200,202.541,202.541,0
120,1,EPE,PSCO,1584424800,204.307,204.307,0
120,1,EPE,PSCO,1585742400,164.605,164.605,0
120,1,EPE,PSCO,1587060000,171.684,171.684,0
120,1,EPE,PSCO,1588377600,183.602,183.602,0
120,1,EPE,PSCO,1589695200,189.282,189.282,0
120,1,EPE,PSCO,1591012800,195.852,195.852,0
120,1,EPE,PSCO,1592330400,195.157,195.157,0
120,1,EPE,PSCO,1593648000,198.016,198.016,0
120,1,EPE,PSCO,1594965600,209.436,209.436,0
120,1,EPE,PSCO,1596283200,204.715,204.715,0
120,1,EPE,PSCO,1597600800,214.763,214.763,0
120,1,EPE,PSCO,1598918400,203.471,203.471,0
120,1,EPE,PSCO,1600236000,199.728,199.728,0
120,1,EPE,PSCO,1601553600,220.07,220.07,0
120,1,EPE,PSCO,1602871200,223.978,223.978,0
120,1,EPE,PSCO,1604188800,214.945,214.945,0
120,1,EPE,PSCO,1605506400,203.959,203.959,0
120,1,EPE,PSCO,1606824000,198.83,198.83,0
120,1,EPE,PSCO,1608141600,215.454,215.454,0
120,2,EPE,PSCO,1577836800,279.731,247.735,5
120,2,EPE,PSCO,1579154400,284.423,270.145,7
120,2,EPE,PSCO,1580472000,296.543,249.596,9
120,2,EPE,PSCO,1581789600,234.573,204.538,4
120,2,EPE,PSCO,1583107200,307.524,264.097,7
120,2,EPE,PSCO,1584424800,264.738,236.223,4
120,2,EPE,PSCO,1585742400,189.595,178.055,2
120,2,EPE,PSCO,1587060000,198.917,184.379,2
120,2,EPE,PSCO,1588377600,275.434,237.534,7
120,2,EPE,PSCO,1589695200,205.15,217.002,3
120,2,EPE,PSCO,1591012800,264.433,227.161,4
120,2,EPE,PSCO,1592330400,239.036,227.173,4
120,2,EPE,PSCO,1593648000,252.641,241.71,5
120,2,EPE,PSCO,1594965600,305.353,263.57,6
120,2,EPE,PSCO,1596283200,266.088,244.835,5
120,2,EPE,PSCO,1597600800,253.037,246.84,4
120,2,EPE,PSCO,1598918400,250.762,229.925,3
120,2,EPE,PSCO,1600236000,267.082,253.805,6
120,2,EPE,PSCO,1601553600,347.79,301.899,9
120,2,EPE,PSCO,1602871200,317.463,288.655,7
120,2,EPE,PSCO,1604188800,354.527,288.812,8
120,2,EPE,PSCO,1605506400,268.355,246.289,5
120,2,EPE,PSCO,1606824000,163.059,208.024,1
120,2,EPE,PSCO,1608141600,187.534,223.802,1
120,3,EPE,PSCO,1577836800,286.389,247.735,5
120,3,EPE,PSCO,1579154400,183.637,216.32,1
120,3,EPE,PSCO,1580472000,181.798,189.855,1
120,3,EPE,PSCO,1581789600,202.622,188.97,2
120,3,EPE,PSCO,1583107200,211.787,211.425,1
120,3,EPE,PSCO,1584424800,235.469,220.305,2
120,3,EPE,PSCO,1585742400,164.605,164.605,0
120,3,EPE,PSCO,1587060000,171.684,171.684,0
120,3,EPE,PSCO,1588377600,183.602,183.602,0
120,3,EPE,PSCO,1589695200,188.545,198.114,1
120,3,EPE,PSCO,1591012800,195.852,195.852,0
120,3,EPE,PSCO,1592330400,210.821,210.702,2
120,3,EPE,PSCO,1593648000,226.696,223.395,3
120,3,EPE,PSCO,1594965600,223.854,218.743,1
120,3,EPE,PSCO,1596283200,216.752,213.686,1
120,3,EPE,PSCO,1597600800,219.21,230.415,2
120,3,EPE,PSCO,1598918400,203.471,203.471,0
120,3,EPE,PSCO,1600236000,190.106,208.783,1
120,3,EPE,PSCO,1601553600,213.142,230.255,1
120,3,EPE,PSCO,1602871200,237.536,241.065,2
120,3,EPE,PSCO,1604188800,214.945,214.945,0
120,3,EPE,PSCO,1605506400,218.041,212.743,1
120,3,EPE,PSCO,1606824000,163.059,208.024,1
120,3,EPE,PSCO,1608141600,187.534,223.802,1
120,4,EPE,PSCO,1577836800,202.093,202.093,0
120,4,EPE,PSCO,1579154400,183.244,216.32,1
120,4,EPE,PSCO,1580472000,181.504,181.504,0
120,4,EPE,PSCO,1581789600,175.974,175.974,0
120,4,EPE,PSCO,1583107200,202.541,202.541,0
120,4,EPE,PSCO,1584424800,204.307,204.307,0
120,4,EPE,PSCO,1585742400,164.605,164.605,0
120,4,EPE,PSCO,1587060000,171.684,171.684,0
120,4,EPE,PSCO,1588377600,183.602,183.602,0
120,4,EPE,PSCO,1589695200,186.471,198.114,1
120,4,EPE,PSCO,1591012800,195.852,195.852,0
120,4,EPE,PSCO,1592330400,195.157,195.157,0
120,4,EPE,PSCO,1593648000,198.016,198.016,0
120,4,EPE,PSCO,1594965600,209.436,209.436,0
120,4,EPE,PSCO,1596283200,204.715,204.715,0
120,4,EPE,PSCO,1597600800,214.763,214.763,0
120,4,EPE,PSCO,1598918400,203.471,203.471,0
120,4,EPE,PSCO,1600236000,199.728,199.728,0
120,4,EPE,PSCO,1601553600,220.07,220.07,0
120,4,EPE,PSCO,1602871200,223.978,223.978,0
120,4,EPE,PSCO,1604188800,214.945,214.945,0
120,4,EPE,PSCO,1605506400,203.959,203.959,0
120,4,EPE,PSCO,1606824000,163.059,208.024,1
120,4,EPE,PSCO,1608141600,205.024,223.802,1
120,5,EPE,PSCO,1577836800,276.142,247.735,5
120,5,EPE,PSCO,1579154400,280.262,270.145,7
120,5,EPE,PSCO,1580472000,292.698,249.596,9
120,5,EPE,PSCO,1581789600,232.955,204.538,4
120,5,EPE,PSCO,1583107200,304.349,264.097,7
120,5,EPE,PSCO,1584424800,263.966,236.223,4
120,5,EPE,PSCO,1585742400,186.539,178.055,2
120,5,EPE,PSCO,1587060000,197.808,184.379,2
120,5,EPE,PSCO,1588377600,271.587,237.534,7
120,5,EPE,PSCO,1589695200,203.282,217.002,3
120,5,EPE,PSCO,1591012800,227.465,211.947,2
120,5,EPE,PSCO,1592330400,236.216,227.173,4
120,5,EPE,PSCO,1593648000,251.286,241.71,5
120,5,EPE,PSCO,1594965600,302.736,263.57,6
120,5,EPE,PSCO,1596283200,265.767,244.835,5
120,5,EPE,PSCO,1597600800,251.822,246.84,4
120,5,EPE,PSCO,1598918400,248.87,229.925,3
120,5,EPE,PSCO,1600236000,263.684,253.805,6
120,5,EPE,PSCO,1601553600,342.072,301.899,9
120,5,EPE,PSCO,1602871200,313.949,288.655,7
120,5,EPE,PSCO,1604188800,351.434,288.812,8
120,5,EPE,PSCO,1605506400,280.823,253.685,6
120,5,EPE,PSCO,1606824000,163.059,208.024,1
120,5,EPE,PSCO,1608141600,187.534,223.802,1
120,6,EPE,PSCO,1577836800,202.093,202.093,0
120,6,EPE,PSCO,1579154400,183.637,216.32,1
120,6,EPE,PSCO,1580472000,181.798,189.855,1
120,6,EPE,PSCO,1581789600,175.974,175.974,0
120,6,EPE,PSCO,1583107200,202.541,202.541,0
120,6,EPE,PSCO,1584424800,204.307,204.307,0
120,6,EPE,PSCO,1585742400,164.605,164.605,0
120,6,EPE,PSCO,1587060000,171.684,171.684,0
120,6,EPE,PSCO,1588377600,183.602,183.602,0
120,6,EPE,PSCO,1589695200,188.545,198.114,1
120,6,EPE,PSCO,1591012800,195.852,195.852,0
120,6,EPE,PSCO,1592330400,195.204,202.922,1
120,6,EPE,PSCO,1593648000,196.505,206.31,1
120,6,EPE,PSCO,1594965600,209.436,209.436,0
120,6,EPE,PSCO,1596283200,210.681,213.686,1
120,6,EPE,PSCO,1597600800,206.794,222.614,1
120,6,EPE,PSCO,1598918400,203.471,203.471,0
120,6,EPE,PSCO,1600236000,190.106,208.783,1
120,6,EPE,PSCO,1601553600,213.142,230.255,1
120,6,EPE,PSCO,1602871200,222.936,232.656,1
120,6,EPE,PSCO,1604188800,214.945,214.945,0
120,6,EPE,PSCO,1605506400,203.959,203.959,0
120,6,EPE,PSCO,1606824000,163.059,208.024,1
120,6,EPE,PSCO,1608141600,187.534,223.802,1
120,1,PACE,AECI,1577836800,222.045,222.045,0
120,1,PACE,AECI,1579154400,234.433,234.433,0
120,1,PACE,AECI,1580472000,198.311,198.311,0
120,1,PACE,AECI,1581789600,196.827,196.827,0
120,1,PACE,AECI,1583107200,208.975,208.975,0
120,1,PACE,AECI,1584424800,252.452,252.452,0
120,1,PACE,AECI,1585742400,225.822,225.822,0
120,1,PACE,AECI,1587060000,224.401,224.401,0
120,1,PACE,AECI,1588377600,195.688,195.688,0
120,1,PACE,AECI,1589695200,218.514,218.514,0
120,1,PACE,AECI,1591012800,230.978,230.978,0
120,1,PACE,AECI,1592330400,200.767,200.767,0
120,1,PACE,AECI,1593648000,211.4,211.4,0
120,1,PACE,AECI,1594965600,197.864,197.864,0
120,1,PACE,AECI,1596283200,232.915,232.915,0
120,1,PACE,AECI,1597600800,252.895,252.895,0
120,1,PACE,AECI,1598918400,239.903,239.903,0
120,1,PACE,AECI,1600236000,257.912,257.912,0
120,1,PACE,AECI,1601553600,250.583,250.583,0
120,1,PACE,AECI,1602871200,211.548,211.548,0
120,1,PACE,AECI,1604188800,258.098,258.098,0
120,1,PACE,AECI,1605506400,230.758,230.758,0
120,1,PACE,AECI,1606824000,241.036,241.036,0
120,1,PACE,AECI,1608141600,221.431,221.431,0
120,2,PACE,AECI,1577836800,220.482,251.238,3
120,2,PACE,AECI,1579154400,236.106,263.698,3
120,2,PACE,AECI,1580472000,279.758,255.61,7
120,2,PACE,AECI,1581789600,258.074,240.95,5
120,2,PACE,AECI,1583107200,249.299,252.73,5
120,2,PACE,AECI,1584424800,193.718,264.664,1
120,2,PACE,AECI,1585742400,148.139,236.136,1
120,2,PACE,AECI,1587060000,184.493,248.597,3
120,2,PACE,AECI,1588377600,215.451,234.606,5
120,2,PACE,AECI,1589695200,208.503,246.57,3
120,2,PACE,AECI,1591012800,171.512,241.566,1
120,2,PACE,AECI,1592330400,194.331,228.339,3
120,2,PACE,AECI,1593648000,256.383,260.955,5
120,2,PACE,AECI,1594965600,315.579,279.659,9
120,2,PACE,AECI,1596283200,233.207,260.232,3
120,2,PACE,AECI,1597600800,220.023,262.641,1
120,2,PACE,AECI,1598918400,198.378,248.814,1
120,2,PACE,AECI,1600236000,223.813,268.524,1
120,2,PACE,AECI,1601553600,238.154,282.514,3
120,2,PACE,AECI,1602871200,323.36,292.855,9
120,2,PACE,AECI,1604188800,272.084,289.498,3
120,2,PACE,AECI,1605506400,282.967,278.346,5
120,2,PACE,AECI,1606824000,323.6,306.357,7
120,2,PACE,AECI,1608141600,277.482,270.722,5
120,3,PACE,AECI,1577836800,231.263,251.238,3
120,3,PACE,AECI,1579154400,255.173,263.698,3
120,3,PACE,AECI,1580472000,213.746,215.735,2
120,3,PACE,AECI,1581789600,196.827,196.827,0
120,3,PACE,AECI,1583107200,208.975,208.975,0
120,3,PACE,AECI,1584424800,193.718,264.664,1
120,3,PACE,AECI,1585742400,148.139,236.136,1
120,3,PACE,AECI,1587060000,161.363,232.124,1
120,3,PACE,AECI,1588377600,229.218,219.363,3
120,3,PACE,AECI,1589695200,206.947,246.57,3
120,3,PACE,AECI,1591012800,171.512,241.566,1
120,3,PACE,AECI,1592330400,172.325,209.922,1
120,3,PACE,AECI,1593648000,211.4,211.4,0
120,3,PACE,AECI,1594965600,199.502,208.244,1
120,3,PACE,AECI,1596283200,200.743,243.136,1
120,3,PACE,AECI,1597600800,286.838,291.84,4
120,3,PACE,AECI,1598918400,231.717,267.98,3
120,3,PACE,AECI,1600236000,264.246,291.387,3
120,3,PACE,AECI,1601553600,204.553,262.744,1
120,3,PACE,AECI,1602871200,274.885,243.066,4
120,3,PACE,AECI,1604188800,297.539,289.498,3
120,3,PACE,AECI,1605506400,234.759,239.826,1
120,3,PACE,AECI,1606824000,305.474,278.836,4
120,3,PACE,AECI,1608141600,218.537,231.251,1
120,4,PACE,AECI,1577836800,189.156,231.404,1
120,4,PACE,AECI,1579154400,205.586,244.419,1
120,4,PACE,AECI,1580472000,209.714,207.039,1
120,4,PACE,AECI,1581789600,213.049,204.537,1
120,4,PACE,AECI,1583107200,208.975,208.975,0
120,4,PACE,AECI,1584424800,193.718,264.664,1
120,4,PACE,AECI,1585742400,148.139,236.136,1
120,4,PACE,AECI,1587060000,161.363,232.124,1
120,4,PACE,AECI,1588377600,171.374,202.184,1
120,4,PACE,AECI,1589695200,178.298,228.222,1
120,4,PACE,AECI,1591012800,171.512,241.566,1
120,4,PACE,AECI,1592330400,186.049,209.922,1
120,4,PACE,AECI,1593648000,211.4,211.4,0
120,4,PACE,AECI,1594965600,197.864,197.864,0
120,4,PACE,AECI,1596283200,222.852,243.136,1
120,4,PACE,AECI,1597600800,252.895,252.895,0
120,4,PACE,AECI,1598918400,198.378,248.814,1
120,4,PACE,AECI,1600236000,257.912,257.912,0
120,4,PACE,AECI,1601553600,229.143,262.744,1
120,4,PACE,AECI,1602871200,211.548,211.548,0
120,4,PACE,AECI,1604188800,258.098,258.098,0
120,4,PACE,AECI,1605506400,234.92,239.826,1
120,4,PACE,AECI,1606824000,241.036,241.036,0
120,4,PACE,AECI,1608141600,221.431,221.431,0
120,5,PACE,AECI,1577836800,220.224,251.238,3
120,5,PACE,AECI,1579154400,235.413,263.698,3
120,5,PACE,AECI,1580472000,274.635,255.61,7
120,5,PACE,AECI,1581789600,253.923,240.95,5
120,5,PACE,AECI,1583107200,246.602,252.73,5
120,5,PACE,AECI,1584424800,193.718,264.664,1
120,5,PACE,AECI,1585742400,148.139,236.136,1
120,5,PACE,AECI,1587060000,184.004,248.597,3
120,5,PACE,AECI,1588377600,210.259,234.606,5
120,5,PACE,AECI,1589695200,205.95,246.57,3
120,5,PACE,AECI,1591012800,171.512,241.566,1
120,5,PACE,AECI,1592330400,192.171,228.339,3
120,5,PACE,AECI,1593648000,252.501,260.955,5
120,5,PACE,AECI,1594965600,309.403,279.659,9
120,5,PACE,AECI,1596283200,232.547,260.232,3
120,5,PACE,AECI,1597600800,220.023,262.641,1
120,5,PACE,AECI,1598918400,198.378,248.814,1
120,5,PACE,AECI,1600236000,223.813,268.524,1
120,5,PACE,AECI,1601553600,237.288,282.514,3
120,5,PACE,AECI,1602871200,283.077,272.588,7
120,5,PACE,AECI,1604188800,271.147,289.498,3
120,5,PACE,AECI,1605506400,280.965,278.346,5
120,5,PACE,AECI,1606824000,320.908,306.357,7
120,5,PACE,AECI,1608141600,241.181,250.853,3
120,6,PACE,AECI,1577836800,188.45,231.404,1
120,6,PACE,AECI,1579154400,205.586,244.419,1
120,6,PACE,AECI,1580472000,195.59,207.039,1
120,6,PACE,AECI,1581789600,199.408,204.537,1
120,6,PACE,AECI,1583107200,198.995,217.474,1
120,6,PACE,AECI,1584424800,193.718,264.664,1
120,6,PACE,AECI,1585742400,148.139,236.136,1
120,6,PACE,AECI,1587060000,161.363,232.124,1
120,6,PACE,AECI,1588377600,171.374,202.184,1
120,6,PACE,AECI,1589695200,178.298,228.222,1
120,6,PACE,AECI,1591012800,171.512,241.566,1
120,6,PACE,AECI,1592330400,172.325,209.922,1
120,6,PACE,AECI,1593648000,198.214,220.744,1
120,6,PACE,AECI,1594965600,190.833,208.244,1
120,6,PACE,AECI,1596283200,200.743,243.136,1
120,6,PACE,AECI,1597600800,220.023,262.641,1
120,6,PACE,AECI,1598918400,198.378,248.814,1
120,6,PACE,AECI,1600236000,223.813,268.524,1
120,6,PACE,AECI,1601553600,204.553,262.744,1
120,6,PACE,AECI,1602871200,194.445,218.893,1
120,6,PACE,AECI,1604188800,240.318,268.458,1
120,6,PACE,AECI,1605506400,221.5,239.826,1
120,6,PACE,AECI,1606824000,216.727,251.093,1
120,6,PACE,AECI,1608141600,210.261,231.251,1
120,1,PACE,PSCO,1577836800,222.045,222.045,0
120,1,PACE,PSCO,1579154400,234.433,234.433,0
120,1,PACE,PSCO,1580472000,198.311,198.311,0
120,1,PACE,PSCO,1581789600,196.827,196.827,0
120,1,PACE,PSCO,1583107200,208.975,208.975,0
120,1,PACE,PSCO,1584424800,252.452,252.452,0
120,1,PACE,PSCO,1585742400,225.822,225.822,0
120,1,PACE,PSCO,1587060000,224.401,224.401,0
120,1,PACE,PSCO,1588377600,195.688,195.688,0
120,1,PACE,PSCO,1589695200,218.514,218.514,0
120,1,PACE,PSCO,1591012800,230.978,230.978,0
120,1,PACE,PSCO,1592330400,200.767,200.767,0
120,1,PACE,PSCO,1593648000,211.4,211.4,0
120,1,PACE,PSCO,1594965600,197.864,197.864,0
120,1,PACE,PSCO,1596283200,232.915,232.915,0
120,1,PACE,PSCO,1597600800,252.895,252.895,0
120,1,PACE,PSCO,1598918400,239.903,239.903,0
120,1,PACE,PSCO,1600236000,257.912,257.912,0
120,1,PACE,PSCO,1601553600,250.583,250.583,0
120,1,PACE,PSCO,1602871200,211.548,211.548,0
120,1,PACE,PSCO,1604188800,258.098,258.098,0
120,1,PACE,PSCO,1605506400,230.758,230.758,0
120,1,PACE,PSCO,1606824000,241.036,241.036,0
120,1,PACE,PSCO,1608141600,221.431,221.431,0
120,2,PACE,PSCO,1577836800,329.275,292.608,7
120,2,PACE,PSCO,1579154400,256.585,282.503,5
120,2,PACE,PSCO,1580472000,271.51,255.61,7
120,2,PACE,PSCO,1581789600,309.579,262.539,7
120,2,PACE,PSCO,1583107200,386.993,302.613,12
120,2,PACE,PSCO,1584424800,280.875,288.117,3
120,2,PACE,PSCO,1585742400,298.46,276.286,6
120,2,PACE,PSCO,1587060000,329.489,290.021,7
120,2,PACE,PSCO,1588377600,275.159,251.555,7
120,2,PACE,PSCO,1589695200,216.027,246.57,3
120,2,PACE,PSCO,1591012800,288.309,268.342,4
120,2,PACE,PSCO,1592330400,232.327,237.699,4
120,2,PACE,PSCO,1593648000,249.125,260.955,5
120,2,PACE,PSCO,1594965600,383.931,298.127,11
120,2,PACE,PSCO,1596283200,280.427,278.428,5
120,2,PACE,PSCO,1597600800,209.204,262.641,1
120,2,PACE,PSCO,1598918400,346.179,313.341,7
120,2,PACE,PSCO,1600236000,194.29,268.524,1
120,2,PACE,PSCO,1601553600,284.184,301.791,5
120,2,PACE,PSCO,1602871200,271.758,252.56,5
120,2,PACE,PSCO,1604188800,281.742,289.498,3
120,2,PACE,PSCO,1605506400,279.581,278.346,5
120,2,PACE,PSCO,1606824000,166.6,251.093,1
120,2,PACE,PSCO,1608141600,188.375,231.251,1
120,3,PACE,PSCO,1577836800,256.617,251.238,3
120,3,PACE,PSCO,1579154400,187.496,244.419,1
120,3,PACE,PSCO,1580472000,182.428,207.039,1
120,3,PACE,PSCO,1581789600,210.435,204.537,1
120,3,PACE,PSCO,1583107200,248.665,235.332,3
120,3,PACE,PSCO,1584424800,241.531,264.664,1
120,3,PACE,PSCO,1585742400,215.591,236.136,1
120,3,PACE,PSCO,1587060000,243.938,239.886,2
120,3,PACE,PSCO,1588377600,223.554,219.363,3
120,3,PACE,PSCO,1589695200,191.532,228.222,1
120,3,PACE,PSCO,1591012800,241.43,241.566,1
120,3,PACE,PSCO,1592330400,194.518,209.922,1
120,3,PACE,PSCO,1593648000,194.572,220.744,1
120,3,PACE,PSCO,1594965600,212.299,208.244,1
120,3,PACE,PSCO,1596283200,219.253,243.136,1
120,3,PACE,PSCO,1597600800,209.204,262.641,1
120,3,PACE,PSCO,1598918400,284.5,267.98,3
120,3,PACE,PSCO,1600236000,194.29,268.524,1
120,3,PACE,PSCO,1601553600,216.761,262.744,1
120,3,PACE,PSCO,1602871200,234.273,226.232,2
120,3,PACE,PSCO,1604188800,247.276,268.458,1
120,3,PACE,PSCO,1605506400,219.206,239.826,1
120,3,PACE,PSCO,1606824000,166.6,251.093,1
120,3,PACE,PSCO,1608141600,188.375,231.251,1
120,4,PACE,PSCO,1577836800,222.045,222.045,0
120,4,PACE,PSCO,1579154400,187.496,244.419,1
120,4,PACE,PSCO,1580472000,198.311,198.311,0
120,4,PACE,PSCO,1581789600,196.827,196.827,0
120,4,PACE,PSCO,1583107200,208.975,208.975,0
120,4,PACE,PSCO,1584424800,257.931,264.664,1
120,4,PACE,PSCO,1585742400,225.822,225.822,0
120,4,PACE,PSCO,1587060000,224.401,224.401,0
120,4,PACE,PSCO,1588377600,195.688,195.688,0
120,4,PACE,PSCO,1589695200,186.769,228.222,1
120,4,PACE,PSCO,1591012800,230.978,230.978,0
120,4,PACE,PSCO,1592330400,200.767,200.767,0
120,4,PACE,PSCO,1593648000,211.4,211.4,0
120,4,PACE,PSCO,1594965600,197.864,197.864,0
120,4,PACE,PSCO,1596283200,225.329,243.136,1
120,4,PACE,PSCO,1597600800,220.397,262.641,1
120,4,PACE,PSCO,1598918400,239.903,239.903,0
120,4,PACE,PSCO,1600236000,194.29,268.524,1
120,4,PACE,PSCO,1601553600,215.346,262.744,1
120,4,PACE,PSCO,1602871200,211.548,211.548,0
120,4,PACE,PSCO,1604188800,258.098,258.098,0
120,4,PACE,PSCO,1605506400,230.758,230.758,0
120,4,PACE,PSCO,1606824000,166.6,251.093,1
120,4,PACE,PSCO,1608141600,206.44,231.251,1
120,5,PACE,PSCO,1577836800,343.998,302.327,8
120,5,PACE,PSCO,1579154400,287.743,299.383,7
120,5,PACE,PSCO,1580472000,267.004,255.61,7
120,5,PACE,PSCO,1581789600,303.899,262.539,7
120,5,PACE,PSCO,1583107200,381.553,302.613,12
120,5,PACE,PSCO,1584424800,280.387,288.117,3
120,5,PACE,PSCO,1585742400,294.567,276.286,6
120,5,PACE,PSCO,1587060000,326.49,290.021,7
120,5,PACE,PSCO,1588377600,269.658,251.555,7
120,5,PACE,PSCO,1589695200,214.214,246.57,3
120,5,PACE,PSCO,1591012800,287.149,268.342,4
120,5,PACE,PSCO,1592330400,247.404,247.864,5
120,5,PACE,PSCO,1593648000,246.638,260.955,5
120,5,PACE,PSCO,1594965600,376.726,298.127,11
120,5,PACE,PSCO,1596283200,279.761,278.428,5
120,5,PACE,PSCO,1597600800,209.204,262.641,1
120,5,PACE,PSCO,1598918400,344.53,313.341,7
120,5,PACE,PSCO,1600236000,194.29,268.524,1
120,5,PACE,PSCO,1601553600,279.944,301.791,5
120,5,PACE,PSCO,1602871200,267.157,252.56,5
120,5,PACE,PSCO,1604188800,280.177,289.498,3
120,5,PACE,PSCO,1605506400,277.906,278.346,5
120,5,PACE,PSCO,1606824000,166.6,251.093,1
120,5,PACE,PSCO,1608141600,188.375,231.251,1
120,6,PACE,PSCO,1577836800,220.962,231.404,1
120,6,PACE,PSCO,1579154400,187.496,244.419,1
120,6,PACE,PSCO,1580472000,182.428,207.039,1
120,6,PACE,PSCO,1581789600,200.897,204.537,1
120,6,PACE,PSCO,1583107200,208.975,208.975,0
120,6,PACE,PSCO,1584424800,241.531,264.664,1
120,6,PACE,PSCO,1585742400,215.591,236.136,1
120,6,PACE,PSCO,1587060000,224.401,224.401,0
120,6,PACE,PSCO,1588377600,195.688,195.688,0
120,6,PACE,PSCO,1589695200,191.532,228.222,1
120,6,PACE,PSCO,1591012800,235.329,241.566,1
120,6,PACE,PSCO,1592330400,194.518,209.922,1
120,6,PACE,PSCO,1593648000,194.572,220.744,1
120,6,PACE,PSCO,1594965600,197.864,197.864,0
120,6,PACE,PSCO,1596283200,219.253,243.136,1
120,6,PACE,PSCO,1597600800,209.204,262.641,1
120,6,PACE,PSCO,1598918400,239.903,239.903,0
120,6,PACE,PSCO,1600236000,194.29,268.524,1
120,6,PACE,PSCO,1601553600,216.761,262.744,1
120,6,PACE,PSCO,1602871200,211.548,211.548,0
120,6,PACE,PSCO,1604188800,247.276,268.458,1
120,6,PACE,PSCO,1605506400,219.206,239.826,1
120,6,PACE,PSCO,1606824000,166.6,251.093,1
120,6,PACE,PSCO,1608141600,188.375,231.251,1
120,1,PSCO,EPE,1577836800,201.806,201.806,0
120,1,PSCO,EPE,1579154400,168.095,168.095,0
120,1,PSCO,EPE,1580472000,165.819,165.819,0
120,1,PSCO,EPE,1581789600,208.599,208.599,0
120,1,PSCO,EPE,1583107200,195.56,195.56,0
120,1,PSCO,EPE,1584424800,221.046,221.046,0
120,1,PSCO,EPE,1585742400,196.694,196.694,0
120,1,PSCO,EPE,1587060000,211.329,211.329,0
120,1,PSCO,EPE,1588377600,184.057,184.057,0
120,1,PSCO,EPE,1589695200,174.63,174.63,0
120,1,PSCO,EPE,1591012800,220.905,220.905,0
120,1,PSCO,EPE,1592330400,179.992,179.992,0
120,1,PSCO,EPE,1593648000,180.132,180.132,0
120,1,PSCO,EPE,1594965600,212.921,212.921,0
120,1,PSCO,EPE,1596283200,202.105,202.105,0
120,1,PSCO,EPE,1597600800,189.709,189.709,0
120,1,PSCO,EPE,1598918400,234.795,234.795,0
120,1,PSCO,EPE,1600236000,174.02,174.02,0
120,1,PSCO,EPE,1601553600,195.176,195.176,0
120,1,PSCO,EPE,1602871200,202.804,202.804,0
120,1,PSCO,EPE,1604188800,225.924,225.924,0
120,1,PSCO,EPE,1605506400,203.332,203.332,0
120,1,PSCO,EPE,1606824000,147.36,147.36,0
120,1,PSCO,EPE,1608141600,172.796,172.796,0
120,2,PSCO,EPE,1577836800,296.93,257.226,6
120,2,PSCO,EPE,1579154400,232.947,198.738,4
120,2,PSCO,EPE,1580472000,281.196,224.127,8
120,2,PSCO,EPE,1581789600,253.5,249.151,5
120,2,PSCO,EPE,1583107200,274.293,237.766,5
120,2,PSCO,EPE,1584424800,284.462,264.3,5
120,2,PSCO,EPE,1585742400,206.601,225.517,3
120,2,PSCO,EPE,1587060000,215.589,237.395,3
120,2,PSCO,EPE,1588377600,262.751,224.118,6
120,2,PSCO,EPE,1589695200,221.993,197.588,4
120,2,PSCO,EPE,1591012800,246.022,248.662,3
120,2,PSCO,EPE,1592330400,222.816,206.17,3
120,2,PSCO,EPE,1593648000,236.213,209.594,4
120,2,PSCO,EPE,1594965600,287.146,260.068,5
120,2,PSCO,EPE,1596283200,284.658,242.585,6
120,2,PSCO,EPE,1597600800,271.029,235.002,5
120,2,PSCO,EPE,1598918400,218.803,244.046,1
120,2,PSCO,EPE,1600236000,249.324,214.134,5
120,2,PSCO,EPE,1601553600,308.515,248.345,7
120,2,PSCO,EPE,1602871200,299.582,252.069,6
120,2,PSCO,EPE,1604188800,336.162,288.134,7
120,2,PSCO,EPE,1605506400,251.864,228.558,4
120,2,PSCO,EPE,1606824000,147.36,147.36,0
120,2,PSCO,EPE,1608141600,172.796,172.796,0
120,3,PSCO,EPE,1577836800,217.339,211.739,1
120,3,PSCO,EPE,1579154400,168.095,168.095,0
120,3,PSCO,EPE,1580472000,165.819,165.819,0
120,3,PSCO,EPE,1581789600,219.631,230.456,3
120,3,PSCO,EPE,1583107200,195.56,195.56,0
120,3,PSCO,EPE,1584424800,254.782,247.667,3
120,3,PSCO,EPE,1585742400,182.446,206.331,1
120,3,PSCO,EPE,1587060000,187.66,220.262,1
120,3,PSCO,EPE,1588377600,210.788,197.429,2
120,3,PSCO,EPE,1589695200,174.63,174.63,0
120,3,PSCO,EPE,1591012800,213.594,229.987,1
120,3,PSCO,EPE,1592330400,179.992,179.992,0
120,3,PSCO,EPE,1593648000,209.963,195.383,2
120,3,PSCO,EPE,1594965600,329.874,280.227,7
120,3,PSCO,EPE,1596283200,202.105,202.105,0
120,3,PSCO,EPE,1597600800,202.817,198.933,1
120,3,PSCO,EPE,1598918400,217.601,244.046,1
120,3,PSCO,EPE,1600236000,174.02,174.02,0
120,3,PSCO,EPE,1601553600,195.176,195.176,0
120,3,PSCO,EPE,1602871200,216.629,213.162,1
120,3,PSCO,EPE,1604188800,249.193,243.05,2
120,3,PSCO,EPE,1605506400,232.964,215.248,2
120,3,PSCO,EPE,1606824000,147.36,147.36,0
120,3,PSCO,EPE,1608141600,172.796,172.796,0
120,4,PSCO,EPE,1577836800,201.806,201.806,0
120,4,PSCO,EPE,1579154400,168.095,168.095,0
120,4,PSCO,EPE,1580472000,165.819,165.819,0
120,4,PSCO,EPE,1581789600,208.599,208.599,0
120,4,PSCO,EPE,1583107200,195.56,195.56,0
120,4,PSCO,EPE,1584424800,221.046,221.046,0
120,4,PSCO,EPE,1585742400,196.694,196.694,0
120,4,PSCO,EPE,1587060000,211.329,211.329,0
120,4,PSCO,EPE,1588377600,184.057,184.057,0
120,4,PSCO,EPE,1589695200,174.63,174.63,0
120,4,PSCO,EPE,1591012800,220.905,220.905,0
120,4,PSCO,EPE,1592330400,179.992,179.992,0
120,4,PSCO,EPE,1593648000,180.132,180.132,0
120,4,PSCO,EPE,1594965600,212.921,212.921,0
120,4,PSCO,EPE,1596283200,202.105,202.105,0
120,4,PSCO,EPE,1597600800,189.709,189.709,0
120,4,PSCO,EPE,1598918400,234.795,234.795,0
120,4,PSCO,EPE,1600236000,174.02,174.02,0
120,4,PSCO,EPE,1601553600,195.176,195.176,0
120,4,PSCO,EPE,1602871200,202.804,202.804,0
120,4,PSCO,EPE,1604188800,225.924,225.924,0
120,4,PSCO,EPE,1605506400,203.332,203.332,0
120,4,PSCO,EPE,1606824000,147.36,147.36,0
120,4,PSCO,EPE,1608141600,172.796,172.796,0
120,5,PSCO,EPE,1577836800,310.844,266.397,7
120,5,PSCO,EPE,1579154400,229.125,198.738,4
120,5,PSCO,EPE,1580472000,277.351,224.127,8
120,5,PSCO,EPE,1581789600,251.882,249.151,5
120,5,PSCO,EPE,1583107200,270.98,237.766,5
120,5,PSCO,EPE,1584424800,283.691,264.3,5
120,5,PSCO,EPE,1585742400,203.545,225.517,3
120,5,PSCO,EPE,1587060000,214.48,237.395,3
120,5,PSCO,EPE,1588377600,258.905,224.118,6
120,5,PSCO,EPE,1589695200,220.125,197.588,4
120,5,PSCO,EPE,1591012800,244.267,248.662,3
120,5,PSCO,EPE,1592330400,219.995,206.17,3
120,5,PSCO,EPE,1593648000,234.858,209.594,4
120,5,PSCO,EPE,1594965600,284.529,260.068,5
120,5,PSCO,EPE,1596283200,284.337,242.585,6
120,5,PSCO,EPE,1597600800,269.815,235.002,5
120,5,PSCO,EPE,1598918400,233.452,251.131,2
120,5,PSCO,EPE,1600236000,245.926,214.134,5
120,5,PSCO,EPE,1601553600,302.085,248.345,7
120,5,PSCO,EPE,1602871200,296.067,252.069,6
120,5,PSCO,EPE,1604188800,331.983,288.134,7
120,5,PSCO,EPE,1605506400,249.392,228.558,4
120,5,PSCO,EPE,1606824000,147.36,147.36,0
120,5,PSCO,EPE,1608141600,172.796,172.796,0
120,6,PSCO,EPE,1577836800,201.806,201.806,0
120,6,PSCO,EPE,1579154400,168.095,168.095,0
120,6,PSCO,EPE,1580472000,165.819,165.819,0
120,6,PSCO,EPE,1581789600,192.922,215.208,1
120,6,PSCO,EPE,1583107200,195.56,195.56,0
120,6,PSCO,EPE,1584424800,224.845,229.727,1
120,6,PSCO,EPE,1585742400,182.446,206.331,1
120,6,PSCO,EPE,1587060000,187.66,220.262,1
120,6,PSCO,EPE,1588377600,184.057,184.057,0
120,6,PSCO,EPE,1589695200,174.63,174.63,0
120,6,PSCO,EPE,1591012800,213.594,229.987,1
120,6,PSCO,EPE,1592330400,179.992,179.992,0
120,6,PSCO,EPE,1593648000,180.132,180.132,0
120,6,PSCO,EPE,1594965600,212.921,212.921,0
120,6,PSCO,EPE,1596283200,202.105,202.105,0
120,6,PSCO,EPE,1597600800,189.709,189.709,0
120,6,PSCO,EPE,1598918400,217.601,244.046,1
120,6,PSCO,EPE,1600236000,174.02,174.02,0
120,6,PSCO,EPE,1601553600,195.176,195.176,0
120,6,PSCO,EPE,1602871200,202.804,202.804,0
120,6,PSCO,EPE,1604188800,230.269,234.575,1
120,6,PSCO,EPE,1605506400,203.332,203.332,0
120,6,PSCO,EPE,1606824000,147.36,147.36,0
120,6,PSCO,EPE,1608141600,172.796,172.796,0
120,1,PSCO,PACE,1577836800,201.806,201.806,0
120,1,PSCO,PACE,1579154400,168.095,168.095,0
120,1,PSCO,PACE,1580472000,165.819,165.819,0
120,1,PSCO,PACE,1581789600,208.599,208.599,0
120,1,PSCO,PACE,1583107200,195.56,195.56,0
120,1,PSCO,PACE,1584424800,221.046,221.046,0
120,1,PSCO,PACE,1585742400,196.694,196.694,0
120,1,PSCO,PACE,1587060000,211.329,211.329,0
120,1,PSCO,PACE,1588377600,184.057,184.057,0
120,1,PSCO,PACE,1589695200,174.63,174.63,0
120,1,PSCO,PACE,1591012800,220.905,220.905,0
120,1,PSCO,PACE,1592330400,179.992,179.992,0
120,1,PSCO,PACE,1593648000,180.132,180.132,0
120,1,PSCO,PACE,1594965600,212.921,212.921,0
120,1,PSCO,PACE,1596283200,202.105,202.105,0
120,1,PSCO,PACE,1597600800,189.709,189.709,0
120,1,PSCO,PACE,1598918400,234.795,234.795,0
120,1,PSCO,PACE,1600236000,174.02,174.02,0
120,1,PSCO,PACE,1601553600,195.176,195.176,0
120,1,PSCO,PACE,1602871200,202.804,202.804,0
120,1,PSCO,PACE,1604188800,225.924,225.924,0
120,1,PSCO,PACE,1605506400,203.332,203.332,0
120,1,PSCO,PACE,1606824000,147.36,147.36,0
120,1,PSCO,PACE,1608141600,172.796,172.796,0
120,2,PSCO,PACE,1577836800,310.88,257.226,6
120,2,PSCO,PACE,1579154400,234.515,198.738,4
120,2,PSCO,PACE,1580472000,254.502,210.48,6
120,2,PSCO,PACE,1581789600,330.102,278.134,8
120,2,PSCO,PACE,1583107200,367.757,280.882,11
120,2,PSCO,PACE,1584424800,259.829,238.423,2
120,2,PSCO,PACE,1585742400,333.084,267.54,8
120,2,PSCO,PACE,1587060000,311.836,263.508,6
120,2,PSCO,PACE,1588377600,259.731,224.118,6
120,2,PSCO,PACE,1589695200,198.61,185.658,2
120,2,PSCO,PACE,1591012800,267.862,248.662,3
120,2,PSCO,PACE,1592330400,269.507,235.746,6
120,2,PSCO,PACE,1593648000,266.857,224.858,6
120,2,PSCO,PACE,1594965600,368.068,304.361,10
120,2,PSCO,PACE,1596283200,261.894,227.901,4
120,2,PSCO,PACE,1597600800,189.709,189.709,0
120,2,PSCO,PACE,1598918400,328.508,276.889,6
120,2,PSCO,PACE,1600236000,174.02,174.02,0
120,2,PSCO,PACE,1601553600,262.135,222.204,4
120,2,PSCO,PACE,1602871200,255.951,237.637,4
120,2,PSCO,PACE,1604188800,261.733,243.05,2
120,2,PSCO,PACE,1605506400,261.925,228.558,4
120,2,PSCO,PACE,1606824000,147.36,147.36,0
120,2,PSCO,PACE,1608141600,172.796,172.796,0
120,3,PSCO,PACE,1577836800,217.696,211.739,1
120,3,PSCO,PACE,1579154400,168.095,168.095,0
120,3,PSCO,PACE,1580472000,165.819,165.819,0
120,3,PSCO,PACE,1581789600,228.217,222.278,2
120,3,PSCO,PACE,1583107200,224.252,209.983,2
120,3,PSCO,PACE,1584424800,221.046,221.046,0
120,3,PSCO,PACE,1585742400,196.694,196.694,0
120,3,PSCO,PACE,1587060000,227.236,220.262,1
120,3,PSCO,PACE,1588377600,208.356,197.429,2
120,3,PSCO,PACE,1589695200,174.63,174.63,0
120,3,PSCO,PACE,1591012800,220.905,220.905,0
120,3,PSCO,PACE,1592330400,179.992,179.992,0
120,3,PSCO,PACE,1593648000,209.416,195.383,2
120,3,PSCO,PACE,1594965600,231.624,228.43,2
120,3,PSCO,PACE,1596283200,202.105,202.105,0
120,3,PSCO,PACE,1597600800,189.709,189.709,0
120,3,PSCO,PACE,1598918400,265.995,251.131,2
120,3,PSCO,PACE,1600236000,174.02,174.02,0
120,3,PSCO,PACE,1601553600,195.176,195.176,0
120,3,PSCO,PACE,1602871200,216.348,213.162,1
120,3,PSCO,PACE,1604188800,225.924,225.924,0
120,3,PSCO,PACE,1605506400,203.332,203.332,0
120,3,PSCO,PACE,1606824000,147.36,147.36,0
120,3,PSCO,PACE,1608141600,172.796,172.796,0
120,4,PSCO,PACE,1577836800,201.806,201.806,0
120,4,PSCO,PACE,1579154400,168.095,168.095,0
120,4,PSCO,PACE,1580472000,165.819,165.819,0
120,4,PSCO,PACE,1581789600,208.599,208.599,0
120,4,PSCO,PACE,1583107200,195.56,195.56,0
120,4,PSCO,PACE,1584424800,221.046,221.046,0
120,4,PSCO,PACE,1585742400,196.694,196.694,0
120,4,PSCO,PACE,1587060000,211.329,211.329,0
120,4,PSCO,PACE,1588377600,184.057,184.057,0
120,4,PSCO,PACE,1589695200,174.63,174.63,0
120,4,PSCO,PACE,1591012800,220.905,220.905,0
120,4,PSCO,PACE,1592330400,179.992,179.992,0
120,4,PSCO,PACE,1593648000,180.132,180.132,0
120,4,PSCO,PACE,1594965600,212.921,212.921,0
120,4,PSCO,PACE,1596283200,202.105,202.105,0
120,4,PSCO,PACE,1597600800,189.709,189.709,0
120,4,PSCO,PACE,1598918400,234.795,234.795,0
120,4,PSCO,PACE,1600236000,174.02,174.02,0
120,4,PSCO,PACE,1601553600,195.176,195.176,0
120,4,PSCO,PACE,1602871200,202.804,202.804,0
120,4,PSCO,PACE,1604188800,225.924,225.924,0
120,4,PSCO,PACE,1605506400,203.332,203.332,0
120,4,PSCO,PACE,1606824000,147.36,147.36,0
120,4,PSCO,PACE,1608141600,172.796,172.796,0
120,5,PSCO,PACE,1577836800,306.651,257.226,6
120,5,PSCO,PACE,1579154400,231.671,198.738,4
120,5,PSCO,PACE,1580472000,249.996,210.48,6
120,5,PSCO,PACE,1581789600,366.513,299.543,10
120,5,PSCO,PACE,1583107200,362.317,280.882,11
120,5,PSCO,PACE,1584424800,259.34,238.423,2
120,5,PSCO,PACE,1585742400,277.363,243.952,5
120,5,PSCO,PACE,1587060000,308.837,263.508,6
120,5,PSCO,PACE,1588377600,254.23,224.118,6
120,5,PSCO,PACE,1589695200,196.797,185.658,2
120,5,PSCO,PACE,1591012800,265.926,248.662,3
120,5,PSCO,PACE,1592330400,264.669,235.746,6
120,5,PSCO,PACE,1593648000,232.143,209.594,4
120,5,PSCO,PACE,1594965600,360.863,304.361,10
120,5,PSCO,PACE,1596283200,261.185,227.901,4
120,5,PSCO,PACE,1597600800,189.709,189.709,0
120,5,PSCO,PACE,1598918400,326.859,276.889,6
120,5,PSCO,PACE,1600236000,174.02,174.02,0
120,5,PSCO,PACE,1601553600,257.894,222.204,4
120,5,PSCO,PACE,1602871200,251.35,237.637,4
120,5,PSCO,PACE,1604188800,260.168,243.05,2
120,5,PSCO,PACE,1605506400,260.25,228.558,4
120,5,PSCO,PACE,1606824000,147.36,147.36,0
120,5,PSCO,PACE,1608141600,172.796,172.796,0
120,6,PSCO,PACE,1577836800,201.806,201.806,0
120,6,PSCO,PACE,1579154400,168.095,168.095,0
120,6,PSCO,PACE,1580472000,165.819,165.819,0
120,6,PSCO,PACE,1581789600,208.599,208.599,0
120,6,PSCO,PACE,1583107200,195.56,195.56,0
120,6,PSCO,PACE,1584424800,221.046,221.046,0
120,6,PSCO,PACE,1585742400,196.694,196.694,0
120,6,PSCO,PACE,1587060000,211.329,211.329,0
120,6,PSCO,PACE,1588377600,188.579,190.648,1
120,6,PSCO,PACE,1589695200,174.63,174.63,0
120,6,PSCO,PACE,1591012800,220.905,220.905,0
120,6,PSCO,PACE,1592330400,179.992,179.992,0
120,6,PSCO,PACE,1593648000,180.132,180.132,0
120,6,PSCO,PACE,1594965600,215.524,220.093,1
120,6,PSCO,PACE,1596283200,202.105,202.105,0
120,6,PSCO,PACE,1597600800,189.709,189.709,0
120,6,PSCO,PACE,1598918400,234.795,234.795,0
120,6,PSCO,PACE,1600236000,174.02,174.02,0
120,6,PSCO,PACE,1601553600,195.176,195.176,0
120,6,PSCO,PACE,1602871200,202.804,202.804,0
120,6,PSCO,PACE,1604188800,225.924,225.924,0
120,6,PSCO,PACE,1605506400,203.332,203.332,0
120,6,PSCO,PACE,1606824000,147.36,147.36,0
120,6,PSCO,PACE,1608141600,172.796,172.796,0
120,1,TEPC,AECI,1577836800,261.782,261.782,0
120,1,TEPC,AECI,1579154400,260.044,260.044,0
120,1,TEPC,AECI,1580472000,227.287,227.287,0
120,1,TEPC,AECI,1581789600,230.952,230.952,0
120,1,TEPC,AECI,1583107200,213.887,213.887,0
120,1,TEPC,AECI,1584424800,209.261,209.261,0
120,1,TEPC,AECI,1585742400,163.89,163.89,0
120,1,TEPC,AECI,1587060000,178.693,178.693,0
120,1,TEPC,AECI,1588377600,179.254,179.254,0
120,1,TEPC,AECI,1589695200,215.518,215.518,0
120,1,TEPC,AECI,1591012800,222.496,222.496,0
120,1,TEPC,AECI,1592330400,189.451,189.451,0
120,1,TEPC,AECI,1593648000,215.878,215.878,0
120,1,TEPC,AECI,1594965600,207.863,207.863,0
120,1,TEPC,AECI,1596283200,219.66,219.66,0
120,1,TEPC,AECI,1597600800,232.192,232.192,0
120,1,TEPC,AECI,1598918400,219.508,219.508,0
120,1,TEPC,AECI,1600236000,245.174,245.174,0
120,1,TEPC,AECI,1601553600,235.921,235.921,0
120,1,TEPC,AECI,1602871200,262.53,262.53,0
120,1,TEPC,AECI,1604188800,265.706,265.706,0
120,1,TEPC,AECI,1605506400,225.001,225.001,0
120,1,TEPC,AECI,1606824000,193.11,193.11,0
120,1,TEPC,AECI,1608141600,251.11,251.11,0
120,2,TEPC,AECI,1577836800,192.314,272.952,1
120,2,TEPC,AECI,1579154400,206.671,271.749,1
120,2,TEPC,AECI,1580472000,278.726,292.382,7
120,2,TEPC,AECI,1581789600,264.931,270.346,5
120,2,TEPC,AECI,1583107200,246.067,265.161,5
120,2,TEPC,AECI,1584424800,215.22,237.414,3
120,2,TEPC,AECI,1585742400,201.597,198.945,6
120,2,TEPC,AECI,1587060000,201.014,211.709,5
120,2,TEPC,AECI,1588377600,215.292,218.459,5
120,2,TEPC,AECI,1589695200,173.905,225.929,1
120,2,TEPC,AECI,1591012800,169.319,232.179,1
120,2,TEPC,AECI,1592330400,200.323,209.975,3
120,2,TEPC,AECI,1593648000,231.805,243.463,3
120,2,TEPC,AECI,1594965600,222.203,237.99,3
120,2,TEPC,AECI,1596283200,199.279,228.951,1
120,2,TEPC,AECI,1597600800,218.501,241.07,1
120,2,TEPC,AECI,1598918400,195.709,228.443,1
120,2,TEPC,AECI,1600236000,258.249,278.101,3
120,2,TEPC,AECI,1601553600,201.415,245.497,1
120,2,TEPC,AECI,1602871200,198.013,272.17,1
120,2,TEPC,AECI,1604188800,347.633,341.99,7
120,2,TEPC,AECI,1605506400,281.733,274.039,5
120,2,TEPC,AECI,1606824000,280.885,239.338,6
120,2,TEPC,AECI,1608141600,212.497,261.214,1
120,3,TEPC,AECI,1577836800,192.314,272.952,1
120,3,TEPC,AECI,1579154400,206.671,271.749,1
120,3,TEPC,AECI,1580472000,195.641,238.772,1
120,3,TEPC,AECI,1581789600,249.756,245.453,2
120,3,TEPC,AECI,1583107200,213.887,213.887,0
120,3,TEPC,AECI,1584424800,194.101,218.766,1
120,3,TEPC,AECI,1585742400,192.675,188.362,4
120,3,TEPC,AECI,1587060000,215.458,203.674,4
120,3,TEPC,AECI,1588377600,179.254,179.254,0
120,3,TEPC,AECI,1589695200,173.905,225.929,1
120,3,TEPC,AECI,1591012800,169.319,232.179,1
120,3,TEPC,AECI,1592330400,242.337,217.263,4
120,3,TEPC,AECI,1593648000,215.878,215.878,0
120,3,TEPC,AECI,1594965600,236.492,237.99,3
120,3,TEPC,AECI,1596283200,217.357,237.528,2
120,3,TEPC,AECI,1597600800,232.192,232.192,0
120,3,TEPC,AECI,1598918400,257.986,264.76,5
120,3,TEPC,AECI,1600236000,259.765,256.016,1
120,3,TEPC,AECI,1601553600,201.415,245.497,1
120,3,TEPC,AECI,1602871200,216.135,282.332,2
120,3,TEPC,AECI,1604188800,306.834,295.786,3
120,3,TEPC,AECI,1605506400,230.535,235.056,1
120,3,TEPC,AECI,1606824000,193.11,193.11,0
120,3,TEPC,AECI,1608141600,212.497,261.214,1
120,4,TEPC,AECI,1577836800,192.314,272.952,1
120,4,TEPC,AECI,1579154400,206.671,271.749,1
120,4,TEPC,AECI,1580472000,195.246,238.772,1
120,4,TEPC,AECI,1581789600,230.952,230.952,0
120,4,TEPC,AECI,1583107200,229.243,222.949,1
120,4,TEPC,AECI,1584424800,218.187,218.766,1
120,4,TEPC,AECI,1585742400,143.292,171.952,1
120,4,TEPC,AECI,1587060000,156.063,184.288,1
120,4,TEPC,AECI,1588377600,179.254,179.254,0
120,4,TEPC,AECI,1589695200,173.905,225.929,1
120,4,TEPC,AECI,1591012800,169.319,232.179,1
120,4,TEPC,AECI,1592330400,189.451,189.451,0
120,4,TEPC,AECI,1593648000,215.878,215.878,0
120,4,TEPC,AECI,1594965600,207.863,207.863,0
120,4,TEPC,AECI,1596283200,219.66,219.66,0
120,4,TEPC,AECI,1597600800,232.192,232.192,0
120,4,TEPC,AECI,1598918400,219.508,219.508,0
120,4,TEPC,AECI,1600236000,245.174,245.174,0
120,4,TEPC,AECI,1601553600,235.921,235.921,0
120,4,TEPC,AECI,1602871200,198.013,272.17,1
120,4,TEPC,AECI,1604188800,265.706,265.706,0
120,4,TEPC,AECI,1605506400,230.185,235.056,1
120,4,TEPC,AECI,1606824000,193.11,193.11,0
120,4,TEPC,AECI,1608141600,243.277,261.214,1
120,5,TEPC,AECI,1577836800,192.314,272.952,1
120,5,TEPC,AECI,1579154400,206.671,271.749,1
120,5,TEPC,AECI,1580472000,274.897,292.382,7
120,5,TEPC,AECI,1581789600,261.391,270.346,5
120,5,TEPC,AECI,1583107200,242.613,265.161,5
120,5,TEPC,AECI,1584424800,214.089,237.414,3
120,5,TEPC,AECI,1585742400,199.868,198.945,6
120,5,TEPC,AECI,1587060000,199.0,211.709,5
120,5,TEPC,AECI,1588377600,212.887,218.459,5
120,5,TEPC,AECI,1589695200,173.905,225.929,1
120,5,TEPC,AECI,1591012800,169.319,232.179,1
120,5,TEPC,AECI,1592330400,198.835,209.975,3
120,5,TEPC,AECI,1593648000,231.279,243.463,3
120,5,TEPC,AECI,1594965600,221.818,237.99,3
120,5,TEPC,AECI,1596283200,199.279,228.951,1
120,5,TEPC,AECI,1597600800,218.501,241.07,1
120,5,TEPC,AECI,1598918400,195.709,228.443,1
120,5,TEPC,AECI,1600236000,256.452,278.101,3
120,5,TEPC,AECI,1601553600,201.415,245.497,1
120,5,TEPC,AECI,1602871200,198.013,272.17,1
120,5,TEPC,AECI,1604188800,345.403,341.99,7
120,5,TEPC,AECI,1605506400,279.637,274.039,5
120,5,TEPC,AECI,1606824000,294.906,247.699,7
120,5,TEPC,AECI,1608141600,212.497,261.214,1
120,6,TEPC,AECI,1577836800,192.314,272.952,1
120,6,TEPC,AECI,1579154400,206.671,271.749,1
120,6,TEPC,AECI,1580472000,195.641,238.772,1
120,6,TEPC,AECI,1581789600,205.928,238.38,1
120,6,TEPC,AECI,1583107200,195.577,222.949,1
120,6,TEPC,AECI,1584424800,189.761,218.766,1
120,6,TEPC,AECI,1585742400,146.033,171.952,1
120,6,TEPC,AECI,1587060000,156.063,184.288,1
120,6,TEPC,AECI,1588377600,168.79,186.595,1
120,6,TEPC,AECI,1589695200,173.905,225.929,1
120,6,TEPC,AECI,1591012800,169.319,232.179,1
120,6,TEPC,AECI,1592330400,173.121,196.336,1
120,6,TEPC,AECI,1593648000,200.199,224.651,1
120,6,TEPC,AECI,1594965600,191.948,217.978,1
120,6,TEPC,AECI,1596283200,199.279,228.951,1
120,6,TEPC,AECI,1597600800,218.501,241.07,1
120,6,TEPC,AECI,1598918400,195.709,228.443,1
120,6,TEPC,AECI,1600236000,222.723,256.016,1
120,6,TEPC,AECI,1601553600,201.415,245.497,1
120,6,TEPC,AECI,1602871200,198.013,272.17,1
120,6,TEPC,AECI,1604188800,239.952,275.245,1
120,6,TEPC,AECI,1605506400,221.521,235.056,1
120,6,TEPC,AECI,1606824000,193.11,193.11,0
120,6,TEPC,AECI,1608141600,212.497,261.214,1
180,1,AECI,EPE,1577836800,171.652,171.652,0
180,1,AECI,EPE,1579154400,184.829,184.829,0
180,1,AECI,EPE,1580472000,179.08,179.08,0
180,1,AECI,EPE,1581789600,190.047,190.047,0
180,1,AECI,EPE,1583107200,177.533,177.533,0
180,1,AECI,EPE,1584424800,173.609,173.609,0
180,1,AECI,EPE,1585742400,130.078,130.078,0
180,1,AECI,EPE,1587060000,146.519,146.519,0
180,1,AECI,EPE,1588377600,154.192,154.192,0
180,1,AECI,EPE,1589695200,158.058,158.058,0
180,1,AECI,EPE,1591012800,151.782,151.782,0
180,1,AECI,EPE,1592330400,159.195,159.195,0
180,1,AECI,EPE,1593648000,183.868,183.868,0
180,1,AECI,EPE,1594965600,175.21,175.21,0
180,1,AECI,EPE,1596283200,180.832,180.832,0
180,1,AECI,EPE,1597600800,201.072,201.072,0
180,1,AECI,EPE,1598918400,180.384,180.384,0
180,1,AECI,EPE,1600236000,202.899,202.899,0
180,1,AECI,EPE,1601553600,182.573,182.573,0
180,1,AECI,EPE,1602871200,178.75,178.75,0
180,1,AECI,EPE,1604188800,219.569,219.569,0
180,1,AECI,EPE,1605506400,205.232,205.232,0
180,1,AECI,EPE,1606824000,196.187,196.187,0
180,1,AECI,EPE,1608141600,194.483,194.483,0
180,2,AECI,EPE,1577836800,219.924,194.607,2
180,2,AECI,EPE,1579154400,277.239,228.613,4
180,2,AECI,EPE,1580472000,298.521,241.909,6
180,2,AECI,EPE,1581789600,304.742,251.639,6
180,2,AECI,EPE,1583107200,264.034,218.925,4
180,2,AECI,EPE,1584424800,214.748,191.775,2
180,2,AECI,EPE,1585742400,130.078,130.078,0
180,2,AECI,EPE,1587060000,215.044,178.35,4
180,2,AECI,EPE,1588377600,231.856,189.81,4
180,2,AECI,EPE,1589695200,199.049,178.062,2
180,2,AECI,EPE,1591012800,151.782,151.782,0
180,2,AECI,EPE,1592330400,201.899,178.197,2
180,2,AECI,EPE,1593648000,369.079,272.103,8
180,2,AECI,EPE,1594965600,175.21,175.21,0
180,2,AECI,EPE,1596283200,227.145,203.178,2
180,2,AECI,EPE,1597600800,327.081,267.016,5
180,2,AECI,EPE,1598918400,270.899,223.407,4
180,2,AECI,EPE,1600236000,318.536,267.413,5
180,2,AECI,EPE,1601553600,282.473,229.155,4
180,2,AECI,EPE,1602871200,339.861,254.701,6
180,2,AECI,EPE,1604188800,383.091,305.641,7
180,2,AECI,EPE,1605506400,377.926,287.735,8
180,2,AECI,EPE,1606824000,336.216,272.196,6
180,2,AECI,EPE,1608141600,292.521,242.267,4
180,3,AECI,EPE,1577836800,227.777,182.887,1
180,3,AECI,EPE,1579154400,230.565,196.664,1
180,3,AECI,EPE,1580472000,238.142,212.953,3
180,3,AECI,EPE,1581789600,199.361,202.752,1
180,3,AECI,EPE,1583107200,226.47,189.972,1
180,3,AECI,EPE,1584424800,257.926,202.336,3
180,3,AECI,EPE,1585742400,161.526,140.908,1
180,3,AECI,EPE,1587060000,204.41,161.191,2
180,3,AECI,EPE,1588377600,205.318,165.031,1
180,3,AECI,EPE,1589695200,227.758,178.062,2
180,3,AECI,EPE,1591012800,151.782,151.782,0
180,3,AECI,EPE,1592330400,203.643,178.197,2
180,3,AECI,EPE,1593648000,222.507,195.49,1
180,3,AECI,EPE,1594965600,314.915,231.474,5
180,3,AECI,EPE,1596283200,273.131,213.902,3
180,3,AECI,EPE,1597600800,238.308,212.985,1
180,3,AECI,EPE,1598918400,319.523,234.954,5
180,3,AECI,EPE,1600236000,273.147,238.876,3
180,3,AECI,EPE,1601553600,325.498,241.697,5
180,3,AECI,EPE,1602871200,205.003,190.616,1
180,3,AECI,EPE,1604188800,243.04,232.243,1
180,3,AECI,EPE,1605506400,240.775,224.524,2
180,3,AECI,EPE,1606824000,223.62,208.508,1
180,3,AECI,EPE,1608141600,291.125,229.53,3
180,4,AECI,EPE,1577836800,171.652,171.652,0
180,4,AECI,EPE,1579154400,184.829,184.829,0
180,4,AECI,EPE,1580472000,179.08,179.08,0
180,4,AECI,EPE,1581789600,190.047,190.047,0
180,4,AECI,EPE,1583107200,177.533,177.533,0
180,4,AECI,EPE,1584424800,173.609,173.609,0
180,4,AECI,EPE,1585742400,130.078,130.078,0
180,4,AECI,EPE,1587060000,146.519,146.519,0
180,4,AECI,EPE,1588377600,154.192,154.192,0
180,4,AECI,EPE,1589695200,158.058,158.058,0
180,4,AECI,EPE,1591012800,151.782,151.782,0
180,4,AECI,EPE,1592330400,159.195,159.195,0
180,4,AECI,EPE,1593648000,183.868,183.868,0
180,4,AECI,EPE,1594965600,175.21,175.21,0
180,4,AECI,EPE,1596283200,180.832,180.832,0
180,4,AECI,EPE,1597600800,201.072,201.072,0
180,4,AECI,EPE,1598918400,180.384,180.384,0
180,4,AECI,EPE,1600236000,202.899,202.899,0
180,4,AECI,EPE,1601553600,182.573,182.573,0
180,4,AECI,EPE,1602871200,178.75,178.75,0
180,4,AECI,EPE,1604188800,219.569,219.569,0
180,4,AECI,EPE,1605506400,205.232,205.232,0
180,4,AECI,EPE,1606824000,196.187,196.187,0
180,4,AECI,EPE,1608141600,194.483,194.483,0
180,5,AECI,EPE,1577836800,219.684,194.607,2
180,5,AECI,EPE,1579154400,274.061,228.613,4
180,5,AECI,EPE,1580472000,295.265,241.909,6
180,5,AECI,EPE,1581789600,302.363,251.639,6
180,5,AECI,EPE,1583107200,261.488,218.925,4
180,5,AECI,EPE,1584424800,213.488,191.775,2
180,5,AECI,EPE,1585742400,130.078,130.078,0
180,5,AECI,EPE,1587060000,178.681,161.191,2
180,5,AECI,EPE,1588377600,228.394,189.81,4
180,5,AECI,EPE,1589695200,198.076,178.062,2
180,5,AECI,EPE,1591012800,151.782,151.782,0
180,5,AECI,EPE,1592330400,201.899,178.197,2
180,5,AECI,EPE,1593648000,365.598,272.103,8
180,5,AECI,EPE,1594965600,175.21,175.21,0
180,5,AECI,EPE,1596283200,226.493,203.178,2
180,5,AECI,EPE,1597600800,324.351,267.016,5
180,5,AECI,EPE,1598918400,269.87,223.407,4
180,5,AECI,EPE,1600236000,314.288,267.413,5
180,5,AECI,EPE,1601553600,281.305,229.155,4
180,5,AECI,EPE,1602871200,336.539,254.701,6
180,5,AECI,EPE,1604188800,300.528,266.582,4
180,5,AECI,EPE,1605506400,371.747,287.735,8
180,5,AECI,EPE,1606824000,330.666,272.196,6
180,5,AECI,EPE,1608141600,289.295,242.267,4
180,6,AECI,EPE,1577836800,171.652,171.652,0
180,6,AECI,EPE,1579154400,184.829,184.829,0
180,6,AECI,EPE,1580472000,179.08,179.08,0
180,6,AECI,EPE,1581789600,190.047,190.047,0
180,6,AECI,EPE,1583107200,177.533,177.533,0
180,6,AECI,EPE,1584424800,173.609,173.609,0
180,6,AECI,EPE,1585742400,130.078,130.078,0
180,6,AECI,EPE,1587060000,146.519,146.519,0
180,6,AECI,EPE,1588377600,154.192,154.192,0
180,6,AECI,EPE,1589695200,158.058,158.058,0
180,6,AECI,EPE,1591012800,151.782,151.782,0
180,6,AECI,EPE,1592330400,159.195,159.195,0
180,6,AECI,EPE,1593648000,183.868,183.868,0
180,6,AECI,EPE,1594965600,175.21,175.21,0
180,6,AECI,EPE,1596283200,180.832,180.832,0
180,6,AECI,EPE,1597600800,201.072,201.072,0
180,6,AECI,EPE,1598918400,180.384,180.384,0
180,6,AECI,EPE,1600236000,202.899,202.899,0
180,6,AECI,EPE,1601553600,182.573,182.573,0
180,6,AECI,EPE,1602871200,178.75,178.75,0
180,6,AECI,EPE,1604188800,219.569,219.569,0
180,6,AECI,EPE,1605506400,205.232,205.232,0
180,6,AECI,EPE,1606824000,196.187,196.187,0
180,6,AECI,EPE,1608141600,194.483,194.483,0
180,1,AECI,PACE,1577836800,171.652,171.652,0
180,1,AECI,PACE,1579154400,184.829,184.829,0
180,1,AECI,PACE,1580472000,179.08,179.08,0
180,1,AECI,PACE,1581789600,190.047,190.047,0
180,1,AECI,PACE,1583107200,177.533,177.533,0
180,1,AECI,PACE,1584424800,173.609,173.609,0
180,1,AECI,PACE,1585742400,130.078,130.078,0
180,1,AECI,PACE,1587060000,146.519,146.519,0
180,1,AECI,PACE,1588377600,154.192,154.192,0
180,1,AECI,PACE,1589695200,158.058,158.058,0
180,1,AECI,PACE,1591012800,151.782,151.782,0
180,1,AECI,PACE,1592330400,159.195,159.195,0
180,1,AECI,PACE,1593648000,183.868,183.868,0
180,1,AECI,PACE,1594965600,175.21,175.21,0
180,1,AECI,PACE,1596283200,180.832,180.832,0
180,1,AECI,PACE,1597600800,201.072,201.072,0
180,1,AECI,PACE,1598918400,180.384,180.384,0
180,1,AECI,PACE,1600236000,202.899,202.899,0
180,1,AECI,PACE,1601553600,182.573,182.573,0
180,1,AECI,PACE,1602871200,178.75,178.75,0
180,1,AECI,PACE,1604188800,219.569,219.569,0
180,1,AECI,PACE,1605506400,205.232,205.232,0
180,1,AECI,PACE,1606824000,196.187,196.187,0
180,1,AECI,PACE,1608141600,194.483,194.483,0
180,2,AECI,PACE,1577836800,221.051,194.607,2
180,2,AECI,PACE,1579154400,233.012,207.293,2
180,2,AECI,PACE,1580472000,306.07,241.909,6
180,2,AECI,PACE,1581789600,315.147,251.639,6
180,2,AECI,PACE,1583107200,260.235,218.925,4
180,2,AECI,PACE,1584424800,173.609,173.609,0
180,2,AECI,PACE,1585742400,130.078,130.078,0
180,2,AECI,PACE,1587060000,182.448,161.191,2
180,2,AECI,PACE,1588377600,227.504,189.81,4
180,2,AECI,PACE,1589695200,206.7,178.062,2
180,2,AECI,PACE,1591012800,151.782,151.782,0
180,2,AECI,PACE,1592330400,238.262,198.837,4
180,2,AECI,PACE,1593648000,371.126,272.103,8
180,2,AECI,PACE,1594965600,363.537,267.148,8
180,2,AECI,PACE,1596283200,230.109,203.178,2
180,2,AECI,PACE,1597600800,201.072,201.072,0
180,2,AECI,PACE,1598918400,180.384,180.384,0
180,2,AECI,PACE,1600236000,202.899,202.899,0
180,2,AECI,PACE,1601553600,234.194,205.368,2
180,2,AECI,PACE,1602871200,398.257,291.512,9
180,2,AECI,PACE,1604188800,270.29,243.908,2
180,2,AECI,PACE,1605506400,298.42,245.859,4
180,2,AECI,PACE,1606824000,356.024,272.196,6
180,2,AECI,PACE,1608141600,296.069,242.267,4
180,3,AECI,PACE,1577836800,231.313,194.607,2
180,3,AECI,PACE,1579154400,320.996,240.022,5
180,3,AECI,PACE,1580472000,250.802,212.953,3
180,3,AECI,PACE,1581789600,221.714,202.752,1
180,3,AECI,PACE,1583107200,231.147,189.972,1
180,3,AECI,PACE,1584424800,173.609,173.609,0
180,3,AECI,PACE,1585742400,130.078,130.078,0
180,3,AECI,PACE,1587060000,146.519,146.519,0
180,3,AECI,PACE,1588377600,222.686,173.982,2
180,3,AECI,PACE,1589695200,202.571,178.062,2
180,3,AECI,PACE,1591012800,151.782,151.782,0
180,3,AECI,PACE,1592330400,159.195,159.195,0
180,3,AECI,PACE,1593648000,293.548,225.84,4
180,3,AECI,PACE,1594965600,218.387,195.58,2
180,3,AECI,PACE,1596283200,180.832,180.832,0
180,3,AECI,PACE,1597600800,297.654,237.975,3
180,3,AECI,PACE,1598918400,229.42,202.042,2
180,3,AECI,PACE,1600236000,264.347,225.579,2
180,3,AECI,PACE,1601553600,182.573,182.573,0
180,3,AECI,PACE,1602871200,282.396,215.796,3
180,3,AECI,PACE,1604188800,342.424,266.582,4
180,3,AECI,PACE,1605506400,266.311,224.524,2
180,3,AECI,PACE,1606824000,310.387,235.16,3
180,3,AECI,PACE,1608141600,250.726,216.395,2
180,4,AECI,PACE,1577836800,171.652,171.652,0
180,4,AECI,PACE,1579154400,184.829,184.829,0
180,4,AECI,PACE,1580472000,179.08,179.08,0
180,4,AECI,PACE,1581789600,190.047,190.047,0
180,4,AECI,PACE,1583107200,177.533,177.533,0
180,4,AECI,PACE,1584424800,173.609,173.609,0
180,4,AECI,PACE,1585742400,130.078,130.078,0
180,4,AECI,PACE,1587060000,146.519,146.519,0
180,4,AECI,PACE,1588377600,154.192,154.192,0
180,4,AECI,PACE,1589695200,158.058,158.058,0
180,4,AECI,PACE,1591012800,151.782,151.782,0
180,4,AECI,PACE,1592330400,159.195,159.195,0
180,4,AECI,PACE,1593648000,183.868,183.868,0
180,4,AECI,PACE,1594965600,175.21,175.21,0
180,4,AECI,PACE,1596283200,180.832,180.832,0
180,4,AECI,PACE,1597600800,201.072,201.072,0
180,4,AECI,PACE,1598918400,180.384,180.384,0
180,4,AECI,PACE,1600236000,202.899,202.899,0
180,4,AECI,PACE,1601553600,182.573,182.573,0
180,4,AECI,PACE,1602871200,178.75,178.75,0
180,4,AECI,PACE,1604188800,219.569,219.569,0
180,4,AECI,PACE,1605506400,205.232,205.232,0
180,4,AECI,PACE,1606824000,196.187,196.187,0
180,4,AECI,PACE,1608141600,194.483,194.483,0
180,5,AECI,PACE,1577836800,219.132,194.607,2
180,5,AECI,PACE,1579154400,231.165,207.293,2
180,5,AECI,PACE,1580472000,299.148,241.909,6
180,5,AECI,PACE,1581789600,309.514,251.639,6
180,5,AECI,PACE,1583107200,256.505,218.925,4
180,5,AECI,PACE,1584424800,173.609,173.609,0
180,5,AECI,PACE,1585742400,130.078,130.078,0
180,5,AECI,PACE,1587060000,181.067,161.191,2
180,5,AECI,PACE,1588377600,220.015,189.81,4
180,5,AECI,PACE,1589695200,202.792,178.062,2
180,5,AECI,PACE,1591012800,151.782,151.782,0
180,5,AECI,PACE,1592330400,235.279,198.837,4
180,5,AECI,PACE,1593648000,366.205,272.103,8
180,5,AECI,PACE,1594965600,358.501,267.148,8
180,5,AECI,PACE,1596283200,229.156,203.178,2
180,5,AECI,PACE,1597600800,201.072,201.072,0
180,5,AECI,PACE,1598918400,180.384,180.384,0
180,5,AECI,PACE,1600236000,202.899,202.899,0
180,5,AECI,PACE,1601553600,231.224,205.368,2
180,5,AECI,PACE,1602871200,389.3,291.512,9
180,5,AECI,PACE,1604188800,269.054,243.908,2
180,5,AECI,PACE,1605506400,295.784,245.859,4
180,5,AECI,PACE,1606824000,353.355,272.196,6
180,5,AECI,PACE,1608141600,293.22,242.267,4
180,6,AECI,PACE,1577836800,171.652,171.652,0
180,6,AECI,PACE,1579154400,184.829,184.829,0
180,6,AECI,PACE,1580472000,179.08,179.08,0
180,6,AECI,PACE,1581789600,190.047,190.047,0
180,6,AECI,PACE,1583107200,177.533,177.533,0
180,6,AECI,PACE,1584424800,173.609,173.609,0
180,6,AECI,PACE,1585742400,130.078,130.078,0
180,6,AECI,PACE,1587060000,146.519,146.519,0
180,6,AECI,PACE,1588377600,154.192,154.192,0
180,6,AECI,PACE,1589695200,158.058,158.058,0
180,6,AECI,PACE,1591012800,151.782,151.782,0
180,6,AECI,PACE,1592330400,159.195,159.195,0
180,6,AECI,PACE,1593648000,183.868,183.868,0
180,6,AECI,PACE,1594965600,175.21,175.21,0
180,6,AECI,PACE,1596283200,180.832,180.832,0
180,6,AECI,PACE,1597600800,201.072,201.072,0
180,6,AECI,PACE,1598918400,180.384,180.384,0
180,6,AECI,PACE,1600236000,202.899,202.899,0
180,6,AECI,PACE,1601553600,182.573,182.573,0
180,6,AECI,PACE,1602871200,178.75,178.75,0
180,6,AECI,PACE,1604188800,219.569,219.569,0
180,6,AECI,PACE,1605506400,205.232,205.232,0
180,6,AECI,PACE,1606824000,196.187,196.187,0
180,6,AECI,PACE,1608141600,194.483,194.483,0
180,1,AECI,TEPC,1577836800,171.652,171.652,0
180,1,AECI,TEPC,1579154400,184.829,184.829,0
180,1,AECI,TEPC,1580472000,179.08,179.08,0
180,1,AECI,TEPC,1581789600,190.047,190.047,0
180,1,AECI,TEPC,1583107200,177.533,177.533,0
180,1,AECI,TEPC,1584424800,173.609,173.609,0
180,1,AECI,TEPC,1585742400,130.078,130.078,0
180,1,AECI,TEPC,1587060000,146.519,146.519,0
180,1,AECI,TEPC,1588377600,154.192,154.192,0
180,1,AECI,TEPC,1589695200,158.058,158.058,0
180,1,AECI,TEPC,1591012800,151.782,151.782,0
180,1,AECI,TEPC,1592330400,159.195,159.195,0
180,1,AECI,TEPC,1593648000,183.868,183.868,0
180,1,AECI,TEPC,1594965600,175.21,175.21,0
180,1,AECI,TEPC,1596283200,180.832,180.832,0
180,1,AECI,TEPC,1597600800,201.072,201.072,0
180,1,AECI,TEPC,1598918400,180.384,180.384,0
180,1,AECI,TEPC,1600236000,202.899,202.899,0
180,1,AECI,TEPC,1601553600,182.573,182.573,0
180,1,AECI,TEPC,1602871200,178.75,178.75,0
180,1,AECI,TEPC,1604188800,219.569,219.569,0
180,1,AECI,TEPC,1605506400,205.232,205.232,0
180,1,AECI,TEPC,1606824000,196.187,196.187,0
180,1,AECI,TEPC,1608141600,194.483,194.483,0
180,2,AECI,TEPC,1577836800,171.652,171.652,0
180,2,AECI,TEPC,1579154400,184.829,184.829,0
180,2,AECI,TEPC,1580472000,304.334,241.909,6
180,2,AECI,TEPC,1581789600,321.488,251.639,6
180,2,AECI,TEPC,1583107200,260.182,218.925,4
180,2,AECI,TEPC,1584424800,212.837,191.775,2
180,2,AECI,TEPC,1585742400,238.855,192.749,6
180,2,AECI,TEPC,1587060000,248.514,196.395,6
180,2,AECI,TEPC,1588377600,227.598,189.81,4
180,2,AECI,TEPC,1589695200,158.058,158.058,0
180,2,AECI,TEPC,1591012800,151.782,151.782,0
180,2,AECI,TEPC,1592330400,244.606,198.837,4
180,2,AECI,TEPC,1593648000,231.422,206.056,2
180,2,AECI,TEPC,1594965600,220.475,195.58,2
180,2,AECI,TEPC,1596283200,180.832,180.832,0
180,2,AECI,TEPC,1597600800,201.072,201.072,0
180,2,AECI,TEPC,1598918400,180.384,180.384,0
180,2,AECI,TEPC,1600236000,255.439,225.579,2
180,2,AECI,TEPC,1601553600,182.573,182.573,0
180,2,AECI,TEPC,1602871200,178.75,178.75,0
180,2,AECI,TEPC,1604188800,327.035,266.582,4
180,2,AECI,TEPC,1605506400,296.993,245.859,4
180,2,AECI,TEPC,1606824000,330.176,272.196,6
180,2,AECI,TEPC,1608141600,194.483,194.483,0
180,3,AECI,TEPC,1577836800,171.652,171.652,0
180,3,AECI,TEPC,1579154400,184.829,184.829,0
180,3,AECI,TEPC,1580472000,179.08,179.08,0
180,3,AECI,TEPC,1581789600,321.658,234.419,4
180,3,AECI,TEPC,1583107200,262.732,199.76,2
180,3,AECI,TEPC,1584424800,219.776,191.775,2
180,3,AECI,TEPC,1585742400,194.865,161.781,3
180,3,AECI,TEPC,1587060000,236.625,178.35,4
180,3,AECI,TEPC,1588377600,200.707,165.031,1
180,3,AECI,TEPC,1589695200,202.096,178.062,2
180,3,AECI,TEPC,1591012800,151.782,151.782,0
180,3,AECI,TEPC,1592330400,251.795,188.801,3
180,3,AECI,TEPC,1593648000,266.105,206.056,2
180,3,AECI,TEPC,1594965600,301.159,231.474,5
180,3,AECI,TEPC,1596283200,329.915,236.064,5
180,3,AECI,TEPC,1597600800,256.976,212.985,1
180,3,AECI,TEPC,1598918400,273.405,223.407,4
180,3,AECI,TEPC,1600236000,287.983,225.579,2
180,3,AECI,TEPC,1601553600,182.573,182.573,0
180,3,AECI,TEPC,1602871200,233.323,203.064,2
180,3,AECI,TEPC,1604188800,351.537,266.582,4
180,3,AECI,TEPC,1605506400,260.913,224.524,2
180,3,AECI,TEPC,1606824000,216.954,208.508,1
180,3,AECI,TEPC,1608141600,194.483,194.483,0
180,4,AECI,TEPC,1577836800,171.652,171.652,0
180,4,AECI,TEPC,1579154400,184.829,184.829,0
180,4,AECI,TEPC,1580472000,179.08,179.08,0
180,4,AECI,TEPC,1581789600,190.047,190.047,0
180,4,AECI,TEPC,1583107200,177.533,177.533,0
180,4,AECI,TEPC,1584424800,173.609,173.609,0
180,4,AECI,TEPC,1585742400,130.078,130.078,0
180,4,AECI,TEPC,1587060000,146.519,146.519,0
180,4,AECI,TEPC,1588377600,154.192,154.192,0
180,4,AECI,TEPC,1589695200,158.058,158.058,0
180,4,AECI,TEPC,1591012800,151.782,151.782,0
180,4,AECI,TEPC,1592330400,159.195,159.195,0
180,4,AECI,TEPC,1593648000,183.868,183.868,0
180,4,AECI,TEPC,1594965600,175.21,175.21,0
180,4,AECI,TEPC,1596283200,180.832,180.832,0
180,4,AECI,TEPC,1597600800,201.072,201.072,0
180,4,AECI,TEPC,1598918400,180.384,180.384,0
180,4,AECI,TEPC,1600236000,202.899,202.899,0
180,4,AECI,TEPC,1601553600,182.573,182.573,0
180,4,AECI,TEPC,1602871200,178.75,178.75,0
180,4,AECI,TEPC,1604188800,219.569,219.569,0
180,4,AECI,TEPC,1605506400,205.232,205.232,0
180,4,AECI,TEPC,1606824000,196.187,196.187,0
180,4,AECI,TEPC,1608141600,194.483,194.483,0
180,5,AECI,TEPC,1577836800,171.652,171.652,0
180,5,AECI,TEPC,1579154400,184.829,184.829,0
180,5,AECI,TEPC,1580472000,299.162,241.909,6
180,5,AECI,TEPC,1581789600,316.796,251.639,6
180,5,AECI,TEPC,1583107200,255.607,218.925,4
180,5,AECI,TEPC,1584424800,211.293,191.775,2
180,5,AECI,TEPC,1585742400,235.94,192.749,6
180,5,AECI,TEPC,1587060000,245.94,196.395,6
180,5,AECI,TEPC,1588377600,224.446,189.81,4
180,5,AECI,TEPC,1589695200,158.058,158.058,0
180,5,AECI,TEPC,1591012800,151.782,151.782,0
180,5,AECI,TEPC,1592330400,198.069,178.197,2
180,5,AECI,TEPC,1593648000,231.937,206.056,2
180,5,AECI,TEPC,1594965600,220.122,195.58,2
180,5,AECI,TEPC,1596283200,180.832,180.832,0
180,5,AECI,TEPC,1597600800,201.072,201.072,0
180,5,AECI,TEPC,1598918400,180.384,180.384,0
180,5,AECI,TEPC,1600236000,254.331,225.579,2
180,5,AECI,TEPC,1601553600,182.573,182.573,0
180,5,AECI,TEPC,1602871200,178.75,178.75,0
180,5,AECI,TEPC,1604188800,324.387,266.582,4
180,5,AECI,TEPC,1605506400,294.32,245.859,4
180,5,AECI,TEPC,1606824000,327.028,272.196,6
180,5,AECI,TEPC,1608141600,194.483,194.483,0
180,6,AECI,TEPC,1577836800,171.652,171.652,0
180,6,AECI,TEPC,1579154400,184.829,184.829,0
180,6,AECI,TEPC,1580472000,179.08,179.08,0
180,6,AECI,TEPC,1581789600,190.047,190.047,0
180,6,AECI,TEPC,1583107200,177.533,177.533,0
180,6,AECI,TEPC,1584424800,173.609,173.609,0
180,6,AECI,TEPC,1585742400,130.078,130.078,0
180,6,AECI,TEPC,1587060000,146.519,146.519,0
180,6,AECI,TEPC,1588377600,154.192,154.192,0
180,6,AECI,TEPC,1589695200,158.058,158.058,0
180,6,AECI,TEPC,1591012800,151.782,151.782,0
180,6,AECI,TEPC,1592330400,159.195,159.195,0
180,6,AECI,TEPC,1593648000,183.868,183.868,0
180,6,AECI,TEPC,1594965600,175.21,175.21,0
180,6,AECI,TEPC,1596283200,180.832,180.832,0
180,6,AECI,TEPC,1597600800,201.072,201.072,0
180,6,AECI,TEPC,1598918400,180.384,180.384,0
180,6,AECI,TEPC,1600236000,202.899,202.899,0
180,6,AECI,TEPC,1601553600,182.573,182.573,0
180,6,AECI,TEPC,1602871200,178.75,178.75,0
180,6,AECI,TEPC,1604188800,219.569,219.569,0
180,6,AECI,TEPC,1605506400,205.232,205.232,0
180,6,AECI,TEPC,1606824000,196.187,196.187,0
180,6,AECI,TEPC,1608141600,194.483,194.483,0
180,1,BANC,CISO,1577836800,76.253,76.253,0
180,1,BANC,CISO,1579154400,81.548,81.548,0
180,1,BANC,CISO,1580472000,55.83,55.83,0
180,1,BANC,CISO,1581789600,52.267,52.267,0
180,1,BANC,CISO,1583107200,52.43,52.43,0
180,1,BANC,CISO,1584424800,83.316,83.316,0
180,1,BANC,CISO,1585742400,44.33,44.33,0
180,1,BANC,CISO,1587060000,33.313,33.313,0
180,1,BANC,CISO,1588377600,42.749,42.749,0
180,1,BANC,CISO,1589695200,42.187,42.187,0
180,1,BANC,CISO,1591012800,42.378,42.378,0
180,1,BANC,CISO,1592330400,40.383,40.383,0
180,1,BANC,CISO,1593648000,37.688,37.688,0
180,1,BANC,CISO,1594965600,55.204,55.204,0
180,1,BANC,CISO,1596283200,56.684,56.684,0
180,1,BANC,CISO,1597600800,78.197,78.197,0
180,1,BANC,CISO,1598918400,75.022,75.022,0
180,1,BANC,CISO,1600236000,80.174,80.174,0
180,1,BANC,CISO,1601553600,81.036,81.036,0
180,1,BANC,CISO,1602871200,74.249,74.249,0
180,1,BANC,CISO,1604188800,87.09,87.09,0
180,1,BANC,CISO,1605506400,93.475,93.475,0
180,1,BANC,CISO,1606824000,108.643,108.643,0
180,1,BANC,CISO,1608141600,91.972,91.972,0
180,2,BANC,CISO,1577836800,95.246,84.553,2
180,2,BANC,CISO,1579154400,81.548,81.548,0
180,2,BANC,CISO,1580472000,55.83,55.83,0
180,2,BANC,CISO,1581789600,102.453,75.933,6
180,2,BANC,CISO,1583107200,65.885,57.909,2
180,2,BANC,CISO,1584424800,83.316,83.316,0
180,2,BANC,CISO,1585742400,56.393,49.58,2
180,2,BANC,CISO,1587060000,33.313,33.313,0
180,2,BANC,CISO,1588377600,87.353,63.084,8
180,2,BANC,CISO,1589695200,68.38,58.856,5
180,2,BANC,CISO,1591012800,42.378,42.378,0
180,2,BANC,CISO,1592330400,63.095,52.671,4
180,2,BANC,CISO,1593648000,47.521,42.287,2
180,2,BANC,CISO,1594965600,94.511,75.596,5
180,2,BANC,CISO,1596283200,103.623,79.25,6
180,2,BANC,CISO,1597600800,78.197,78.197,0
180,2,BANC,CISO,1598918400,116.766,95.197,4
180,2,BANC,CISO,1600236000,80.174,80.174,0
180,2,BANC,CISO,1601553600,81.036,81.036,0
180,2,BANC,CISO,1602871200,74.249,74.249,0
180,2,BANC,CISO,1604188800,106.978,93.899,2
180,2,BANC,CISO,1605506400,155.995,125.443,5
180,2,BANC,CISO,1606824000,186.203,148.626,6
180,2,BANC,CISO,1608141600,161.691,119.057,6
180,3,BANC,CISO,1577836800,96.777,84.553,2
180,3,BANC,CISO,1579154400,81.548,81.548,0
180,3,BANC,CISO,1580472000,55.83,55.83,0
180,3,BANC,CISO,1581789600,59.991,56.696,1
180,3,BANC,CISO,1583107200,66.01,57.909,2
180,3,BANC,CISO,1584424800,83.316,83.316,0
180,3,BANC,CISO,1585742400,44.33,44.33,0
180,3,BANC,CISO,1587060000,37.584,35.155,1
180,3,BANC,CISO,1588377600,71.19,52.041,4
180,3,BANC,CISO,1589695200,54.735,48.13,2
180,3,BANC,CISO,1591012800,42.378,42.378,0
180,3,BANC,CISO,1592330400,46.835,42.846,1
180,3,BANC,CISO,1593648000,48.872,42.287,2
180,3,BANC,CISO,1594965600,55.204,55.204,0
180,3,BANC,CISO,1596283200,56.684,56.684,0
180,3,BANC,CISO,1597600800,78.197,78.197,0
180,3,BANC,CISO,1598918400,98.852,83.004,2
180,3,BANC,CISO,1600236000,80.174,80.174,0
180,3,BANC,CISO,1601553600,81.036,81.036,0
180,3,BANC,CISO,1602871200,84.635,79.011,1
180,3,BANC,CISO,1604188800,87.09,87.09,0
180,3,BANC,CISO,1605506400,184.838,125.443,5
180,3,BANC,CISO,1606824000,163.598,128.408,3
180,3,BANC,CISO,1608141600,140.577,110.314,4
180,4,BANC,CISO,1577836800,76.253,76.253,0
180,4,BANC,CISO,1579154400,81.548,81.548,0
180,4,BANC,CISO,1580472000,55.83,55.83,0
180,4,BANC,CISO,1581789600,52.267,52.267,0
180,4,BANC,CISO,1583107200,52.43,52.43,0
180,4,BANC,CISO,1584424800,83.316,83.316,0
180,4,BANC,CISO,1585742400,44.33,44.33,0
180,4,BANC,CISO,1587060000,33.313,33.313,0
180,4,BANC,CISO,1588377600,42.749,42.749,0
180,4,BANC,CISO,1589695200,42.187,42.187,0
180,4,BANC,CISO,1591012800,42.378,42.378,0
180,4,BANC,CISO,1592330400,40.383,40.383,0
180,4,BANC,CISO,1593648000,37.688,37.688,0
180,4,BANC,CISO,1594965600,55.204,55.204,0
180,4,BANC,CISO,1596283200,56.684,56.684,0
180,4,BANC,CISO,1597600800,78.197,78.197,0
180,4,BANC,CISO,1598918400,75.022,75.022,0
180,4,BANC,CISO,1600236000,80.174,80.174,0
180,4,BANC,CISO,1601553600,81.036,81.036,0
180,4,BANC,CISO,1602871200,74.249,74.249,0
180,4,BANC,CISO,1604188800,87.09,87.09,0
180,4,BANC,CISO,1605506400,93.475,93.475,0
180,4,BANC,CISO,1606824000,108.643,108.643,0
180,4,BANC,CISO,1608141600,91.972,91.972,0
180,5,BANC,CISO,1577836800,94.023,84.553,2
180,5,BANC,CISO,1579154400,81.548,81.548,0
180,5,BANC,CISO,1580472000,55.83,55.83,0
180,5,BANC,CISO,1581789600,97.943,75.933,6
180,5,BANC,CISO,1583107200,65.397,57.909,2
180,5,BANC,CISO,1584424800,83.316,83.316,0
180,5,BANC,CISO,1585742400,61.772,52.729,3
180,5,BANC,CISO,1587060000,33.313,33.313,0
180,5,BANC,CISO,1588377600,57.269,52.041,4
180,5,BANC,CISO,1589695200,64.833,58.856,5
180,5,BANC,CISO,1591012800,42.378,42.378,0
180,5,BANC,CISO,1592330400,62.094,52.671,4
180,5,BANC,CISO,1593648000,47.165,42.287,2
180,5,BANC,CISO,1594965600,100.362,79.264,6
180,5,BANC,CISO,1596283200,101.357,79.25,6
180,5,BANC,CISO,1597600800,78.197,78.197,0
180,5,BANC,CISO,1598918400,115.164,95.197,4
180,5,BANC,CISO,1600236000,80.174,80.174,0
180,5,BANC,CISO,1601553600,81.036,81.036,0
180,5,BANC,CISO,1602871200,74.249,74.249,0
180,5,BANC,CISO,1604188800,106.379,93.899,2
180,5,BANC,CISO,1605506400,150.618,125.443,5
180,5,BANC,CISO,1606824000,182.527,148.626,6
180,5,BANC,CISO,1608141600,154.124,119.057,6
180,6,BANC,CISO,1577836800,76.253,76.253,0
180,6,BANC,CISO,1579154400,81.548,81.548,0
180,6,BANC,CISO,1580472000,55.83,55.83,0
180,6,BANC,CISO,1581789600,52.267,52.267,0
180,6,BANC,CISO,1583107200,52.43,52.43,0
180,6,BANC,CISO,1584424800,83.316,83.316,0
180,6,BANC,CISO,1585742400,44.33,44.33,0
180,6,BANC,CISO,1587060000,33.313,33.313,0
180,6,BANC,CISO,1588377600,42.749,42.749,0
180,6,BANC,CISO,1589695200,42.187,42.187,0
180,6,BANC,CISO,1591012800,42.378,42.378,0
180,6,BANC,CISO,1592330400,40.383,40.383,0
180,6,BANC,CISO,1593648000,37.688,37.688,0
180,6,BANC,CISO,1594965600,55.204,55.204,0
180,6,BANC,CISO,1596283200,56.684,56.684,0
180,6,BANC,CISO,1597600800,78.197,78.197,0
180,6,BANC,CISO,1598918400,75.022,75.022,0
180,6,BANC,CISO,1600236000,80.174,80.174,0
180,6,BANC,CISO,1601553600,81.036,81.036,0
180,6,BANC,CISO,1602871200,74.249,74.249,0
180,6,BANC,CISO,1604188800,87.09,87.09,0
180,6,BANC,CISO,1605506400,93.475,93.475,0
180,6,BANC,CISO,1606824000,108.643,108.643,0
180,6,BANC,CISO,1608141600,91.972,91.972,0
180,1,CISO,BANC,1577836800,130.428,130.428,0
180,1,CISO,BANC,1579154400,140.472,140.472,0
180,1,CISO,BANC,1580472000,117.952,117.952,0
180,1,CISO,BANC,1581789600,103.569,103.569,0
180,1,CISO,BANC,1583107200,104.144,104.144,0
180,1,CISO,BANC,1584424800,135.48,135.48,0
180,1,CISO,BANC,1585742400,79.732,79.732,0
180,1,CISO,BANC,1587060000,80.679,80.679,0
180,1,CISO,BANC,1588377600,56.36,56.36,0
180,1,CISO,BANC,1589695200,62.849,62.849,0
180,1,CISO,BANC,1591012800,94.687,94.687,0
180,1,CISO,BANC,1592330400,66.377,66.377,0
180,1,CISO,BANC,1593648000,73.665,73.665,0
180,1,CISO,BANC,1594965600,90.516,90.516,0
180,1,CISO,BANC,1596283200,92.419,92.419,0
180,1,CISO,BANC,1597600800,127.384,127.384,0
180,1,CISO,BANC,1598918400,110.116,110.116,0
180,1,CISO,BANC,1600236000,126.99,126.99,0
180,1,CISO,BANC,1601553600,129.978,129.978,0
180,1,CISO,BANC,1602871200,142.021,142.021,0
180,1,CISO,BANC,1604188800,143.8,143.8,0
180,1,CISO,BANC,1605506400,123.623,123.623,0
180,1,CISO,BANC,1606824000,121.375,121.375,0
180,1,CISO,BANC,1608141600,120.762,120.762,0
180,2,CISO,BANC,1577836800,111.844,161.541,3
180,2,CISO,BANC,1579154400,99.438,150.99,1
180,2,CISO,BANC,1580472000,70.432,126.163,1
180,2,CISO,BANC,1581789600,111.235,157.927,7
180,2,CISO,BANC,1583107200,75.47,128.87,3
180,2,CISO,BANC,1584424800,100.941,144.663,1
180,2,CISO,BANC,1585742400,79.645,100.023,5
180,2,CISO,BANC,1587060000,37.859,83.004,1
180,2,CISO,BANC,1588377600,67.444,77.531,5
180,2,CISO,BANC,1589695200,83.307,86.899,7
180,2,CISO,BANC,1591012800,52.295,101.265,1
180,2,CISO,BANC,1592330400,56.746,78.925,3
180,2,CISO,BANC,1593648000,54.629,91.181,3
180,2,CISO,BANC,1594965600,113.1,126.478,7
180,2,CISO,BANC,1596283200,115.305,130.916,7
180,2,CISO,BANC,1597600800,90.026,134.579,1
180,2,CISO,BANC,1598918400,129.809,148.394,5
180,2,CISO,BANC,1600236000,95.378,135.669,1
180,2,CISO,BANC,1601553600,96.205,138.281,1
180,2,CISO,BANC,1602871200,86.215,147.123,1
180,2,CISO,BANC,1604188800,120.63,173.154,3
180,2,CISO,BANC,1605506400,171.407,163.961,6
180,2,CISO,BANC,1606824000,202.527,175.617,7
180,2,CISO,BANC,1608141600,176.479,175.381,7
180,3,CISO,BANC,1577836800,91.286,140.399,1
180,3,CISO,BANC,1579154400,99.438,150.99,1
180,3,CISO,BANC,1580472000,70.432,126.163,1
180,3,CISO,BANC,1581789600,69.725,111.669,2
180,3,CISO,BANC,1583107200,61.26,111.307,1
180,3,CISO,BANC,1584424800,100.941,144.663,1
180,3,CISO,BANC,1585742400,54.352,85.61,1
180,3,CISO,BANC,1587060000,47.145,89.598,3
180,3,CISO,BANC,1588377600,67.162,69.04,3
180,3,CISO,BANC,1589695200,69.362,78.348,4
180,3,CISO,BANC,1591012800,52.295,101.265,1
180,3,CISO,BANC,1592330400,52.602,73.619,2
180,3,CISO,BANC,1593648000,44.607,78.928,1
180,3,CISO,BANC,1594965600,66.477,97.406,1
180,3,CISO,BANC,1596283200,68.117,97.942,1
180,3,CISO,BANC,1597600800,90.026,134.579,1
180,3,CISO,BANC,1598918400,120.199,140.614,4
180,3,CISO,BANC,1600236000,95.378,135.669,1
180,3,CISO,BANC,1601553600,96.205,138.281,1
180,3,CISO,BANC,1602871200,109.544,161.692,3
180,3,CISO,BANC,1604188800,100.23,153.239,1
180,3,CISO,BANC,1605506400,146.907,139.681,2
180,3,CISO,BANC,1606824000,121.375,121.375,0
180,3,CISO,BANC,1608141600,125.399,140.762,3
180,4,CISO,BANC,1577836800,91.286,140.399,1
180,4,CISO,BANC,1579154400,99.438,150.99,1
180,4,CISO,BANC,1580472000,70.432,126.163,1
180,4,CISO,BANC,1581789600,61.284,107.401,1
180,4,CISO,BANC,1583107200,61.26,111.307,1
180,4,CISO,BANC,1584424800,100.941,144.663,1
180,4,CISO,BANC,1585742400,54.352,85.61,1
180,4,CISO,BANC,1587060000,37.859,83.004,1
180,4,CISO,BANC,1588377600,56.36,56.36,0
180,4,CISO,BANC,1589695200,53.272,67.236,1
180,4,CISO,BANC,1591012800,52.295,101.265,1
180,4,CISO,BANC,1592330400,55.037,69.642,1
180,4,CISO,BANC,1593648000,44.607,78.928,1
180,4,CISO,BANC,1594965600,66.477,97.406,1
180,4,CISO,BANC,1596283200,68.117,97.942,1
180,4,CISO,BANC,1597600800,90.026,134.579,1
180,4,CISO,BANC,1598918400,110.116,110.116,0
180,4,CISO,BANC,1600236000,95.378,135.669,1
180,4,CISO,BANC,1601553600,96.205,138.281,1
180,4,CISO,BANC,1602871200,86.215,147.123,1
180,4,CISO,BANC,1604188800,121.358,153.239,1
180,4,CISO,BANC,1605506400,123.623,123.623,0
180,4,CISO,BANC,1606824000,121.375,121.375,0
180,4,CISO,BANC,1608141600,109.281,125.937,1
180,5,CISO,BANC,1577836800,110.621,161.541,3
180,5,CISO,BANC,1579154400,99.438,150.99,1
180,5,CISO,BANC,1580472000,70.432,126.163,1
180,5,CISO,BANC,1581789600,89.512,138.785,5
180,5,CISO,BANC,1583107200,74.983,128.87,3
180,5,CISO,BANC,1584424800,100.941,144.663,1
180,5,CISO,BANC,1585742400,78.447,100.023,5
180,5,CISO,BANC,1587060000,37.859,83.004,1
180,5,CISO,BANC,1588377600,68.31,80.324,6
180,5,CISO,BANC,1589695200,79.55,86.899,7
180,5,CISO,BANC,1591012800,52.295,101.265,1
180,5,CISO,BANC,1592330400,55.745,78.925,3
180,5,CISO,BANC,1593648000,54.273,91.181,3
180,5,CISO,BANC,1594965600,111.335,126.478,7
180,5,CISO,BANC,1596283200,113.91,130.916,7
180,5,CISO,BANC,1597600800,90.026,134.579,1
180,5,CISO,BANC,1598918400,128.207,148.394,5
180,5,CISO,BANC,1600236000,95.378,135.669,1
180,5,CISO,BANC,1601553600,96.205,138.281,1
180,5,CISO,BANC,1602871200,86.215,147.123,1
180,5,CISO,BANC,1604188800,120.03,173.154,3
180,5,CISO,BANC,1605506400,177.299,171.61,7
180,5,CISO,BANC,1606824000,198.85,175.617,7
180,5,CISO,BANC,1608141600,145.13,158.604,5
180,6,CISO,BANC,1577836800,91.286,140.399,1
180,6,CISO,BANC,1579154400,99.438,150.99,1
180,6,CISO,BANC,1580472000,70.432,126.163,1
180,6,CISO,BANC,1581789600,61.284,107.401,1
180,6,CISO,BANC,1583107200,61.26,111.307,1
180,6,CISO,BANC,1584424800,100.941,144.663,1
180,6,CISO,BANC,1585742400,54.352,85.61,1
180,6,CISO,BANC,1587060000,37.859,83.004,1
180,6,CISO,BANC,1588377600,47.651,59.593,1
180,6,CISO,BANC,1589695200,51.72,67.236,1
180,6,CISO,BANC,1591012800,52.295,101.265,1
180,6,CISO,BANC,1592330400,44.637,69.642,1
180,6,CISO,BANC,1593648000,44.607,78.928,1
180,6,CISO,BANC,1594965600,66.477,97.406,1
180,6,CISO,BANC,1596283200,68.117,97.942,1
180,6,CISO,BANC,1597600800,90.026,134.579,1
180,6,CISO,BANC,1598918400,85.687,117.369,1
180,6,CISO,BANC,1600236000,95.378,135.669,1
180,6,CISO,BANC,1601553600,96.205,138.281,1
180,6,CISO,BANC,1602871200,86.215,147.123,1
180,6,CISO,BANC,1604188800,100.23,153.239,1
180,6,CISO,BANC,1605506400,110.986,131.75,1
180,6,CISO,BANC,1606824000,124.358,130.157,1
180,6,CISO,BANC,1608141600,103.632,125.937,1
180,1,EPE,AECI,1577836800,202.093,202.093,0
180,1,EPE,AECI,1579154400,207.289,207.289,0
180,1,EPE,AECI,1580472000,181.504,181.504,0
180,1,EPE,AECI,1581789600,175.974,175.974,0
180,1,EPE,AECI,1583107200,202.541,202.541,0
180,1,EPE,AECI,1584424800,204.307,204.307,0
180,1,EPE,AECI,1585742400,164.605,164.605,0
180,1,EPE,AECI,1587060000,171.684,171.684,0
180,1,EPE,AECI,1588377600,183.602,183.602,0
180,1,EPE,AECI,1589695200,189.282,189.282,0
180,1,EPE,AECI,1591012800,195.852,195.852,0
180,1,EPE,AECI,1592330400,195.157,195.157,0
180,1,EPE,AECI,1593648000,198.016,198.016,0
180,1,EPE,AECI,1594965600,209.436,209.436,0
180,1,EPE,AECI,1596283200,204.715,204.715,0
180,1,EPE,AECI,1597600800,214.763,214.763,0
180,1,EPE,AECI,1598918400,203.471,203.471,0
180,1,EPE,AECI,1600236000,199.728,199.728,0
180,1,EPE,AECI,1601553600,220.07,220.07,0
180,1,EPE,AECI,1602871200,223.978,223.978,0
180,1,EPE,AECI,1604188800,214.945,214.945,0
180,1,EPE,AECI,1605506400,203.959,203.959,0
180,1,EPE,AECI,1606824000,198.83,198.83,0
180,1,EPE,AECI,1608141600,215.454,215.454,0
180,2,EPE,AECI,1577836800,243.569,243.245,3
180,2,EPE,AECI,1579154400,302.878,274.358,5
180,2,EPE,AECI,1580472000,319.136,261.426,7
180,2,EPE,AECI,1581789600,282.054,235.143,5
180,2,EPE,AECI,1583107200,287.524,268.099,5
180,2,EPE,AECI,1584424800,240.311,240.096,3
180,2,EPE,AECI,1585742400,171.547,184.502,2
180,2,EPE,AECI,1587060000,197.677,203.292,3
180,2,EPE,AECI,1588377600,251.31,240.743,5
180,2,EPE,AECI,1589695200,223.763,230.437,3
180,2,EPE,AECI,1591012800,177.459,208.18,1
180,2,EPE,AECI,1592330400,180.126,206.819,1
180,2,EPE,AECI,1593648000,393.583,313.474,9
180,2,EPE,AECI,1594965600,200.602,223.387,1
180,2,EPE,AECI,1596283200,252.567,240.851,3
180,2,EPE,AECI,1597600800,352.466,288.794,6
180,2,EPE,AECI,1598918400,294.864,270.233,5
180,2,EPE,AECI,1600236000,344.822,278.251,6
180,2,EPE,AECI,1601553600,311.375,286.687,5
180,2,EPE,AECI,1602871200,364.866,324.702,7
180,2,EPE,AECI,1604188800,328.628,284.627,5
180,2,EPE,AECI,1605506400,399.783,311.732,9
180,2,EPE,AECI,1606824000,361.508,289.77,7
180,2,EPE,AECI,1608141600,266.561,255.73,3
180,3,EPE,AECI,1577836800,202.093,202.093,0
180,3,EPE,AECI,1579154400,207.289,207.289,0
180,3,EPE,AECI,1580472000,211.951,205.272,2
180,3,EPE,AECI,1581789600,175.974,175.974,0
180,3,EPE,AECI,1583107200,202.541,202.541,0
180,3,EPE,AECI,1584424800,218.868,216.382,1
180,3,EPE,AECI,1585742400,185.917,184.502,2
180,3,EPE,AECI,1587060000,171.684,171.684,0
180,3,EPE,AECI,1588377600,183.602,183.602,0
180,3,EPE,AECI,1589695200,210.445,202.744,1
180,3,EPE,AECI,1591012800,200.177,219.539,2
180,3,EPE,AECI,1592330400,223.945,231.63,3
180,3,EPE,AECI,1593648000,198.016,198.016,0
180,3,EPE,AECI,1594965600,286.589,263.57,4
180,3,EPE,AECI,1596283200,239.34,229.252,2
180,3,EPE,AECI,1597600800,214.763,214.763,0
180,3,EPE,AECI,1598918400,250.527,229.925,2
180,3,EPE,AECI,1600236000,199.728,199.728,0
180,3,EPE,AECI,1601553600,245.181,247.012,2
180,3,EPE,AECI,1602871200,293.375,278.435,4
180,3,EPE,AECI,1604188800,214.945,214.945,0
180,3,EPE,AECI,1605506400,220.289,216.982,1
180,3,EPE,AECI,1606824000,247.073,224.277,2
180,3,EPE,AECI,1608141600,263.151,241.039,2
180,4,EPE,AECI,1577836800,202.093,202.093,0
180,4,EPE,AECI,1579154400,207.289,207.289,0
180,4,EPE,AECI,1580472000,181.504,181.504,0
180,4,EPE,AECI,1581789600,175.974,175.974,0
180,4,EPE,AECI,1583107200,202.541,202.541,0
180,4,EPE,AECI,1584424800,204.307,204.307,0
180,4,EPE,AECI,1585742400,164.605,164.605,0
180,4,EPE,AECI,1587060000,171.684,171.684,0
180,4,EPE,AECI,1588377600,183.602,183.602,0
180,4,EPE,AECI,1589695200,189.282,189.282,0
180,4,EPE,AECI,1591012800,195.852,195.852,0
180,4,EPE,AECI,1592330400,195.157,195.157,0
180,4,EPE,AECI,1593648000,198.016,198.016,0
180,4,EPE,AECI,1594965600,209.436,209.436,0
180,4,EPE,AECI,1596283200,204.715,204.715,0
180,4,EPE,AECI,1597600800,214.763,214.763,0
180,4,EPE,AECI,1598918400,203.471,203.471,0
180,4,EPE,AECI,1600236000,199.728,199.728,0
180,4,EPE,AECI,1601553600,220.07,220.07,0
180,4,EPE,AECI,1602871200,223.978,223.978,0
180,4,EPE,AECI,1604188800,214.945,214.945,0
180,4,EPE,AECI,1605506400,203.959,203.959,0
180,4,EPE,AECI,1606824000,198.83,198.83,0
180,4,EPE,AECI,1608141600,215.454,215.454,0
180,5,EPE,AECI,1577836800,243.329,243.245,3
180,5,EPE,AECI,1579154400,301.321,274.358,5
180,5,EPE,AECI,1580472000,316.26,261.426,7
180,5,EPE,AECI,1581789600,279.675,235.143,5
180,5,EPE,AECI,1583107200,284.978,268.099,5
180,5,EPE,AECI,1584424800,259.927,250.24,4
180,5,EPE,AECI,1585742400,171.771,184.502,2
180,5,EPE,AECI,1587060000,196.352,203.292,3
180,5,EPE,AECI,1588377600,286.533,260.68,7
180,5,EPE,AECI,1589695200,222.791,230.437,3
180,5,EPE,AECI,1591012800,177.459,208.18,1
180,5,EPE,AECI,1592330400,180.051,206.819,1
180,5,EPE,AECI,1593648000,390.102,313.474,9
180,5,EPE,AECI,1594965600,200.602,223.387,1
180,5,EPE,AECI,1596283200,251.916,240.851,3
180,5,EPE,AECI,1597600800,349.737,288.794,6
180,5,EPE,AECI,1598918400,293.835,270.233,5
180,5,EPE,AECI,1600236000,340.575,278.251,6
180,5,EPE,AECI,1601553600,310.208,286.687,5
180,5,EPE,AECI,1602871200,361.544,324.702,7
180,5,EPE,AECI,1604188800,351.772,296.882,6
180,5,EPE,AECI,1605506400,393.604,311.732,9
180,5,EPE,AECI,1606824000,356.779,289.77,7
180,5,EPE,AECI,1608141600,263.334,255.73,3
180,6,EPE,AECI,1577836800,195.86,215.624,1
180,6,EPE,AECI,1579154400,209.685,220.931,1
180,6,EPE,AECI,1580472000,181.504,181.504,0
180,6,EPE,AECI,1581789600,175.974,175.974,0
180,6,EPE,AECI,1583107200,203.204,215.916,1
180,6,EPE,AECI,1584424800,197.636,216.382,1
180,6,EPE,AECI,1585742400,151.782,175.019,1
180,6,EPE,AECI,1587060000,161.974,181.096,1
180,6,EPE,AECI,1588377600,175.685,195.06,1
180,6,EPE,AECI,1589695200,183.178,202.744,1
180,6,EPE,AECI,1591012800,177.459,208.18,1
180,6,EPE,AECI,1592330400,179.966,206.819,1
180,6,EPE,AECI,1593648000,198.016,198.016,0
180,6,EPE,AECI,1594965600,200.602,223.387,1
180,6,EPE,AECI,1596283200,206.663,217.727,1
180,6,EPE,AECI,1597600800,214.763,214.763,0
180,6,EPE,AECI,1598918400,203.492,216.536,1
180,6,EPE,AECI,1600236000,199.728,199.728,0
180,6,EPE,AECI,1601553600,209.768,234.765,1
180,6,EPE,AECI,1602871200,203.875,236.912,1
180,6,EPE,AECI,1604188800,214.945,214.945,0
180,6,EPE,AECI,1605506400,203.959,203.959,0
180,6,EPE,AECI,1606824000,198.83,198.83,0
180,6,EPE,AECI,1608141600,216.801,227.979,1
180,1,EPE,PSCO,1577836800,202.093,202.093,0
180,1,EPE,PSCO,1579154400,207.289,207.289,0
180,1,EPE,PSCO,1580472000,181.504,181.504,0
180,1,EPE,PSCO,1581789600,175.974,175.974,0
180,1,EPE,PSCO,1583107200,202.541,202.541,0
180,1,EPE,PSCO,1584424800,204.307,204.307,0
180,1,EPE,PSCO,1585742400,164.605,164.605,0
180,1,EPE,PSCO,1587060000,171.684,171.684,0
180,1,EPE,PSCO,1588377600,183.602,183.602,0
180,1,EPE,PSCO,1589695200,189.282,189.282,0
180,1,EPE,PSCO,1591012800,195.852,195.852,0
180,1,EPE,PSCO,1592330400,195.157,195.157,0
180,1,EPE,PSCO,1593648000,198.016,198.016,0
180,1,EPE,PSCO,1594965600,209.436,209.436,0
180,1,EPE,PSCO,1596283200,204.715,204.715,0
180,1,EPE,PSCO,1597600800,214.763,214.763,0
180,1,EPE,PSCO,1598918400,203.471,203.471,0
180,1,EPE,PSCO,1600236000,199.728,199.728,0
180,1,EPE,PSCO,1601553600,220.07,220.07,0
180,1,EPE,PSCO,1602871200,223.978,223.978,0
180,1,EPE,PSCO,1604188800,214.945,214.945,0
180,1,EPE,PSCO,1605506400,203.959,203.959,0
180,1,EPE,PSCO,1606824000,198.83,198.83,0
180,1,EPE,PSCO,1608141600,215.454,215.454,0
180,2,EPE,PSCO,1577836800,349.738,282.291,6
180,2,EPE,PSCO,1579154400,345.293,301.584,7
180,2,EPE,PSCO,1580472000,386.846,295.105,10
180,2,EPE,PSCO,1581789600,267.046,221.7,4
180,2,EPE,PSCO,1583107200,360.877,290.54,7
180,2,EPE,PSCO,1584424800,295.108,250.24,4
180,2,EPE,PSCO,1585742400,204.011,184.502,2
180,2,EPE,PSCO,1587060000,213.812,191.227,2
180,2,EPE,PSCO,1588377600,320.76,260.68,7
180,2,EPE,PSCO,1589695200,226.792,230.437,3
180,2,EPE,PSCO,1591012800,399.041,293.466,8
180,2,EPE,PSCO,1592330400,273.094,244.79,4
180,2,EPE,PSCO,1593648000,317.494,276.191,6
180,2,EPE,PSCO,1594965600,381.481,301.735,7
180,2,EPE,PSCO,1596283200,256.059,240.851,3
180,2,EPE,PSCO,1597600800,287.17,263.331,4
180,2,EPE,PSCO,1598918400,273.702,243.531,3
180,2,EPE,PSCO,1600236000,338.1,291.773,7
180,2,EPE,PSCO,1601553600,372.186,317.254,7
180,2,EPE,PSCO,1602871200,327.709,293.887,5
180,2,EPE,PSCO,1604188800,424.997,320.968,8
180,2,EPE,PSCO,1605506400,331.091,275.31,6
180,2,EPE,PSCO,1606824000,170.478,212.384,1
180,2,EPE,PSCO,1608141600,194.513,227.979,1
180,3,EPE,PSCO,1577836800,354.807,282.291,6
180,3,EPE,PSCO,1579154400,191.164,220.931,1
180,3,EPE,PSCO,1580472000,189.592,193.983,1
180,3,EPE,PSCO,1581789600,217.077,196.183,2
180,3,EPE,PSCO,1583107200,219.436,215.916,1
180,3,EPE,PSCO,1584424800,251.21,228.26,2
180,3,EPE,PSCO,1585742400,164.605,164.605,0
180,3,EPE,PSCO,1587060000,171.684,171.684,0
180,3,EPE,PSCO,1588377600,183.602,183.602,0
180,3,EPE,PSCO,1589695200,195.892,202.744,1
180,3,EPE,PSCO,1591012800,195.852,195.852,0
180,3,EPE,PSCO,1592330400,225.529,218.62,2
180,3,EPE,PSCO,1593648000,248.678,237.057,3
180,3,EPE,PSCO,1594965600,231.936,223.387,1
180,3,EPE,PSCO,1596283200,224.52,217.727,1
180,3,EPE,PSCO,1597600800,235.997,238.396,2
180,3,EPE,PSCO,1598918400,203.471,203.471,0
180,3,EPE,PSCO,1600236000,197.706,213.427,1
180,3,EPE,PSCO,1601553600,221.481,234.765,1
180,3,EPE,PSCO,1602871200,332.741,293.887,5
180,3,EPE,PSCO,1604188800,214.945,214.945,0
180,3,EPE,PSCO,1605506400,225.285,216.982,1
180,3,EPE,PSCO,1606824000,170.478,212.384,1
180,3,EPE,PSCO,1608141600,194.513,227.979,1
180,4,EPE,PSCO,1577836800,202.093,202.093,0
180,4,EPE,PSCO,1579154400,207.289,207.289,0
180,4,EPE,PSCO,1580472000,181.504,181.504,0
180,4,EPE,PSCO,1581789600,175.974,175.974,0
180,4,EPE,PSCO,1583107200,202.541,202.541,0
180,4,EPE,PSCO,1584424800,204.307,204.307,0
180,4,EPE,PSCO,1585742400,164.605,164.605,0
180,4,EPE,PSCO,1587060000,171.684,171.684,0
180,4,EPE,PSCO,1588377600,183.602,183.602,0
180,4,EPE,PSCO,1589695200,189.282,189.282,0
180,4,EPE,PSCO,1591012800,195.852,195.852,0
180,4,EPE,PSCO,1592330400,195.157,195.157,0
180,4,EPE,PSCO,1593648000,198.016,198.016,0
180,4,EPE,PSCO,1594965600,209.436,209.436,0
180,4,EPE,PSCO,1596283200,204.715,204.715,0
180,4,EPE,PSCO,1597600800,214.763,214.763,0
180,4,EPE,PSCO,1598918400,203.471,203.471,0
180,4,EPE,PSCO,1600236000,199.728,199.728,0
180,4,EPE,PSCO,1601553600,220.07,220.07,0
180,4,EPE,PSCO,1602871200,223.978,223.978,0
180,4,EPE,PSCO,1604188800,214.945,214.945,0
180,4,EPE,PSCO,1605506400,203.959,203.959,0
180,4,EPE,PSCO,1606824000,198.83,198.83,0
180,4,EPE,PSCO,1608141600,215.454,215.454,0
180,5,EPE,PSCO,1577836800,344.207,282.291,6
180,5,EPE,PSCO,1579154400,340.569,301.584,7
180,5,EPE,PSCO,1580472000,380.222,295.105,10
180,5,EPE,PSCO,1581789600,265.89,221.7,4
180,5,EPE,PSCO,1583107200,356.745,290.54,7
180,5,EPE,PSCO,1584424800,294.241,250.24,4
180,5,EPE,PSCO,1585742400,199.91,184.502,2
180,5,EPE,PSCO,1587060000,212.321,191.227,2
180,5,EPE,PSCO,1588377600,315.521,260.68,7
180,5,EPE,PSCO,1589695200,224.411,230.437,3
180,5,EPE,PSCO,1591012800,244.554,219.539,2
180,5,EPE,PSCO,1592330400,269.437,244.79,4
180,5,EPE,PSCO,1593648000,337.976,288.368,7
180,5,EPE,PSCO,1594965600,377.245,301.735,7
180,5,EPE,PSCO,1596283200,255.951,240.851,3
180,5,EPE,PSCO,1597600800,285.543,263.331,4
180,5,EPE,PSCO,1598918400,271.297,243.531,3
180,5,EPE,PSCO,1600236000,333.195,291.773,7
180,5,EPE,PSCO,1601553600,367.238,317.254,7
180,5,EPE,PSCO,1602871200,324.017,293.887,5
180,5,EPE,PSCO,1604188800,420.78,320.968,8
180,5,EPE,PSCO,1605506400,350.227,287.507,7
180,5,EPE,PSCO,1606824000,170.478,212.384,1
180,5,EPE,PSCO,1608141600,194.513,227.979,1
180,6,EPE,PSCO,1577836800,202.093,202.093,0
180,6,EPE,PSCO,1579154400,191.164,220.931,1
180,6,EPE,PSCO,1580472000,186.738,193.983,1
180,6,EPE,PSCO,1581789600,175.974,175.974,0
180,6,EPE,PSCO,1583107200,202.541,202.541,0
180,6,EPE,PSCO,1584424800,204.307,204.307,0
180,6,EPE,PSCO,1585742400,164.605,164.605,0
180,6,EPE,PSCO,1587060000,171.684,171.684,0
180,6,EPE,PSCO,1588377600,183.602,183.602,0
180,6,EPE,PSCO,1589695200,195.892,202.744,1
180,6,EPE,PSCO,1591012800,195.852,195.852,0
180,6,EPE,PSCO,1592330400,195.157,195.157,0
180,6,EPE,PSCO,1593648000,198.016,198.016,0
180,6,EPE,PSCO,1594965600,209.436,209.436,0
180,6,EPE,PSCO,1596283200,214.414,217.727,1
180,6,EPE,PSCO,1597600800,215.592,226.498,1
180,6,EPE,PSCO,1598918400,203.471,203.471,0
180,6,EPE,PSCO,1600236000,197.706,213.427,1
180,6,EPE,PSCO,1601553600,221.481,234.765,1
180,6,EPE,PSCO,1602871200,223.978,223.978,0
180,6,EPE,PSCO,1604188800,214.945,214.945,0
180,6,EPE,PSCO,1605506400,203.959,203.959,0
180,6,EPE,PSCO,1606824000,170.478,212.384,1
180,6,EPE,PSCO,1608141600,194.513,227.979,1
180,1,PACE,AECI,1577836800,222.045,222.045,0
180,1,PACE,AECI,1579154400,234.433,234.433,0
180,1,PACE,AECI,1580472000,198.311,198.311,0
180,1,PACE,AECI,1581789600,196.827,196.827,0
180,1,PACE,AECI,1583107200,208.975,208.975,0
180,1,PACE,AECI,1584424800,252.452,252.452,0
180,1,PACE,AECI,1585742400,225.822,225.822,0
180,1,PACE,AECI,1587060000,224.401,224.401,0
180,1,PACE,AECI,1588377600,195.688,195.688,0
180,1,PACE,AECI,1589695200,218.514,218.514,0
180,1,PACE,AECI,1591012800,230.978,230.978,0
180,1,PACE,AECI,1592330400,200.767,200.767,0
180,1,PACE,AECI,1593648000,211.4,211.4,0
180,1,PACE,AECI,1594965600,197.864,197.864,0
180,1,PACE,AECI,1596283200,232.915,232.915,0
180,1,PACE,AECI,1597600800,252.895,252.895,0
180,1,PACE,AECI,1598918400,239.903,239.903,0
180,1,PACE,AECI,1600236000,257.912,257.912,0
180,1,PACE,AECI,1601553600,250.583,250.583,0
180,1,PACE,AECI,1602871200,211.548,211.548,0
180,1,PACE,AECI,1604188800,258.098,258.098,0
180,1,PACE,AECI,1605506400,230.758,230.758,0
180,1,PACE,AECI,1606824000,241.036,241.036,0
180,1,PACE,AECI,1608141600,221.431,221.431,0
180,2,PACE,AECI,1577836800,245.615,266.881,3
180,2,PACE,AECI,1579154400,261.511,277.925,3
180,2,PACE,AECI,1580472000,327.525,293.346,7
180,2,PACE,AECI,1581789600,292.728,267.969,5
180,2,PACE,AECI,1583107200,288.976,274.082,5
180,2,PACE,AECI,1584424800,202.486,270.593,1
180,2,PACE,AECI,1585742400,156.381,240.809,1
180,2,PACE,AECI,1587060000,205.999,263.769,3
180,2,PACE,AECI,1588377600,250.618,255.479,5
180,2,PACE,AECI,1589695200,235.398,259.975,3
180,2,PACE,AECI,1591012800,180.231,246.236,1
180,2,PACE,AECI,1592330400,215.749,242.799,3
180,2,PACE,AECI,1593648000,294.192,283.944,5
180,2,PACE,AECI,1594965600,386.97,324.081,9
180,2,PACE,AECI,1596283200,258.867,273.894,3
180,2,PACE,AECI,1597600800,228.851,267.477,1
180,2,PACE,AECI,1598918400,206.839,253.583,1
180,2,PACE,AECI,1600236000,233.454,274.142,1
180,2,PACE,AECI,1601553600,267.112,296.959,3
180,2,PACE,AECI,1602871200,449.29,357.661,11
180,2,PACE,AECI,1604188800,299.173,305.241,3
180,2,PACE,AECI,1605506400,323.927,299.477,5
180,2,PACE,AECI,1606824000,386.037,341.101,7
180,2,PACE,AECI,1608141600,268.797,265.92,3
180,3,PACE,AECI,1577836800,252.242,266.881,3
180,3,PACE,AECI,1579154400,277.434,277.925,3
180,3,PACE,AECI,1580472000,227.676,223.065,2
180,3,PACE,AECI,1581789600,196.827,196.827,0
180,3,PACE,AECI,1583107200,208.975,208.975,0
180,3,PACE,AECI,1584424800,202.486,270.593,1
180,3,PACE,AECI,1585742400,156.381,240.809,1
180,3,PACE,AECI,1587060000,167.853,236.003,1
180,3,PACE,AECI,1588377600,245.224,230.779,3
180,3,PACE,AECI,1589695200,187.161,232.838,1
180,3,PACE,AECI,1591012800,180.231,246.236,1
180,3,PACE,AECI,1592330400,179.051,214.535,1
180,3,PACE,AECI,1593648000,211.4,211.4,0
180,3,PACE,AECI,1594965600,206.658,213.18,1
180,3,PACE,AECI,1596283200,234.005,260.232,2
180,3,PACE,AECI,1597600800,329.506,313.05,4
180,3,PACE,AECI,1598918400,254.499,284.842,3
180,3,PACE,AECI,1600236000,320.967,324.391,4
180,3,PACE,AECI,1601553600,214.593,268.308,1
180,3,PACE,AECI,1602871200,255.929,233.838,2
180,3,PACE,AECI,1604188800,320.959,305.241,3
180,3,PACE,AECI,1605506400,242.072,244.598,1
180,3,PACE,AECI,1606824000,343.075,296.687,4
180,3,PACE,AECI,1608141600,226.104,236.191,1
180,4,PACE,AECI,1577836800,222.045,222.045,0
180,4,PACE,AECI,1579154400,234.433,234.433,0
180,4,PACE,AECI,1580472000,198.311,198.311,0
180,4,PACE,AECI,1581789600,196.827,196.827,0
180,4,PACE,AECI,1583107200,208.975,208.975,0
180,4,PACE,AECI,1584424800,265.963,270.593,1
180,4,PACE,AECI,1585742400,156.381,240.809,1
180,4,PACE,AECI,1587060000,167.853,236.003,1
180,4,PACE,AECI,1588377600,195.688,195.688,0
180,4,PACE,AECI,1589695200,218.514,218.514,0
180,4,PACE,AECI,1591012800,181.621,246.236,1
180,4,PACE,AECI,1592330400,200.767,200.767,0
180,4,PACE,AECI,1593648000,211.4,211.4,0
180,4,PACE,AECI,1594965600,197.864,197.864,0
180,4,PACE,AECI,1596283200,232.915,232.915,0
180,4,PACE,AECI,1597600800,252.895,252.895,0
180,4,PACE,AECI,1598918400,239.903,239.903,0
180,4,PACE,AECI,1600236000,257.912,257.912,0
180,4,PACE,AECI,1601553600,250.583,250.583,0
180,4,PACE,AECI,1602871200,211.548,211.548,0
180,4,PACE,AECI,1604188800,258.098,258.098,0
180,4,PACE,AECI,1605506400,230.758,230.758,0
180,4,PACE,AECI,1606824000,241.036,241.036,0
180,4,PACE,AECI,1608141600,221.431,221.431,0
180,5,PACE,AECI,1577836800,243.696,266.881,3
180,5,PACE,AECI,1579154400,259.664,277.925,3
180,5,PACE,AECI,1580472000,320.603,293.346,7
180,5,PACE,AECI,1581789600,287.095,267.969,5
180,5,PACE,AECI,1583107200,285.246,274.082,5
180,5,PACE,AECI,1584424800,202.486,270.593,1
180,5,PACE,AECI,1585742400,156.381,240.809,1
180,5,PACE,AECI,1587060000,204.618,263.769,3
180,5,PACE,AECI,1588377600,243.129,255.479,5
180,5,PACE,AECI,1589695200,231.49,259.975,3
180,5,PACE,AECI,1591012800,180.231,246.236,1
180,5,PACE,AECI,1592330400,212.767,242.799,3
180,5,PACE,AECI,1593648000,337.584,309.977,7
180,5,PACE,AECI,1594965600,381.934,324.081,9
180,5,PACE,AECI,1596283200,257.913,273.894,3
180,5,PACE,AECI,1597600800,228.851,267.477,1
180,5,PACE,AECI,1598918400,206.839,253.583,1
180,5,PACE,AECI,1600236000,233.454,274.142,1
180,5,PACE,AECI,1601553600,264.142,296.959,3
180,5,PACE,AECI,1602871200,341.604,307.349,7
180,5,PACE,AECI,1604188800,297.936,305.241,3
180,5,PACE,AECI,1605506400,321.291,299.477,5
180,5,PACE,AECI,1606824000,383.368,341.101,7
180,5,PACE,AECI,1608141600,267.207,265.92,3
180,6,PACE,AECI,1577836800,196.779,236.183,1
180,6,PACE,AECI,1579154400,214.83,249.287,1
180,6,PACE,AECI,1580472000,203.839,211.457,1
180,6,PACE,AECI,1581789600,196.827,196.827,0
180,6,PACE,AECI,1583107200,208.456,221.906,1
180,6,PACE,AECI,1584424800,202.486,270.593,1
180,6,PACE,AECI,1585742400,156.381,240.809,1
180,6,PACE,AECI,1587060000,167.853,236.003,1
180,6,PACE,AECI,1588377600,179.345,206.522,1
180,6,PACE,AECI,1589695200,187.161,232.838,1
180,6,PACE,AECI,1591012800,180.231,246.236,1
180,6,PACE,AECI,1592330400,179.051,214.535,1
180,6,PACE,AECI,1593648000,205.454,225.845,1
180,6,PACE,AECI,1594965600,198.456,213.18,1
180,6,PACE,AECI,1596283200,209.998,247.634,1
180,6,PACE,AECI,1597600800,228.851,267.477,1
180,6,PACE,AECI,1598918400,206.839,253.583,1
180,6,PACE,AECI,1600236000,233.454,274.142,1
180,6,PACE,AECI,1601553600,214.593,268.308,1
180,6,PACE,AECI,1602871200,202.442,222.582,1
180,6,PACE,AECI,1604188800,250.095,273.673,1
180,6,PACE,AECI,1605506400,229.459,244.598,1
180,6,PACE,AECI,1606824000,226.324,256.069,1
180,6,PACE,AECI,1608141600,217.922,236.191,1
180,1,PACE,PSCO,1577836800,222.045,222.045,0
180,1,PACE,PSCO,1579154400,234.433,234.433,0
180,1,PACE,PSCO,1580472000,198.311,198.311,0
180,1,PACE,PSCO,1581789600,196.827,196.827,0
180,1,PACE,PSCO,1583107200,208.975,208.975,0
180,1,PACE,PSCO,1584424800,252.452,252.452,0
180,1,PACE,PSCO,1585742400,225.822,225.822,0
180,1,PACE,PSCO,1587060000,224.401,224.401,0
180,1,PACE,PSCO,1588377600,195.688,195.688,0
180,1,PACE,PSCO,1589695200,218.514,218.514,0
180,1,PACE,PSCO,1591012800,230.978,230.978,0
180,1,PACE,PSCO,1592330400,200.767,200.767,0
180,1,PACE,PSCO,1593648000,211.4,211.4,0
180,1,PACE,PSCO,1594965600,197.864,197.864,0
180,1,PACE,PSCO,1596283200,232.915,232.915,0
180,1,PACE,PSCO,1597600800,252.895,252.895,0
180,1,PACE,PSCO,1598918400,239.903,239.903,0
180,1,PACE,PSCO,1600236000,257.912,257.912,0
180,1,PACE,PSCO,1601553600,250.583,250.583,0
180,1,PACE,PSCO,1602871200,211.548,211.548,0
180,1,PACE,PSCO,1604188800,258.098,258.098,0
180,1,PACE,PSCO,1605506400,230.758,230.758,0
180,1,PACE,PSCO,1606824000,241.036,241.036,0
180,1,PACE,PSCO,1608141600,221.431,221.431,0
180,2,PACE,PSCO,1577836800,422.86,337.758,8
180,2,PACE,PSCO,1579154400,352.389,330.737,7
180,2,PACE,PSCO,1580472000,321.586,293.346,7
180,2,PACE,PSCO,1581789600,472.786,341.718,10
180,2,PACE,PSCO,1583107200,501.117,373.726,13
180,2,PACE,PSCO,1584424800,309.139,304.663,3
180,2,PACE,PSCO,1585742400,370.718,323.774,7
180,2,PACE,PSCO,1587060000,419.18,336.766,8
180,2,PACE,PSCO,1588377600,278.726,255.479,5
180,2,PACE,PSCO,1589695200,239.627,259.975,3
180,2,PACE,PSCO,1591012800,350.075,300.151,5
180,2,PACE,PSCO,1592330400,298.661,274.803,5
180,2,PACE,PSCO,1593648000,313.954,295.858,6
180,2,PACE,PSCO,1594965600,422.878,324.081,9
180,2,PACE,PSCO,1596283200,323.418,301.392,5
180,2,PACE,PSCO,1597600800,218.805,267.477,1
180,2,PACE,PSCO,1598918400,465.516,377.265,9
180,2,PACE,PSCO,1600236000,203.284,274.142,1
180,2,PACE,PSCO,1601553600,334.997,327.993,5
180,2,PACE,PSCO,1602871200,313.662,277.676,5
180,2,PACE,PSCO,1604188800,310.35,305.241,3
180,2,PACE,PSCO,1605506400,372.308,325.781,7
180,2,PACE,PSCO,1606824000,175.2,256.069,1
180,2,PACE,PSCO,1608141600,195.633,236.191,1
180,3,PACE,PSCO,1577836800,282.128,266.881,3
180,3,PACE,PSCO,1579154400,196.31,249.287,1
180,3,PACE,PSCO,1580472000,190.432,211.457,1
180,3,PACE,PSCO,1581789600,218.214,208.335,1
180,3,PACE,PSCO,1583107200,318.567,274.082,5
180,3,PACE,PSCO,1584424800,251.667,270.593,1
180,3,PACE,PSCO,1585742400,251.864,253.194,2
180,3,PACE,PSCO,1587060000,286.519,263.769,3
180,3,PACE,PSCO,1588377600,244.12,230.779,3
180,3,PACE,PSCO,1589695200,199.875,232.838,1
180,3,PACE,PSCO,1591012800,251.209,246.236,1
180,3,PACE,PSCO,1592330400,202.377,214.535,1
180,3,PACE,PSCO,1593648000,201.951,225.845,1
180,3,PACE,PSCO,1594965600,220.449,213.18,1
180,3,PACE,PSCO,1596283200,227.855,247.634,1
180,3,PACE,PSCO,1597600800,218.805,267.477,1
180,3,PACE,PSCO,1598918400,315.009,284.842,3
180,3,PACE,PSCO,1600236000,203.284,274.142,1
180,3,PACE,PSCO,1601553600,226.306,268.308,1
180,3,PACE,PSCO,1602871200,272.821,247.772,3
180,3,PACE,PSCO,1604188800,257.268,273.673,1
180,3,PACE,PSCO,1605506400,226.839,244.598,1
180,3,PACE,PSCO,1606824000,175.2,256.069,1
180,3,PACE,PSCO,1608141600,195.633,236.191,1
180,4,PACE,PSCO,1577836800,222.045,222.045,0
180,4,PACE,PSCO,1579154400,196.31,249.287,1
180,4,PACE,PSCO,1580472000,198.311,198.311,0
180,4,PACE,PSCO,1581789600,196.827,196.827,0
180,4,PACE,PSCO,1583107200,208.975,208.975,0
180,4,PACE,PSCO,1584424800,252.452,252.452,0
180,4,PACE,PSCO,1585742400,225.822,225.822,0
180,4,PACE,PSCO,1587060000,224.401,224.401,0
180,4,PACE,PSCO,1588377600,195.688,195.688,0
180,4,PACE,PSCO,1589695200,218.514,218.514,0
180,4,PACE,PSCO,1591012800,230.978,230.978,0
180,4,PACE,PSCO,1592330400,200.767,200.767,0
180,4,PACE,PSCO,1593648000,211.4,211.4,0
180,4,PACE,PSCO,1594965600,197.864,197.864,0
180,4,PACE,PSCO,1596283200,232.915,232.915,0
180,4,PACE,PSCO,1597600800,252.895,252.895,0
180,4,PACE,PSCO,1598918400,239.903,239.903,0
180,4,PACE,PSCO,1600236000,257.912,257.912,0
180,4,PACE,PSCO,1601553600,250.583,250.583,0
180,4,PACE,PSCO,1602871200,211.548,211.548,0
180,4,PACE,PSCO,1604188800,258.098,258.098,0
180,4,PACE,PSCO,1605506400,230.758,230.758,0
180,4,PACE,PSCO,1606824000,175.2,256.069,1
180,4,PACE,PSCO,1608141600,221.431,221.431,0
180,5,PACE,PSCO,1577836800,415.393,337.758,8
180,5,PACE,PSCO,1579154400,349.13,330.737,7
180,5,PACE,PSCO,1580472000,314.627,293.346,7
180,5,PACE,PSCO,1581789600,493.081,357.764,11
180,5,PACE,PSCO,1583107200,492.064,373.726,13
180,5,PACE,PSCO,1584424800,309.704,304.663,3
180,5,PACE,PSCO,1585742400,363.556,323.774,7
180,5,PACE,PSCO,1587060000,415.323,336.766,8
180,5,PACE,PSCO,1588377600,275.909,255.479,5
180,5,PACE,PSCO,1589695200,237.424,259.975,3
180,5,PACE,PSCO,1591012800,348.549,300.151,5
180,5,PACE,PSCO,1592330400,291.969,274.803,5
180,5,PACE,PSCO,1593648000,334.084,309.977,7
180,5,PACE,PSCO,1594965600,416.057,324.081,9
180,5,PACE,PSCO,1596283200,322.499,301.392,5
180,5,PACE,PSCO,1597600800,218.805,267.477,1
180,5,PACE,PSCO,1598918400,461.553,377.265,9
180,5,PACE,PSCO,1600236000,203.284,274.142,1
180,5,PACE,PSCO,1601553600,330.355,327.993,5
180,5,PACE,PSCO,1602871200,307.092,277.676,5
180,5,PACE,PSCO,1604188800,308.098,305.241,3
180,5,PACE,PSCO,1605506400,368.341,325.781,7
180,5,PACE,PSCO,1606824000,175.2,256.069,1
180,5,PACE,PSCO,1608141600,195.633,236.191,1
180,6,PACE,PSCO,1577836800,222.045,222.045,0
180,6,PACE,PSCO,1579154400,196.31,249.287,1
180,6,PACE,PSCO,1580472000,190.432,211.457,1
180,6,PACE,PSCO,1581789600,196.827,196.827,0
180,6,PACE,PSCO,1583107200,208.975,208.975,0
180,6,PACE,PSCO,1584424800,251.667,270.593,1
180,6,PACE,PSCO,1585742400,225.049,240.809,1
180,6,PACE,PSCO,1587060000,224.401,224.401,0
180,6,PACE,PSCO,1588377600,195.688,195.688,0
180,6,PACE,PSCO,1589695200,199.875,232.838,1
180,6,PACE,PSCO,1591012800,239.496,246.236,1
180,6,PACE,PSCO,1592330400,202.377,214.535,1
180,6,PACE,PSCO,1593648000,201.951,225.845,1
180,6,PACE,PSCO,1594965600,197.864,197.864,0
180,6,PACE,PSCO,1596283200,227.855,247.634,1
180,6,PACE,PSCO,1597600800,218.805,267.477,1
180,6,PACE,PSCO,1598918400,239.903,239.903,0
180,6,PACE,PSCO,1600236000,203.284,274.142,1
180,6,PACE,PSCO,1601553600,226.306,268.308,1
180,6,PACE,PSCO,1602871200,211.548,211.548,0
180,6,PACE,PSCO,1604188800,257.268,273.673,1
180,6,PACE,PSCO,1605506400,226.839,244.598,1
180,6,PACE,PSCO,1606824000,175.2,256.069,1
180,6,PACE,PSCO,1608141600,195.633,236.191,1
180,1,PSCO,EPE,1577836800,201.806,201.806,0
180,1,PSCO,EPE,1579154400,168.095,168.095,0
180,1,PSCO,EPE,1580472000,165.819,165.819,0
180,1,PSCO,EPE,1581789600,208.599,208.599,0
180,1,PSCO,EPE,1583107200,195.56,195.56,0
180,1,PSCO,EPE,1584424800,221.046,221.046,0
180,1,PSCO,EPE,1585742400,196.694,196.694,0
180,1,PSCO,EPE,1587060000,211.329,211.329,0
180,1,PSCO,EPE,1588377600,184.057,184.057,0
180,1,PSCO,EPE,1589695200,174.63,174.63,0
180,1,PSCO,EPE,1591012800,220.905,220.905,0
180,1,PSCO,EPE,1592330400,179.992,179.992,0
180,1,PSCO,EPE,1593648000,180.132,180.132,0
180,1,PSCO,EPE,1594965600,212.921,212.921,0
180,1,PSCO,EPE,1596283200,202.105,202.105,0
180,1,PSCO,EPE,1597600800,189.709,189.709,0
180,1,PSCO,EPE,1598918400,234.795,234.795,0
180,1,PSCO,EPE,1600236000,174.02,174.02,0
180,1,PSCO,EPE,1601553600,195.176,195.176,0
180,1,PSCO,EPE,1602871200,202.804,202.804,0
180,1,PSCO,EPE,1604188800,225.924,225.924,0
180,1,PSCO,EPE,1605506400,203.332,203.332,0
180,1,PSCO,EPE,1606824000,147.36,147.36,0
180,1,PSCO,EPE,1608141600,172.796,172.796,0
180,2,PSCO,EPE,1577836800,375.588,299.73,7
180,2,PSCO,EPE,1579154400,318.57,240.606,6
180,2,PSCO,EPE,1580472000,338.709,251.319,8
180,2,PSCO,EPE,1581789600,295.459,272.813,5
180,2,PSCO,EPE,1583107200,337.715,267.522,6
180,2,PSCO,EPE,1584424800,323.172,282.411,5
180,2,PSCO,EPE,1585742400,229.411,239.504,3
180,2,PSCO,EPE,1587060000,291.535,277.121,5
180,2,PSCO,EPE,1588377600,302.598,239.984,6
180,2,PSCO,EPE,1589695200,253.68,212.013,4
180,2,PSCO,EPE,1591012800,270.13,262.867,3
180,2,PSCO,EPE,1592330400,248.481,221.366,3
180,2,PSCO,EPE,1593648000,267.343,224.858,4
180,2,PSCO,EPE,1594965600,330.567,284.847,5
180,2,PSCO,EPE,1596283200,283.795,242.585,4
180,2,PSCO,EPE,1597600800,338.871,267.865,6
180,2,PSCO,EPE,1598918400,250.857,257.495,2
180,2,PSCO,EPE,1600236000,313.583,247.386,6
180,2,PSCO,EPE,1601553600,315.15,253.43,5
180,2,PSCO,EPE,1602871200,301.429,252.069,4
180,2,PSCO,EPE,1604188800,398.002,322.228,7
180,2,PSCO,EPE,1605506400,306.973,256.66,5
180,2,PSCO,EPE,1606824000,147.36,147.36,0
180,2,PSCO,EPE,1608141600,172.796,172.796,0
180,3,PSCO,EPE,1577836800,225.656,216.597,1
180,3,PSCO,EPE,1579154400,168.095,168.095,0
180,3,PSCO,EPE,1580472000,165.819,165.819,0
180,3,PSCO,EPE,1581789600,247.107,244.618,3
180,3,PSCO,EPE,1583107200,195.56,195.56,0
180,3,PSCO,EPE,1584424800,281.493,260.412,3
180,3,PSCO,EPE,1585742400,190.265,211.141,1
180,3,PSCO,EPE,1587060000,195.126,224.553,1
180,3,PSCO,EPE,1588377600,224.934,204.298,2
180,3,PSCO,EPE,1589695200,174.63,174.63,0
180,3,PSCO,EPE,1591012800,222.013,234.411,1
180,3,PSCO,EPE,1592330400,179.992,179.992,0
180,3,PSCO,EPE,1593648000,225.49,202.544,2
180,3,PSCO,EPE,1594965600,336.692,284.847,5
180,3,PSCO,EPE,1596283200,202.105,202.105,0
180,3,PSCO,EPE,1597600800,210.173,203.57,1
180,3,PSCO,EPE,1598918400,247.098,257.495,2
180,3,PSCO,EPE,1600236000,174.02,174.02,0
180,3,PSCO,EPE,1601553600,195.176,195.176,0
180,3,PSCO,EPE,1602871200,224.352,217.966,1
180,3,PSCO,EPE,1604188800,265.248,250.358,2
180,3,PSCO,EPE,1605506400,247.46,221.206,2
180,3,PSCO,EPE,1606824000,147.36,147.36,0
180,3,PSCO,EPE,1608141600,172.796,172.796,0
180,4,PSCO,EPE,1577836800,201.806,201.806,0
180,4,PSCO,EPE,1579154400,168.095,168.095,0
180,4,PSCO,EPE,1580472000,165.819,165.819,0
180,4,PSCO,EPE,1581789600,208.599,208.599,0
180,4,PSCO,EPE,1583107200,195.56,195.56,0
180,4,PSCO,EPE,1584424800,221.046,221.046,0
180,4,PSCO,EPE,1585742400,196.694,196.694,0
180,4,PSCO,EPE,1587060000,211.329,211.329,0
180,4,PSCO,EPE,1588377600,184.057,184.057,0
180,4,PSCO,EPE,1589695200,174.63,174.63,0
180,4,PSCO,EPE,1591012800,220.905,220.905,0
180,4,PSCO,EPE,1592330400,179.992,179.992,0
180,4,PSCO,EPE,1593648000,180.132,180.132,0
180,4,PSCO,EPE,1594965600,212.921,212.921,0
180,4,PSCO,EPE,1596283200,202.105,202.105,0
180,4,PSCO,EPE,1597600800,189.709,189.709,0
180,4,PSCO,EPE,1598918400,234.795,234.795,0
180,4,PSCO,EPE,1600236000,174.02,174.02,0
180,4,PSCO,EPE,1601553600,195.176,195.176,0
180,4,PSCO,EPE,1602871200,202.804,202.804,0
180,4,PSCO,EPE,1604188800,225.924,225.924,0
180,4,PSCO,EPE,1605506400,203.332,203.332,0
180,4,PSCO,EPE,1606824000,147.36,147.36,0
180,4,PSCO,EPE,1608141600,172.796,172.796,0
180,5,PSCO,EPE,1577836800,370.668,299.73,7
180,5,PSCO,EPE,1579154400,313.846,240.606,6
180,5,PSCO,EPE,1580472000,356.757,264.815,9
180,5,PSCO,EPE,1581789600,294.303,272.813,5
180,5,PSCO,EPE,1583107200,333.582,267.522,6
180,5,PSCO,EPE,1584424800,322.305,282.411,5
180,5,PSCO,EPE,1585742400,225.31,239.504,3
180,5,PSCO,EPE,1587060000,289.359,277.121,5
180,5,PSCO,EPE,1588377600,297.359,239.984,6
180,5,PSCO,EPE,1589695200,251.299,212.013,4
180,5,PSCO,EPE,1591012800,269.852,262.867,3
180,5,PSCO,EPE,1592330400,244.825,221.366,3
180,5,PSCO,EPE,1593648000,265.628,224.858,4
180,5,PSCO,EPE,1594965600,327.032,284.847,5
180,5,PSCO,EPE,1596283200,283.687,242.585,4
180,5,PSCO,EPE,1597600800,360.626,281.819,7
180,5,PSCO,EPE,1598918400,248.453,257.495,2
180,5,PSCO,EPE,1600236000,308.678,247.386,6
180,5,PSCO,EPE,1601553600,337.05,266.494,6
180,5,PSCO,EPE,1602871200,297.737,252.069,4
180,5,PSCO,EPE,1604188800,392.283,322.228,7
180,5,PSCO,EPE,1605506400,303.232,256.66,5
180,5,PSCO,EPE,1606824000,147.36,147.36,0
180,5,PSCO,EPE,1608141600,172.796,172.796,0
180,6,PSCO,EPE,1577836800,201.806,201.806,0
180,6,PSCO,EPE,1579154400,168.095,168.095,0
180,6,PSCO,EPE,1580472000,165.819,165.819,0
180,6,PSCO,EPE,1581789600,200.683,218.69,1
180,6,PSCO,EPE,1583107200,195.56,195.56,0
180,6,PSCO,EPE,1584424800,221.046,221.046,0
180,6,PSCO,EPE,1585742400,190.265,211.141,1
180,6,PSCO,EPE,1587060000,195.126,224.553,1
180,6,PSCO,EPE,1588377600,184.057,184.057,0
180,6,PSCO,EPE,1589695200,174.63,174.63,0
180,6,PSCO,EPE,1591012800,222.013,234.411,1
180,6,PSCO,EPE,1592330400,179.992,179.992,0
180,6,PSCO,EPE,1593648000,180.132,180.132,0
180,6,PSCO,EPE,1594965600,212.921,212.921,0
180,6,PSCO,EPE,1596283200,202.105,202.105,0
180,6,PSCO,EPE,1597600800,189.709,189.709,0
180,6,PSCO,EPE,1598918400,225.142,247.701,1
180,6,PSCO,EPE,1600236000,174.02,174.02,0
180,6,PSCO,EPE,1601553600,195.176,195.176,0
180,6,PSCO,EPE,1602871200,202.804,202.804,0
180,6,PSCO,EPE,1604188800,225.924,225.924,0
180,6,PSCO,EPE,1605506400,203.332,203.332,0
180,6,PSCO,EPE,1606824000,147.36,147.36,0
180,6,PSCO,EPE,1608141600,172.796,172.796,0
180,1,PSCO,PACE,1577836800,201.806,201.806,0
180,1,PSCO,PACE,1579154400,168.095,168.095,0
180,1,PSCO,PACE,1580472000,165.819,165.819,0
180,1,PSCO,PACE,1581789600,208.599,208.599,0
180,1,PSCO,PACE,1583107200,195.56,195.56,0
180,1,PSCO,PACE,1584424800,221.046,221.046,0
180,1,PSCO,PACE,1585742400,196.694,196.694,0
180,1,PSCO,PACE,1587060000,211.329,211.329,0
180,1,PSCO,PACE,1588377600,184.057,184.057,0
180,1,PSCO,PACE,1589695200,174.63,174.63,0
180,1,PSCO,PACE,1591012800,220.905,220.905,0
180,1,PSCO,PACE,1592330400,179.992,179.992,0
180,1,PSCO,PACE,1593648000,180.132,180.132,0
180,1,PSCO,PACE,1594965600,212.921,212.921,0
180,1,PSCO,PACE,1596283200,202.105,202.105,0
180,1,PSCO,PACE,1597600800,189.709,189.709,0
180,1,PSCO,PACE,1598918400,234.795,234.795,0
180,1,PSCO,PACE,1600236000,174.02,174.02,0
180,1,PSCO,PACE,1601553600,195.176,195.176,0
180,1,PSCO,PACE,1602871200,202.804,202.804,0
180,1,PSCO,PACE,1604188800,225.924,225.924,0
180,1,PSCO,PACE,1605506400,203.332,203.332,0
180,1,PSCO,PACE,1606824000,147.36,147.36,0
180,1,PSCO,PACE,1608141600,172.796,172.796,0
180,2,PSCO,PACE,1577836800,395.603,299.73,7
180,2,PSCO,PACE,1579154400,320.52,240.606,6
180,2,PSCO,PACE,1580472000,297.604,230.451,6
180,2,PSCO,PACE,1581789600,532.616,379.898,12
180,2,PSCO,PACE,1583107200,471.928,327.01,12
180,2,PSCO,PACE,1584424800,278.772,247.667,2
180,2,PSCO,PACE,1585742400,347.829,273.661,6
180,2,PSCO,PACE,1587060000,367.42,291.069,6
180,2,PSCO,PACE,1588377600,256.205,224.118,4
180,2,PSCO,PACE,1589695200,213.004,191.498,2
180,2,PSCO,PACE,1591012800,295.574,262.867,3
180,2,PSCO,PACE,1592330400,323.837,264.185,6
180,2,PSCO,PACE,1593648000,368.148,273.776,8
180,2,PSCO,PACE,1594965600,399.811,319.521,8
180,2,PSCO,PACE,1596283200,295.738,242.585,4
180,2,PSCO,PACE,1597600800,189.709,189.709,0
180,2,PSCO,PACE,1598918400,380.018,298.368,6
180,2,PSCO,PACE,1600236000,174.02,174.02,0
180,2,PSCO,PACE,1601553600,298.976,238.101,4
180,2,PSCO,PACE,1602871200,288.815,252.069,4
180,2,PSCO,PACE,1604188800,279.036,250.358,2
180,2,PSCO,PACE,1605506400,295.891,244.183,4
180,2,PSCO,PACE,1606824000,147.36,147.36,0
180,2,PSCO,PACE,1608141600,172.796,172.796,0
180,3,PSCO,PACE,1577836800,226.165,216.597,1
180,3,PSCO,PACE,1579154400,168.095,168.095,0
180,3,PSCO,PACE,1580472000,165.819,165.819,0
180,3,PSCO,PACE,1581789600,299.419,258.305,4
180,3,PSCO,PACE,1583107200,245.031,218.226,2
180,3,PSCO,PACE,1584424800,221.046,221.046,0
180,3,PSCO,PACE,1585742400,196.694,196.694,0
180,3,PSCO,PACE,1587060000,235.542,224.553,1
180,3,PSCO,PACE,1588377600,219.987,204.298,2
180,3,PSCO,PACE,1589695200,174.63,174.63,0
180,3,PSCO,PACE,1591012800,220.905,220.905,0
180,3,PSCO,PACE,1592330400,179.992,179.992,0
180,3,PSCO,PACE,1593648000,223.709,202.544,2
180,3,PSCO,PACE,1594965600,278.437,254.813,3
180,3,PSCO,PACE,1596283200,202.105,202.105,0
180,3,PSCO,PACE,1597600800,189.709,189.709,0
180,3,PSCO,PACE,1598918400,279.887,257.495,2
180,3,PSCO,PACE,1600236000,174.02,174.02,0
180,3,PSCO,PACE,1601553600,195.176,195.176,0
180,3,PSCO,PACE,1602871200,223.853,217.966,1
180,3,PSCO,PACE,1604188800,225.924,225.924,0
180,3,PSCO,PACE,1605506400,203.332,203.332,0
180,3,PSCO,PACE,1606824000,147.36,147.36,0
180,3,PSCO,PACE,1608141600,172.796,172.796,0
180,4,PSCO,PACE,1577836800,201.806,201.806,0
180,4,PSCO,PACE,1579154400,168.095,168.095,0
180,4,PSCO,PACE,1580472000,165.819,165.819,0
180,4,PSCO,PACE,1581789600,208.599,208.599,0
180,4,PSCO,PACE,1583107200,195.56,195.56,0
180,4,PSCO,PACE,1584424800,221.046,221.046,0
180,4,PSCO,PACE,1585742400,196.694,196.694,0
180,4,PSCO,PACE,1587060000,211.329,211.329,0
180,4,PSCO,PACE,1588377600,184.057,184.057,0
180,4,PSCO,PACE,1589695200,174.63,174.63,0
180,4,PSCO,PACE,1591012800,220.905,220.905,0
180,4,PSCO,PACE,1592330400,179.992,179.992,0
180,4,PSCO,PACE,1593648000,180.132,180.132,0
180,4,PSCO,PACE,1594965600,212.921,212.921,0
180,4,PSCO,PACE,1596283200,202.105,202.105,0
180,4,PSCO,PACE,1597600800,189.709,189.709,0
180,4,PSCO,PACE,1598918400,234.795,234.795,0
180,4,PSCO,PACE,1600236000,174.02,174.02,0
180,4,PSCO,PACE,1601553600,195.176,195.176,0
180,4,PSCO,PACE,1602871200,202.804,202.804,0
180,4,PSCO,PACE,1604188800,225.924,225.924,0
180,4,PSCO,PACE,1605506400,203.332,203.332,0
180,4,PSCO,PACE,1606824000,147.36,147.36,0
180,4,PSCO,PACE,1608141600,172.796,172.796,0
180,5,PSCO,PACE,1577836800,388.136,299.73,7
180,5,PSCO,PACE,1579154400,317.262,240.606,6
180,5,PSCO,PACE,1580472000,290.645,230.451,6
180,5,PSCO,PACE,1581789600,522.684,379.898,12
180,5,PSCO,PACE,1583107200,462.875,327.01,12
180,5,PSCO,PACE,1584424800,279.338,247.667,2
180,5,PSCO,PACE,1585742400,340.463,273.661,6
180,5,PSCO,PACE,1587060000,363.78,291.069,6
180,5,PSCO,PACE,1588377600,253.388,224.118,4
180,5,PSCO,PACE,1589695200,210.8,191.498,2
180,5,PSCO,PACE,1591012800,318.017,274.42,4
180,5,PSCO,PACE,1592330400,317.145,264.185,6
180,5,PSCO,PACE,1593648000,263.254,224.858,4
180,5,PSCO,PACE,1594965600,392.989,319.521,8
180,5,PSCO,PACE,1596283200,294.911,242.585,4
180,5,PSCO,PACE,1597600800,189.709,189.709,0
180,5,PSCO,PACE,1598918400,433.189,326.291,8
180,5,PSCO,PACE,1600236000,174.02,174.02,0
180,5,PSCO,PACE,1601553600,294.334,238.101,4
180,5,PSCO,PACE,1602871200,282.246,252.069,4
180,5,PSCO,PACE,1604188800,276.783,250.358,2
180,5,PSCO,PACE,1605506400,293.74,244.183,4
180,5,PSCO,PACE,1606824000,147.36,147.36,0
180,5,PSCO,PACE,1608141600,172.796,172.796,0
180,6,PSCO,PACE,1577836800,201.806,201.806,0
180,6,PSCO,PACE,1579154400,168.095,168.095,0
180,6,PSCO,PACE,1580472000,165.819,165.819,0
180,6,PSCO,PACE,1581789600,208.599,208.599,0
180,6,PSCO,PACE,1583107200,195.56,195.56,0
180,6,PSCO,PACE,1584424800,221.046,221.046,0
180,6,PSCO,PACE,1585742400,196.694,196.694,0
180,6,PSCO,PACE,1587060000,211.329,211.329,0
180,6,PSCO,PACE,1588377600,184.057,184.057,0
180,6,PSCO,PACE,1589695200,174.63,174.63,0
180,6,PSCO,PACE,1591012800,220.905,220.905,0
180,6,PSCO,PACE,1592330400,179.992,179.992,0
180,6,PSCO,PACE,1593648000,180.132,180.132,0
180,6,PSCO,PACE,1594965600,212.921,212.921,0
180,6,PSCO,PACE,1596283200,202.105,202.105,0
180,6,PSCO,PACE,1597600800,189.709,189.709,0
180,6,PSCO,PACE,1598918400,234.795,234.795,0
180,6,PSCO,PACE,1600236000,174.02,174.02,0
180,6,PSCO,PACE,1601553600,195.176,195.176,0
180,6,PSCO,PACE,1602871200,202.804,202.804,0
180,6,PSCO,PACE,1604188800,225.924,225.924,0
180,6,PSCO,PACE,1605506400,203.332,203.332,0
180,6,PSCO,PACE,1606824000,147.36,147.36,0
180,6,PSCO,PACE,1608141600,172.796,172.796,0
180,1,TEPC,AECI,1577836800,261.782,261.782,0
180,1,TEPC,AECI,1579154400,260.044,260.044,0
180,1,TEPC,AECI,1580472000,227.287,227.287,0
180,1,TEPC,AECI,1581789600,230.952,230.952,0
180,1,TEPC,AECI,1583107200,213.887,213.887,0
180,1,TEPC,AECI,1584424800,209.261,209.261,0
180,1,TEPC,AECI,1585742400,163.89,163.89,0
180,1,TEPC,AECI,1587060000,178.693,178.693,0
180,1,TEPC,AECI,1588377600,179.254,179.254,0
180,1,TEPC,AECI,1589695200,215.518,215.518,0
180,1,TEPC,AECI,1591012800,222.496,222.496,0
180,1,TEPC,AECI,1592330400,189.451,189.451,0
180,1,TEPC,AECI,1593648000,215.878,215.878,0
180,1,TEPC,AECI,1594965600,207.863,207.863,0
180,1,TEPC,AECI,1596283200,219.66,219.66,0
180,1,TEPC,AECI,1597600800,232.192,232.192,0
180,1,TEPC,AECI,1598918400,219.508,219.508,0
180,1,TEPC,AECI,1600236000,245.174,245.174,0
180,1,TEPC,AECI,1601553600,235.921,235.921,0
180,1,TEPC,AECI,1602871200,262.53,262.53,0
180,1,TEPC,AECI,1604188800,265.706,265.706,0
180,1,TEPC,AECI,1605506400,225.001,225.001,0
180,1,TEPC,AECI,1606824000,193.11,193.11,0
180,1,TEPC,AECI,1608141600,251.11,251.11,0
180,2,TEPC,AECI,1577836800,201.931,278.632,1
180,2,TEPC,AECI,1579154400,216.276,277.66,1
180,2,TEPC,AECI,1580472000,325.858,333.203,7
180,2,TEPC,AECI,1581789600,299.389,295.641,5
180,2,TEPC,AECI,1583107200,284.366,291.982,5
180,2,TEPC,AECI,1584424800,237.974,251.723,3
180,2,TEPC,AECI,1585742400,261.352,232.477,7
180,2,TEPC,AECI,1587060000,230.493,234.203,5
180,2,TEPC,AECI,1588377600,247.267,237.293,5
180,2,TEPC,AECI,1589695200,181.304,231.19,1
180,2,TEPC,AECI,1591012800,177.307,236.568,1
180,2,TEPC,AECI,1592330400,222.033,221.195,3
180,2,TEPC,AECI,1593648000,254.166,257.866,3
180,2,TEPC,AECI,1594965600,246.902,252.427,3
180,2,TEPC,AECI,1596283200,208.046,233.317,1
180,2,TEPC,AECI,1597600800,226.822,245.462,1
180,2,TEPC,AECI,1598918400,203.282,232.668,1
180,2,TEPC,AECI,1600236000,286.834,293.914,3
180,2,TEPC,AECI,1601553600,210.409,249.744,1
180,2,TEPC,AECI,1602871200,207.199,277.32,1
180,2,TEPC,AECI,1604188800,356.5,347.461,5
180,2,TEPC,AECI,1605506400,322.529,296.716,5
180,2,TEPC,AECI,1606824000,354.839,278.925,7
180,2,TEPC,AECI,1608141600,220.903,266.364,1
180,3,TEPC,AECI,1577836800,201.931,278.632,1
180,3,TEPC,AECI,1579154400,216.276,277.66,1
180,3,TEPC,AECI,1580472000,203.908,244.594,1
180,3,TEPC,AECI,1581789600,270.493,252.622,2
180,3,TEPC,AECI,1583107200,213.887,213.887,0
180,3,TEPC,AECI,1584424800,200.436,223.393,1
180,3,TEPC,AECI,1585742400,183.96,183.39,2
180,3,TEPC,AECI,1587060000,222.922,207.643,3
180,3,TEPC,AECI,1588377600,179.254,179.254,0
180,3,TEPC,AECI,1589695200,181.304,231.19,1
180,3,TEPC,AECI,1591012800,177.307,236.568,1
180,3,TEPC,AECI,1592330400,229.121,209.975,2
180,3,TEPC,AECI,1593648000,215.878,215.878,0
180,3,TEPC,AECI,1594965600,282.917,265.65,4
180,3,TEPC,AECI,1596283200,233.293,245.567,2
180,3,TEPC,AECI,1597600800,232.192,232.192,0
180,3,TEPC,AECI,1598918400,249.908,259.945,3
180,3,TEPC,AECI,1600236000,268.507,261.561,1
180,3,TEPC,AECI,1601553600,233.813,261.856,2
180,3,TEPC,AECI,1602871200,207.199,277.32,1
180,3,TEPC,AECI,1604188800,328.74,312.905,3
180,3,TEPC,AECI,1605506400,238.169,239.934,1
180,3,TEPC,AECI,1606824000,193.11,193.11,0
180,3,TEPC,AECI,1608141600,220.903,266.364,1
180,4,TEPC,AECI,1577836800,205.773,278.632,1
180,4,TEPC,AECI,1579154400,260.044,260.044,0
180,4,TEPC,AECI,1580472000,227.287,227.287,0
180,4,TEPC,AECI,1581789600,230.952,230.952,0
180,4,TEPC,AECI,1583107200,213.887,213.887,0
180,4,TEPC,AECI,1584424800,209.261,209.261,0
180,4,TEPC,AECI,1585742400,163.89,163.89,0
180,4,TEPC,AECI,1587060000,178.693,178.693,0
180,4,TEPC,AECI,1588377600,179.254,179.254,0
180,4,TEPC,AECI,1589695200,215.518,215.518,0
180,4,TEPC,AECI,1591012800,222.496,222.496,0
180,4,TEPC,AECI,1592330400,189.451,189.451,0
180,4,TEPC,AECI,1593648000,215.878,215.878,0
180,4,TEPC,AECI,1594965600,207.863,207.863,0
180,4,TEPC,AECI,1596283200,219.66,219.66,0
180,4,TEPC,AECI,1597600800,232.192,232.192,0
180,4,TEPC,AECI,1598918400,219.508,219.508,0
180,4,TEPC,AECI,1600236000,245.174,245.174,0
180,4,TEPC,AECI,1601553600,235.921,235.921,0
180,4,TEPC,AECI,1602871200,262.53,262.53,0
180,4,TEPC,AECI,1604188800,265.706,265.706,0
180,4,TEPC,AECI,1605506400,225.001,225.001,0
180,4,TEPC,AECI,1606824000,193.11,193.11,0
180,4,TEPC,AECI,1608141600,251.11,251.11,0
180,5,TEPC,AECI,1577836800,201.931,278.632,1
180,5,TEPC,AECI,1579154400,216.276,277.66,1
180,5,TEPC,AECI,1580472000,321.171,333.203,7
180,5,TEPC,AECI,1581789600,294.696,295.641,5
180,5,TEPC,AECI,1583107200,279.791,291.982,5
180,5,TEPC,AECI,1584424800,236.43,251.723,3
180,5,TEPC,AECI,1585742400,258.219,232.477,7
180,5,TEPC,AECI,1587060000,227.918,234.203,5
180,5,TEPC,AECI,1588377600,244.114,237.293,5
180,5,TEPC,AECI,1589695200,181.304,231.19,1
180,5,TEPC,AECI,1591012800,177.307,236.568,1
180,5,TEPC,AECI,1592330400,219.949,221.195,3
180,5,TEPC,AECI,1593648000,254.681,257.866,3
180,5,TEPC,AECI,1594965600,246.548,252.427,3
180,5,TEPC,AECI,1596283200,208.046,233.317,1
180,5,TEPC,AECI,1597600800,226.822,245.462,1
180,5,TEPC,AECI,1598918400,203.282,232.668,1
180,5,TEPC,AECI,1600236000,343.829,323.268,5
180,5,TEPC,AECI,1601553600,210.409,249.744,1
180,5,TEPC,AECI,1602871200,207.199,277.32,1
180,5,TEPC,AECI,1604188800,353.852,347.461,5
180,5,TEPC,AECI,1605506400,319.856,296.716,5
180,5,TEPC,AECI,1606824000,352.512,278.925,7
180,5,TEPC,AECI,1608141600,220.903,266.364,1
180,6,TEPC,AECI,1577836800,201.931,278.632,1
180,6,TEPC,AECI,1579154400,216.276,277.66,1
180,6,TEPC,AECI,1580472000,203.908,244.594,1
180,6,TEPC,AECI,1581789600,214.096,241.853,1
180,6,TEPC,AECI,1583107200,203.899,227.853,1
180,6,TEPC,AECI,1584424800,197.21,223.393,1
180,6,TEPC,AECI,1585742400,153.573,175.344,1
180,6,TEPC,AECI,1587060000,160.786,187.04,1
180,6,TEPC,AECI,1588377600,175.899,190.503,1
180,6,TEPC,AECI,1589695200,181.304,231.19,1
180,6,TEPC,AECI,1591012800,177.307,236.568,1
180,6,TEPC,AECI,1592330400,180.112,199.752,1
180,6,TEPC,AECI,1593648000,208.102,229.386,1
180,6,TEPC,AECI,1594965600,199.942,222.941,1
180,6,TEPC,AECI,1596283200,208.046,233.317,1
180,6,TEPC,AECI,1597600800,226.822,245.462,1
180,6,TEPC,AECI,1598918400,203.282,232.668,1
180,6,TEPC,AECI,1600236000,232.0,261.561,1
180,6,TEPC,AECI,1601553600,210.409,249.744,1
180,6,TEPC,AECI,1602871200,207.199,277.32,1
180,6,TEPC,AECI,1604188800,249.607,280.107,1
180,6,TEPC,AECI,1605506400,229.488,239.934,1
180,6,TEPC,AECI,1606824000,193.11,193.11,0
180,6,TEPC,AECI,1608141600,220.903,266.364,1
240,1,AECI,EPE,1577836800,171.652,171.652,0
240,1,AECI,EPE,1579154400,184.829,184.829,0
240,1,AECI,EPE,1580472000,179.08,179.08,0
240,1,AECI,EPE,1581789600,190.047,190.047,0
240,1,AECI,EPE,1583107200,177.533,177.533,0
240,1,AECI,EPE,1584424800,173.609,173.609,0
240,1,AECI,EPE,1585742400,130.078,130.078,0
240,1,AECI,EPE,1587060000,146.519,146.519,0
240,1,AECI,EPE,1588377600,154.192,154.192,0
240,1,AECI,EPE,1589695200,158.058,158.058,0
240,1,AECI,EPE,1591012800,151.782,151.782,0
240,1,AECI,EPE,1592330400,159.195,159.195,0
240,1,AECI,EPE,1593648000,183.868,183.868,0
240,1,AECI,EPE,1594965600,175.21,175.21,0
240,1,AECI,EPE,1596283200,180.832,180.832,0
240,1,AECI,EPE,1597600800,201.072,201.072,0
240,1,AECI,EPE,1598918400,180.384,180.384,0
240,1,AECI,EPE,1600236000,202.899,202.899,0
240,1,AECI,EPE,1601553600,182.573,182.573,0
240,1,AECI,EPE,1602871200,178.75,178.75,0
240,1,AECI,EPE,1604188800,219.569,219.569,0
240,1,AECI,EPE,1605506400,205.232,205.232,0
240,1,AECI,EPE,1606824000,196.187,196.187,0
240,1,AECI,EPE,1608141600,194.483,194.483,0
240,2,AECI,EPE,1577836800,235.732,201.708,2
240,2,AECI,EPE,1579154400,309.168,243.843,4
240,2,AECI,EPE,1580472000,337.494,257.585,6
240,2,AECI,EPE,1581789600,380.725,290.76,7
240,2,AECI,EPE,1583107200,294.161,232.481,4
240,2,AECI,EPE,1584424800,229.476,198.758,2
240,2,AECI,EPE,1585742400,130.078,130.078,0
240,2,AECI,EPE,1587060000,239.801,190.343,4
240,2,AECI,EPE,1588377600,310.952,227.765,6
240,2,AECI,EPE,1589695200,212.735,184.614,2
240,2,AECI,EPE,1591012800,151.782,151.782,0
240,2,AECI,EPE,1592330400,216.813,185.195,2
240,2,AECI,EPE,1593648000,433.324,303.447,8
240,2,AECI,EPE,1594965600,175.21,175.21,0
240,2,AECI,EPE,1596283200,242.465,210.402,2
240,2,AECI,EPE,1597600800,371.365,290.984,5
240,2,AECI,EPE,1598918400,302.905,238.618,4
240,2,AECI,EPE,1600236000,397.635,307.767,6
240,2,AECI,EPE,1601553600,246.803,213.279,2
240,2,AECI,EPE,1602871200,392.292,278.781,6
240,2,AECI,EPE,1604188800,471.955,344.421,8
240,2,AECI,EPE,1605506400,437.632,313.279,8
240,2,AECI,EPE,1606824000,422.726,315.529,7
240,2,AECI,EPE,1608141600,325.167,257.489,4
240,3,AECI,EPE,1577836800,236.5,186.798,1
240,3,AECI,EPE,1579154400,269.92,214.135,2
240,3,AECI,EPE,1580472000,266.15,223.832,3
240,3,AECI,EPE,1581789600,206.857,206.718,1
240,3,AECI,EPE,1583107200,264.107,205.945,2
240,3,AECI,EPE,1584424800,278.144,213.276,3
240,3,AECI,EPE,1585742400,167.054,144.471,1
240,3,AECI,EPE,1587060000,215.668,167.467,2
240,3,AECI,EPE,1588377600,212.652,168.311,1
240,3,AECI,EPE,1589695200,240.483,184.614,2
240,3,AECI,EPE,1591012800,151.782,151.782,0
240,3,AECI,EPE,1592330400,277.83,211.424,4
240,3,AECI,EPE,1593648000,230.789,199.132,1
240,3,AECI,EPE,1594965600,351.227,251.637,5
240,3,AECI,EPE,1596283200,295.155,224.61,3
240,3,AECI,EPE,1597600800,246.217,216.844,1
240,3,AECI,EPE,1598918400,262.121,209.042,2
240,3,AECI,EPE,1600236000,297.894,253.356,3
240,3,AECI,EPE,1601553600,392.872,275.539,6
240,3,AECI,EPE,1602871200,212.817,194.718,1
240,3,AECI,EPE,1604188800,252.371,236.269,1
240,3,AECI,EPE,1605506400,286.062,245.859,3
240,3,AECI,EPE,1606824000,231.502,212.742,1
240,3,AECI,EPE,1608141600,249.702,208.422,1
240,4,AECI,EPE,1577836800,171.652,171.652,0
240,4,AECI,EPE,1579154400,184.829,184.829,0
240,4,AECI,EPE,1580472000,179.08,179.08,0
240,4,AECI,EPE,1581789600,190.047,190.047,0
240,4,AECI,EPE,1583107200,177.533,177.533,0
240,4,AECI,EPE,1584424800,173.609,173.609,0
240,4,AECI,EPE,1585742400,130.078,130.078,0
240,4,AECI,EPE,1587060000,146.519,146.519,0
240,4,AECI,EPE,1588377600,154.192,154.192,0
240,4,AECI,EPE,1589695200,158.058,158.058,0
240,4,AECI,EPE,1591012800,151.782,151.782,0
240,4,AECI,EPE,1592330400,159.195,159.195,0
240,4,AECI,EPE,1593648000,183.868,183.868,0
240,4,AECI,EPE,1594965600,175.21,175.21,0
240,4,AECI,EPE,1596283200,180.832,180.832,0
240,4,AECI,EPE,1597600800,201.072,201.072,0
240,4,AECI,EPE,1598918400,180.384,180.384,0
240,4,AECI,EPE,1600236000,202.899,202.899,0
240,4,AECI,EPE,1601553600,182.573,182.573,0
240,4,AECI,EPE,1602871200,178.75,178.75,0
240,4,AECI,EPE,1604188800,219.569,219.569,0
240,4,AECI,EPE,1605506400,205.232,205.232,0
240,4,AECI,EPE,1606824000,196.187,196.187,0
240,4,AECI,EPE,1608141600,194.483,194.483,0
240,5,AECI,EPE,1577836800,235.137,201.708,2
240,5,AECI,EPE,1579154400,306.962,243.843,4
240,5,AECI,EPE,1580472000,333.416,257.585,6
240,5,AECI,EPE,1581789600,378.061,290.76,7
240,5,AECI,EPE,1583107200,290.947,232.481,4
240,5,AECI,EPE,1584424800,227.854,198.758,2
240,5,AECI,EPE,1585742400,130.078,130.078,0
240,5,AECI,EPE,1587060000,191.222,167.467,2
240,5,AECI,EPE,1588377600,306.014,227.765,6
240,5,AECI,EPE,1589695200,211.483,184.614,2
240,5,AECI,EPE,1591012800,151.782,151.782,0
240,5,AECI,EPE,1592330400,216.813,185.195,2
240,5,AECI,EPE,1593648000,428.978,303.447,8
240,5,AECI,EPE,1594965600,175.21,175.21,0
240,5,AECI,EPE,1596283200,241.679,210.402,2
240,5,AECI,EPE,1597600800,367.694,290.984,5
240,5,AECI,EPE,1598918400,301.218,238.618,4
240,5,AECI,EPE,1600236000,392.109,307.767,6
240,5,AECI,EPE,1601553600,246.417,213.279,2
240,5,AECI,EPE,1602871200,389.113,278.781,6
240,5,AECI,EPE,1604188800,367.839,301.552,5
240,5,AECI,EPE,1605506400,429.388,313.279,8
240,5,AECI,EPE,1606824000,415.425,315.529,7
240,5,AECI,EPE,1608141600,321.039,257.489,4
240,6,AECI,EPE,1577836800,171.652,171.652,0
240,6,AECI,EPE,1579154400,184.829,184.829,0
240,6,AECI,EPE,1580472000,179.08,179.08,0
240,6,AECI,EPE,1581789600,190.047,190.047,0
240,6,AECI,EPE,1583107200,177.533,177.533,0
240,6,AECI,EPE,1584424800,173.609,173.609,0
240,6,AECI,EPE,1585742400,130.078,130.078,0
240,6,AECI,EPE,1587060000,146.519,146.519,0
240,6,AECI,EPE,1588377600,154.192,154.192,0
240,6,AECI,EPE,1589695200,158.058,158.058,0
240,6,AECI,EPE,1591012800,151.782,151.782,0
240,6,AECI,EPE,1592330400,159.195,159.195,0
240,6,AECI,EPE,1593648000,183.868,183.868,0
240,6,AECI,EPE,1594965600,175.21,175.21,0
240,6,AECI,EPE,1596283200,180.832,180.832,0
240,6,AECI,EPE,1597600800,201.072,201.072,0
240,6,AECI,EPE,1598918400,180.384,180.384,0
240,6,AECI,EPE,1600236000,202.899,202.899,0
240,6,AECI,EPE,1601553600,182.573,182.573,0
240,6,AECI,EPE,1602871200,178.75,178.75,0
240,6,AECI,EPE,1604188800,219.569,219.569,0
240,6,AECI,EPE,1605506400,205.232,205.232,0
240,6,AECI,EPE,1606824000,196.187,196.187,0
240,6,AECI,EPE,1608141600,194.483,194.483,0
240,1,AECI,PACE,1577836800,171.652,171.652,0
240,1,AECI,PACE,1579154400,184.829,184.829,0
240,1,AECI,PACE,1580472000,179.08,179.08,0
240,1,AECI,PACE,1581789600,190.047,190.047,0
240,1,AECI,PACE,1583107200,177.533,177.533,0
240,1,AECI,PACE,1584424800,173.609,173.609,0
240,1,AECI,PACE,1585742400,130.078,130.078,0
240,1,AECI,PACE,1587060000,146.519,146.519,0
240,1,AECI,PACE,1588377600,154.192,154.192,0
240,1,AECI,PACE,1589695200,158.058,158.058,0
240,1,AECI,PACE,1591012800,151.782,151.782,0
240,1,AECI,PACE,1592330400,159.195,159.195,0
240,1,AECI,PACE,1593648000,183.868,183.868,0
240,1,AECI,PACE,1594965600,175.21,175.21,0
240,1,AECI,PACE,1596283200,180.832,180.832,0
240,1,AECI,PACE,1597600800,201.072,201.072,0
240,1,AECI,PACE,1598918400,180.384,180.384,0
240,1,AECI,PACE,1600236000,202.899,202.899,0
240,1,AECI,PACE,1601553600,182.573,182.573,0
240,1,AECI,PACE,1602871200,178.75,178.75,0
240,1,AECI,PACE,1604188800,219.569,219.569,0
240,1,AECI,PACE,1605506400,205.232,205.232,0
240,1,AECI,PACE,1606824000,196.187,196.187,0
240,1,AECI,PACE,1608141600,194.483,194.483,0
240,2,AECI,PACE,1577836800,238.577,201.708,2
240,2,AECI,PACE,1579154400,249.129,214.135,2
240,2,AECI,PACE,1580472000,345.921,257.585,6
240,2,AECI,PACE,1581789600,363.307,274.841,6
240,2,AECI,PACE,1583107200,290.876,232.481,4
240,2,AECI,PACE,1584424800,173.609,173.609,0
240,2,AECI,PACE,1585742400,130.078,130.078,0
240,2,AECI,PACE,1587060000,198.758,167.467,2
240,2,AECI,PACE,1588377600,254.836,201.86,4
240,2,AECI,PACE,1589695200,224.213,184.614,2
240,2,AECI,PACE,1591012800,151.782,151.782,0
240,2,AECI,PACE,1592330400,265.671,211.424,4
240,2,AECI,PACE,1593648000,438.032,303.447,8
240,2,AECI,PACE,1594965600,362.329,267.148,6
240,2,AECI,PACE,1596283200,247.344,210.402,2
240,2,AECI,PACE,1597600800,201.072,201.072,0
240,2,AECI,PACE,1598918400,180.384,180.384,0
240,2,AECI,PACE,1600236000,202.899,202.899,0
240,2,AECI,PACE,1601553600,254.317,213.279,2
240,2,AECI,PACE,1602871200,404.813,295.667,7
240,2,AECI,PACE,1604188800,287.957,251.203,2
240,2,AECI,PACE,1605506400,330.852,260.104,4
240,2,AECI,PACE,1606824000,409.617,298.045,6
240,2,AECI,PACE,1608141600,329.472,257.489,4
240,3,AECI,PACE,1577836800,246.089,201.708,2
240,3,AECI,PACE,1579154400,400.715,274.12,6
240,3,AECI,PACE,1580472000,274.857,223.832,3
240,3,AECI,PACE,1581789600,229.676,206.718,1
240,3,AECI,PACE,1583107200,269.354,205.945,2
240,3,AECI,PACE,1584424800,173.609,173.609,0
240,3,AECI,PACE,1585742400,130.078,130.078,0
240,3,AECI,PACE,1587060000,146.519,146.519,0
240,3,AECI,PACE,1588377600,235.2,179.167,2
240,3,AECI,PACE,1589695200,216.01,184.614,2
240,3,AECI,PACE,1591012800,151.782,151.782,0
240,3,AECI,PACE,1592330400,159.195,159.195,0
240,3,AECI,PACE,1593648000,352.543,256.466,5
240,3,AECI,PACE,1594965600,232.446,203.153,2
240,3,AECI,PACE,1596283200,180.832,180.832,0
240,3,AECI,PACE,1597600800,327.978,252.831,3
240,3,AECI,PACE,1598918400,244.149,209.042,2
240,3,AECI,PACE,1600236000,280.933,234.152,2
240,3,AECI,PACE,1601553600,182.573,182.573,0
240,3,AECI,PACE,1602871200,308.534,228.545,3
240,3,AECI,PACE,1604188800,415.661,301.552,5
240,3,AECI,PACE,1605506400,282.177,231.614,2
240,3,AECI,PACE,1606824000,337.252,247.662,3
240,3,AECI,PACE,1608141600,304.757,242.267,3
240,4,AECI,PACE,1577836800,171.652,171.652,0
240,4,AECI,PACE,1579154400,184.829,184.829,0
240,4,AECI,PACE,1580472000,179.08,179.08,0
240,4,AECI,PACE,1581789600,190.047,190.047,0
240,4,AECI,PACE,1583107200,177.533,177.533,0
240,4,AECI,PACE,1584424800,173.609,173.609,0
240,4,AECI,PACE,1585742400,130.078,130.078,0
240,4,AECI,PACE,1587060000,146.519,146.519,0
240,4,AECI,PACE,1588377600,154.192,154.192,0
240,4,AECI,PACE,1589695200,158.058,158.058,0
240,4,AECI,PACE,1591012800,151.782,151.782,0
240,4,AECI,PACE,1592330400,159.195,159.195,0
240,4,AECI,PACE,1593648000,183.868,183.868,0
240,4,AECI,PACE,1594965600,175.21,175.21,0
240,4,AECI,PACE,1596283200,180.832,180.832,0
240,4,AECI,PACE,1597600800,201.072,201.072,0
240,4,AECI,PACE,1598918400,180.384,180.384,0
240,4,AECI,PACE,1600236000,202.899,202.899,0
240,4,AECI,PACE,1601553600,182.573,182.573,0
240,4,AECI,PACE,1602871200,178.75,178.75,0
240,4,AECI,PACE,1604188800,219.569,219.569,0
240,4,AECI,PACE,1605506400,205.232,205.232,0
240,4,AECI,PACE,1606824000,196.187,196.187,0
240,4,AECI,PACE,1608141600,194.483,194.483,0
240,5,AECI,PACE,1577836800,236.505,201.708,2
240,5,AECI,PACE,1579154400,248.02,214.135,2
240,5,AECI,PACE,1580472000,337.2,257.585,6
240,5,AECI,PACE,1581789600,356.191,274.841,6
240,5,AECI,PACE,1583107200,311.925,246.088,5
240,5,AECI,PACE,1584424800,173.609,173.609,0
240,5,AECI,PACE,1585742400,130.078,130.078,0
240,5,AECI,PACE,1587060000,195.555,167.467,2
240,5,AECI,PACE,1588377600,247.009,201.86,4
240,5,AECI,PACE,1589695200,221.292,184.614,2
240,5,AECI,PACE,1591012800,151.782,151.782,0
240,5,AECI,PACE,1592330400,261.866,211.424,4
240,5,AECI,PACE,1593648000,433.45,303.447,8
240,5,AECI,PACE,1594965600,359.561,267.148,6
240,5,AECI,PACE,1596283200,246.025,210.402,2
240,5,AECI,PACE,1597600800,201.072,201.072,0
240,5,AECI,PACE,1598918400,180.384,180.384,0
240,5,AECI,PACE,1600236000,202.899,202.899,0
240,5,AECI,PACE,1601553600,250.538,213.279,2
240,5,AECI,PACE,1602871200,394.668,295.667,7
240,5,AECI,PACE,1604188800,286.421,251.203,2
240,5,AECI,PACE,1605506400,327.582,260.104,4
240,5,AECI,PACE,1606824000,407.244,298.045,6
240,5,AECI,PACE,1608141600,327.139,257.489,4
240,6,AECI,PACE,1577836800,171.652,171.652,0
240,6,AECI,PACE,1579154400,184.829,184.829,0
240,6,AECI,PACE,1580472000,179.08,179.08,0
240,6,AECI,PACE,1581789600,190.047,190.047,0
240,6,AECI,PACE,1583107200,177.533,177.533,0
240,6,AECI,PACE,1584424800,173.609,173.609,0
240,6,AECI,PACE,1585742400,130.078,130.078,0
240,6,AECI,PACE,1587060000,146.519,146.519,0
240,6,AECI,PACE,1588377600,154.192,154.192,0
240,6,AECI,PACE,1589695200,158.058,158.058,0
240,6,AECI,PACE,1591012800,151.782,151.782,0
240,6,AECI,PACE,1592330400,159.195,159.195,0
240,6,AECI,PACE,1593648000,183.868,183.868,0
240,6,AECI,PACE,1594965600,175.21,175.21,0
240,6,AECI,PACE,1596283200,180.832,180.832,0
240,6,AECI,PACE,1597600800,201.072,201.072,0
240,6,AECI,PACE,1598918400,180.384,180.384,0
240,6,AECI,PACE,1600236000,202.899,202.899,0
240,6,AECI,PACE,1601553600,182.573,182.573,0
240,6,AECI,PACE,1602871200,178.75,178.75,0
240,6,AECI,PACE,1604188800,219.569,219.569,0
240,6,AECI,PACE,1605506400,205.232,205.232,0
240,6,AECI,PACE,1606824000,196.187,196.187,0
240,6,AECI,PACE,1608141600,194.483,194.483,0
240,1,AECI,TEPC,1577836800,171.652,171.652,0
240,1,AECI,TEPC,1579154400,184.829,184.829,0
240,1,AECI,TEPC,1580472000,179.08,179.08,0
240,1,AECI,TEPC,1581789600,190.047,190.047,0
240,1,AECI,TEPC,1583107200,177.533,177.533,0
240,1,AECI,TEPC,1584424800,173.609,173.609,0
240,1,AECI,TEPC,1585742400,130.078,130.078,0
240,1,AECI,TEPC,1587060000,146.519,146.519,0
240,1,AECI,TEPC,1588377600,154.192,154.192,0
240,1,AECI,TEPC,1589695200,158.058,158.058,0
240,1,AECI,TEPC,1591012800,151.782,151.782,0
240,1,AECI,TEPC,1592330400,159.195,159.195,0
240,1,AECI,TEPC,1593648000,183.868,183.868,0
240,1,AECI,TEPC,1594965600,175.21,175.21,0
240,1,AECI,TEPC,1596283200,180.832,180.832,0
240,1,AECI,TEPC,1597600800,201.072,201.072,0
240,1,AECI,TEPC,1598918400,180.384,180.384,0
240,1,AECI,TEPC,1600236000,202.899,202.899,0
240,1,AECI,TEPC,1601553600,182.573,182.573,0
240,1,AECI,TEPC,1602871200,178.75,178.75,0
240,1,AECI,TEPC,1604188800,219.569,219.569,0
240,1,AECI,TEPC,1605506400,205.232,205.232,0
240,1,AECI,TEPC,1606824000,196.187,196.187,0
240,1,AECI,TEPC,1608141600,194.483,194.483,0
240,2,AECI,TEPC,1577836800,171.652,171.652,0
240,2,AECI,TEPC,1579154400,184.829,184.829,0
240,2,AECI,TEPC,1580472000,343.873,257.585,6
240,2,AECI,TEPC,1581789600,369.451,274.841,6
240,2,AECI,TEPC,1583107200,290.583,232.481,4
240,2,AECI,TEPC,1584424800,227.514,198.758,2
240,2,AECI,TEPC,1585742400,277.698,212.876,6
240,2,AECI,TEPC,1587060000,307.382,226.979,7
240,2,AECI,TEPC,1588377600,253.717,201.86,4
240,2,AECI,TEPC,1589695200,158.058,158.058,0
240,2,AECI,TEPC,1591012800,151.782,151.782,0
240,2,AECI,TEPC,1592330400,271.592,211.424,4
240,2,AECI,TEPC,1593648000,246.028,212.804,2
240,2,AECI,TEPC,1594965600,236.06,203.153,2
240,2,AECI,TEPC,1596283200,180.832,180.832,0
240,2,AECI,TEPC,1597600800,201.072,201.072,0
240,2,AECI,TEPC,1598918400,180.384,180.384,0
240,2,AECI,TEPC,1600236000,273.627,234.152,2
240,2,AECI,TEPC,1601553600,182.573,182.573,0
240,2,AECI,TEPC,1602871200,178.75,178.75,0
240,2,AECI,TEPC,1604188800,365.158,283.354,4
240,2,AECI,TEPC,1605506400,329.253,260.104,4
240,2,AECI,TEPC,1606824000,380.756,298.045,6
240,2,AECI,TEPC,1608141600,194.483,194.483,0
240,3,AECI,TEPC,1577836800,171.652,171.652,0
240,3,AECI,TEPC,1579154400,184.829,184.829,0
240,3,AECI,TEPC,1580472000,179.08,179.08,0
240,3,AECI,TEPC,1581789600,262.751,206.718,1
240,3,AECI,TEPC,1583107200,275.642,205.945,2
240,3,AECI,TEPC,1584424800,235.682,198.758,2
240,3,AECI,TEPC,1585742400,209.986,172.247,3
240,3,AECI,TEPC,1587060000,259.818,190.343,4
240,3,AECI,TEPC,1588377600,235.183,179.167,2
240,3,AECI,TEPC,1589695200,217.083,184.614,2
240,3,AECI,TEPC,1591012800,151.782,151.782,0
240,3,AECI,TEPC,1592330400,299.42,211.424,4
240,3,AECI,TEPC,1593648000,279.897,212.804,2
240,3,AECI,TEPC,1594965600,275.409,219.643,3
240,3,AECI,TEPC,1596283200,301.415,224.61,3
240,3,AECI,TEPC,1597600800,265.361,216.844,1
240,3,AECI,TEPC,1598918400,244.747,209.042,2
240,3,AECI,TEPC,1600236000,342.463,253.356,3
240,3,AECI,TEPC,1601553600,182.573,182.573,0
240,3,AECI,TEPC,1602871200,214.4,194.718,1
240,3,AECI,TEPC,1604188800,461.945,317.881,6
240,3,AECI,TEPC,1605506400,277.051,231.614,2
240,3,AECI,TEPC,1606824000,224.616,212.742,1
240,3,AECI,TEPC,1608141600,194.483,194.483,0
240,4,AECI,TEPC,1577836800,171.652,171.652,0
240,4,AECI,TEPC,1579154400,184.829,184.829,0
240,4,AECI,TEPC,1580472000,179.08,179.08,0
240,4,AECI,TEPC,1581789600,190.047,190.047,0
240,4,AECI,TEPC,1583107200,177.533,177.533,0
240,4,AECI,TEPC,1584424800,173.609,173.609,0
240,4,AECI,TEPC,1585742400,130.078,130.078,0
240,4,AECI,TEPC,1587060000,146.519,146.519,0
240,4,AECI,TEPC,1588377600,154.192,154.192,0
240,4,AECI,TEPC,1589695200,158.058,158.058,0
240,4,AECI,TEPC,1591012800,151.782,151.782,0
240,4,AECI,TEPC,1592330400,159.195,159.195,0
240,4,AECI,TEPC,1593648000,183.868,183.868,0
240,4,AECI,TEPC,1594965600,175.21,175.21,0
240,4,AECI,TEPC,1596283200,180.832,180.832,0
240,4,AECI,TEPC,1597600800,201.072,201.072,0
240,4,AECI,TEPC,1598918400,180.384,180.384,0
240,4,AECI,TEPC,1600236000,202.899,202.899,0
240,4,AECI,TEPC,1601553600,182.573,182.573,0
240,4,AECI,TEPC,1602871200,178.75,178.75,0
240,4,AECI,TEPC,1604188800,219.569,219.569,0
240,4,AECI,TEPC,1605506400,205.232,205.232,0
240,4,AECI,TEPC,1606824000,196.187,196.187,0
240,4,AECI,TEPC,1608141600,194.483,194.483,0
240,5,AECI,TEPC,1577836800,171.652,171.652,0
240,5,AECI,TEPC,1579154400,184.829,184.829,0
240,5,AECI,TEPC,1580472000,337.467,257.585,6
240,5,AECI,TEPC,1581789600,363.606,274.841,6
240,5,AECI,TEPC,1583107200,284.889,232.481,4
240,5,AECI,TEPC,1584424800,225.558,198.758,2
240,5,AECI,TEPC,1585742400,274.094,212.876,6
240,5,AECI,TEPC,1587060000,303.96,226.979,7
240,5,AECI,TEPC,1588377600,249.817,201.86,4
240,5,AECI,TEPC,1589695200,158.058,158.058,0
240,5,AECI,TEPC,1591012800,151.782,151.782,0
240,5,AECI,TEPC,1592330400,212.262,185.195,2
240,5,AECI,TEPC,1593648000,246.639,212.804,2
240,5,AECI,TEPC,1594965600,236.109,203.153,2
240,5,AECI,TEPC,1596283200,180.832,180.832,0
240,5,AECI,TEPC,1597600800,201.072,201.072,0
240,5,AECI,TEPC,1598918400,180.384,180.384,0
240,5,AECI,TEPC,1600236000,272.17,234.152,2
240,5,AECI,TEPC,1601553600,182.573,182.573,0
240,5,AECI,TEPC,1602871200,178.75,178.75,0
240,5,AECI,TEPC,1604188800,361.616,283.354,4
240,5,AECI,TEPC,1605506400,326.002,260.104,4
240,5,AECI,TEPC,1606824000,376.916,298.045,6
240,5,AECI,TEPC,1608141600,194.483,194.483,0
240,6,AECI,TEPC,1577836800,171.652,171.652,0
240,6,AECI,TEPC,1579154400,184.829,184.829,0
240,6,AECI,TEPC,1580472000,179.08,179.08,0
240,6,AECI,TEPC,1581789600,190.047,190.047,0
240,6,AECI,TEPC,1583107200,177.533,177.533,0
240,6,AECI,TEPC,1584424800,173.609,173.609,0
240,6,AECI,TEPC,1585742400,130.078,130.078,0
240,6,AECI,TEPC,1587060000,146.519,146.519,0
240,6,AECI,TEPC,1588377600,154.192,154.192,0
240,6,AECI,TEPC,1589695200,158.058,158.058,0
240,6,AECI,TEPC,1591012800,151.782,151.782,0
240,6,AECI,TEPC,1592330400,159.195,159.195,0
240,6,AECI,TEPC,1593648000,183.868,183.868,0
240,6,AECI,TEPC,1594965600,175.21,175.21,0
240,6,AECI,TEPC,1596283200,180.832,180.832,0
240,6,AECI,TEPC,1597600800,201.072,201.072,0
240,6,AECI,TEPC,1598918400,180.384,180.384,0
240,6,AECI,TEPC,1600236000,202.899,202.899,0
240,6,AECI,TEPC,1601553600,182.573,182.573,0
240,6,AECI,TEPC,1602871200,178.75,178.75,0
240,6,AECI,TEPC,1604188800,219.569,219.569,0
240,6,AECI,TEPC,1605506400,205.232,205.232,0
240,6,AECI,TEPC,1606824000,196.187,196.187,0
240,6,AECI,TEPC,1608141600,194.483,194.483,0
240,1,BANC,CISO,1577836800,76.253,76.253,0
240,1,BANC,CISO,1579154400,81.548,81.548,0
240,1,BANC,CISO,1580472000,55.83,55.83,0
240,1,BANC,CISO,1581789600,52.267,52.267,0
240,1,BANC,CISO,1583107200,52.43,52.43,0
240,1,BANC,CISO,1584424800,83.316,83.316,0
240,1,BANC,CISO,1585742400,44.33,44.33,0
240,1,BANC,CISO,1587060000,33.313,33.313,0
240,1,BANC,CISO,1588377600,42.749,42.749,0
240,1,BANC,CISO,1589695200,42.187,42.187,0
240,1,BANC,CISO,1591012800,42.378,42.378,0
240,1,BANC,CISO,1592330400,40.383,40.383,0
240,1,BANC,CISO,1593648000,37.688,37.688,0
240,1,BANC,CISO,1594965600,55.204,55.204,0
240,1,BANC,CISO,1596283200,56.684,56.684,0
240,1,BANC,CISO,1597600800,78.197,78.197,0
240,1,BANC,CISO,1598918400,75.022,75.022,0
240,1,BANC,CISO,1600236000,80.174,80.174,0
240,1,BANC,CISO,1601553600,81.036,81.036,0
240,1,BANC,CISO,1602871200,74.249,74.249,0
240,1,BANC,CISO,1604188800,87.09,87.09,0
240,1,BANC,CISO,1605506400,93.475,93.475,0
240,1,BANC,CISO,1606824000,108.643,108.643,0
240,1,BANC,CISO,1608141600,91.972,91.972,0
240,2,BANC,CISO,1577836800,102.712,88.188,2
240,2,BANC,CISO,1579154400,81.548,81.548,0
240,2,BANC,CISO,1580472000,55.83,55.83,0
240,2,BANC,CISO,1581789600,125.841,85.192,6
240,2,BANC,CISO,1583107200,72.659,60.235,2
240,2,BANC,CISO,1584424800,83.316,83.316,0
240,2,BANC,CISO,1585742400,77.088,59.38,4
240,2,BANC,CISO,1587060000,33.313,33.313,0
240,2,BANC,CISO,1588377600,103.785,69.618,8
240,2,BANC,CISO,1589695200,85.739,68.002,6
240,2,BANC,CISO,1591012800,42.378,42.378,0
240,2,BANC,CISO,1592330400,71.81,57.568,4
240,2,BANC,CISO,1593648000,51.321,43.971,2
240,2,BANC,CISO,1594965600,117.688,86.007,6
240,2,BANC,CISO,1596283200,119.929,86.493,6
240,2,BANC,CISO,1597600800,78.197,78.197,0
240,2,BANC,CISO,1598918400,132.709,103.11,4
240,2,BANC,CISO,1600236000,80.174,80.174,0
240,2,BANC,CISO,1601553600,81.036,81.036,0
240,2,BANC,CISO,1602871200,74.249,74.249,0
240,2,BANC,CISO,1604188800,114.035,96.398,2
240,2,BANC,CISO,1605506400,194.057,143.165,6
240,2,BANC,CISO,1606824000,215.634,164.56,6
240,2,BANC,CISO,1608141600,186.235,127.601,6
240,3,BANC,CISO,1577836800,104.745,88.188,2
240,3,BANC,CISO,1579154400,81.548,81.548,0
240,3,BANC,CISO,1580472000,55.83,55.83,0
240,3,BANC,CISO,1581789600,62.629,58.219,1
240,3,BANC,CISO,1583107200,70.466,60.235,2
240,3,BANC,CISO,1584424800,83.316,83.316,0
240,3,BANC,CISO,1585742400,44.33,44.33,0
240,3,BANC,CISO,1587060000,39.02,35.763,1
240,3,BANC,CISO,1588377600,84.678,59.507,5
240,3,BANC,CISO,1589695200,58.204,50.011,2
240,3,BANC,CISO,1591012800,42.378,42.378,0
240,3,BANC,CISO,1592330400,49.045,43.909,1
240,3,BANC,CISO,1593648000,51.87,43.971,2
240,3,BANC,CISO,1594965600,55.204,55.204,0
240,3,BANC,CISO,1596283200,56.684,56.684,0
240,3,BANC,CISO,1597600800,78.197,78.197,0
240,3,BANC,CISO,1598918400,108.278,86.811,2
240,3,BANC,CISO,1600236000,80.174,80.174,0
240,3,BANC,CISO,1601553600,81.036,81.036,0
240,3,BANC,CISO,1602871200,88.172,80.671,1
240,3,BANC,CISO,1604188800,87.09,87.09,0
240,3,BANC,CISO,1605506400,174.712,120.014,3
240,3,BANC,CISO,1606824000,142.43,118.357,1
240,3,BANC,CISO,1608141600,148.817,116.181,4
240,4,BANC,CISO,1577836800,76.253,76.253,0
240,4,BANC,CISO,1579154400,81.548,81.548,0
240,4,BANC,CISO,1580472000,55.83,55.83,0
240,4,BANC,CISO,1581789600,52.267,52.267,0
240,4,BANC,CISO,1583107200,52.43,52.43,0
240,4,BANC,CISO,1584424800,83.316,83.316,0
240,4,BANC,CISO,1585742400,44.33,44.33,0
240,4,BANC,CISO,1587060000,33.313,33.313,0
240,4,BANC,CISO,1588377600,42.749,42.749,0
240,4,BANC,CISO,1589695200,42.187,42.187,0
240,4,BANC,CISO,1591012800,42.378,42.378,0
240,4,BANC,CISO,1592330400,40.383,40.383,0
240,4,BANC,CISO,1593648000,37.688,37.688,0
240,4,BANC,CISO,1594965600,55.204,55.204,0
240,4,BANC,CISO,1596283200,56.684,56.684,0
240,4,BANC,CISO,1597600800,78.197,78.197,0
240,4,BANC,CISO,1598918400,75.022,75.022,0
240,4,BANC,CISO,1600236000,80.174,80.174,0
240,4,BANC,CISO,1601553600,81.036,81.036,0
240,4,BANC,CISO,1602871200,74.249,74.249,0
240,4,BANC,CISO,1604188800,87.09,87.09,0
240,4,BANC,CISO,1605506400,93.475,93.475,0
240,4,BANC,CISO,1606824000,108.643,108.643,0
240,4,BANC,CISO,1608141600,91.972,91.972,0
240,5,BANC,CISO,1577836800,101.174,88.188,2
240,5,BANC,CISO,1579154400,81.548,81.548,0
240,5,BANC,CISO,1580472000,55.83,55.83,0
240,5,BANC,CISO,1581789600,117.46,85.192,6
240,5,BANC,CISO,1583107200,70.383,60.235,2
240,5,BANC,CISO,1584424800,83.316,83.316,0
240,5,BANC,CISO,1585742400,75.596,59.38,4
240,5,BANC,CISO,1587060000,33.313,33.313,0
240,5,BANC,CISO,1588377600,78.59,63.084,6
240,5,BANC,CISO,1589695200,80.979,68.002,6
240,5,BANC,CISO,1591012800,42.378,42.378,0
240,5,BANC,CISO,1592330400,70.596,57.568,4
240,5,BANC,CISO,1593648000,50.767,43.971,2
240,5,BANC,CISO,1594965600,115.332,86.007,6
240,5,BANC,CISO,1596283200,116.76,86.493,6
240,5,BANC,CISO,1597600800,78.197,78.197,0
240,5,BANC,CISO,1598918400,161.217,118.114,6
240,5,BANC,CISO,1600236000,80.174,80.174,0
240,5,BANC,CISO,1601553600,81.036,81.036,0
240,5,BANC,CISO,1602871200,74.249,74.249,0
240,5,BANC,CISO,1604188800,113.287,96.398,2
240,5,BANC,CISO,1605506400,184.526,143.165,6
240,5,BANC,CISO,1606824000,210.899,164.56,6
240,5,BANC,CISO,1608141600,178.366,127.601,6
240,6,BANC,CISO,1577836800,76.253,76.253,0
240,6,BANC,CISO,1579154400,81.548,81.548,0
240,6,BANC,CISO,1580472000,55.83,55.83,0
240,6,BANC,CISO,1581789600,52.267,52.267,0
240,6,BANC,CISO,1583107200,52.43,52.43,0
240,6,BANC,CISO,1584424800,83.316,83.316,0
240,6,BANC,CISO,1585742400,44.33,44.33,0
240,6,BANC,CISO,1587060000,33.313,33.313,0
240,6,BANC,CISO,1588377600,42.749,42.749,0
240,6,BANC,CISO,1589695200,42.187,42.187,0
240,6,BANC,CISO,1591012800,42.378,42.378,0
240,6,BANC,CISO,1592330400,40.383,40.383,0
240,6,BANC,CISO,1593648000,37.688,37.688,0
240,6,BANC,CISO,1594965600,55.204,55.204,0
240,6,BANC,CISO,1596283200,56.684,56.684,0
240,6,BANC,CISO,1597600800,78.197,78.197,0
240,6,BANC,CISO,1598918400,75.022,75.022,0
240,6,BANC,CISO,1600236000,80.174,80.174,0
240,6,BANC,CISO,1601553600,81.036,81.036,0
240,6,BANC,CISO,1602871200,74.249,74.249,0
240,6,BANC,CISO,1604188800,87.09,87.09,0
240,6,BANC,CISO,1605506400,93.475,93.475,0
240,6,BANC,CISO,1606824000,108.643,108.643,0
240,6,BANC,CISO,1608141600,91.972,91.972,0
240,1,CISO,BANC,1577836800,130.428,130.428,0
240,1,CISO,BANC,1579154400,140.472,140.472,0
240,1,CISO,BANC,1580472000,117.952,117.952,0
240,1,CISO,BANC,1581789600,103.569,103.569,0
240,1,CISO,BANC,1583107200,104.144,104.144,0
240,1,CISO,BANC,1584424800,135.48,135.48,0
240,1,CISO,BANC,1585742400,79.732,79.732,0
240,1,CISO,BANC,1587060000,80.679,80.679,0
240,1,CISO,BANC,1588377600,56.36,56.36,0
240,1,CISO,BANC,1589695200,62.849,62.849,0
240,1,CISO,BANC,1591012800,94.687,94.687,0
240,1,CISO,BANC,1592330400,66.377,66.377,0
240,1,CISO,BANC,1593648000,73.665,73.665,0
240,1,CISO,BANC,1594965600,90.516,90.516,0
240,1,CISO,BANC,1596283200,92.419,92.419,0
240,1,CISO,BANC,1597600800,127.384,127.384,0
240,1,CISO,BANC,1598918400,110.116,110.116,0
240,1,CISO,BANC,1600236000,126.99,126.99,0
240,1,CISO,BANC,1601553600,129.978,129.978,0
240,1,CISO,BANC,1602871200,142.021,142.021,0
240,1,CISO,BANC,1604188800,143.8,143.8,0
240,1,CISO,BANC,1605506400,123.623,123.623,0
240,1,CISO,BANC,1606824000,121.375,121.375,0
240,1,CISO,BANC,1608141600,120.762,120.762,0
240,2,CISO,BANC,1577836800,124.601,172.134,3
240,2,CISO,BANC,1579154400,104.935,154.524,1
240,2,CISO,BANC,1580472000,74.846,128.857,1
240,2,CISO,BANC,1581789600,106.123,154.602,5
240,2,CISO,BANC,1583107200,84.959,137.523,3
240,2,CISO,BANC,1584424800,106.244,147.745,1
240,2,CISO,BANC,1585742400,91.166,109.953,5
240,2,CISO,BANC,1587060000,39.358,83.791,1
240,2,CISO,BANC,1588377600,91.819,92.599,7
240,2,CISO,BANC,1589695200,97.607,97.033,7
240,2,CISO,BANC,1591012800,55.288,102.903,1
240,2,CISO,BANC,1592330400,62.867,85.603,3
240,2,CISO,BANC,1593648000,60.407,96.018,3
240,2,CISO,BANC,1594965600,132.698,142.31,7
240,2,CISO,BANC,1596283200,136.498,143.672,7
240,2,CISO,BANC,1597600800,93.716,137.052,1
240,2,CISO,BANC,1598918400,179.191,177.048,7
240,2,CISO,BANC,1600236000,100.02,138.508,1
240,2,CISO,BANC,1601553600,101.034,140.582,1
240,2,CISO,BANC,1602871200,90.103,148.958,1
240,2,CISO,BANC,1604188800,131.944,182.956,3
240,2,CISO,BANC,1605506400,216.712,189.14,7
240,2,CISO,BANC,1606824000,236.392,196.425,7
240,2,CISO,BANC,1608141600,234.255,209.503,9
240,3,CISO,BANC,1577836800,95.645,143.797,1
240,3,CISO,BANC,1579154400,104.935,154.524,1
240,3,CISO,BANC,1580472000,74.846,128.857,1
240,3,CISO,BANC,1581789600,84.213,129.344,3
240,3,CISO,BANC,1583107200,63.942,114.206,1
240,3,CISO,BANC,1584424800,106.244,147.745,1
240,3,CISO,BANC,1585742400,57.405,86.887,1
240,3,CISO,BANC,1587060000,50.373,94.891,3
240,3,CISO,BANC,1588377600,72.02,73.212,3
240,3,CISO,BANC,1589695200,81.512,81.585,4
240,3,CISO,BANC,1591012800,55.288,102.903,1
240,3,CISO,BANC,1592330400,65.807,85.603,3
240,3,CISO,BANC,1593648000,46.726,81.107,1
240,3,CISO,BANC,1594965600,69.92,99.605,1
240,3,CISO,BANC,1596283200,81.749,104.317,2
240,3,CISO,BANC,1597600800,93.716,137.052,1
240,3,CISO,BANC,1598918400,89.033,119.988,1
240,3,CISO,BANC,1600236000,100.02,138.508,1
240,3,CISO,BANC,1601553600,115.98,148.333,2
240,3,CISO,BANC,1602871200,117.032,171.287,3
240,3,CISO,BANC,1604188800,104.203,156.594,1
240,3,CISO,BANC,1605506400,156.013,145.22,2
240,3,CISO,BANC,1606824000,121.375,121.375,0
240,3,CISO,BANC,1608141600,142.209,149.815,3
240,4,CISO,BANC,1577836800,130.428,130.428,0
240,4,CISO,BANC,1579154400,140.472,140.472,0
240,4,CISO,BANC,1580472000,74.846,128.857,1
240,4,CISO,BANC,1581789600,103.569,103.569,0
240,4,CISO,BANC,1583107200,86.034,114.206,1
240,4,CISO,BANC,1584424800,135.48,135.48,0
240,4,CISO,BANC,1585742400,79.732,79.732,0
240,4,CISO,BANC,1587060000,39.358,83.791,1
240,4,CISO,BANC,1588377600,56.36,56.36,0
240,4,CISO,BANC,1589695200,62.849,62.849,0
240,4,CISO,BANC,1591012800,55.288,102.903,1
240,4,CISO,BANC,1592330400,66.377,66.377,0
240,4,CISO,BANC,1593648000,46.726,81.107,1
240,4,CISO,BANC,1594965600,90.516,90.516,0
240,4,CISO,BANC,1596283200,92.419,92.419,0
240,4,CISO,BANC,1597600800,127.384,127.384,0
240,4,CISO,BANC,1598918400,110.116,110.116,0
240,4,CISO,BANC,1600236000,126.99,126.99,0
240,4,CISO,BANC,1601553600,129.978,129.978,0
240,4,CISO,BANC,1602871200,142.021,142.021,0
240,4,CISO,BANC,1604188800,123.785,156.594,1
240,4,CISO,BANC,1605506400,123.623,123.623,0
240,4,CISO,BANC,1606824000,121.375,121.375,0
240,4,CISO,BANC,1608141600,120.762,120.762,0
240,5,CISO,BANC,1577836800,123.063,172.134,3
240,5,CISO,BANC,1579154400,104.935,154.524,1
240,5,CISO,BANC,1580472000,74.846,128.857,1
240,5,CISO,BANC,1581789600,102.957,154.602,5
240,5,CISO,BANC,1583107200,82.683,137.523,3
240,5,CISO,BANC,1584424800,106.244,147.745,1
240,5,CISO,BANC,1585742400,89.674,109.953,5
240,5,CISO,BANC,1587060000,39.358,83.791,1
240,5,CISO,BANC,1588377600,85.46,92.599,7
240,5,CISO,BANC,1589695200,92.847,97.033,7
240,5,CISO,BANC,1591012800,55.288,102.903,1
240,5,CISO,BANC,1592330400,61.653,85.603,3
240,5,CISO,BANC,1593648000,59.854,96.018,3
240,5,CISO,BANC,1594965600,130.343,142.31,7
240,5,CISO,BANC,1596283200,155.238,154.477,9
240,5,CISO,BANC,1597600800,93.716,137.052,1
240,5,CISO,BANC,1598918400,176.668,177.048,7
240,5,CISO,BANC,1600236000,100.02,138.508,1
240,5,CISO,BANC,1601553600,101.034,140.582,1
240,5,CISO,BANC,1602871200,90.103,148.958,1
240,5,CISO,BANC,1604188800,131.196,182.956,3
240,5,CISO,BANC,1605506400,207.181,189.14,7
240,5,CISO,BANC,1606824000,248.155,204.354,8
240,5,CISO,BANC,1608141600,166.458,172.556,5
240,6,CISO,BANC,1577836800,95.645,143.797,1
240,6,CISO,BANC,1579154400,104.935,154.524,1
240,6,CISO,BANC,1580472000,74.846,128.857,1
240,6,CISO,BANC,1581789600,64.295,108.751,1
240,6,CISO,BANC,1583107200,63.942,114.206,1
240,6,CISO,BANC,1584424800,106.244,147.745,1
240,6,CISO,BANC,1585742400,57.405,86.887,1
240,6,CISO,BANC,1587060000,39.358,83.791,1
240,6,CISO,BANC,1588377600,49.313,61.271,1
240,6,CISO,BANC,1589695200,54.601,68.678,1
240,6,CISO,BANC,1591012800,55.288,102.903,1
240,6,CISO,BANC,1592330400,46.384,70.906,1
240,6,CISO,BANC,1593648000,46.726,81.107,1
240,6,CISO,BANC,1594965600,69.92,99.605,1
240,6,CISO,BANC,1596283200,71.701,99.287,1
240,6,CISO,BANC,1597600800,93.716,137.052,1
240,6,CISO,BANC,1598918400,89.033,119.988,1
240,6,CISO,BANC,1600236000,100.02,138.508,1
240,6,CISO,BANC,1601553600,101.034,140.582,1
240,6,CISO,BANC,1602871200,90.103,148.958,1
240,6,CISO,BANC,1604188800,104.203,156.594,1
240,6,CISO,BANC,1605506400,116.27,134.389,1
240,6,CISO,BANC,1606824000,126.013,132.81,1
240,6,CISO,BANC,1608141600,107.511,127.714,1
240,1,EPE,AECI,1577836800,202.093,202.093,0
240,1,EPE,AECI,1579154400,207.289,207.289,0
240,1,EPE,AECI,1580472000,181.504,181.504,0
240,1,EPE,AECI,1581789600,175.974,175.974,0
240,1,EPE,AECI,1583107200,202.541,202.541,0
240,1,EPE,AECI,1584424800,204.307,204.307,0
240,1,EPE,AECI,1585742400,164.605,164.605,0
240,1,EPE,AECI,1587060000,171.684,171.684,0
240,1,EPE,AECI,1588377600,183.602,183.602,0
240,1,EPE,AECI,1589695200,189.282,189.282,0
240,1,EPE,AECI,1591012800,195.852,195.852,0
240,1,EPE,AECI,1592330400,195.157,195.157,0
240,1,EPE,AECI,1593648000,198.016,198.016,0
240,1,EPE,AECI,1594965600,209.436,209.436,0
240,1,EPE,AECI,1596283200,204.715,204.715,0
240,1,EPE,AECI,1597600800,214.763,214.763,0
240,1,EPE,AECI,1598918400,203.471,203.471,0
240,1,EPE,AECI,1600236000,199.728,199.728,0
240,1,EPE,AECI,1601553600,220.07,220.07,0
240,1,EPE,AECI,1602871200,223.978,223.978,0
240,1,EPE,AECI,1604188800,214.945,214.945,0
240,1,EPE,AECI,1605506400,203.959,203.959,0
240,1,EPE,AECI,1606824000,198.83,198.83,0
240,1,EPE,AECI,1608141600,215.454,215.454,0
240,2,EPE,AECI,1577836800,267.863,256.671,3
240,2,EPE,AECI,1579154400,343.817,296.821,5
240,2,EPE,AECI,1580472000,368.095,288.505,7
240,2,EPE,AECI,1581789600,318.526,257.137,5
240,2,EPE,AECI,1583107200,325.234,286.708,5
240,2,EPE,AECI,1584424800,290.704,263.636,4
240,2,EPE,AECI,1585742400,185.392,191.267,2
240,2,EPE,AECI,1587060000,214.744,216.054,3
240,2,EPE,AECI,1588377600,338.255,286.134,7
240,2,EPE,AECI,1589695200,245.493,241.78,3
240,2,EPE,AECI,1591012800,185.646,211.947,1
240,2,EPE,AECI,1592330400,187.049,210.702,1
240,2,EPE,AECI,1593648000,464.383,354.344,9
240,2,EPE,AECI,1594965600,208.835,228.069,1
240,2,EPE,AECI,1596283200,275.989,253.025,3
240,2,EPE,AECI,1597600800,403.333,312.28,6
240,2,EPE,AECI,1598918400,334.267,289.951,5
240,2,EPE,AECI,1600236000,431.259,324.222,7
240,2,EPE,AECI,1601553600,283.964,272.106,3
240,2,EPE,AECI,1602871200,426.729,355.2,7
240,2,EPE,AECI,1604188800,437.901,338.377,7
240,2,EPE,AECI,1605506400,497.488,360.435,10
240,2,EPE,AECI,1606824000,457.113,335.604,8
240,2,EPE,AECI,1608141600,292.4,270.415,3
240,3,EPE,AECI,1577836800,202.093,202.093,0
240,3,EPE,AECI,1579154400,207.289,207.289,0
240,3,EPE,AECI,1580472000,226.137,212.378,2
240,3,EPE,AECI,1581789600,175.974,175.974,0
240,3,EPE,AECI,1583107200,202.541,202.541,0
240,3,EPE,AECI,1584424800,225.892,220.305,1
240,3,EPE,AECI,1585742400,201.155,191.267,2
240,3,EPE,AECI,1587060000,171.684,171.684,0
240,3,EPE,AECI,1588377600,183.602,183.602,0
240,3,EPE,AECI,1589695200,217.876,207.433,1
240,3,EPE,AECI,1591012800,215.92,227.161,2
240,3,EPE,AECI,1592330400,244.44,244.79,3
240,3,EPE,AECI,1593648000,198.016,198.016,0
240,3,EPE,AECI,1594965600,330.008,280.179,4
240,3,EPE,AECI,1596283200,265.518,236.944,2
240,3,EPE,AECI,1597600800,214.763,214.763,0
240,3,EPE,AECI,1598918400,232.427,221.022,1
240,3,EPE,AECI,1600236000,199.728,199.728,0
240,3,EPE,AECI,1601553600,261.888,255.173,2
240,3,EPE,AECI,1602871200,333.746,299.156,4
240,3,EPE,AECI,1604188800,214.945,214.945,0
240,3,EPE,AECI,1605506400,227.594,221.153,1
240,3,EPE,AECI,1606824000,263.331,232.408,2
240,3,EPE,AECI,1608141600,280.576,250.895,2
240,4,EPE,AECI,1577836800,202.093,202.093,0
240,4,EPE,AECI,1579154400,207.289,207.289,0
240,4,EPE,AECI,1580472000,181.504,181.504,0
240,4,EPE,AECI,1581789600,175.974,175.974,0
240,4,EPE,AECI,1583107200,202.541,202.541,0
240,4,EPE,AECI,1584424800,204.307,204.307,0
240,4,EPE,AECI,1585742400,164.605,164.605,0
240,4,EPE,AECI,1587060000,171.684,171.684,0
240,4,EPE,AECI,1588377600,183.602,183.602,0
240,4,EPE,AECI,1589695200,189.282,189.282,0
240,4,EPE,AECI,1591012800,195.852,195.852,0
240,4,EPE,AECI,1592330400,195.157,195.157,0
240,4,EPE,AECI,1593648000,198.016,198.016,0
240,4,EPE,AECI,1594965600,209.436,209.436,0
240,4,EPE,AECI,1596283200,204.715,204.715,0
240,4,EPE,AECI,1597600800,214.763,214.763,0
240,4,EPE,AECI,1598918400,203.471,203.471,0
240,4,EPE,AECI,1600236000,199.728,199.728,0
240,4,EPE,AECI,1601553600,220.07,220.07,0
240,4,EPE,AECI,1602871200,223.978,223.978,0
240,4,EPE,AECI,1604188800,214.945,214.945,0
240,4,EPE,AECI,1605506400,203.959,203.959,0
240,4,EPE,AECI,1606824000,198.83,198.83,0
240,4,EPE,AECI,1608141600,215.454,215.454,0
240,5,EPE,AECI,1577836800,267.268,256.671,3
240,5,EPE,AECI,1579154400,278.974,261.896,3
240,5,EPE,AECI,1580472000,364.497,288.505,7
240,5,EPE,AECI,1581789600,315.653,257.137,5
240,5,EPE,AECI,1583107200,322.02,286.708,5
240,5,EPE,AECI,1584424800,315.386,278.392,5
240,5,EPE,AECI,1585742400,185.691,191.267,2
240,5,EPE,AECI,1587060000,213.244,216.054,3
240,5,EPE,AECI,1588377600,333.317,286.134,7
240,5,EPE,AECI,1589695200,244.241,241.78,3
240,5,EPE,AECI,1591012800,185.646,211.947,1
240,5,EPE,AECI,1592330400,186.994,210.702,1
240,5,EPE,AECI,1593648000,460.037,354.344,9
240,5,EPE,AECI,1594965600,208.835,228.069,1
240,5,EPE,AECI,1596283200,275.203,253.025,3
240,5,EPE,AECI,1597600800,429.167,327.727,7
240,5,EPE,AECI,1598918400,332.58,289.951,5
240,5,EPE,AECI,1600236000,425.732,324.222,7
240,5,EPE,AECI,1601553600,283.578,272.106,3
240,5,EPE,AECI,1602871200,352.807,319.975,5
240,5,EPE,AECI,1604188800,432.085,338.377,7
240,5,EPE,AECI,1605506400,488.951,360.435,10
240,5,EPE,AECI,1606824000,450.798,335.604,8
240,5,EPE,AECI,1608141600,288.272,270.415,3
240,6,EPE,AECI,1577836800,204.04,220.243,1
240,6,EPE,AECI,1579154400,217.448,225.56,1
240,6,EPE,AECI,1580472000,181.504,181.504,0
240,6,EPE,AECI,1581789600,175.974,175.974,0
240,6,EPE,AECI,1583107200,202.541,202.541,0
240,6,EPE,AECI,1584424800,205.169,220.305,1
240,6,EPE,AECI,1585742400,158.844,178.055,1
240,6,EPE,AECI,1587060000,167.028,184.379,1
240,6,EPE,AECI,1588377600,182.49,198.949,1
240,6,EPE,AECI,1589695200,190.992,207.433,1
240,6,EPE,AECI,1591012800,185.646,211.947,1
240,6,EPE,AECI,1592330400,186.875,210.702,1
240,6,EPE,AECI,1593648000,198.016,198.016,0
240,6,EPE,AECI,1594965600,208.835,228.069,1
240,6,EPE,AECI,1596283200,214.303,221.626,1
240,6,EPE,AECI,1597600800,214.763,214.763,0
240,6,EPE,AECI,1598918400,211.171,221.022,1
240,6,EPE,AECI,1600236000,199.728,199.728,0
240,6,EPE,AECI,1601553600,218.609,238.903,1
240,6,EPE,AECI,1602871200,212.269,241.065,1
240,6,EPE,AECI,1604188800,214.945,214.945,0
240,6,EPE,AECI,1605506400,203.959,203.959,0
240,6,EPE,AECI,1606824000,198.83,198.83,0
240,6,EPE,AECI,1608141600,224.386,232.157,1
240,1,EPE,PSCO,1577836800,202.093,202.093,0
240,1,EPE,PSCO,1579154400,207.289,207.289,0
240,1,EPE,PSCO,1580472000,181.504,181.504,0
240,1,EPE,PSCO,1581789600,175.974,175.974,0
240,1,EPE,PSCO,1583107200,202.541,202.541,0
240,1,EPE,PSCO,1584424800,204.307,204.307,0
240,1,EPE,PSCO,1585742400,164.605,164.605,0
240,1,EPE,PSCO,1587060000,171.684,171.684,0
240,1,EPE,PSCO,1588377600,183.602,183.602,0
240,1,EPE,PSCO,1589695200,189.282,189.282,0
240,1,EPE,PSCO,1591012800,195.852,195.852,0
240,1,EPE,PSCO,1592330400,195.157,195.157,0
240,1,EPE,PSCO,1593648000,198.016,198.016,0
240,1,EPE,PSCO,1594965600,209.436,209.436,0
240,1,EPE,PSCO,1596283200,204.715,204.715,0
240,1,EPE,PSCO,1597600800,214.763,214.763,0
240,1,EPE,PSCO,1598918400,203.471,203.471,0
240,1,EPE,PSCO,1600236000,199.728,199.728,0
240,1,EPE,PSCO,1601553600,220.07,220.07,0
240,1,EPE,PSCO,1602871200,223.978,223.978,0
240,1,EPE,PSCO,1604188800,214.945,214.945,0
240,1,EPE,PSCO,1605506400,203.959,203.959,0
240,1,EPE,PSCO,1606824000,198.83,198.83,0
240,1,EPE,PSCO,1608141600,215.454,215.454,0
240,2,EPE,PSCO,1577836800,401.482,306.134,6
240,2,EPE,PSCO,1579154400,450.237,354.336,8
240,2,EPE,PSCO,1580472000,463.545,331.434,10
240,2,EPE,PSCO,1581789600,298.878,239.618,4
240,2,EPE,PSCO,1583107200,414.783,319.605,7
240,2,EPE,PSCO,1584424800,324.857,263.636,4
240,2,EPE,PSCO,1585742400,218.745,191.267,2
240,2,EPE,PSCO,1587060000,229.752,199.119,2
240,2,EPE,PSCO,1588377600,369.068,286.134,7
240,2,EPE,PSCO,1589695200,250.335,241.78,3
240,2,EPE,PSCO,1591012800,467.366,324.486,8
240,2,EPE,PSCO,1592330400,382.076,296.564,6
240,2,EPE,PSCO,1593648000,432.774,335.529,8
240,2,EPE,PSCO,1594965600,438.644,334.199,7
240,2,EPE,PSCO,1596283200,279.488,253.025,3
240,2,EPE,PSCO,1597600800,387.086,312.28,6
240,2,EPE,PSCO,1598918400,296.604,257.184,3
240,2,EPE,PSCO,1600236000,388.494,324.222,7
240,2,EPE,PSCO,1601553600,466.175,366.603,8
240,2,EPE,PSCO,1602871200,413.437,337.898,6
240,2,EPE,PSCO,1604188800,499.018,356.366,8
240,2,EPE,PSCO,1605506400,406.915,315.768,7
240,2,EPE,PSCO,1606824000,177.773,216.397,1
240,2,EPE,PSCO,1608141600,201.527,232.157,1
240,3,EPE,PSCO,1577836800,336.362,274.163,4
240,3,EPE,PSCO,1579154400,198.768,225.56,1
240,3,EPE,PSCO,1580472000,197.476,197.952,1
240,3,EPE,PSCO,1581789600,233.253,204.538,2
240,3,EPE,PSCO,1583107200,227.364,220.424,1
240,3,EPE,PSCO,1584424800,267.202,236.223,2
240,3,EPE,PSCO,1585742400,164.605,164.605,0
240,3,EPE,PSCO,1587060000,171.684,171.684,0
240,3,EPE,PSCO,1588377600,183.602,183.602,0
240,3,EPE,PSCO,1589695200,203.377,207.433,1
240,3,EPE,PSCO,1591012800,195.852,195.852,0
240,3,EPE,PSCO,1592330400,242.622,227.173,2
240,3,EPE,PSCO,1593648000,212.486,214.798,1
240,3,EPE,PSCO,1594965600,240.44,228.069,1
240,3,EPE,PSCO,1596283200,232.258,221.626,1
240,3,EPE,PSCO,1597600800,251.897,246.84,2
240,3,EPE,PSCO,1598918400,203.471,203.471,0
240,3,EPE,PSCO,1600236000,205.437,218.192,1
240,3,EPE,PSCO,1601553600,229.642,238.903,1
240,3,EPE,PSCO,1602871200,304.574,278.435,3
240,3,EPE,PSCO,1604188800,214.945,214.945,0
240,3,EPE,PSCO,1605506400,232.691,221.153,1
240,3,EPE,PSCO,1606824000,177.773,216.397,1
240,3,EPE,PSCO,1608141600,201.527,232.157,1
240,4,EPE,PSCO,1577836800,202.093,202.093,0
240,4,EPE,PSCO,1579154400,207.289,207.289,0
240,4,EPE,PSCO,1580472000,181.504,181.504,0
240,4,EPE,PSCO,1581789600,175.974,175.974,0
240,4,EPE,PSCO,1583107200,202.541,202.541,0
240,4,EPE,PSCO,1584424800,204.307,204.307,0
240,4,EPE,PSCO,1585742400,164.605,164.605,0
240,4,EPE,PSCO,1587060000,171.684,171.684,0
240,4,EPE,PSCO,1588377600,183.602,183.602,0
240,4,EPE,PSCO,1589695200,189.282,189.282,0
240,4,EPE,PSCO,1591012800,195.852,195.852,0
240,4,EPE,PSCO,1592330400,195.157,195.157,0
240,4,EPE,PSCO,1593648000,198.016,198.016,0
240,4,EPE,PSCO,1594965600,209.436,209.436,0
240,4,EPE,PSCO,1596283200,204.715,204.715,0
240,4,EPE,PSCO,1597600800,214.763,214.763,0
240,4,EPE,PSCO,1598918400,203.471,203.471,0
240,4,EPE,PSCO,1600236000,199.728,199.728,0
240,4,EPE,PSCO,1601553600,220.07,220.07,0
240,4,EPE,PSCO,1602871200,223.978,223.978,0
240,4,EPE,PSCO,1604188800,214.945,214.945,0
240,4,EPE,PSCO,1605506400,203.959,203.959,0
240,4,EPE,PSCO,1606824000,198.83,198.83,0
240,4,EPE,PSCO,1608141600,215.454,215.454,0
240,5,EPE,PSCO,1577836800,394.098,306.134,6
240,5,EPE,PSCO,1579154400,444.999,354.336,8
240,5,EPE,PSCO,1580472000,455.087,331.434,10
240,5,EPE,PSCO,1581789600,298.568,239.618,4
240,5,EPE,PSCO,1583107200,409.691,319.605,7
240,5,EPE,PSCO,1584424800,323.895,263.636,4
240,5,EPE,PSCO,1585742400,213.6,191.267,2
240,5,EPE,PSCO,1587060000,296.141,232.829,4
240,5,EPE,PSCO,1588377600,364.692,286.134,7
240,5,EPE,PSCO,1589695200,247.232,241.78,3
240,5,EPE,PSCO,1591012800,260.014,227.161,2
240,5,EPE,PSCO,1592330400,376.502,296.564,6
240,5,EPE,PSCO,1593648000,427.566,335.529,8
240,5,EPE,PSCO,1594965600,433.361,334.199,7
240,5,EPE,PSCO,1596283200,279.375,253.025,3
240,5,EPE,PSCO,1597600800,382.995,312.28,6
240,5,EPE,PSCO,1598918400,293.686,257.184,3
240,5,EPE,PSCO,1600236000,382.304,324.222,7
240,5,EPE,PSCO,1601553600,457.255,366.603,8
240,5,EPE,PSCO,1602871200,408.691,337.898,6
240,5,EPE,PSCO,1604188800,528.496,375.104,9
240,5,EPE,PSCO,1605506400,401.233,315.768,7
240,5,EPE,PSCO,1606824000,177.773,216.397,1
240,5,EPE,PSCO,1608141600,201.527,232.157,1
240,6,EPE,PSCO,1577836800,202.093,202.093,0
240,6,EPE,PSCO,1579154400,198.768,225.56,1
240,6,EPE,PSCO,1580472000,181.504,181.504,0
240,6,EPE,PSCO,1581789600,175.974,175.974,0
240,6,EPE,PSCO,1583107200,202.541,202.541,0
240,6,EPE,PSCO,1584424800,204.307,204.307,0
240,6,EPE,PSCO,1585742400,164.605,164.605,0
240,6,EPE,PSCO,1587060000,171.684,171.684,0
240,6,EPE,PSCO,1588377600,183.602,183.602,0
240,6,EPE,PSCO,1589695200,203.377,207.433,1
240,6,EPE,PSCO,1591012800,195.852,195.852,0
240,6,EPE,PSCO,1592330400,195.157,195.157,0
240,6,EPE,PSCO,1593648000,198.016,198.016,0
240,6,EPE,PSCO,1594965600,209.436,209.436,0
240,6,EPE,PSCO,1596283200,204.715,204.715,0
240,6,EPE,PSCO,1597600800,224.414,230.415,1
240,6,EPE,PSCO,1598918400,203.471,203.471,0
240,6,EPE,PSCO,1600236000,205.437,218.192,1
240,6,EPE,PSCO,1601553600,229.642,238.903,1
240,6,EPE,PSCO,1602871200,223.978,223.978,0
240,6,EPE,PSCO,1604188800,214.945,214.945,0
240,6,EPE,PSCO,1605506400,203.959,203.959,0
240,6,EPE,PSCO,1606824000,177.773,216.397,1
240,6,EPE,PSCO,1608141600,201.527,232.157,1
240,1,PACE,AECI,1577836800,222.045,222.045,0
240,1,PACE,AECI,1579154400,234.433,234.433,0
240,1,PACE,AECI,1580472000,198.311,198.311,0
240,1,PACE,AECI,1581789600,196.827,196.827,0
240,1,PACE,AECI,1583107200,208.975,208.975,0
240,1,PACE,AECI,1584424800,252.452,252.452,0
240,1,PACE,AECI,1585742400,225.822,225.822,0
240,1,PACE,AECI,1587060000,224.401,224.401,0
240,1,PACE,AECI,1588377600,195.688,195.688,0
240,1,PACE,AECI,1589695200,218.514,218.514,0
240,1,PACE,AECI,1591012800,230.978,230.978,0
240,1,PACE,AECI,1592330400,200.767,200.767,0
240,1,PACE,AECI,1593648000,211.4,211.4,0
240,1,PACE,AECI,1594965600,197.864,197.864,0
240,1,PACE,AECI,1596283200,232.915,232.915,0
240,1,PACE,AECI,1597600800,252.895,252.895,0
240,1,PACE,AECI,1598918400,239.903,239.903,0
240,1,PACE,AECI,1600236000,257.912,257.912,0
240,1,PACE,AECI,1601553600,250.583,250.583,0
240,1,PACE,AECI,1602871200,211.548,211.548,0
240,1,PACE,AECI,1604188800,258.098,258.098,0
240,1,PACE,AECI,1605506400,230.758,230.758,0
240,1,PACE,AECI,1606824000,241.036,241.036,0
240,1,PACE,AECI,1608141600,221.431,221.431,0
240,2,PACE,AECI,1577836800,271.856,282.45,3
240,2,PACE,AECI,1579154400,287.175,291.009,3
240,2,PACE,AECI,1580472000,377.121,328.978,7
240,2,PACE,AECI,1581789600,330.015,294.41,5
240,2,PACE,AECI,1583107200,353.319,302.613,6
240,2,PACE,AECI,1584424800,211.232,276.44,1
240,2,PACE,AECI,1585742400,164.592,245.097,1
240,2,PACE,AECI,1587060000,228.129,279.601,3
240,2,PACE,AECI,1588377600,286.484,273.455,5
240,2,PACE,AECI,1589695200,261.95,271.356,3
240,2,PACE,AECI,1591012800,189.112,250.687,1
240,2,PACE,AECI,1592330400,236.599,258.215,3
240,2,PACE,AECI,1593648000,402.839,342.198,7
240,2,PACE,AECI,1594965600,393.195,329.561,7
240,2,PACE,AECI,1596283200,285.037,287.206,3
240,2,PACE,AECI,1597600800,237.674,272.218,1
240,2,PACE,AECI,1598918400,215.356,258.417,1
240,2,PACE,AECI,1600236000,243.019,279.839,1
240,2,PACE,AECI,1601553600,297.509,311.677,3
240,2,PACE,AECI,1602871200,477.015,372.283,9
240,2,PACE,AECI,1604188800,326.875,321.432,3
240,2,PACE,AECI,1605506400,364.157,320.949,5
240,2,PACE,AECI,1606824000,450.338,376.907,7
240,2,PACE,AECI,1608141600,294.804,280.037,3
240,3,PACE,AECI,1577836800,275.084,282.45,3
240,3,PACE,AECI,1579154400,333.074,307.846,4
240,3,PACE,AECI,1580472000,240.558,229.84,2
240,3,PACE,AECI,1581789600,196.827,196.827,0
240,3,PACE,AECI,1583107200,208.975,208.975,0
240,3,PACE,AECI,1584424800,211.232,276.44,1
240,3,PACE,AECI,1585742400,194.491,260.743,2
240,3,PACE,AECI,1587060000,174.376,239.886,1
240,3,PACE,AECI,1588377600,260.417,242.925,3
240,3,PACE,AECI,1589695200,195.97,237.477,1
240,3,PACE,AECI,1591012800,189.112,250.687,1
240,3,PACE,AECI,1592330400,185.731,219.111,1
240,3,PACE,AECI,1593648000,211.4,211.4,0
240,3,PACE,AECI,1594965600,213.888,218.113,1
240,3,PACE,AECI,1596283200,349.224,326.512,5
240,3,PACE,AECI,1597600800,292.333,291.84,2
240,3,PACE,AECI,1598918400,278.8,302.017,3
240,3,PACE,AECI,1600236000,361.158,344.743,4
240,3,PACE,AECI,1601553600,224.64,273.297,1
240,3,PACE,AECI,1602871200,271.402,243.066,2
240,3,PACE,AECI,1604188800,346.386,321.432,3
240,3,PACE,AECI,1605506400,249.353,249.421,1
240,3,PACE,AECI,1606824000,312.412,278.836,2
240,3,PACE,AECI,1608141600,233.875,241.0,1
240,4,PACE,AECI,1577836800,222.045,222.045,0
240,4,PACE,AECI,1579154400,234.433,234.433,0
240,4,PACE,AECI,1580472000,198.311,198.311,0
240,4,PACE,AECI,1581789600,196.827,196.827,0
240,4,PACE,AECI,1583107200,208.975,208.975,0
240,4,PACE,AECI,1584424800,252.452,252.452,0
240,4,PACE,AECI,1585742400,225.822,225.822,0
240,4,PACE,AECI,1587060000,224.401,224.401,0
240,4,PACE,AECI,1588377600,195.688,195.688,0
240,4,PACE,AECI,1589695200,218.514,218.514,0
240,4,PACE,AECI,1591012800,230.978,230.978,0
240,4,PACE,AECI,1592330400,200.767,200.767,0
240,4,PACE,AECI,1593648000,211.4,211.4,0
240,4,PACE,AECI,1594965600,197.864,197.864,0
240,4,PACE,AECI,1596283200,232.915,232.915,0
240,4,PACE,AECI,1597600800,252.895,252.895,0
240,4,PACE,AECI,1598918400,239.903,239.903,0
240,4,PACE,AECI,1600236000,257.912,257.912,0
240,4,PACE,AECI,1601553600,250.583,250.583,0
240,4,PACE,AECI,1602871200,211.548,211.548,0
240,4,PACE,AECI,1604188800,258.098,258.098,0
240,4,PACE,AECI,1605506400,230.758,230.758,0
240,4,PACE,AECI,1606824000,241.036,241.036,0
240,4,PACE,AECI,1608141600,221.431,221.431,0
240,5,PACE,AECI,1577836800,269.785,282.45,3
240,5,PACE,AECI,1579154400,286.066,291.009,3
240,5,PACE,AECI,1580472000,368.4,328.978,7
240,5,PACE,AECI,1581789600,322.899,294.41,5
240,5,PACE,AECI,1583107200,348.37,302.613,6
240,5,PACE,AECI,1584424800,211.232,276.44,1
240,5,PACE,AECI,1585742400,164.592,245.097,1
240,5,PACE,AECI,1587060000,224.925,279.601,3
240,5,PACE,AECI,1588377600,278.656,273.455,5
240,5,PACE,AECI,1589695200,259.029,271.356,3
240,5,PACE,AECI,1591012800,189.112,250.687,1
240,5,PACE,AECI,1592330400,232.794,258.215,3
240,5,PACE,AECI,1593648000,394.971,342.198,7
240,5,PACE,AECI,1594965600,390.427,329.561,7
240,5,PACE,AECI,1596283200,283.718,287.206,3
240,5,PACE,AECI,1597600800,237.674,272.218,1
240,5,PACE,AECI,1598918400,215.356,258.417,1
240,5,PACE,AECI,1600236000,243.019,279.839,1
240,5,PACE,AECI,1601553600,293.73,311.677,3
240,5,PACE,AECI,1602871200,331.12,302.726,5
240,5,PACE,AECI,1604188800,325.339,321.432,3
240,5,PACE,AECI,1605506400,360.887,320.949,5
240,5,PACE,AECI,1606824000,447.964,376.907,7
240,5,PACE,AECI,1608141600,292.833,280.037,3
240,6,PACE,AECI,1577836800,205.189,241.117,1
240,6,PACE,AECI,1579154400,223.879,254.109,1
240,6,PACE,AECI,1580472000,209.042,215.735,1
240,6,PACE,AECI,1581789600,196.827,196.827,0
240,6,PACE,AECI,1583107200,208.975,208.975,0
240,6,PACE,AECI,1584424800,211.232,276.44,1
240,6,PACE,AECI,1585742400,164.592,245.097,1
240,6,PACE,AECI,1587060000,174.376,239.886,1
240,6,PACE,AECI,1588377600,187.065,210.827,1
240,6,PACE,AECI,1589695200,195.97,237.477,1
240,6,PACE,AECI,1591012800,189.112,250.687,1
240,6,PACE,AECI,1592330400,185.731,219.111,1
240,6,PACE,AECI,1593648000,212.594,230.938,1
240,6,PACE,AECI,1594965600,206.152,218.113,1
240,6,PACE,AECI,1596283200,219.193,251.782,1
240,6,PACE,AECI,1597600800,237.674,272.218,1
240,6,PACE,AECI,1598918400,215.356,258.417,1
240,6,PACE,AECI,1600236000,243.019,279.839,1
240,6,PACE,AECI,1601553600,224.64,273.297,1
240,6,PACE,AECI,1602871200,210.477,226.232,1
240,6,PACE,AECI,1604188800,259.808,278.93,1
240,6,PACE,AECI,1605506400,237.387,249.421,1
240,6,PACE,AECI,1606824000,235.979,260.797,1
240,6,PACE,AECI,1608141600,225.787,241.0,1
240,1,PACE,PSCO,1577836800,222.045,222.045,0
240,1,PACE,PSCO,1579154400,234.433,234.433,0
240,1,PACE,PSCO,1580472000,198.311,198.311,0
240,1,PACE,PSCO,1581789600,196.827,196.827,0
240,1,PACE,PSCO,1583107200,208.975,208.975,0
240,1,PACE,PSCO,1584424800,252.452,252.452,0
240,1,PACE,PSCO,1585742400,225.822,225.822,0
240,1,PACE,PSCO,1587060000,224.401,224.401,0
240,1,PACE,PSCO,1588377600,195.688,195.688,0
240,1,PACE,PSCO,1589695200,218.514,218.514,0
240,1,PACE,PSCO,1591012800,230.978,230.978,0
240,1,PACE,PSCO,1592330400,200.767,200.767,0
240,1,PACE,PSCO,1593648000,211.4,211.4,0
240,1,PACE,PSCO,1594965600,197.864,197.864,0
240,1,PACE,PSCO,1596283200,232.915,232.915,0
240,1,PACE,PSCO,1597600800,252.895,252.895,0
240,1,PACE,PSCO,1598918400,239.903,239.903,0
240,1,PACE,PSCO,1600236000,257.912,257.912,0
240,1,PACE,PSCO,1601553600,250.583,250.583,0
240,1,PACE,PSCO,1602871200,211.548,211.548,0
240,1,PACE,PSCO,1604188800,258.098,258.098,0
240,1,PACE,PSCO,1605506400,230.758,230.758,0
240,1,PACE,PSCO,1606824000,241.036,241.036,0
240,1,PACE,PSCO,1608141600,221.431,221.431,0
240,2,PACE,PSCO,1577836800,500.08,376.035,8
240,2,PACE,PSCO,1579154400,459.231,384.654,8
240,2,PACE,PSCO,1580472000,377.733,328.978,7
240,2,PACE,PSCO,1581789600,532.569,374.8,9
240,2,PACE,PSCO,1583107200,676.173,469.276,15
240,2,PACE,PSCO,1584424800,336.047,319.868,3
240,2,PACE,PSCO,1585742400,422.844,359.608,7
240,2,PACE,PSCO,1587060000,525.655,391.268,9
240,2,PACE,PSCO,1588377600,311.308,273.455,5
240,2,PACE,PSCO,1589695200,323.374,302.017,5
240,2,PACE,PSCO,1591012800,397.178,325.603,5
240,2,PACE,PSCO,1592330400,457.002,356.288,8
240,2,PACE,PSCO,1593648000,397.531,342.198,7
240,2,PACE,PSCO,1594965600,545.203,387.773,10
240,2,PACE,PSCO,1596283200,365.039,326.512,5
240,2,PACE,PSCO,1597600800,228.431,272.218,1
240,2,PACE,PSCO,1598918400,541.558,428.802,9
240,2,PACE,PSCO,1600236000,212.409,279.839,1
240,2,PACE,PSCO,1601553600,382.995,357.318,5
240,2,PACE,PSCO,1602871200,396.757,319.324,6
240,2,PACE,PSCO,1604188800,340.875,321.432,3
240,2,PACE,PSCO,1605506400,426.788,359.407,7
240,2,PACE,PSCO,1606824000,183.675,260.797,1
240,2,PACE,PSCO,1608141600,202.928,241.0,1
240,3,PACE,PSCO,1577836800,306.997,282.45,3
240,3,PACE,PSCO,1579154400,205.2,254.109,1
240,3,PACE,PSCO,1580472000,198.526,215.735,1
240,3,PACE,PSCO,1581789600,226.1,212.058,1
240,3,PACE,PSCO,1583107200,380.812,302.613,6
240,3,PACE,PSCO,1584424800,261.862,276.44,1
240,3,PACE,PSCO,1585742400,268.927,260.743,2
240,3,PACE,PSCO,1587060000,310.56,279.601,3
240,3,PACE,PSCO,1588377600,263.639,242.925,3
240,3,PACE,PSCO,1589695200,208.356,237.477,1
240,3,PACE,PSCO,1591012800,297.538,268.342,2
240,3,PACE,PSCO,1592330400,210.457,219.111,1
240,3,PACE,PSCO,1593648000,209.264,230.938,1
240,3,PACE,PSCO,1594965600,229.021,218.113,1
240,3,PACE,PSCO,1596283200,236.427,251.782,1
240,3,PACE,PSCO,1597600800,228.431,272.218,1
240,3,PACE,PSCO,1598918400,340.599,302.017,3
240,3,PACE,PSCO,1600236000,212.409,279.839,1
240,3,PACE,PSCO,1601553600,235.673,273.297,1
240,3,PACE,PSCO,1602871200,299.852,262.456,3
240,3,PACE,PSCO,1604188800,267.125,278.93,1
240,3,PACE,PSCO,1605506400,234.632,249.421,1
240,3,PACE,PSCO,1606824000,183.675,260.797,1
240,3,PACE,PSCO,1608141600,202.928,241.0,1
240,4,PACE,PSCO,1577836800,222.045,222.045,0
240,4,PACE,PSCO,1579154400,234.433,234.433,0
240,4,PACE,PSCO,1580472000,198.311,198.311,0
240,4,PACE,PSCO,1581789600,196.827,196.827,0
240,4,PACE,PSCO,1583107200,208.975,208.975,0
240,4,PACE,PSCO,1584424800,252.452,252.452,0
240,4,PACE,PSCO,1585742400,225.822,225.822,0
240,4,PACE,PSCO,1587060000,224.401,224.401,0
240,4,PACE,PSCO,1588377600,195.688,195.688,0
240,4,PACE,PSCO,1589695200,218.514,218.514,0
240,4,PACE,PSCO,1591012800,230.978,230.978,0
240,4,PACE,PSCO,1592330400,200.767,200.767,0
240,4,PACE,PSCO,1593648000,211.4,211.4,0
240,4,PACE,PSCO,1594965600,197.864,197.864,0
240,4,PACE,PSCO,1596283200,232.915,232.915,0
240,4,PACE,PSCO,1597600800,252.895,252.895,0
240,4,PACE,PSCO,1598918400,239.903,239.903,0
240,4,PACE,PSCO,1600236000,257.912,257.912,0
240,4,PACE,PSCO,1601553600,250.583,250.583,0
240,4,PACE,PSCO,1602871200,211.548,211.548,0
240,4,PACE,PSCO,1604188800,258.098,258.098,0
240,4,PACE,PSCO,1605506400,230.758,230.758,0
240,4,PACE,PSCO,1606824000,241.036,241.036,0
240,4,PACE,PSCO,1608141600,221.431,221.431,0
240,5,PACE,PSCO,1577836800,490.907,376.035,8
240,5,PACE,PSCO,1579154400,454.207,384.654,8
240,5,PACE,PSCO,1580472000,370.335,328.978,7
240,5,PACE,PSCO,1581789600,522.944,374.8,9
240,5,PACE,PSCO,1583107200,660.972,469.276,15
240,5,PACE,PSCO,1584424800,336.418,319.868,3
240,5,PACE,PSCO,1585742400,414.389,359.608,7
240,5,PACE,PSCO,1587060000,517.867,391.268,9
240,5,PACE,PSCO,1588377600,307.858,273.455,5
240,5,PACE,PSCO,1589695200,320.408,302.017,5
240,5,PACE,PSCO,1591012800,395.302,325.603,5
240,5,PACE,PSCO,1592330400,488.048,377.68,9
240,5,PACE,PSCO,1593648000,431.076,363.134,8
240,5,PACE,PSCO,1594965600,532.962,387.773,10
240,5,PACE,PSCO,1596283200,363.976,326.512,5
240,5,PACE,PSCO,1597600800,228.431,272.218,1
240,5,PACE,PSCO,1598918400,536.333,428.802,9
240,5,PACE,PSCO,1600236000,212.409,279.839,1
240,5,PACE,PSCO,1601553600,377.62,357.318,5
240,5,PACE,PSCO,1602871200,387.886,319.324,6
240,5,PACE,PSCO,1604188800,337.935,321.432,3
240,5,PACE,PSCO,1605506400,422.602,359.407,7
240,5,PACE,PSCO,1606824000,183.675,260.797,1
240,5,PACE,PSCO,1608141600,202.928,241.0,1
240,6,PACE,PSCO,1577836800,222.045,222.045,0
240,6,PACE,PSCO,1579154400,205.2,254.109,1
240,6,PACE,PSCO,1580472000,198.526,215.735,1
240,6,PACE,PSCO,1581789600,196.827,196.827,0
240,6,PACE,PSCO,1583107200,208.975,208.975,0
240,6,PACE,PSCO,1584424800,261.862,276.44,1
240,6,PACE,PSCO,1585742400,234.486,245.097,1
240,6,PACE,PSCO,1587060000,224.401,224.401,0
240,6,PACE,PSCO,1588377600,195.688,195.688,0
240,6,PACE,PSCO,1589695200,208.356,237.477,1
240,6,PACE,PSCO,1591012800,230.978,230.978,0
240,6,PACE,PSCO,1592330400,209.682,219.111,1
240,6,PACE,PSCO,1593648000,209.264,230.938,1
240,6,PACE,PSCO,1594965600,197.864,197.864,0
240,6,PACE,PSCO,1596283200,236.427,251.782,1
240,6,PACE,PSCO,1597600800,228.431,272.218,1
240,6,PACE,PSCO,1598918400,239.903,239.903,0
240,6,PACE,PSCO,1600236000,212.409,279.839,1
240,6,PACE,PSCO,1601553600,235.673,273.297,1
240,6,PACE,PSCO,1602871200,211.548,211.548,0
240,6,PACE,PSCO,1604188800,267.125,278.93,1
240,6,PACE,PSCO,1605506400,234.632,249.421,1
240,6,PACE,PSCO,1606824000,183.675,260.797,1
240,6,PACE,PSCO,1608141600,202.928,241.0,1
240,1,PSCO,EPE,1577836800,201.806,201.806,0
240,1,PSCO,EPE,1579154400,168.095,168.095,0
240,1,PSCO,EPE,1580472000,165.819,165.819,0
240,1,PSCO,EPE,1581789600,208.599,208.599,0
240,1,PSCO,EPE,1583107200,195.56,195.56,0
240,1,PSCO,EPE,1584424800,221.046,221.046,0
240,1,PSCO,EPE,1585742400,196.694,196.694,0
240,1,PSCO,EPE,1587060000,211.329,211.329,0
240,1,PSCO,EPE,1588377600,184.057,184.057,0
240,1,PSCO,EPE,1589695200,174.63,174.63,0
240,1,PSCO,EPE,1591012800,220.905,220.905,0
240,1,PSCO,EPE,1592330400,179.992,179.992,0
240,1,PSCO,EPE,1593648000,180.132,180.132,0
240,1,PSCO,EPE,1594965600,212.921,212.921,0
240,1,PSCO,EPE,1596283200,202.105,202.105,0
240,1,PSCO,EPE,1597600800,189.709,189.709,0
240,1,PSCO,EPE,1598918400,234.795,234.795,0
240,1,PSCO,EPE,1600236000,174.02,174.02,0
240,1,PSCO,EPE,1601553600,195.176,195.176,0
240,1,PSCO,EPE,1602871200,202.804,202.804,0
240,1,PSCO,EPE,1604188800,225.924,225.924,0
240,1,PSCO,EPE,1605506400,203.332,203.332,0
240,1,PSCO,EPE,1606824000,147.36,147.36,0
240,1,PSCO,EPE,1608141600,172.796,172.796,0
240,2,PSCO,EPE,1577836800,439.149,333.288,7
240,2,PSCO,EPE,1579154400,413.642,289.388,7
240,2,PSCO,EPE,1580472000,428.713,307.141,9
240,2,PSCO,EPE,1581789600,335.936,299.543,5
240,2,PSCO,EPE,1583107200,383.694,288.065,6
240,2,PSCO,EPE,1584424800,395.211,318.08,6
240,2,PSCO,EPE,1585742400,252.438,252.675,3
240,2,PSCO,EPE,1587060000,334.417,300.582,5
240,2,PSCO,EPE,1588377600,343.413,255.099,6
240,2,PSCO,EPE,1589695200,284.929,225.643,4
240,2,PSCO,EPE,1591012800,429.013,345.216,7
240,2,PSCO,EPE,1592330400,274.296,235.746,3
240,2,PSCO,EPE,1593648000,362.941,273.776,6
240,2,PSCO,EPE,1594965600,405.225,319.521,6
240,2,PSCO,EPE,1596283200,315.013,256.027,4
240,2,PSCO,EPE,1597600800,421.486,315.813,7
240,2,PSCO,EPE,1598918400,266.363,263.852,2
240,2,PSCO,EPE,1600236000,357.652,266.217,6
240,2,PSCO,EPE,1601553600,394.534,289.53,6
240,2,PSCO,EPE,1602871200,336.838,268.428,4
240,2,PSCO,EPE,1604188800,461.298,356.678,7
240,2,PSCO,EPE,1605506400,377.329,290.786,6
240,2,PSCO,EPE,1606824000,147.36,147.36,0
240,2,PSCO,EPE,1608141600,172.796,172.796,0
240,3,PSCO,EPE,1577836800,234.016,221.495,1
240,3,PSCO,EPE,1579154400,168.095,168.095,0
240,3,PSCO,EPE,1580472000,165.819,165.819,0
240,3,PSCO,EPE,1581789600,272.381,258.305,3
240,3,PSCO,EPE,1583107200,195.56,195.56,0
240,3,PSCO,EPE,1584424800,305.066,271.702,3
240,3,PSCO,EPE,1585742400,197.987,215.929,1
240,3,PSCO,EPE,1587060000,202.614,228.708,1
240,3,PSCO,EPE,1588377600,299.919,234.947,4
240,3,PSCO,EPE,1589695200,174.63,174.63,0
240,3,PSCO,EPE,1591012800,230.404,239.075,1
240,3,PSCO,EPE,1592330400,179.992,179.992,0
240,3,PSCO,EPE,1593648000,240.171,209.594,2
240,3,PSCO,EPE,1594965600,312.227,270.371,3
240,3,PSCO,EPE,1596283200,202.105,202.105,0
240,3,PSCO,EPE,1597600800,217.562,208.231,1
240,3,PSCO,EPE,1598918400,260.638,263.852,2
240,3,PSCO,EPE,1600236000,174.02,174.02,0
240,3,PSCO,EPE,1601553600,195.176,195.176,0
240,3,PSCO,EPE,1602871200,231.973,222.549,1
240,3,PSCO,EPE,1604188800,281.494,258.546,2
240,3,PSCO,EPE,1605506400,264.0,228.558,2
240,3,PSCO,EPE,1606824000,147.36,147.36,0
240,3,PSCO,EPE,1608141600,172.796,172.796,0
240,4,PSCO,EPE,1577836800,201.806,201.806,0
240,4,PSCO,EPE,1579154400,168.095,168.095,0
240,4,PSCO,EPE,1580472000,165.819,165.819,0
240,4,PSCO,EPE,1581789600,208.599,208.599,0
240,4,PSCO,EPE,1583107200,195.56,195.56,0
240,4,PSCO,EPE,1584424800,221.046,221.046,0
240,4,PSCO,EPE,1585742400,196.694,196.694,0
240,4,PSCO,EPE,1587060000,211.329,211.329,0
240,4,PSCO,EPE,1588377600,184.057,184.057,0
240,4,PSCO,EPE,1589695200,174.63,174.63,0
240,4,PSCO,EPE,1591012800,220.905,220.905,0
240,4,PSCO,EPE,1592330400,179.992,179.992,0
240,4,PSCO,EPE,1593648000,180.132,180.132,0
240,4,PSCO,EPE,1594965600,212.921,212.921,0
240,4,PSCO,EPE,1596283200,202.105,202.105,0
240,4,PSCO,EPE,1597600800,189.709,189.709,0
240,4,PSCO,EPE,1598918400,234.795,234.795,0
240,4,PSCO,EPE,1600236000,174.02,174.02,0
240,4,PSCO,EPE,1601553600,195.176,195.176,0
240,4,PSCO,EPE,1602871200,202.804,202.804,0
240,4,PSCO,EPE,1604188800,225.924,225.924,0
240,4,PSCO,EPE,1605506400,203.332,203.332,0
240,4,PSCO,EPE,1606824000,147.36,147.36,0
240,4,PSCO,EPE,1608141600,172.796,172.796,0
240,5,PSCO,EPE,1577836800,361.206,295.23,5
240,5,PSCO,EPE,1579154400,408.405,289.388,7
240,5,PSCO,EPE,1580472000,420.373,307.141,9
240,5,PSCO,EPE,1581789600,335.626,299.543,5
240,5,PSCO,EPE,1583107200,378.602,288.065,6
240,5,PSCO,EPE,1584424800,393.554,318.08,6
240,5,PSCO,EPE,1585742400,247.292,252.675,3
240,5,PSCO,EPE,1587060000,331.504,300.582,5
240,5,PSCO,EPE,1588377600,339.037,255.099,6
240,5,PSCO,EPE,1589695200,281.825,225.643,4
240,5,PSCO,EPE,1591012800,426.055,345.216,7
240,5,PSCO,EPE,1592330400,269.803,235.746,3
240,5,PSCO,EPE,1593648000,359.712,273.776,6
240,5,PSCO,EPE,1594965600,399.942,319.521,6
240,5,PSCO,EPE,1596283200,314.9,256.027,4
240,5,PSCO,EPE,1597600800,417.886,315.813,7
240,5,PSCO,EPE,1598918400,263.446,263.852,2
240,5,PSCO,EPE,1600236000,351.462,266.217,6
240,5,PSCO,EPE,1601553600,386.24,289.53,6
240,5,PSCO,EPE,1602871200,332.351,268.428,4
240,5,PSCO,EPE,1604188800,454.969,356.678,7
240,5,PSCO,EPE,1605506400,371.648,290.786,6
240,5,PSCO,EPE,1606824000,147.36,147.36,0
240,5,PSCO,EPE,1608141600,172.796,172.796,0
240,6,PSCO,EPE,1577836800,201.806,201.806,0
240,6,PSCO,EPE,1579154400,168.095,168.095,0
240,6,PSCO,EPE,1580472000,165.819,165.819,0
240,6,PSCO,EPE,1581789600,208.51,222.278,1
240,6,PSCO,EPE,1583107200,195.56,195.56,0
240,6,PSCO,EPE,1584424800,221.046,221.046,0
240,6,PSCO,EPE,1585742400,197.987,215.929,1
240,6,PSCO,EPE,1587060000,202.614,228.708,1
240,6,PSCO,EPE,1588377600,184.057,184.057,0
240,6,PSCO,EPE,1589695200,174.63,174.63,0
240,6,PSCO,EPE,1591012800,230.404,239.075,1
240,6,PSCO,EPE,1592330400,179.992,179.992,0
240,6,PSCO,EPE,1593648000,180.132,180.132,0
240,6,PSCO,EPE,1594965600,212.921,212.921,0
240,6,PSCO,EPE,1596283200,202.105,202.105,0
240,6,PSCO,EPE,1597600800,189.709,189.709,0
240,6,PSCO,EPE,1598918400,232.798,251.131,1
240,6,PSCO,EPE,1600236000,174.02,174.02,0
240,6,PSCO,EPE,1601553600,195.176,195.176,0
240,6,PSCO,EPE,1602871200,202.804,202.804,0
240,6,PSCO,EPE,1604188800,225.924,225.924,0
240,6,PSCO,EPE,1605506400,203.332,203.332,0
240,6,PSCO,EPE,1606824000,147.36,147.36,0
240,6,PSCO,EPE,1608141600,172.796,172.796,0
240,1,PSCO,PACE,1577836800,201.806,201.806,0
240,1,PSCO,PACE,1579154400,168.095,168.095,0
240,1,PSCO,PACE,1580472000,165.819,165.819,0
240,1,PSCO,PACE,1581789600,208.599,208.599,0
240,1,PSCO,PACE,1583107200,195.56,195.56,0
240,1,PSCO,PACE,1584424800,221.046,221.046,0
240,1,PSCO,PACE,1585742400,196.694,196.694,0
240,1,PSCO,PACE,1587060000,211.329,211.329,0
240,1,PSCO,PACE,1588377600,184.057,184.057,0
240,1,PSCO,PACE,1589695200,174.63,174.63,0
240,1,PSCO,PACE,1591012800,220.905,220.905,0
240,1,PSCO,PACE,1592330400,179.992,179.992,0
240,1,PSCO,PACE,1593648000,180.132,180.132,0
240,1,PSCO,PACE,1594965600,212.921,212.921,0
240,1,PSCO,PACE,1596283200,202.105,202.105,0
240,1,PSCO,PACE,1597600800,189.709,189.709,0
240,1,PSCO,PACE,1598918400,234.795,234.795,0
240,1,PSCO,PACE,1600236000,174.02,174.02,0
240,1,PSCO,PACE,1601553600,195.176,195.176,0
240,1,PSCO,PACE,1602871200,202.804,202.804,0
240,1,PSCO,PACE,1604188800,225.924,225.924,0
240,1,PSCO,PACE,1605506400,203.332,203.332,0
240,1,PSCO,PACE,1606824000,147.36,147.36,0
240,1,PSCO,PACE,1608141600,172.796,172.796,0
240,2,PSCO,PACE,1577836800,462.969,333.288,7
240,2,PSCO,PACE,1579154400,376.102,268.265,6
240,2,PSCO,PACE,1580472000,341.046,251.319,6
240,2,PSCO,PACE,1581789600,571.525,399.584,10
240,2,PSCO,PACE,1583107200,637.802,408.981,14
240,2,PSCO,PACE,1584424800,297.281,256.375,2
240,2,PSCO,PACE,1585742400,392.894,291.128,6
240,2,PSCO,PACE,1587060000,453.712,337.626,7
240,2,PSCO,PACE,1588377600,282.514,234.947,4
240,2,PSCO,PACE,1589695200,227.648,197.588,2
240,2,PSCO,PACE,1591012800,356.118,291.263,4
240,2,PSCO,PACE,1592330400,532.216,369.768,10
240,2,PSCO,PACE,1593648000,481.998,330.846,9
240,2,PSCO,PACE,1594965600,510.223,370.219,9
240,2,PSCO,PACE,1596283200,328.449,256.027,4
240,2,PSCO,PACE,1597600800,189.709,189.709,0
240,2,PSCO,PACE,1598918400,506.539,354.286,8
240,2,PSCO,PACE,1600236000,174.02,174.02,0
240,2,PSCO,PACE,1601553600,340.218,258.178,4
240,2,PSCO,PACE,1602871200,323.608,268.428,4
240,2,PSCO,PACE,1604188800,297.218,258.546,2
240,2,PSCO,PACE,1605506400,395.261,290.786,6
240,2,PSCO,PACE,1606824000,147.36,147.36,0
240,2,PSCO,PACE,1608141600,172.796,172.796,0
240,3,PSCO,PACE,1577836800,272.957,239.929,2
240,3,PSCO,PACE,1579154400,168.095,168.095,0
240,3,PSCO,PACE,1580472000,165.819,165.819,0
240,3,PSCO,PACE,1581789600,264.76,239.995,2
240,3,PSCO,PACE,1583107200,327.345,260.726,4
240,3,PSCO,PACE,1584424800,221.046,221.046,0
240,3,PSCO,PACE,1585742400,196.694,196.694,0
240,3,PSCO,PACE,1587060000,243.851,228.708,1
240,3,PSCO,PACE,1588377600,232.458,211.376,2
240,3,PSCO,PACE,1589695200,174.63,174.63,0
240,3,PSCO,PACE,1591012800,220.905,220.905,0
240,3,PSCO,PACE,1592330400,179.992,179.992,0
240,3,PSCO,PACE,1593648000,238.431,209.594,2
240,3,PSCO,PACE,1594965600,300.976,270.371,3
240,3,PSCO,PACE,1596283200,202.105,202.105,0
240,3,PSCO,PACE,1597600800,189.709,189.709,0
240,3,PSCO,PACE,1598918400,295.898,263.852,2
240,3,PSCO,PACE,1600236000,174.02,174.02,0
240,3,PSCO,PACE,1601553600,195.176,195.176,0
240,3,PSCO,PACE,1602871200,231.319,222.549,1
240,3,PSCO,PACE,1604188800,225.924,225.924,0
240,3,PSCO,PACE,1605506400,203.332,203.332,0
240,3,PSCO,PACE,1606824000,147.36,147.36,0
240,3,PSCO,PACE,1608141600,172.796,172.796,0
240,4,PSCO,PACE,1577836800,201.806,201.806,0
240,4,PSCO,PACE,1579154400,168.095,168.095,0
240,4,PSCO,PACE,1580472000,165.819,165.819,0
240,4,PSCO,PACE,1581789600,208.599,208.599,0
240,4,PSCO,PACE,1583107200,195.56,195.56,0
240,4,PSCO,PACE,1584424800,221.046,221.046,0
240,4,PSCO,PACE,1585742400,196.694,196.694,0
240,4,PSCO,PACE,1587060000,211.329,211.329,0
240,4,PSCO,PACE,1588377600,184.057,184.057,0
240,4,PSCO,PACE,1589695200,174.63,174.63,0
240,4,PSCO,PACE,1591012800,220.905,220.905,0
240,4,PSCO,PACE,1592330400,179.992,179.992,0
240,4,PSCO,PACE,1593648000,180.132,180.132,0
240,4,PSCO,PACE,1594965600,212.921,212.921,0
240,4,PSCO,PACE,1596283200,202.105,202.105,0
240,4,PSCO,PACE,1597600800,189.709,189.709,0
240,4,PSCO,PACE,1598918400,234.795,234.795,0
240,4,PSCO,PACE,1600236000,174.02,174.02,0
240,4,PSCO,PACE,1601553600,195.176,195.176,0
240,4,PSCO,PACE,1602871200,202.804,202.804,0
240,4,PSCO,PACE,1604188800,225.924,225.924,0
240,4,PSCO,PACE,1605506400,203.332,203.332,0
240,4,PSCO,PACE,1606824000,147.36,147.36,0
240,4,PSCO,PACE,1608141600,172.796,172.796,0
240,5,PSCO,PACE,1577836800,453.796,333.288,7
240,5,PSCO,PACE,1579154400,410.725,289.388,7
240,5,PSCO,PACE,1580472000,332.74,251.319,6
240,5,PSCO,PACE,1581789600,561.9,399.584,10
240,5,PSCO,PACE,1583107200,622.601,408.981,14
240,5,PSCO,PACE,1584424800,297.653,256.375,2
240,5,PSCO,PACE,1585742400,383.795,291.128,6
240,5,PSCO,PACE,1587060000,449.029,337.626,7
240,5,PSCO,PACE,1588377600,279.065,234.947,4
240,5,PSCO,PACE,1589695200,225.054,197.588,2
240,5,PSCO,PACE,1591012800,352.811,291.263,4
240,5,PSCO,PACE,1592330400,522.297,369.768,10
240,5,PSCO,PACE,1593648000,359.143,273.776,6
240,5,PSCO,PACE,1594965600,497.983,370.219,9
240,5,PSCO,PACE,1596283200,327.614,256.027,4
240,5,PSCO,PACE,1597600800,189.709,189.709,0
240,5,PSCO,PACE,1598918400,501.314,354.286,8
240,5,PSCO,PACE,1600236000,174.02,174.02,0
240,5,PSCO,PACE,1601553600,334.552,258.178,4
240,5,PSCO,PACE,1602871200,315.07,268.428,4
240,5,PSCO,PACE,1604188800,294.279,258.546,2
240,5,PSCO,PACE,1605506400,391.075,290.786,6
240,5,PSCO,PACE,1606824000,147.36,147.36,0
240,5,PSCO,PACE,1608141600,172.796,172.796,0
240,6,PSCO,PACE,1577836800,201.806,201.806,0
240,6,PSCO,PACE,1579154400,168.095,168.095,0
240,6,PSCO,PACE,1580472000,165.819,165.819,0
240,6,PSCO,PACE,1581789600,208.599,208.599,0
240,6,PSCO,PACE,1583107200,195.56,195.56,0
240,6,PSCO,PACE,1584424800,221.046,221.046,0
240,6,PSCO,PACE,1585742400,196.694,196.694,0
240,6,PSCO,PACE,1587060000,211.329,211.329,0
240,6,PSCO,PACE,1588377600,184.057,184.057,0
240,6,PSCO,PACE,1589695200,174.63,174.63,0
240,6,PSCO,PACE,1591012800,220.905,220.905,0
240,6,PSCO,PACE,1592330400,179.992,179.992,0
240,6,PSCO,PACE,1593648000,180.132,180.132,0
240,6,PSCO,PACE,1594965600,212.921,212.921,0
240,6,PSCO,PACE,1596283200,202.105,202.105,0
240,6,PSCO,PACE,1597600800,189.709,189.709,0
240,6,PSCO,PACE,1598918400,234.795,234.795,0
240,6,PSCO,PACE,1600236000,174.02,174.02,0
240,6,PSCO,PACE,1601553600,195.176,195.176,0
240,6,PSCO,PACE,1602871200,202.804,202.804,0
240,6,PSCO,PACE,1604188800,225.924,225.924,0
240,6,PSCO,PACE,1605506400,203.332,203.332,0
240,6,PSCO,PACE,1606824000,147.36,147.36,0
240,6,PSCO,PACE,1608141600,172.796,172.796,0
240,1,TEPC,AECI,1577836800,261.782,261.782,0
240,1,TEPC,AECI,1579154400,260.044,260.044,0
240,1,TEPC,AECI,1580472000,227.287,227.287,0
240,1,TEPC,AECI,1581789600,230.952,230.952,0
240,1,TEPC,AECI,1583107200,213.887,213.887,0
240,1,TEPC,AECI,1584424800,209.261,209.261,0
240,1,TEPC,AECI,1585742400,163.89,163.89,0
240,1,TEPC,AECI,1587060000,178.693,178.693,0
240,1,TEPC,AECI,1588377600,179.254,179.254,0
240,1,TEPC,AECI,1589695200,215.518,215.518,0
240,1,TEPC,AECI,1591012800,222.496,222.496,0
240,1,TEPC,AECI,1592330400,189.451,189.451,0
240,1,TEPC,AECI,1593648000,215.878,215.878,0
240,1,TEPC,AECI,1594965600,207.863,207.863,0
240,1,TEPC,AECI,1596283200,219.66,219.66,0
240,1,TEPC,AECI,1597600800,232.192,232.192,0
240,1,TEPC,AECI,1598918400,219.508,219.508,0
240,1,TEPC,AECI,1600236000,245.174,245.174,0
240,1,TEPC,AECI,1601553600,235.921,235.921,0
240,1,TEPC,AECI,1602871200,262.53,262.53,0
240,1,TEPC,AECI,1604188800,265.706,265.706,0
240,1,TEPC,AECI,1605506400,225.001,225.001,0
240,1,TEPC,AECI,1606824000,193.11,193.11,0
240,1,TEPC,AECI,1608141600,251.11,251.11,0
240,2,TEPC,AECI,1577836800,211.629,284.375,1
240,2,TEPC,AECI,1579154400,225.687,283.511,1
240,2,TEPC,AECI,1580472000,376.049,371.708,7
240,2,TEPC,AECI,1581789600,336.479,323.087,5
240,2,TEPC,AECI,1583107200,322.524,311.554,5
240,2,TEPC,AECI,1584424800,261.107,264.704,3
240,2,TEPC,AECI,1585742400,331.92,270.29,8
240,2,TEPC,AECI,1587060000,261.168,256.935,5
240,2,TEPC,AECI,1588377600,333.933,281.578,7
240,2,TEPC,AECI,1589695200,188.649,236.476,1
240,2,TEPC,AECI,1591012800,185.456,240.72,1
240,2,TEPC,AECI,1592330400,243.129,233.386,3
240,2,TEPC,AECI,1593648000,275.835,272.401,3
240,2,TEPC,AECI,1594965600,271.881,265.65,3
240,2,TEPC,AECI,1596283200,216.753,237.528,1
240,2,TEPC,AECI,1597600800,235.138,249.854,1
240,2,TEPC,AECI,1598918400,210.909,236.985,1
240,2,TEPC,AECI,1600236000,393.01,347.47,5
240,2,TEPC,AECI,1601553600,219.41,253.789,1
240,2,TEPC,AECI,1602871200,216.424,282.332,1
240,2,TEPC,AECI,1604188800,406.285,374.489,5
240,2,TEPC,AECI,1605506400,362.595,321.563,5
240,2,TEPC,AECI,1606824000,449.463,325.82,8
240,2,TEPC,AECI,1608141600,229.514,271.572,1
240,3,TEPC,AECI,1577836800,211.629,284.375,1
240,3,TEPC,AECI,1579154400,225.687,283.511,1
240,3,TEPC,AECI,1580472000,212.198,250.141,1
240,3,TEPC,AECI,1581789600,292.627,261.308,2
240,3,TEPC,AECI,1583107200,213.887,213.887,0
240,3,TEPC,AECI,1584424800,206.75,228.073,1
240,3,TEPC,AECI,1585742400,198.412,188.362,2
240,3,TEPC,AECI,1587060000,216.463,203.674,2
240,3,TEPC,AECI,1588377600,179.254,179.254,0
240,3,TEPC,AECI,1589695200,188.649,236.476,1
240,3,TEPC,AECI,1591012800,216.157,257.321,2
240,3,TEPC,AECI,1592330400,242.346,217.263,2
240,3,TEPC,AECI,1593648000,215.878,215.878,0
240,3,TEPC,AECI,1594965600,313.34,281.783,4
240,3,TEPC,AECI,1596283200,332.635,286.093,4
240,3,TEPC,AECI,1597600800,232.192,232.192,0
240,3,TEPC,AECI,1598918400,272.369,274.684,3
240,3,TEPC,AECI,1600236000,277.174,267.115,1
240,3,TEPC,AECI,1601553600,250.347,270.12,2
240,3,TEPC,AECI,1602871200,292.883,325.798,3
240,3,TEPC,AECI,1604188800,352.528,330.441,3
240,3,TEPC,AECI,1605506400,245.771,244.792,1
240,3,TEPC,AECI,1606824000,193.11,193.11,0
240,3,TEPC,AECI,1608141600,229.514,271.572,1
240,4,TEPC,AECI,1577836800,261.782,261.782,0
240,4,TEPC,AECI,1579154400,260.044,260.044,0
240,4,TEPC,AECI,1580472000,227.287,227.287,0
240,4,TEPC,AECI,1581789600,230.952,230.952,0
240,4,TEPC,AECI,1583107200,213.887,213.887,0
240,4,TEPC,AECI,1584424800,209.261,209.261,0
240,4,TEPC,AECI,1585742400,163.89,163.89,0
240,4,TEPC,AECI,1587060000,178.693,178.693,0
240,4,TEPC,AECI,1588377600,179.254,179.254,0
240,4,TEPC,AECI,1589695200,215.518,215.518,0
240,4,TEPC,AECI,1591012800,222.496,222.496,0
240,4,TEPC,AECI,1592330400,189.451,189.451,0
240,4,TEPC,AECI,1593648000,215.878,215.878,0
240,4,TEPC,AECI,1594965600,207.863,207.863,0
240,4,TEPC,AECI,1596283200,219.66,219.66,0
240,4,TEPC,AECI,1597600800,232.192,232.192,0
240,4,TEPC,AECI,1598918400,219.508,219.508,0
240,4,TEPC,AECI,1600236000,245.174,245.174,0
240,4,TEPC,AECI,1601553600,235.921,235.921,0
240,4,TEPC,AECI,1602871200,262.53,262.53,0
240,4,TEPC,AECI,1604188800,265.706,265.706,0
240,4,TEPC,AECI,1605506400,225.001,225.001,0
240,4,TEPC,AECI,1606824000,193.11,193.11,0
240,4,TEPC,AECI,1608141600,251.11,251.11,0
240,5,TEPC,AECI,1577836800,211.629,284.375,1
240,5,TEPC,AECI,1579154400,225.687,283.511,1
240,5,TEPC,AECI,1580472000,370.227,371.708,7
240,5,TEPC,AECI,1581789600,330.633,323.087,5
240,5,TEPC,AECI,1583107200,316.829,311.554,5
240,5,TEPC,AECI,1584424800,259.151,264.704,3
240,5,TEPC,AECI,1585742400,328.136,270.29,8
240,5,TEPC,AECI,1587060000,281.087,268.159,6
240,5,TEPC,AECI,1588377600,329.404,281.578,7
240,5,TEPC,AECI,1589695200,188.649,236.476,1
240,5,TEPC,AECI,1591012800,185.456,240.72,1
240,5,TEPC,AECI,1592330400,241.001,233.386,3
240,5,TEPC,AECI,1593648000,276.446,272.401,3
240,5,TEPC,AECI,1594965600,271.931,265.65,3
240,5,TEPC,AECI,1596283200,216.753,237.528,1
240,5,TEPC,AECI,1597600800,235.138,249.854,1
240,5,TEPC,AECI,1598918400,210.909,236.985,1
240,5,TEPC,AECI,1600236000,390.989,347.47,5
240,5,TEPC,AECI,1601553600,284.005,287.112,3
240,5,TEPC,AECI,1602871200,216.424,282.332,1
240,5,TEPC,AECI,1604188800,402.743,374.489,5
240,5,TEPC,AECI,1605506400,359.344,321.563,5
240,5,TEPC,AECI,1606824000,446.219,325.82,8
240,5,TEPC,AECI,1608141600,229.514,271.572,1
240,6,TEPC,AECI,1577836800,211.629,284.375,1
240,6,TEPC,AECI,1579154400,225.687,283.511,1
240,6,TEPC,AECI,1580472000,212.198,250.141,1
240,6,TEPC,AECI,1581789600,221.958,245.453,1
240,6,TEPC,AECI,1583107200,211.707,232.963,1
240,6,TEPC,AECI,1584424800,204.637,228.073,1
240,6,TEPC,AECI,1585742400,161.082,178.204,1
240,6,TEPC,AECI,1587060000,165.543,189.891,1
240,6,TEPC,AECI,1588377600,182.758,194.538,1
240,6,TEPC,AECI,1589695200,188.649,236.476,1
240,6,TEPC,AECI,1591012800,185.456,240.72,1
240,6,TEPC,AECI,1592330400,187.058,203.165,1
240,6,TEPC,AECI,1593648000,215.904,234.054,1
240,6,TEPC,AECI,1594965600,208.01,227.754,1
240,6,TEPC,AECI,1596283200,216.753,237.528,1
240,6,TEPC,AECI,1597600800,235.138,249.854,1
240,6,TEPC,AECI,1598918400,210.909,236.985,1
240,6,TEPC,AECI,1600236000,241.202,267.115,1
240,6,TEPC,AECI,1601553600,219.41,253.789,1
240,6,TEPC,AECI,1602871200,216.424,282.332,1
240,6,TEPC,AECI,1604188800,259.199,285.068,1
240,6,TEPC,AECI,1605506400,237.678,244.792,1
240,6,TEPC,AECI,1606824000,193.11,193.11,0
240,6,TEPC,AECI,1608141600,229.514,271.572,1
360,1,AECI,EPE,1577836800,171.652,171.652,0
360,1,AECI,EPE,1579154400,184.829,184.829,0
360,1,AECI,EPE,1580472000,179.08,179.08,0
360,1,AECI,EPE,1581789600,190.047,190.047,0
360,1,AECI,EPE,1583107200,177.533,177.533,0
360,1,AECI,EPE,1584424800,173.609,173.609,0
360,1,AECI,EPE,1585742400,130.078,130.078,0
360,1,AECI,EPE,1587060000,146.519,146.519,0
360,1,AECI,EPE,1588377600,154.192,154.192,0
360,1,AECI,EPE,1589695200,158.058,158.058,0
360,1,AECI,EPE,1591012800,151.782,151.782,0
360,1,AECI,EPE,1592330400,159.195,159.195,0
360,1,AECI,EPE,1593648000,183.868,183.868,0
360,1,AECI,EPE,1594965600,175.21,175.21,0
360,1,AECI,EPE,1596283200,180.832,180.832,0
360,1,AECI,EPE,1597600800,201.072,201.072,0
360,1,AECI,EPE,1598918400,180.384,180.384,0
360,1,AECI,EPE,1600236000,202.899,202.899,0
360,1,AECI,EPE,1601553600,182.573,182.573,0
360,1,AECI,EPE,1602871200,178.75,178.75,0
360,1,AECI,EPE,1604188800,219.569,219.569,0
360,1,AECI,EPE,1605506400,205.232,205.232,0
360,1,AECI,EPE,1606824000,196.187,196.187,0
360,1,AECI,EPE,1608141600,194.483,194.483,0
360,2,AECI,EPE,1577836800,270.131,216.597,2
360,2,AECI,EPE,1579154400,373.604,274.12,4
360,2,AECI,EPE,1580472000,509.298,337.731,8
360,2,AECI,EPE,1581789600,633.852,415.256,10
360,2,AECI,EPE,1583107200,356.642,260.885,4
360,2,AECI,EPE,1584424800,340.111,252.106,4
360,2,AECI,EPE,1585742400,130.078,130.078,0
360,2,AECI,EPE,1587060000,295.17,214.702,4
360,2,AECI,EPE,1588377600,390.483,263.264,6
360,2,AECI,EPE,1589695200,241.266,197.916,2
360,2,AECI,EPE,1591012800,151.782,151.782,0
360,2,AECI,EPE,1592330400,246.852,198.837,2
360,2,AECI,EPE,1593648000,462.557,317.822,6
360,2,AECI,EPE,1594965600,175.21,175.21,0
360,2,AECI,EPE,1596283200,273.822,224.61,2
360,2,AECI,EPE,1597600800,698.165,443.11,10
360,2,AECI,EPE,1598918400,367.364,268.552,4
360,2,AECI,EPE,1600236000,545.701,381.903,7
360,2,AECI,EPE,1601553600,280.386,229.155,2
360,2,AECI,EPE,1602871200,504.953,331.319,6
360,2,AECI,EPE,1604188800,705.63,454.986,10
360,2,AECI,EPE,1605506400,731.836,461.387,11
360,2,AECI,EPE,1606824000,651.045,434.251,9
360,2,AECI,EPE,1608141600,443.276,320.491,5
360,3,AECI,EPE,1577836800,253.964,194.607,1
360,3,AECI,EPE,1579154400,346.468,251.374,3
360,3,AECI,EPE,1580472000,336.572,257.585,4
360,3,AECI,EPE,1581789600,222.547,214.235,1
360,3,AECI,EPE,1583107200,337.217,239.198,3
360,3,AECI,EPE,1584424800,332.678,234.362,3
360,3,AECI,EPE,1585742400,178.483,151.249,1
360,3,AECI,EPE,1587060000,238.054,178.35,2
360,3,AECI,EPE,1588377600,263.969,189.81,2
360,3,AECI,EPE,1589695200,311.183,217.037,3
360,3,AECI,EPE,1591012800,151.782,151.782,0
360,3,AECI,EPE,1592330400,242.874,198.837,2
360,3,AECI,EPE,1593648000,291.889,225.84,2
360,3,AECI,EPE,1594965600,354.704,243.367,3
360,3,AECI,EPE,1596283200,251.055,203.178,1
360,3,AECI,EPE,1597600800,262.184,224.754,1
360,3,AECI,EPE,1598918400,344.844,246.011,3
360,3,AECI,EPE,1600236000,347.768,281.408,3
360,3,AECI,EPE,1601553600,583.435,363.772,8
360,3,AECI,EPE,1602871200,228.721,203.064,1
360,3,AECI,EPE,1604188800,322.424,266.582,2
360,3,AECI,EPE,1605506400,332.361,266.904,3
360,3,AECI,EPE,1606824000,247.12,221.637,1
360,3,AECI,EPE,1608141600,267.224,216.395,1
360,4,AECI,EPE,1577836800,171.652,171.652,0
360,4,AECI,EPE,1579154400,184.829,184.829,0
360,4,AECI,EPE,1580472000,179.08,179.08,0
360,4,AECI,EPE,1581789600,190.047,190.047,0
360,4,AECI,EPE,1583107200,177.533,177.533,0
360,4,AECI,EPE,1584424800,173.609,173.609,0
360,4,AECI,EPE,1585742400,130.078,130.078,0
360,4,AECI,EPE,1587060000,146.519,146.519,0
360,4,AECI,EPE,1588377600,154.192,154.192,0
360,4,AECI,EPE,1589695200,158.058,158.058,0
360,4,AECI,EPE,1591012800,151.782,151.782,0
360,4,AECI,EPE,1592330400,159.195,159.195,0
360,4,AECI,EPE,1593648000,183.868,183.868,0
360,4,AECI,EPE,1594965600,175.21,175.21,0
360,4,AECI,EPE,1596283200,180.832,180.832,0
360,4,AECI,EPE,1597600800,201.072,201.072,0
360,4,AECI,EPE,1598918400,180.384,180.384,0
360,4,AECI,EPE,1600236000,202.899,202.899,0
360,4,AECI,EPE,1601553600,182.573,182.573,0
360,4,AECI,EPE,1602871200,178.75,178.75,0
360,4,AECI,EPE,1604188800,219.569,219.569,0
360,4,AECI,EPE,1605506400,205.232,205.232,0
360,4,AECI,EPE,1606824000,196.187,196.187,0
360,4,AECI,EPE,1608141600,194.483,194.483,0
360,5,AECI,EPE,1577836800,268.947,216.597,2
360,5,AECI,EPE,1579154400,370.178,274.12,4
360,5,AECI,EPE,1580472000,502.631,337.731,8
360,5,AECI,EPE,1581789600,624.204,415.256,10
360,5,AECI,EPE,1583107200,351.414,260.885,4
360,5,AECI,EPE,1584424800,339.343,252.106,4
360,5,AECI,EPE,1585742400,130.078,130.078,0
360,5,AECI,EPE,1587060000,216.986,178.35,2
360,5,AECI,EPE,1588377600,382.092,263.264,6
360,5,AECI,EPE,1589695200,239.811,197.916,2
360,5,AECI,EPE,1591012800,151.782,151.782,0
360,5,AECI,EPE,1592330400,246.852,198.837,2
360,5,AECI,EPE,1593648000,457.75,317.822,6
360,5,AECI,EPE,1594965600,175.21,175.21,0
360,5,AECI,EPE,1596283200,272.614,224.61,2
360,5,AECI,EPE,1597600800,691.872,443.11,10
360,5,AECI,EPE,1598918400,364.353,268.552,4
360,5,AECI,EPE,1600236000,537.929,381.903,7
360,5,AECI,EPE,1601553600,279.409,229.155,2
360,5,AECI,EPE,1602871200,498.719,331.319,6
360,5,AECI,EPE,1604188800,491.202,357.698,6
360,5,AECI,EPE,1605506400,774.734,488.411,12
360,5,AECI,EPE,1606824000,638.828,434.251,9
360,5,AECI,EPE,1608141600,439.713,320.491,5
360,6,AECI,EPE,1577836800,171.652,171.652,0
360,6,AECI,EPE,1579154400,184.829,184.829,0
360,6,AECI,EPE,1580472000,179.08,179.08,0
360,6,AECI,EPE,1581789600,190.047,190.047,0
360,6,AECI,EPE,1583107200,177.533,177.533,0
360,6,AECI,EPE,1584424800,173.609,173.609,0
360,6,AECI,EPE,1585742400,130.078,130.078,0
360,6,AECI,EPE,1587060000,146.519,146.519,0
360,6,AECI,EPE,1588377600,154.192,154.192,0
360,6,AECI,EPE,1589695200,158.058,158.058,0
360,6,AECI,EPE,1591012800,151.782,151.782,0
360,6,AECI,EPE,1592330400,159.195,159.195,0
360,6,AECI,EPE,1593648000,183.868,183.868,0
360,6,AECI,EPE,1594965600,175.21,175.21,0
360,6,AECI,EPE,1596283200,180.832,180.832,0
360,6,AECI,EPE,1597600800,201.072,201.072,0
360,6,AECI,EPE,1598918400,180.384,180.384,0
360,6,AECI,EPE,1600236000,202.899,202.899,0
360,6,AECI,EPE,1601553600,182.573,182.573,0
360,6,AECI,EPE,1602871200,178.75,178.75,0
360,6,AECI,EPE,1604188800,219.569,219.569,0
360,6,AECI,EPE,1605506400,205.232,205.232,0
360,6,AECI,EPE,1606824000,196.187,196.187,0
360,6,AECI,EPE,1608141600,194.483,194.483,0
360,1,AECI,PACE,1577836800,171.652,171.652,0
360,1,AECI,PACE,1579154400,184.829,184.829,0
360,1,AECI,PACE,1580472000,179.08,179.08,0
360,1,AECI,PACE,1581789600,190.047,190.047,0
360,1,AECI,PACE,1583107200,177.533,177.533,0
360,1,AECI,PACE,1584424800,173.609,173.609,0
360,1,AECI,PACE,1585742400,130.078,130.078,0
360,1,AECI,PACE,1587060000,146.519,146.519,0
360,1,AECI,PACE,1588377600,154.192,154.192,0
360,1,AECI,PACE,1589695200,158.058,158.058,0
360,1,AECI,PACE,1591012800,151.782,151.782,0
360,1,AECI,PACE,1592330400,159.195,159.195,0
360,1,AECI,PACE,1593648000,183.868,183.868,0
360,1,AECI,PACE,1594965600,175.21,175.21,0
360,1,AECI,PACE,1596283200,180.832,180.832,0
360,1,AECI,PACE,1597600800,201.072,201.072,0
360,1,AECI,PACE,1598918400,180.384,180.384,0
360,1,AECI,PACE,1600236000,202.899,202.899,0
360,1,AECI,PACE,1601553600,182.573,182.573,0
360,1,AECI,PACE,1602871200,178.75,178.75,0
360,1,AECI,PACE,1604188800,219.569,219.569,0
360,1,AECI,PACE,1605506400,205.232,205.232,0
360,1,AECI,PACE,1606824000,196.187,196.187,0
360,1,AECI,PACE,1608141600,194.483,194.483,0
360,2,AECI,PACE,1577836800,273.567,216.597,2
360,2,AECI,PACE,1579154400,283.194,228.613,2
360,2,AECI,PACE,1580472000,435.059,297.648,6
360,2,AECI,PACE,1581789600,460.007,321.626,6
360,2,AECI,PACE,1583107200,432.056,298.812,6
360,2,AECI,PACE,1584424800,173.609,173.609,0
360,2,AECI,PACE,1585742400,130.078,130.078,0
360,2,AECI,PACE,1587060000,231.448,178.35,2
360,2,AECI,PACE,1588377600,311.438,227.765,4
360,2,AECI,PACE,1589695200,258.856,197.916,2
360,2,AECI,PACE,1591012800,151.782,151.782,0
360,2,AECI,PACE,1592330400,323.091,239.198,4
360,2,AECI,PACE,1593648000,671.239,410.405,10
360,2,AECI,PACE,1594965600,458.348,311.69,6
360,2,AECI,PACE,1596283200,282.171,224.61,2
360,2,AECI,PACE,1597600800,201.072,201.072,0
360,2,AECI,PACE,1598918400,180.384,180.384,0
360,2,AECI,PACE,1600236000,202.899,202.899,0
360,2,AECI,PACE,1601553600,295.195,229.155,2
360,2,AECI,PACE,1602871200,579.63,385.946,8
360,2,AECI,PACE,1604188800,324.08,266.582,2
360,2,AECI,PACE,1605506400,395.282,287.735,4
360,2,AECI,PACE,1606824000,649.091,407.526,8
360,2,AECI,PACE,1608141600,448.136,320.491,5
360,3,AECI,PACE,1577836800,273.503,216.597,2
360,3,AECI,PACE,1579154400,595.354,365.663,8
360,3,AECI,PACE,1580472000,354.648,257.585,4
360,3,AECI,PACE,1581789600,246.069,214.235,1
360,3,AECI,PACE,1583107200,340.856,239.198,3
360,3,AECI,PACE,1584424800,173.609,173.609,0
360,3,AECI,PACE,1585742400,130.078,130.078,0
360,3,AECI,PACE,1587060000,146.519,146.519,0
360,3,AECI,PACE,1588377600,254.76,189.81,2
360,3,AECI,PACE,1589695200,288.886,217.037,3
360,3,AECI,PACE,1591012800,151.782,151.782,0
360,3,AECI,PACE,1592330400,159.195,159.195,0
360,3,AECI,PACE,1593648000,480.172,317.822,6
360,3,AECI,PACE,1594965600,317.466,243.367,3
360,3,AECI,PACE,1596283200,180.832,180.832,0
360,3,AECI,PACE,1597600800,385.038,281.54,3
360,3,AECI,PACE,1598918400,275.654,223.407,2
360,3,AECI,PACE,1600236000,378.513,281.408,3
360,3,AECI,PACE,1601553600,182.573,182.573,0
360,3,AECI,PACE,1602871200,257.246,203.064,1
360,3,AECI,PACE,1604188800,341.79,266.582,2
360,3,AECI,PACE,1605506400,407.784,287.735,4
360,3,AECI,PACE,1606824000,499.373,324.71,5
360,3,AECI,PACE,1608141600,357.633,265.824,3
360,4,AECI,PACE,1577836800,171.652,171.652,0
360,4,AECI,PACE,1579154400,184.829,184.829,0
360,4,AECI,PACE,1580472000,179.08,179.08,0
360,4,AECI,PACE,1581789600,190.047,190.047,0
360,4,AECI,PACE,1583107200,177.533,177.533,0
360,4,AECI,PACE,1584424800,173.609,173.609,0
360,4,AECI,PACE,1585742400,130.078,130.078,0
360,4,AECI,PACE,1587060000,146.519,146.519,0
360,4,AECI,PACE,1588377600,154.192,154.192,0
360,4,AECI,PACE,1589695200,158.058,158.058,0
360,4,AECI,PACE,1591012800,151.782,151.782,0
360,4,AECI,PACE,1592330400,159.195,159.195,0
360,4,AECI,PACE,1593648000,183.868,183.868,0
360,4,AECI,PACE,1594965600,175.21,175.21,0
360,4,AECI,PACE,1596283200,180.832,180.832,0
360,4,AECI,PACE,1597600800,201.072,201.072,0
360,4,AECI,PACE,1598918400,180.384,180.384,0
360,4,AECI,PACE,1600236000,202.899,202.899,0
360,4,AECI,PACE,1601553600,182.573,182.573,0
360,4,AECI,PACE,1602871200,178.75,178.75,0
360,4,AECI,PACE,1604188800,219.569,219.569,0
360,4,AECI,PACE,1605506400,205.232,205.232,0
360,4,AECI,PACE,1606824000,196.187,196.187,0
360,4,AECI,PACE,1608141600,194.483,194.483,0
360,5,AECI,PACE,1577836800,271.787,216.597,2
360,5,AECI,PACE,1579154400,281.323,228.613,2
360,5,AECI,PACE,1580472000,425.002,297.648,6
360,5,AECI,PACE,1581789600,449.926,321.626,6
360,5,AECI,PACE,1583107200,421.397,298.812,6
360,5,AECI,PACE,1584424800,173.609,173.609,0
360,5,AECI,PACE,1585742400,130.078,130.078,0
360,5,AECI,PACE,1587060000,228.991,178.35,2
360,5,AECI,PACE,1588377600,300.887,227.765,4
360,5,AECI,PACE,1589695200,256.068,197.916,2
360,5,AECI,PACE,1591012800,151.782,151.782,0
360,5,AECI,PACE,1592330400,319.465,239.198,4
360,5,AECI,PACE,1593648000,665.393,410.405,10
360,5,AECI,PACE,1594965600,454.426,311.69,6
360,5,AECI,PACE,1596283200,280.305,224.61,2
360,5,AECI,PACE,1597600800,201.072,201.072,0
360,5,AECI,PACE,1598918400,180.384,180.384,0
360,5,AECI,PACE,1600236000,202.899,202.899,0
360,5,AECI,PACE,1601553600,290.709,229.155,2
360,5,AECI,PACE,1602871200,566.197,385.946,8
360,5,AECI,PACE,1604188800,321.944,266.582,2
360,5,AECI,PACE,1605506400,391.098,287.735,4
360,5,AECI,PACE,1606824000,637.121,407.526,8
360,5,AECI,PACE,1608141600,446.375,320.491,5
360,6,AECI,PACE,1577836800,171.652,171.652,0
360,6,AECI,PACE,1579154400,184.829,184.829,0
360,6,AECI,PACE,1580472000,179.08,179.08,0
360,6,AECI,PACE,1581789600,190.047,190.047,0
360,6,AECI,PACE,1583107200,177.533,177.533,0
360,6,AECI,PACE,1584424800,173.609,173.609,0
360,6,AECI,PACE,1585742400,130.078,130.078,0
360,6,AECI,PACE,1587060000,146.519,146.519,0
360,6,AECI,PACE,1588377600,154.192,154.192,0
360,6,AECI,PACE,1589695200,158.058,158.058,0
360,6,AECI,PACE,1591012800,151.782,151.782,0
360,6,AECI,PACE,1592330400,159.195,159.195,0
360,6,AECI,PACE,1593648000,183.868,183.868,0
360,6,AECI,PACE,1594965600,175.21,175.21,0
360,6,AECI,PACE,1596283200,180.832,180.832,0
360,6,AECI,PACE,1597600800,201.072,201.072,0
360,6,AECI,PACE,1598918400,180.384,180.384,0
360,6,AECI,PACE,1600236000,202.899,202.899,0
360,6,AECI,PACE,1601553600,182.573,182.573,0
360,6,AECI,PACE,1602871200,178.75,178.75,0
360,6,AECI,PACE,1604188800,219.569,219.569,0
360,6,AECI,PACE,1605506400,205.232,205.232,0
360,6,AECI,PACE,1606824000,196.187,196.187,0
360,6,AECI,PACE,1608141600,194.483,194.483,0
360,1,AECI,TEPC,1577836800,171.652,171.652,0
360,1,AECI,TEPC,1579154400,184.829,184.829,0
360,1,AECI,TEPC,1580472000,179.08,179.08,0
360,1,AECI,TEPC,1581789600,190.047,190.047,0
360,1,AECI,TEPC,1583107200,177.533,177.533,0
360,1,AECI,TEPC,1584424800,173.609,173.609,0
360,1,AECI,TEPC,1585742400,130.078,130.078,0
360,1,AECI,TEPC,1587060000,146.519,146.519,0
360,1,AECI,TEPC,1588377600,154.192,154.192,0
360,1,AECI,TEPC,1589695200,158.058,158.058,0
360,1,AECI,TEPC,1591012800,151.782,151.782,0
360,1,AECI,TEPC,1592330400,159.195,159.195,0
360,1,AECI,TEPC,1593648000,183.868,183.868,0
360,1,AECI,TEPC,1594965600,175.21,175.21,0
360,1,AECI,TEPC,1596283200,180.832,180.832,0
360,1,AECI,TEPC,1597600800,201.072,201.072,0
360,1,AECI,TEPC,1598918400,180.384,180.384,0
360,1,AECI,TEPC,1600236000,202.899,202.899,0
360,1,AECI,TEPC,1601553600,182.573,182.573,0
360,1,AECI,TEPC,1602871200,178.75,178.75,0
360,1,AECI,TEPC,1604188800,219.569,219.569,0
360,1,AECI,TEPC,1605506400,205.232,205.232,0
360,1,AECI,TEPC,1606824000,196.187,196.187,0
360,1,AECI,TEPC,1608141600,194.483,194.483,0
360,2,AECI,TEPC,1577836800,171.652,171.652,0
360,2,AECI,TEPC,1579154400,184.829,184.829,0
360,2,AECI,TEPC,1580472000,459.872,297.648,6
360,2,AECI,TEPC,1581789600,581.33,368.257,8
360,2,AECI,TEPC,1583107200,352.678,260.885,4
360,2,AECI,TEPC,1584424800,257.421,213.276,2
360,2,AECI,TEPC,1585742400,438.271,298.619,8
360,2,AECI,TEPC,1587060000,528.94,333.742,10
360,2,AECI,TEPC,1588377600,383.698,263.264,6
360,2,AECI,TEPC,1589695200,158.058,158.058,0
360,2,AECI,TEPC,1591012800,151.782,151.782,0
360,2,AECI,TEPC,1592330400,370.629,260.262,5
360,2,AECI,TEPC,1593648000,276.627,225.84,2
360,2,AECI,TEPC,1594965600,269.773,219.643,2
360,2,AECI,TEPC,1596283200,180.832,180.832,0
360,2,AECI,TEPC,1597600800,201.072,201.072,0
360,2,AECI,TEPC,1598918400,180.384,180.384,0
360,2,AECI,TEPC,1600236000,424.435,307.767,4
360,2,AECI,TEPC,1601553600,182.573,182.573,0
360,2,AECI,TEPC,1602871200,178.75,178.75,0
360,2,AECI,TEPC,1604188800,443.302,317.881,4
360,2,AECI,TEPC,1605506400,393.233,287.735,4
360,2,AECI,TEPC,1606824000,587.31,407.526,8
360,2,AECI,TEPC,1608141600,194.483,194.483,0
360,3,AECI,TEPC,1577836800,171.652,171.652,0
360,3,AECI,TEPC,1579154400,184.829,184.829,0
360,3,AECI,TEPC,1580472000,179.08,179.08,0
360,3,AECI,TEPC,1581789600,278.398,214.235,1
360,3,AECI,TEPC,1583107200,460.094,298.812,6
360,3,AECI,TEPC,1584424800,356.172,252.106,4
360,3,AECI,TEPC,1585742400,178.154,151.249,1
360,3,AECI,TEPC,1587060000,339.158,233.926,5
360,3,AECI,TEPC,1588377600,259.272,189.81,2
360,3,AECI,TEPC,1589695200,289.0,217.037,3
360,3,AECI,TEPC,1591012800,151.782,151.782,0
360,3,AECI,TEPC,1592330400,234.211,178.197,1
360,3,AECI,TEPC,1593648000,307.476,225.84,2
360,3,AECI,TEPC,1594965600,339.168,243.367,3
360,3,AECI,TEPC,1596283200,400.048,268.644,4
360,3,AECI,TEPC,1597600800,282.098,224.754,1
360,3,AECI,TEPC,1598918400,278.006,223.407,2
360,3,AECI,TEPC,1600236000,397.706,281.408,3
360,3,AECI,TEPC,1601553600,182.573,182.573,0
360,3,AECI,TEPC,1602871200,289.503,228.545,2
360,3,AECI,TEPC,1604188800,349.849,266.582,2
360,3,AECI,TEPC,1605506400,310.665,245.859,2
360,3,AECI,TEPC,1606824000,239.623,221.637,1
360,3,AECI,TEPC,1608141600,194.483,194.483,0
360,4,AECI,TEPC,1577836800,171.652,171.652,0
360,4,AECI,TEPC,1579154400,184.829,184.829,0
360,4,AECI,TEPC,1580472000,179.08,179.08,0
360,4,AECI,TEPC,1581789600,190.047,190.047,0
360,4,AECI,TEPC,1583107200,177.533,177.533,0
360,4,AECI,TEPC,1584424800,173.609,173.609,0
360,4,AECI,TEPC,1585742400,130.078,130.078,0
360,4,AECI,TEPC,1587060000,146.519,146.519,0
360,4,AECI,TEPC,1588377600,154.192,154.192,0
360,4,AECI,TEPC,1589695200,158.058,158.058,0
360,4,AECI,TEPC,1591012800,151.782,151.782,0
360,4,AECI,TEPC,1592330400,159.195,159.195,0
360,4,AECI,TEPC,1593648000,183.868,183.868,0
360,4,AECI,TEPC,1594965600,175.21,175.21,0
360,4,AECI,TEPC,1596283200,180.832,180.832,0
360,4,AECI,TEPC,1597600800,201.072,201.072,0
360,4,AECI,TEPC,1598918400,180.384,180.384,0
360,4,AECI,TEPC,1600236000,202.899,202.899,0
360,4,AECI,TEPC,1601553600,182.573,182.573,0
360,4,AECI,TEPC,1602871200,178.75,178.75,0
360,4,AECI,TEPC,1604188800,219.569,219.569,0
360,4,AECI,TEPC,1605506400,205.232,205.232,0
360,4,AECI,TEPC,1606824000,196.187,196.187,0
360,4,AECI,TEPC,1608141600,194.483,194.483,0
360,5,AECI,TEPC,1577836800,171.652,171.652,0
360,5,AECI,TEPC,1579154400,184.829,184.829,0
360,5,AECI,TEPC,1580472000,442.13,297.648,6
360,5,AECI,TEPC,1581789600,573.314,368.257,8
360,5,AECI,TEPC,1583107200,344.744,260.885,4
360,5,AECI,TEPC,1584424800,254.639,213.276,2
360,5,AECI,TEPC,1585742400,430.319,298.619,8
360,5,AECI,TEPC,1587060000,517.909,333.742,10
360,5,AECI,TEPC,1588377600,377.243,263.264,6
360,5,AECI,TEPC,1589695200,158.058,158.058,0
360,5,AECI,TEPC,1591012800,151.782,151.782,0
360,5,AECI,TEPC,1592330400,239.395,198.837,2
360,5,AECI,TEPC,1593648000,275.446,225.84,2
360,5,AECI,TEPC,1594965600,269.058,219.643,2
360,5,AECI,TEPC,1596283200,180.832,180.832,0
360,5,AECI,TEPC,1597600800,201.072,201.072,0
360,5,AECI,TEPC,1598918400,180.384,180.384,0
360,5,AECI,TEPC,1600236000,421.33,307.767,4
360,5,AECI,TEPC,1601553600,182.573,182.573,0
360,5,AECI,TEPC,1602871200,178.75,178.75,0
360,5,AECI,TEPC,1604188800,439.664,317.881,4
360,5,AECI,TEPC,1605506400,389.753,287.735,4
360,5,AECI,TEPC,1606824000,579.786,407.526,8
360,5,AECI,TEPC,1608141600,194.483,194.483,0
360,6,AECI,TEPC,1577836800,171.652,171.652,0
360,6,AECI,TEPC,1579154400,184.829,184.829,0
360,6,AECI,TEPC,1580472000,179.08,179.08,0
360,6,AECI,TEPC,1581789600,190.047,190.047,0
360,6,AECI,TEPC,1583107200,177.533,177.533,0
360,6,AECI,TEPC,1584424800,173.609,173.609,0
360,6,AECI,TEPC,1585742400,130.078,130.078,0
360,6,AECI,TEPC,1587060000,146.519,146.519,0
360,6,AECI,TEPC,1588377600,154.192,154.192,0
360,6,AECI,TEPC,1589695200,158.058,158.058,0
360,6,AECI,TEPC,1591012800,151.782,151.782,0
360,6,AECI,TEPC,1592330400,159.195,159.195,0
360,6,AECI,TEPC,1593648000,183.868,183.868,0
360,6,AECI,TEPC,1594965600,175.21,175.21,0
360,6,AECI,TEPC,1596283200,180.832,180.832,0
360,6,AECI,TEPC,1597600800,201.072,201.072,0
360,6,AECI,TEPC,1598918400,180.384,180.384,0
360,6,AECI,TEPC,1600236000,202.899,202.899,0
360,6,AECI,TEPC,1601553600,182.573,182.573,0
360,6,AECI,TEPC,1602871200,178.75,178.75,0
360,6,AECI,TEPC,1604188800,219.569,219.569,0
360,6,AECI,TEPC,1605506400,205.232,205.232,0
360,6,AECI,TEPC,1606824000,196.187,196.187,0
360,6,AECI,TEPC,1608141600,194.483,194.483,0
360,1,BANC,CISO,1577836800,76.253,76.253,0
360,1,BANC,CISO,1579154400,81.548,81.548,0
360,1,BANC,CISO,1580472000,55.83,55.83,0
360,1,BANC,CISO,1581789600,52.267,52.267,0
360,1,BANC,CISO,1583107200,52.43,52.43,0
360,1,BANC,CISO,1584424800,83.316,83.316,0
360,1,BANC,CISO,1585742400,44.33,44.33,0
360,1,BANC,CISO,1587060000,33.313,33.313,0
360,1,BANC,CISO,1588377600,42.749,42.749,0
360,1,BANC,CISO,1589695200,42.187,42.187,0
360,1,BANC,CISO,1591012800,42.378,42.378,0
360,1,BANC,CISO,1592330400,40.383,40.383,0
360,1,BANC,CISO,1593648000,37.688,37.688,0
360,1,BANC,CISO,1594965600,55.204,55.204,0
360,1,BANC,CISO,1596283200,56.684,56.684,0
360,1,BANC,CISO,1597600800,78.197,78.197,0
360,1,BANC,CISO,1598918400,75.022,75.022,0
360,1,BANC,CISO,1600236000,80.174,80.174,0
360,1,BANC,CISO,1601553600,81.036,81.036,0
360,1,BANC,CISO,1602871200,74.249,74.249,0
360,1,BANC,CISO,1604188800,87.09,87.09,0
360,1,BANC,CISO,1605506400,93.475,93.475,0
360,1,BANC,CISO,1606824000,108.643,108.643,0
360,1,BANC,CISO,1608141600,91.972,91.972,0
360,2,BANC,CISO,1577836800,122.068,95.983,2
360,2,BANC,CISO,1579154400,81.548,81.548,0
360,2,BANC,CISO,1580472000,55.83,55.83,0
360,2,BANC,CISO,1581789600,170.143,100.812,6
360,2,BANC,CISO,1583107200,92.344,64.586,2
360,2,BANC,CISO,1584424800,83.316,83.316,0
360,2,BANC,CISO,1585742400,95.023,67.812,4
360,2,BANC,CISO,1587060000,33.313,33.313,0
360,2,BANC,CISO,1588377600,160.694,91.826,10
360,2,BANC,CISO,1589695200,120.793,84.568,7
360,2,BANC,CISO,1591012800,42.378,42.378,0
360,2,BANC,CISO,1592330400,118.24,81.436,6
360,2,BANC,CISO,1593648000,59.385,47.006,2
360,2,BANC,CISO,1594965600,189.897,117.029,8
360,2,BANC,CISO,1596283200,189.916,115.839,8
360,2,BANC,CISO,1597600800,78.197,78.197,0
360,2,BANC,CISO,1598918400,215.321,140.49,6
360,2,BANC,CISO,1600236000,80.174,80.174,0
360,2,BANC,CISO,1601553600,81.036,81.036,0
360,2,BANC,CISO,1602871200,74.249,74.249,0
360,2,BANC,CISO,1604188800,128.353,101.602,2
360,2,BANC,CISO,1605506400,265.976,179.924,7
360,2,BANC,CISO,1606824000,326.736,220.982,8
360,2,BANC,CISO,1608141600,288.068,161.976,8
360,3,BANC,CISO,1577836800,124.133,95.983,2
360,3,BANC,CISO,1579154400,81.548,81.548,0
360,3,BANC,CISO,1580472000,55.83,55.83,0
360,3,BANC,CISO,1581789600,68.121,61.013,1
360,3,BANC,CISO,1583107200,79.765,64.586,2
360,3,BANC,CISO,1584424800,83.316,83.316,0
360,3,BANC,CISO,1585742400,44.33,44.33,0
360,3,BANC,CISO,1587060000,50.626,40.417,2
360,3,BANC,CISO,1588377600,117.465,73.521,6
360,3,BANC,CISO,1589695200,80.269,62.156,3
360,3,BANC,CISO,1591012800,42.378,42.378,0
360,3,BANC,CISO,1592330400,53.652,46.13,1
360,3,BANC,CISO,1593648000,58.322,47.006,2
360,3,BANC,CISO,1594965600,55.204,55.204,0
360,3,BANC,CISO,1596283200,56.684,56.684,0
360,3,BANC,CISO,1597600800,78.197,78.197,0
360,3,BANC,CISO,1598918400,154.043,107.101,3
360,3,BANC,CISO,1600236000,80.174,80.174,0
360,3,BANC,CISO,1601553600,81.036,81.036,0
360,3,BANC,CISO,1602871200,117.017,92.468,2
360,3,BANC,CISO,1604188800,87.09,87.09,0
360,3,BANC,CISO,1605506400,145.768,107.314,1
360,3,BANC,CISO,1606824000,151.225,122.446,1
360,3,BANC,CISO,1608141600,138.533,110.314,2
360,4,BANC,CISO,1577836800,76.253,76.253,0
360,4,BANC,CISO,1579154400,81.548,81.548,0
360,4,BANC,CISO,1580472000,55.83,55.83,0
360,4,BANC,CISO,1581789600,52.267,52.267,0
360,4,BANC,CISO,1583107200,52.43,52.43,0
360,4,BANC,CISO,1584424800,83.316,83.316,0
360,4,BANC,CISO,1585742400,44.33,44.33,0
360,4,BANC,CISO,1587060000,33.313,33.313,0
360,4,BANC,CISO,1588377600,42.749,42.749,0
360,4,BANC,CISO,1589695200,42.187,42.187,0
360,4,BANC,CISO,1591012800,42.378,42.378,0
360,4,BANC,CISO,1592330400,40.383,40.383,0
360,4,BANC,CISO,1593648000,37.688,37.688,0
360,4,BANC,CISO,1594965600,55.204,55.204,0
360,4,BANC,CISO,1596283200,56.684,56.684,0
360,4,BANC,CISO,1597600800,78.197,78.197,0
360,4,BANC,CISO,1598918400,75.022,75.022,0
360,4,BANC,CISO,1600236000,80.174,80.174,0
360,4,BANC,CISO,1601553600,81.036,81.036,0
360,4,BANC,CISO,1602871200,74.249,74.249,0
360,4,BANC,CISO,1604188800,87.09,87.09,0
360,4,BANC,CISO,1605506400,93.475,93.475,0
360,4,BANC,CISO,1606824000,108.643,108.643,0
360,4,BANC,CISO,1608141600,91.972,91.972,0
360,5,BANC,CISO,1577836800,117.973,95.983,2
360,5,BANC,CISO,1579154400,81.548,81.548,0
360,5,BANC,CISO,1580472000,55.83,55.83,0
360,5,BANC,CISO,1581789600,161.508,100.812,6
360,5,BANC,CISO,1583107200,87.482,64.586,2
360,5,BANC,CISO,1584424800,83.316,83.316,0
360,5,BANC,CISO,1585742400,92.674,67.812,4
360,5,BANC,CISO,1587060000,33.313,33.313,0
360,5,BANC,CISO,1588377600,99.531,73.521,6
360,5,BANC,CISO,1589695200,114.039,84.568,7
360,5,BANC,CISO,1591012800,42.378,42.378,0
360,5,BANC,CISO,1592330400,116.685,81.436,6
360,5,BANC,CISO,1593648000,58.328,47.006,2
360,5,BANC,CISO,1594965600,183.288,117.029,8
360,5,BANC,CISO,1596283200,183.02,115.839,8
360,5,BANC,CISO,1597600800,78.197,78.197,0
360,5,BANC,CISO,1598918400,210.373,140.49,6
360,5,BANC,CISO,1600236000,80.174,80.174,0
360,5,BANC,CISO,1601553600,81.036,81.036,0
360,5,BANC,CISO,1602871200,74.249,74.249,0
360,5,BANC,CISO,1604188800,127.31,101.602,2
360,5,BANC,CISO,1605506400,278.695,193.19,8
360,5,BANC,CISO,1606824000,316.399,220.982,8
360,5,BANC,CISO,1608141600,315.264,179.467,10
360,6,BANC,CISO,1577836800,76.253,76.253,0
360,6,BANC,CISO,1579154400,81.548,81.548,0
360,6,BANC,CISO,1580472000,55.83,55.83,0
360,6,BANC,CISO,1581789600,52.267,52.267,0
360,6,BANC,CISO,1583107200,52.43,52.43,0
360,6,BANC,CISO,1584424800,83.316,83.316,0
360,6,BANC,CISO,1585742400,44.33,44.33,0
360,6,BANC,CISO,1587060000,33.313,33.313,0
360,6,BANC,CISO,1588377600,42.749,42.749,0
360,6,BANC,CISO,1589695200,42.187,42.187,0
360,6,BANC,CISO,1591012800,42.378,42.378,0
360,6,BANC,CISO,1592330400,40.383,40.383,0
360,6,BANC,CISO,1593648000,37.688,37.688,0
360,6,BANC,CISO,1594965600,55.204,55.204,0
360,6,BANC,CISO,1596283200,56.684,56.684,0
360,6,BANC,CISO,1597600800,78.197,78.197,0
360,6,BANC,CISO,1598918400,75.022,75.022,0
360,6,BANC,CISO,1600236000,80.174,80.174,0
360,6,BANC,CISO,1601553600,81.036,81.036,0
360,6,BANC,CISO,1602871200,74.249,74.249,0
360,6,BANC,CISO,1604188800,87.09,87.09,0
360,6,BANC,CISO,1605506400,93.475,93.475,0
360,6,BANC,CISO,1606824000,108.643,108.643,0
360,6,BANC,CISO,1608141600,91.972,91.972,0
360,1,CISO,BANC,1577836800,130.428,130.428,0
360,1,CISO,BANC,1579154400,140.472,140.472,0
360,1,CISO,BANC,1580472000,117.952,117.952,0
360,1,CISO,BANC,1581789600,103.569,103.569,0
360,1,CISO,BANC,1583107200,104.144,104.144,0
360,1,CISO,BANC,1584424800,135.48,135.48,0
360,1,CISO,BANC,1585742400,79.732,79.732,0
360,1,CISO,BANC,1587060000,80.679,80.679,0
360,1,CISO,BANC,1588377600,56.36,56.36,0
360,1,CISO,BANC,1589695200,62.849,62.849,0
360,1,CISO,BANC,1591012800,94.687,94.687,0
360,1,CISO,BANC,1592330400,66.377,66.377,0
360,1,CISO,BANC,1593648000,73.665,73.665,0
360,1,CISO,BANC,1594965600,90.516,90.516,0
360,1,CISO,BANC,1596283200,92.419,92.419,0
360,1,CISO,BANC,1597600800,127.384,127.384,0
360,1,CISO,BANC,1598918400,110.116,110.116,0
360,1,CISO,BANC,1600236000,126.99,126.99,0
360,1,CISO,BANC,1601553600,129.978,129.978,0
360,1,CISO,BANC,1602871200,142.021,142.021,0
360,1,CISO,BANC,1604188800,143.8,143.8,0
360,1,CISO,BANC,1605506400,123.623,123.623,0
360,1,CISO,BANC,1606824000,121.375,121.375,0
360,1,CISO,BANC,1608141600,120.762,120.762,0
360,2,CISO,BANC,1577836800,152.802,191.325,3
360,2,CISO,BANC,1579154400,115.614,161.562,1
360,2,CISO,BANC,1580472000,83.844,132.315,1
360,2,CISO,BANC,1581789600,139.761,175.875,5
360,2,CISO,BANC,1583107200,110.652,151.996,3
360,2,CISO,BANC,1584424800,116.965,154.092,1
360,2,CISO,BANC,1585742400,141.044,146.648,7
360,2,CISO,BANC,1587060000,42.449,85.499,1
360,2,CISO,BANC,1588377600,142.862,133.872,9
360,2,CISO,BANC,1589695200,148.621,128.632,9
360,2,CISO,BANC,1591012800,61.3,105.873,1
360,2,CISO,BANC,1592330400,75.834,97.173,3
360,2,CISO,BANC,1593648000,95.576,119.054,5
360,2,CISO,BANC,1594965600,210.906,192.188,9
360,2,CISO,BANC,1596283200,176.656,167.256,7
360,2,CISO,BANC,1597600800,101.054,142.283,1
360,2,CISO,BANC,1598918400,289.153,245.169,9
360,2,CISO,BANC,1600236000,109.253,144.207,1
360,2,CISO,BANC,1601553600,110.742,144.536,1
360,2,CISO,BANC,1602871200,97.74,153.058,1
360,2,CISO,BANC,1604188800,154.183,199.775,3
360,2,CISO,BANC,1605506400,330.66,249.203,9
360,2,CISO,BANC,1606824000,384.328,275.915,10
360,2,CISO,BANC,1608141600,258.401,226.03,7
360,3,CISO,BANC,1577836800,104.804,150.855,1
360,3,CISO,BANC,1579154400,115.614,161.562,1
360,3,CISO,BANC,1580472000,100.376,140.078,2
360,3,CISO,BANC,1581789600,101.775,148.255,3
360,3,CISO,BANC,1583107200,69.572,120.048,1
360,3,CISO,BANC,1584424800,116.965,154.092,1
360,3,CISO,BANC,1585742400,75.517,95.276,2
360,3,CISO,BANC,1587060000,59.474,107.136,3
360,3,CISO,BANC,1588377600,93.528,85.78,4
360,3,CISO,BANC,1589695200,109.017,99.824,5
360,3,CISO,BANC,1591012800,61.3,105.873,1
360,3,CISO,BANC,1592330400,77.244,97.173,3
360,3,CISO,BANC,1593648000,51.081,85.411,1
360,3,CISO,BANC,1594965600,76.77,103.828,1
360,3,CISO,BANC,1596283200,113.775,124.595,3
360,3,CISO,BANC,1597600800,101.054,142.283,1
360,3,CISO,BANC,1598918400,96.44,125.298,1
360,3,CISO,BANC,1600236000,109.253,144.207,1
360,3,CISO,BANC,1601553600,151.508,175.775,3
360,3,CISO,BANC,1602871200,138.305,189.768,3
360,3,CISO,BANC,1604188800,112.251,163.232,1
360,3,CISO,BANC,1605506400,174.148,154.471,2
360,3,CISO,BANC,1606824000,121.375,121.375,0
360,3,CISO,BANC,1608141600,164.614,166.934,3
360,4,CISO,BANC,1577836800,130.428,130.428,0
360,4,CISO,BANC,1579154400,140.472,140.472,0
360,4,CISO,BANC,1580472000,117.952,117.952,0
360,4,CISO,BANC,1581789600,103.569,103.569,0
360,4,CISO,BANC,1583107200,104.144,104.144,0
360,4,CISO,BANC,1584424800,135.48,135.48,0
360,4,CISO,BANC,1585742400,79.732,79.732,0
360,4,CISO,BANC,1587060000,80.679,80.679,0
360,4,CISO,BANC,1588377600,56.36,56.36,0
360,4,CISO,BANC,1589695200,62.849,62.849,0
360,4,CISO,BANC,1591012800,94.687,94.687,0
360,4,CISO,BANC,1592330400,66.377,66.377,0
360,4,CISO,BANC,1593648000,73.665,73.665,0
360,4,CISO,BANC,1594965600,90.516,90.516,0
360,4,CISO,BANC,1596283200,92.419,92.419,0
360,4,CISO,BANC,1597600800,127.384,127.384,0
360,4,CISO,BANC,1598918400,110.116,110.116,0
360,4,CISO,BANC,1600236000,126.99,126.99,0
360,4,CISO,BANC,1601553600,129.978,129.978,0
360,4,CISO,BANC,1602871200,142.021,142.021,0
360,4,CISO,BANC,1604188800,143.8,143.8,0
360,4,CISO,BANC,1605506400,123.623,123.623,0
360,4,CISO,BANC,1606824000,121.375,121.375,0
360,4,CISO,BANC,1608141600,120.762,120.762,0
360,5,CISO,BANC,1577836800,148.708,191.325,3
360,5,CISO,BANC,1579154400,115.614,161.562,1
360,5,CISO,BANC,1580472000,115.359,154.139,3
360,5,CISO,BANC,1581789600,132.89,175.875,5
360,5,CISO,BANC,1583107200,105.79,151.996,3
360,5,CISO,BANC,1584424800,116.965,154.092,1
360,5,CISO,BANC,1585742400,138.402,146.648,7
360,5,CISO,BANC,1587060000,42.449,85.499,1
360,5,CISO,BANC,1588377600,133.095,133.872,9
360,5,CISO,BANC,1589695200,140.807,128.632,9
360,5,CISO,BANC,1591012800,61.3,105.873,1
360,5,CISO,BANC,1592330400,74.195,97.173,3
360,5,CISO,BANC,1593648000,92.982,119.054,5
360,5,CISO,BANC,1594965600,204.298,192.188,9
360,5,CISO,BANC,1596283200,171.453,167.256,7
360,5,CISO,BANC,1597600800,101.054,142.283,1
360,5,CISO,BANC,1598918400,282.983,245.169,9
360,5,CISO,BANC,1600236000,109.253,144.207,1
360,5,CISO,BANC,1601553600,110.742,144.536,1
360,5,CISO,BANC,1602871200,97.74,153.058,1
360,5,CISO,BANC,1604188800,153.139,199.775,3
360,5,CISO,BANC,1605506400,313.098,249.203,9
360,5,CISO,BANC,1606824000,405.904,294.293,11
360,5,CISO,BANC,1608141600,252.269,226.03,7
360,6,CISO,BANC,1577836800,104.804,150.855,1
360,6,CISO,BANC,1579154400,115.614,161.562,1
360,6,CISO,BANC,1580472000,83.844,132.315,1
360,6,CISO,BANC,1581789600,70.068,111.669,1
360,6,CISO,BANC,1583107200,69.572,120.048,1
360,6,CISO,BANC,1584424800,116.965,154.092,1
360,6,CISO,BANC,1585742400,63.828,89.078,1
360,6,CISO,BANC,1587060000,42.449,85.499,1
360,6,CISO,BANC,1588377600,52.751,64.556,1
360,6,CISO,BANC,1589695200,60.331,71.557,1
360,6,CISO,BANC,1591012800,61.3,105.873,1
360,6,CISO,BANC,1592330400,49.974,73.619,1
360,6,CISO,BANC,1593648000,51.081,85.411,1
360,6,CISO,BANC,1594965600,76.77,103.828,1
360,6,CISO,BANC,1596283200,78.952,101.712,1
360,6,CISO,BANC,1597600800,101.054,142.283,1
360,6,CISO,BANC,1598918400,96.44,125.298,1
360,6,CISO,BANC,1600236000,109.253,144.207,1
360,6,CISO,BANC,1601553600,110.742,144.536,1
360,6,CISO,BANC,1602871200,97.74,153.058,1
360,6,CISO,BANC,1604188800,112.251,163.232,1
360,6,CISO,BANC,1605506400,126.9,139.681,1
360,6,CISO,BANC,1606824000,121.375,121.375,0
360,6,CISO,BANC,1608141600,114.894,131.806,1
360,1,EPE,AECI,1577836800,202.093,202.093,0
360,1,EPE,AECI,1579154400,207.289,207.289,0
360,1,EPE,AECI,1580472000,181.504,181.504,0
360,1,EPE,AECI,1581789600,175.974,175.974,0
360,1,EPE,AECI,1583107200,202.541,202.541,0
360,1,EPE,AECI,1584424800,204.307,204.307,0
360,1,EPE,AECI,1585742400,164.605,164.605,0
360,1,EPE,AECI,1587060000,171.684,171.684,0
360,1,EPE,AECI,1588377600,183.602,183.602,0
360,1,EPE,AECI,1589695200,189.282,189.282,0
360,1,EPE,AECI,1591012800,195.852,195.852,0
360,1,EPE,AECI,1592330400,195.157,195.157,0
360,1,EPE,AECI,1593648000,198.016,198.016,0
360,1,EPE,AECI,1594965600,209.436,209.436,0
360,1,EPE,AECI,1596283200,204.715,204.715,0
360,1,EPE,AECI,1597600800,214.763,214.763,0
360,1,EPE,AECI,1598918400,203.471,203.471,0
360,1,EPE,AECI,1600236000,199.728,199.728,0
360,1,EPE,AECI,1601553600,220.07,220.07,0
360,1,EPE,AECI,1602871200,223.978,223.978,0
360,1,EPE,AECI,1604188800,214.945,214.945,0
360,1,EPE,AECI,1605506400,203.959,203.959,0
360,1,EPE,AECI,1606824000,198.83,198.83,0
360,1,EPE,AECI,1608141600,215.454,215.454,0
360,2,EPE,AECI,1577836800,318.563,282.291,3
360,2,EPE,AECI,1579154400,327.325,287.233,3
360,2,EPE,AECI,1580472000,558.236,387.793,9
360,2,EPE,AECI,1581789600,490.517,347.235,7
360,2,EPE,AECI,1583107200,402.532,328.014,5
360,2,EPE,AECI,1584424800,386.007,320.887,5
360,2,EPE,AECI,1585742400,255.015,226.733,3
360,2,EPE,AECI,1587060000,254.441,241.572,3
360,2,EPE,AECI,1588377600,622.479,431.446,12
360,2,EPE,AECI,1589695200,288.973,264.244,3
360,2,EPE,AECI,1591012800,202.179,219.539,1
360,2,EPE,AECI,1592330400,200.882,218.62,1
360,2,EPE,AECI,1593648000,608.727,430.005,9
360,2,EPE,AECI,1594965600,225.221,237.646,1
360,2,EPE,AECI,1596283200,325.087,279.232,3
360,2,EPE,AECI,1597600800,742.344,484.383,11
360,2,EPE,AECI,1598918400,415.803,330.891,5
360,2,EPE,AECI,1600236000,635.193,429.012,9
360,2,EPE,AECI,1601553600,335.319,301.899,3
360,2,EPE,AECI,1602871200,443.747,364.31,5
360,2,EPE,AECI,1604188800,602.021,424.928,8
360,2,EPE,AECI,1605506400,892.062,552.291,14
360,2,EPE,AECI,1606824000,753.189,488.567,11
360,2,EPE,AECI,1608141600,342.164,300.318,3
360,3,EPE,AECI,1577836800,202.093,202.093,0
360,3,EPE,AECI,1579154400,207.289,207.289,0
360,3,EPE,AECI,1580472000,255.615,225.872,2
360,3,EPE,AECI,1581789600,175.974,175.974,0
360,3,EPE,AECI,1583107200,202.541,202.541,0
360,3,EPE,AECI,1584424800,281.869,250.24,2
360,3,EPE,AECI,1585742400,229.354,205.028,2
360,3,EPE,AECI,1587060000,171.684,171.684,0
360,3,EPE,AECI,1588377600,183.602,183.602,0
360,3,EPE,AECI,1589695200,232.767,217.002,1
360,3,EPE,AECI,1591012800,245.318,242.462,2
360,3,EPE,AECI,1592330400,284.971,272.674,3
360,3,EPE,AECI,1593648000,198.016,198.016,0
360,3,EPE,AECI,1594965600,436.051,343.841,5
360,3,EPE,AECI,1596283200,294.954,253.025,2
360,3,EPE,AECI,1597600800,214.763,214.763,0
360,3,EPE,AECI,1598918400,392.426,305.735,4
360,3,EPE,AECI,1600236000,199.728,199.728,0
360,3,EPE,AECI,1601553600,295.377,272.106,2
360,3,EPE,AECI,1602871200,406.118,337.898,4
360,3,EPE,AECI,1604188800,214.945,214.945,0
360,3,EPE,AECI,1605506400,242.28,229.54,1
360,3,EPE,AECI,1606824000,296.881,248.811,2
360,3,EPE,AECI,1608141600,316.704,270.415,2
360,4,EPE,AECI,1577836800,202.093,202.093,0
360,4,EPE,AECI,1579154400,207.289,207.289,0
360,4,EPE,AECI,1580472000,181.504,181.504,0
360,4,EPE,AECI,1581789600,175.974,175.974,0
360,4,EPE,AECI,1583107200,202.541,202.541,0
360,4,EPE,AECI,1584424800,204.307,204.307,0
360,4,EPE,AECI,1585742400,164.605,164.605,0
360,4,EPE,AECI,1587060000,171.684,171.684,0
360,4,EPE,AECI,1588377600,183.602,183.602,0
360,4,EPE,AECI,1589695200,189.282,189.282,0
360,4,EPE,AECI,1591012800,195.852,195.852,0
360,4,EPE,AECI,1592330400,195.157,195.157,0
360,4,EPE,AECI,1593648000,198.016,198.016,0
360,4,EPE,AECI,1594965600,209.436,209.436,0
360,4,EPE,AECI,1596283200,204.715,204.715,0
360,4,EPE,AECI,1597600800,214.763,214.763,0
360,4,EPE,AECI,1598918400,203.471,203.471,0
360,4,EPE,AECI,1600236000,199.728,199.728,0
360,4,EPE,AECI,1601553600,220.07,220.07,0
360,4,EPE,AECI,1602871200,223.978,223.978,0
360,4,EPE,AECI,1604188800,214.945,214.945,0
360,4,EPE,AECI,1605506400,203.959,203.959,0
360,4,EPE,AECI,1606824000,198.83,198.83,0
360,4,EPE,AECI,1608141600,215.454,215.454,0
360,5,EPE,AECI,1577836800,317.379,282.291,3
360,5,EPE,AECI,1579154400,326.623,287.233,3
360,5,EPE,AECI,1580472000,552.245,387.793,9
360,5,EPE,AECI,1581789600,483.157,347.235,7
360,5,EPE,AECI,1583107200,397.304,328.014,5
360,5,EPE,AECI,1584424800,385.239,320.887,5
360,5,EPE,AECI,1585742400,254.818,226.733,3
360,5,EPE,AECI,1587060000,251.755,241.572,3
360,5,EPE,AECI,1588377600,609.526,431.446,12
360,5,EPE,AECI,1589695200,287.519,264.244,3
360,5,EPE,AECI,1591012800,202.179,219.539,1
360,5,EPE,AECI,1592330400,200.87,218.62,1
360,5,EPE,AECI,1593648000,603.214,430.005,9
360,5,EPE,AECI,1594965600,225.221,237.646,1
360,5,EPE,AECI,1596283200,323.88,279.232,3
360,5,EPE,AECI,1597600800,736.051,484.383,11
360,5,EPE,AECI,1598918400,412.791,330.891,5
360,5,EPE,AECI,1600236000,627.834,429.012,9
360,5,EPE,AECI,1601553600,334.343,301.899,3
360,5,EPE,AECI,1602871200,439.243,364.31,5
360,5,EPE,AECI,1604188800,640.272,450.498,9
360,5,EPE,AECI,1605506400,879.843,552.291,14
360,5,EPE,AECI,1606824000,743.994,488.567,11
360,5,EPE,AECI,1608141600,336.234,300.318,3
360,6,EPE,AECI,1577836800,202.093,202.093,0
360,6,EPE,AECI,1579154400,207.289,207.289,0
360,6,EPE,AECI,1580472000,181.504,181.504,0
360,6,EPE,AECI,1581789600,175.974,175.974,0
360,6,EPE,AECI,1583107200,202.541,202.541,0
360,6,EPE,AECI,1584424800,204.307,204.307,0
360,6,EPE,AECI,1585742400,172.621,184.502,1
360,6,EPE,AECI,1587060000,177.915,191.227,1
360,6,EPE,AECI,1588377600,195.211,206.759,1
360,6,EPE,AECI,1589695200,189.282,189.282,0
360,6,EPE,AECI,1591012800,202.179,219.539,1
360,6,EPE,AECI,1592330400,200.681,218.62,1
360,6,EPE,AECI,1593648000,198.016,198.016,0
360,6,EPE,AECI,1594965600,225.221,237.646,1
360,6,EPE,AECI,1596283200,204.715,204.715,0
360,6,EPE,AECI,1597600800,214.763,214.763,0
360,6,EPE,AECI,1598918400,203.471,203.471,0
360,6,EPE,AECI,1600236000,199.728,199.728,0
360,6,EPE,AECI,1601553600,234.472,247.012,1
360,6,EPE,AECI,1602871200,229.198,249.648,1
360,6,EPE,AECI,1604188800,214.945,214.945,0
360,6,EPE,AECI,1605506400,203.959,203.959,0
360,6,EPE,AECI,1606824000,198.83,198.83,0
360,6,EPE,AECI,1608141600,215.454,215.454,0
360,1,EPE,PSCO,1577836800,202.093,202.093,0
360,1,EPE,PSCO,1579154400,207.289,207.289,0
360,1,EPE,PSCO,1580472000,181.504,181.504,0
360,1,EPE,PSCO,1581789600,175.974,175.974,0
360,1,EPE,PSCO,1583107200,202.541,202.541,0
360,1,EPE,PSCO,1584424800,204.307,204.307,0
360,1,EPE,PSCO,1585742400,164.605,164.605,0
360,1,EPE,PSCO,1587060000,171.684,171.684,0
360,1,EPE,PSCO,1588377600,183.602,183.602,0
360,1,EPE,PSCO,1589695200,189.282,189.282,0
360,1,EPE,PSCO,1591012800,195.852,195.852,0
360,1,EPE,PSCO,1592330400,195.157,195.157,0
360,1,EPE,PSCO,1593648000,198.016,198.016,0
360,1,EPE,PSCO,1594965600,209.436,209.436,0
360,1,EPE,PSCO,1596283200,204.715,204.715,0
360,1,EPE,PSCO,1597600800,214.763,214.763,0
360,1,EPE,PSCO,1598918400,203.471,203.471,0
360,1,EPE,PSCO,1600236000,199.728,199.728,0
360,1,EPE,PSCO,1601553600,220.07,220.07,0
360,1,EPE,PSCO,1602871200,223.978,223.978,0
360,1,EPE,PSCO,1604188800,214.945,214.945,0
360,1,EPE,PSCO,1605506400,203.959,203.959,0
360,1,EPE,PSCO,1606824000,198.83,198.83,0
360,1,EPE,PSCO,1608141600,215.454,215.454,0
360,2,EPE,PSCO,1577836800,511.557,359.489,6
360,2,EPE,PSCO,1579154400,483.0,372.431,6
360,2,EPE,PSCO,1580472000,627.976,409.202,10
360,2,EPE,PSCO,1581789600,263.577,221.7,2
360,2,EPE,PSCO,1583107200,572.262,400.116,8
360,2,EPE,PSCO,1584424800,490.931,342.931,6
360,2,EPE,PSCO,1585742400,248.445,205.028,2
360,2,EPE,PSCO,1587060000,364.136,263.622,4
360,2,EPE,PSCO,1588377600,520.95,354.903,8
360,2,EPE,PSCO,1589695200,296.491,264.244,3
360,2,EPE,PSCO,1591012800,605.898,388.338,8
360,2,EPE,PSCO,1592330400,486.97,345.994,6
360,2,EPE,PSCO,1593648000,568.812,403.912,8
360,2,EPE,PSCO,1594965600,671.87,450.343,9
360,2,EPE,PSCO,1596283200,324.095,279.232,3
360,2,EPE,PSCO,1597600800,588.524,409.971,8
360,2,EPE,PSCO,1598918400,392.251,305.735,4
360,2,EPE,PSCO,1600236000,641.379,451.052,10
360,2,EPE,PSCO,1601553600,646.205,458.494,9
360,2,EPE,PSCO,1602871200,564.266,423.424,7
360,2,EPE,PSCO,1604188800,685.208,450.498,9
360,2,EPE,PSCO,1605506400,652.115,446.177,10
360,2,EPE,PSCO,1606824000,192.906,224.277,1
360,2,EPE,PSCO,1608141600,216.347,241.039,1
360,3,EPE,PSCO,1577836800,406.939,306.134,4
360,3,EPE,PSCO,1579154400,215.184,235.121,1
360,3,EPE,PSCO,1580472000,255.323,225.872,2
360,3,EPE,PSCO,1581789600,269.699,221.7,2
360,3,EPE,PSCO,1583107200,244.072,229.497,1
360,3,EPE,PSCO,1584424800,298.598,250.24,2
360,3,EPE,PSCO,1585742400,164.605,164.605,0
360,3,EPE,PSCO,1587060000,171.684,171.684,0
360,3,EPE,PSCO,1588377600,183.602,183.602,0
360,3,EPE,PSCO,1589695200,218.347,217.002,1
360,3,EPE,PSCO,1591012800,195.852,195.852,0
360,3,EPE,PSCO,1592330400,274.821,244.79,2
360,3,EPE,PSCO,1593648000,227.93,223.395,1
360,3,EPE,PSCO,1594965600,310.468,263.57,2
360,3,EPE,PSCO,1596283200,247.768,229.252,1
360,3,EPE,PSCO,1597600800,283.546,263.331,2
360,3,EPE,PSCO,1598918400,203.471,203.471,0
360,3,EPE,PSCO,1600236000,221.957,227.804,1
360,3,EPE,PSCO,1601553600,246.042,247.012,1
360,3,EPE,PSCO,1602871200,358.474,309.697,3
360,3,EPE,PSCO,1604188800,214.945,214.945,0
360,3,EPE,PSCO,1605506400,247.299,229.54,1
360,3,EPE,PSCO,1606824000,192.906,224.277,1
360,3,EPE,PSCO,1608141600,216.347,241.039,1
360,4,EPE,PSCO,1577836800,202.093,202.093,0
360,4,EPE,PSCO,1579154400,207.289,207.289,0
360,4,EPE,PSCO,1580472000,181.504,181.504,0
360,4,EPE,PSCO,1581789600,175.974,175.974,0
360,4,EPE,PSCO,1583107200,202.541,202.541,0
360,4,EPE,PSCO,1584424800,204.307,204.307,0
360,4,EPE,PSCO,1585742400,164.605,164.605,0
360,4,EPE,PSCO,1587060000,171.684,171.684,0
360,4,EPE,PSCO,1588377600,183.602,183.602,0
360,4,EPE,PSCO,1589695200,189.282,189.282,0
360,4,EPE,PSCO,1591012800,195.852,195.852,0
360,4,EPE,PSCO,1592330400,195.157,195.157,0
360,4,EPE,PSCO,1593648000,198.016,198.016,0
360,4,EPE,PSCO,1594965600,209.436,209.436,0
360,4,EPE,PSCO,1596283200,204.715,204.715,0
360,4,EPE,PSCO,1597600800,214.763,214.763,0
360,4,EPE,PSCO,1598918400,203.471,203.471,0
360,4,EPE,PSCO,1600236000,199.728,199.728,0
360,4,EPE,PSCO,1601553600,220.07,220.07,0
360,4,EPE,PSCO,1602871200,223.978,223.978,0
360,4,EPE,PSCO,1604188800,214.945,214.945,0
360,4,EPE,PSCO,1605506400,203.959,203.959,0
360,4,EPE,PSCO,1606824000,198.83,198.83,0
360,4,EPE,PSCO,1608141600,215.454,215.454,0
360,5,EPE,PSCO,1577836800,656.526,435.382,9
360,5,EPE,PSCO,1579154400,481.079,372.431,6
360,5,EPE,PSCO,1580472000,520.982,364.065,8
360,5,EPE,PSCO,1581789600,261.979,221.7,2
360,5,EPE,PSCO,1583107200,568.577,400.116,8
360,5,EPE,PSCO,1584424800,483.79,342.931,6
360,5,EPE,PSCO,1585742400,241.209,205.028,2
360,5,EPE,PSCO,1587060000,360.519,263.622,4
360,5,EPE,PSCO,1588377600,514.066,354.903,8
360,5,EPE,PSCO,1589695200,291.651,264.244,3
360,5,EPE,PSCO,1591012800,395.491,293.466,4
360,5,EPE,PSCO,1592330400,479.156,345.994,6
360,5,EPE,PSCO,1593648000,560.472,403.912,8
360,5,EPE,PSCO,1594965600,658.987,450.343,9
360,5,EPE,PSCO,1596283200,323.972,279.232,3
360,5,EPE,PSCO,1597600800,578.248,409.971,8
360,5,EPE,PSCO,1598918400,388.22,305.735,4
360,5,EPE,PSCO,1600236000,626.185,451.052,10
360,5,EPE,PSCO,1601553600,633.103,458.494,9
360,5,EPE,PSCO,1602871200,557.898,423.424,7
360,5,EPE,PSCO,1604188800,683.47,450.498,9
360,5,EPE,PSCO,1605506400,637.426,446.177,10
360,5,EPE,PSCO,1606824000,192.906,224.277,1
360,5,EPE,PSCO,1608141600,216.347,241.039,1
360,6,EPE,PSCO,1577836800,202.093,202.093,0
360,6,EPE,PSCO,1579154400,215.184,235.121,1
360,6,EPE,PSCO,1580472000,181.504,181.504,0
360,6,EPE,PSCO,1581789600,175.974,175.974,0
360,6,EPE,PSCO,1583107200,202.541,202.541,0
360,6,EPE,PSCO,1584424800,204.307,204.307,0
360,6,EPE,PSCO,1585742400,164.605,164.605,0
360,6,EPE,PSCO,1587060000,171.684,171.684,0
360,6,EPE,PSCO,1588377600,183.602,183.602,0
360,6,EPE,PSCO,1589695200,210.349,217.002,1
360,6,EPE,PSCO,1591012800,195.852,195.852,0
360,6,EPE,PSCO,1592330400,195.157,195.157,0
360,6,EPE,PSCO,1593648000,198.016,198.016,0
360,6,EPE,PSCO,1594965600,209.436,209.436,0
360,6,EPE,PSCO,1596283200,204.715,204.715,0
360,6,EPE,PSCO,1597600800,214.763,214.763,0
360,6,EPE,PSCO,1598918400,203.471,203.471,0
360,6,EPE,PSCO,1600236000,199.728,199.728,0
360,6,EPE,PSCO,1601553600,241.762,247.012,1
360,6,EPE,PSCO,1602871200,223.978,223.978,0
360,6,EPE,PSCO,1604188800,214.945,214.945,0
360,6,EPE,PSCO,1605506400,203.959,203.959,0
360,6,EPE,PSCO,1606824000,192.906,224.277,1
360,6,EPE,PSCO,1608141600,216.347,241.039,1
360,1,PACE,AECI,1577836800,222.045,222.045,0
360,1,PACE,AECI,1579154400,234.433,234.433,0
360,1,PACE,AECI,1580472000,198.311,198.311,0
360,1,PACE,AECI,1581789600,196.827,196.827,0
360,1,PACE,AECI,1583107200,208.975,208.975,0
360,1,PACE,AECI,1584424800,252.452,252.452,0
360,1,PACE,AECI,1585742400,225.822,225.822,0
360,1,PACE,AECI,1587060000,224.401,224.401,0
360,1,PACE,AECI,1588377600,195.688,195.688,0
360,1,PACE,AECI,1589695200,218.514,218.514,0
360,1,PACE,AECI,1591012800,230.978,230.978,0
360,1,PACE,AECI,1592330400,200.767,200.767,0
360,1,PACE,AECI,1593648000,211.4,211.4,0
360,1,PACE,AECI,1594965600,197.864,197.864,0
360,1,PACE,AECI,1596283200,232.915,232.915,0
360,1,PACE,AECI,1597600800,252.895,252.895,0
360,1,PACE,AECI,1598918400,239.903,239.903,0
360,1,PACE,AECI,1600236000,257.912,257.912,0
360,1,PACE,AECI,1601553600,250.583,250.583,0
360,1,PACE,AECI,1602871200,211.548,211.548,0
360,1,PACE,AECI,1604188800,258.098,258.098,0
360,1,PACE,AECI,1605506400,230.758,230.758,0
360,1,PACE,AECI,1606824000,241.036,241.036,0
360,1,PACE,AECI,1608141600,221.431,221.431,0
360,2,PACE,AECI,1577836800,323.606,311.243,3
360,2,PACE,AECI,1579154400,340.324,316.567,3
360,2,PACE,AECI,1580472000,484.57,393.908,7
360,2,PACE,AECI,1581789600,410.789,341.718,5
360,2,PACE,AECI,1583107200,485.427,386.78,7
360,2,PACE,AECI,1584424800,229.08,288.117,1
360,2,PACE,AECI,1585742400,180.668,253.194,1
360,2,PACE,AECI,1587060000,276.505,311.154,3
360,2,PACE,AECI,1588377600,357.697,316.798,5
360,2,PACE,AECI,1589695200,313.534,293.971,3
360,2,PACE,AECI,1591012800,207.031,259.337,1
360,2,PACE,AECI,1592330400,277.007,290.646,3
360,2,PACE,AECI,1593648000,618.35,463.037,9
360,2,PACE,AECI,1594965600,507.911,396.698,7
360,2,PACE,AECI,1596283200,339.272,316.398,3
360,2,PACE,AECI,1597600800,255.513,281.818,1
360,2,PACE,AECI,1598918400,232.541,267.98,1
360,2,PACE,AECI,1600236000,262.775,291.387,1
360,2,PACE,AECI,1601553600,358.572,345.144,3
360,2,PACE,AECI,1602871200,526.226,402.172,7
360,2,PACE,AECI,1604188800,385.254,352.359,3
360,2,PACE,AECI,1605506400,442.534,369.136,5
360,2,PACE,AECI,1606824000,709.895,511.24,9
360,2,PACE,AECI,1608141600,346.496,307.277,3
360,3,PACE,AECI,1577836800,419.011,366.633,5
360,3,PACE,AECI,1579154400,446.249,374.773,5
360,3,PACE,AECI,1580472000,269.684,245.274,2
360,3,PACE,AECI,1581789600,196.827,196.827,0
360,3,PACE,AECI,1583107200,208.975,208.975,0
360,3,PACE,AECI,1584424800,229.08,288.117,1
360,3,PACE,AECI,1585742400,226.457,276.286,2
360,3,PACE,AECI,1587060000,188.203,248.597,1
360,3,PACE,AECI,1588377600,337.388,288.19,4
360,3,PACE,AECI,1589695200,213.618,246.57,1
360,3,PACE,AECI,1591012800,301.274,315.24,3
360,3,PACE,AECI,1592330400,199.08,228.339,1
360,3,PACE,AECI,1593648000,211.4,211.4,0
360,3,PACE,AECI,1594965600,228.267,228.055,1
360,3,PACE,AECI,1596283200,334.911,316.398,3
360,3,PACE,AECI,1597600800,331.699,313.05,2
360,3,PACE,AECI,1598918400,232.541,267.98,1
360,3,PACE,AECI,1600236000,494.858,420.357,5
360,3,PACE,AECI,1601553600,298.776,311.677,2
360,3,PACE,AECI,1602871200,301.496,262.456,2
360,3,PACE,AECI,1604188800,506.958,411.901,5
360,3,PACE,AECI,1605506400,263.991,259.071,1
360,3,PACE,AECI,1606824000,349.096,296.687,2
360,3,PACE,AECI,1608141600,250.333,250.853,1
360,4,PACE,AECI,1577836800,222.045,222.045,0
360,4,PACE,AECI,1579154400,234.433,234.433,0
360,4,PACE,AECI,1580472000,198.311,198.311,0
360,4,PACE,AECI,1581789600,196.827,196.827,0
360,4,PACE,AECI,1583107200,208.975,208.975,0
360,4,PACE,AECI,1584424800,252.452,252.452,0
360,4,PACE,AECI,1585742400,225.822,225.822,0
360,4,PACE,AECI,1587060000,224.401,224.401,0
360,4,PACE,AECI,1588377600,195.688,195.688,0
360,4,PACE,AECI,1589695200,218.514,218.514,0
360,4,PACE,AECI,1591012800,230.978,230.978,0
360,4,PACE,AECI,1592330400,200.767,200.767,0
360,4,PACE,AECI,1593648000,211.4,211.4,0
360,4,PACE,AECI,1594965600,197.864,197.864,0
360,4,PACE,AECI,1596283200,232.915,232.915,0
360,4,PACE,AECI,1597600800,252.895,252.895,0
360,4,PACE,AECI,1598918400,239.903,239.903,0
360,4,PACE,AECI,1600236000,257.912,257.912,0
360,4,PACE,AECI,1601553600,250.583,250.583,0
360,4,PACE,AECI,1602871200,211.548,211.548,0
360,4,PACE,AECI,1604188800,258.098,258.098,0
360,4,PACE,AECI,1605506400,230.758,230.758,0
360,4,PACE,AECI,1606824000,241.036,241.036,0
360,4,PACE,AECI,1608141600,221.431,221.431,0
360,5,PACE,AECI,1577836800,321.826,311.243,3
360,5,PACE,AECI,1579154400,338.453,316.567,3
360,5,PACE,AECI,1580472000,480.475,393.908,7
360,5,PACE,AECI,1581789600,400.708,341.718,5
360,5,PACE,AECI,1583107200,474.768,386.78,7
360,5,PACE,AECI,1584424800,229.08,288.117,1
360,5,PACE,AECI,1585742400,180.668,253.194,1
360,5,PACE,AECI,1587060000,274.048,311.154,3
360,5,PACE,AECI,1588377600,347.146,316.798,5
360,5,PACE,AECI,1589695200,310.745,293.971,3
360,5,PACE,AECI,1591012800,207.031,259.337,1
360,5,PACE,AECI,1592330400,271.556,290.646,3
360,5,PACE,AECI,1593648000,607.811,463.037,9
360,5,PACE,AECI,1594965600,503.989,396.698,7
360,5,PACE,AECI,1596283200,337.406,316.398,3
360,5,PACE,AECI,1597600800,255.513,281.818,1
360,5,PACE,AECI,1598918400,232.541,267.98,1
360,5,PACE,AECI,1600236000,262.775,291.387,1
360,5,PACE,AECI,1601553600,354.086,345.144,3
360,5,PACE,AECI,1602871200,512.62,402.172,7
360,5,PACE,AECI,1604188800,383.118,352.359,3
360,5,PACE,AECI,1605506400,438.35,369.136,5
360,5,PACE,AECI,1606824000,697.926,511.24,9
360,5,PACE,AECI,1608141600,345.984,307.277,3
360,6,PACE,AECI,1577836800,221.997,251.238,1
360,6,PACE,AECI,1579154400,241.662,263.698,1
360,6,PACE,AECI,1580472000,198.311,198.311,0
360,6,PACE,AECI,1581789600,196.827,196.827,0
360,6,PACE,AECI,1583107200,208.975,208.975,0
360,6,PACE,AECI,1584424800,229.08,288.117,1
360,6,PACE,AECI,1585742400,180.668,253.194,1
360,6,PACE,AECI,1587060000,188.203,248.597,1
360,6,PACE,AECI,1588377600,201.617,219.363,1
360,6,PACE,AECI,1589695200,213.618,246.57,1
360,6,PACE,AECI,1591012800,207.031,259.337,1
360,6,PACE,AECI,1592330400,199.08,228.339,1
360,6,PACE,AECI,1593648000,226.513,240.899,1
360,6,PACE,AECI,1594965600,197.864,197.864,0
360,6,PACE,AECI,1596283200,237.567,260.232,1
360,6,PACE,AECI,1597600800,255.513,281.818,1
360,6,PACE,AECI,1598918400,232.541,267.98,1
360,6,PACE,AECI,1600236000,262.775,291.387,1
360,6,PACE,AECI,1601553600,244.948,282.514,1
360,6,PACE,AECI,1602871200,226.69,233.838,1
360,6,PACE,AECI,1604188800,258.098,258.098,0
360,6,PACE,AECI,1605506400,230.758,230.758,0
360,6,PACE,AECI,1606824000,255.716,269.88,1
360,6,PACE,AECI,1608141600,221.431,221.431,0
360,1,PACE,PSCO,1577836800,222.045,222.045,0
360,1,PACE,PSCO,1579154400,234.433,234.433,0
360,1,PACE,PSCO,1580472000,198.311,198.311,0
360,1,PACE,PSCO,1581789600,196.827,196.827,0
360,1,PACE,PSCO,1583107200,208.975,208.975,0
360,1,PACE,PSCO,1584424800,252.452,252.452,0
360,1,PACE,PSCO,1585742400,225.822,225.822,0
360,1,PACE,PSCO,1587060000,224.401,224.401,0
360,1,PACE,PSCO,1588377600,195.688,195.688,0
360,1,PACE,PSCO,1589695200,218.514,218.514,0
360,1,PACE,PSCO,1591012800,230.978,230.978,0
360,1,PACE,PSCO,1592330400,200.767,200.767,0
360,1,PACE,PSCO,1593648000,211.4,211.4,0
360,1,PACE,PSCO,1594965600,197.864,197.864,0
360,1,PACE,PSCO,1596283200,232.915,232.915,0
360,1,PACE,PSCO,1597600800,252.895,252.895,0
360,1,PACE,PSCO,1598918400,239.903,239.903,0
360,1,PACE,PSCO,1600236000,257.912,257.912,0
360,1,PACE,PSCO,1601553600,250.583,250.583,0
360,1,PACE,PSCO,1602871200,211.548,211.548,0
360,1,PACE,PSCO,1604188800,258.098,258.098,0
360,1,PACE,PSCO,1605506400,230.758,230.758,0
360,1,PACE,PSCO,1606824000,241.036,241.036,0
360,1,PACE,PSCO,1608141600,221.431,221.431,0
360,2,PACE,PSCO,1577836800,800.211,538.812,11
360,2,PACE,PSCO,1579154400,554.027,432.291,7
360,2,PACE,PSCO,1580472000,449.511,363.053,6
360,2,PACE,PSCO,1581789600,588.906,409.906,7
360,2,PACE,PSCO,1583107200,1149.5,719.707,19
360,2,PACE,PSCO,1584424800,387.012,349.032,3
360,2,PACE,PSCO,1585742400,729.451,530.167,11
360,2,PACE,PSCO,1587060000,584.722,425.21,7
360,2,PACE,PSCO,1588377600,380.774,316.798,5
360,2,PACE,PSCO,1589695200,397.901,343.185,5
360,2,PACE,PSCO,1591012800,595.286,428.64,7
360,2,PACE,PSCO,1592330400,830.856,541.845,12
360,2,PACE,PSCO,1593648000,845.944,571.716,13
360,2,PACE,PSCO,1594965600,670.98,457.316,9
360,2,PACE,PSCO,1596283200,458.644,380.298,5
360,2,PACE,PSCO,1597600800,247.816,281.818,1
360,2,PACE,PSCO,1598918400,601.614,461.004,7
360,2,PACE,PSCO,1600236000,231.719,291.387,1
360,2,PACE,PSCO,1601553600,577.547,464.673,7
360,2,PACE,PSCO,1602871200,547.342,402.172,7
360,2,PACE,PSCO,1604188800,519.794,411.901,5
360,2,PACE,PSCO,1605506400,638.015,476.888,9
360,2,PACE,PSCO,1606824000,201.168,269.88,1
360,2,PACE,PSCO,1608141600,218.308,250.853,1
360,3,PACE,PSCO,1577836800,416.002,337.758,4
360,3,PACE,PSCO,1579154400,224.189,263.698,1
360,3,PACE,PSCO,1580472000,299.803,277.105,3
360,3,PACE,PSCO,1581789600,418.53,313.916,4
360,3,PACE,PSCO,1583107200,253.263,235.332,1
360,3,PACE,PSCO,1584424800,282.741,288.117,1
360,3,PACE,PSCO,1585742400,302.806,276.286,2
360,3,PACE,PSCO,1587060000,368.692,311.154,3
360,3,PACE,PSCO,1588377600,312.209,266.593,3
360,3,PACE,PSCO,1589695200,225.318,246.57,1
360,3,PACE,PSCO,1591012800,385.077,315.24,3
360,3,PACE,PSCO,1592330400,340.551,290.646,3
360,3,PACE,PSCO,1593648000,223.42,240.899,1
360,3,PACE,PSCO,1594965600,302.41,254.082,2
360,3,PACE,PSCO,1596283200,253.604,260.232,1
360,3,PACE,PSCO,1597600800,247.816,281.818,1
360,3,PACE,PSCO,1598918400,389.492,333.487,3
360,3,PACE,PSCO,1600236000,231.719,291.387,1
360,3,PACE,PSCO,1601553600,254.485,282.514,1
360,3,PACE,PSCO,1602871200,565.485,402.172,7
360,3,PACE,PSCO,1604188800,285.806,289.498,1
360,3,PACE,PSCO,1605506400,250.017,259.071,1
360,3,PACE,PSCO,1606824000,201.168,269.88,1
360,3,PACE,PSCO,1608141600,218.308,250.853,1
360,4,PACE,PSCO,1577836800,222.045,222.045,0
360,4,PACE,PSCO,1579154400,234.433,234.433,0
360,4,PACE,PSCO,1580472000,198.311,198.311,0
360,4,PACE,PSCO,1581789600,196.827,196.827,0
360,4,PACE,PSCO,1583107200,208.975,208.975,0
360,4,PACE,PSCO,1584424800,252.452,252.452,0
360,4,PACE,PSCO,1585742400,225.822,225.822,0
360,4,PACE,PSCO,1587060000,224.401,224.401,0
360,4,PACE,PSCO,1588377600,195.688,195.688,0
360,4,PACE,PSCO,1589695200,218.514,218.514,0
360,4,PACE,PSCO,1591012800,230.978,230.978,0
360,4,PACE,PSCO,1592330400,200.767,200.767,0
360,4,PACE,PSCO,1593648000,211.4,211.4,0
360,4,PACE,PSCO,1594965600,197.864,197.864,0
360,4,PACE,PSCO,1596283200,232.915,232.915,0
360,4,PACE,PSCO,1597600800,252.895,252.895,0
360,4,PACE,PSCO,1598918400,239.903,239.903,0
360,4,PACE,PSCO,1600236000,257.912,257.912,0
360,4,PACE,PSCO,1601553600,250.583,250.583,0
360,4,PACE,PSCO,1602871200,211.548,211.548,0
360,4,PACE,PSCO,1604188800,258.098,258.098,0
360,4,PACE,PSCO,1605506400,230.758,230.758,0
360,4,PACE,PSCO,1606824000,241.036,241.036,0
360,4,PACE,PSCO,1608141600,221.431,221.431,0
360,5,PACE,PSCO,1577836800,781.711,538.812,11
360,5,PACE,PSCO,1579154400,552.195,432.291,7
360,5,PACE,PSCO,1580472000,494.642,393.908,7
360,5,PACE,PSCO,1581789600,577.126,409.906,7
360,5,PACE,PSCO,1583107200,1135.994,719.707,19
360,5,PACE,PSCO,1584424800,388.691,349.032,3
360,5,PACE,PSCO,1585742400,704.038,530.167,11
360,5,PACE,PSCO,1587060000,574.168,425.21,7
360,5,PACE,PSCO,1588377600,376.06,316.798,5
360,5,PACE,PSCO,1589695200,393.92,343.185,5
360,5,PACE,PSCO,1591012800,591.303,428.64,7
360,5,PACE,PSCO,1592330400,818.43,541.845,12
360,5,PACE,PSCO,1593648000,832.138,571.716,13
360,5,PACE,PSCO,1594965600,652.893,457.316,9
360,5,PACE,PSCO,1596283200,455.39,380.298,5
360,5,PACE,PSCO,1597600800,247.816,281.818,1
360,5,PACE,PSCO,1598918400,593.596,461.004,7
360,5,PACE,PSCO,1600236000,231.719,291.387,1
360,5,PACE,PSCO,1601553600,566.635,464.673,7
360,5,PACE,PSCO,1602871200,531.054,402.172,7
360,5,PACE,PSCO,1604188800,513.552,411.901,5
360,5,PACE,PSCO,1605506400,627.227,476.888,9
360,5,PACE,PSCO,1606824000,201.168,269.88,1
360,5,PACE,PSCO,1608141600,218.308,250.853,1
360,6,PACE,PSCO,1577836800,222.045,222.045,0
360,6,PACE,PSCO,1579154400,224.189,263.698,1
360,6,PACE,PSCO,1580472000,216.021,223.065,1
360,6,PACE,PSCO,1581789600,196.827,196.827,0
360,6,PACE,PSCO,1583107200,208.975,208.975,0
360,6,PACE,PSCO,1584424800,252.452,252.452,0
360,6,PACE,PSCO,1585742400,225.822,225.822,0
360,6,PACE,PSCO,1587060000,224.401,224.401,0
360,6,PACE,PSCO,1588377600,195.688,195.688,0
360,6,PACE,PSCO,1589695200,225.318,246.57,1
360,6,PACE,PSCO,1591012800,230.978,230.978,0
360,6,PACE,PSCO,1592330400,200.767,200.767,0
360,6,PACE,PSCO,1593648000,223.42,240.899,1
360,6,PACE,PSCO,1594965600,197.864,197.864,0
360,6,PACE,PSCO,1596283200,253.604,260.232,1
360,6,PACE,PSCO,1597600800,247.816,281.818,1
360,6,PACE,PSCO,1598918400,239.903,239.903,0
360,6,PACE,PSCO,1600236000,231.719,291.387,1
360,6,PACE,PSCO,1601553600,254.485,282.514,1
360,6,PACE,PSCO,1602871200,211.548,211.548,0
360,6,PACE,PSCO,1604188800,258.098,258.098,0
360,6,PACE,PSCO,1605506400,250.017,259.071,1
360,6,PACE,PSCO,1606824000,201.168,269.88,1
360,6,PACE,PSCO,1608141600,218.308,250.853,1
360,1,PSCO,EPE,1577836800,201.806,201.806,0
360,1,PSCO,EPE,1579154400,168.095,168.095,0
360,1,PSCO,EPE,1580472000,165.819,165.819,0
360,1,PSCO,EPE,1581789600,208.599,208.599,0
360,1,PSCO,EPE,1583107200,195.56,195.56,0
360,1,PSCO,EPE,1584424800,221.046,221.046,0
360,1,PSCO,EPE,1585742400,196.694,196.694,0
360,1,PSCO,EPE,1587060000,211.329,211.329,0
360,1,PSCO,EPE,1588377600,184.057,184.057,0
360,1,PSCO,EPE,1589695200,174.63,174.63,0
360,1,PSCO,EPE,1591012800,220.905,220.905,0
360,1,PSCO,EPE,1592330400,179.992,179.992,0
360,1,PSCO,EPE,1593648000,180.132,180.132,0
360,1,PSCO,EPE,1594965600,212.921,212.921,0
360,1,PSCO,EPE,1596283200,202.105,202.105,0
360,1,PSCO,EPE,1597600800,189.709,189.709,0
360,1,PSCO,EPE,1598918400,234.795,234.795,0
360,1,PSCO,EPE,1600236000,174.02,174.02,0
360,1,PSCO,EPE,1601553600,195.176,195.176,0
360,1,PSCO,EPE,1602871200,202.804,202.804,0
360,1,PSCO,EPE,1604188800,225.924,225.924,0
360,1,PSCO,EPE,1605506400,203.332,203.332,0
360,1,PSCO,EPE,1606824000,147.36,147.36,0
360,1,PSCO,EPE,1608141600,172.796,172.796,0
360,2,PSCO,EPE,1577836800,454.459,343.825,5
360,2,PSCO,EPE,1579154400,429.759,300.281,5
360,2,PSCO,EPE,1580472000,574.956,394.297,9
360,2,PSCO,EPE,1581789600,318.89,289.022,3
360,2,PSCO,EPE,1583107200,478.327,327.01,6
360,2,PSCO,EPE,1584424800,548.377,405.542,7
360,2,PSCO,EPE,1585742400,337.347,291.128,4
360,2,PSCO,EPE,1587060000,411.728,346.1,5
360,2,PSCO,EPE,1588377600,481.008,329.248,7
360,2,PSCO,EPE,1589695200,346.705,251.071,4
360,2,PSCO,EPE,1591012800,449.213,354.976,5
360,2,PSCO,EPE,1592330400,438.201,320.459,5
360,2,PSCO,EPE,1593648000,519.271,360.299,7
360,2,PSCO,EPE,1594965600,562.239,398.833,7
360,2,PSCO,EPE,1596283200,377.147,282.61,4
360,2,PSCO,EPE,1597600800,642.17,430.598,9
360,2,PSCO,EPE,1598918400,297.699,276.889,2
360,2,PSCO,EPE,1600236000,544.052,355.094,8
360,2,PSCO,EPE,1601553600,592.976,384.629,8
360,2,PSCO,EPE,1602871200,514.44,355.611,6
360,2,PSCO,EPE,1604188800,626.407,428.894,8
360,2,PSCO,EPE,1605506400,547.295,366.666,8
360,2,PSCO,EPE,1606824000,147.36,147.36,0
360,2,PSCO,EPE,1608141600,172.796,172.796,0
360,3,PSCO,EPE,1577836800,250.752,231.196,1
360,3,PSCO,EPE,1579154400,168.095,168.095,0
360,3,PSCO,EPE,1580472000,165.819,165.819,0
360,3,PSCO,EPE,1581789600,323.436,289.022,3
360,3,PSCO,EPE,1583107200,195.56,195.56,0
360,3,PSCO,EPE,1584424800,353.035,294.167,3
360,3,PSCO,EPE,1585742400,213.806,225.517,1
360,3,PSCO,EPE,1587060000,217.874,237.395,1
360,3,PSCO,EPE,1588377600,268.355,224.118,2
360,3,PSCO,EPE,1589695200,174.63,174.63,0
360,3,PSCO,EPE,1591012800,247.244,248.662,1
360,3,PSCO,EPE,1592330400,179.992,179.992,0
360,3,PSCO,EPE,1593648000,270.704,224.858,2
360,3,PSCO,EPE,1594965600,408.625,319.521,4
360,3,PSCO,EPE,1596283200,202.105,202.105,0
360,3,PSCO,EPE,1597600800,232.488,217.687,1
360,3,PSCO,EPE,1598918400,290.031,276.889,2
360,3,PSCO,EPE,1600236000,174.02,174.02,0
360,3,PSCO,EPE,1601553600,195.176,195.176,0
360,3,PSCO,EPE,1602871200,293.346,252.069,2
360,3,PSCO,EPE,1604188800,371.524,307.556,3
360,3,PSCO,EPE,1605506400,336.204,269.563,3
360,3,PSCO,EPE,1606824000,147.36,147.36,0
360,3,PSCO,EPE,1608141600,172.796,172.796,0
360,4,PSCO,EPE,1577836800,201.806,201.806,0
360,4,PSCO,EPE,1579154400,168.095,168.095,0
360,4,PSCO,EPE,1580472000,165.819,165.819,0
360,4,PSCO,EPE,1581789600,208.599,208.599,0
360,4,PSCO,EPE,1583107200,195.56,195.56,0
360,4,PSCO,EPE,1584424800,221.046,221.046,0
360,4,PSCO,EPE,1585742400,196.694,196.694,0
360,4,PSCO,EPE,1587060000,211.329,211.329,0
360,4,PSCO,EPE,1588377600,184.057,184.057,0
360,4,PSCO,EPE,1589695200,174.63,174.63,0
360,4,PSCO,EPE,1591012800,220.905,220.905,0
360,4,PSCO,EPE,1592330400,179.992,179.992,0
360,4,PSCO,EPE,1593648000,180.132,180.132,0
360,4,PSCO,EPE,1594965600,212.921,212.921,0
360,4,PSCO,EPE,1596283200,202.105,202.105,0
360,4,PSCO,EPE,1597600800,189.709,189.709,0
360,4,PSCO,EPE,1598918400,234.795,234.795,0
360,4,PSCO,EPE,1600236000,174.02,174.02,0
360,4,PSCO,EPE,1601553600,195.176,195.176,0
360,4,PSCO,EPE,1602871200,202.804,202.804,0
360,4,PSCO,EPE,1604188800,225.924,225.924,0
360,4,PSCO,EPE,1605506400,203.332,203.332,0
360,4,PSCO,EPE,1606824000,147.36,147.36,0
360,4,PSCO,EPE,1608141600,172.796,172.796,0
360,5,PSCO,EPE,1577836800,445.597,343.825,5
360,5,PSCO,EPE,1579154400,427.838,300.281,5
360,5,PSCO,EPE,1580472000,560.568,394.297,9
360,5,PSCO,EPE,1581789600,317.292,289.022,3
360,5,PSCO,EPE,1583107200,472.26,327.01,6
360,5,PSCO,EPE,1584424800,541.236,405.542,7
360,5,PSCO,EPE,1585742400,329.95,291.128,4
360,5,PSCO,EPE,1587060000,408.112,346.1,5
360,5,PSCO,EPE,1588377600,474.123,329.248,7
360,5,PSCO,EPE,1589695200,341.865,251.071,4
360,5,PSCO,EPE,1591012800,446.694,354.976,5
360,5,PSCO,EPE,1592330400,430.388,320.459,5
360,5,PSCO,EPE,1593648000,510.932,360.299,7
360,5,PSCO,EPE,1594965600,550.208,398.833,7
360,5,PSCO,EPE,1596283200,377.024,282.61,4
360,5,PSCO,EPE,1597600800,632.559,430.598,9
360,5,PSCO,EPE,1598918400,293.756,276.889,2
360,5,PSCO,EPE,1600236000,533.522,355.094,8
360,5,PSCO,EPE,1601553600,575.165,384.629,8
360,5,PSCO,EPE,1602871200,508.072,355.611,6
360,5,PSCO,EPE,1604188800,618.375,428.894,8
360,5,PSCO,EPE,1605506400,536.831,366.666,8
360,5,PSCO,EPE,1606824000,147.36,147.36,0
360,5,PSCO,EPE,1608141600,172.796,172.796,0
360,6,PSCO,EPE,1577836800,201.806,201.806,0
360,6,PSCO,EPE,1579154400,168.095,168.095,0
360,6,PSCO,EPE,1580472000,165.819,165.819,0
360,6,PSCO,EPE,1581789600,224.754,230.456,1
360,6,PSCO,EPE,1583107200,195.56,195.56,0
360,6,PSCO,EPE,1584424800,221.046,221.046,0
360,6,PSCO,EPE,1585742400,214.127,225.517,1
360,6,PSCO,EPE,1587060000,217.874,237.395,1
360,6,PSCO,EPE,1588377600,184.057,184.057,0
360,6,PSCO,EPE,1589695200,174.63,174.63,0
360,6,PSCO,EPE,1591012800,220.905,220.905,0
360,6,PSCO,EPE,1592330400,179.992,179.992,0
360,6,PSCO,EPE,1593648000,180.132,180.132,0
360,6,PSCO,EPE,1594965600,212.921,212.921,0
360,6,PSCO,EPE,1596283200,202.105,202.105,0
360,6,PSCO,EPE,1597600800,189.709,189.709,0
360,6,PSCO,EPE,1598918400,248.041,257.495,1
360,6,PSCO,EPE,1600236000,174.02,174.02,0
360,6,PSCO,EPE,1601553600,195.176,195.176,0
360,6,PSCO,EPE,1602871200,202.804,202.804,0
360,6,PSCO,EPE,1604188800,225.924,225.924,0
360,6,PSCO,EPE,1605506400,203.332,203.332,0
360,6,PSCO,EPE,1606824000,147.36,147.36,0
360,6,PSCO,EPE,1608141600,172.796,172.796,0
360,1,PSCO,PACE,1577836800,201.806,201.806,0
360,1,PSCO,PACE,1579154400,168.095,168.095,0
360,1,PSCO,PACE,1580472000,165.819,165.819,0
360,1,PSCO,PACE,1581789600,208.599,208.599,0
360,1,PSCO,PACE,1583107200,195.56,195.56,0
360,1,PSCO,PACE,1584424800,221.046,221.046,0
360,1,PSCO,PACE,1585742400,196.694,196.694,0
360,1,PSCO,PACE,1587060000,211.329,211.329,0
360,1,PSCO,PACE,1588377600,184.057,184.057,0
360,1,PSCO,PACE,1589695200,174.63,174.63,0
360,1,PSCO,PACE,1591012800,220.905,220.905,0
360,1,PSCO,PACE,1592330400,179.992,179.992,0
360,1,PSCO,PACE,1593648000,180.132,180.132,0
360,1,PSCO,PACE,1594965600,212.921,212.921,0
360,1,PSCO,PACE,1596283200,202.105,202.105,0
360,1,PSCO,PACE,1597600800,189.709,189.709,0
360,1,PSCO,PACE,1598918400,234.795,234.795,0
360,1,PSCO,PACE,1600236000,174.02,174.02,0
360,1,PSCO,PACE,1601553600,195.176,195.176,0
360,1,PSCO,PACE,1602871200,202.804,202.804,0
360,1,PSCO,PACE,1604188800,225.924,225.924,0
360,1,PSCO,PACE,1605506400,203.332,203.332,0
360,1,PSCO,PACE,1606824000,147.36,147.36,0
360,1,PSCO,PACE,1608141600,172.796,172.796,0
360,2,PSCO,PACE,1577836800,749.391,472.266,10
360,2,PSCO,PACE,1579154400,375.078,268.265,4
360,2,PSCO,PACE,1580472000,554.667,364.019,8
360,2,PSCO,PACE,1581789600,646.879,438.823,8
360,2,PSCO,PACE,1583107200,1092.241,626.183,18
360,2,PSCO,PACE,1584424800,329.472,271.702,2
360,2,PSCO,PACE,1585742400,578.505,369.615,8
360,2,PSCO,PACE,1587060000,472.07,346.1,5
360,2,PSCO,PACE,1588377600,333.626,255.099,4
360,2,PSCO,PACE,1589695200,345.383,251.071,4
360,2,PSCO,PACE,1591012800,428.376,326.264,4
360,2,PSCO,PACE,1592330400,922.418,564.22,14
360,2,PSCO,PACE,1593648000,903.312,532.649,14
360,2,PSCO,PACE,1594965600,564.775,398.833,7
360,2,PSCO,PACE,1596283200,395.835,282.61,4
360,2,PSCO,PACE,1597600800,189.709,189.709,0
360,2,PSCO,PACE,1598918400,544.31,367.918,6
360,2,PSCO,PACE,1600236000,174.02,174.02,0
360,2,PSCO,PACE,1601553600,416.304,289.53,4
360,2,PSCO,PACE,1602871200,451.425,335.529,5
360,2,PSCO,PACE,1604188800,336.79,278.127,2
360,2,PSCO,PACE,1605506400,497.921,330.314,6
360,2,PSCO,PACE,1606824000,147.36,147.36,0
360,2,PSCO,PACE,1608141600,172.796,172.796,0
360,3,PSCO,PACE,1577836800,306.059,257.226,2
360,3,PSCO,PACE,1579154400,168.095,168.095,0
360,3,PSCO,PACE,1580472000,165.819,165.819,0
360,3,PSCO,PACE,1581789600,299.316,258.305,2
360,3,PSCO,PACE,1583107200,467.466,327.01,6
360,3,PSCO,PACE,1584424800,221.046,221.046,0
360,3,PSCO,PACE,1585742400,196.694,196.694,0
360,3,PSCO,PACE,1587060000,312.498,263.508,2
360,3,PSCO,PACE,1588377600,256.538,224.118,2
360,3,PSCO,PACE,1589695200,174.63,174.63,0
360,3,PSCO,PACE,1591012800,220.905,220.905,0
360,3,PSCO,PACE,1592330400,179.992,179.992,0
360,3,PSCO,PACE,1593648000,270.167,224.858,2
360,3,PSCO,PACE,1594965600,548.737,398.833,7
360,3,PSCO,PACE,1596283200,202.105,202.105,0
360,3,PSCO,PACE,1597600800,189.709,189.709,0
360,3,PSCO,PACE,1598918400,336.966,276.889,2
360,3,PSCO,PACE,1600236000,174.02,174.02,0
360,3,PSCO,PACE,1601553600,195.176,195.176,0
360,3,PSCO,PACE,1602871200,291.401,252.069,2
360,3,PSCO,PACE,1604188800,225.924,225.924,0
360,3,PSCO,PACE,1605506400,203.332,203.332,0
360,3,PSCO,PACE,1606824000,147.36,147.36,0
360,3,PSCO,PACE,1608141600,172.796,172.796,0
360,4,PSCO,PACE,1577836800,201.806,201.806,0
360,4,PSCO,PACE,1579154400,168.095,168.095,0
360,4,PSCO,PACE,1580472000,165.819,165.819,0
360,4,PSCO,PACE,1581789600,208.599,208.599,0
360,4,PSCO,PACE,1583107200,195.56,195.56,0
360,4,PSCO,PACE,1584424800,221.046,221.046,0
360,4,PSCO,PACE,1585742400,196.694,196.694,0
360,4,PSCO,PACE,1587060000,211.329,211.329,0
360,4,PSCO,PACE,1588377600,184.057,184.057,0
360,4,PSCO,PACE,1589695200,174.63,174.63,0
360,4,PSCO,PACE,1591012800,220.905,220.905,0
360,4,PSCO,PACE,1592330400,179.992,179.992,0
360,4,PSCO,PACE,1593648000,180.132,180.132,0
360,4,PSCO,PACE,1594965600,212.921,212.921,0
360,4,PSCO,PACE,1596283200,202.105,202.105,0
360,4,PSCO,PACE,1597600800,189.709,189.709,0
360,4,PSCO,PACE,1598918400,234.795,234.795,0
360,4,PSCO,PACE,1600236000,174.02,174.02,0
360,4,PSCO,PACE,1601553600,195.176,195.176,0
360,4,PSCO,PACE,1602871200,202.804,202.804,0
360,4,PSCO,PACE,1604188800,225.924,225.924,0
360,4,PSCO,PACE,1605506400,203.332,203.332,0
360,4,PSCO,PACE,1606824000,147.36,147.36,0
360,4,PSCO,PACE,1608141600,172.796,172.796,0
360,5,PSCO,PACE,1577836800,730.89,472.266,10
360,5,PSCO,PACE,1579154400,432.418,300.281,5
360,5,PSCO,PACE,1580472000,539.53,364.019,8
360,5,PSCO,PACE,1581789600,635.099,438.823,8
360,5,PSCO,PACE,1583107200,1078.736,626.183,18
360,5,PSCO,PACE,1584424800,331.151,271.702,2
360,5,PSCO,PACE,1585742400,558.175,369.615,8
360,5,PSCO,PACE,1587060000,518.082,373.461,6
360,5,PSCO,PACE,1588377600,328.912,255.099,4
360,5,PSCO,PACE,1589695200,341.402,251.071,4
360,5,PSCO,PACE,1591012800,423.713,326.264,4
360,5,PSCO,PACE,1592330400,908.606,564.22,14
360,5,PSCO,PACE,1593648000,689.099,439.562,10
360,5,PSCO,PACE,1594965600,600.165,425.616,8
360,5,PSCO,PACE,1596283200,393.261,282.61,4
360,5,PSCO,PACE,1597600800,189.709,189.709,0
360,5,PSCO,PACE,1598918400,536.293,367.918,6
360,5,PSCO,PACE,1600236000,174.02,174.02,0
360,5,PSCO,PACE,1601553600,407.405,289.53,4
360,5,PSCO,PACE,1602871200,483.736,355.611,6
360,5,PSCO,PACE,1604188800,332.476,278.127,2
360,5,PSCO,PACE,1605506400,576.72,366.666,8
360,5,PSCO,PACE,1606824000,147.36,147.36,0
360,5,PSCO,PACE,1608141600,172.796,172.796,0
360,6,PSCO,PACE,1577836800,201.806,201.806,0
360,6,PSCO,PACE,1579154400,168.095,168.095,0
360,6,PSCO,PACE,1580472000,165.819,165.819,0
360,6,PSCO,PACE,1581789600,208.599,208.599,0
360,6,PSCO,PACE,1583107200,195.56,195.56,0
360,6,PSCO,PACE,1584424800,221.046,221.046,0
360,6,PSCO,PACE,1585742400,196.694,196.694,0
360,6,PSCO,PACE,1587060000,211.329,211.329,0
360,6,PSCO,PACE,1588377600,184.057,184.057,0
360,6,PSCO,PACE,1589695200,174.63,174.63,0
360,6,PSCO,PACE,1591012800,220.905,220.905,0
360,6,PSCO,PACE,1592330400,179.992,179.992,0
360,6,PSCO,PACE,1593648000,180.132,180.132,0
360,6,PSCO,PACE,1594965600,212.921,212.921,0
360,6,PSCO,PACE,1596283200,202.105,202.105,0
360,6,PSCO,PACE,1597600800,189.709,189.709,0
360,6,PSCO,PACE,1598918400,234.795,234.795,0
360,6,PSCO,PACE,1600236000,174.02,174.02,0
360,6,PSCO,PACE,1601553600,195.176,195.176,0
360,6,PSCO,PACE,1602871200,202.804,202.804,0
360,6,PSCO,PACE,1604188800,225.924,225.924,0
360,6,PSCO,PACE,1605506400,203.332,203.332,0
360,6,PSCO,PACE,1606824000,147.36,147.36,0
360,6,PSCO,PACE,1608141600,172.796,172.796,0
360,1,TEPC,AECI,1577836800,261.782,261.782,0
360,1,TEPC,AECI,1579154400,260.044,260.044,0
360,1,TEPC,AECI,1580472000,227.287,227.287,0
360,1,TEPC,AECI,1581789600,230.952,230.952,0
360,1,TEPC,AECI,1583107200,213.887,213.887,0
360,1,TEPC,AECI,1584424800,209.261,209.261,0
360,1,TEPC,AECI,1585742400,163.89,163.89,0
360,1,TEPC,AECI,1587060000,178.693,178.693,0
360,1,TEPC,AECI,1588377600,179.254,179.254,0
360,1,TEPC,AECI,1589695200,215.518,215.518,0
360,1,TEPC,AECI,1591012800,222.496,222.496,0
360,1,TEPC,AECI,1592330400,189.451,189.451,0
360,1,TEPC,AECI,1593648000,215.878,215.878,0
360,1,TEPC,AECI,1594965600,207.863,207.863,0
360,1,TEPC,AECI,1596283200,219.66,219.66,0
360,1,TEPC,AECI,1597600800,232.192,232.192,0
360,1,TEPC,AECI,1598918400,219.508,219.508,0
360,1,TEPC,AECI,1600236000,245.174,245.174,0
360,1,TEPC,AECI,1601553600,235.921,235.921,0
360,1,TEPC,AECI,1602871200,262.53,262.53,0
360,1,TEPC,AECI,1604188800,265.706,265.706,0
360,1,TEPC,AECI,1605506400,225.001,225.001,0
360,1,TEPC,AECI,1606824000,193.11,193.11,0
360,1,TEPC,AECI,1608141600,251.11,251.11,0
360,2,TEPC,AECI,1577836800,231.013,296.172,1
360,2,TEPC,AECI,1579154400,244.193,294.856,1
360,2,TEPC,AECI,1580472000,512.583,439.375,7
360,2,TEPC,AECI,1581789600,527.11,433.751,7
360,2,TEPC,AECI,1583107200,399.784,362.084,5
360,2,TEPC,AECI,1584424800,306.579,290.697,3
360,2,TEPC,AECI,1585742400,563.604,402.629,11
360,2,TEPC,AECI,1587060000,402.995,338.256,7
360,2,TEPC,AECI,1588377600,422.93,336.798,7
360,2,TEPC,AECI,1589695200,203.368,247.268,1
360,2,TEPC,AECI,1591012800,201.914,249.049,1
360,2,TEPC,AECI,1592330400,284.216,258.663,3
360,2,TEPC,AECI,1593648000,419.879,347.319,5
360,2,TEPC,AECI,1594965600,422.542,347.446,5
360,2,TEPC,AECI,1596283200,234.152,245.567,1
360,2,TEPC,AECI,1597600800,251.963,258.606,1
360,2,TEPC,AECI,1598918400,226.315,245.984,1
360,2,TEPC,AECI,1600236000,482.356,399.733,5
360,2,TEPC,AECI,1601553600,336.25,314.767,3
360,2,TEPC,AECI,1602871200,235.015,292.642,1
360,2,TEPC,AECI,1604188800,497.652,423.873,5
360,2,TEPC,AECI,1605506400,440.535,375.053,5
360,2,TEPC,AECI,1606824000,642.266,430.64,9
360,2,TEPC,AECI,1608141600,247.652,282.312,1
360,3,TEPC,AECI,1577836800,231.013,296.172,1
360,3,TEPC,AECI,1579154400,244.193,294.856,1
360,3,TEPC,AECI,1580472000,274.504,281.205,2
360,3,TEPC,AECI,1581789600,355.041,312.379,3
360,3,TEPC,AECI,1583107200,213.887,213.887,0
360,3,TEPC,AECI,1584424800,219.732,237.414,1
360,3,TEPC,AECI,1585742400,225.917,198.945,2
360,3,TEPC,AECI,1587060000,268.971,248.192,3
360,3,TEPC,AECI,1588377600,179.254,179.254,0
360,3,TEPC,AECI,1589695200,203.368,247.268,1
360,3,TEPC,AECI,1591012800,248.398,273.603,2
360,3,TEPC,AECI,1592330400,313.635,258.663,3
360,3,TEPC,AECI,1593648000,215.878,215.878,0
360,3,TEPC,AECI,1594965600,441.587,347.446,5
360,3,TEPC,AECI,1596283200,303.864,269.073,2
360,3,TEPC,AECI,1597600800,232.192,232.192,0
360,3,TEPC,AECI,1598918400,372.037,329.928,4
360,3,TEPC,AECI,1600236000,295.133,278.101,1
360,3,TEPC,AECI,1601553600,284.802,287.112,2
360,3,TEPC,AECI,1602871200,235.015,292.642,1
360,3,TEPC,AECI,1604188800,514.392,423.873,5
360,3,TEPC,AECI,1605506400,261.052,254.625,1
360,3,TEPC,AECI,1606824000,193.11,193.11,0
360,3,TEPC,AECI,1608141600,247.652,282.312,1
360,4,TEPC,AECI,1577836800,261.782,261.782,0
360,4,TEPC,AECI,1579154400,260.044,260.044,0
360,4,TEPC,AECI,1580472000,227.287,227.287,0
360,4,TEPC,AECI,1581789600,230.952,230.952,0
360,4,TEPC,AECI,1583107200,213.887,213.887,0
360,4,TEPC,AECI,1584424800,209.261,209.261,0
360,4,TEPC,AECI,1585742400,163.89,163.89,0
360,4,TEPC,AECI,1587060000,178.693,178.693,0
360,4,TEPC,AECI,1588377600,179.254,179.254,0
360,4,TEPC,AECI,1589695200,215.518,215.518,0
360,4,TEPC,AECI,1591012800,222.496,222.496,0
360,4,TEPC,AECI,1592330400,189.451,189.451,0
360,4,TEPC,AECI,1593648000,215.878,215.878,0
360,4,TEPC,AECI,1594965600,207.863,207.863,0
360,4,TEPC,AECI,1596283200,219.66,219.66,0
360,4,TEPC,AECI,1597600800,232.192,232.192,0
360,4,TEPC,AECI,1598918400,219.508,219.508,0
360,4,TEPC,AECI,1600236000,245.174,245.174,0
360,4,TEPC,AECI,1601553600,235.921,235.921,0
360,4,TEPC,AECI,1602871200,262.53,262.53,0
360,4,TEPC,AECI,1604188800,265.706,265.706,0
360,4,TEPC,AECI,1605506400,225.001,225.001,0
360,4,TEPC,AECI,1606824000,193.11,193.11,0
360,4,TEPC,AECI,1608141600,251.11,251.11,0
360,5,TEPC,AECI,1577836800,231.013,296.172,1
360,5,TEPC,AECI,1579154400,244.193,294.856,1
360,5,TEPC,AECI,1580472000,499.29,439.375,7
360,5,TEPC,AECI,1581789600,516.076,433.751,7
360,5,TEPC,AECI,1583107200,391.849,362.084,5
360,5,TEPC,AECI,1584424800,303.796,290.697,3
360,5,TEPC,AECI,1585742400,554.889,402.629,11
360,5,TEPC,AECI,1587060000,394.078,338.256,7
360,5,TEPC,AECI,1588377600,416.475,336.798,7
360,5,TEPC,AECI,1589695200,203.368,247.268,1
360,5,TEPC,AECI,1591012800,201.914,249.049,1
360,5,TEPC,AECI,1592330400,280.913,258.663,3
360,5,TEPC,AECI,1593648000,417.064,347.319,5
360,5,TEPC,AECI,1594965600,418.779,347.446,5
360,5,TEPC,AECI,1596283200,234.152,245.567,1
360,5,TEPC,AECI,1597600800,251.963,258.606,1
360,5,TEPC,AECI,1598918400,226.315,245.984,1
360,5,TEPC,AECI,1600236000,479.25,399.733,5
360,5,TEPC,AECI,1601553600,335.117,314.767,3
360,5,TEPC,AECI,1602871200,235.015,292.642,1
360,5,TEPC,AECI,1604188800,494.015,423.873,5
360,5,TEPC,AECI,1605506400,437.055,375.053,5
360,5,TEPC,AECI,1606824000,636.059,430.64,9
360,5,TEPC,AECI,1608141600,247.652,282.312,1
360,6,TEPC,AECI,1577836800,231.013,296.172,1
360,6,TEPC,AECI,1579154400,244.193,294.856,1
360,6,TEPC,AECI,1580472000,228.736,258.924,1
360,6,TEPC,AECI,1581789600,237.266,252.622,1
360,6,TEPC,AECI,1583107200,213.887,213.887,0
360,6,TEPC,AECI,1584424800,219.847,237.414,1
360,6,TEPC,AECI,1585742400,175.754,183.39,1
360,6,TEPC,AECI,1587060000,175.836,196.152,1
360,6,TEPC,AECI,1588377600,179.254,179.254,0
360,6,TEPC,AECI,1589695200,203.368,247.268,1
360,6,TEPC,AECI,1591012800,201.914,249.049,1
360,6,TEPC,AECI,1592330400,200.937,209.975,1
360,6,TEPC,AECI,1593648000,231.146,243.463,1
360,6,TEPC,AECI,1594965600,207.863,207.863,0
360,6,TEPC,AECI,1596283200,234.152,245.567,1
360,6,TEPC,AECI,1597600800,232.192,232.192,0
360,6,TEPC,AECI,1598918400,226.315,245.984,1
360,6,TEPC,AECI,1600236000,260.231,278.101,1
360,6,TEPC,AECI,1601553600,237.626,261.856,1
360,6,TEPC,AECI,1602871200,235.015,292.642,1
360,6,TEPC,AECI,1604188800,277.967,295.786,1
360,6,TEPC,AECI,1605506400,225.001,225.001,0
360,6,TEPC,AECI,1606824000,193.11,193.11,0
360,6,TEPC,AECI,1608141600,247.652,282.312,1
