overhead_min,policy,source_grid,dest_grid,start_ts,total_carbon_kgco2eq,baseline_carbon_kgco2eq,migration_count
0,1,AECI,EPE,1577836800,27.991,27.991,0
0,1,AECI,EPE,1579154400,30.139,30.139,0
0,1,AECI,EPE,1580472000,29.202,29.202,0
0,1,AECI,EPE,1581789600,30.99,30.99,0
0,1,AECI,EPE,1583107200,28.95,28.95,0
0,1,AECI,EPE,1584424800,28.31,28.31,0
0,1,AECI,EPE,1585742400,21.211,21.211,0
0,1,AECI,EPE,1587060000,23.892,23.892,0
0,1,AECI,EPE,1588377600,25.143,25.143,0
0,1,AECI,EPE,1589695200,25.774,25.774,0
0,1,AECI,EPE,1591012800,24.75,24.75,0
0,1,AECI,EPE,1592330400,25.959,25.959,0
0,1,AECI,EPE,1593648000,29.983,29.983,0
0,1,AECI,EPE,1594965600,28.571,28.571,0
0,1,AECI,EPE,1596283200,29.488,29.488,0
0,1,AECI,EPE,1597600800,32.788,32.788,0
0,1,AECI,EPE,1598918400,29.414,29.414,0
0,1,AECI,EPE,1600236000,33.086,33.086,0
0,1,AECI,EPE,1601553600,29.771,29.771,0
0,1,AECI,EPE,1602871200,29.148,29.148,0
0,1,AECI,EPE,1604188800,35.804,35.804,0
0,1,AECI,EPE,1605506400,33.466,33.466,0
0,1,AECI,EPE,1606824000,31.991,31.991,0
0,1,AECI,EPE,1608141600,31.713,31.713,0
0,2,AECI,EPE,1577836800,26.61,27.991,9
0,2,AECI,EPE,1579154400,27.584,30.139,3
0,2,AECI,EPE,1580472000,23.548,29.202,2
0,2,AECI,EPE,1581789600,23.713,30.99,1
0,2,AECI,EPE,1583107200,25.666,28.95,5
0,2,AECI,EPE,1584424800,26.509,28.31,6
0,2,AECI,EPE,1585742400,20.331,21.211,5
0,2,AECI,EPE,1587060000,22.174,23.892,5
0,2,AECI,EPE,1588377600,23.069,25.143,5
0,2,AECI,EPE,1589695200,24.169,25.774,6
0,2,AECI,EPE,1591012800,23.767,24.75,6
0,2,AECI,EPE,1592330400,24.874,25.959,7
0,2,AECI,EPE,1593648000,26.497,29.983,5
0,2,AECI,EPE,1594965600,27.028,28.571,4
0,2,AECI,EPE,1596283200,27.042,29.488,4
0,2,AECI,EPE,1597600800,28.735,32.788,3
0,2,AECI,EPE,1598918400,27.226,29.414,5
0,2,AECI,EPE,1600236000,26.68,33.086,1
0,2,AECI,EPE,1601553600,27.722,29.771,2
0,2,AECI,EPE,1602871200,27.564,29.148,5
0,2,AECI,EPE,1604188800,28.602,35.804,5
0,2,AECI,EPE,1605506400,27.169,33.466,2
0,2,AECI,EPE,1606824000,26.552,31.991,3
0,2,AECI,EPE,1608141600,28.782,31.713,9
0,3,AECI,EPE,1577836800,27.046,27.991,1
0,3,AECI,EPE,1579154400,27.65,30.139,1
0,3,AECI,EPE,1580472000,23.99,29.202,2
0,3,AECI,EPE,1581789600,23.713,30.99,1
0,3,AECI,EPE,1583107200,27.044,28.95,1
0,3,AECI,EPE,1584424800,27.025,28.31,2
0,3,AECI,EPE,1585742400,20.921,21.211,3
0,3,AECI,EPE,1587060000,22.979,23.892,1
0,3,AECI,EPE,1588377600,24.572,25.143,1
0,3,AECI,EPE,1589695200,25.163,25.774,2
0,3,AECI,EPE,1591012800,24.75,24.75,0
0,3,AECI,EPE,1592330400,25.796,25.959,1
0,3,AECI,EPE,1593648000,26.506,29.983,1
0,3,AECI,EPE,1594965600,27.758,28.571,4
0,3,AECI,EPE,1596283200,27.239,29.488,2
0,3,AECI,EPE,1597600800,28.731,32.788,1
0,3,AECI,EPE,1598918400,27.216,29.414,3
0,3,AECI,EPE,1600236000,26.68,33.086,1
0,3,AECI,EPE,1601553600,29.203,29.771,2
0,3,AECI,EPE,1602871200,29.007,29.148,1
0,3,AECI,EPE,1604188800,28.827,35.804,1
0,3,AECI,EPE,1605506400,27.178,33.466,2
0,3,AECI,EPE,1606824000,26.541,31.991,3
0,3,AECI,EPE,1608141600,28.788,31.713,3
0,4,AECI,EPE,1577836800,27.286,27.991,3
0,4,AECI,EPE,1579154400,27.65,30.139,1
0,4,AECI,EPE,1580472000,24.262,29.202,1
0,4,AECI,EPE,1581789600,23.713,30.99,1
0,4,AECI,EPE,1583107200,27.044,28.95,1
0,4,AECI,EPE,1584424800,27.184,28.31,1
0,4,AECI,EPE,1585742400,21.105,21.211,1
0,4,AECI,EPE,1587060000,23.589,23.892,2
0,4,AECI,EPE,1588377600,24.216,25.143,3
0,4,AECI,EPE,1589695200,24.689,25.774,2
0,4,AECI,EPE,1591012800,24.75,24.75,0
0,4,AECI,EPE,1592330400,25.42,25.959,2
0,4,AECI,EPE,1593648000,26.506,29.983,1
0,4,AECI,EPE,1594965600,27.872,28.571,1
0,4,AECI,EPE,1596283200,27.295,29.488,1
0,4,AECI,EPE,1597600800,28.731,32.788,1
0,4,AECI,EPE,1598918400,27.219,29.414,1
0,4,AECI,EPE,1600236000,26.68,33.086,1
0,4,AECI,EPE,1601553600,29.043,29.771,3
0,4,AECI,EPE,1602871200,29.782,29.148,1
0,4,AECI,EPE,1604188800,28.827,35.804,1
0,4,AECI,EPE,1605506400,27.302,33.466,1
0,4,AECI,EPE,1606824000,26.576,31.991,1
0,4,AECI,EPE,1608141600,28.891,31.713,1
0,5,AECI,EPE,1577836800,26.483,27.991,9
0,5,AECI,EPE,1579154400,27.518,30.139,3
0,5,AECI,EPE,1580472000,23.533,29.202,3
0,5,AECI,EPE,1581789600,23.713,30.99,1
0,5,AECI,EPE,1583107200,25.519,28.95,3
0,5,AECI,EPE,1584424800,26.435,28.31,6
0,5,AECI,EPE,1585742400,20.269,21.211,5
0,5,AECI,EPE,1587060000,22.071,23.892,5
0,5,AECI,EPE,1588377600,22.962,25.143,5
0,5,AECI,EPE,1589695200,24.023,25.774,6
0,5,AECI,EPE,1591012800,23.617,24.75,6
0,5,AECI,EPE,1592330400,24.678,25.959,7
0,5,AECI,EPE,1593648000,26.376,29.983,5
0,5,AECI,EPE,1594965600,26.873,28.571,4
0,5,AECI,EPE,1596283200,26.913,29.488,4
0,5,AECI,EPE,1597600800,28.692,32.788,3
0,5,AECI,EPE,1598918400,27.201,29.414,5
0,5,AECI,EPE,1600236000,26.68,33.086,2
0,5,AECI,EPE,1601553600,27.61,29.771,2
0,5,AECI,EPE,1602871200,27.51,29.148,5
0,5,AECI,EPE,1604188800,28.505,35.804,5
0,5,AECI,EPE,1605506400,27.159,33.466,2
0,5,AECI,EPE,1606824000,26.541,31.991,3
0,5,AECI,EPE,1608141600,28.712,31.713,9
0,6,AECI,EPE,1577836800,27.046,27.991,1
0,6,AECI,EPE,1579154400,27.65,30.139,1
0,6,AECI,EPE,1580472000,23.691,29.202,2
0,6,AECI,EPE,1581789600,23.713,30.99,1
0,6,AECI,EPE,1583107200,27.044,28.95,1
0,6,AECI,EPE,1584424800,27.184,28.31,1
0,6,AECI,EPE,1585742400,21.211,21.211,0
0,6,AECI,EPE,1587060000,22.979,23.892,1
0,6,AECI,EPE,1588377600,24.572,25.143,1
0,6,AECI,EPE,1589695200,25.04,25.774,1
0,6,AECI,EPE,1591012800,24.75,24.75,0
0,6,AECI,EPE,1592330400,25.959,25.959,0
0,6,AECI,EPE,1593648000,26.506,29.983,1
0,6,AECI,EPE,1594965600,27.872,28.571,1
0,6,AECI,EPE,1596283200,27.295,29.488,1
0,6,AECI,EPE,1597600800,28.731,32.788,1
0,6,AECI,EPE,1598918400,27.219,29.414,1
0,6,AECI,EPE,1600236000,26.68,33.086,1
0,6,AECI,EPE,1601553600,28.394,29.771,2
0,6,AECI,EPE,1602871200,29.148,29.148,0
0,6,AECI,EPE,1604188800,28.827,35.804,1
0,6,AECI,EPE,1605506400,27.302,33.466,1
0,6,AECI,EPE,1606824000,26.576,31.991,1
0,6,AECI,EPE,1608141600,28.891,31.713,1
0,1,AECI,PACE,1577836800,27.991,27.991,0
0,1,AECI,PACE,1579154400,30.139,30.139,0
0,1,AECI,PACE,1580472000,29.202,29.202,0
0,1,AECI,PACE,1581789600,30.99,30.99,0
0,1,AECI,PACE,1583107200,28.95,28.95,0
0,1,AECI,PACE,1584424800,28.31,28.31,0
0,1,AECI,PACE,1585742400,21.211,21.211,0
0,1,AECI,PACE,1587060000,23.892,23.892,0
0,1,AECI,PACE,1588377600,25.143,25.143,0
0,1,AECI,PACE,1589695200,25.774,25.774,0
0,1,AECI,PACE,1591012800,24.75,24.75,0
0,1,AECI,PACE,1592330400,25.959,25.959,0
0,1,AECI,PACE,1593648000,29.983,29.983,0
0,1,AECI,PACE,1594965600,28.571,28.571,0
0,1,AECI,PACE,1596283200,29.488,29.488,0
0,1,AECI,PACE,1597600800,32.788,32.788,0
0,1,AECI,PACE,1598918400,29.414,29.414,0
0,1,AECI,PACE,1600236000,33.086,33.086,0
0,1,AECI,PACE,1601553600,29.771,29.771,0
0,1,AECI,PACE,1602871200,29.148,29.148,0
0,1,AECI,PACE,1604188800,35.804,35.804,0
0,1,AECI,PACE,1605506400,33.466,33.466,0
0,1,AECI,PACE,1606824000,31.991,31.991,0
0,1,AECI,PACE,1608141600,31.713,31.713,0
0,2,AECI,PACE,1577836800,27.209,27.991,3
0,2,AECI,PACE,1579154400,29.373,30.139,6
0,2,AECI,PACE,1580472000,25.331,29.202,4
0,2,AECI,PACE,1581789600,26.252,30.99,3
0,2,AECI,PACE,1583107200,24.753,28.95,3
0,2,AECI,PACE,1584424800,27.948,28.31,2
0,2,AECI,PACE,1585742400,21.211,21.211,0
0,2,AECI,PACE,1587060000,23.454,23.892,2
0,2,AECI,PACE,1588377600,22.218,25.143,3
0,2,AECI,PACE,1589695200,24.888,25.774,4
0,2,AECI,PACE,1591012800,24.292,24.75,2
0,2,AECI,PACE,1592330400,23.513,25.959,4
0,2,AECI,PACE,1593648000,26.858,29.983,5
0,2,AECI,PACE,1594965600,26.011,28.571,8
0,2,AECI,PACE,1596283200,28.863,29.488,6
0,2,AECI,PACE,1597600800,32.464,32.788,9
0,2,AECI,PACE,1598918400,29.256,29.414,3
0,2,AECI,PACE,1600236000,32.029,33.086,4
0,2,AECI,PACE,1601553600,29.129,29.771,4
0,2,AECI,PACE,1602871200,26.184,29.148,5
0,2,AECI,PACE,1604188800,32.414,35.804,5
0,2,AECI,PACE,1605506400,30.119,33.466,4
0,2,AECI,PACE,1606824000,30.535,31.991,4
0,2,AECI,PACE,1608141600,29.241,31.713,8
0,3,AECI,PACE,1577836800,27.881,27.991,1
0,3,AECI,PACE,1579154400,29.959,30.139,4
0,3,AECI,PACE,1580472000,26.179,29.202,2
0,3,AECI,PACE,1581789600,26.458,30.99,1
0,3,AECI,PACE,1583107200,27.727,28.95,1
0,3,AECI,PACE,1584424800,28.31,28.31,0
0,3,AECI,PACE,1585742400,21.211,21.211,0
0,3,AECI,PACE,1587060000,23.892,23.892,0
0,3,AECI,PACE,1588377600,24.756,25.143,1
0,3,AECI,PACE,1589695200,25.486,25.774,2
0,3,AECI,PACE,1591012800,24.75,24.75,0
0,3,AECI,PACE,1592330400,25.959,25.959,0
0,3,AECI,PACE,1593648000,28.377,29.983,1
0,3,AECI,PACE,1594965600,26.139,28.571,2
0,3,AECI,PACE,1596283200,29.488,29.488,0
0,3,AECI,PACE,1597600800,32.624,32.788,3
0,3,AECI,PACE,1598918400,29.232,29.414,3
0,3,AECI,PACE,1600236000,32.811,33.086,2
0,3,AECI,PACE,1601553600,29.771,29.771,0
0,3,AECI,PACE,1602871200,27.617,29.148,5
0,3,AECI,PACE,1604188800,34.079,35.804,3
0,3,AECI,PACE,1605506400,30.513,33.466,2
0,3,AECI,PACE,1606824000,31.364,31.991,4
0,3,AECI,PACE,1608141600,29.373,31.713,2
0,4,AECI,PACE,1577836800,27.991,27.991,0
0,4,AECI,PACE,1579154400,29.998,30.139,2
0,4,AECI,PACE,1580472000,25.276,29.202,2
0,4,AECI,PACE,1581789600,26.937,30.99,2
0,4,AECI,PACE,1583107200,26.59,28.95,1
0,4,AECI,PACE,1584424800,28.31,28.31,0
0,4,AECI,PACE,1585742400,21.211,21.211,0
0,4,AECI,PACE,1587060000,23.892,23.892,0
0,4,AECI,PACE,1588377600,23.997,25.143,2
0,4,AECI,PACE,1589695200,25.774,25.774,0
0,4,AECI,PACE,1591012800,24.75,24.75,0
0,4,AECI,PACE,1592330400,26.322,25.959,2
0,4,AECI,PACE,1593648000,28.658,29.983,4
0,4,AECI,PACE,1594965600,26.716,28.571,3
0,4,AECI,PACE,1596283200,29.488,29.488,0
0,4,AECI,PACE,1597600800,32.79,32.788,1
0,4,AECI,PACE,1598918400,29.414,29.414,0
0,4,AECI,PACE,1600236000,33.086,33.086,0
0,4,AECI,PACE,1601553600,29.901,29.771,2
0,4,AECI,PACE,1602871200,28.319,29.148,1
0,4,AECI,PACE,1604188800,34.329,35.804,2
0,4,AECI,PACE,1605506400,31.458,33.466,2
0,4,AECI,PACE,1606824000,32.185,31.991,1
0,4,AECI,PACE,1608141600,29.736,31.713,3
0,5,AECI,PACE,1577836800,27.167,27.991,4
0,5,AECI,PACE,1579154400,29.313,30.139,6
0,5,AECI,PACE,1580472000,25.238,29.202,4
0,5,AECI,PACE,1581789600,26.189,30.99,3
0,5,AECI,PACE,1583107200,24.724,28.95,3
0,5,AECI,PACE,1584424800,27.856,28.31,2
0,5,AECI,PACE,1585742400,21.211,21.211,0
0,5,AECI,PACE,1587060000,23.424,23.892,2
0,5,AECI,PACE,1588377600,22.094,25.143,3
0,5,AECI,PACE,1589695200,24.71,25.774,4
0,5,AECI,PACE,1591012800,24.233,24.75,2
0,5,AECI,PACE,1592330400,23.353,25.959,4
0,5,AECI,PACE,1593648000,26.691,29.983,5
0,5,AECI,PACE,1594965600,25.867,28.571,8
0,5,AECI,PACE,1596283200,28.773,29.488,6
0,5,AECI,PACE,1597600800,32.233,32.788,9
0,5,AECI,PACE,1598918400,29.21,29.414,3
0,5,AECI,PACE,1600236000,31.829,33.086,4
0,5,AECI,PACE,1601553600,28.963,29.771,4
0,5,AECI,PACE,1602871200,26.051,29.148,5
0,5,AECI,PACE,1604188800,32.313,35.804,5
0,5,AECI,PACE,1605506400,30.028,33.466,4
0,5,AECI,PACE,1606824000,30.427,31.991,4
0,5,AECI,PACE,1608141600,29.166,31.713,8
0,6,AECI,PACE,1577836800,27.305,27.991,1
0,6,AECI,PACE,1579154400,29.44,30.139,1
0,6,AECI,PACE,1580472000,25.789,29.202,2
0,6,AECI,PACE,1581789600,26.458,30.99,1
0,6,AECI,PACE,1583107200,27.727,28.95,1
0,6,AECI,PACE,1584424800,28.31,28.31,0
0,6,AECI,PACE,1585742400,21.211,21.211,0
0,6,AECI,PACE,1587060000,23.892,23.892,0
0,6,AECI,PACE,1588377600,24.45,25.143,1
0,6,AECI,PACE,1589695200,25.774,25.774,0
0,6,AECI,PACE,1591012800,24.75,24.75,0
0,6,AECI,PACE,1592330400,25.959,25.959,0
0,6,AECI,PACE,1593648000,28.377,29.983,1
0,6,AECI,PACE,1594965600,26.4,28.571,1
0,6,AECI,PACE,1596283200,29.488,29.488,0
0,6,AECI,PACE,1597600800,32.788,32.788,0
0,6,AECI,PACE,1598918400,29.414,29.414,0
0,6,AECI,PACE,1600236000,32.312,33.086,1
0,6,AECI,PACE,1601553600,29.771,29.771,0
0,6,AECI,PACE,1602871200,27.528,29.148,2
0,6,AECI,PACE,1604188800,34.453,35.804,1
0,6,AECI,PACE,1605506400,30.824,33.466,1
0,6,AECI,PACE,1606824000,31.991,31.991,0
0,6,AECI,PACE,1608141600,29.65,31.713,1
0,1,AECI,TEPC,1577836800,27.991,27.991,0
0,1,AECI,TEPC,1579154400,30.139,30.139,0
0,1,AECI,TEPC,1580472000,29.202,29.202,0
0,1,AECI,TEPC,1581789600,30.99,30.99,0
0,1,AECI,TEPC,1583107200,28.95,28.95,0
0,1,AECI,TEPC,1584424800,28.31,28.31,0
0,1,AECI,TEPC,1585742400,21.211,21.211,0
0,1,AECI,TEPC,1587060000,23.892,23.892,0
0,1,AECI,TEPC,1588377600,25.143,25.143,0
0,1,AECI,TEPC,1589695200,25.774,25.774,0
0,1,AECI,TEPC,1591012800,24.75,24.75,0
0,1,AECI,TEPC,1592330400,25.959,25.959,0
0,1,AECI,TEPC,1593648000,29.983,29.983,0
0,1,AECI,TEPC,1594965600,28.571,28.571,0
0,1,AECI,TEPC,1596283200,29.488,29.488,0
0,1,AECI,TEPC,1597600800,32.788,32.788,0
0,1,AECI,TEPC,1598918400,29.414,29.414,0
0,1,AECI,TEPC,1600236000,33.086,33.086,0
0,1,AECI,TEPC,1601553600,29.771,29.771,0
0,1,AECI,TEPC,1602871200,29.148,29.148,0
0,1,AECI,TEPC,1604188800,35.804,35.804,0
0,1,AECI,TEPC,1605506400,33.466,33.466,0
0,1,AECI,TEPC,1606824000,31.991,31.991,0
0,1,AECI,TEPC,1608141600,31.713,31.713,0
0,2,AECI,TEPC,1577836800,27.915,27.991,2
0,2,AECI,TEPC,1579154400,30.156,30.139,2
0,2,AECI,TEPC,1580472000,26.165,29.202,4
0,2,AECI,TEPC,1581789600,28.675,30.99,5
0,2,AECI,TEPC,1583107200,25.452,28.95,5
0,2,AECI,TEPC,1584424800,26.611,28.31,6
0,2,AECI,TEPC,1585742400,19.388,21.211,4
0,2,AECI,TEPC,1587060000,21.863,23.892,5
0,2,AECI,TEPC,1588377600,22.427,25.143,5
0,2,AECI,TEPC,1589695200,25.102,25.774,6
0,2,AECI,TEPC,1591012800,24.537,24.75,2
0,2,AECI,TEPC,1592330400,24.271,25.959,7
0,2,AECI,TEPC,1593648000,27.705,29.983,5
0,2,AECI,TEPC,1594965600,26.705,28.571,4
0,2,AECI,TEPC,1596283200,28.192,29.488,6
0,2,AECI,TEPC,1597600800,30.938,32.788,7
0,2,AECI,TEPC,1598918400,28.864,29.414,12
0,2,AECI,TEPC,1600236000,31.132,33.086,4
0,2,AECI,TEPC,1601553600,29.249,29.771,8
0,2,AECI,TEPC,1602871200,28.943,29.148,5
0,2,AECI,TEPC,1604188800,33.175,35.804,5
0,2,AECI,TEPC,1605506400,29.615,33.466,4
0,2,AECI,TEPC,1606824000,25.834,31.991,1
0,2,AECI,TEPC,1608141600,31.179,31.713,4
0,3,AECI,TEPC,1577836800,27.991,27.991,0
0,3,AECI,TEPC,1579154400,30.139,30.139,0
0,3,AECI,TEPC,1580472000,29.202,29.202,0
0,3,AECI,TEPC,1581789600,29.927,30.99,5
0,3,AECI,TEPC,1583107200,28.534,28.95,1
0,3,AECI,TEPC,1584424800,27.549,28.31,4
0,3,AECI,TEPC,1585742400,20.942,21.211,2
0,3,AECI,TEPC,1587060000,23.444,23.892,3
0,3,AECI,TEPC,1588377600,23.985,25.143,1
0,3,AECI,TEPC,1589695200,25.718,25.774,2
0,3,AECI,TEPC,1591012800,24.75,24.75,0
0,3,AECI,TEPC,1592330400,24.977,25.959,7
0,3,AECI,TEPC,1593648000,28.886,29.983,1
0,3,AECI,TEPC,1594965600,27.45,28.571,4
0,3,AECI,TEPC,1596283200,29.183,29.488,2
0,3,AECI,TEPC,1597600800,31.016,32.788,1
0,3,AECI,TEPC,1598918400,29.042,29.414,4
0,3,AECI,TEPC,1600236000,32.482,33.086,2
0,3,AECI,TEPC,1601553600,29.771,29.771,0
0,3,AECI,TEPC,1602871200,29.148,29.148,1
0,3,AECI,TEPC,1604188800,34.945,35.804,3
0,3,AECI,TEPC,1605506400,29.863,33.466,2
0,3,AECI,TEPC,1606824000,25.834,31.991,1
0,3,AECI,TEPC,1608141600,31.713,31.713,0
0,4,AECI,TEPC,1577836800,27.991,27.991,0
0,4,AECI,TEPC,1579154400,30.139,30.139,0
0,4,AECI,TEPC,1580472000,26.832,29.202,2
0,4,AECI,TEPC,1581789600,31.091,30.99,2
0,4,AECI,TEPC,1583107200,29.897,28.95,4
0,4,AECI,TEPC,1584424800,27.353,28.31,2
0,4,AECI,TEPC,1585742400,21.11,21.211,1
0,4,AECI,TEPC,1587060000,23.617,23.892,2
0,4,AECI,TEPC,1588377600,23.985,25.143,1
0,4,AECI,TEPC,1589695200,25.774,25.774,0
0,4,AECI,TEPC,1591012800,24.75,24.75,0
0,4,AECI,TEPC,1592330400,25.8,25.959,3
0,4,AECI,TEPC,1593648000,28.886,29.983,1
0,4,AECI,TEPC,1594965600,27.574,28.571,3
0,4,AECI,TEPC,1596283200,29.027,29.488,3
0,4,AECI,TEPC,1597600800,31.016,32.788,1
0,4,AECI,TEPC,1598918400,29.02,29.414,2
0,4,AECI,TEPC,1600236000,31.852,33.086,1
0,4,AECI,TEPC,1601553600,30.463,29.771,3
0,4,AECI,TEPC,1602871200,29.148,29.148,0
0,4,AECI,TEPC,1604188800,35.456,35.804,2
0,4,AECI,TEPC,1605506400,30.849,33.466,2
0,4,AECI,TEPC,1606824000,25.834,31.991,1
0,4,AECI,TEPC,1608141600,31.713,31.713,0
0,5,AECI,TEPC,1577836800,27.884,27.991,2
0,5,AECI,TEPC,1579154400,30.127,30.139,2
0,5,AECI,TEPC,1580472000,26.099,29.202,4
0,5,AECI,TEPC,1581789600,28.614,30.99,5
0,5,AECI,TEPC,1583107200,25.179,28.95,3
0,5,AECI,TEPC,1584424800,26.508,28.31,6
0,5,AECI,TEPC,1585742400,19.338,21.211,5
0,5,AECI,TEPC,1587060000,21.798,23.892,5
0,5,AECI,TEPC,1588377600,22.186,25.143,5
0,5,AECI,TEPC,1589695200,24.899,25.774,4
0,5,AECI,TEPC,1591012800,24.497,24.75,2
0,5,AECI,TEPC,1592330400,24.117,25.959,7
0,5,AECI,TEPC,1593648000,27.58,29.983,5
0,5,AECI,TEPC,1594965600,26.539,28.571,4
0,5,AECI,TEPC,1596283200,28.059,29.488,6
0,5,AECI,TEPC,1597600800,30.883,32.788,7
0,5,AECI,TEPC,1598918400,28.674,29.414,12
0,5,AECI,TEPC,1600236000,30.991,33.086,4
0,5,AECI,TEPC,1601553600,29.178,29.771,8
0,5,AECI,TEPC,1602871200,28.862,29.148,6
0,5,AECI,TEPC,1604188800,32.986,35.804,5
0,5,AECI,TEPC,1605506400,29.566,33.466,4
0,5,AECI,TEPC,1606824000,25.834,31.991,1
0,5,AECI,TEPC,1608141600,31.127,31.713,4
0,6,AECI,TEPC,1577836800,27.991,27.991,0
0,6,AECI,TEPC,1579154400,30.139,30.139,0
0,6,AECI,TEPC,1580472000,29.202,29.202,0
0,6,AECI,TEPC,1581789600,30.99,30.99,0
0,6,AECI,TEPC,1583107200,28.278,28.95,1
0,6,AECI,TEPC,1584424800,27.056,28.31,2
0,6,AECI,TEPC,1585742400,21.211,21.211,0
0,6,AECI,TEPC,1587060000,23.158,23.892,1
0,6,AECI,TEPC,1588377600,23.985,25.143,1
0,6,AECI,TEPC,1589695200,25.774,25.774,0
0,6,AECI,TEPC,1591012800,24.75,24.75,0
0,6,AECI,TEPC,1592330400,25.404,25.959,1
0,6,AECI,TEPC,1593648000,28.886,29.983,1
0,6,AECI,TEPC,1594965600,27.684,28.571,1
0,6,AECI,TEPC,1596283200,29.488,29.488,0
0,6,AECI,TEPC,1597600800,31.016,32.788,1
0,6,AECI,TEPC,1598918400,29.414,29.414,0
0,6,AECI,TEPC,1600236000,32.206,33.086,1
0,6,AECI,TEPC,1601553600,29.771,29.771,0
0,6,AECI,TEPC,1602871200,29.148,29.148,0
0,6,AECI,TEPC,1604188800,33.469,35.804,3
0,6,AECI,TEPC,1605506400,30.055,33.466,1
0,6,AECI,TEPC,1606824000,25.834,31.991,1
0,6,AECI,TEPC,1608141600,31.713,31.713,0
0,1,BANC,CISO,1577836800,9.634,9.634,0
0,1,BANC,CISO,1579154400,10.303,10.303,0
0,1,BANC,CISO,1580472000,7.054,7.054,0
0,1,BANC,CISO,1581789600,6.604,6.604,0
0,1,BANC,CISO,1583107200,6.624,6.624,0
0,1,BANC,CISO,1584424800,10.526,10.526,0
0,1,BANC,CISO,1585742400,5.601,5.601,0
0,1,BANC,CISO,1587060000,4.209,4.209,0
0,1,BANC,CISO,1588377600,5.401,5.401,0
0,1,BANC,CISO,1589695200,5.33,5.33,0
0,1,BANC,CISO,1591012800,5.354,5.354,0
0,1,BANC,CISO,1592330400,5.102,5.102,0
0,1,BANC,CISO,1593648000,4.762,4.762,0
0,1,BANC,CISO,1594965600,6.975,6.975,0
0,1,BANC,CISO,1596283200,7.162,7.162,0
0,1,BANC,CISO,1597600800,9.88,9.88,0
0,1,BANC,CISO,1598918400,9.479,9.479,0
0,1,BANC,CISO,1600236000,10.129,10.129,0
0,1,BANC,CISO,1601553600,10.238,10.238,0
0,1,BANC,CISO,1602871200,9.381,9.381,0
0,1,BANC,CISO,1604188800,11.003,11.003,0
0,1,BANC,CISO,1605506400,11.81,11.81,0
0,1,BANC,CISO,1606824000,13.726,13.726,0
0,1,BANC,CISO,1608141600,11.62,11.62,0
0,2,BANC,CISO,1577836800,9.199,9.634,4
0,2,BANC,CISO,1579154400,10.121,10.303,4
0,2,BANC,CISO,1580472000,6.971,7.054,2
0,2,BANC,CISO,1581789600,6.107,6.604,5
0,2,BANC,CISO,1583107200,6.273,6.624,3
0,2,BANC,CISO,1584424800,10.256,10.526,4
0,2,BANC,CISO,1585742400,5.247,5.601,4
0,2,BANC,CISO,1587060000,4.15,4.209,3
0,2,BANC,CISO,1588377600,4.408,5.401,5
0,2,BANC,CISO,1589695200,4.322,5.33,4
0,2,BANC,CISO,1591012800,5.361,5.354,2
0,2,BANC,CISO,1592330400,4.63,5.102,5
0,2,BANC,CISO,1593648000,4.59,4.762,4
0,2,BANC,CISO,1594965600,6.579,6.975,4
0,2,BANC,CISO,1596283200,6.716,7.162,4
0,2,BANC,CISO,1597600800,9.886,9.88,2
0,2,BANC,CISO,1598918400,9.01,9.479,4
0,2,BANC,CISO,1600236000,9.995,10.129,4
0,2,BANC,CISO,1601553600,10.118,10.238,4
0,2,BANC,CISO,1602871200,9.35,9.381,5
0,2,BANC,CISO,1604188800,10.488,11.003,4
0,2,BANC,CISO,1605506400,10.447,11.81,7
0,2,BANC,CISO,1606824000,11.579,13.726,7
0,2,BANC,CISO,1608141600,10.29,11.62,7
0,3,BANC,CISO,1577836800,9.571,9.634,2
0,3,BANC,CISO,1579154400,10.303,10.303,0
0,3,BANC,CISO,1580472000,7.054,7.054,0
0,3,BANC,CISO,1581789600,6.564,6.604,1
0,3,BANC,CISO,1583107200,6.503,6.624,1
0,3,BANC,CISO,1584424800,10.526,10.526,0
0,3,BANC,CISO,1585742400,5.601,5.601,0
0,3,BANC,CISO,1587060000,4.209,4.209,1
0,3,BANC,CISO,1588377600,5.271,5.401,3
0,3,BANC,CISO,1589695200,5.12,5.33,2
0,3,BANC,CISO,1591012800,5.354,5.354,0
0,3,BANC,CISO,1592330400,5.045,5.102,1
0,3,BANC,CISO,1593648000,4.658,4.762,2
0,3,BANC,CISO,1594965600,6.975,6.975,0
0,3,BANC,CISO,1596283200,7.162,7.162,0
0,3,BANC,CISO,1597600800,9.88,9.88,0
0,3,BANC,CISO,1598918400,9.424,9.479,2
0,3,BANC,CISO,1600236000,10.129,10.129,0
0,3,BANC,CISO,1601553600,10.238,10.238,0
0,3,BANC,CISO,1602871200,9.347,9.381,1
0,3,BANC,CISO,1604188800,11.003,11.003,0
0,3,BANC,CISO,1605506400,11.519,11.81,3
0,3,BANC,CISO,1606824000,11.595,13.726,1
0,3,BANC,CISO,1608141600,11.418,11.62,3
0,4,BANC,CISO,1577836800,9.634,9.634,0
0,4,BANC,CISO,1579154400,10.303,10.303,0
0,4,BANC,CISO,1580472000,7.054,7.054,0
0,4,BANC,CISO,1581789600,6.604,6.604,0
0,4,BANC,CISO,1583107200,6.624,6.624,0
0,4,BANC,CISO,1584424800,10.526,10.526,0
0,4,BANC,CISO,1585742400,5.601,5.601,0
0,4,BANC,CISO,1587060000,4.209,4.209,0
0,4,BANC,CISO,1588377600,5.563,5.401,6
0,4,BANC,CISO,1589695200,5.168,5.33,1
0,4,BANC,CISO,1591012800,5.354,5.354,0
0,4,BANC,CISO,1592330400,5.102,5.102,0
0,4,BANC,CISO,1593648000,4.762,4.762,0
0,4,BANC,CISO,1594965600,6.975,6.975,0
0,4,BANC,CISO,1596283200,7.162,7.162,0
0,4,BANC,CISO,1597600800,9.88,9.88,0
0,4,BANC,CISO,1598918400,9.462,9.479,1
0,4,BANC,CISO,1600236000,10.129,10.129,0
0,4,BANC,CISO,1601553600,10.238,10.238,0
0,4,BANC,CISO,1602871200,9.381,9.381,0
0,4,BANC,CISO,1604188800,11.003,11.003,0
0,4,BANC,CISO,1605506400,11.002,11.81,1
0,4,BANC,CISO,1606824000,11.595,13.726,1
0,4,BANC,CISO,1608141600,10.901,11.62,2
0,5,BANC,CISO,1577836800,9.078,9.634,4
0,5,BANC,CISO,1579154400,9.982,10.303,4
0,5,BANC,CISO,1580472000,6.95,7.054,2
0,5,BANC,CISO,1581789600,5.899,6.604,5
0,5,BANC,CISO,1583107200,6.232,6.624,4
0,5,BANC,CISO,1584424800,10.036,10.526,4
0,5,BANC,CISO,1585742400,5.097,5.601,4
0,5,BANC,CISO,1587060000,4.141,4.209,3
0,5,BANC,CISO,1588377600,4.3,5.401,3
0,5,BANC,CISO,1589695200,4.284,5.33,4
0,5,BANC,CISO,1591012800,5.344,5.354,2
0,5,BANC,CISO,1592330400,4.544,5.102,6
0,5,BANC,CISO,1593648000,4.549,4.762,4
0,5,BANC,CISO,1594965600,6.521,6.975,4
0,5,BANC,CISO,1596283200,6.688,7.162,4
0,5,BANC,CISO,1597600800,9.87,9.88,2
0,5,BANC,CISO,1598918400,8.947,9.479,4
0,5,BANC,CISO,1600236000,9.928,10.129,4
0,5,BANC,CISO,1601553600,10.075,10.238,4
0,5,BANC,CISO,1602871200,9.316,9.381,3
0,5,BANC,CISO,1604188800,10.404,11.003,4
0,5,BANC,CISO,1605506400,10.291,11.81,7
0,5,BANC,CISO,1606824000,11.41,13.726,7
0,5,BANC,CISO,1608141600,9.987,11.62,7
0,6,BANC,CISO,1577836800,9.634,9.634,0
0,6,BANC,CISO,1579154400,10.303,10.303,0
0,6,BANC,CISO,1580472000,7.054,7.054,0
0,6,BANC,CISO,1581789600,6.604,6.604,0
0,6,BANC,CISO,1583107200,6.492,6.624,1
0,6,BANC,CISO,1584424800,10.526,10.526,0
0,6,BANC,CISO,1585742400,5.601,5.601,0
0,6,BANC,CISO,1587060000,4.209,4.209,0
0,6,BANC,CISO,1588377600,5.201,5.401,1
0,6,BANC,CISO,1589695200,4.918,5.33,2
0,6,BANC,CISO,1591012800,5.354,5.354,0
0,6,BANC,CISO,1592330400,5.102,5.102,0
0,6,BANC,CISO,1593648000,4.618,4.762,1
0,6,BANC,CISO,1594965600,6.975,6.975,0
0,6,BANC,CISO,1596283200,7.162,7.162,0
0,6,BANC,CISO,1597600800,9.88,9.88,0
0,6,BANC,CISO,1598918400,9.225,9.479,1
0,6,BANC,CISO,1600236000,10.129,10.129,0
0,6,BANC,CISO,1601553600,10.238,10.238,0
0,6,BANC,CISO,1602871200,9.381,9.381,0
0,6,BANC,CISO,1604188800,11.003,11.003,0
0,6,BANC,CISO,1605506400,11.524,11.81,1
0,6,BANC,CISO,1606824000,11.595,13.726,1
0,6,BANC,CISO,1608141600,11.62,11.62,0
0,1,CISO,BANC,1577836800,12.402,12.402,0
0,1,CISO,BANC,1579154400,13.357,13.357,0
0,1,CISO,BANC,1580472000,11.216,11.216,0
0,1,CISO,BANC,1581789600,9.848,9.848,0
0,1,CISO,BANC,1583107200,9.903,9.903,0
0,1,CISO,BANC,1584424800,12.883,12.883,0
0,1,CISO,BANC,1585742400,7.582,7.582,0
0,1,CISO,BANC,1587060000,7.672,7.672,0
0,1,CISO,BANC,1588377600,5.359,5.359,0
0,1,CISO,BANC,1589695200,5.976,5.976,0
0,1,CISO,BANC,1591012800,9.004,9.004,0
0,1,CISO,BANC,1592330400,6.312,6.312,0
0,1,CISO,BANC,1593648000,7.005,7.005,0
0,1,CISO,BANC,1594965600,8.607,8.607,0
0,1,CISO,BANC,1596283200,8.788,8.788,0
0,1,CISO,BANC,1597600800,12.113,12.113,0
0,1,CISO,BANC,1598918400,10.471,10.471,0
0,1,CISO,BANC,1600236000,12.075,12.075,0
0,1,CISO,BANC,1601553600,12.36,12.36,0
0,1,CISO,BANC,1602871200,13.505,13.505,0
0,1,CISO,BANC,1604188800,13.674,13.674,0
0,1,CISO,BANC,1605506400,11.755,11.755,0
0,1,CISO,BANC,1606824000,11.541,11.541,0
0,1,CISO,BANC,1608141600,11.483,11.483,0
0,2,CISO,BANC,1577836800,9.328,12.402,5
0,2,CISO,BANC,1579154400,10.245,13.357,5
0,2,CISO,BANC,1580472000,7.094,11.216,3
0,2,CISO,BANC,1581789600,6.076,9.848,4
0,2,CISO,BANC,1583107200,6.281,9.903,4
0,2,CISO,BANC,1584424800,10.348,12.883,5
0,2,CISO,BANC,1585742400,5.352,7.582,5
0,2,CISO,BANC,1587060000,4.126,7.672,2
0,2,CISO,BANC,1588377600,4.368,5.359,4
0,2,CISO,BANC,1589695200,4.389,5.976,5
0,2,CISO,BANC,1591012800,5.439,9.004,3
0,2,CISO,BANC,1592330400,4.576,6.312,4
0,2,CISO,BANC,1593648000,4.618,7.005,5
0,2,CISO,BANC,1594965600,6.66,8.607,5
0,2,CISO,BANC,1596283200,6.768,8.788,5
0,2,CISO,BANC,1597600800,9.881,12.113,1
0,2,CISO,BANC,1598918400,9.056,10.471,5
0,2,CISO,BANC,1600236000,10.059,12.075,5
0,2,CISO,BANC,1601553600,10.185,12.36,5
0,2,CISO,BANC,1602871200,9.346,13.505,4
0,2,CISO,BANC,1604188800,10.578,13.674,5
0,2,CISO,BANC,1605506400,10.567,11.755,8
0,2,CISO,BANC,1606824000,11.525,11.541,6
0,2,CISO,BANC,1608141600,10.298,11.483,8
0,3,CISO,BANC,1577836800,9.7,12.402,3
0,3,CISO,BANC,1579154400,10.427,13.357,1
0,3,CISO,BANC,1580472000,7.176,11.216,1
0,3,CISO,BANC,1581789600,6.533,9.848,2
0,3,CISO,BANC,1583107200,6.51,9.903,2
0,3,CISO,BANC,1584424800,10.618,12.883,1
0,3,CISO,BANC,1585742400,5.706,7.582,1
0,3,CISO,BANC,1587060000,4.185,7.672,2
0,3,CISO,BANC,1588377600,5.231,5.359,2
0,3,CISO,BANC,1589695200,5.187,5.976,3
0,3,CISO,BANC,1591012800,5.432,9.004,1
0,3,CISO,BANC,1592330400,4.991,6.312,2
0,3,CISO,BANC,1593648000,4.687,7.005,3
0,3,CISO,BANC,1594965600,7.055,8.607,1
0,3,CISO,BANC,1596283200,7.214,8.788,1
0,3,CISO,BANC,1597600800,9.875,12.113,1
0,3,CISO,BANC,1598918400,9.471,10.471,3
0,3,CISO,BANC,1600236000,10.193,12.075,1
0,3,CISO,BANC,1601553600,10.306,12.36,1
0,3,CISO,BANC,1602871200,9.343,13.505,2
0,3,CISO,BANC,1604188800,11.094,13.674,1
0,3,CISO,BANC,1605506400,11.639,11.755,2
0,3,CISO,BANC,1606824000,11.541,11.541,0
0,3,CISO,BANC,1608141600,11.426,11.483,2
0,4,CISO,BANC,1577836800,9.763,12.402,1
0,4,CISO,BANC,1579154400,10.427,13.357,1
0,4,CISO,BANC,1580472000,7.176,11.216,1
0,4,CISO,BANC,1581789600,6.572,9.848,1
0,4,CISO,BANC,1583107200,6.632,9.903,1
0,4,CISO,BANC,1584424800,10.618,12.883,1
0,4,CISO,BANC,1585742400,5.706,7.582,1
0,4,CISO,BANC,1587060000,4.185,7.672,1
0,4,CISO,BANC,1588377600,5.523,5.359,5
0,4,CISO,BANC,1589695200,5.235,5.976,2
0,4,CISO,BANC,1591012800,5.432,9.004,1
0,4,CISO,BANC,1592330400,5.048,6.312,1
0,4,CISO,BANC,1593648000,4.79,7.005,1
0,4,CISO,BANC,1594965600,7.055,8.607,1
0,4,CISO,BANC,1596283200,7.214,8.788,1
0,4,CISO,BANC,1597600800,9.875,12.113,1
0,4,CISO,BANC,1598918400,9.509,10.471,2
0,4,CISO,BANC,1600236000,10.193,12.075,1
0,4,CISO,BANC,1601553600,10.306,12.36,1
0,4,CISO,BANC,1602871200,9.377,13.505,1
0,4,CISO,BANC,1604188800,11.094,13.674,1
0,4,CISO,BANC,1605506400,11.122,11.755,2
0,4,CISO,BANC,1606824000,11.541,11.541,0
0,4,CISO,BANC,1608141600,10.909,11.483,1
0,5,CISO,BANC,1577836800,9.207,12.402,5
0,5,CISO,BANC,1579154400,10.106,13.357,5
0,5,CISO,BANC,1580472000,7.072,11.216,3
0,5,CISO,BANC,1581789600,5.868,9.848,4
0,5,CISO,BANC,1583107200,6.239,9.903,5
0,5,CISO,BANC,1584424800,10.128,12.883,5
0,5,CISO,BANC,1585742400,5.202,7.582,5
0,5,CISO,BANC,1587060000,4.117,7.672,2
0,5,CISO,BANC,1588377600,4.26,5.359,4
0,5,CISO,BANC,1589695200,4.35,5.976,5
0,5,CISO,BANC,1591012800,5.422,9.004,3
0,5,CISO,BANC,1592330400,4.49,6.312,5
0,5,CISO,BANC,1593648000,4.577,7.005,5
0,5,CISO,BANC,1594965600,6.601,8.607,5
0,5,CISO,BANC,1596283200,6.74,8.788,5
0,5,CISO,BANC,1597600800,9.865,12.113,1
0,5,CISO,BANC,1598918400,8.993,10.471,5
0,5,CISO,BANC,1600236000,9.992,12.075,5
0,5,CISO,BANC,1601553600,10.142,12.36,5
0,5,CISO,BANC,1602871200,9.312,13.505,4
0,5,CISO,BANC,1604188800,10.495,13.674,5
0,5,CISO,BANC,1605506400,10.411,11.755,8
0,5,CISO,BANC,1606824000,11.356,11.541,6
0,5,CISO,BANC,1608141600,9.995,11.483,6
0,6,CISO,BANC,1577836800,9.763,12.402,1
0,6,CISO,BANC,1579154400,10.427,13.357,1
0,6,CISO,BANC,1580472000,7.176,11.216,1
0,6,CISO,BANC,1581789600,6.572,9.848,1
0,6,CISO,BANC,1583107200,6.499,9.903,2
0,6,CISO,BANC,1584424800,10.618,12.883,1
0,6,CISO,BANC,1585742400,5.706,7.582,1
0,6,CISO,BANC,1587060000,4.185,7.672,1
0,6,CISO,BANC,1588377600,5.359,5.359,0
0,6,CISO,BANC,1589695200,4.984,5.976,3
0,6,CISO,BANC,1591012800,5.432,9.004,1
0,6,CISO,BANC,1592330400,5.048,6.312,1
0,6,CISO,BANC,1593648000,4.646,7.005,2
0,6,CISO,BANC,1594965600,7.055,8.607,1
0,6,CISO,BANC,1596283200,7.214,8.788,1
0,6,CISO,BANC,1597600800,9.875,12.113,1
0,6,CISO,BANC,1598918400,9.271,10.471,2
0,6,CISO,BANC,1600236000,10.193,12.075,1
0,6,CISO,BANC,1601553600,10.306,12.36,1
0,6,CISO,BANC,1602871200,9.377,13.505,1
0,6,CISO,BANC,1604188800,11.094,13.674,1
0,6,CISO,BANC,1605506400,11.755,11.755,0
0,6,CISO,BANC,1606824000,11.541,11.541,0
0,6,CISO,BANC,1608141600,11.107,11.483,1
0,1,EPE,AECI,1577836800,26.946,26.946,0
0,1,EPE,AECI,1579154400,27.639,27.639,0
0,1,EPE,AECI,1580472000,24.201,24.201,0
0,1,EPE,AECI,1581789600,23.463,23.463,0
0,1,EPE,AECI,1583107200,27.005,27.005,0
0,1,EPE,AECI,1584424800,27.241,27.241,0
0,1,EPE,AECI,1585742400,21.947,21.947,0
0,1,EPE,AECI,1587060000,22.891,22.891,0
0,1,EPE,AECI,1588377600,24.48,24.48,0
0,1,EPE,AECI,1589695200,25.238,25.238,0
0,1,EPE,AECI,1591012800,26.114,26.114,0
0,1,EPE,AECI,1592330400,26.021,26.021,0
0,1,EPE,AECI,1593648000,26.402,26.402,0
0,1,EPE,AECI,1594965600,27.925,27.925,0
0,1,EPE,AECI,1596283200,27.295,27.295,0
0,1,EPE,AECI,1597600800,28.635,28.635,0
0,1,EPE,AECI,1598918400,27.13,27.13,0
0,1,EPE,AECI,1600236000,26.63,26.63,0
0,1,EPE,AECI,1601553600,29.343,29.343,0
0,1,EPE,AECI,1602871200,29.864,29.864,0
0,1,EPE,AECI,1604188800,28.659,28.659,0
0,1,EPE,AECI,1605506400,27.195,27.195,0
0,1,EPE,AECI,1606824000,26.511,26.511,0
0,1,EPE,AECI,1608141600,28.727,28.727,0
0,2,EPE,AECI,1577836800,26.51,26.946,8
0,2,EPE,AECI,1579154400,27.572,27.639,2
0,2,EPE,AECI,1580472000,23.487,24.201,1
0,2,EPE,AECI,1581789600,23.463,23.463,0
0,2,EPE,AECI,1583107200,25.628,27.005,4
0,2,EPE,AECI,1584424800,26.565,27.241,7
0,2,EPE,AECI,1585742400,20.288,21.947,4
0,2,EPE,AECI,1587060000,22.086,22.891,4
0,2,EPE,AECI,1588377600,22.977,24.48,4
0,2,EPE,AECI,1589695200,24.228,25.238,7
0,2,EPE,AECI,1591012800,23.853,26.114,7
0,2,EPE,AECI,1592330400,24.725,26.021,6
0,2,EPE,AECI,1593648000,26.392,26.402,4
0,2,EPE,AECI,1594965600,27.081,27.925,5
0,2,EPE,AECI,1596283200,27.042,27.295,5
0,2,EPE,AECI,1597600800,28.639,28.635,2
0,2,EPE,AECI,1598918400,27.137,27.13,4
0,2,EPE,AECI,1600236000,26.63,26.63,0
0,2,EPE,AECI,1601553600,27.834,29.343,3
0,2,EPE,AECI,1602871200,27.499,29.864,4
0,2,EPE,AECI,1604188800,28.435,28.659,4
0,2,EPE,AECI,1605506400,27.061,27.195,1
0,2,EPE,AECI,1606824000,26.487,26.511,2
0,2,EPE,AECI,1608141600,28.619,28.727,8
0,3,EPE,AECI,1577836800,26.946,26.946,0
0,3,EPE,AECI,1579154400,27.639,27.639,0
0,3,EPE,AECI,1580472000,23.929,24.201,1
0,3,EPE,AECI,1581789600,23.463,23.463,0
0,3,EPE,AECI,1583107200,27.005,27.005,0
0,3,EPE,AECI,1584424800,27.082,27.241,1
0,3,EPE,AECI,1585742400,20.879,21.947,4
0,3,EPE,AECI,1587060000,22.891,22.891,0
0,3,EPE,AECI,1588377600,24.48,24.48,0
0,3,EPE,AECI,1589695200,25.222,25.238,1
0,3,EPE,AECI,1591012800,24.837,26.114,1
0,3,EPE,AECI,1592330400,25.647,26.021,2
0,3,EPE,AECI,1593648000,26.402,26.402,0
0,3,EPE,AECI,1594965600,27.811,27.925,3
0,3,EPE,AECI,1596283200,27.239,27.295,1
0,3,EPE,AECI,1597600800,28.635,28.635,0
0,3,EPE,AECI,1598918400,27.126,27.13,2
0,3,EPE,AECI,1600236000,26.63,26.63,0
0,3,EPE,AECI,1601553600,29.315,29.343,1
0,3,EPE,AECI,1602871200,28.942,29.864,2
0,3,EPE,AECI,1604188800,28.659,28.659,0
0,3,EPE,AECI,1605506400,27.071,27.195,1
0,3,EPE,AECI,1606824000,26.476,26.511,2
0,3,EPE,AECI,1608141600,28.625,28.727,2
0,4,EPE,AECI,1577836800,27.186,26.946,2
0,4,EPE,AECI,1579154400,27.639,27.639,0
0,4,EPE,AECI,1580472000,24.201,24.201,0
0,4,EPE,AECI,1581789600,23.463,23.463,0
0,4,EPE,AECI,1583107200,27.005,27.005,0
0,4,EPE,AECI,1584424800,27.241,27.241,0
0,4,EPE,AECI,1585742400,21.062,21.947,2
0,4,EPE,AECI,1587060000,23.501,22.891,3
0,4,EPE,AECI,1588377600,24.124,24.48,2
0,4,EPE,AECI,1589695200,24.749,25.238,3
0,4,EPE,AECI,1591012800,24.837,26.114,1
0,4,EPE,AECI,1592330400,25.271,26.021,1
0,4,EPE,AECI,1593648000,26.402,26.402,0
0,4,EPE,AECI,1594965600,27.925,27.925,0
0,4,EPE,AECI,1596283200,27.295,27.295,0
0,4,EPE,AECI,1597600800,28.635,28.635,0
0,4,EPE,AECI,1598918400,27.13,27.13,0
0,4,EPE,AECI,1600236000,26.63,26.63,0
0,4,EPE,AECI,1601553600,29.155,29.343,2
0,4,EPE,AECI,1602871200,29.717,29.864,2
0,4,EPE,AECI,1604188800,28.659,28.659,0
0,4,EPE,AECI,1605506400,27.195,27.195,0
0,4,EPE,AECI,1606824000,26.511,26.511,0
0,4,EPE,AECI,1608141600,28.727,28.727,0
0,5,EPE,AECI,1577836800,26.383,26.946,8
0,5,EPE,AECI,1579154400,27.506,27.639,2
0,5,EPE,AECI,1580472000,23.471,24.201,2
0,5,EPE,AECI,1581789600,23.463,23.463,0
0,5,EPE,AECI,1583107200,25.481,27.005,4
0,5,EPE,AECI,1584424800,26.492,27.241,7
0,5,EPE,AECI,1585742400,20.227,21.947,4
0,5,EPE,AECI,1587060000,21.983,22.891,4
0,5,EPE,AECI,1588377600,22.871,24.48,4
0,5,EPE,AECI,1589695200,24.082,25.238,7
0,5,EPE,AECI,1591012800,23.703,26.114,5
0,5,EPE,AECI,1592330400,24.529,26.021,6
0,5,EPE,AECI,1593648000,26.272,26.402,4
0,5,EPE,AECI,1594965600,26.926,27.925,5
0,5,EPE,AECI,1596283200,26.913,27.295,3
0,5,EPE,AECI,1597600800,28.596,28.635,2
0,5,EPE,AECI,1598918400,27.111,27.13,4
0,5,EPE,AECI,1600236000,26.63,26.63,1
0,5,EPE,AECI,1601553600,27.722,29.343,3
0,5,EPE,AECI,1602871200,27.445,29.864,4
0,5,EPE,AECI,1604188800,28.338,28.659,4
0,5,EPE,AECI,1605506400,27.051,27.195,1
0,5,EPE,AECI,1606824000,26.476,26.511,2
0,5,EPE,AECI,1608141600,28.549,28.727,8
0,6,EPE,AECI,1577836800,26.946,26.946,0
0,6,EPE,AECI,1579154400,27.639,27.639,0
0,6,EPE,AECI,1580472000,23.63,24.201,1
0,6,EPE,AECI,1581789600,23.463,23.463,0
0,6,EPE,AECI,1583107200,27.005,27.005,0
0,6,EPE,AECI,1584424800,27.241,27.241,0
0,6,EPE,AECI,1585742400,21.169,21.947,1
0,6,EPE,AECI,1587060000,22.891,22.891,0
0,6,EPE,AECI,1588377600,24.48,24.48,0
0,6,EPE,AECI,1589695200,25.238,25.238,0
0,6,EPE,AECI,1591012800,24.837,26.114,1
0,6,EPE,AECI,1592330400,25.358,26.021,1
0,6,EPE,AECI,1593648000,26.402,26.402,0
0,6,EPE,AECI,1594965600,27.925,27.925,0
0,6,EPE,AECI,1596283200,27.295,27.295,0
0,6,EPE,AECI,1597600800,28.635,28.635,0
0,6,EPE,AECI,1598918400,27.13,27.13,0
0,6,EPE,AECI,1600236000,26.63,26.63,0
0,6,EPE,AECI,1601553600,28.591,29.343,1
0,6,EPE,AECI,1602871200,29.083,29.864,1
0,6,EPE,AECI,1604188800,28.659,28.659,0
0,6,EPE,AECI,1605506400,27.195,27.195,0
0,6,EPE,AECI,1606824000,26.511,26.511,0
0,6,EPE,AECI,1608141600,28.727,28.727,0
0,1,EPE,PSCO,1577836800,26.946,26.946,0
0,1,EPE,PSCO,1579154400,27.639,27.639,0
0,1,EPE,PSCO,1580472000,24.201,24.201,0
0,1,EPE,PSCO,1581789600,23.463,23.463,0
0,1,EPE,PSCO,1583107200,27.005,27.005,0
0,1,EPE,PSCO,1584424800,27.241,27.241,0
0,1,EPE,PSCO,1585742400,21.947,21.947,0
0,1,EPE,PSCO,1587060000,22.891,22.891,0
0,1,EPE,PSCO,1588377600,24.48,24.48,0
0,1,EPE,PSCO,1589695200,25.238,25.238,0
0,1,EPE,PSCO,1591012800,26.114,26.114,0
0,1,EPE,PSCO,1592330400,26.021,26.021,0
0,1,EPE,PSCO,1593648000,26.402,26.402,0
0,1,EPE,PSCO,1594965600,27.925,27.925,0
0,1,EPE,PSCO,1596283200,27.295,27.295,0
0,1,EPE,PSCO,1597600800,28.635,28.635,0
0,1,EPE,PSCO,1598918400,27.13,27.13,0
0,1,EPE,PSCO,1600236000,26.63,26.63,0
0,1,EPE,PSCO,1601553600,29.343,29.343,0
0,1,EPE,PSCO,1602871200,29.864,29.864,0
0,1,EPE,PSCO,1604188800,28.659,28.659,0
0,1,EPE,PSCO,1605506400,27.195,27.195,0
0,1,EPE,PSCO,1606824000,26.511,26.511,0
0,1,EPE,PSCO,1608141600,28.727,28.727,0
0,2,EPE,PSCO,1577836800,25.436,26.946,4
0,2,EPE,PSCO,1579154400,22.526,27.639,5
0,2,EPE,PSCO,1580472000,21.998,24.201,9
0,2,EPE,PSCO,1581789600,23.273,23.463,4
0,2,EPE,PSCO,1583107200,25.543,27.005,5
0,2,EPE,PSCO,1584424800,26.681,27.241,5
0,2,EPE,PSCO,1585742400,21.361,21.947,2
0,2,EPE,PSCO,1587060000,22.684,22.891,2
0,2,EPE,PSCO,1588377600,23.266,24.48,6
0,2,EPE,PSCO,1589695200,22.016,25.238,3
0,2,EPE,PSCO,1591012800,26.169,26.114,4
0,2,EPE,PSCO,1592330400,23.248,26.021,3
0,2,EPE,PSCO,1593648000,23.407,26.402,5
0,2,EPE,PSCO,1594965600,26.548,27.925,5
0,2,EPE,PSCO,1596283200,25.265,27.295,5
0,2,EPE,PSCO,1597600800,24.756,28.635,4
0,2,EPE,PSCO,1598918400,26.861,27.13,2
0,2,EPE,PSCO,1600236000,22.609,26.63,5
0,2,EPE,PSCO,1601553600,25.438,29.343,7
0,2,EPE,PSCO,1602871200,26.411,29.864,6
0,2,EPE,PSCO,1604188800,27.759,28.659,6
0,2,EPE,PSCO,1605506400,25.469,27.195,5
0,2,EPE,PSCO,1606824000,19.786,26.511,1
0,2,EPE,PSCO,1608141600,23.143,28.727,1
0,3,EPE,PSCO,1577836800,26.786,26.946,2
0,3,EPE,PSCO,1579154400,22.511,27.639,1
0,3,EPE,PSCO,1580472000,22.203,24.201,1
0,3,EPE,PSCO,1581789600,23.354,23.463,2
0,3,EPE,PSCO,1583107200,26.135,27.005,1
0,3,EPE,PSCO,1584424800,27.081,27.241,1
0,3,EPE,PSCO,1585742400,21.947,21.947,0
0,3,EPE,PSCO,1587060000,22.891,22.891,0
0,3,EPE,PSCO,1588377600,24.48,24.48,0
0,3,EPE,PSCO,1589695200,23.212,25.238,1
0,3,EPE,PSCO,1591012800,26.114,26.114,0
0,3,EPE,PSCO,1592330400,24.012,26.021,1
0,3,EPE,PSCO,1593648000,23.948,26.402,3
0,3,EPE,PSCO,1594965600,27.791,27.925,1
0,3,EPE,PSCO,1596283200,26.851,27.295,1
0,3,EPE,PSCO,1597600800,25.008,28.635,2
0,3,EPE,PSCO,1598918400,27.13,27.13,0
0,3,EPE,PSCO,1600236000,23.305,26.63,1
0,3,EPE,PSCO,1601553600,26.169,29.343,1
0,3,EPE,PSCO,1602871200,26.961,29.864,2
0,3,EPE,PSCO,1604188800,28.659,28.659,0
0,3,EPE,PSCO,1605506400,26.525,27.195,5
0,3,EPE,PSCO,1606824000,19.786,26.511,1
0,3,EPE,PSCO,1608141600,23.143,28.727,1
0,4,EPE,PSCO,1577836800,26.362,26.946,2
0,4,EPE,PSCO,1579154400,22.511,27.639,1
0,4,EPE,PSCO,1580472000,22.203,24.201,1
0,4,EPE,PSCO,1581789600,23.463,23.463,0
0,4,EPE,PSCO,1583107200,26.079,27.005,1
0,4,EPE,PSCO,1584424800,27.241,27.241,0
0,4,EPE,PSCO,1585742400,21.947,21.947,0
0,4,EPE,PSCO,1587060000,22.891,22.891,0
0,4,EPE,PSCO,1588377600,24.303,24.48,3
0,4,EPE,PSCO,1589695200,22.915,25.238,1
0,4,EPE,PSCO,1591012800,26.114,26.114,0
0,4,EPE,PSCO,1592330400,24.669,26.021,2
0,4,EPE,PSCO,1593648000,24.089,26.402,1
0,4,EPE,PSCO,1594965600,27.925,27.925,0
0,4,EPE,PSCO,1596283200,25.642,27.295,1
0,4,EPE,PSCO,1597600800,25.502,28.635,2
0,4,EPE,PSCO,1598918400,28.531,27.13,1
0,4,EPE,PSCO,1600236000,23.305,26.63,1
0,4,EPE,PSCO,1601553600,26.169,29.343,1
0,4,EPE,PSCO,1602871200,27.199,29.864,1
0,4,EPE,PSCO,1604188800,28.659,28.659,0
0,4,EPE,PSCO,1605506400,26.894,27.195,5
0,4,EPE,PSCO,1606824000,19.786,26.511,1
0,4,EPE,PSCO,1608141600,23.143,28.727,1
0,5,EPE,PSCO,1577836800,25.319,26.946,4
0,5,EPE,PSCO,1579154400,22.297,27.639,5
0,5,EPE,PSCO,1580472000,21.911,24.201,9
0,5,EPE,PSCO,1581789600,23.209,23.463,5
0,5,EPE,PSCO,1583107200,25.399,27.005,5
0,5,EPE,PSCO,1584424800,26.583,27.241,6
0,5,EPE,PSCO,1585742400,21.232,21.947,2
0,5,EPE,PSCO,1587060000,22.637,22.891,2
0,5,EPE,PSCO,1588377600,23.163,24.48,7
0,5,EPE,PSCO,1589695200,21.959,25.238,3
0,5,EPE,PSCO,1591012800,26.098,26.114,2
0,5,EPE,PSCO,1592330400,23.1,26.021,3
0,5,EPE,PSCO,1593648000,23.322,26.402,5
0,5,EPE,PSCO,1594965600,26.455,27.925,5
0,5,EPE,PSCO,1596283200,25.21,27.295,5
0,5,EPE,PSCO,1597600800,24.705,28.635,4
0,5,EPE,PSCO,1598918400,26.841,27.13,2
0,5,EPE,PSCO,1600236000,22.507,26.63,5
0,5,EPE,PSCO,1601553600,25.225,29.343,7
0,5,EPE,PSCO,1602871200,26.309,29.864,6
0,5,EPE,PSCO,1604188800,27.643,28.659,6
0,5,EPE,PSCO,1605506400,25.427,27.195,5
0,5,EPE,PSCO,1606824000,19.786,26.511,1
0,5,EPE,PSCO,1608141600,23.143,28.727,1
0,6,EPE,PSCO,1577836800,26.248,26.946,1
0,6,EPE,PSCO,1579154400,22.511,27.639,1
0,6,EPE,PSCO,1580472000,22.203,24.201,1
0,6,EPE,PSCO,1581789600,23.463,23.463,0
0,6,EPE,PSCO,1583107200,26.135,27.005,1
0,6,EPE,PSCO,1584424800,27.241,27.241,0
0,6,EPE,PSCO,1585742400,21.947,21.947,0
0,6,EPE,PSCO,1587060000,22.891,22.891,0
0,6,EPE,PSCO,1588377600,24.48,24.48,0
0,6,EPE,PSCO,1589695200,23.212,25.238,1
0,6,EPE,PSCO,1591012800,26.114,26.114,0
0,6,EPE,PSCO,1592330400,24.012,26.021,1
0,6,EPE,PSCO,1593648000,24.089,26.402,1
0,6,EPE,PSCO,1594965600,27.925,27.925,0
0,6,EPE,PSCO,1596283200,26.64,27.295,1
0,6,EPE,PSCO,1597600800,25.233,28.635,1
0,6,EPE,PSCO,1598918400,27.13,27.13,0
0,6,EPE,PSCO,1600236000,23.305,26.63,1
0,6,EPE,PSCO,1601553600,26.169,29.343,1
0,6,EPE,PSCO,1602871200,27.199,29.864,1
0,6,EPE,PSCO,1604188800,28.659,28.659,0
0,6,EPE,PSCO,1605506400,26.503,27.195,1
0,6,EPE,PSCO,1606824000,19.786,26.511,1
0,6,EPE,PSCO,1608141600,23.143,28.727,1
0,1,PACE,AECI,1577836800,29.606,29.606,0
0,1,PACE,AECI,1579154400,31.258,31.258,0
0,1,PACE,AECI,1580472000,26.441,26.441,0
0,1,PACE,AECI,1581789600,26.244,26.244,0
0,1,PACE,AECI,1583107200,27.863,27.863,0
0,1,PACE,AECI,1584424800,33.66,33.66,0
0,1,PACE,AECI,1585742400,30.11,30.11,0
0,1,PACE,AECI,1587060000,29.92,29.92,0
0,1,PACE,AECI,1588377600,26.092,26.092,0
0,1,PACE,AECI,1589695200,29.135,29.135,0
0,1,PACE,AECI,1591012800,30.797,30.797,0
0,1,PACE,AECI,1592330400,26.769,26.769,0
0,1,PACE,AECI,1593648000,28.187,28.187,0
0,1,PACE,AECI,1594965600,26.382,26.382,0
0,1,PACE,AECI,1596283200,31.055,31.055,0
0,1,PACE,AECI,1597600800,33.719,33.719,0
0,1,PACE,AECI,1598918400,31.987,31.987,0
0,1,PACE,AECI,1600236000,34.388,34.388,0
0,1,PACE,AECI,1601553600,33.411,33.411,0
0,1,PACE,AECI,1602871200,28.206,28.206,0
0,1,PACE,AECI,1604188800,34.413,34.413,0
0,1,PACE,AECI,1605506400,30.768,30.768,0
0,1,PACE,AECI,1606824000,32.138,32.138,0
0,1,PACE,AECI,1608141600,29.524,29.524,0
0,2,PACE,AECI,1577836800,27.14,29.606,2
0,2,PACE,AECI,1579154400,29.533,31.258,7
0,2,PACE,AECI,1580472000,25.298,26.441,3
0,2,PACE,AECI,1581789600,26.038,26.244,2
0,2,PACE,AECI,1583107200,24.889,27.863,4
0,2,PACE,AECI,1584424800,28.166,33.66,3
0,2,PACE,AECI,1585742400,21.322,30.11,1
0,2,PACE,AECI,1587060000,23.561,29.92,3
0,2,PACE,AECI,1588377600,22.248,26.092,4
0,2,PACE,AECI,1589695200,25.08,29.135,5
0,2,PACE,AECI,1591012800,24.47,30.797,3
0,2,PACE,AECI,1592330400,23.334,26.769,3
0,2,PACE,AECI,1593648000,26.668,28.187,4
0,2,PACE,AECI,1594965600,25.992,26.382,7
0,2,PACE,AECI,1596283200,28.975,31.055,7
0,2,PACE,AECI,1597600800,32.475,33.719,10
0,2,PACE,AECI,1598918400,29.278,31.987,4
0,2,PACE,AECI,1600236000,32.165,34.388,5
0,2,PACE,AECI,1601553600,29.401,33.411,5
0,2,PACE,AECI,1602871200,26.072,28.206,4
0,2,PACE,AECI,1604188800,32.374,34.413,4
0,2,PACE,AECI,1605506400,30.062,30.768,3
0,2,PACE,AECI,1606824000,30.627,32.138,5
0,2,PACE,AECI,1608141600,29.115,29.524,7
0,3,PACE,AECI,1577836800,27.812,29.606,2
0,3,PACE,AECI,1579154400,30.119,31.258,5
0,3,PACE,AECI,1580472000,26.145,26.441,1
0,3,PACE,AECI,1581789600,26.244,26.244,0
0,3,PACE,AECI,1583107200,27.863,27.863,0
0,3,PACE,AECI,1584424800,28.528,33.66,1
0,3,PACE,AECI,1585742400,21.322,30.11,1
0,3,PACE,AECI,1587060000,24.0,29.92,1
0,3,PACE,AECI,1588377600,24.786,26.092,2
0,3,PACE,AECI,1589695200,25.678,29.135,3
0,3,PACE,AECI,1591012800,24.929,30.797,1
0,3,PACE,AECI,1592330400,25.78,26.769,1
0,3,PACE,AECI,1593648000,28.187,28.187,0
0,3,PACE,AECI,1594965600,26.12,26.382,1
0,3,PACE,AECI,1596283200,29.599,31.055,1
0,3,PACE,AECI,1597600800,32.634,33.719,4
0,3,PACE,AECI,1598918400,29.254,31.987,4
0,3,PACE,AECI,1600236000,32.948,34.388,3
0,3,PACE,AECI,1601553600,30.044,33.411,1
0,3,PACE,AECI,1602871200,27.505,28.206,4
0,3,PACE,AECI,1604188800,34.039,34.413,2
0,3,PACE,AECI,1605506400,30.457,30.768,1
0,3,PACE,AECI,1606824000,31.456,32.138,5
0,3,PACE,AECI,1608141600,29.247,29.524,1
0,4,PACE,AECI,1577836800,27.921,29.606,1
0,4,PACE,AECI,1579154400,30.158,31.258,3
0,4,PACE,AECI,1580472000,25.242,26.441,1
0,4,PACE,AECI,1581789600,26.723,26.244,1
0,4,PACE,AECI,1583107200,26.727,27.863,2
0,4,PACE,AECI,1584424800,28.528,33.66,1
0,4,PACE,AECI,1585742400,21.322,30.11,1
0,4,PACE,AECI,1587060000,24.0,29.92,1
0,4,PACE,AECI,1588377600,24.028,26.092,3
0,4,PACE,AECI,1589695200,25.966,29.135,1
0,4,PACE,AECI,1591012800,24.929,30.797,1
0,4,PACE,AECI,1592330400,26.142,26.769,1
0,4,PACE,AECI,1593648000,28.468,28.187,3
0,4,PACE,AECI,1594965600,26.698,26.382,2
0,4,PACE,AECI,1596283200,29.599,31.055,1
0,4,PACE,AECI,1597600800,32.801,33.719,2
0,4,PACE,AECI,1598918400,29.436,31.987,1
0,4,PACE,AECI,1600236000,33.222,34.388,1
0,4,PACE,AECI,1601553600,30.174,33.411,3
0,4,PACE,AECI,1602871200,28.206,28.206,0
0,4,PACE,AECI,1604188800,34.289,34.413,1
0,4,PACE,AECI,1605506400,31.402,30.768,1
0,4,PACE,AECI,1606824000,32.276,32.138,2
0,4,PACE,AECI,1608141600,29.61,29.524,2
0,5,PACE,AECI,1577836800,27.098,29.606,3
0,5,PACE,AECI,1579154400,29.473,31.258,7
0,5,PACE,AECI,1580472000,25.205,26.441,3
0,5,PACE,AECI,1581789600,25.974,26.244,2
0,5,PACE,AECI,1583107200,24.86,27.863,4
0,5,PACE,AECI,1584424800,28.074,33.66,3
0,5,PACE,AECI,1585742400,21.322,30.11,1
0,5,PACE,AECI,1587060000,23.532,29.92,3
0,5,PACE,AECI,1588377600,22.124,26.092,4
0,5,PACE,AECI,1589695200,24.902,29.135,5
0,5,PACE,AECI,1591012800,24.412,30.797,3
0,5,PACE,AECI,1592330400,23.174,26.769,3
0,5,PACE,AECI,1593648000,26.501,28.187,4
0,5,PACE,AECI,1594965600,25.848,26.382,7
0,5,PACE,AECI,1596283200,28.885,31.055,7
0,5,PACE,AECI,1597600800,32.243,33.719,10
0,5,PACE,AECI,1598918400,29.232,31.987,4
0,5,PACE,AECI,1600236000,31.965,34.388,5
0,5,PACE,AECI,1601553600,29.235,33.411,5
0,5,PACE,AECI,1602871200,25.938,28.206,4
0,5,PACE,AECI,1604188800,32.273,34.413,4
0,5,PACE,AECI,1605506400,29.972,30.768,3
0,5,PACE,AECI,1606824000,30.519,32.138,5
0,5,PACE,AECI,1608141600,29.04,29.524,7
0,6,PACE,AECI,1577836800,27.235,29.606,2
0,6,PACE,AECI,1579154400,29.6,31.258,2
0,6,PACE,AECI,1580472000,25.756,26.441,1
0,6,PACE,AECI,1581789600,26.244,26.244,0
0,6,PACE,AECI,1583107200,27.863,27.863,0
0,6,PACE,AECI,1584424800,28.528,33.66,1
0,6,PACE,AECI,1585742400,21.322,30.11,1
0,6,PACE,AECI,1587060000,24.0,29.92,1
0,6,PACE,AECI,1588377600,24.48,26.092,2
0,6,PACE,AECI,1589695200,25.966,29.135,1
0,6,PACE,AECI,1591012800,24.929,30.797,1
0,6,PACE,AECI,1592330400,25.78,26.769,1
0,6,PACE,AECI,1593648000,28.187,28.187,0
0,6,PACE,AECI,1594965600,26.382,26.382,0
0,6,PACE,AECI,1596283200,29.599,31.055,1
0,6,PACE,AECI,1597600800,32.799,33.719,1
0,6,PACE,AECI,1598918400,29.436,31.987,1
0,6,PACE,AECI,1600236000,32.448,34.388,2
0,6,PACE,AECI,1601553600,30.044,33.411,1
0,6,PACE,AECI,1602871200,27.416,28.206,1
0,6,PACE,AECI,1604188800,34.413,34.413,0
0,6,PACE,AECI,1605506400,30.768,30.768,0
0,6,PACE,AECI,1606824000,32.138,32.138,0
0,6,PACE,AECI,1608141600,29.524,29.524,0
0,1,PACE,PSCO,1577836800,29.606,29.606,0
0,1,PACE,PSCO,1579154400,31.258,31.258,0
0,1,PACE,PSCO,1580472000,26.441,26.441,0
0,1,PACE,PSCO,1581789600,26.244,26.244,0
0,1,PACE,PSCO,1583107200,27.863,27.863,0
0,1,PACE,PSCO,1584424800,33.66,33.66,0
0,1,PACE,PSCO,1585742400,30.11,30.11,0
0,1,PACE,PSCO,1587060000,29.92,29.92,0
0,1,PACE,PSCO,1588377600,26.092,26.092,0
0,1,PACE,PSCO,1589695200,29.135,29.135,0
0,1,PACE,PSCO,1591012800,30.797,30.797,0
0,1,PACE,PSCO,1592330400,26.769,26.769,0
0,1,PACE,PSCO,1593648000,28.187,28.187,0
0,1,PACE,PSCO,1594965600,26.382,26.382,0
0,1,PACE,PSCO,1596283200,31.055,31.055,0
0,1,PACE,PSCO,1597600800,33.719,33.719,0
0,1,PACE,PSCO,1598918400,31.987,31.987,0
0,1,PACE,PSCO,1600236000,34.388,34.388,0
0,1,PACE,PSCO,1601553600,33.411,33.411,0
0,1,PACE,PSCO,1602871200,28.206,28.206,0
0,1,PACE,PSCO,1604188800,34.413,34.413,0
0,1,PACE,PSCO,1605506400,30.768,30.768,0
0,1,PACE,PSCO,1606824000,32.138,32.138,0
0,1,PACE,PSCO,1608141600,29.524,29.524,0
0,2,PACE,PSCO,1577836800,26.798,29.606,6
0,2,PACE,PSCO,1579154400,22.773,31.258,7
0,2,PACE,PSCO,1580472000,22.159,26.441,5
0,2,PACE,PSCO,1581789600,24.859,26.244,5
0,2,PACE,PSCO,1583107200,25.817,27.863,8
0,2,PACE,PSCO,1584424800,29.604,33.66,3
0,2,PACE,PSCO,1585742400,25.827,30.11,5
0,2,PACE,PSCO,1587060000,27.315,29.92,8
0,2,PACE,PSCO,1588377600,22.753,26.092,6
0,2,PACE,PSCO,1589695200,22.791,29.135,3
0,2,PACE,PSCO,1591012800,28.455,30.797,3
0,2,PACE,PSCO,1592330400,21.73,26.769,3
0,2,PACE,PSCO,1593648000,22.935,28.187,5
0,2,PACE,PSCO,1594965600,25.706,26.382,9
0,2,PACE,PSCO,1596283200,26.523,31.055,5
0,2,PACE,PSCO,1597600800,25.34,33.719,1
0,2,PACE,PSCO,1598918400,30.405,31.987,6
0,2,PACE,PSCO,1600236000,23.491,34.388,1
0,2,PACE,PSCO,1601553600,26.255,33.411,5
0,2,PACE,PSCO,1602871200,25.404,28.206,4
0,2,PACE,PSCO,1604188800,30.126,34.413,3
0,2,PACE,PSCO,1605506400,26.74,30.768,5
0,2,PACE,PSCO,1606824000,19.943,32.138,1
0,2,PACE,PSCO,1608141600,23.18,29.524,1
0,3,PACE,PSCO,1577836800,26.825,29.606,2
0,3,PACE,PSCO,1579154400,22.683,31.258,1
0,3,PACE,PSCO,1580472000,22.232,26.441,1
0,3,PACE,PSCO,1581789600,26.031,26.244,1
0,3,PACE,PSCO,1583107200,26.189,27.863,2
0,3,PACE,PSCO,1584424800,29.495,33.66,1
0,3,PACE,PSCO,1585742400,26.221,30.11,1
0,3,PACE,PSCO,1587060000,28.096,29.92,2
0,3,PACE,PSCO,1588377600,24.368,26.092,2
0,3,PACE,PSCO,1589695200,23.345,29.135,1
0,3,PACE,PSCO,1591012800,29.552,30.797,1
0,3,PACE,PSCO,1592330400,23.982,26.769,1
0,3,PACE,PSCO,1593648000,23.797,28.187,3
0,3,PACE,PSCO,1594965600,26.232,26.382,1
0,3,PACE,PSCO,1596283200,26.962,31.055,1
0,3,PACE,PSCO,1597600800,25.34,33.719,1
0,3,PACE,PSCO,1598918400,31.198,31.987,2
0,3,PACE,PSCO,1600236000,23.491,34.388,1
0,3,PACE,PSCO,1601553600,26.33,33.411,1
0,3,PACE,PSCO,1602871200,26.511,28.206,4
0,3,PACE,PSCO,1604188800,30.3,34.413,1
0,3,PACE,PSCO,1605506400,27.182,30.768,1
0,3,PACE,PSCO,1606824000,19.943,32.138,1
0,3,PACE,PSCO,1608141600,23.18,29.524,1
0,4,PACE,PSCO,1577836800,26.938,29.606,1
0,4,PACE,PSCO,1579154400,22.683,31.258,1
0,4,PACE,PSCO,1580472000,22.232,26.441,1
0,4,PACE,PSCO,1581789600,25.749,26.244,1
0,4,PACE,PSCO,1583107200,26.439,27.863,3
0,4,PACE,PSCO,1584424800,29.495,33.66,1
0,4,PACE,PSCO,1585742400,26.221,30.11,1
0,4,PACE,PSCO,1587060000,28.608,29.92,3
0,4,PACE,PSCO,1588377600,25.281,26.092,3
0,4,PACE,PSCO,1589695200,23.345,29.135,1
0,4,PACE,PSCO,1591012800,29.423,30.797,1
0,4,PACE,PSCO,1592330400,25.894,26.769,3
0,4,PACE,PSCO,1593648000,24.003,28.187,1
0,4,PACE,PSCO,1594965600,26.519,26.382,3
0,4,PACE,PSCO,1596283200,26.962,31.055,1
0,4,PACE,PSCO,1597600800,25.34,33.719,1
0,4,PACE,PSCO,1598918400,31.249,31.987,5
0,4,PACE,PSCO,1600236000,23.491,34.388,1
0,4,PACE,PSCO,1601553600,26.33,33.411,1
0,4,PACE,PSCO,1602871200,27.875,28.206,3
0,4,PACE,PSCO,1604188800,30.3,34.413,1
0,4,PACE,PSCO,1605506400,27.182,30.768,1
0,4,PACE,PSCO,1606824000,19.943,32.138,1
0,4,PACE,PSCO,1608141600,23.18,29.524,1
0,5,PACE,PSCO,1577836800,26.639,29.606,6
0,5,PACE,PSCO,1579154400,22.599,31.258,7
0,5,PACE,PSCO,1580472000,22.038,26.441,5
0,5,PACE,PSCO,1581789600,24.757,26.244,5
0,5,PACE,PSCO,1583107200,25.646,27.863,9
0,5,PACE,PSCO,1584424800,29.488,33.66,3
0,5,PACE,PSCO,1585742400,25.616,30.11,5
0,5,PACE,PSCO,1587060000,27.114,29.92,8
0,5,PACE,PSCO,1588377600,22.61,26.092,6
0,5,PACE,PSCO,1589695200,22.653,29.135,3
0,5,PACE,PSCO,1591012800,28.427,30.797,3
0,5,PACE,PSCO,1592330400,21.632,26.769,3
0,5,PACE,PSCO,1593648000,22.784,28.187,5
0,5,PACE,PSCO,1594965600,25.515,26.382,9
0,5,PACE,PSCO,1596283200,26.459,31.055,5
0,5,PACE,PSCO,1597600800,25.34,33.719,1
0,5,PACE,PSCO,1598918400,30.299,31.987,6
0,5,PACE,PSCO,1600236000,23.491,34.388,1
0,5,PACE,PSCO,1601553600,26.098,33.411,5
0,5,PACE,PSCO,1602871200,25.328,28.206,4
0,5,PACE,PSCO,1604188800,30.101,34.413,3
0,5,PACE,PSCO,1605506400,26.643,30.768,5
0,5,PACE,PSCO,1606824000,19.943,32.138,1
0,5,PACE,PSCO,1608141600,23.18,29.524,1
0,6,PACE,PSCO,1577836800,26.938,29.606,1
0,6,PACE,PSCO,1579154400,22.683,31.258,1
0,6,PACE,PSCO,1580472000,22.232,26.441,1
0,6,PACE,PSCO,1581789600,25.619,26.244,1
0,6,PACE,PSCO,1583107200,26.31,27.863,1
0,6,PACE,PSCO,1584424800,29.495,33.66,1
0,6,PACE,PSCO,1585742400,26.221,30.11,1
0,6,PACE,PSCO,1587060000,28.185,29.92,1
0,6,PACE,PSCO,1588377600,24.019,26.092,2
0,6,PACE,PSCO,1589695200,23.345,29.135,1
0,6,PACE,PSCO,1591012800,29.552,30.797,1
0,6,PACE,PSCO,1592330400,23.982,26.769,1
0,6,PACE,PSCO,1593648000,24.003,28.187,1
0,6,PACE,PSCO,1594965600,26.382,26.382,0
0,6,PACE,PSCO,1596283200,26.962,31.055,1
0,6,PACE,PSCO,1597600800,25.34,33.719,1
0,6,PACE,PSCO,1598918400,30.81,31.987,2
0,6,PACE,PSCO,1600236000,23.491,34.388,1
0,6,PACE,PSCO,1601553600,26.33,33.411,1
0,6,PACE,PSCO,1602871200,26.336,28.206,2
0,6,PACE,PSCO,1604188800,30.3,34.413,1
0,6,PACE,PSCO,1605506400,27.182,30.768,1
0,6,PACE,PSCO,1606824000,19.943,32.138,1
0,6,PACE,PSCO,1608141600,23.18,29.524,1
0,1,PSCO,EPE,1577836800,26.907,26.907,0
0,1,PSCO,EPE,1579154400,22.413,22.413,0
0,1,PSCO,EPE,1580472000,22.109,22.109,0
0,1,PSCO,EPE,1581789600,27.813,27.813,0
0,1,PSCO,EPE,1583107200,26.075,26.075,0
0,1,PSCO,EPE,1584424800,29.473,29.473,0
0,1,PSCO,EPE,1585742400,26.226,26.226,0
0,1,PSCO,EPE,1587060000,28.177,28.177,0
0,1,PSCO,EPE,1588377600,24.541,24.541,0
0,1,PSCO,EPE,1589695200,23.284,23.284,0
0,1,PSCO,EPE,1591012800,29.454,29.454,0
0,1,PSCO,EPE,1592330400,23.999,23.999,0
0,1,PSCO,EPE,1593648000,24.018,24.018,0
0,1,PSCO,EPE,1594965600,28.389,28.389,0
0,1,PSCO,EPE,1596283200,26.947,26.947,0
0,1,PSCO,EPE,1597600800,25.294,25.294,0
0,1,PSCO,EPE,1598918400,31.306,31.306,0
0,1,PSCO,EPE,1600236000,23.203,23.203,0
0,1,PSCO,EPE,1601553600,26.023,26.023,0
0,1,PSCO,EPE,1602871200,27.041,27.041,0
0,1,PSCO,EPE,1604188800,30.123,30.123,0
0,1,PSCO,EPE,1605506400,27.111,27.111,0
0,1,PSCO,EPE,1606824000,19.648,19.648,0
0,1,PSCO,EPE,1608141600,23.039,23.039,0
0,2,PSCO,EPE,1577836800,25.437,26.907,5
0,2,PSCO,EPE,1579154400,22.427,22.413,4
0,2,PSCO,EPE,1580472000,21.904,22.109,8
0,2,PSCO,EPE,1581789600,23.442,27.813,5
0,2,PSCO,EPE,1583107200,25.483,26.075,4
0,2,PSCO,EPE,1584424800,26.82,29.473,6
0,2,PSCO,EPE,1585742400,21.519,26.226,3
0,2,PSCO,EPE,1587060000,22.872,28.177,3
0,2,PSCO,EPE,1588377600,23.259,24.541,5
0,2,PSCO,EPE,1589695200,22.088,23.284,4
0,2,PSCO,EPE,1591012800,26.164,29.454,3
0,2,PSCO,EPE,1592330400,23.235,23.999,2
0,2,PSCO,EPE,1593648000,23.336,24.018,4
0,2,PSCO,EPE,1594965600,26.473,28.389,4
0,2,PSCO,EPE,1596283200,25.361,26.947,6
0,2,PSCO,EPE,1597600800,24.818,25.294,5
0,2,PSCO,EPE,1598918400,26.74,31.306,1
0,2,PSCO,EPE,1600236000,22.506,23.203,4
0,2,PSCO,EPE,1601553600,25.293,26.023,6
0,2,PSCO,EPE,1602871200,26.252,27.041,5
0,2,PSCO,EPE,1604188800,27.709,30.123,5
0,2,PSCO,EPE,1605506400,25.45,27.111,4
0,2,PSCO,EPE,1606824000,19.648,19.648,0
0,2,PSCO,EPE,1608141600,23.039,23.039,0
0,3,PSCO,EPE,1577836800,26.787,26.907,1
0,3,PSCO,EPE,1579154400,22.413,22.413,0
0,3,PSCO,EPE,1580472000,22.109,22.109,0
0,3,PSCO,EPE,1581789600,23.522,27.813,3
0,3,PSCO,EPE,1583107200,26.075,26.075,0
0,3,PSCO,EPE,1584424800,27.22,29.473,2
0,3,PSCO,EPE,1585742400,22.106,26.226,1
0,3,PSCO,EPE,1587060000,23.08,28.177,1
0,3,PSCO,EPE,1588377600,24.473,24.541,1
0,3,PSCO,EPE,1589695200,23.284,23.284,0
0,3,PSCO,EPE,1591012800,26.108,29.454,1
0,3,PSCO,EPE,1592330400,23.999,23.999,0
0,3,PSCO,EPE,1593648000,23.877,24.018,2
0,3,PSCO,EPE,1594965600,27.716,28.389,2
0,3,PSCO,EPE,1596283200,26.947,26.947,0
0,3,PSCO,EPE,1597600800,25.069,25.294,1
0,3,PSCO,EPE,1598918400,27.009,31.306,1
0,3,PSCO,EPE,1600236000,23.203,23.203,0
0,3,PSCO,EPE,1601553600,26.023,26.023,0
0,3,PSCO,EPE,1602871200,26.802,27.041,1
0,3,PSCO,EPE,1604188800,28.61,30.123,1
0,3,PSCO,EPE,1605506400,26.506,27.111,4
0,3,PSCO,EPE,1606824000,19.648,19.648,0
0,3,PSCO,EPE,1608141600,23.039,23.039,0
0,4,PSCO,EPE,1577836800,26.363,26.907,3
0,4,PSCO,EPE,1579154400,22.413,22.413,0
0,4,PSCO,EPE,1580472000,22.109,22.109,0
0,4,PSCO,EPE,1581789600,23.631,27.813,1
0,4,PSCO,EPE,1583107200,26.019,26.075,2
0,4,PSCO,EPE,1584424800,27.38,29.473,1
0,4,PSCO,EPE,1585742400,22.106,26.226,1
0,4,PSCO,EPE,1587060000,23.08,28.177,1
0,4,PSCO,EPE,1588377600,24.296,24.541,2
0,4,PSCO,EPE,1589695200,22.987,23.284,2
0,4,PSCO,EPE,1591012800,26.108,29.454,1
0,4,PSCO,EPE,1592330400,24.656,23.999,1
0,4,PSCO,EPE,1593648000,24.018,24.018,0
0,4,PSCO,EPE,1594965600,27.85,28.389,1
0,4,PSCO,EPE,1596283200,25.738,26.947,2
0,4,PSCO,EPE,1597600800,25.563,25.294,1
0,4,PSCO,EPE,1598918400,28.41,31.306,2
0,4,PSCO,EPE,1600236000,23.203,23.203,0
0,4,PSCO,EPE,1601553600,26.023,26.023,0
0,4,PSCO,EPE,1602871200,27.041,27.041,0
0,4,PSCO,EPE,1604188800,28.61,30.123,1
0,4,PSCO,EPE,1605506400,26.875,27.111,4
0,4,PSCO,EPE,1606824000,19.648,19.648,0
0,4,PSCO,EPE,1608141600,23.039,23.039,0
0,5,PSCO,EPE,1577836800,25.32,26.907,5
0,5,PSCO,EPE,1579154400,22.199,22.413,4
0,5,PSCO,EPE,1580472000,21.817,22.109,8
0,5,PSCO,EPE,1581789600,23.377,27.813,6
0,5,PSCO,EPE,1583107200,25.339,26.075,4
0,5,PSCO,EPE,1584424800,26.722,29.473,7
0,5,PSCO,EPE,1585742400,21.39,26.226,3
0,5,PSCO,EPE,1587060000,22.826,28.177,3
0,5,PSCO,EPE,1588377600,23.156,24.541,6
0,5,PSCO,EPE,1589695200,22.031,23.284,4
0,5,PSCO,EPE,1591012800,26.093,29.454,3
0,5,PSCO,EPE,1592330400,23.086,23.999,2
0,5,PSCO,EPE,1593648000,23.251,24.018,4
0,5,PSCO,EPE,1594965600,26.38,28.389,4
0,5,PSCO,EPE,1596283200,25.306,26.947,6
0,5,PSCO,EPE,1597600800,24.766,25.294,5
0,5,PSCO,EPE,1598918400,26.72,31.306,1
0,5,PSCO,EPE,1600236000,22.405,23.203,4
0,5,PSCO,EPE,1601553600,25.079,26.023,6
0,5,PSCO,EPE,1602871200,26.15,27.041,5
0,5,PSCO,EPE,1604188800,27.593,30.123,5
0,5,PSCO,EPE,1605506400,25.408,27.111,4
0,5,PSCO,EPE,1606824000,19.648,19.648,0
0,5,PSCO,EPE,1608141600,23.039,23.039,0
0,6,PSCO,EPE,1577836800,26.907,26.907,0
0,6,PSCO,EPE,1579154400,22.413,22.413,0
0,6,PSCO,EPE,1580472000,22.109,22.109,0
0,6,PSCO,EPE,1581789600,23.631,27.813,1
0,6,PSCO,EPE,1583107200,26.075,26.075,0
0,6,PSCO,EPE,1584424800,27.38,29.473,1
0,6,PSCO,EPE,1585742400,22.106,26.226,1
0,6,PSCO,EPE,1587060000,23.08,28.177,1
0,6,PSCO,EPE,1588377600,23.986,24.541,1
0,6,PSCO,EPE,1589695200,23.284,23.284,0
0,6,PSCO,EPE,1591012800,26.108,29.454,1
0,6,PSCO,EPE,1592330400,23.999,23.999,0
0,6,PSCO,EPE,1593648000,24.018,24.018,0
0,6,PSCO,EPE,1594965600,27.718,28.389,1
0,6,PSCO,EPE,1596283200,26.947,26.947,0
0,6,PSCO,EPE,1597600800,25.294,25.294,0
0,6,PSCO,EPE,1598918400,27.009,31.306,1
0,6,PSCO,EPE,1600236000,23.203,23.203,0
0,6,PSCO,EPE,1601553600,26.023,26.023,0
0,6,PSCO,EPE,1602871200,27.041,27.041,0
0,6,PSCO,EPE,1604188800,28.61,30.123,1
0,6,PSCO,EPE,1605506400,27.111,27.111,0
0,6,PSCO,EPE,1606824000,19.648,19.648,0
0,6,PSCO,EPE,1608141600,23.039,23.039,0
0,1,PSCO,PACE,1577836800,26.907,26.907,0
0,1,PSCO,PACE,1579154400,22.413,22.413,0
0,1,PSCO,PACE,1580472000,22.109,22.109,0
0,1,PSCO,PACE,1581789600,27.813,27.813,0
0,1,PSCO,PACE,1583107200,26.075,26.075,0
0,1,PSCO,PACE,1584424800,29.473,29.473,0
0,1,PSCO,PACE,1585742400,26.226,26.226,0
0,1,PSCO,PACE,1587060000,28.177,28.177,0
0,1,PSCO,PACE,1588377600,24.541,24.541,0
0,1,PSCO,PACE,1589695200,23.284,23.284,0
0,1,PSCO,PACE,1591012800,29.454,29.454,0
0,1,PSCO,PACE,1592330400,23.999,23.999,0
0,1,PSCO,PACE,1593648000,24.018,24.018,0
0,1,PSCO,PACE,1594965600,28.389,28.389,0
0,1,PSCO,PACE,1596283200,26.947,26.947,0
0,1,PSCO,PACE,1597600800,25.294,25.294,0
0,1,PSCO,PACE,1598918400,31.306,31.306,0
0,1,PSCO,PACE,1600236000,23.203,23.203,0
0,1,PSCO,PACE,1601553600,26.023,26.023,0
0,1,PSCO,PACE,1602871200,27.041,27.041,0
0,1,PSCO,PACE,1604188800,30.123,30.123,0
0,1,PSCO,PACE,1605506400,27.111,27.111,0
0,1,PSCO,PACE,1606824000,19.648,19.648,0
0,1,PSCO,PACE,1608141600,23.039,23.039,0
0,2,PSCO,PACE,1577836800,26.768,26.907,5
0,2,PSCO,PACE,1579154400,22.503,22.413,6
0,2,PSCO,PACE,1580472000,22.037,22.109,4
0,2,PSCO,PACE,1581789600,24.992,27.813,6
0,2,PSCO,PACE,1583107200,25.582,26.075,7
0,2,PSCO,PACE,1584424800,29.581,29.473,2
0,2,PSCO,PACE,1585742400,25.832,26.226,6
0,2,PSCO,PACE,1587060000,27.307,28.177,7
0,2,PSCO,PACE,1588377600,22.624,24.541,5
0,2,PSCO,PACE,1589695200,22.73,23.284,2
0,2,PSCO,PACE,1591012800,28.358,29.454,2
0,2,PSCO,PACE,1592330400,21.747,23.999,4
0,2,PSCO,PACE,1593648000,22.95,24.018,6
0,2,PSCO,PACE,1594965600,25.703,28.389,8
0,2,PSCO,PACE,1596283200,26.508,26.947,4
0,2,PSCO,PACE,1597600800,25.294,25.294,0
0,2,PSCO,PACE,1598918400,30.173,31.306,5
0,2,PSCO,PACE,1600236000,23.203,23.203,0
0,2,PSCO,PACE,1601553600,25.949,26.023,4
0,2,PSCO,PACE,1602871200,25.293,27.041,3
0,2,PSCO,PACE,1604188800,29.949,30.123,2
0,2,PSCO,PACE,1605506400,26.669,27.111,4
0,2,PSCO,PACE,1606824000,19.648,19.648,0
0,2,PSCO,PACE,1608141600,23.039,23.039,0
0,3,PSCO,PACE,1577836800,26.795,26.907,1
0,3,PSCO,PACE,1579154400,22.413,22.413,0
0,3,PSCO,PACE,1580472000,22.109,22.109,0
0,3,PSCO,PACE,1581789600,26.163,27.813,2
0,3,PSCO,PACE,1583107200,25.954,26.075,1
0,3,PSCO,PACE,1584424800,29.473,29.473,0
0,3,PSCO,PACE,1585742400,26.226,26.226,0
0,3,PSCO,PACE,1587060000,28.088,28.177,1
0,3,PSCO,PACE,1588377600,24.239,24.541,1
0,3,PSCO,PACE,1589695200,23.284,23.284,0
0,3,PSCO,PACE,1591012800,29.454,29.454,0
0,3,PSCO,PACE,1592330400,23.999,23.999,0
0,3,PSCO,PACE,1593648000,23.812,24.018,2
0,3,PSCO,PACE,1594965600,26.229,28.389,2
0,3,PSCO,PACE,1596283200,26.947,26.947,0
0,3,PSCO,PACE,1597600800,25.294,25.294,0
0,3,PSCO,PACE,1598918400,30.966,31.306,1
0,3,PSCO,PACE,1600236000,23.203,23.203,0
0,3,PSCO,PACE,1601553600,26.023,26.023,0
0,3,PSCO,PACE,1602871200,26.4,27.041,3
0,3,PSCO,PACE,1604188800,30.123,30.123,0
0,3,PSCO,PACE,1605506400,27.111,27.111,0
0,3,PSCO,PACE,1606824000,19.648,19.648,0
0,3,PSCO,PACE,1608141600,23.039,23.039,0
0,4,PSCO,PACE,1577836800,26.907,26.907,0
0,4,PSCO,PACE,1579154400,22.413,22.413,0
0,4,PSCO,PACE,1580472000,22.109,22.109,0
0,4,PSCO,PACE,1581789600,25.881,27.813,2
0,4,PSCO,PACE,1583107200,26.203,26.075,2
0,4,PSCO,PACE,1584424800,29.473,29.473,0
0,4,PSCO,PACE,1585742400,26.226,26.226,0
0,4,PSCO,PACE,1587060000,28.601,28.177,2
0,4,PSCO,PACE,1588377600,25.152,24.541,2
0,4,PSCO,PACE,1589695200,23.284,23.284,0
0,4,PSCO,PACE,1591012800,29.325,29.454,2
0,4,PSCO,PACE,1592330400,25.911,23.999,2
0,4,PSCO,PACE,1593648000,24.018,24.018,0
0,4,PSCO,PACE,1594965600,26.516,28.389,4
0,4,PSCO,PACE,1596283200,26.947,26.947,0
0,4,PSCO,PACE,1597600800,25.294,25.294,0
0,4,PSCO,PACE,1598918400,31.016,31.306,4
0,4,PSCO,PACE,1600236000,23.203,23.203,0
0,4,PSCO,PACE,1601553600,26.023,26.023,0
0,4,PSCO,PACE,1602871200,27.764,27.041,2
0,4,PSCO,PACE,1604188800,30.123,30.123,0
0,4,PSCO,PACE,1605506400,27.111,27.111,0
0,4,PSCO,PACE,1606824000,19.648,19.648,0
0,4,PSCO,PACE,1608141600,23.039,23.039,0
0,5,PSCO,PACE,1577836800,26.609,26.907,5
0,5,PSCO,PACE,1579154400,22.329,22.413,6
0,5,PSCO,PACE,1580472000,21.915,22.109,4
0,5,PSCO,PACE,1581789600,24.89,27.813,6
0,5,PSCO,PACE,1583107200,25.411,26.075,8
0,5,PSCO,PACE,1584424800,29.465,29.473,2
0,5,PSCO,PACE,1585742400,25.621,26.226,4
0,5,PSCO,PACE,1587060000,27.106,28.177,7
0,5,PSCO,PACE,1588377600,22.481,24.541,5
0,5,PSCO,PACE,1589695200,22.592,23.284,2
0,5,PSCO,PACE,1591012800,28.33,29.454,2
0,5,PSCO,PACE,1592330400,21.649,23.999,4
0,5,PSCO,PACE,1593648000,22.798,24.018,4
0,5,PSCO,PACE,1594965600,25.512,28.389,8
0,5,PSCO,PACE,1596283200,26.444,26.947,4
0,5,PSCO,PACE,1597600800,25.294,25.294,0
0,5,PSCO,PACE,1598918400,30.067,31.306,5
0,5,PSCO,PACE,1600236000,23.203,23.203,0
0,5,PSCO,PACE,1601553600,25.791,26.023,4
0,5,PSCO,PACE,1602871200,25.217,27.041,3
0,5,PSCO,PACE,1604188800,29.924,30.123,2
0,5,PSCO,PACE,1605506400,26.572,27.111,4
0,5,PSCO,PACE,1606824000,19.648,19.648,0
0,5,PSCO,PACE,1608141600,23.039,23.039,0
0,6,PSCO,PACE,1577836800,26.907,26.907,0
0,6,PSCO,PACE,1579154400,22.413,22.413,0
0,6,PSCO,PACE,1580472000,22.109,22.109,0
0,6,PSCO,PACE,1581789600,25.752,27.813,2
0,6,PSCO,PACE,1583107200,26.075,26.075,0
0,6,PSCO,PACE,1584424800,29.473,29.473,0
0,6,PSCO,PACE,1585742400,26.226,26.226,0
0,6,PSCO,PACE,1587060000,28.177,28.177,0
0,6,PSCO,PACE,1588377600,23.89,24.541,1
0,6,PSCO,PACE,1589695200,23.284,23.284,0
0,6,PSCO,PACE,1591012800,29.454,29.454,0
0,6,PSCO,PACE,1592330400,23.999,23.999,0
0,6,PSCO,PACE,1593648000,24.018,24.018,0
0,6,PSCO,PACE,1594965600,26.379,28.389,1
0,6,PSCO,PACE,1596283200,26.947,26.947,0
0,6,PSCO,PACE,1597600800,25.294,25.294,0
0,6,PSCO,PACE,1598918400,30.578,31.306,1
0,6,PSCO,PACE,1600236000,23.203,23.203,0
0,6,PSCO,PACE,1601553600,26.023,26.023,0
0,6,PSCO,PACE,1602871200,26.225,27.041,1
0,6,PSCO,PACE,1604188800,30.123,30.123,0
0,6,PSCO,PACE,1605506400,27.111,27.111,0
0,6,PSCO,PACE,1606824000,19.648,19.648,0
0,6,PSCO,PACE,1608141600,23.039,23.039,0
0,1,TEPC,AECI,1577836800,34.904,34.904,0
0,1,TEPC,AECI,1579154400,34.672,34.672,0
0,1,TEPC,AECI,1580472000,30.305,30.305,0
0,1,TEPC,AECI,1581789600,30.794,30.794,0
0,1,TEPC,AECI,1583107200,28.518,28.518,0
0,1,TEPC,AECI,1584424800,27.901,27.901,0
0,1,TEPC,AECI,1585742400,21.852,21.852,0
0,1,TEPC,AECI,1587060000,23.826,23.826,0
0,1,TEPC,AECI,1588377600,23.901,23.901,0
0,1,TEPC,AECI,1589695200,28.736,28.736,0
0,1,TEPC,AECI,1591012800,29.666,29.666,0
0,1,TEPC,AECI,1592330400,25.26,25.26,0
0,1,TEPC,AECI,1593648000,28.784,28.784,0
0,1,TEPC,AECI,1594965600,27.715,27.715,0
0,1,TEPC,AECI,1596283200,29.288,29.288,0
0,1,TEPC,AECI,1597600800,30.959,30.959,0
0,1,TEPC,AECI,1598918400,29.268,29.268,0
0,1,TEPC,AECI,1600236000,32.69,32.69,0
0,1,TEPC,AECI,1601553600,31.456,31.456,0
0,1,TEPC,AECI,1602871200,35.004,35.004,0
0,1,TEPC,AECI,1604188800,35.427,35.427,0
0,1,TEPC,AECI,1605506400,30.0,30.0,0
0,1,TEPC,AECI,1606824000,25.748,25.748,0
0,1,TEPC,AECI,1608141600,33.481,33.481,0
0,2,TEPC,AECI,1577836800,28.017,34.904,3
0,2,TEPC,AECI,1579154400,30.364,34.672,3
0,2,TEPC,AECI,1580472000,26.134,30.305,3
0,2,TEPC,AECI,1581789600,28.504,30.794,4
0,2,TEPC,AECI,1583107200,25.437,28.518,4
0,2,TEPC,AECI,1584424800,26.654,27.901,7
0,2,TEPC,AECI,1585742400,19.405,21.852,5
0,2,TEPC,AECI,1587060000,21.735,23.826,4
0,2,TEPC,AECI,1588377600,22.342,23.901,4
0,2,TEPC,AECI,1589695200,25.099,28.736,5
0,2,TEPC,AECI,1591012800,24.618,29.666,3
0,2,TEPC,AECI,1592330400,24.127,25.26,6
0,2,TEPC,AECI,1593648000,27.603,28.784,4
0,2,TEPC,AECI,1594965600,26.736,27.715,5
0,2,TEPC,AECI,1596283200,28.238,29.288,7
0,2,TEPC,AECI,1597600800,30.882,30.959,6
0,2,TEPC,AECI,1598918400,28.767,29.268,11
0,2,TEPC,AECI,1600236000,31.22,32.69,5
0,2,TEPC,AECI,1601553600,29.382,31.456,9
0,2,TEPC,AECI,1602871200,28.989,35.004,6
0,2,TEPC,AECI,1604188800,33.119,35.427,4
0,2,TEPC,AECI,1605506400,29.56,30.0,3
0,2,TEPC,AECI,1606824000,25.748,25.748,0
0,2,TEPC,AECI,1608141600,31.152,33.481,3
0,3,TEPC,AECI,1577836800,28.093,34.904,1
0,3,TEPC,AECI,1579154400,30.347,34.672,1
0,3,TEPC,AECI,1580472000,29.171,30.305,1
0,3,TEPC,AECI,1581789600,29.755,30.794,4
0,3,TEPC,AECI,1583107200,28.518,28.518,0
0,3,TEPC,AECI,1584424800,27.591,27.901,3
0,3,TEPC,AECI,1585742400,20.959,21.852,3
0,3,TEPC,AECI,1587060000,23.316,23.826,2
0,3,TEPC,AECI,1588377600,23.901,23.901,0
0,3,TEPC,AECI,1589695200,25.715,28.736,3
0,3,TEPC,AECI,1591012800,24.832,29.666,1
0,3,TEPC,AECI,1592330400,24.832,25.26,6
0,3,TEPC,AECI,1593648000,28.784,28.784,0
0,3,TEPC,AECI,1594965600,27.481,27.715,3
0,3,TEPC,AECI,1596283200,29.229,29.288,1
0,3,TEPC,AECI,1597600800,30.959,30.959,0
0,3,TEPC,AECI,1598918400,28.945,29.268,3
0,3,TEPC,AECI,1600236000,32.57,32.69,1
0,3,TEPC,AECI,1601553600,29.905,31.456,1
0,3,TEPC,AECI,1602871200,29.194,35.004,2
0,3,TEPC,AECI,1604188800,34.889,35.427,2
0,3,TEPC,AECI,1605506400,29.808,30.0,1
0,3,TEPC,AECI,1606824000,25.748,25.748,0
0,3,TEPC,AECI,1608141600,31.687,33.481,1
0,4,TEPC,AECI,1577836800,28.093,34.904,1
0,4,TEPC,AECI,1579154400,30.347,34.672,1
0,4,TEPC,AECI,1580472000,26.801,30.305,1
0,4,TEPC,AECI,1581789600,30.92,30.794,3
0,4,TEPC,AECI,1583107200,29.881,28.518,5
0,4,TEPC,AECI,1584424800,27.396,27.901,1
0,4,TEPC,AECI,1585742400,21.127,21.852,2
0,4,TEPC,AECI,1587060000,23.489,23.826,3
0,4,TEPC,AECI,1588377600,23.901,23.901,0
0,4,TEPC,AECI,1589695200,25.771,28.736,1
0,4,TEPC,AECI,1591012800,24.832,29.666,1
0,4,TEPC,AECI,1592330400,25.656,25.26,2
0,4,TEPC,AECI,1593648000,28.784,28.784,0
0,4,TEPC,AECI,1594965600,27.605,27.715,2
0,4,TEPC,AECI,1596283200,29.074,29.288,2
0,4,TEPC,AECI,1597600800,30.959,30.959,0
0,4,TEPC,AECI,1598918400,28.924,29.268,1
0,4,TEPC,AECI,1600236000,31.94,32.69,2
0,4,TEPC,AECI,1601553600,30.596,31.456,4
0,4,TEPC,AECI,1602871200,29.194,35.004,1
0,4,TEPC,AECI,1604188800,35.4,35.427,1
0,4,TEPC,AECI,1605506400,30.794,30.0,1
0,4,TEPC,AECI,1606824000,25.748,25.748,0
0,4,TEPC,AECI,1608141600,31.687,33.481,1
0,5,TEPC,AECI,1577836800,27.986,34.904,3
0,5,TEPC,AECI,1579154400,30.335,34.672,3
0,5,TEPC,AECI,1580472000,26.068,30.305,3
0,5,TEPC,AECI,1581789600,28.442,30.794,4
0,5,TEPC,AECI,1583107200,25.163,28.518,4
0,5,TEPC,AECI,1584424800,26.55,27.901,7
0,5,TEPC,AECI,1585742400,19.356,21.852,4
0,5,TEPC,AECI,1587060000,21.67,23.826,4
0,5,TEPC,AECI,1588377600,22.101,23.901,4
0,5,TEPC,AECI,1589695200,24.895,28.736,5
0,5,TEPC,AECI,1591012800,24.578,29.666,1
0,5,TEPC,AECI,1592330400,23.973,25.26,6
0,5,TEPC,AECI,1593648000,27.478,28.784,4
0,5,TEPC,AECI,1594965600,26.57,27.715,5
0,5,TEPC,AECI,1596283200,28.106,29.288,7
0,5,TEPC,AECI,1597600800,30.826,30.959,6
0,5,TEPC,AECI,1598918400,28.577,29.268,11
0,5,TEPC,AECI,1600236000,31.079,32.69,5
0,5,TEPC,AECI,1601553600,29.311,31.456,9
0,5,TEPC,AECI,1602871200,28.908,35.004,5
0,5,TEPC,AECI,1604188800,32.93,35.427,4
0,5,TEPC,AECI,1605506400,29.511,30.0,3
0,5,TEPC,AECI,1606824000,25.748,25.748,0
0,5,TEPC,AECI,1608141600,31.1,33.481,3
0,6,TEPC,AECI,1577836800,28.093,34.904,1
0,6,TEPC,AECI,1579154400,30.347,34.672,1
0,6,TEPC,AECI,1580472000,29.171,30.305,1
0,6,TEPC,AECI,1581789600,30.061,30.794,1
0,6,TEPC,AECI,1583107200,28.518,28.518,0
0,6,TEPC,AECI,1584424800,27.264,27.901,1
0,6,TEPC,AECI,1585742400,21.228,21.852,1
0,6,TEPC,AECI,1587060000,22.658,23.826,2
0,6,TEPC,AECI,1588377600,23.901,23.901,0
0,6,TEPC,AECI,1589695200,25.771,28.736,1
0,6,TEPC,AECI,1591012800,24.832,29.666,1
0,6,TEPC,AECI,1592330400,25.26,25.26,0
0,6,TEPC,AECI,1593648000,28.784,28.784,0
0,6,TEPC,AECI,1594965600,27.715,27.715,0
0,6,TEPC,AECI,1596283200,28.623,29.288,1
0,6,TEPC,AECI,1597600800,30.959,30.959,0
0,6,TEPC,AECI,1598918400,29.268,29.268,0
0,6,TEPC,AECI,1600236000,32.69,32.69,0
0,6,TEPC,AECI,1601553600,29.905,31.456,1
0,6,TEPC,AECI,1602871200,29.194,35.004,1
0,6,TEPC,AECI,1604188800,33.925,35.427,2
0,6,TEPC,AECI,1605506400,30.0,30.0,0
0,6,TEPC,AECI,1606824000,25.748,25.748,0
0,6,TEPC,AECI,1608141600,31.687,33.481,1
5,1,AECI,EPE,1577836800,27.991,27.991,0
5,1,AECI,EPE,1579154400,30.139,30.139,0
5,1,AECI,EPE,1580472000,29.202,29.202,0
5,1,AECI,EPE,1581789600,30.99,30.99,0
5,1,AECI,EPE,1583107200,28.95,28.95,0
5,1,AECI,EPE,1584424800,28.31,28.31,0
5,1,AECI,EPE,1585742400,21.211,21.211,0
5,1,AECI,EPE,1587060000,23.892,23.892,0
5,1,AECI,EPE,1588377600,25.143,25.143,0
5,1,AECI,EPE,1589695200,25.774,25.774,0
5,1,AECI,EPE,1591012800,24.75,24.75,0
5,1,AECI,EPE,1592330400,25.959,25.959,0
5,1,AECI,EPE,1593648000,29.983,29.983,0
5,1,AECI,EPE,1594965600,28.571,28.571,0
5,1,AECI,EPE,1596283200,29.488,29.488,0
5,1,AECI,EPE,1597600800,32.788,32.788,0
5,1,AECI,EPE,1598918400,29.414,29.414,0
5,1,AECI,EPE,1600236000,33.086,33.086,0
5,1,AECI,EPE,1601553600,29.771,29.771,0
5,1,AECI,EPE,1602871200,29.148,29.148,0
5,1,AECI,EPE,1604188800,35.804,35.804,0
5,1,AECI,EPE,1605506400,33.466,33.466,0
5,1,AECI,EPE,1606824000,31.991,31.991,0
5,1,AECI,EPE,1608141600,31.713,31.713,0
5,2,AECI,EPE,1577836800,27.646,28.592,9
5,2,AECI,EPE,1579154400,28.341,30.785,3
5,2,AECI,EPE,1580472000,24.254,29.765,3
5,2,AECI,EPE,1581789600,24.212,31.671,1
5,2,AECI,EPE,1583107200,26.503,29.645,5
5,2,AECI,EPE,1584424800,27.308,28.81,6
5,2,AECI,EPE,1585742400,21.022,21.807,5
5,2,AECI,EPE,1587060000,22.787,24.321,5
5,2,AECI,EPE,1588377600,23.778,25.726,5
5,2,AECI,EPE,1589695200,25.01,26.341,6
5,2,AECI,EPE,1591012800,24.609,25.314,6
5,2,AECI,EPE,1592330400,25.731,26.488,7
5,2,AECI,EPE,1593648000,27.293,30.623,5
5,2,AECI,EPE,1594965600,27.765,29.102,4
5,2,AECI,EPE,1596283200,27.841,30.079,4
5,2,AECI,EPE,1597600800,29.427,33.466,3
5,2,AECI,EPE,1598918400,28.039,29.995,5
5,2,AECI,EPE,1600236000,27.378,33.664,2
5,2,AECI,EPE,1601553600,28.354,30.305,2
5,2,AECI,EPE,1602871200,28.407,29.771,5
5,2,AECI,EPE,1604188800,29.467,36.518,5
5,2,AECI,EPE,1605506400,27.793,33.985,2
5,2,AECI,EPE,1606824000,27.337,32.651,3
5,2,AECI,EPE,1608141600,29.824,32.315,9
5,3,AECI,EPE,1577836800,27.696,28.592,1
5,3,AECI,EPE,1579154400,28.299,30.785,1
5,3,AECI,EPE,1580472000,24.686,29.765,3
5,3,AECI,EPE,1581789600,24.212,31.671,1
5,3,AECI,EPE,1583107200,27.682,29.645,1
5,3,AECI,EPE,1584424800,27.699,28.81,2
5,3,AECI,EPE,1585742400,21.431,21.807,3
5,3,AECI,EPE,1587060000,23.424,24.321,1
5,3,AECI,EPE,1588377600,25.104,25.726,1
5,3,AECI,EPE,1589695200,25.822,26.341,2
5,3,AECI,EPE,1591012800,24.75,24.75,0
5,3,AECI,EPE,1592330400,26.351,26.488,1
5,3,AECI,EPE,1593648000,27.104,30.623,1
5,3,AECI,EPE,1594965600,28.366,29.102,4
5,3,AECI,EPE,1596283200,27.925,30.079,2
5,3,AECI,EPE,1597600800,29.309,33.466,1
5,3,AECI,EPE,1598918400,27.843,29.995,1
5,3,AECI,EPE,1600236000,27.361,33.664,2
5,3,AECI,EPE,1601553600,29.929,30.305,2
5,3,AECI,EPE,1602871200,29.639,29.771,1
5,3,AECI,EPE,1604188800,29.479,36.518,1
5,3,AECI,EPE,1605506400,27.8,33.985,2
5,3,AECI,EPE,1606824000,27.254,32.651,1
5,3,AECI,EPE,1608141600,29.509,32.315,1
5,4,AECI,EPE,1577836800,28.011,28.592,3
5,4,AECI,EPE,1579154400,28.299,30.785,1
5,4,AECI,EPE,1580472000,24.872,29.765,1
5,4,AECI,EPE,1581789600,24.212,31.671,1
5,4,AECI,EPE,1583107200,27.682,29.645,1
5,4,AECI,EPE,1584424800,27.795,28.81,1
5,4,AECI,EPE,1585742400,21.595,21.807,1
5,4,AECI,EPE,1587060000,23.942,24.321,2
5,4,AECI,EPE,1588377600,25.104,25.726,1
5,4,AECI,EPE,1589695200,24.995,26.341,2
5,4,AECI,EPE,1591012800,24.75,24.75,0
5,4,AECI,EPE,1592330400,25.945,26.488,2
5,4,AECI,EPE,1593648000,27.104,30.623,1
5,4,AECI,EPE,1594965600,28.538,29.102,1
5,4,AECI,EPE,1596283200,27.965,30.079,1
5,4,AECI,EPE,1597600800,29.309,33.466,1
5,4,AECI,EPE,1598918400,27.843,29.995,1
5,4,AECI,EPE,1600236000,27.329,33.664,1
5,4,AECI,EPE,1601553600,29.678,30.305,2
5,4,AECI,EPE,1602871200,30.224,29.771,1
5,4,AECI,EPE,1604188800,29.479,36.518,1
5,4,AECI,EPE,1605506400,27.95,33.985,1
5,4,AECI,EPE,1606824000,27.254,32.651,1
5,4,AECI,EPE,1608141600,29.509,32.315,1
5,5,AECI,EPE,1577836800,27.511,28.592,9
5,5,AECI,EPE,1579154400,28.27,30.785,3
5,5,AECI,EPE,1580472000,24.23,29.765,3
5,5,AECI,EPE,1581789600,24.212,31.671,1
5,5,AECI,EPE,1583107200,26.249,29.645,3
5,5,AECI,EPE,1584424800,27.232,28.81,6
5,5,AECI,EPE,1585742400,20.951,21.807,5
5,5,AECI,EPE,1587060000,22.715,24.321,6
5,5,AECI,EPE,1588377600,23.665,25.726,5
5,5,AECI,EPE,1589695200,24.854,26.341,6
5,5,AECI,EPE,1591012800,24.498,25.314,7
5,5,AECI,EPE,1592330400,25.527,26.488,7
5,5,AECI,EPE,1593648000,27.163,30.623,5
5,5,AECI,EPE,1594965600,27.603,29.102,4
5,5,AECI,EPE,1596283200,27.755,30.079,5
5,5,AECI,EPE,1597600800,29.38,33.466,3
5,5,AECI,EPE,1598918400,28.06,29.995,6
5,5,AECI,EPE,1600236000,27.361,33.664,2
5,5,AECI,EPE,1601553600,28.242,30.305,2
5,5,AECI,EPE,1602871200,28.351,29.771,5
5,5,AECI,EPE,1604188800,29.366,36.518,5
5,5,AECI,EPE,1605506400,27.782,33.985,2
5,5,AECI,EPE,1606824000,27.324,32.651,3
5,5,AECI,EPE,1608141600,29.75,32.315,9
5,6,AECI,EPE,1577836800,27.696,28.592,1
5,6,AECI,EPE,1579154400,28.299,30.785,1
5,6,AECI,EPE,1580472000,24.26,29.765,2
5,6,AECI,EPE,1581789600,24.212,31.671,1
5,6,AECI,EPE,1583107200,27.682,29.645,1
5,6,AECI,EPE,1584424800,27.795,28.81,1
5,6,AECI,EPE,1585742400,21.211,21.211,0
5,6,AECI,EPE,1587060000,23.424,24.321,1
5,6,AECI,EPE,1588377600,25.104,25.726,1
5,6,AECI,EPE,1589695200,25.656,26.341,1
5,6,AECI,EPE,1591012800,24.75,24.75,0
5,6,AECI,EPE,1592330400,25.959,25.959,0
5,6,AECI,EPE,1593648000,27.104,30.623,1
5,6,AECI,EPE,1594965600,28.538,29.102,1
5,6,AECI,EPE,1596283200,27.965,30.079,1
5,6,AECI,EPE,1597600800,29.309,33.466,1
5,6,AECI,EPE,1598918400,27.843,29.995,1
5,6,AECI,EPE,1600236000,27.329,33.664,1
5,6,AECI,EPE,1601553600,29.771,29.771,0
5,6,AECI,EPE,1602871200,29.148,29.148,0
5,6,AECI,EPE,1604188800,29.479,36.518,1
5,6,AECI,EPE,1605506400,27.95,33.985,1
5,6,AECI,EPE,1606824000,27.254,32.651,1
5,6,AECI,EPE,1608141600,29.509,32.315,1
5,1,AECI,PACE,1577836800,27.991,27.991,0
5,1,AECI,PACE,1579154400,30.139,30.139,0
5,1,AECI,PACE,1580472000,29.202,29.202,0
5,1,AECI,PACE,1581789600,30.99,30.99,0
5,1,AECI,PACE,1583107200,28.95,28.95,0
5,1,AECI,PACE,1584424800,28.31,28.31,0
5,1,AECI,PACE,1585742400,21.211,21.211,0
5,1,AECI,PACE,1587060000,23.892,23.892,0
5,1,AECI,PACE,1588377600,25.143,25.143,0
5,1,AECI,PACE,1589695200,25.774,25.774,0
5,1,AECI,PACE,1591012800,24.75,24.75,0
5,1,AECI,PACE,1592330400,25.959,25.959,0
5,1,AECI,PACE,1593648000,29.983,29.983,0
5,1,AECI,PACE,1594965600,28.571,28.571,0
5,1,AECI,PACE,1596283200,29.488,29.488,0
5,1,AECI,PACE,1597600800,32.788,32.788,0
5,1,AECI,PACE,1598918400,29.414,29.414,0
5,1,AECI,PACE,1600236000,33.086,33.086,0
5,1,AECI,PACE,1601553600,29.771,29.771,0
5,1,AECI,PACE,1602871200,29.148,29.148,0
5,1,AECI,PACE,1604188800,35.804,35.804,0
5,1,AECI,PACE,1605506400,33.466,33.466,0
5,1,AECI,PACE,1606824000,31.991,31.991,0
5,1,AECI,PACE,1608141600,31.713,31.713,0
5,2,AECI,PACE,1577836800,28.045,28.592,4
5,2,AECI,PACE,1579154400,30.341,30.785,6
5,2,AECI,PACE,1580472000,26.104,29.765,4
5,2,AECI,PACE,1581789600,26.936,31.671,3
5,2,AECI,PACE,1583107200,25.453,29.645,3
5,2,AECI,PACE,1584424800,28.557,28.81,2
5,2,AECI,PACE,1585742400,21.211,21.211,0
5,2,AECI,PACE,1587060000,23.972,24.321,2
5,2,AECI,PACE,1588377600,22.754,25.726,3
5,2,AECI,PACE,1589695200,25.653,26.341,4
5,2,AECI,PACE,1591012800,24.953,25.314,2
5,2,AECI,PACE,1592330400,24.246,26.488,4
5,2,AECI,PACE,1593648000,27.741,30.623,5
5,2,AECI,PACE,1594965600,26.941,29.102,8
5,2,AECI,PACE,1596283200,29.773,30.079,6
5,2,AECI,PACE,1597600800,33.654,33.466,9
5,2,AECI,PACE,1598918400,29.969,29.995,3
5,2,AECI,PACE,1600236000,32.847,33.664,4
5,2,AECI,PACE,1601553600,29.887,30.305,4
5,2,AECI,PACE,1602871200,26.927,29.771,5
5,2,AECI,PACE,1604188800,33.421,36.518,5
5,2,AECI,PACE,1605506400,30.866,33.985,4
5,2,AECI,PACE,1606824000,31.423,32.651,4
5,2,AECI,PACE,1608141600,30.273,32.315,8
5,3,AECI,PACE,1577836800,28.576,28.592,2
5,3,AECI,PACE,1579154400,30.767,30.785,4
5,3,AECI,PACE,1580472000,26.828,29.765,2
5,3,AECI,PACE,1581789600,27.036,31.671,1
5,3,AECI,PACE,1583107200,28.328,29.645,1
5,3,AECI,PACE,1584424800,28.31,28.31,0
5,3,AECI,PACE,1585742400,21.211,21.211,0
5,3,AECI,PACE,1587060000,23.892,23.892,0
5,3,AECI,PACE,1588377600,25.194,25.726,1
5,3,AECI,PACE,1589695200,26.278,26.341,2
5,3,AECI,PACE,1591012800,24.75,24.75,0
5,3,AECI,PACE,1592330400,25.959,25.959,0
5,3,AECI,PACE,1593648000,29.04,30.623,1
5,3,AECI,PACE,1594965600,27.09,29.102,4
5,3,AECI,PACE,1596283200,29.488,29.488,0
5,3,AECI,PACE,1597600800,33.432,33.466,3
5,3,AECI,PACE,1598918400,29.949,29.995,3
5,3,AECI,PACE,1600236000,33.616,33.664,2
5,3,AECI,PACE,1601553600,29.771,29.771,0
5,3,AECI,PACE,1602871200,28.19,29.771,5
5,3,AECI,PACE,1604188800,34.833,36.518,3
5,3,AECI,PACE,1605506400,31.134,33.985,2
5,3,AECI,PACE,1606824000,32.231,32.651,4
5,3,AECI,PACE,1608141600,30.08,32.315,2
5,4,AECI,PACE,1577836800,27.991,27.991,0
5,4,AECI,PACE,1579154400,30.583,30.785,2
5,4,AECI,PACE,1580472000,25.923,29.765,2
5,4,AECI,PACE,1581789600,27.726,31.671,2
5,4,AECI,PACE,1583107200,26.883,29.645,1
5,4,AECI,PACE,1584424800,28.31,28.31,0
5,4,AECI,PACE,1585742400,21.211,21.211,0
5,4,AECI,PACE,1587060000,23.892,23.892,0
5,4,AECI,PACE,1588377600,24.659,25.726,2
5,4,AECI,PACE,1589695200,25.774,25.774,0
5,4,AECI,PACE,1591012800,24.75,24.75,0
5,4,AECI,PACE,1592330400,26.953,26.488,2
5,4,AECI,PACE,1593648000,29.592,30.623,2
5,4,AECI,PACE,1594965600,27.447,29.102,3
5,4,AECI,PACE,1596283200,29.488,29.488,0
5,4,AECI,PACE,1597600800,33.562,33.466,1
5,4,AECI,PACE,1598918400,29.414,29.414,0
5,4,AECI,PACE,1600236000,33.086,33.086,0
5,4,AECI,PACE,1601553600,29.771,29.771,0
5,4,AECI,PACE,1602871200,28.856,29.771,1
5,4,AECI,PACE,1604188800,34.943,36.518,2
5,4,AECI,PACE,1605506400,31.915,33.985,2
5,4,AECI,PACE,1606824000,32.575,32.651,1
5,4,AECI,PACE,1608141600,30.448,32.315,3
5,5,AECI,PACE,1577836800,27.978,28.592,4
5,5,AECI,PACE,1579154400,30.273,30.785,6
5,5,AECI,PACE,1580472000,26.048,29.765,5
5,5,AECI,PACE,1581789600,26.868,31.671,3
5,5,AECI,PACE,1583107200,25.413,29.645,3
5,5,AECI,PACE,1584424800,28.457,28.81,2
5,5,AECI,PACE,1585742400,21.211,21.211,0
5,5,AECI,PACE,1587060000,23.937,24.321,2
5,5,AECI,PACE,1588377600,22.619,25.726,3
5,5,AECI,PACE,1589695200,25.462,26.341,4
5,5,AECI,PACE,1591012800,24.889,25.314,2
5,5,AECI,PACE,1592330400,24.071,26.488,4
5,5,AECI,PACE,1593648000,27.557,30.623,5
5,5,AECI,PACE,1594965600,26.782,29.102,8
5,5,AECI,PACE,1596283200,29.674,30.079,6
5,5,AECI,PACE,1597600800,33.461,33.466,10
5,5,AECI,PACE,1598918400,29.97,29.995,4
5,5,AECI,PACE,1600236000,32.641,33.664,4
5,5,AECI,PACE,1601553600,29.71,30.305,4
5,5,AECI,PACE,1602871200,26.791,29.771,5
5,5,AECI,PACE,1604188800,33.372,36.518,6
5,5,AECI,PACE,1605506400,30.765,33.985,4
5,5,AECI,PACE,1606824000,31.36,32.651,5
5,5,AECI,PACE,1608141600,30.192,32.315,8
5,6,AECI,PACE,1577836800,27.98,28.592,1
5,6,AECI,PACE,1579154400,30.139,30.139,0
5,6,AECI,PACE,1580472000,26.435,29.765,2
5,6,AECI,PACE,1581789600,27.036,31.671,1
5,6,AECI,PACE,1583107200,28.328,29.645,1
5,6,AECI,PACE,1584424800,28.31,28.31,0
5,6,AECI,PACE,1585742400,21.211,21.211,0
5,6,AECI,PACE,1587060000,23.892,23.892,0
5,6,AECI,PACE,1588377600,25.04,25.726,1
5,6,AECI,PACE,1589695200,25.774,25.774,0
5,6,AECI,PACE,1591012800,24.75,24.75,0
5,6,AECI,PACE,1592330400,25.959,25.959,0
5,6,AECI,PACE,1593648000,29.04,30.623,1
5,6,AECI,PACE,1594965600,27.153,29.102,1
5,6,AECI,PACE,1596283200,29.488,29.488,0
5,6,AECI,PACE,1597600800,32.788,32.788,0
5,6,AECI,PACE,1598918400,29.414,29.414,0
5,6,AECI,PACE,1600236000,33.067,33.664,1
5,6,AECI,PACE,1601553600,29.771,29.771,0
5,6,AECI,PACE,1602871200,28.363,29.771,2
5,6,AECI,PACE,1604188800,35.212,36.518,1
5,6,AECI,PACE,1605506400,30.871,33.985,2
5,6,AECI,PACE,1606824000,31.991,31.991,0
5,6,AECI,PACE,1608141600,30.364,32.315,1
5,1,AECI,TEPC,1577836800,27.991,27.991,0
5,1,AECI,TEPC,1579154400,30.139,30.139,0
5,1,AECI,TEPC,1580472000,29.202,29.202,0
5,1,AECI,TEPC,1581789600,30.99,30.99,0
5,1,AECI,TEPC,1583107200,28.95,28.95,0
5,1,AECI,TEPC,1584424800,28.31,28.31,0
5,1,AECI,TEPC,1585742400,21.211,21.211,0
5,1,AECI,TEPC,1587060000,23.892,23.892,0
5,1,AECI,TEPC,1588377600,25.143,25.143,0
5,1,AECI,TEPC,1589695200,25.774,25.774,0
5,1,AECI,TEPC,1591012800,24.75,24.75,0
5,1,AECI,TEPC,1592330400,25.959,25.959,0
5,1,AECI,TEPC,1593648000,29.983,29.983,0
5,1,AECI,TEPC,1594965600,28.571,28.571,0
5,1,AECI,TEPC,1596283200,29.488,29.488,0
5,1,AECI,TEPC,1597600800,32.788,32.788,0
5,1,AECI,TEPC,1598918400,29.414,29.414,0
5,1,AECI,TEPC,1600236000,33.086,33.086,0
5,1,AECI,TEPC,1601553600,29.771,29.771,0
5,1,AECI,TEPC,1602871200,29.148,29.148,0
5,1,AECI,TEPC,1604188800,35.804,35.804,0
5,1,AECI,TEPC,1605506400,33.466,33.466,0
5,1,AECI,TEPC,1606824000,31.991,31.991,0
5,1,AECI,TEPC,1608141600,31.713,31.713,0
5,2,AECI,TEPC,1577836800,28.628,28.592,2
5,2,AECI,TEPC,1579154400,30.908,30.785,2
5,2,AECI,TEPC,1580472000,26.938,29.765,4
5,2,AECI,TEPC,1581789600,29.457,31.671,5
5,2,AECI,TEPC,1583107200,26.302,29.645,5
5,2,AECI,TEPC,1584424800,27.414,28.81,6
5,2,AECI,TEPC,1585742400,20.192,21.807,5
5,2,AECI,TEPC,1587060000,22.441,24.321,5
5,2,AECI,TEPC,1588377600,23.124,25.726,5
5,2,AECI,TEPC,1589695200,25.954,26.341,6
5,2,AECI,TEPC,1591012800,25.198,25.314,2
5,2,AECI,TEPC,1592330400,25.055,26.488,7
5,2,AECI,TEPC,1593648000,28.536,30.623,5
5,2,AECI,TEPC,1594965600,27.443,29.102,4
5,2,AECI,TEPC,1596283200,29.101,30.079,6
5,2,AECI,TEPC,1597600800,31.923,33.466,7
5,2,AECI,TEPC,1598918400,30.078,29.995,12
5,2,AECI,TEPC,1600236000,31.944,33.664,4
5,2,AECI,TEPC,1601553600,30.232,30.305,8
5,2,AECI,TEPC,1602871200,29.916,29.771,6
5,2,AECI,TEPC,1604188800,34.126,36.518,5
5,2,AECI,TEPC,1605506400,30.351,33.985,4
5,2,AECI,TEPC,1606824000,26.465,32.651,1
5,2,AECI,TEPC,1608141600,32.014,32.315,4
5,3,AECI,TEPC,1577836800,27.991,27.991,0
5,3,AECI,TEPC,1579154400,30.139,30.139,0
5,3,AECI,TEPC,1580472000,29.202,29.202,0
5,3,AECI,TEPC,1581789600,30.791,31.671,5
5,3,AECI,TEPC,1583107200,29.168,29.645,1
5,3,AECI,TEPC,1584424800,28.265,28.81,2
5,3,AECI,TEPC,1585742400,21.46,21.807,3
5,3,AECI,TEPC,1587060000,24.081,24.321,3
5,3,AECI,TEPC,1588377600,24.509,25.726,1
5,3,AECI,TEPC,1589695200,26.378,26.341,2
5,3,AECI,TEPC,1591012800,24.75,24.75,0
5,3,AECI,TEPC,1592330400,25.703,26.488,3
5,3,AECI,TEPC,1593648000,29.503,30.623,1
5,3,AECI,TEPC,1594965600,28.1,29.102,4
5,3,AECI,TEPC,1596283200,29.915,30.079,2
5,3,AECI,TEPC,1597600800,31.667,33.466,1
5,3,AECI,TEPC,1598918400,29.91,29.995,4
5,3,AECI,TEPC,1600236000,33.303,33.664,2
5,3,AECI,TEPC,1601553600,29.771,29.771,0
5,3,AECI,TEPC,1602871200,29.895,29.771,2
5,3,AECI,TEPC,1604188800,35.782,36.518,3
5,3,AECI,TEPC,1605506400,30.659,33.985,2
5,3,AECI,TEPC,1606824000,26.465,32.651,1
5,3,AECI,TEPC,1608141600,31.713,31.713,0
5,4,AECI,TEPC,1577836800,27.991,27.991,0
5,4,AECI,TEPC,1579154400,30.139,30.139,0
5,4,AECI,TEPC,1580472000,27.39,29.765,2
5,4,AECI,TEPC,1581789600,32.264,31.671,2
5,4,AECI,TEPC,1583107200,30.598,29.645,2
5,4,AECI,TEPC,1584424800,27.808,28.81,2
5,4,AECI,TEPC,1585742400,21.637,21.807,1
5,4,AECI,TEPC,1587060000,23.959,24.321,2
5,4,AECI,TEPC,1588377600,24.509,25.726,1
5,4,AECI,TEPC,1589695200,25.774,25.774,0
5,4,AECI,TEPC,1591012800,24.75,24.75,0
5,4,AECI,TEPC,1592330400,25.919,26.488,1
5,4,AECI,TEPC,1593648000,29.503,30.623,1
5,4,AECI,TEPC,1594965600,28.395,29.102,1
5,4,AECI,TEPC,1596283200,29.876,30.079,3
5,4,AECI,TEPC,1597600800,31.667,33.466,1
5,4,AECI,TEPC,1598918400,29.662,29.995,2
5,4,AECI,TEPC,1600236000,32.7,33.664,1
5,4,AECI,TEPC,1601553600,31.097,30.305,3
5,4,AECI,TEPC,1602871200,29.148,29.148,0
5,4,AECI,TEPC,1604188800,35.826,36.518,2
5,4,AECI,TEPC,1605506400,31.364,33.985,2
5,4,AECI,TEPC,1606824000,26.465,32.651,1
5,4,AECI,TEPC,1608141600,31.713,31.713,0
5,5,AECI,TEPC,1577836800,28.594,28.592,2
5,5,AECI,TEPC,1579154400,30.876,30.785,2
5,5,AECI,TEPC,1580472000,26.865,29.765,4
5,5,AECI,TEPC,1581789600,29.384,31.671,5
5,5,AECI,TEPC,1583107200,25.924,29.645,3
5,5,AECI,TEPC,1584424800,27.302,28.81,6
5,5,AECI,TEPC,1585742400,20.075,21.807,5
5,5,AECI,TEPC,1587060000,22.4,24.321,6
5,5,AECI,TEPC,1588377600,22.877,25.726,5
5,5,AECI,TEPC,1589695200,25.646,26.341,4
5,5,AECI,TEPC,1591012800,25.154,25.314,2
5,5,AECI,TEPC,1592330400,24.894,26.488,7
5,5,AECI,TEPC,1593648000,28.399,30.623,5
5,5,AECI,TEPC,1594965600,27.269,29.102,4
5,5,AECI,TEPC,1596283200,29.01,30.079,7
5,5,AECI,TEPC,1597600800,31.862,33.466,7
5,5,AECI,TEPC,1598918400,30.494,30.579,13
5,5,AECI,TEPC,1600236000,31.794,33.664,4
5,5,AECI,TEPC,1601553600,30.151,30.305,8
5,5,AECI,TEPC,1602871200,29.863,29.771,7
5,5,AECI,TEPC,1604188800,33.93,36.518,5
5,5,AECI,TEPC,1605506400,30.299,33.985,4
5,5,AECI,TEPC,1606824000,26.465,32.651,1
5,5,AECI,TEPC,1608141600,31.951,32.315,4
5,6,AECI,TEPC,1577836800,27.991,27.991,0
5,6,AECI,TEPC,1579154400,30.139,30.139,0
5,6,AECI,TEPC,1580472000,29.202,29.202,0
5,6,AECI,TEPC,1581789600,30.963,31.671,1
5,6,AECI,TEPC,1583107200,28.902,29.645,1
5,6,AECI,TEPC,1584424800,28.31,28.31,0
5,6,AECI,TEPC,1585742400,21.211,21.211,0
5,6,AECI,TEPC,1587060000,23.781,24.321,1
5,6,AECI,TEPC,1588377600,24.509,25.726,1
5,6,AECI,TEPC,1589695200,25.774,25.774,0
5,6,AECI,TEPC,1591012800,24.75,24.75,0
5,6,AECI,TEPC,1592330400,25.919,26.488,1
5,6,AECI,TEPC,1593648000,29.503,30.623,1
5,6,AECI,TEPC,1594965600,28.395,29.102,1
5,6,AECI,TEPC,1596283200,29.488,29.488,0
5,6,AECI,TEPC,1597600800,31.667,33.466,1
5,6,AECI,TEPC,1598918400,29.414,29.414,0
5,6,AECI,TEPC,1600236000,32.974,33.664,1
5,6,AECI,TEPC,1601553600,29.771,29.771,0
5,6,AECI,TEPC,1602871200,29.148,29.148,0
5,6,AECI,TEPC,1604188800,34.303,36.518,3
5,6,AECI,TEPC,1605506400,30.793,33.985,1
5,6,AECI,TEPC,1606824000,26.465,32.651,1
5,6,AECI,TEPC,1608141600,31.713,31.713,0
5,1,BANC,CISO,1577836800,9.634,9.634,0
5,1,BANC,CISO,1579154400,10.303,10.303,0
5,1,BANC,CISO,1580472000,7.054,7.054,0
5,1,BANC,CISO,1581789600,6.604,6.604,0
5,1,BANC,CISO,1583107200,6.624,6.624,0
5,1,BANC,CISO,1584424800,10.526,10.526,0
5,1,BANC,CISO,1585742400,5.601,5.601,0
5,1,BANC,CISO,1587060000,4.209,4.209,0
5,1,BANC,CISO,1588377600,5.401,5.401,0
5,1,BANC,CISO,1589695200,5.33,5.33,0
5,1,BANC,CISO,1591012800,5.354,5.354,0
5,1,BANC,CISO,1592330400,5.102,5.102,0
5,1,BANC,CISO,1593648000,4.762,4.762,0
5,1,BANC,CISO,1594965600,6.975,6.975,0
5,1,BANC,CISO,1596283200,7.162,7.162,0
5,1,BANC,CISO,1597600800,9.88,9.88,0
5,1,BANC,CISO,1598918400,9.479,9.479,0
5,1,BANC,CISO,1600236000,10.129,10.129,0
5,1,BANC,CISO,1601553600,10.238,10.238,0
5,1,BANC,CISO,1602871200,9.381,9.381,0
5,1,BANC,CISO,1604188800,11.003,11.003,0
5,1,BANC,CISO,1605506400,11.81,11.81,0
5,1,BANC,CISO,1606824000,13.726,13.726,0
5,1,BANC,CISO,1608141600,11.62,11.62,0
5,2,BANC,CISO,1577836800,9.465,9.824,4
5,2,BANC,CISO,1579154400,10.417,10.516,4
5,2,BANC,CISO,1580472000,7.161,7.217,2
5,2,BANC,CISO,1581789600,6.306,6.783,5
5,2,BANC,CISO,1583107200,6.503,6.755,4
5,2,BANC,CISO,1584424800,10.606,10.792,4
5,2,BANC,CISO,1585742400,5.398,5.703,4
5,2,BANC,CISO,1587060000,4.252,4.291,3
5,2,BANC,CISO,1588377600,4.526,5.501,5
5,2,BANC,CISO,1589695200,4.486,5.455,4
5,2,BANC,CISO,1591012800,5.513,5.487,2
5,2,BANC,CISO,1592330400,4.785,5.195,6
5,2,BANC,CISO,1593648000,4.721,4.858,4
5,2,BANC,CISO,1594965600,6.768,7.111,4
5,2,BANC,CISO,1596283200,6.916,7.309,4
5,2,BANC,CISO,1597600800,10.123,10.082,2
5,2,BANC,CISO,1598918400,9.222,9.624,4
5,2,BANC,CISO,1600236000,10.299,10.361,4
5,2,BANC,CISO,1601553600,10.404,10.448,4
5,2,BANC,CISO,1602871200,9.598,9.578,5
5,2,BANC,CISO,1604188800,10.731,11.145,4
5,2,BANC,CISO,1605506400,10.868,12.095,7
5,2,BANC,CISO,1606824000,12.024,14.057,7
5,2,BANC,CISO,1608141600,10.606,11.808,7
5,3,BANC,CISO,1577836800,9.85,9.824,2
5,3,BANC,CISO,1579154400,10.303,10.303,0
5,3,BANC,CISO,1580472000,7.054,7.054,0
5,3,BANC,CISO,1581789600,6.699,6.783,1
5,3,BANC,CISO,1583107200,6.663,6.755,2
5,3,BANC,CISO,1584424800,10.526,10.526,0
5,3,BANC,CISO,1585742400,5.601,5.601,0
5,3,BANC,CISO,1587060000,4.292,4.291,1
5,3,BANC,CISO,1588377600,5.442,5.501,3
5,3,BANC,CISO,1589695200,5.325,5.455,2
5,3,BANC,CISO,1591012800,5.354,5.354,0
5,3,BANC,CISO,1592330400,5.16,5.195,2
5,3,BANC,CISO,1593648000,4.798,4.858,2
5,3,BANC,CISO,1594965600,6.975,6.975,0
5,3,BANC,CISO,1596283200,7.162,7.162,0
5,3,BANC,CISO,1597600800,9.88,9.88,0
5,3,BANC,CISO,1598918400,9.635,9.624,4
5,3,BANC,CISO,1600236000,10.129,10.129,0
5,3,BANC,CISO,1601553600,10.238,10.238,0
5,3,BANC,CISO,1602871200,9.525,9.578,1
5,3,BANC,CISO,1604188800,11.003,11.003,0
5,3,BANC,CISO,1605506400,11.777,12.095,3
5,3,BANC,CISO,1606824000,11.895,14.057,1
5,3,BANC,CISO,1608141600,11.629,11.808,3
5,4,BANC,CISO,1577836800,9.634,9.634,0
5,4,BANC,CISO,1579154400,10.303,10.303,0
5,4,BANC,CISO,1580472000,7.054,7.054,0
5,4,BANC,CISO,1581789600,6.604,6.604,0
5,4,BANC,CISO,1583107200,6.624,6.624,0
5,4,BANC,CISO,1584424800,10.526,10.526,0
5,4,BANC,CISO,1585742400,5.601,5.601,0
5,4,BANC,CISO,1587060000,4.209,4.209,0
5,4,BANC,CISO,1588377600,5.811,5.501,2
5,4,BANC,CISO,1589695200,5.246,5.455,1
5,4,BANC,CISO,1591012800,5.354,5.354,0
5,4,BANC,CISO,1592330400,5.102,5.102,0
5,4,BANC,CISO,1593648000,4.762,4.762,0
5,4,BANC,CISO,1594965600,6.975,6.975,0
5,4,BANC,CISO,1596283200,7.162,7.162,0
5,4,BANC,CISO,1597600800,9.88,9.88,0
5,4,BANC,CISO,1598918400,9.695,9.624,1
5,4,BANC,CISO,1600236000,10.129,10.129,0
5,4,BANC,CISO,1601553600,10.238,10.238,0
5,4,BANC,CISO,1602871200,9.381,9.381,0
5,4,BANC,CISO,1604188800,11.003,11.003,0
5,4,BANC,CISO,1605506400,11.276,12.095,1
5,4,BANC,CISO,1606824000,11.895,14.057,1
5,4,BANC,CISO,1608141600,11.127,11.808,2
5,5,BANC,CISO,1577836800,9.334,9.824,4
5,5,BANC,CISO,1579154400,10.27,10.516,4
5,5,BANC,CISO,1580472000,7.137,7.217,2
5,5,BANC,CISO,1581789600,6.085,6.783,5
5,5,BANC,CISO,1583107200,6.408,6.755,4
5,5,BANC,CISO,1584424800,10.374,10.792,4
5,5,BANC,CISO,1585742400,5.238,5.703,4
5,5,BANC,CISO,1587060000,4.242,4.291,3
5,5,BANC,CISO,1588377600,4.394,5.501,4
5,5,BANC,CISO,1589695200,4.441,5.455,4
5,5,BANC,CISO,1591012800,5.495,5.487,2
5,5,BANC,CISO,1592330400,4.691,5.195,6
5,5,BANC,CISO,1593648000,4.678,4.858,4
5,5,BANC,CISO,1594965600,6.705,7.111,4
5,5,BANC,CISO,1596283200,6.884,7.309,4
5,5,BANC,CISO,1597600800,10.107,10.082,2
5,5,BANC,CISO,1598918400,9.155,9.624,4
5,5,BANC,CISO,1600236000,10.23,10.361,4
5,5,BANC,CISO,1601553600,10.356,10.448,4
5,5,BANC,CISO,1602871200,9.528,9.578,3
5,5,BANC,CISO,1604188800,10.642,11.145,4
5,5,BANC,CISO,1605506400,10.693,12.095,7
5,5,BANC,CISO,1606824000,11.844,14.057,7
5,5,BANC,CISO,1608141600,10.28,11.808,7
5,6,BANC,CISO,1577836800,9.634,9.634,0
5,6,BANC,CISO,1579154400,10.303,10.303,0
5,6,BANC,CISO,1580472000,7.054,7.054,0
5,6,BANC,CISO,1581789600,6.604,6.604,0
5,6,BANC,CISO,1583107200,6.624,6.624,0
5,6,BANC,CISO,1584424800,10.526,10.526,0
5,6,BANC,CISO,1585742400,5.601,5.601,0
5,6,BANC,CISO,1587060000,4.209,4.209,0
5,6,BANC,CISO,1588377600,5.395,5.501,1
5,6,BANC,CISO,1589695200,5.133,5.455,2
5,6,BANC,CISO,1591012800,5.354,5.354,0
5,6,BANC,CISO,1592330400,5.102,5.102,0
5,6,BANC,CISO,1593648000,4.762,4.762,0
5,6,BANC,CISO,1594965600,6.975,6.975,0
5,6,BANC,CISO,1596283200,7.162,7.162,0
5,6,BANC,CISO,1597600800,9.88,9.88,0
5,6,BANC,CISO,1598918400,9.444,9.624,1
5,6,BANC,CISO,1600236000,10.129,10.129,0
5,6,BANC,CISO,1601553600,10.238,10.238,0
5,6,BANC,CISO,1602871200,9.381,9.381,0
5,6,BANC,CISO,1604188800,11.003,11.003,0
5,6,BANC,CISO,1605506400,11.796,12.095,1
5,6,BANC,CISO,1606824000,11.895,14.057,1
5,6,BANC,CISO,1608141600,11.62,11.62,0
5,1,CISO,BANC,1577836800,12.402,12.402,0
5,1,CISO,BANC,1579154400,13.357,13.357,0
5,1,CISO,BANC,1580472000,11.216,11.216,0
5,1,CISO,BANC,1581789600,9.848,9.848,0
5,1,CISO,BANC,1583107200,9.903,9.903,0
5,1,CISO,BANC,1584424800,12.883,12.883,0
5,1,CISO,BANC,1585742400,7.582,7.582,0
5,1,CISO,BANC,1587060000,7.672,7.672,0
5,1,CISO,BANC,1588377600,5.359,5.359,0
5,1,CISO,BANC,1589695200,5.976,5.976,0
5,1,CISO,BANC,1591012800,9.004,9.004,0
5,1,CISO,BANC,1592330400,6.312,6.312,0
5,1,CISO,BANC,1593648000,7.005,7.005,0
5,1,CISO,BANC,1594965600,8.607,8.607,0
5,1,CISO,BANC,1596283200,8.788,8.788,0
5,1,CISO,BANC,1597600800,12.113,12.113,0
5,1,CISO,BANC,1598918400,10.471,10.471,0
5,1,CISO,BANC,1600236000,12.075,12.075,0
5,1,CISO,BANC,1601553600,12.36,12.36,0
5,1,CISO,BANC,1602871200,13.505,13.505,0
5,1,CISO,BANC,1604188800,13.674,13.674,0
5,1,CISO,BANC,1605506400,11.755,11.755,0
5,1,CISO,BANC,1606824000,11.541,11.541,0
5,1,CISO,BANC,1608141600,11.483,11.483,0
5,2,CISO,BANC,1577836800,9.618,12.704,5
5,2,CISO,BANC,1579154400,10.569,13.688,5
5,2,CISO,BANC,1580472000,7.307,11.477,3
5,2,CISO,BANC,1581789600,6.26,9.97,4
5,2,CISO,BANC,1583107200,6.526,10.08,5
5,2,CISO,BANC,1584424800,10.724,13.177,5
5,2,CISO,BANC,1585742400,5.52,7.771,5
5,2,CISO,BANC,1587060000,4.219,7.748,2
5,2,CISO,BANC,1588377600,4.475,5.425,4
5,2,CISO,BANC,1589695200,4.567,6.12,5
5,2,CISO,BANC,1591012800,5.606,9.23,3
5,2,CISO,BANC,1592330400,4.721,6.409,5
5,2,CISO,BANC,1593648000,4.76,7.141,5
5,2,CISO,BANC,1594965600,6.865,8.825,5
5,2,CISO,BANC,1596283200,6.987,8.975,5
5,2,CISO,BANC,1597600800,10.101,12.335,1
5,2,CISO,BANC,1598918400,9.285,10.673,5
5,2,CISO,BANC,1600236000,10.386,12.356,5
5,2,CISO,BANC,1601553600,10.495,12.627,5
5,2,CISO,BANC,1602871200,9.576,13.665,4
5,2,CISO,BANC,1604188800,10.844,13.941,5
5,2,CISO,BANC,1605506400,11.011,12.014,8
5,2,CISO,BANC,1606824000,11.945,11.815,6
5,2,CISO,BANC,1608141600,10.631,11.648,8
5,3,CISO,BANC,1577836800,9.977,12.704,1
5,3,CISO,BANC,1579154400,10.668,13.688,1
5,3,CISO,BANC,1580472000,7.364,11.477,1
5,3,CISO,BANC,1581789600,6.679,9.97,2
5,3,CISO,BANC,1583107200,6.662,10.08,3
5,3,CISO,BANC,1584424800,10.91,13.177,1
5,3,CISO,BANC,1585742400,5.824,7.771,1
5,3,CISO,BANC,1587060000,4.275,7.748,2
5,3,CISO,BANC,1588377600,5.37,5.425,2
5,3,CISO,BANC,1589695200,5.327,6.12,3
5,3,CISO,BANC,1591012800,5.58,9.23,1
5,3,CISO,BANC,1592330400,5.111,6.409,3
5,3,CISO,BANC,1593648000,4.784,7.141,3
5,3,CISO,BANC,1594965600,7.209,8.825,1
5,3,CISO,BANC,1596283200,7.38,8.975,1
5,3,CISO,BANC,1597600800,10.094,12.335,1
5,3,CISO,BANC,1598918400,9.629,10.673,3
5,3,CISO,BANC,1600236000,10.448,12.356,1
5,3,CISO,BANC,1601553600,10.539,12.627,1
5,3,CISO,BANC,1602871200,9.529,13.665,2
5,3,CISO,BANC,1604188800,11.258,13.941,1
5,3,CISO,BANC,1605506400,11.921,12.014,2
5,3,CISO,BANC,1606824000,11.541,11.541,0
5,3,CISO,BANC,1608141600,11.621,11.648,2
5,4,CISO,BANC,1577836800,9.977,12.704,1
5,4,CISO,BANC,1579154400,10.668,13.688,1
5,4,CISO,BANC,1580472000,7.364,11.477,1
5,4,CISO,BANC,1581789600,6.763,9.97,1
5,4,CISO,BANC,1583107200,6.777,10.08,1
5,4,CISO,BANC,1584424800,10.91,13.177,1
5,4,CISO,BANC,1585742400,5.824,7.771,1
5,4,CISO,BANC,1587060000,4.274,7.748,1
5,4,CISO,BANC,1588377600,5.761,5.425,1
5,4,CISO,BANC,1589695200,5.327,6.12,2
5,4,CISO,BANC,1591012800,5.58,9.23,1
5,4,CISO,BANC,1592330400,5.146,6.409,1
5,4,CISO,BANC,1593648000,4.897,7.141,1
5,4,CISO,BANC,1594965600,7.209,8.825,1
5,4,CISO,BANC,1596283200,7.38,8.975,1
5,4,CISO,BANC,1597600800,10.094,12.335,1
5,4,CISO,BANC,1598918400,9.758,10.673,2
5,4,CISO,BANC,1600236000,10.448,12.356,1
5,4,CISO,BANC,1601553600,10.539,12.627,1
5,4,CISO,BANC,1602871200,9.591,13.665,1
5,4,CISO,BANC,1604188800,11.258,13.941,1
5,4,CISO,BANC,1605506400,11.42,12.014,2
5,4,CISO,BANC,1606824000,11.541,11.541,0
5,4,CISO,BANC,1608141600,11.119,11.648,1
5,5,CISO,BANC,1577836800,9.487,12.704,5
5,5,CISO,BANC,1579154400,10.422,13.688,5
5,5,CISO,BANC,1580472000,7.283,11.477,3
5,5,CISO,BANC,1581789600,6.039,9.97,4
5,5,CISO,BANC,1583107200,6.43,10.08,5
5,5,CISO,BANC,1584424800,10.493,13.177,5
5,5,CISO,BANC,1585742400,5.36,7.771,5
5,5,CISO,BANC,1587060000,4.209,7.748,2
5,5,CISO,BANC,1588377600,4.362,5.425,5
5,5,CISO,BANC,1589695200,4.522,6.12,5
5,5,CISO,BANC,1591012800,5.589,9.23,3
5,5,CISO,BANC,1592330400,4.626,6.409,5
5,5,CISO,BANC,1593648000,4.717,7.141,5
5,5,CISO,BANC,1594965600,6.803,8.825,5
5,5,CISO,BANC,1596283200,6.955,8.975,5
5,5,CISO,BANC,1597600800,10.085,12.335,1
5,5,CISO,BANC,1598918400,9.218,10.673,5
5,5,CISO,BANC,1600236000,10.317,12.356,5
5,5,CISO,BANC,1601553600,10.447,12.627,5
5,5,CISO,BANC,1602871200,9.542,13.665,4
5,5,CISO,BANC,1604188800,10.754,13.941,5
5,5,CISO,BANC,1605506400,10.837,12.014,8
5,5,CISO,BANC,1606824000,11.764,11.815,6
5,5,CISO,BANC,1608141600,10.272,11.648,6
5,6,CISO,BANC,1577836800,9.977,12.704,1
5,6,CISO,BANC,1579154400,10.668,13.688,1
5,6,CISO,BANC,1580472000,7.364,11.477,1
5,6,CISO,BANC,1581789600,6.763,9.97,1
5,6,CISO,BANC,1583107200,6.777,10.08,1
5,6,CISO,BANC,1584424800,10.91,13.177,1
5,6,CISO,BANC,1585742400,5.824,7.771,1
5,6,CISO,BANC,1587060000,4.274,7.748,1
5,6,CISO,BANC,1588377600,5.359,5.359,0
5,6,CISO,BANC,1589695200,5.215,6.12,3
5,6,CISO,BANC,1591012800,5.58,9.23,1
5,6,CISO,BANC,1592330400,5.146,6.409,1
5,6,CISO,BANC,1593648000,4.897,7.141,1
5,6,CISO,BANC,1594965600,7.209,8.825,1
5,6,CISO,BANC,1596283200,7.38,8.975,1
5,6,CISO,BANC,1597600800,10.094,12.335,1
5,6,CISO,BANC,1598918400,9.507,10.673,2
5,6,CISO,BANC,1600236000,10.448,12.356,1
5,6,CISO,BANC,1601553600,10.539,12.627,1
5,6,CISO,BANC,1602871200,9.591,13.665,1
5,6,CISO,BANC,1604188800,11.258,13.941,1
5,6,CISO,BANC,1605506400,11.755,11.755,0
5,6,CISO,BANC,1606824000,11.541,11.541,0
5,6,CISO,BANC,1608141600,11.48,11.648,1
5,1,EPE,AECI,1577836800,26.946,26.946,0
5,1,EPE,AECI,1579154400,27.639,27.639,0
5,1,EPE,AECI,1580472000,24.201,24.201,0
5,1,EPE,AECI,1581789600,23.463,23.463,0
5,1,EPE,AECI,1583107200,27.005,27.005,0
5,1,EPE,AECI,1584424800,27.241,27.241,0
5,1,EPE,AECI,1585742400,21.947,21.947,0
5,1,EPE,AECI,1587060000,22.891,22.891,0
5,1,EPE,AECI,1588377600,24.48,24.48,0
5,1,EPE,AECI,1589695200,25.238,25.238,0
5,1,EPE,AECI,1591012800,26.114,26.114,0
5,1,EPE,AECI,1592330400,26.021,26.021,0
5,1,EPE,AECI,1593648000,26.402,26.402,0
5,1,EPE,AECI,1594965600,27.925,27.925,0
5,1,EPE,AECI,1596283200,27.295,27.295,0
5,1,EPE,AECI,1597600800,28.635,28.635,0
5,1,EPE,AECI,1598918400,27.13,27.13,0
5,1,EPE,AECI,1600236000,26.63,26.63,0
5,1,EPE,AECI,1601553600,29.343,29.343,0
5,1,EPE,AECI,1602871200,29.864,29.864,0
5,1,EPE,AECI,1604188800,28.659,28.659,0
5,1,EPE,AECI,1605506400,27.195,27.195,0
5,1,EPE,AECI,1606824000,26.511,26.511,0
5,1,EPE,AECI,1608141600,28.727,28.727,0
5,2,EPE,AECI,1577836800,27.49,27.54,8
5,2,EPE,AECI,1579154400,28.283,28.24,2
5,2,EPE,AECI,1580472000,24.141,24.759,2
5,2,EPE,AECI,1581789600,23.463,23.463,0
5,2,EPE,AECI,1583107200,26.414,27.594,4
5,2,EPE,AECI,1584424800,27.415,27.805,7
5,2,EPE,AECI,1585742400,20.937,22.441,4
5,2,EPE,AECI,1587060000,22.661,23.297,4
5,2,EPE,AECI,1588377600,23.639,24.965,4
5,2,EPE,AECI,1589695200,25.12,25.814,7
5,2,EPE,AECI,1591012800,24.747,26.713,7
5,2,EPE,AECI,1592330400,25.527,26.538,6
5,2,EPE,AECI,1593648000,27.134,26.945,4
5,2,EPE,AECI,1594965600,27.871,28.543,5
5,2,EPE,AECI,1596283200,27.892,27.913,5
5,2,EPE,AECI,1597600800,29.276,29.159,2
5,2,EPE,AECI,1598918400,27.896,27.701,4
5,2,EPE,AECI,1600236000,26.63,26.63,0
5,2,EPE,AECI,1601553600,28.52,30.029,3
5,2,EPE,AECI,1602871200,28.289,30.447,4
5,2,EPE,AECI,1604188800,29.233,29.244,4
5,2,EPE,AECI,1605506400,27.628,27.785,1
5,2,EPE,AECI,1606824000,27.218,27.136,2
5,2,EPE,AECI,1608141600,29.602,29.287,8
5,3,EPE,AECI,1577836800,26.946,26.946,0
5,3,EPE,AECI,1579154400,27.639,27.639,0
5,3,EPE,AECI,1580472000,24.574,24.759,2
5,3,EPE,AECI,1581789600,23.463,23.463,0
5,3,EPE,AECI,1583107200,27.005,27.005,0
5,3,EPE,AECI,1584424800,27.628,27.805,1
5,3,EPE,AECI,1585742400,21.502,22.441,4
5,3,EPE,AECI,1587060000,22.891,22.891,0
5,3,EPE,AECI,1588377600,24.48,24.48,0
5,3,EPE,AECI,1589695200,25.835,25.814,1
5,3,EPE,AECI,1591012800,25.453,26.713,1
5,3,EPE,AECI,1592330400,26.244,26.538,2
5,3,EPE,AECI,1593648000,26.402,26.402,0
5,3,EPE,AECI,1594965600,28.377,28.543,3
5,3,EPE,AECI,1596283200,27.874,27.913,1
5,3,EPE,AECI,1597600800,28.635,28.635,0
5,3,EPE,AECI,1598918400,27.787,27.701,2
5,3,EPE,AECI,1600236000,26.63,26.63,0
5,3,EPE,AECI,1601553600,29.905,30.029,1
5,3,EPE,AECI,1602871200,29.712,30.447,2
5,3,EPE,AECI,1604188800,28.659,28.659,0
5,3,EPE,AECI,1605506400,27.635,27.785,1
5,3,EPE,AECI,1606824000,27.24,27.136,2
5,3,EPE,AECI,1608141600,29.384,29.287,2
5,4,EPE,AECI,1577836800,27.855,27.54,2
5,4,EPE,AECI,1579154400,27.639,27.639,0
5,4,EPE,AECI,1580472000,24.201,24.201,0
5,4,EPE,AECI,1581789600,23.463,23.463,0
5,4,EPE,AECI,1583107200,27.005,27.005,0
5,4,EPE,AECI,1584424800,27.241,27.241,0
5,4,EPE,AECI,1585742400,21.592,22.441,2
5,4,EPE,AECI,1587060000,23.885,23.297,3
5,4,EPE,AECI,1588377600,24.48,24.48,0
5,4,EPE,AECI,1589695200,25.105,25.814,3
5,4,EPE,AECI,1591012800,25.453,26.713,1
5,4,EPE,AECI,1592330400,25.742,26.538,1
5,4,EPE,AECI,1593648000,26.402,26.402,0
5,4,EPE,AECI,1594965600,27.925,27.925,0
5,4,EPE,AECI,1596283200,27.295,27.295,0
5,4,EPE,AECI,1597600800,28.635,28.635,0
5,4,EPE,AECI,1598918400,27.13,27.13,0
5,4,EPE,AECI,1600236000,26.63,26.63,0
5,4,EPE,AECI,1601553600,29.745,30.029,1
5,4,EPE,AECI,1602871200,30.206,30.447,2
5,4,EPE,AECI,1604188800,28.659,28.659,0
5,4,EPE,AECI,1605506400,27.195,27.195,0
5,4,EPE,AECI,1606824000,26.511,26.511,0
5,4,EPE,AECI,1608141600,28.727,28.727,0
5,5,EPE,AECI,1577836800,27.355,27.54,8
5,5,EPE,AECI,1579154400,28.212,28.24,2
5,5,EPE,AECI,1580472000,24.117,24.759,2
5,5,EPE,AECI,1581789600,23.463,23.463,0
5,5,EPE,AECI,1583107200,26.258,27.594,4
5,5,EPE,AECI,1584424800,27.34,27.805,7
5,5,EPE,AECI,1585742400,20.866,22.441,4
5,5,EPE,AECI,1587060000,22.589,23.297,5
5,5,EPE,AECI,1588377600,23.526,24.965,4
5,5,EPE,AECI,1589695200,24.964,25.814,7
5,5,EPE,AECI,1591012800,24.54,26.713,6
5,5,EPE,AECI,1592330400,25.324,26.538,6
5,5,EPE,AECI,1593648000,27.004,26.945,4
5,5,EPE,AECI,1594965600,27.708,28.543,5
5,5,EPE,AECI,1596283200,27.704,27.913,4
5,5,EPE,AECI,1597600800,29.23,29.159,2
5,5,EPE,AECI,1598918400,27.917,27.701,5
5,5,EPE,AECI,1600236000,27.258,27.225,1
5,5,EPE,AECI,1601553600,28.409,30.029,3
5,5,EPE,AECI,1602871200,28.233,30.447,4
5,5,EPE,AECI,1604188800,29.131,29.244,4
5,5,EPE,AECI,1605506400,27.617,27.785,1
5,5,EPE,AECI,1606824000,27.206,27.136,2
5,5,EPE,AECI,1608141600,29.527,29.287,8
5,6,EPE,AECI,1577836800,26.946,26.946,0
5,6,EPE,AECI,1579154400,27.639,27.639,0
5,6,EPE,AECI,1580472000,24.147,24.759,1
5,6,EPE,AECI,1581789600,23.463,23.463,0
5,6,EPE,AECI,1583107200,27.005,27.005,0
5,6,EPE,AECI,1584424800,27.241,27.241,0
5,6,EPE,AECI,1585742400,21.804,22.441,1
5,6,EPE,AECI,1587060000,22.891,22.891,0
5,6,EPE,AECI,1588377600,24.48,24.48,0
5,6,EPE,AECI,1589695200,25.238,25.238,0
5,6,EPE,AECI,1591012800,25.453,26.713,1
5,6,EPE,AECI,1592330400,26.01,26.538,1
5,6,EPE,AECI,1593648000,26.402,26.402,0
5,6,EPE,AECI,1594965600,27.925,27.925,0
5,6,EPE,AECI,1596283200,27.295,27.295,0
5,6,EPE,AECI,1597600800,28.635,28.635,0
5,6,EPE,AECI,1598918400,27.13,27.13,0
5,6,EPE,AECI,1600236000,26.63,26.63,0
5,6,EPE,AECI,1601553600,29.298,30.029,1
5,6,EPE,AECI,1602871200,29.754,30.447,1
5,6,EPE,AECI,1604188800,28.659,28.659,0
5,6,EPE,AECI,1605506400,27.195,27.195,0
5,6,EPE,AECI,1606824000,26.511,26.511,0
5,6,EPE,AECI,1608141600,28.727,28.727,0
5,1,EPE,PSCO,1577836800,26.946,26.946,0
5,1,EPE,PSCO,1579154400,27.639,27.639,0
5,1,EPE,PSCO,1580472000,24.201,24.201,0
5,1,EPE,PSCO,1581789600,23.463,23.463,0
5,1,EPE,PSCO,1583107200,27.005,27.005,0
5,1,EPE,PSCO,1584424800,27.241,27.241,0
5,1,EPE,PSCO,1585742400,21.947,21.947,0
5,1,EPE,PSCO,1587060000,22.891,22.891,0
5,1,EPE,PSCO,1588377600,24.48,24.48,0
5,1,EPE,PSCO,1589695200,25.238,25.238,0
5,1,EPE,PSCO,1591012800,26.114,26.114,0
5,1,EPE,PSCO,1592330400,26.021,26.021,0
5,1,EPE,PSCO,1593648000,26.402,26.402,0
5,1,EPE,PSCO,1594965600,27.925,27.925,0
5,1,EPE,PSCO,1596283200,27.295,27.295,0
5,1,EPE,PSCO,1597600800,28.635,28.635,0
5,1,EPE,PSCO,1598918400,27.13,27.13,0
5,1,EPE,PSCO,1600236000,26.63,26.63,0
5,1,EPE,PSCO,1601553600,29.343,29.343,0
5,1,EPE,PSCO,1602871200,29.864,29.864,0
5,1,EPE,PSCO,1604188800,28.659,28.659,0
5,1,EPE,PSCO,1605506400,27.195,27.195,0
5,1,EPE,PSCO,1606824000,26.511,26.511,0
5,1,EPE,PSCO,1608141600,28.727,28.727,0
5,2,EPE,PSCO,1577836800,26.223,27.54,4
5,2,EPE,PSCO,1579154400,23.201,28.24,5
5,2,EPE,PSCO,1580472000,22.82,24.759,9
5,2,EPE,PSCO,1581789600,23.923,23.904,5
5,2,EPE,PSCO,1583107200,26.282,27.594,5
5,2,EPE,PSCO,1584424800,27.527,27.805,6
5,2,EPE,PSCO,1585742400,21.943,22.441,2
5,2,EPE,PSCO,1587060000,23.179,23.297,2
5,2,EPE,PSCO,1588377600,24.057,24.965,7
5,2,EPE,PSCO,1589695200,22.49,25.814,3
5,2,EPE,PSCO,1591012800,26.958,26.713,4
5,2,EPE,PSCO,1592330400,23.871,26.538,3
5,2,EPE,PSCO,1593648000,24.1,26.945,5
5,2,EPE,PSCO,1594965600,27.263,28.543,5
5,2,EPE,PSCO,1596283200,25.911,27.913,5
5,2,EPE,PSCO,1597600800,25.476,29.159,4
5,2,EPE,PSCO,1598918400,27.53,27.701,2
5,2,EPE,PSCO,1600236000,23.262,27.225,5
5,2,EPE,PSCO,1601553600,26.279,30.029,7
5,2,EPE,PSCO,1602871200,27.297,30.447,6
5,2,EPE,PSCO,1604188800,28.662,29.244,6
5,2,EPE,PSCO,1605506400,26.123,27.785,5
5,2,EPE,PSCO,1606824000,20.235,27.136,1
5,2,EPE,PSCO,1608141600,23.576,29.287,1
5,3,EPE,PSCO,1577836800,27.571,27.54,4
5,3,EPE,PSCO,1579154400,22.997,28.24,1
5,3,EPE,PSCO,1580472000,22.713,24.759,1
5,3,EPE,PSCO,1581789600,23.835,23.904,1
5,3,EPE,PSCO,1583107200,26.69,27.594,1
5,3,EPE,PSCO,1584424800,27.754,27.805,2
5,3,EPE,PSCO,1585742400,21.947,21.947,0
5,3,EPE,PSCO,1587060000,22.891,22.891,0
5,3,EPE,PSCO,1588377600,24.48,24.48,0
5,3,EPE,PSCO,1589695200,23.613,25.814,1
5,3,EPE,PSCO,1591012800,26.114,26.114,0
5,3,EPE,PSCO,1592330400,24.538,26.538,1
5,3,EPE,PSCO,1593648000,24.537,26.945,3
5,3,EPE,PSCO,1594965600,28.3,28.543,1
5,3,EPE,PSCO,1596283200,27.308,27.913,1
5,3,EPE,PSCO,1597600800,25.616,29.159,2
5,3,EPE,PSCO,1598918400,27.13,27.13,0
5,3,EPE,PSCO,1600236000,23.778,27.225,1
5,3,EPE,PSCO,1601553600,26.699,30.029,1
5,3,EPE,PSCO,1602871200,27.802,30.447,2
5,3,EPE,PSCO,1604188800,28.659,28.659,0
5,3,EPE,PSCO,1605506400,27.42,27.785,3
5,3,EPE,PSCO,1606824000,20.235,27.136,1
5,3,EPE,PSCO,1608141600,23.576,29.287,1
5,4,EPE,PSCO,1577836800,26.923,27.54,2
5,4,EPE,PSCO,1579154400,22.997,28.24,1
5,4,EPE,PSCO,1580472000,22.713,24.759,1
5,4,EPE,PSCO,1581789600,23.463,23.463,0
5,4,EPE,PSCO,1583107200,26.496,27.594,1
5,4,EPE,PSCO,1584424800,27.241,27.241,0
5,4,EPE,PSCO,1585742400,21.947,21.947,0
5,4,EPE,PSCO,1587060000,22.891,22.891,0
5,4,EPE,PSCO,1588377600,24.795,24.965,3
5,4,EPE,PSCO,1589695200,23.275,25.814,1
5,4,EPE,PSCO,1591012800,26.114,26.114,0
5,4,EPE,PSCO,1592330400,25.165,26.538,2
5,4,EPE,PSCO,1593648000,24.605,26.945,1
5,4,EPE,PSCO,1594965600,27.925,27.925,0
5,4,EPE,PSCO,1596283200,26.086,27.913,1
5,4,EPE,PSCO,1597600800,26.106,29.159,2
5,4,EPE,PSCO,1598918400,29.121,27.701,1
5,4,EPE,PSCO,1600236000,23.778,27.225,1
5,4,EPE,PSCO,1601553600,26.699,30.029,1
5,4,EPE,PSCO,1602871200,27.956,30.447,1
5,4,EPE,PSCO,1604188800,28.659,28.659,0
5,4,EPE,PSCO,1605506400,28.199,27.785,3
5,4,EPE,PSCO,1606824000,20.235,27.136,1
5,4,EPE,PSCO,1608141600,23.576,29.287,1
5,5,EPE,PSCO,1577836800,26.092,27.54,4
5,5,EPE,PSCO,1579154400,22.961,28.24,5
5,5,EPE,PSCO,1580472000,22.727,24.759,9
5,5,EPE,PSCO,1581789600,23.885,23.904,6
5,5,EPE,PSCO,1583107200,26.13,27.594,5
5,5,EPE,PSCO,1584424800,27.408,27.805,6
5,5,EPE,PSCO,1585742400,21.803,22.441,2
5,5,EPE,PSCO,1587060000,23.129,23.297,2
5,5,EPE,PSCO,1588377600,23.9,24.965,7
5,5,EPE,PSCO,1589695200,22.429,25.814,3
5,5,EPE,PSCO,1591012800,26.779,26.713,2
5,5,EPE,PSCO,1592330400,23.756,26.538,4
5,5,EPE,PSCO,1593648000,24.011,26.945,5
5,5,EPE,PSCO,1594965600,27.166,28.543,5
5,5,EPE,PSCO,1596283200,25.854,27.913,5
5,5,EPE,PSCO,1597600800,25.42,29.159,4
5,5,EPE,PSCO,1598918400,27.504,27.701,2
5,5,EPE,PSCO,1600236000,23.152,27.225,5
5,5,EPE,PSCO,1601553600,26.049,30.029,7
5,5,EPE,PSCO,1602871200,27.189,30.447,6
5,5,EPE,PSCO,1604188800,28.58,29.244,7
5,5,EPE,PSCO,1605506400,26.069,27.785,5
5,5,EPE,PSCO,1606824000,20.235,27.136,1
5,5,EPE,PSCO,1608141600,23.576,29.287,1
5,6,EPE,PSCO,1577836800,26.903,27.54,1
5,6,EPE,PSCO,1579154400,22.997,28.24,1
5,6,EPE,PSCO,1580472000,22.713,24.759,1
5,6,EPE,PSCO,1581789600,23.463,23.463,0
5,6,EPE,PSCO,1583107200,26.69,27.594,1
5,6,EPE,PSCO,1584424800,27.241,27.241,0
5,6,EPE,PSCO,1585742400,21.947,21.947,0
5,6,EPE,PSCO,1587060000,22.891,22.891,0
5,6,EPE,PSCO,1588377600,24.48,24.48,0
5,6,EPE,PSCO,1589695200,23.613,25.814,1
5,6,EPE,PSCO,1591012800,26.114,26.114,0
5,6,EPE,PSCO,1592330400,24.538,26.538,1
5,6,EPE,PSCO,1593648000,24.605,26.945,1
5,6,EPE,PSCO,1594965600,27.925,27.925,0
5,6,EPE,PSCO,1596283200,27.212,27.913,1
5,6,EPE,PSCO,1597600800,25.893,29.159,1
5,6,EPE,PSCO,1598918400,27.13,27.13,0
5,6,EPE,PSCO,1600236000,23.778,27.225,1
5,6,EPE,PSCO,1601553600,26.699,30.029,1
5,6,EPE,PSCO,1602871200,27.956,30.447,1
5,6,EPE,PSCO,1604188800,28.659,28.659,0
5,6,EPE,PSCO,1605506400,27.186,27.785,1
5,6,EPE,PSCO,1606824000,20.235,27.136,1
5,6,EPE,PSCO,1608141600,23.576,29.287,1
5,1,PACE,AECI,1577836800,29.606,29.606,0
5,1,PACE,AECI,1579154400,31.258,31.258,0
5,1,PACE,AECI,1580472000,26.441,26.441,0
5,1,PACE,AECI,1581789600,26.244,26.244,0
5,1,PACE,AECI,1583107200,27.863,27.863,0
5,1,PACE,AECI,1584424800,33.66,33.66,0
5,1,PACE,AECI,1585742400,30.11,30.11,0
5,1,PACE,AECI,1587060000,29.92,29.92,0
5,1,PACE,AECI,1588377600,26.092,26.092,0
5,1,PACE,AECI,1589695200,29.135,29.135,0
5,1,PACE,AECI,1591012800,30.797,30.797,0
5,1,PACE,AECI,1592330400,26.769,26.769,0
5,1,PACE,AECI,1593648000,28.187,28.187,0
5,1,PACE,AECI,1594965600,26.382,26.382,0
5,1,PACE,AECI,1596283200,31.055,31.055,0
5,1,PACE,AECI,1597600800,33.719,33.719,0
5,1,PACE,AECI,1598918400,31.987,31.987,0
5,1,PACE,AECI,1600236000,34.388,34.388,0
5,1,PACE,AECI,1601553600,33.411,33.411,0
5,1,PACE,AECI,1602871200,28.206,28.206,0
5,1,PACE,AECI,1604188800,34.413,34.413,0
5,1,PACE,AECI,1605506400,30.768,30.768,0
5,1,PACE,AECI,1606824000,32.138,32.138,0
5,1,PACE,AECI,1608141600,29.524,29.524,0
5,2,PACE,AECI,1577836800,27.919,30.229,3
5,2,PACE,AECI,1579154400,30.56,31.932,7
5,2,PACE,AECI,1580472000,26.019,27.027,3
5,2,PACE,AECI,1581789600,26.664,26.764,2
5,2,PACE,AECI,1583107200,25.651,28.414,4
5,2,PACE,AECI,1584424800,28.84,34.478,3
5,2,PACE,AECI,1585742400,21.97,30.789,1
5,2,PACE,AECI,1587060000,24.128,30.442,3
5,2,PACE,AECI,1588377600,22.833,26.489,4
5,2,PACE,AECI,1589695200,25.907,29.807,5
5,2,PACE,AECI,1591012800,25.191,31.508,3
5,2,PACE,AECI,1592330400,24.012,27.372,3
5,2,PACE,AECI,1593648000,27.496,28.795,4
5,2,PACE,AECI,1594965600,26.874,27.086,7
5,2,PACE,AECI,1596283200,29.945,31.767,7
5,2,PACE,AECI,1597600800,33.72,34.373,10
5,2,PACE,AECI,1598918400,30.046,32.555,4
5,2,PACE,AECI,1600236000,33.048,35.088,5
5,2,PACE,AECI,1601553600,30.228,34.231,5
5,2,PACE,AECI,1602871200,26.762,28.69,4
5,2,PACE,AECI,1604188800,33.314,35.105,4
5,2,PACE,AECI,1605506400,30.753,31.369,3
5,2,PACE,AECI,1606824000,31.575,32.813,5
5,2,PACE,AECI,1608141600,30.088,30.18,7
5,3,PACE,AECI,1577836800,28.439,30.229,3
5,3,PACE,AECI,1579154400,30.9,31.932,3
5,3,PACE,AECI,1580472000,26.743,27.027,1
5,3,PACE,AECI,1581789600,26.244,26.244,0
5,3,PACE,AECI,1583107200,27.863,27.863,0
5,3,PACE,AECI,1584424800,29.093,34.478,1
5,3,PACE,AECI,1585742400,21.97,30.789,1
5,3,PACE,AECI,1587060000,24.476,30.442,1
5,3,PACE,AECI,1588377600,25.467,26.489,2
5,3,PACE,AECI,1589695200,26.49,29.807,3
5,3,PACE,AECI,1591012800,25.553,31.508,1
5,3,PACE,AECI,1592330400,26.348,27.372,1
5,3,PACE,AECI,1593648000,28.187,28.187,0
5,3,PACE,AECI,1594965600,26.693,27.086,1
5,3,PACE,AECI,1596283200,30.251,31.767,1
5,3,PACE,AECI,1597600800,33.471,34.373,4
5,3,PACE,AECI,1598918400,30.026,32.555,4
5,3,PACE,AECI,1600236000,33.666,35.088,3
5,3,PACE,AECI,1601553600,30.646,34.231,1
5,3,PACE,AECI,1602871200,28.174,28.69,6
5,3,PACE,AECI,1604188800,34.843,35.105,2
5,3,PACE,AECI,1605506400,31.021,31.369,1
5,3,PACE,AECI,1606824000,32.383,32.813,5
5,3,PACE,AECI,1608141600,29.895,30.18,1
5,4,PACE,AECI,1577836800,28.573,30.229,1
5,4,PACE,AECI,1579154400,30.803,31.932,3
5,4,PACE,AECI,1580472000,25.838,27.027,1
5,4,PACE,AECI,1581789600,27.454,26.764,1
5,4,PACE,AECI,1583107200,27.081,28.414,2
5,4,PACE,AECI,1584424800,29.093,34.478,1
5,4,PACE,AECI,1585742400,21.97,30.789,1
5,4,PACE,AECI,1587060000,24.476,30.442,1
5,4,PACE,AECI,1588377600,24.738,26.489,3
5,4,PACE,AECI,1589695200,26.595,29.807,1
5,4,PACE,AECI,1591012800,25.553,31.508,1
5,4,PACE,AECI,1592330400,26.719,27.372,1
5,4,PACE,AECI,1593648000,29.347,28.795,1
5,4,PACE,AECI,1594965600,27.38,27.086,2
5,4,PACE,AECI,1596283200,30.251,31.767,1
5,4,PACE,AECI,1597600800,33.628,34.373,2
5,4,PACE,AECI,1598918400,30.072,32.555,1
5,4,PACE,AECI,1600236000,33.866,35.088,1
5,4,PACE,AECI,1601553600,30.646,34.231,1
5,4,PACE,AECI,1602871200,28.206,28.206,0
5,4,PACE,AECI,1604188800,34.837,35.105,1
5,4,PACE,AECI,1605506400,31.802,31.369,1
5,4,PACE,AECI,1606824000,32.727,32.813,2
5,4,PACE,AECI,1608141600,30.263,30.18,2
5,5,PACE,AECI,1577836800,27.852,30.229,3
5,5,PACE,AECI,1579154400,30.493,31.932,7
5,5,PACE,AECI,1580472000,25.963,27.027,4
5,5,PACE,AECI,1581789600,26.596,26.764,2
5,5,PACE,AECI,1583107200,25.611,28.414,4
5,5,PACE,AECI,1584424800,28.74,34.478,3
5,5,PACE,AECI,1585742400,21.97,30.789,1
5,5,PACE,AECI,1587060000,24.092,30.442,3
5,5,PACE,AECI,1588377600,22.698,26.489,4
5,5,PACE,AECI,1589695200,25.716,29.807,5
5,5,PACE,AECI,1591012800,25.128,31.508,3
5,5,PACE,AECI,1592330400,23.837,27.372,3
5,5,PACE,AECI,1593648000,27.312,28.795,4
5,5,PACE,AECI,1594965600,26.715,27.086,7
5,5,PACE,AECI,1596283200,29.846,31.767,7
5,5,PACE,AECI,1597600800,33.527,34.373,11
5,5,PACE,AECI,1598918400,30.046,32.555,5
5,5,PACE,AECI,1600236000,32.843,35.088,5
5,5,PACE,AECI,1601553600,30.051,34.231,5
5,5,PACE,AECI,1602871200,26.626,28.69,4
5,5,PACE,AECI,1604188800,33.265,35.105,5
5,5,PACE,AECI,1605506400,30.651,31.369,3
5,5,PACE,AECI,1606824000,31.512,32.813,6
5,5,PACE,AECI,1608141600,30.007,30.18,7
5,6,PACE,AECI,1577836800,27.96,30.229,2
5,6,PACE,AECI,1579154400,31.005,31.932,1
5,6,PACE,AECI,1580472000,26.351,27.027,1
5,6,PACE,AECI,1581789600,26.244,26.244,0
5,6,PACE,AECI,1583107200,27.863,27.863,0
5,6,PACE,AECI,1584424800,29.093,34.478,1
5,6,PACE,AECI,1585742400,21.97,30.789,1
5,6,PACE,AECI,1587060000,24.476,30.442,1
5,6,PACE,AECI,1588377600,25.119,26.489,2
5,6,PACE,AECI,1589695200,26.595,29.807,1
5,6,PACE,AECI,1591012800,25.553,31.508,1
5,6,PACE,AECI,1592330400,26.348,27.372,1
5,6,PACE,AECI,1593648000,28.187,28.187,0
5,6,PACE,AECI,1594965600,26.382,26.382,0
5,6,PACE,AECI,1596283200,30.251,31.767,1
5,6,PACE,AECI,1597600800,33.532,34.373,1
5,6,PACE,AECI,1598918400,30.072,32.555,1
5,6,PACE,AECI,1600236000,33.269,35.088,2
5,6,PACE,AECI,1601553600,30.646,34.231,1
5,6,PACE,AECI,1602871200,28.197,28.69,1
5,6,PACE,AECI,1604188800,34.413,34.413,0
5,6,PACE,AECI,1605506400,30.758,31.369,1
5,6,PACE,AECI,1606824000,32.138,32.138,0
5,6,PACE,AECI,1608141600,29.524,29.524,0
5,1,PACE,PSCO,1577836800,29.606,29.606,0
5,1,PACE,PSCO,1579154400,31.258,31.258,0
5,1,PACE,PSCO,1580472000,26.441,26.441,0
5,1,PACE,PSCO,1581789600,26.244,26.244,0
5,1,PACE,PSCO,1583107200,27.863,27.863,0
5,1,PACE,PSCO,1584424800,33.66,33.66,0
5,1,PACE,PSCO,1585742400,30.11,30.11,0
5,1,PACE,PSCO,1587060000,29.92,29.92,0
5,1,PACE,PSCO,1588377600,26.092,26.092,0
5,1,PACE,PSCO,1589695200,29.135,29.135,0
5,1,PACE,PSCO,1591012800,30.797,30.797,0
5,1,PACE,PSCO,1592330400,26.769,26.769,0
5,1,PACE,PSCO,1593648000,28.187,28.187,0
5,1,PACE,PSCO,1594965600,26.382,26.382,0
5,1,PACE,PSCO,1596283200,31.055,31.055,0
5,1,PACE,PSCO,1597600800,33.719,33.719,0
5,1,PACE,PSCO,1598918400,31.987,31.987,0
5,1,PACE,PSCO,1600236000,34.388,34.388,0
5,1,PACE,PSCO,1601553600,33.411,33.411,0
5,1,PACE,PSCO,1602871200,28.206,28.206,0
5,1,PACE,PSCO,1604188800,34.413,34.413,0
5,1,PACE,PSCO,1605506400,30.768,30.768,0
5,1,PACE,PSCO,1606824000,32.138,32.138,0
5,1,PACE,PSCO,1608141600,29.524,29.524,0
5,2,PACE,PSCO,1577836800,27.724,30.229,6
5,2,PACE,PSCO,1579154400,23.564,31.932,7
5,2,PACE,PSCO,1580472000,22.84,27.027,5
5,2,PACE,PSCO,1581789600,25.553,26.764,5
5,2,PACE,PSCO,1583107200,26.813,28.414,9
5,2,PACE,PSCO,1584424800,30.359,34.478,3
5,2,PACE,PSCO,1585742400,26.715,30.789,5
5,2,PACE,PSCO,1587060000,28.253,30.442,8
5,2,PACE,PSCO,1588377600,23.421,26.489,6
5,2,PACE,PSCO,1589695200,23.298,29.807,3
5,2,PACE,PSCO,1591012800,29.246,31.508,3
5,2,PACE,PSCO,1592330400,22.35,27.372,3
5,2,PACE,PSCO,1593648000,23.628,28.795,5
5,2,PACE,PSCO,1594965600,26.606,27.086,9
5,2,PACE,PSCO,1596283200,27.196,31.767,5
5,2,PACE,PSCO,1597600800,26.009,34.373,1
5,2,PACE,PSCO,1598918400,31.312,32.555,6
5,2,PACE,PSCO,1600236000,23.98,35.088,1
5,2,PACE,PSCO,1601553600,27.014,34.231,5
5,2,PACE,PSCO,1602871200,26.093,28.69,4
5,2,PACE,PSCO,1604188800,30.886,35.105,3
5,2,PACE,PSCO,1605506400,27.404,31.369,5
5,2,PACE,PSCO,1606824000,20.406,32.813,1
5,2,PACE,PSCO,1608141600,23.616,30.18,1
5,3,PACE,PSCO,1577836800,27.588,30.229,2
5,3,PACE,PSCO,1579154400,23.183,31.932,1
5,3,PACE,PSCO,1580472000,22.744,27.027,1
5,3,PACE,PSCO,1581789600,26.515,26.764,1
5,3,PACE,PSCO,1583107200,26.765,28.414,3
5,3,PACE,PSCO,1584424800,30.14,34.478,1
5,3,PACE,PSCO,1585742400,26.91,30.789,1
5,3,PACE,PSCO,1587060000,28.762,30.442,2
5,3,PACE,PSCO,1588377600,24.849,26.489,2
5,3,PACE,PSCO,1589695200,23.757,29.807,1
5,3,PACE,PSCO,1591012800,30.237,31.508,1
5,3,PACE,PSCO,1592330400,24.505,27.372,1
5,3,PACE,PSCO,1593648000,24.533,28.795,3
5,3,PACE,PSCO,1594965600,26.742,27.086,1
5,3,PACE,PSCO,1596283200,27.429,31.767,1
5,3,PACE,PSCO,1597600800,26.009,34.373,1
5,3,PACE,PSCO,1598918400,32.021,32.555,2
5,3,PACE,PSCO,1600236000,23.98,35.088,1
5,3,PACE,PSCO,1601553600,26.873,34.231,1
5,3,PACE,PSCO,1602871200,27.434,28.69,4
5,3,PACE,PSCO,1604188800,30.949,35.105,1
5,3,PACE,PSCO,1605506400,27.642,31.369,1
5,3,PACE,PSCO,1606824000,20.406,32.813,1
5,3,PACE,PSCO,1608141600,23.616,30.18,1
5,4,PACE,PSCO,1577836800,27.658,30.229,1
5,4,PACE,PSCO,1579154400,23.183,31.932,1
5,4,PACE,PSCO,1580472000,22.744,27.027,1
5,4,PACE,PSCO,1581789600,26.221,26.764,1
5,4,PACE,PSCO,1583107200,26.879,28.414,1
5,4,PACE,PSCO,1584424800,30.14,34.478,1
5,4,PACE,PSCO,1585742400,26.91,30.789,1
5,4,PACE,PSCO,1587060000,28.834,30.442,1
5,4,PACE,PSCO,1588377600,25.71,26.489,3
5,4,PACE,PSCO,1589695200,23.757,29.807,1
5,4,PACE,PSCO,1591012800,29.95,31.508,1
5,4,PACE,PSCO,1592330400,26.475,27.372,3
5,4,PACE,PSCO,1593648000,24.512,28.795,1
5,4,PACE,PSCO,1594965600,27.287,27.086,1
5,4,PACE,PSCO,1596283200,27.429,31.767,1
5,4,PACE,PSCO,1597600800,26.009,34.373,1
5,4,PACE,PSCO,1598918400,32.069,32.555,3
5,4,PACE,PSCO,1600236000,23.98,35.088,1
5,4,PACE,PSCO,1601553600,26.873,34.231,1
5,4,PACE,PSCO,1602871200,28.331,28.69,3
5,4,PACE,PSCO,1604188800,30.949,35.105,1
5,4,PACE,PSCO,1605506400,27.642,31.369,1
5,4,PACE,PSCO,1606824000,20.406,32.813,1
5,4,PACE,PSCO,1608141600,23.616,30.18,1
5,5,PACE,PSCO,1577836800,27.55,30.229,6
5,5,PACE,PSCO,1579154400,23.38,31.932,7
5,5,PACE,PSCO,1580472000,22.71,27.027,5
5,5,PACE,PSCO,1581789600,25.436,26.764,5
5,5,PACE,PSCO,1583107200,26.584,28.414,9
5,5,PACE,PSCO,1584424800,30.246,34.478,3
5,5,PACE,PSCO,1585742400,26.492,30.789,5
5,5,PACE,PSCO,1587060000,28.05,30.442,8
5,5,PACE,PSCO,1588377600,23.305,26.489,7
5,5,PACE,PSCO,1589695200,23.156,29.807,3
5,5,PACE,PSCO,1591012800,29.213,31.508,3
5,5,PACE,PSCO,1592330400,22.238,27.372,3
5,5,PACE,PSCO,1593648000,23.469,28.795,5
5,5,PACE,PSCO,1594965600,26.396,27.086,9
5,5,PACE,PSCO,1596283200,27.131,31.767,5
5,5,PACE,PSCO,1597600800,26.009,34.373,1
5,5,PACE,PSCO,1598918400,31.254,32.555,7
5,5,PACE,PSCO,1600236000,23.98,35.088,1
5,5,PACE,PSCO,1601553600,26.841,34.231,5
5,5,PACE,PSCO,1602871200,25.997,28.69,4
5,5,PACE,PSCO,1604188800,30.853,35.105,3
5,5,PACE,PSCO,1605506400,27.302,31.369,5
5,5,PACE,PSCO,1606824000,20.406,32.813,1
5,5,PACE,PSCO,1608141600,23.616,30.18,1
5,6,PACE,PSCO,1577836800,27.658,30.229,1
5,6,PACE,PSCO,1579154400,23.183,31.932,1
5,6,PACE,PSCO,1580472000,22.744,27.027,1
5,6,PACE,PSCO,1581789600,26.221,26.764,1
5,6,PACE,PSCO,1583107200,26.879,28.414,1
5,6,PACE,PSCO,1584424800,30.14,34.478,1
5,6,PACE,PSCO,1585742400,26.91,30.789,1
5,6,PACE,PSCO,1587060000,28.834,30.442,1
5,6,PACE,PSCO,1588377600,24.662,26.489,2
5,6,PACE,PSCO,1589695200,23.757,29.807,1
5,6,PACE,PSCO,1591012800,30.237,31.508,1
5,6,PACE,PSCO,1592330400,24.505,27.372,1
5,6,PACE,PSCO,1593648000,24.512,28.795,1
5,6,PACE,PSCO,1594965600,26.382,26.382,0
5,6,PACE,PSCO,1596283200,27.429,31.767,1
5,6,PACE,PSCO,1597600800,26.009,34.373,1
5,6,PACE,PSCO,1598918400,31.987,31.987,0
5,6,PACE,PSCO,1600236000,23.98,35.088,1
5,6,PACE,PSCO,1601553600,26.873,34.231,1
5,6,PACE,PSCO,1602871200,27.157,28.69,2
5,6,PACE,PSCO,1604188800,30.949,35.105,1
5,6,PACE,PSCO,1605506400,27.642,31.369,1
5,6,PACE,PSCO,1606824000,20.406,32.813,1
5,6,PACE,PSCO,1608141600,23.616,30.18,1
5,1,PSCO,EPE,1577836800,26.907,26.907,0
5,1,PSCO,EPE,1579154400,22.413,22.413,0
5,1,PSCO,EPE,1580472000,22.109,22.109,0
5,1,PSCO,EPE,1581789600,27.813,27.813,0
5,1,PSCO,EPE,1583107200,26.075,26.075,0
5,1,PSCO,EPE,1584424800,29.473,29.473,0
5,1,PSCO,EPE,1585742400,26.226,26.226,0
5,1,PSCO,EPE,1587060000,28.177,28.177,0
5,1,PSCO,EPE,1588377600,24.541,24.541,0
5,1,PSCO,EPE,1589695200,23.284,23.284,0
5,1,PSCO,EPE,1591012800,29.454,29.454,0
5,1,PSCO,EPE,1592330400,23.999,23.999,0
5,1,PSCO,EPE,1593648000,24.018,24.018,0
5,1,PSCO,EPE,1594965600,28.389,28.389,0
5,1,PSCO,EPE,1596283200,26.947,26.947,0
5,1,PSCO,EPE,1597600800,25.294,25.294,0
5,1,PSCO,EPE,1598918400,31.306,31.306,0
5,1,PSCO,EPE,1600236000,23.203,23.203,0
5,1,PSCO,EPE,1601553600,26.023,26.023,0
5,1,PSCO,EPE,1602871200,27.041,27.041,0
5,1,PSCO,EPE,1604188800,30.123,30.123,0
5,1,PSCO,EPE,1605506400,27.111,27.111,0
5,1,PSCO,EPE,1606824000,19.648,19.648,0
5,1,PSCO,EPE,1608141600,23.039,23.039,0
5,2,PSCO,EPE,1577836800,26.271,27.578,5
5,2,PSCO,EPE,1579154400,23.057,22.853,4
5,2,PSCO,EPE,1580472000,22.68,22.573,8
5,2,PSCO,EPE,1581789600,24.142,28.249,6
5,2,PSCO,EPE,1583107200,26.175,26.582,4
5,2,PSCO,EPE,1584424800,27.729,30.053,7
5,2,PSCO,EPE,1585742400,22.153,26.863,3
5,2,PSCO,EPE,1587060000,23.414,28.779,3
5,2,PSCO,EPE,1588377600,24.011,24.988,6
5,2,PSCO,EPE,1589695200,22.619,23.634,4
5,2,PSCO,EPE,1591012800,26.901,30.08,3
5,2,PSCO,EPE,1592330400,23.816,24.482,2
5,2,PSCO,EPE,1593648000,23.983,24.488,4
5,2,PSCO,EPE,1594965600,27.136,28.852,4
5,2,PSCO,EPE,1596283200,26.066,27.353,6
5,2,PSCO,EPE,1597600800,25.589,25.908,5
5,2,PSCO,EPE,1598918400,27.364,31.948,1
5,2,PSCO,EPE,1600236000,23.11,23.626,4
5,2,PSCO,EPE,1601553600,26.078,26.498,6
5,2,PSCO,EPE,1602871200,27.09,27.75,5
5,2,PSCO,EPE,1604188800,28.56,30.709,5
5,2,PSCO,EPE,1605506400,26.056,27.519,4
5,2,PSCO,EPE,1606824000,19.648,19.648,0
5,2,PSCO,EPE,1608141600,23.039,23.039,0
5,3,PSCO,EPE,1577836800,27.423,27.578,1
5,3,PSCO,EPE,1579154400,22.413,22.413,0
5,3,PSCO,EPE,1580472000,22.109,22.109,0
5,3,PSCO,EPE,1581789600,24.054,28.249,2
5,3,PSCO,EPE,1583107200,26.075,26.075,0
5,3,PSCO,EPE,1584424800,27.956,30.053,3
5,3,PSCO,EPE,1585742400,22.651,26.863,1
5,3,PSCO,EPE,1587060000,23.532,28.779,1
5,3,PSCO,EPE,1588377600,25.037,24.988,2
5,3,PSCO,EPE,1589695200,23.284,23.284,0
5,3,PSCO,EPE,1591012800,26.759,30.08,1
5,3,PSCO,EPE,1592330400,23.999,23.999,0
5,3,PSCO,EPE,1593648000,24.479,24.488,2
5,3,PSCO,EPE,1594965600,28.355,28.852,2
5,3,PSCO,EPE,1596283200,26.947,26.947,0
5,3,PSCO,EPE,1597600800,25.632,25.908,1
5,3,PSCO,EPE,1598918400,27.615,31.948,1
5,3,PSCO,EPE,1600236000,23.203,23.203,0
5,3,PSCO,EPE,1601553600,26.023,26.023,0
5,3,PSCO,EPE,1602871200,27.424,27.75,1
5,3,PSCO,EPE,1604188800,29.244,30.709,1
5,3,PSCO,EPE,1605506400,27.484,27.519,4
5,3,PSCO,EPE,1606824000,19.648,19.648,0
5,3,PSCO,EPE,1608141600,23.039,23.039,0
5,4,PSCO,EPE,1577836800,26.971,27.578,3
5,4,PSCO,EPE,1579154400,22.413,22.413,0
5,4,PSCO,EPE,1580472000,22.109,22.109,0
5,4,PSCO,EPE,1581789600,24.123,28.249,1
5,4,PSCO,EPE,1583107200,26.272,26.582,2
5,4,PSCO,EPE,1584424800,28.007,30.053,1
5,4,PSCO,EPE,1585742400,22.651,26.863,1
5,4,PSCO,EPE,1587060000,23.532,28.779,1
5,4,PSCO,EPE,1588377600,24.748,24.988,2
5,4,PSCO,EPE,1589695200,23.404,23.634,2
5,4,PSCO,EPE,1591012800,26.759,30.08,1
5,4,PSCO,EPE,1592330400,25.11,24.482,1
5,4,PSCO,EPE,1593648000,24.018,24.018,0
5,4,PSCO,EPE,1594965600,28.272,28.852,1
5,4,PSCO,EPE,1596283200,26.241,27.353,2
5,4,PSCO,EPE,1597600800,26.121,25.908,1
5,4,PSCO,EPE,1598918400,29.036,31.948,2
5,4,PSCO,EPE,1600236000,23.203,23.203,0
5,4,PSCO,EPE,1601553600,26.023,26.023,0
5,4,PSCO,EPE,1602871200,27.041,27.041,0
5,4,PSCO,EPE,1604188800,29.231,30.709,1
5,4,PSCO,EPE,1605506400,28.089,27.519,2
5,4,PSCO,EPE,1606824000,19.648,19.648,0
5,4,PSCO,EPE,1608141600,23.039,23.039,0
5,5,PSCO,EPE,1577836800,26.14,27.578,5
5,5,PSCO,EPE,1579154400,22.817,22.853,4
5,5,PSCO,EPE,1580472000,22.587,22.573,8
5,5,PSCO,EPE,1581789600,24.104,28.249,7
5,5,PSCO,EPE,1583107200,26.022,26.582,4
5,5,PSCO,EPE,1584424800,27.61,30.053,7
5,5,PSCO,EPE,1585742400,22.013,26.863,3
5,5,PSCO,EPE,1587060000,23.364,28.779,3
5,5,PSCO,EPE,1588377600,23.854,24.988,6
5,5,PSCO,EPE,1589695200,22.558,23.634,4
5,5,PSCO,EPE,1591012800,26.825,30.08,3
5,5,PSCO,EPE,1592330400,23.701,24.482,3
5,5,PSCO,EPE,1593648000,23.894,24.488,4
5,5,PSCO,EPE,1594965600,27.038,28.852,4
5,5,PSCO,EPE,1596283200,26.01,27.353,6
5,5,PSCO,EPE,1597600800,25.533,25.908,5
5,5,PSCO,EPE,1598918400,27.338,31.948,1
5,5,PSCO,EPE,1600236000,23.0,23.626,4
5,5,PSCO,EPE,1601553600,25.848,26.498,6
5,5,PSCO,EPE,1602871200,26.982,27.75,5
5,5,PSCO,EPE,1604188800,28.478,30.709,6
5,5,PSCO,EPE,1605506400,26.002,27.519,4
5,5,PSCO,EPE,1606824000,19.648,19.648,0
5,5,PSCO,EPE,1608141600,23.039,23.039,0
5,6,PSCO,EPE,1577836800,26.907,26.907,0
5,6,PSCO,EPE,1579154400,22.413,22.413,0
5,6,PSCO,EPE,1580472000,22.109,22.109,0
5,6,PSCO,EPE,1581789600,24.123,28.249,1
5,6,PSCO,EPE,1583107200,26.075,26.075,0
5,6,PSCO,EPE,1584424800,28.007,30.053,1
5,6,PSCO,EPE,1585742400,22.651,26.863,1
5,6,PSCO,EPE,1587060000,23.532,28.779,1
5,6,PSCO,EPE,1588377600,24.504,24.988,1
5,6,PSCO,EPE,1589695200,23.284,23.284,0
5,6,PSCO,EPE,1591012800,26.759,30.08,1
5,6,PSCO,EPE,1592330400,23.999,23.999,0
5,6,PSCO,EPE,1593648000,24.018,24.018,0
5,6,PSCO,EPE,1594965600,28.378,28.852,1
5,6,PSCO,EPE,1596283200,26.947,26.947,0
5,6,PSCO,EPE,1597600800,25.294,25.294,0
5,6,PSCO,EPE,1598918400,27.615,31.948,1
5,6,PSCO,EPE,1600236000,23.203,23.203,0
5,6,PSCO,EPE,1601553600,26.023,26.023,0
5,6,PSCO,EPE,1602871200,27.041,27.041,0
5,6,PSCO,EPE,1604188800,29.244,30.709,1
5,6,PSCO,EPE,1605506400,27.111,27.111,0
5,6,PSCO,EPE,1606824000,19.648,19.648,0
5,6,PSCO,EPE,1608141600,23.039,23.039,0
5,1,PSCO,PACE,1577836800,26.907,26.907,0
5,1,PSCO,PACE,1579154400,22.413,22.413,0
5,1,PSCO,PACE,1580472000,22.109,22.109,0
5,1,PSCO,PACE,1581789600,27.813,27.813,0
5,1,PSCO,PACE,1583107200,26.075,26.075,0
5,1,PSCO,PACE,1584424800,29.473,29.473,0
5,1,PSCO,PACE,1585742400,26.226,26.226,0
5,1,PSCO,PACE,1587060000,28.177,28.177,0
5,1,PSCO,PACE,1588377600,24.541,24.541,0
5,1,PSCO,PACE,1589695200,23.284,23.284,0
5,1,PSCO,PACE,1591012800,29.454,29.454,0
5,1,PSCO,PACE,1592330400,23.999,23.999,0
5,1,PSCO,PACE,1593648000,24.018,24.018,0
5,1,PSCO,PACE,1594965600,28.389,28.389,0
5,1,PSCO,PACE,1596283200,26.947,26.947,0
5,1,PSCO,PACE,1597600800,25.294,25.294,0
5,1,PSCO,PACE,1598918400,31.306,31.306,0
5,1,PSCO,PACE,1600236000,23.203,23.203,0
5,1,PSCO,PACE,1601553600,26.023,26.023,0
5,1,PSCO,PACE,1602871200,27.041,27.041,0
5,1,PSCO,PACE,1604188800,30.123,30.123,0
5,1,PSCO,PACE,1605506400,27.111,27.111,0
5,1,PSCO,PACE,1606824000,19.648,19.648,0
5,1,PSCO,PACE,1608141600,23.039,23.039,0
5,2,PSCO,PACE,1577836800,27.644,27.578,5
5,2,PSCO,PACE,1579154400,23.233,22.853,6
5,2,PSCO,PACE,1580472000,22.669,22.573,4
5,2,PSCO,PACE,1581789600,25.736,28.249,6
5,2,PSCO,PACE,1583107200,26.516,26.582,8
5,2,PSCO,PACE,1584424800,30.272,30.053,2
5,2,PSCO,PACE,1585742400,26.772,26.863,6
5,2,PSCO,PACE,1587060000,28.198,28.779,7
5,2,PSCO,PACE,1588377600,23.242,24.988,5
5,2,PSCO,PACE,1589695200,23.175,23.634,2
5,2,PSCO,PACE,1591012800,29.089,30.08,2
5,2,PSCO,PACE,1592330400,22.409,24.482,4
5,2,PSCO,PACE,1593648000,23.682,24.488,6
5,2,PSCO,PACE,1594965600,26.556,28.852,8
5,2,PSCO,PACE,1596283200,27.121,27.353,4
5,2,PSCO,PACE,1597600800,25.294,25.294,0
5,2,PSCO,PACE,1598918400,31.025,31.948,5
5,2,PSCO,PACE,1600236000,23.203,23.203,0
5,2,PSCO,PACE,1601553600,26.64,26.498,4
5,2,PSCO,PACE,1602871200,25.938,27.75,3
5,2,PSCO,PACE,1604188800,30.646,30.709,2
5,2,PSCO,PACE,1605506400,27.281,27.519,4
5,2,PSCO,PACE,1606824000,19.648,19.648,0
5,2,PSCO,PACE,1608141600,23.039,23.039,0
5,3,PSCO,PACE,1577836800,27.459,27.578,1
5,3,PSCO,PACE,1579154400,22.413,22.413,0
5,3,PSCO,PACE,1580472000,22.109,22.109,0
5,3,PSCO,PACE,1581789600,26.801,28.249,2
5,3,PSCO,PACE,1583107200,26.547,26.582,2
5,3,PSCO,PACE,1584424800,29.473,29.473,0
5,3,PSCO,PACE,1585742400,26.226,26.226,0
5,3,PSCO,PACE,1587060000,28.659,28.779,1
5,3,PSCO,PACE,1588377600,24.671,24.988,1
5,3,PSCO,PACE,1589695200,23.284,23.284,0
5,3,PSCO,PACE,1591012800,29.454,29.454,0
5,3,PSCO,PACE,1592330400,23.999,23.999,0
5,3,PSCO,PACE,1593648000,24.488,24.488,2
5,3,PSCO,PACE,1594965600,26.948,28.852,2
5,3,PSCO,PACE,1596283200,26.947,26.947,0
5,3,PSCO,PACE,1597600800,25.294,25.294,0
5,3,PSCO,PACE,1598918400,31.58,31.948,1
5,3,PSCO,PACE,1600236000,23.203,23.203,0
5,3,PSCO,PACE,1601553600,26.023,26.023,0
5,3,PSCO,PACE,1602871200,27.137,27.75,3
5,3,PSCO,PACE,1604188800,30.123,30.123,0
5,3,PSCO,PACE,1605506400,27.111,27.111,0
5,3,PSCO,PACE,1606824000,19.648,19.648,0
5,3,PSCO,PACE,1608141600,23.039,23.039,0
5,4,PSCO,PACE,1577836800,26.907,26.907,0
5,4,PSCO,PACE,1579154400,22.413,22.413,0
5,4,PSCO,PACE,1580472000,22.109,22.109,0
5,4,PSCO,PACE,1581789600,26.405,28.249,2
5,4,PSCO,PACE,1583107200,26.075,26.075,0
5,4,PSCO,PACE,1584424800,29.473,29.473,0
5,4,PSCO,PACE,1585742400,26.226,26.226,0
5,4,PSCO,PACE,1587060000,28.177,28.177,0
5,4,PSCO,PACE,1588377600,25.531,24.988,2
5,4,PSCO,PACE,1589695200,23.284,23.284,0
5,4,PSCO,PACE,1591012800,29.904,30.08,2
5,4,PSCO,PACE,1592330400,26.453,24.482,2
5,4,PSCO,PACE,1593648000,24.018,24.018,0
5,4,PSCO,PACE,1594965600,27.33,28.852,2
5,4,PSCO,PACE,1596283200,26.947,26.947,0
5,4,PSCO,PACE,1597600800,25.294,25.294,0
5,4,PSCO,PACE,1598918400,31.782,31.948,2
5,4,PSCO,PACE,1600236000,23.203,23.203,0
5,4,PSCO,PACE,1601553600,26.023,26.023,0
5,4,PSCO,PACE,1602871200,28.177,27.75,2
5,4,PSCO,PACE,1604188800,30.123,30.123,0
5,4,PSCO,PACE,1605506400,27.111,27.111,0
5,4,PSCO,PACE,1606824000,19.648,19.648,0
5,4,PSCO,PACE,1608141600,23.039,23.039,0
5,5,PSCO,PACE,1577836800,27.47,27.578,5
5,5,PSCO,PACE,1579154400,23.049,22.853,6
5,5,PSCO,PACE,1580472000,22.54,22.573,4
5,5,PSCO,PACE,1581789600,25.619,28.249,6
5,5,PSCO,PACE,1583107200,26.288,26.582,8
5,5,PSCO,PACE,1584424800,30.159,30.053,2
5,5,PSCO,PACE,1585742400,26.445,26.863,4
5,5,PSCO,PACE,1587060000,27.995,28.779,7
5,5,PSCO,PACE,1588377600,23.127,24.988,6
5,5,PSCO,PACE,1589695200,23.033,23.634,2
5,5,PSCO,PACE,1591012800,29.056,30.08,2
5,5,PSCO,PACE,1592330400,22.297,24.482,4
5,5,PSCO,PACE,1593648000,23.445,24.488,4
5,5,PSCO,PACE,1594965600,26.346,28.852,8
5,5,PSCO,PACE,1596283200,27.056,27.353,4
5,5,PSCO,PACE,1597600800,25.294,25.294,0
5,5,PSCO,PACE,1598918400,30.967,31.948,6
5,5,PSCO,PACE,1600236000,23.203,23.203,0
5,5,PSCO,PACE,1601553600,26.467,26.498,4
5,5,PSCO,PACE,1602871200,25.843,27.75,3
5,5,PSCO,PACE,1604188800,30.613,30.709,2
5,5,PSCO,PACE,1605506400,27.179,27.519,4
5,5,PSCO,PACE,1606824000,19.648,19.648,0
5,5,PSCO,PACE,1608141600,23.039,23.039,0
5,6,PSCO,PACE,1577836800,26.907,26.907,0
5,6,PSCO,PACE,1579154400,22.413,22.413,0
5,6,PSCO,PACE,1580472000,22.109,22.109,0
5,6,PSCO,PACE,1581789600,26.405,28.249,2
5,6,PSCO,PACE,1583107200,26.075,26.075,0
5,6,PSCO,PACE,1584424800,29.473,29.473,0
5,6,PSCO,PACE,1585742400,26.226,26.226,0
5,6,PSCO,PACE,1587060000,28.177,28.177,0
5,6,PSCO,PACE,1588377600,24.484,24.988,1
5,6,PSCO,PACE,1589695200,23.284,23.284,0
5,6,PSCO,PACE,1591012800,29.454,29.454,0
5,6,PSCO,PACE,1592330400,23.999,23.999,0
5,6,PSCO,PACE,1593648000,24.018,24.018,0
5,6,PSCO,PACE,1594965600,27.129,28.852,1
5,6,PSCO,PACE,1596283200,26.947,26.947,0
5,6,PSCO,PACE,1597600800,25.294,25.294,0
5,6,PSCO,PACE,1598918400,31.269,31.948,1
5,6,PSCO,PACE,1600236000,23.203,23.203,0
5,6,PSCO,PACE,1601553600,26.023,26.023,0
5,6,PSCO,PACE,1602871200,27.003,27.75,1
5,6,PSCO,PACE,1604188800,30.123,30.123,0
5,6,PSCO,PACE,1605506400,27.111,27.111,0
5,6,PSCO,PACE,1606824000,19.648,19.648,0
5,6,PSCO,PACE,1608141600,23.039,23.039,0
5,1,TEPC,AECI,1577836800,34.904,34.904,0
5,1,TEPC,AECI,1579154400,34.672,34.672,0
5,1,TEPC,AECI,1580472000,30.305,30.305,0
5,1,TEPC,AECI,1581789600,30.794,30.794,0
5,1,TEPC,AECI,1583107200,28.518,28.518,0
5,1,TEPC,AECI,1584424800,27.901,27.901,0
5,1,TEPC,AECI,1585742400,21.852,21.852,0
5,1,TEPC,AECI,1587060000,23.826,23.826,0
5,1,TEPC,AECI,1588377600,23.901,23.901,0
5,1,TEPC,AECI,1589695200,28.736,28.736,0
5,1,TEPC,AECI,1591012800,29.666,29.666,0
5,1,TEPC,AECI,1592330400,25.26,25.26,0
5,1,TEPC,AECI,1593648000,28.784,28.784,0
5,1,TEPC,AECI,1594965600,27.715,27.715,0
5,1,TEPC,AECI,1596283200,29.288,29.288,0
5,1,TEPC,AECI,1597600800,30.959,30.959,0
5,1,TEPC,AECI,1598918400,29.268,29.268,0
5,1,TEPC,AECI,1600236000,32.69,32.69,0
5,1,TEPC,AECI,1601553600,31.456,31.456,0
5,1,TEPC,AECI,1602871200,35.004,35.004,0
5,1,TEPC,AECI,1604188800,35.427,35.427,0
5,1,TEPC,AECI,1605506400,30.0,30.0,0
5,1,TEPC,AECI,1606824000,25.748,25.748,0
5,1,TEPC,AECI,1608141600,33.481,33.481,0
5,2,TEPC,AECI,1577836800,28.795,35.644,3
5,2,TEPC,AECI,1579154400,31.18,35.463,3
5,2,TEPC,AECI,1580472000,26.856,31.06,3
5,2,TEPC,AECI,1581789600,29.228,31.297,4
5,2,TEPC,AECI,1583107200,26.237,29.102,4
5,2,TEPC,AECI,1584424800,27.506,28.544,7
5,2,TEPC,AECI,1585742400,20.253,22.394,6
5,2,TEPC,AECI,1587060000,22.274,24.198,4
5,2,TEPC,AECI,1588377600,22.992,24.377,4
5,2,TEPC,AECI,1589695200,25.905,29.421,5
5,2,TEPC,AECI,1591012800,25.331,30.331,3
5,2,TEPC,AECI,1592330400,24.856,25.721,6
5,2,TEPC,AECI,1593648000,28.379,29.346,4
5,2,TEPC,AECI,1594965600,27.525,28.377,5
5,2,TEPC,AECI,1596283200,29.203,29.933,7
5,2,TEPC,AECI,1597600800,31.812,31.556,6
5,2,TEPC,AECI,1598918400,29.929,29.89,11
5,2,TEPC,AECI,1600236000,32.093,33.406,5
5,2,TEPC,AECI,1601553600,30.422,32.107,9
5,2,TEPC,AECI,1602871200,30.019,35.644,7
5,2,TEPC,AECI,1604188800,34.004,36.058,4
5,2,TEPC,AECI,1605506400,30.239,30.68,3
5,2,TEPC,AECI,1606824000,25.748,25.748,0
5,2,TEPC,AECI,1608141600,31.928,34.154,3
5,3,TEPC,AECI,1577836800,28.759,35.644,1
5,3,TEPC,AECI,1579154400,31.057,35.463,1
5,3,TEPC,AECI,1580472000,29.782,31.06,1
5,3,TEPC,AECI,1581789600,30.729,31.297,4
5,3,TEPC,AECI,1583107200,28.518,28.518,0
5,3,TEPC,AECI,1584424800,28.261,28.544,1
5,3,TEPC,AECI,1585742400,21.521,22.394,4
5,3,TEPC,AECI,1587060000,23.915,24.198,2
5,3,TEPC,AECI,1588377600,23.901,23.901,0
5,3,TEPC,AECI,1589695200,26.383,29.421,1
5,3,TEPC,AECI,1591012800,25.447,30.331,1
5,3,TEPC,AECI,1592330400,25.592,25.721,4
5,3,TEPC,AECI,1593648000,28.784,28.784,0
5,3,TEPC,AECI,1594965600,28.051,28.377,3
5,3,TEPC,AECI,1596283200,29.867,29.933,1
5,3,TEPC,AECI,1597600800,30.959,30.959,0
5,3,TEPC,AECI,1598918400,29.76,29.89,3
5,3,TEPC,AECI,1600236000,33.204,33.406,1
5,3,TEPC,AECI,1601553600,30.495,32.107,1
5,3,TEPC,AECI,1602871200,29.874,35.644,1
5,3,TEPC,AECI,1604188800,35.819,36.058,2
5,3,TEPC,AECI,1605506400,30.375,30.68,1
5,3,TEPC,AECI,1606824000,25.748,25.748,0
5,3,TEPC,AECI,1608141600,32.344,34.154,1
5,4,TEPC,AECI,1577836800,28.759,35.644,1
5,4,TEPC,AECI,1579154400,31.057,35.463,1
5,4,TEPC,AECI,1580472000,27.307,31.06,1
5,4,TEPC,AECI,1581789600,31.369,31.297,3
5,4,TEPC,AECI,1583107200,30.799,29.102,1
5,4,TEPC,AECI,1584424800,27.804,28.544,1
5,4,TEPC,AECI,1585742400,21.698,22.394,2
5,4,TEPC,AECI,1587060000,23.858,24.198,3
5,4,TEPC,AECI,1588377600,23.901,23.901,0
5,4,TEPC,AECI,1589695200,26.383,29.421,1
5,4,TEPC,AECI,1591012800,25.447,30.331,1
5,4,TEPC,AECI,1592330400,25.26,25.26,0
5,4,TEPC,AECI,1593648000,28.784,28.784,0
5,4,TEPC,AECI,1594965600,27.715,27.715,0
5,4,TEPC,AECI,1596283200,29.872,29.933,2
5,4,TEPC,AECI,1597600800,30.959,30.959,0
5,4,TEPC,AECI,1598918400,29.513,29.89,1
5,4,TEPC,AECI,1600236000,32.849,33.406,2
5,4,TEPC,AECI,1601553600,31.287,32.107,4
5,4,TEPC,AECI,1602871200,29.874,35.644,1
5,4,TEPC,AECI,1604188800,35.703,36.058,1
5,4,TEPC,AECI,1605506400,31.252,30.68,1
5,4,TEPC,AECI,1606824000,25.748,25.748,0
5,4,TEPC,AECI,1608141600,32.344,34.154,1
5,5,TEPC,AECI,1577836800,28.761,35.644,3
5,5,TEPC,AECI,1579154400,31.148,35.463,3
5,5,TEPC,AECI,1580472000,26.783,31.06,3
5,5,TEPC,AECI,1581789600,29.155,31.297,4
5,5,TEPC,AECI,1583107200,25.958,29.102,4
5,5,TEPC,AECI,1584424800,27.395,28.544,7
5,5,TEPC,AECI,1585742400,20.05,22.394,4
5,5,TEPC,AECI,1587060000,22.234,24.198,5
5,5,TEPC,AECI,1588377600,22.745,24.377,4
5,5,TEPC,AECI,1589695200,25.688,29.421,5
5,5,TEPC,AECI,1591012800,25.19,30.331,1
5,5,TEPC,AECI,1592330400,24.695,25.721,6
5,5,TEPC,AECI,1593648000,28.243,29.346,4
5,5,TEPC,AECI,1594965600,27.351,28.377,5
5,5,TEPC,AECI,1596283200,29.111,29.933,8
5,5,TEPC,AECI,1597600800,31.751,31.556,6
5,5,TEPC,AECI,1598918400,29.776,29.89,12
5,5,TEPC,AECI,1600236000,31.944,33.406,5
5,5,TEPC,AECI,1601553600,30.34,32.107,9
5,5,TEPC,AECI,1602871200,29.856,35.644,6
5,5,TEPC,AECI,1604188800,33.807,36.058,4
5,5,TEPC,AECI,1605506400,30.187,30.68,3
5,5,TEPC,AECI,1606824000,25.748,25.748,0
5,5,TEPC,AECI,1608141600,31.866,34.154,3
5,6,TEPC,AECI,1577836800,28.759,35.644,1
5,6,TEPC,AECI,1579154400,31.057,35.463,1
5,6,TEPC,AECI,1580472000,29.782,31.06,1
5,6,TEPC,AECI,1581789600,30.067,31.297,2
5,6,TEPC,AECI,1583107200,28.518,28.518,0
5,6,TEPC,AECI,1584424800,27.804,28.544,1
5,6,TEPC,AECI,1585742400,21.842,22.394,1
5,6,TEPC,AECI,1587060000,23.826,23.826,0
5,6,TEPC,AECI,1588377600,23.901,23.901,0
5,6,TEPC,AECI,1589695200,26.383,29.421,1
5,6,TEPC,AECI,1591012800,25.447,30.331,1
5,6,TEPC,AECI,1592330400,25.26,25.26,0
5,6,TEPC,AECI,1593648000,28.784,28.784,0
5,6,TEPC,AECI,1594965600,27.715,27.715,0
5,6,TEPC,AECI,1596283200,29.267,29.933,1
5,6,TEPC,AECI,1597600800,30.959,30.959,0
5,6,TEPC,AECI,1598918400,29.268,29.268,0
5,6,TEPC,AECI,1600236000,32.69,32.69,0
5,6,TEPC,AECI,1601553600,30.495,32.107,1
5,6,TEPC,AECI,1602871200,29.874,35.644,1
5,6,TEPC,AECI,1604188800,34.583,36.058,2
5,6,TEPC,AECI,1605506400,30.0,30.0,0
5,6,TEPC,AECI,1606824000,25.748,25.748,0
5,6,TEPC,AECI,1608141600,32.344,34.154,1
10,1,AECI,EPE,1577836800,27.991,27.991,0
10,1,AECI,EPE,1579154400,30.139,30.139,0
10,1,AECI,EPE,1580472000,29.202,29.202,0
10,1,AECI,EPE,1581789600,30.99,30.99,0
10,1,AECI,EPE,1583107200,28.95,28.95,0
10,1,AECI,EPE,1584424800,28.31,28.31,0
10,1,AECI,EPE,1585742400,21.211,21.211,0
10,1,AECI,EPE,1587060000,23.892,23.892,0
10,1,AECI,EPE,1588377600,25.143,25.143,0
10,1,AECI,EPE,1589695200,25.774,25.774,0
10,1,AECI,EPE,1591012800,24.75,24.75,0
10,1,AECI,EPE,1592330400,25.959,25.959,0
10,1,AECI,EPE,1593648000,29.983,29.983,0
10,1,AECI,EPE,1594965600,28.571,28.571,0
10,1,AECI,EPE,1596283200,29.488,29.488,0
10,1,AECI,EPE,1597600800,32.788,32.788,0
10,1,AECI,EPE,1598918400,29.414,29.414,0
10,1,AECI,EPE,1600236000,33.086,33.086,0
10,1,AECI,EPE,1601553600,29.771,29.771,0
10,1,AECI,EPE,1602871200,29.148,29.148,0
10,1,AECI,EPE,1604188800,35.804,35.804,0
10,1,AECI,EPE,1605506400,33.466,33.466,0
10,1,AECI,EPE,1606824000,31.991,31.991,0
10,1,AECI,EPE,1608141600,31.713,31.713,0
10,2,AECI,EPE,1577836800,28.688,29.198,9
10,2,AECI,EPE,1579154400,28.497,30.785,3
10,2,AECI,EPE,1580472000,24.397,29.765,3
10,2,AECI,EPE,1581789600,24.269,31.671,1
10,2,AECI,EPE,1583107200,26.751,29.645,5
10,2,AECI,EPE,1584424800,27.606,28.81,6
10,2,AECI,EPE,1585742400,21.22,21.807,5
10,2,AECI,EPE,1587060000,22.994,24.321,5
10,2,AECI,EPE,1588377600,24.002,25.726,5
10,2,AECI,EPE,1589695200,25.284,26.341,6
10,2,AECI,EPE,1591012800,24.887,25.314,6
10,2,AECI,EPE,1592330400,26.589,27.014,7
10,2,AECI,EPE,1593648000,27.546,30.623,5
10,2,AECI,EPE,1594965600,27.971,29.102,4
10,2,AECI,EPE,1596283200,28.049,30.079,4
10,2,AECI,EPE,1597600800,29.595,33.466,3
10,2,AECI,EPE,1598918400,28.28,29.995,5
10,2,AECI,EPE,1600236000,27.482,33.664,2
10,2,AECI,EPE,1601553600,28.451,30.305,2
10,2,AECI,EPE,1602871200,28.668,29.771,5
10,2,AECI,EPE,1604188800,29.747,36.518,5
10,2,AECI,EPE,1605506400,27.898,33.985,2
10,2,AECI,EPE,1606824000,27.495,32.651,3
10,2,AECI,EPE,1608141600,30.86,32.869,9
10,3,AECI,EPE,1577836800,27.752,28.592,1
10,3,AECI,EPE,1579154400,28.345,30.785,1
10,3,AECI,EPE,1580472000,24.82,29.765,3
10,3,AECI,EPE,1581789600,24.269,31.671,1
10,3,AECI,EPE,1583107200,27.733,29.645,1
10,3,AECI,EPE,1584424800,27.79,28.81,2
10,3,AECI,EPE,1585742400,21.534,21.807,3
10,3,AECI,EPE,1587060000,23.462,24.321,1
10,3,AECI,EPE,1588377600,25.151,25.726,1
10,3,AECI,EPE,1589695200,25.914,26.341,2
10,3,AECI,EPE,1591012800,24.75,24.75,0
10,3,AECI,EPE,1592330400,26.389,26.488,1
10,3,AECI,EPE,1593648000,27.159,30.623,1
10,3,AECI,EPE,1594965600,28.554,29.102,4
10,3,AECI,EPE,1596283200,28.02,30.079,2
10,3,AECI,EPE,1597600800,29.363,33.466,1
10,3,AECI,EPE,1598918400,27.896,29.995,1
10,3,AECI,EPE,1600236000,27.465,33.664,2
10,3,AECI,EPE,1601553600,30.027,30.305,2
10,3,AECI,EPE,1602871200,29.689,29.771,1
10,3,AECI,EPE,1604188800,29.545,36.518,1
10,3,AECI,EPE,1605506400,27.902,33.985,2
10,3,AECI,EPE,1606824000,27.307,32.651,1
10,3,AECI,EPE,1608141600,29.568,32.315,1
10,4,AECI,EPE,1577836800,28.059,28.592,3
10,4,AECI,EPE,1579154400,28.345,30.785,1
10,4,AECI,EPE,1580472000,24.924,29.765,1
10,4,AECI,EPE,1581789600,24.269,31.671,1
10,4,AECI,EPE,1583107200,27.733,29.645,1
10,4,AECI,EPE,1584424800,27.842,28.81,1
10,4,AECI,EPE,1585742400,21.653,21.807,1
10,4,AECI,EPE,1587060000,23.926,24.321,2
10,4,AECI,EPE,1588377600,25.105,25.726,1
10,4,AECI,EPE,1589695200,25.009,26.341,2
10,4,AECI,EPE,1591012800,24.75,24.75,0
10,4,AECI,EPE,1592330400,26.33,26.488,2
10,4,AECI,EPE,1593648000,27.159,30.623,1
10,4,AECI,EPE,1594965600,28.586,29.102,1
10,4,AECI,EPE,1596283200,28.016,30.079,1
10,4,AECI,EPE,1597600800,29.363,33.466,1
10,4,AECI,EPE,1598918400,27.896,29.995,1
10,4,AECI,EPE,1600236000,27.383,33.664,1
10,4,AECI,EPE,1601553600,29.738,30.305,2
10,4,AECI,EPE,1602871200,30.084,29.771,1
10,4,AECI,EPE,1604188800,29.545,36.518,1
10,4,AECI,EPE,1605506400,28.007,33.985,1
10,4,AECI,EPE,1606824000,27.307,32.651,1
10,4,AECI,EPE,1608141600,29.568,32.315,1
10,5,AECI,EPE,1577836800,28.543,29.198,9
10,5,AECI,EPE,1579154400,28.421,30.785,3
10,5,AECI,EPE,1580472000,24.367,29.765,3
10,5,AECI,EPE,1581789600,24.269,31.671,1
10,5,AECI,EPE,1583107200,26.39,29.645,3
10,5,AECI,EPE,1584424800,27.529,28.81,6
10,5,AECI,EPE,1585742400,21.14,21.807,5
10,5,AECI,EPE,1587060000,22.954,24.321,6
10,5,AECI,EPE,1588377600,23.883,25.726,5
10,5,AECI,EPE,1589695200,25.118,26.341,6
10,5,AECI,EPE,1591012800,25.353,25.883,7
10,5,AECI,EPE,1592330400,26.463,27.014,8
10,5,AECI,EPE,1593648000,27.408,30.623,5
10,5,AECI,EPE,1594965600,27.801,29.102,4
10,5,AECI,EPE,1596283200,28.006,30.079,5
10,5,AECI,EPE,1597600800,29.544,33.466,3
10,5,AECI,EPE,1598918400,28.347,29.995,6
10,5,AECI,EPE,1600236000,27.465,33.664,2
10,5,AECI,EPE,1601553600,28.34,30.305,2
10,5,AECI,EPE,1602871200,28.609,29.771,5
10,5,AECI,EPE,1604188800,29.641,36.518,5
10,5,AECI,EPE,1605506400,27.887,33.985,2
10,5,AECI,EPE,1606824000,27.481,32.651,3
10,5,AECI,EPE,1608141600,30.872,32.869,10
10,6,AECI,EPE,1577836800,27.752,28.592,1
10,6,AECI,EPE,1579154400,28.345,30.785,1
10,6,AECI,EPE,1580472000,24.351,29.765,2
10,6,AECI,EPE,1581789600,24.269,31.671,1
10,6,AECI,EPE,1583107200,27.733,29.645,1
10,6,AECI,EPE,1584424800,27.842,28.81,1
10,6,AECI,EPE,1585742400,21.211,21.211,0
10,6,AECI,EPE,1587060000,23.462,24.321,1
10,6,AECI,EPE,1588377600,25.074,25.726,1
10,6,AECI,EPE,1589695200,25.695,26.341,1
10,6,AECI,EPE,1591012800,24.75,24.75,0
10,6,AECI,EPE,1592330400,25.959,25.959,0
10,6,AECI,EPE,1593648000,27.159,30.623,1
10,6,AECI,EPE,1594965600,28.517,29.102,1
10,6,AECI,EPE,1596283200,28.016,30.079,1
10,6,AECI,EPE,1597600800,29.363,33.466,1
10,6,AECI,EPE,1598918400,27.896,29.995,1
10,6,AECI,EPE,1600236000,27.383,33.664,1
10,6,AECI,EPE,1601553600,29.771,29.771,0
10,6,AECI,EPE,1602871200,29.148,29.148,0
10,6,AECI,EPE,1604188800,29.545,36.518,1
10,6,AECI,EPE,1605506400,28.007,33.985,1
10,6,AECI,EPE,1606824000,27.307,32.651,1
10,6,AECI,EPE,1608141600,29.568,32.315,1
10,1,AECI,PACE,1577836800,27.991,27.991,0
10,1,AECI,PACE,1579154400,30.139,30.139,0
10,1,AECI,PACE,1580472000,29.202,29.202,0
10,1,AECI,PACE,1581789600,30.99,30.99,0
10,1,AECI,PACE,1583107200,28.95,28.95,0
10,1,AECI,PACE,1584424800,28.31,28.31,0
10,1,AECI,PACE,1585742400,21.211,21.211,0
10,1,AECI,PACE,1587060000,23.892,23.892,0
10,1,AECI,PACE,1588377600,25.143,25.143,0
10,1,AECI,PACE,1589695200,25.774,25.774,0
10,1,AECI,PACE,1591012800,24.75,24.75,0
10,1,AECI,PACE,1592330400,25.959,25.959,0
10,1,AECI,PACE,1593648000,29.983,29.983,0
10,1,AECI,PACE,1594965600,28.571,28.571,0
10,1,AECI,PACE,1596283200,29.488,29.488,0
10,1,AECI,PACE,1597600800,32.788,32.788,0
10,1,AECI,PACE,1598918400,29.414,29.414,0
10,1,AECI,PACE,1600236000,33.086,33.086,0
10,1,AECI,PACE,1601553600,29.771,29.771,0
10,1,AECI,PACE,1602871200,29.148,29.148,0
10,1,AECI,PACE,1604188800,35.804,35.804,0
10,1,AECI,PACE,1605506400,33.466,33.466,0
10,1,AECI,PACE,1606824000,31.991,31.991,0
10,1,AECI,PACE,1608141600,31.713,31.713,0
10,2,AECI,PACE,1577836800,28.257,28.592,4
10,2,AECI,PACE,1579154400,30.663,30.785,6
10,2,AECI,PACE,1580472000,26.313,29.765,4
10,2,AECI,PACE,1581789600,27.099,31.671,3
10,2,AECI,PACE,1583107200,25.602,29.645,3
10,2,AECI,PACE,1584424800,28.666,28.81,2
10,2,AECI,PACE,1585742400,21.211,21.211,0
10,2,AECI,PACE,1587060000,24.062,24.321,2
10,2,AECI,PACE,1588377600,22.893,25.726,3
10,2,AECI,PACE,1589695200,25.851,26.341,4
10,2,AECI,PACE,1591012800,25.049,25.314,2
10,2,AECI,PACE,1592330400,24.451,26.488,4
10,2,AECI,PACE,1593648000,28.016,30.623,5
10,2,AECI,PACE,1594965600,27.877,29.64,8
10,2,AECI,PACE,1596283200,30.091,30.079,6
10,2,AECI,PACE,1597600800,34.944,34.101,10
10,2,AECI,PACE,1598918400,30.114,29.995,3
10,2,AECI,PACE,1600236000,33.087,33.664,4
10,2,AECI,PACE,1601553600,30.111,30.305,4
10,2,AECI,PACE,1602871200,27.187,29.771,5
10,2,AECI,PACE,1604188800,33.735,36.518,5
10,2,AECI,PACE,1605506400,31.094,33.985,4
10,2,AECI,PACE,1606824000,31.65,32.651,4
10,2,AECI,PACE,1608141600,31.258,32.869,8
10,3,AECI,PACE,1577836800,28.669,28.592,2
10,3,AECI,PACE,1579154400,30.978,30.785,4
10,3,AECI,PACE,1580472000,26.914,29.765,2
10,3,AECI,PACE,1581789600,27.094,31.671,1
10,3,AECI,PACE,1583107200,28.378,29.645,1
10,3,AECI,PACE,1584424800,28.31,28.31,0
10,3,AECI,PACE,1585742400,21.211,21.211,0
10,3,AECI,PACE,1587060000,23.892,23.892,0
10,3,AECI,PACE,1588377600,25.234,25.726,1
10,3,AECI,PACE,1589695200,26.366,26.341,2
10,3,AECI,PACE,1591012800,24.75,24.75,0
10,3,AECI,PACE,1592330400,25.959,25.959,0
10,3,AECI,PACE,1593648000,29.094,30.623,1
10,3,AECI,PACE,1594965600,27.277,29.102,4
10,3,AECI,PACE,1596283200,29.488,29.488,0
10,3,AECI,PACE,1597600800,33.609,33.466,3
10,3,AECI,PACE,1598918400,30.092,29.995,3
10,3,AECI,PACE,1600236000,33.723,33.664,2
10,3,AECI,PACE,1601553600,29.771,29.771,0
10,3,AECI,PACE,1602871200,28.42,29.771,5
10,3,AECI,PACE,1604188800,35.012,36.518,3
10,3,AECI,PACE,1605506400,31.236,33.985,2
10,3,AECI,PACE,1606824000,32.438,32.651,4
10,3,AECI,PACE,1608141600,30.186,32.315,2
10,4,AECI,PACE,1577836800,27.991,27.991,0
10,4,AECI,PACE,1579154400,30.508,30.785,1
10,4,AECI,PACE,1580472000,26.158,29.765,2
10,4,AECI,PACE,1581789600,27.8,31.671,2
10,4,AECI,PACE,1583107200,26.922,29.645,1
10,4,AECI,PACE,1584424800,28.31,28.31,0
10,4,AECI,PACE,1585742400,21.211,21.211,0
10,4,AECI,PACE,1587060000,23.892,23.892,0
10,4,AECI,PACE,1588377600,24.563,25.726,2
10,4,AECI,PACE,1589695200,25.774,25.774,0
10,4,AECI,PACE,1591012800,24.75,24.75,0
10,4,AECI,PACE,1592330400,27.054,26.488,2
10,4,AECI,PACE,1593648000,29.472,30.623,2
10,4,AECI,PACE,1594965600,27.308,29.102,3
10,4,AECI,PACE,1596283200,29.488,29.488,0
10,4,AECI,PACE,1597600800,33.59,33.466,1
10,4,AECI,PACE,1598918400,29.414,29.414,0
10,4,AECI,PACE,1600236000,33.086,33.086,0
10,4,AECI,PACE,1601553600,29.771,29.771,0
10,4,AECI,PACE,1602871200,28.909,29.771,1
10,4,AECI,PACE,1604188800,34.954,36.518,2
10,4,AECI,PACE,1605506400,31.829,33.985,2
10,4,AECI,PACE,1606824000,32.524,32.651,1
10,4,AECI,PACE,1608141600,30.392,32.315,3
10,5,AECI,PACE,1577836800,28.186,28.592,4
10,5,AECI,PACE,1579154400,30.587,30.785,6
10,5,AECI,PACE,1580472000,26.294,29.765,5
10,5,AECI,PACE,1581789600,27.026,31.671,3
10,5,AECI,PACE,1583107200,25.552,29.645,3
10,5,AECI,PACE,1584424800,28.557,28.81,2
10,5,AECI,PACE,1585742400,21.211,21.211,0
10,5,AECI,PACE,1587060000,24.021,24.321,2
10,5,AECI,PACE,1588377600,22.746,25.726,3
10,5,AECI,PACE,1589695200,25.647,26.341,4
10,5,AECI,PACE,1591012800,24.982,25.314,2
10,5,AECI,PACE,1592330400,24.261,26.488,4
10,5,AECI,PACE,1593648000,27.814,30.623,5
10,5,AECI,PACE,1594965600,27.705,29.64,8
10,5,AECI,PACE,1596283200,29.984,30.079,6
10,5,AECI,PACE,1597600800,34.671,34.101,10
10,5,AECI,PACE,1598918400,30.162,29.995,4
10,5,AECI,PACE,1600236000,32.876,33.664,4
10,5,AECI,PACE,1601553600,29.924,30.305,4
10,5,AECI,PACE,1602871200,27.048,29.771,5
10,5,AECI,PACE,1604188800,33.738,36.518,6
10,5,AECI,PACE,1605506400,30.983,33.985,4
10,5,AECI,PACE,1606824000,31.633,32.651,5
10,5,AECI,PACE,1608141600,31.171,32.869,8
10,6,AECI,PACE,1577836800,27.991,27.991,0
10,6,AECI,PACE,1579154400,30.139,30.139,0
10,6,AECI,PACE,1580472000,26.519,29.765,2
10,6,AECI,PACE,1581789600,27.094,31.671,1
10,6,AECI,PACE,1583107200,28.378,29.645,1
10,6,AECI,PACE,1584424800,28.31,28.31,0
10,6,AECI,PACE,1585742400,21.211,21.211,0
10,6,AECI,PACE,1587060000,23.892,23.892,0
10,6,AECI,PACE,1588377600,25.08,25.726,1
10,6,AECI,PACE,1589695200,25.774,25.774,0
10,6,AECI,PACE,1591012800,24.75,24.75,0
10,6,AECI,PACE,1592330400,25.959,25.959,0
10,6,AECI,PACE,1593648000,29.094,30.623,1
10,6,AECI,PACE,1594965600,27.201,29.102,1
10,6,AECI,PACE,1596283200,29.488,29.488,0
10,6,AECI,PACE,1597600800,32.788,32.788,0
10,6,AECI,PACE,1598918400,29.414,29.414,0
10,6,AECI,PACE,1600236000,33.086,33.086,0
10,6,AECI,PACE,1601553600,29.771,29.771,0
10,6,AECI,PACE,1602871200,28.356,29.771,2
10,6,AECI,PACE,1604188800,35.278,36.518,1
10,6,AECI,PACE,1605506400,31.539,33.985,1
10,6,AECI,PACE,1606824000,31.991,31.991,0
10,6,AECI,PACE,1608141600,30.423,32.315,1
10,1,AECI,TEPC,1577836800,27.991,27.991,0
10,1,AECI,TEPC,1579154400,30.139,30.139,0
10,1,AECI,TEPC,1580472000,29.202,29.202,0
10,1,AECI,TEPC,1581789600,30.99,30.99,0
10,1,AECI,TEPC,1583107200,28.95,28.95,0
10,1,AECI,TEPC,1584424800,28.31,28.31,0
10,1,AECI,TEPC,1585742400,21.211,21.211,0
10,1,AECI,TEPC,1587060000,23.892,23.892,0
10,1,AECI,TEPC,1588377600,25.143,25.143,0
10,1,AECI,TEPC,1589695200,25.774,25.774,0
10,1,AECI,TEPC,1591012800,24.75,24.75,0
10,1,AECI,TEPC,1592330400,25.959,25.959,0
10,1,AECI,TEPC,1593648000,29.983,29.983,0
10,1,AECI,TEPC,1594965600,28.571,28.571,0
10,1,AECI,TEPC,1596283200,29.488,29.488,0
10,1,AECI,TEPC,1597600800,32.788,32.788,0
10,1,AECI,TEPC,1598918400,29.414,29.414,0
10,1,AECI,TEPC,1600236000,33.086,33.086,0
10,1,AECI,TEPC,1601553600,29.771,29.771,0
10,1,AECI,TEPC,1602871200,29.148,29.148,0
10,1,AECI,TEPC,1604188800,35.804,35.804,0
10,1,AECI,TEPC,1605506400,33.466,33.466,0
10,1,AECI,TEPC,1606824000,31.991,31.991,0
10,1,AECI,TEPC,1608141600,31.713,31.713,0
10,2,AECI,TEPC,1577836800,28.74,28.592,2
10,2,AECI,TEPC,1579154400,31.014,30.785,2
10,2,AECI,TEPC,1580472000,27.149,29.765,4
10,2,AECI,TEPC,1581789600,29.735,31.671,5
10,2,AECI,TEPC,1583107200,26.568,29.645,5
10,2,AECI,TEPC,1584424800,27.716,28.81,6
10,2,AECI,TEPC,1585742400,20.399,21.807,5
10,2,AECI,TEPC,1587060000,22.646,24.321,5
10,2,AECI,TEPC,1588377600,23.344,25.726,5
10,2,AECI,TEPC,1589695200,26.239,26.341,6
10,2,AECI,TEPC,1591012800,25.295,25.314,2
10,2,AECI,TEPC,1592330400,25.835,27.014,7
10,2,AECI,TEPC,1593648000,28.805,30.623,5
10,2,AECI,TEPC,1594965600,27.65,29.102,4
10,2,AECI,TEPC,1596283200,29.42,30.079,6
10,2,AECI,TEPC,1597600800,32.897,34.101,7
10,2,AECI,TEPC,1598918400,31.954,31.158,13
10,2,AECI,TEPC,1600236000,32.178,33.664,4
10,2,AECI,TEPC,1601553600,31.277,30.901,8
10,2,AECI,TEPC,1602871200,30.25,29.771,6
10,2,AECI,TEPC,1604188800,34.447,36.518,5
10,2,AECI,TEPC,1605506400,30.568,33.985,4
10,2,AECI,TEPC,1606824000,26.518,32.651,1
10,2,AECI,TEPC,1608141600,32.247,32.315,4
10,3,AECI,TEPC,1577836800,27.991,27.991,0
10,3,AECI,TEPC,1579154400,30.139,30.139,0
10,3,AECI,TEPC,1580472000,29.202,29.202,0
10,3,AECI,TEPC,1581789600,31.033,31.671,5
10,3,AECI,TEPC,1583107200,29.218,29.645,1
10,3,AECI,TEPC,1584424800,28.349,28.81,2
10,3,AECI,TEPC,1585742400,21.568,21.807,3
10,3,AECI,TEPC,1587060000,24.181,24.321,3
10,3,AECI,TEPC,1588377600,24.555,25.726,1
10,3,AECI,TEPC,1589695200,26.469,26.341,2
10,3,AECI,TEPC,1591012800,24.75,24.75,0
10,3,AECI,TEPC,1592330400,25.836,26.488,3
10,3,AECI,TEPC,1593648000,29.558,30.623,1
10,3,AECI,TEPC,1594965600,28.285,29.102,4
10,3,AECI,TEPC,1596283200,30.012,30.079,2
10,3,AECI,TEPC,1597600800,31.721,33.466,1
10,3,AECI,TEPC,1598918400,30.102,29.995,4
10,3,AECI,TEPC,1600236000,33.411,33.664,2
10,3,AECI,TEPC,1601553600,29.771,29.771,0
10,3,AECI,TEPC,1602871200,30.002,29.771,2
10,3,AECI,TEPC,1604188800,35.956,36.518,3
10,3,AECI,TEPC,1605506400,30.767,33.985,2
10,3,AECI,TEPC,1606824000,26.518,32.651,1
10,3,AECI,TEPC,1608141600,31.713,31.713,0
10,4,AECI,TEPC,1577836800,27.991,27.991,0
10,4,AECI,TEPC,1579154400,30.139,30.139,0
10,4,AECI,TEPC,1580472000,27.485,29.765,2
10,4,AECI,TEPC,1581789600,32.757,31.671,2
10,4,AECI,TEPC,1583107200,30.251,29.645,2
10,4,AECI,TEPC,1584424800,27.798,28.81,2
10,4,AECI,TEPC,1585742400,21.682,21.807,1
10,4,AECI,TEPC,1587060000,24.066,24.321,2
10,4,AECI,TEPC,1588377600,24.555,25.726,1
10,4,AECI,TEPC,1589695200,25.774,25.774,0
10,4,AECI,TEPC,1591012800,24.75,24.75,0
10,4,AECI,TEPC,1592330400,25.974,26.488,1
10,4,AECI,TEPC,1593648000,29.558,30.623,1
10,4,AECI,TEPC,1594965600,28.443,29.102,1
10,4,AECI,TEPC,1596283200,30.57,30.079,1
10,4,AECI,TEPC,1597600800,31.721,33.466,1
10,4,AECI,TEPC,1598918400,29.758,29.995,2
10,4,AECI,TEPC,1600236000,32.898,33.664,1
10,4,AECI,TEPC,1601553600,31.155,30.305,3
10,4,AECI,TEPC,1602871200,29.148,29.148,0
10,4,AECI,TEPC,1604188800,35.707,36.518,2
10,4,AECI,TEPC,1605506400,31.298,33.985,2
10,4,AECI,TEPC,1606824000,26.518,32.651,1
10,4,AECI,TEPC,1608141600,31.713,31.713,0
10,5,AECI,TEPC,1577836800,28.702,28.592,2
10,5,AECI,TEPC,1579154400,30.979,30.785,2
10,5,AECI,TEPC,1580472000,27.069,29.765,4
10,5,AECI,TEPC,1581789600,29.651,31.671,5
10,5,AECI,TEPC,1583107200,26.085,29.645,3
10,5,AECI,TEPC,1584424800,27.596,28.81,6
10,5,AECI,TEPC,1585742400,20.269,21.807,5
10,5,AECI,TEPC,1587060000,22.631,24.321,6
10,5,AECI,TEPC,1588377600,23.091,25.726,5
10,5,AECI,TEPC,1589695200,25.826,26.341,4
10,5,AECI,TEPC,1591012800,25.247,25.314,2
10,5,AECI,TEPC,1592330400,25.668,27.014,7
10,5,AECI,TEPC,1593648000,28.657,30.623,5
10,5,AECI,TEPC,1594965600,27.468,29.102,4
10,5,AECI,TEPC,1596283200,29.963,30.683,7
10,5,AECI,TEPC,1597600800,32.831,34.101,7
10,5,AECI,TEPC,1598918400,31.728,31.158,13
10,5,AECI,TEPC,1600236000,32.019,33.664,4
10,5,AECI,TEPC,1601553600,31.284,30.901,9
10,5,AECI,TEPC,1602871200,30.994,30.42,8
10,5,AECI,TEPC,1604188800,34.244,36.518,5
10,5,AECI,TEPC,1605506400,30.514,33.985,4
10,5,AECI,TEPC,1606824000,26.518,32.651,1
10,5,AECI,TEPC,1608141600,32.174,32.315,4
10,6,AECI,TEPC,1577836800,27.991,27.991,0
10,6,AECI,TEPC,1579154400,30.139,30.139,0
10,6,AECI,TEPC,1580472000,29.202,29.202,0
10,6,AECI,TEPC,1581789600,30.99,30.99,0
10,6,AECI,TEPC,1583107200,28.764,29.645,1
10,6,AECI,TEPC,1584424800,28.31,28.31,0
10,6,AECI,TEPC,1585742400,21.211,21.211,0
10,6,AECI,TEPC,1587060000,23.818,24.321,1
10,6,AECI,TEPC,1588377600,24.555,25.726,1
10,6,AECI,TEPC,1589695200,25.774,25.774,0
10,6,AECI,TEPC,1591012800,24.75,24.75,0
10,6,AECI,TEPC,1592330400,25.959,25.959,0
10,6,AECI,TEPC,1593648000,29.558,30.623,1
10,6,AECI,TEPC,1594965600,28.443,29.102,1
10,6,AECI,TEPC,1596283200,29.488,29.488,0
10,6,AECI,TEPC,1597600800,31.721,33.466,1
10,6,AECI,TEPC,1598918400,29.414,29.414,0
10,6,AECI,TEPC,1600236000,33.027,33.664,1
10,6,AECI,TEPC,1601553600,29.771,29.771,0
10,6,AECI,TEPC,1602871200,29.148,29.148,0
10,6,AECI,TEPC,1604188800,35.708,36.518,1
10,6,AECI,TEPC,1605506400,30.85,33.985,1
10,6,AECI,TEPC,1606824000,26.518,32.651,1
10,6,AECI,TEPC,1608141600,31.713,31.713,0
10,1,BANC,CISO,1577836800,9.634,9.634,0
10,1,BANC,CISO,1579154400,10.303,10.303,0
10,1,BANC,CISO,1580472000,7.054,7.054,0
10,1,BANC,CISO,1581789600,6.604,6.604,0
10,1,BANC,CISO,1583107200,6.624,6.624,0
10,1,BANC,CISO,1584424800,10.526,10.526,0
10,1,BANC,CISO,1585742400,5.601,5.601,0
10,1,BANC,CISO,1587060000,4.209,4.209,0
10,1,BANC,CISO,1588377600,5.401,5.401,0
10,1,BANC,CISO,1589695200,5.33,5.33,0
10,1,BANC,CISO,1591012800,5.354,5.354,0
10,1,BANC,CISO,1592330400,5.102,5.102,0
10,1,BANC,CISO,1593648000,4.762,4.762,0
10,1,BANC,CISO,1594965600,6.975,6.975,0
10,1,BANC,CISO,1596283200,7.162,7.162,0
10,1,BANC,CISO,1597600800,9.88,9.88,0
10,1,BANC,CISO,1598918400,9.479,9.479,0
10,1,BANC,CISO,1600236000,10.129,10.129,0
10,1,BANC,CISO,1601553600,10.238,10.238,0
10,1,BANC,CISO,1602871200,9.381,9.381,0
10,1,BANC,CISO,1604188800,11.003,11.003,0
10,1,BANC,CISO,1605506400,11.81,11.81,0
10,1,BANC,CISO,1606824000,13.726,13.726,0
10,1,BANC,CISO,1608141600,11.62,11.62,0
10,2,BANC,CISO,1577836800,9.542,9.824,4
10,2,BANC,CISO,1579154400,10.5,10.516,4
10,2,BANC,CISO,1580472000,7.186,7.217,2
10,2,BANC,CISO,1581789600,6.384,6.783,5
10,2,BANC,CISO,1583107200,6.556,6.755,4
10,2,BANC,CISO,1584424800,10.69,10.792,4
10,2,BANC,CISO,1585742400,5.447,5.703,4
10,2,BANC,CISO,1587060000,4.277,4.291,3
10,2,BANC,CISO,1588377600,4.578,5.501,5
10,2,BANC,CISO,1589695200,4.524,5.455,4
10,2,BANC,CISO,1591012800,5.532,5.487,2
10,2,BANC,CISO,1592330400,4.843,5.195,6
10,2,BANC,CISO,1593648000,4.755,4.858,4
10,2,BANC,CISO,1594965600,6.819,7.111,4
10,2,BANC,CISO,1596283200,6.969,7.309,4
10,2,BANC,CISO,1597600800,10.158,10.082,2
10,2,BANC,CISO,1598918400,9.288,9.624,4
10,2,BANC,CISO,1600236000,10.371,10.361,4
10,2,BANC,CISO,1601553600,10.479,10.448,4
10,2,BANC,CISO,1602871200,9.687,9.578,5
10,2,BANC,CISO,1604188800,10.832,11.145,4
10,2,BANC,CISO,1605506400,11.287,12.381,7
10,2,BANC,CISO,1606824000,12.478,14.386,7
10,2,BANC,CISO,1608141600,10.922,12.013,7
10,3,BANC,CISO,1577836800,9.883,9.824,2
10,3,BANC,CISO,1579154400,10.303,10.303,0
10,3,BANC,CISO,1580472000,7.054,7.054,0
10,3,BANC,CISO,1581789600,6.713,6.783,1
10,3,BANC,CISO,1583107200,6.684,6.755,2
10,3,BANC,CISO,1584424800,10.526,10.526,0
10,3,BANC,CISO,1585742400,5.601,5.601,0
10,3,BANC,CISO,1587060000,4.299,4.291,1
10,3,BANC,CISO,1588377600,5.469,5.501,3
10,3,BANC,CISO,1589695200,5.34,5.455,2
10,3,BANC,CISO,1591012800,5.354,5.354,0
10,3,BANC,CISO,1592330400,5.178,5.195,2
10,3,BANC,CISO,1593648000,4.814,4.858,2
10,3,BANC,CISO,1594965600,6.975,6.975,0
10,3,BANC,CISO,1596283200,7.162,7.162,0
10,3,BANC,CISO,1597600800,9.88,9.88,0
10,3,BANC,CISO,1598918400,9.707,9.624,4
10,3,BANC,CISO,1600236000,10.129,10.129,0
10,3,BANC,CISO,1601553600,10.238,10.238,0
10,3,BANC,CISO,1602871200,9.543,9.578,1
10,3,BANC,CISO,1604188800,11.003,11.003,0
10,3,BANC,CISO,1605506400,11.831,12.095,3
10,3,BANC,CISO,1606824000,11.921,14.057,1
10,3,BANC,CISO,1608141600,11.676,11.808,3
10,4,BANC,CISO,1577836800,9.634,9.634,0
10,4,BANC,CISO,1579154400,10.303,10.303,0
10,4,BANC,CISO,1580472000,7.054,7.054,0
10,4,BANC,CISO,1581789600,6.604,6.604,0
10,4,BANC,CISO,1583107200,6.624,6.624,0
10,4,BANC,CISO,1584424800,10.526,10.526,0
10,4,BANC,CISO,1585742400,5.601,5.601,0
10,4,BANC,CISO,1587060000,4.209,4.209,0
10,4,BANC,CISO,1588377600,5.399,5.501,2
10,4,BANC,CISO,1589695200,5.253,5.455,1
10,4,BANC,CISO,1591012800,5.354,5.354,0
10,4,BANC,CISO,1592330400,5.102,5.102,0
10,4,BANC,CISO,1593648000,4.762,4.762,0
10,4,BANC,CISO,1594965600,6.975,6.975,0
10,4,BANC,CISO,1596283200,7.162,7.162,0
10,4,BANC,CISO,1597600800,9.88,9.88,0
10,4,BANC,CISO,1598918400,9.479,9.479,0
10,4,BANC,CISO,1600236000,10.129,10.129,0
10,4,BANC,CISO,1601553600,10.238,10.238,0
10,4,BANC,CISO,1602871200,9.381,9.381,0
10,4,BANC,CISO,1604188800,11.003,11.003,0
10,4,BANC,CISO,1605506400,11.18,12.095,1
10,4,BANC,CISO,1606824000,11.921,14.057,1
10,4,BANC,CISO,1608141600,11.165,11.808,2
10,5,BANC,CISO,1577836800,9.401,9.824,4
10,5,BANC,CISO,1579154400,10.345,10.516,4
10,5,BANC,CISO,1580472000,7.16,7.217,2
10,5,BANC,CISO,1581789600,6.149,6.783,5
10,5,BANC,CISO,1583107200,6.453,6.755,4
10,5,BANC,CISO,1584424800,10.447,10.792,4
10,5,BANC,CISO,1585742400,5.277,5.703,4
10,5,BANC,CISO,1587060000,4.266,4.291,3
10,5,BANC,CISO,1588377600,4.423,5.501,4
10,5,BANC,CISO,1589695200,4.472,5.455,4
10,5,BANC,CISO,1591012800,5.515,5.487,2
10,5,BANC,CISO,1592330400,4.745,5.195,6
10,5,BANC,CISO,1593648000,4.711,4.858,4
10,5,BANC,CISO,1594965600,6.753,7.111,4
10,5,BANC,CISO,1596283200,6.933,7.309,4
10,5,BANC,CISO,1597600800,10.142,10.082,2
10,5,BANC,CISO,1598918400,9.217,9.624,4
10,5,BANC,CISO,1600236000,10.3,10.361,4
10,5,BANC,CISO,1601553600,10.428,10.448,4
10,5,BANC,CISO,1602871200,9.58,9.578,3
10,5,BANC,CISO,1604188800,10.737,11.145,4
10,5,BANC,CISO,1605506400,11.095,12.381,7
10,5,BANC,CISO,1606824000,12.332,14.386,8
10,5,BANC,CISO,1608141600,10.572,12.013,7
10,6,BANC,CISO,1577836800,9.634,9.634,0
10,6,BANC,CISO,1579154400,10.303,10.303,0
10,6,BANC,CISO,1580472000,7.054,7.054,0
10,6,BANC,CISO,1581789600,6.604,6.604,0
10,6,BANC,CISO,1583107200,6.624,6.624,0
10,6,BANC,CISO,1584424800,10.526,10.526,0
10,6,BANC,CISO,1585742400,5.601,5.601,0
10,6,BANC,CISO,1587060000,4.209,4.209,0
10,6,BANC,CISO,1588377600,5.343,5.501,1
10,6,BANC,CISO,1589695200,5.149,5.455,2
10,6,BANC,CISO,1591012800,5.354,5.354,0
10,6,BANC,CISO,1592330400,5.102,5.102,0
10,6,BANC,CISO,1593648000,4.762,4.762,0
10,6,BANC,CISO,1594965600,6.975,6.975,0
10,6,BANC,CISO,1596283200,7.162,7.162,0
10,6,BANC,CISO,1597600800,9.88,9.88,0
10,6,BANC,CISO,1598918400,9.46,9.624,1
10,6,BANC,CISO,1600236000,10.129,10.129,0
10,6,BANC,CISO,1601553600,10.238,10.238,0
10,6,BANC,CISO,1602871200,9.381,9.381,0
10,6,BANC,CISO,1604188800,11.003,11.003,0
10,6,BANC,CISO,1605506400,11.706,12.095,1
10,6,BANC,CISO,1606824000,11.921,14.057,1
10,6,BANC,CISO,1608141600,11.62,11.62,0
10,1,CISO,BANC,1577836800,12.402,12.402,0
10,1,CISO,BANC,1579154400,13.357,13.357,0
10,1,CISO,BANC,1580472000,11.216,11.216,0
10,1,CISO,BANC,1581789600,9.848,9.848,0
10,1,CISO,BANC,1583107200,9.903,9.903,0
10,1,CISO,BANC,1584424800,12.883,12.883,0
10,1,CISO,BANC,1585742400,7.582,7.582,0
10,1,CISO,BANC,1587060000,7.672,7.672,0
10,1,CISO,BANC,1588377600,5.359,5.359,0
10,1,CISO,BANC,1589695200,5.976,5.976,0
10,1,CISO,BANC,1591012800,9.004,9.004,0
10,1,CISO,BANC,1592330400,6.312,6.312,0
10,1,CISO,BANC,1593648000,7.005,7.005,0
10,1,CISO,BANC,1594965600,8.607,8.607,0
10,1,CISO,BANC,1596283200,8.788,8.788,0
10,1,CISO,BANC,1597600800,12.113,12.113,0
10,1,CISO,BANC,1598918400,10.471,10.471,0
10,1,CISO,BANC,1600236000,12.075,12.075,0
10,1,CISO,BANC,1601553600,12.36,12.36,0
10,1,CISO,BANC,1602871200,13.505,13.505,0
10,1,CISO,BANC,1604188800,13.674,13.674,0
10,1,CISO,BANC,1605506400,11.755,11.755,0
10,1,CISO,BANC,1606824000,11.541,11.541,0
10,1,CISO,BANC,1608141600,11.483,11.483,0
10,2,CISO,BANC,1577836800,9.719,12.704,5
10,2,CISO,BANC,1579154400,10.681,13.688,5
10,2,CISO,BANC,1580472000,7.357,11.477,3
10,2,CISO,BANC,1581789600,6.323,9.97,4
10,2,CISO,BANC,1583107200,6.593,10.08,5
10,2,CISO,BANC,1584424800,10.835,13.177,5
10,2,CISO,BANC,1585742400,5.585,7.771,5
10,2,CISO,BANC,1587060000,4.236,7.748,2
10,2,CISO,BANC,1588377600,4.517,5.425,4
10,2,CISO,BANC,1589695200,4.62,6.12,5
10,2,CISO,BANC,1591012800,5.641,9.23,3
10,2,CISO,BANC,1592330400,4.769,6.409,5
10,2,CISO,BANC,1593648000,4.805,7.141,5
10,2,CISO,BANC,1594965600,6.933,8.825,5
10,2,CISO,BANC,1596283200,7.058,8.975,5
10,2,CISO,BANC,1597600800,10.118,12.335,1
10,2,CISO,BANC,1598918400,9.367,10.673,5
10,2,CISO,BANC,1600236000,10.482,12.356,5
10,2,CISO,BANC,1601553600,10.595,12.627,5
10,2,CISO,BANC,1602871200,9.646,13.665,4
10,2,CISO,BANC,1604188800,10.968,13.941,5
10,2,CISO,BANC,1605506400,11.454,12.272,8
10,2,CISO,BANC,1606824000,12.091,11.815,6
10,2,CISO,BANC,1608141600,10.963,11.812,8
10,3,CISO,BANC,1577836800,10.001,12.704,1
10,3,CISO,BANC,1579154400,10.697,13.688,1
10,3,CISO,BANC,1580472000,7.388,11.477,1
10,3,CISO,BANC,1581789600,6.705,9.97,2
10,3,CISO,BANC,1583107200,6.699,10.08,3
10,3,CISO,BANC,1584424800,10.937,13.177,1
10,3,CISO,BANC,1585742400,5.841,7.771,1
10,3,CISO,BANC,1587060000,4.289,7.748,2
10,3,CISO,BANC,1588377600,5.384,5.425,2
10,3,CISO,BANC,1589695200,5.357,6.12,3
10,3,CISO,BANC,1591012800,5.595,9.23,1
10,3,CISO,BANC,1592330400,5.135,6.409,3
10,3,CISO,BANC,1593648000,4.811,7.141,3
10,3,CISO,BANC,1594965600,7.225,8.825,1
10,3,CISO,BANC,1596283200,7.399,8.975,1
10,3,CISO,BANC,1597600800,10.111,12.335,1
10,3,CISO,BANC,1598918400,9.677,10.673,3
10,3,CISO,BANC,1600236000,10.471,12.356,1
10,3,CISO,BANC,1601553600,10.563,12.627,1
10,3,CISO,BANC,1602871200,9.564,13.665,2
10,3,CISO,BANC,1604188800,11.28,13.941,1
10,3,CISO,BANC,1605506400,11.955,12.014,2
10,3,CISO,BANC,1606824000,11.541,11.541,0
10,3,CISO,BANC,1608141600,11.652,11.648,2
10,4,CISO,BANC,1577836800,10.001,12.704,1
10,4,CISO,BANC,1579154400,10.697,13.688,1
10,4,CISO,BANC,1580472000,7.388,11.477,1
10,4,CISO,BANC,1581789600,6.775,9.97,1
10,4,CISO,BANC,1583107200,6.792,10.08,1
10,4,CISO,BANC,1584424800,10.937,13.177,1
10,4,CISO,BANC,1585742400,5.841,7.771,1
10,4,CISO,BANC,1587060000,4.282,7.748,1
10,4,CISO,BANC,1588377600,5.702,5.425,1
10,4,CISO,BANC,1589695200,5.349,6.12,2
10,4,CISO,BANC,1591012800,5.595,9.23,1
10,4,CISO,BANC,1592330400,5.151,6.409,1
10,4,CISO,BANC,1593648000,4.908,7.141,1
10,4,CISO,BANC,1594965600,7.225,8.825,1
10,4,CISO,BANC,1596283200,7.399,8.975,1
10,4,CISO,BANC,1597600800,10.111,12.335,1
10,4,CISO,BANC,1598918400,9.704,10.673,1
10,4,CISO,BANC,1600236000,10.471,12.356,1
10,4,CISO,BANC,1601553600,10.563,12.627,1
10,4,CISO,BANC,1602871200,9.609,13.665,1
10,4,CISO,BANC,1604188800,11.28,13.941,1
10,4,CISO,BANC,1605506400,11.347,12.014,2
10,4,CISO,BANC,1606824000,11.541,11.541,0
10,4,CISO,BANC,1608141600,11.141,11.648,1
10,5,CISO,BANC,1577836800,9.579,12.704,5
10,5,CISO,BANC,1579154400,10.525,13.688,5
10,5,CISO,BANC,1580472000,7.331,11.477,3
10,5,CISO,BANC,1581789600,6.089,9.97,4
10,5,CISO,BANC,1583107200,6.49,10.08,5
10,5,CISO,BANC,1584424800,10.592,13.177,5
10,5,CISO,BANC,1585742400,5.416,7.771,5
10,5,CISO,BANC,1587060000,4.224,7.748,2
10,5,CISO,BANC,1588377600,4.399,5.425,5
10,5,CISO,BANC,1589695200,4.569,6.12,5
10,5,CISO,BANC,1591012800,5.623,9.23,3
10,5,CISO,BANC,1592330400,4.67,6.409,5
10,5,CISO,BANC,1593648000,4.761,7.141,5
10,5,CISO,BANC,1594965600,6.867,8.825,5
10,5,CISO,BANC,1596283200,7.022,8.975,5
10,5,CISO,BANC,1597600800,10.102,12.335,1
10,5,CISO,BANC,1598918400,9.297,10.673,5
10,5,CISO,BANC,1600236000,10.411,12.356,5
10,5,CISO,BANC,1601553600,10.543,12.627,5
10,5,CISO,BANC,1602871200,9.611,13.665,4
10,5,CISO,BANC,1604188800,10.872,13.941,5
10,5,CISO,BANC,1605506400,11.262,12.272,8
10,5,CISO,BANC,1606824000,11.898,11.815,6
10,5,CISO,BANC,1608141600,10.384,11.648,6
10,6,CISO,BANC,1577836800,10.001,12.704,1
10,6,CISO,BANC,1579154400,10.697,13.688,1
10,6,CISO,BANC,1580472000,7.388,11.477,1
10,6,CISO,BANC,1581789600,6.775,9.97,1
10,6,CISO,BANC,1583107200,6.792,10.08,1
10,6,CISO,BANC,1584424800,10.937,13.177,1
10,6,CISO,BANC,1585742400,5.841,7.771,1
10,6,CISO,BANC,1587060000,4.282,7.748,1
10,6,CISO,BANC,1588377600,5.359,5.359,0
10,6,CISO,BANC,1589695200,5.246,6.12,3
10,6,CISO,BANC,1591012800,5.595,9.23,1
10,6,CISO,BANC,1592330400,5.151,6.409,1
10,6,CISO,BANC,1593648000,4.908,7.141,1
10,6,CISO,BANC,1594965600,7.225,8.825,1
10,6,CISO,BANC,1596283200,7.399,8.975,1
10,6,CISO,BANC,1597600800,10.111,12.335,1
10,6,CISO,BANC,1598918400,9.539,10.673,2
10,6,CISO,BANC,1600236000,10.471,12.356,1
10,6,CISO,BANC,1601553600,10.563,12.627,1
10,6,CISO,BANC,1602871200,9.609,13.665,1
10,6,CISO,BANC,1604188800,11.28,13.941,1
10,6,CISO,BANC,1605506400,11.755,11.755,0
10,6,CISO,BANC,1606824000,11.541,11.541,0
10,6,CISO,BANC,1608141600,11.468,11.648,1
10,1,EPE,AECI,1577836800,26.946,26.946,0
10,1,EPE,AECI,1579154400,27.639,27.639,0
10,1,EPE,AECI,1580472000,24.201,24.201,0
10,1,EPE,AECI,1581789600,23.463,23.463,0
10,1,EPE,AECI,1583107200,27.005,27.005,0
10,1,EPE,AECI,1584424800,27.241,27.241,0
10,1,EPE,AECI,1585742400,21.947,21.947,0
10,1,EPE,AECI,1587060000,22.891,22.891,0
10,1,EPE,AECI,1588377600,24.48,24.48,0
10,1,EPE,AECI,1589695200,25.238,25.238,0
10,1,EPE,AECI,1591012800,26.114,26.114,0
10,1,EPE,AECI,1592330400,26.021,26.021,0
10,1,EPE,AECI,1593648000,26.402,26.402,0
10,1,EPE,AECI,1594965600,27.925,27.925,0
10,1,EPE,AECI,1596283200,27.295,27.295,0
10,1,EPE,AECI,1597600800,28.635,28.635,0
10,1,EPE,AECI,1598918400,27.13,27.13,0
10,1,EPE,AECI,1600236000,26.63,26.63,0
10,1,EPE,AECI,1601553600,29.343,29.343,0
10,1,EPE,AECI,1602871200,29.864,29.864,0
10,1,EPE,AECI,1604188800,28.659,28.659,0
10,1,EPE,AECI,1605506400,27.195,27.195,0
10,1,EPE,AECI,1606824000,26.511,26.511,0
10,1,EPE,AECI,1608141600,28.727,28.727,0
10,2,EPE,AECI,1577836800,28.476,28.14,8
10,2,EPE,AECI,1579154400,28.392,28.24,2
10,2,EPE,AECI,1580472000,24.233,24.759,2
10,2,EPE,AECI,1581789600,23.463,23.463,0
10,2,EPE,AECI,1583107200,26.612,27.594,4
10,2,EPE,AECI,1584424800,28.255,28.334,7
10,2,EPE,AECI,1585742400,21.093,22.441,4
10,2,EPE,AECI,1587060000,22.829,23.297,4
10,2,EPE,AECI,1588377600,23.816,24.965,4
10,2,EPE,AECI,1589695200,26.007,26.415,7
10,2,EPE,AECI,1591012800,25.741,27.251,8
10,2,EPE,AECI,1592330400,25.813,26.538,6
10,2,EPE,AECI,1593648000,27.332,26.945,4
10,2,EPE,AECI,1594965600,28.13,28.543,5
10,2,EPE,AECI,1596283200,28.152,27.913,5
10,2,EPE,AECI,1597600800,29.39,29.159,2
10,2,EPE,AECI,1598918400,28.085,27.701,4
10,2,EPE,AECI,1600236000,26.63,26.63,0
10,2,EPE,AECI,1601553600,28.673,30.029,3
10,2,EPE,AECI,1602871200,28.497,30.447,4
10,2,EPE,AECI,1604188800,29.446,29.244,4
10,2,EPE,AECI,1605506400,27.676,27.785,1
10,2,EPE,AECI,1606824000,27.325,27.136,2
10,2,EPE,AECI,1608141600,30.579,29.84,8
10,3,EPE,AECI,1577836800,26.946,26.946,0
10,3,EPE,AECI,1579154400,27.639,27.639,0
10,3,EPE,AECI,1580472000,24.656,24.759,2
10,3,EPE,AECI,1581789600,23.463,23.463,0
10,3,EPE,AECI,1583107200,27.005,27.005,0
10,3,EPE,AECI,1584424800,27.673,27.805,1
10,3,EPE,AECI,1585742400,21.644,22.441,4
10,3,EPE,AECI,1587060000,22.891,22.891,0
10,3,EPE,AECI,1588377600,24.48,24.48,0
10,3,EPE,AECI,1589695200,25.882,25.814,1
10,3,EPE,AECI,1591012800,25.504,26.713,1
10,3,EPE,AECI,1592330400,26.325,26.538,2
10,3,EPE,AECI,1593648000,26.402,26.402,0
10,3,EPE,AECI,1594965600,28.518,28.543,3
10,3,EPE,AECI,1596283200,27.918,27.913,1
10,3,EPE,AECI,1597600800,28.635,28.635,0
10,3,EPE,AECI,1598918400,27.876,27.701,2
10,3,EPE,AECI,1600236000,26.63,26.63,0
10,3,EPE,AECI,1601553600,29.961,30.029,1
10,3,EPE,AECI,1602871200,29.811,30.447,2
10,3,EPE,AECI,1604188800,28.659,28.659,0
10,3,EPE,AECI,1605506400,27.68,27.785,1
10,3,EPE,AECI,1606824000,27.345,27.136,2
10,3,EPE,AECI,1608141600,29.488,29.287,2
10,4,EPE,AECI,1577836800,27.847,27.54,2
10,4,EPE,AECI,1579154400,27.639,27.639,0
10,4,EPE,AECI,1580472000,24.201,24.201,0
10,4,EPE,AECI,1581789600,23.463,23.463,0
10,4,EPE,AECI,1583107200,27.005,27.005,0
10,4,EPE,AECI,1584424800,27.241,27.241,0
10,4,EPE,AECI,1585742400,21.688,22.441,2
10,4,EPE,AECI,1587060000,23.9,23.297,3
10,4,EPE,AECI,1588377600,24.48,24.48,0
10,4,EPE,AECI,1589695200,25.169,25.814,3
10,4,EPE,AECI,1591012800,25.504,26.713,1
10,4,EPE,AECI,1592330400,26.072,26.538,1
10,4,EPE,AECI,1593648000,26.402,26.402,0
10,4,EPE,AECI,1594965600,27.925,27.925,0
10,4,EPE,AECI,1596283200,27.295,27.295,0
10,4,EPE,AECI,1597600800,28.635,28.635,0
10,4,EPE,AECI,1598918400,27.13,27.13,0
10,4,EPE,AECI,1600236000,26.63,26.63,0
10,4,EPE,AECI,1601553600,29.759,30.029,1
10,4,EPE,AECI,1602871200,30.115,30.447,2
10,4,EPE,AECI,1604188800,28.659,28.659,0
10,4,EPE,AECI,1605506400,27.195,27.195,0
10,4,EPE,AECI,1606824000,26.511,26.511,0
10,4,EPE,AECI,1608141600,28.727,28.727,0
10,5,EPE,AECI,1577836800,28.331,28.14,8
10,5,EPE,AECI,1579154400,28.315,28.24,2
10,5,EPE,AECI,1580472000,24.203,24.759,2
10,5,EPE,AECI,1581789600,23.463,23.463,0
10,5,EPE,AECI,1583107200,26.446,27.594,4
10,5,EPE,AECI,1584424800,28.178,28.334,7
10,5,EPE,AECI,1585742400,21.012,22.441,4
10,5,EPE,AECI,1587060000,22.789,23.297,5
10,5,EPE,AECI,1588377600,23.697,24.965,4
10,5,EPE,AECI,1589695200,25.841,26.415,7
10,5,EPE,AECI,1591012800,24.812,26.713,6
10,5,EPE,AECI,1592330400,25.601,26.538,6
10,5,EPE,AECI,1593648000,27.194,26.945,4
10,5,EPE,AECI,1594965600,27.96,28.543,5
10,5,EPE,AECI,1596283200,27.904,27.913,4
10,5,EPE,AECI,1597600800,29.34,29.159,2
10,5,EPE,AECI,1598918400,28.152,27.701,5
10,5,EPE,AECI,1600236000,27.307,27.225,1
10,5,EPE,AECI,1601553600,28.561,30.029,3
10,5,EPE,AECI,1602871200,28.438,30.447,4
10,5,EPE,AECI,1604188800,29.34,29.244,4
10,5,EPE,AECI,1605506400,27.665,27.785,1
10,5,EPE,AECI,1606824000,27.31,27.136,2
10,5,EPE,AECI,1608141600,30.591,29.84,9
10,6,EPE,AECI,1577836800,26.946,26.946,0
10,6,EPE,AECI,1579154400,27.639,27.639,0
10,6,EPE,AECI,1580472000,24.187,24.759,1
10,6,EPE,AECI,1581789600,23.463,23.463,0
10,6,EPE,AECI,1583107200,27.005,27.005,0
10,6,EPE,AECI,1584424800,27.241,27.241,0
10,6,EPE,AECI,1585742400,21.843,22.441,1
10,6,EPE,AECI,1587060000,22.891,22.891,0
10,6,EPE,AECI,1588377600,24.48,24.48,0
10,6,EPE,AECI,1589695200,25.238,25.238,0
10,6,EPE,AECI,1591012800,25.504,26.713,1
10,6,EPE,AECI,1592330400,25.971,26.538,1
10,6,EPE,AECI,1593648000,26.402,26.402,0
10,6,EPE,AECI,1594965600,27.925,27.925,0
10,6,EPE,AECI,1596283200,27.295,27.295,0
10,6,EPE,AECI,1597600800,28.635,28.635,0
10,6,EPE,AECI,1598918400,27.13,27.13,0
10,6,EPE,AECI,1600236000,26.63,26.63,0
10,6,EPE,AECI,1601553600,29.216,30.029,1
10,6,EPE,AECI,1602871200,29.802,30.447,1
10,6,EPE,AECI,1604188800,28.659,28.659,0
10,6,EPE,AECI,1605506400,27.195,27.195,0
10,6,EPE,AECI,1606824000,26.511,26.511,0
10,6,EPE,AECI,1608141600,28.727,28.727,0
10,1,EPE,PSCO,1577836800,26.946,26.946,0
10,1,EPE,PSCO,1579154400,27.639,27.639,0
10,1,EPE,PSCO,1580472000,24.201,24.201,0
10,1,EPE,PSCO,1581789600,23.463,23.463,0
10,1,EPE,PSCO,1583107200,27.005,27.005,0
10,1,EPE,PSCO,1584424800,27.241,27.241,0
10,1,EPE,PSCO,1585742400,21.947,21.947,0
10,1,EPE,PSCO,1587060000,22.891,22.891,0
10,1,EPE,PSCO,1588377600,24.48,24.48,0
10,1,EPE,PSCO,1589695200,25.238,25.238,0
10,1,EPE,PSCO,1591012800,26.114,26.114,0
10,1,EPE,PSCO,1592330400,26.021,26.021,0
10,1,EPE,PSCO,1593648000,26.402,26.402,0
10,1,EPE,PSCO,1594965600,27.925,27.925,0
10,1,EPE,PSCO,1596283200,27.295,27.295,0
10,1,EPE,PSCO,1597600800,28.635,28.635,0
10,1,EPE,PSCO,1598918400,27.13,27.13,0
10,1,EPE,PSCO,1600236000,26.63,26.63,0
10,1,EPE,PSCO,1601553600,29.343,29.343,0
10,1,EPE,PSCO,1602871200,29.864,29.864,0
10,1,EPE,PSCO,1604188800,28.659,28.659,0
10,1,EPE,PSCO,1605506400,27.195,27.195,0
10,1,EPE,PSCO,1606824000,26.511,26.511,0
10,1,EPE,PSCO,1608141600,28.727,28.727,0
10,2,EPE,PSCO,1577836800,26.416,27.54,4
10,2,EPE,PSCO,1579154400,23.436,28.24,5
10,2,EPE,PSCO,1580472000,23.643,25.314,9
10,2,EPE,PSCO,1581789600,24.132,23.904,5
10,2,EPE,PSCO,1583107200,26.514,27.594,5
10,2,EPE,PSCO,1584424800,27.792,27.805,6
10,2,EPE,PSCO,1585742400,22.032,22.441,2
10,2,EPE,PSCO,1587060000,23.268,23.297,2
10,2,EPE,PSCO,1588377600,24.794,25.485,7
10,2,EPE,PSCO,1589695200,22.615,25.814,3
10,2,EPE,PSCO,1591012800,27.147,26.713,4
10,2,EPE,PSCO,1592330400,24.01,26.538,3
10,2,EPE,PSCO,1593648000,24.322,26.945,5
10,2,EPE,PSCO,1594965600,27.516,28.543,5
10,2,EPE,PSCO,1596283200,26.15,27.913,5
10,2,EPE,PSCO,1597600800,25.672,29.159,4
10,2,EPE,PSCO,1598918400,27.629,27.701,2
10,2,EPE,PSCO,1600236000,23.492,27.225,5
10,2,EPE,PSCO,1601553600,27.105,30.701,7
10,2,EPE,PSCO,1602871200,27.601,30.447,6
10,2,EPE,PSCO,1604188800,28.979,29.244,6
10,2,EPE,PSCO,1605506400,26.37,27.785,5
10,2,EPE,PSCO,1606824000,20.283,27.136,1
10,2,EPE,PSCO,1608141600,23.621,29.287,1
10,3,EPE,PSCO,1577836800,27.753,27.54,4
10,3,EPE,PSCO,1579154400,23.043,28.24,1
10,3,EPE,PSCO,1580472000,22.759,24.759,1
10,3,EPE,PSCO,1581789600,23.88,23.904,1
10,3,EPE,PSCO,1583107200,26.737,27.594,1
10,3,EPE,PSCO,1584424800,27.847,27.805,2
10,3,EPE,PSCO,1585742400,21.947,21.947,0
10,3,EPE,PSCO,1587060000,22.891,22.891,0
10,3,EPE,PSCO,1588377600,24.48,24.48,0
10,3,EPE,PSCO,1589695200,23.663,25.814,1
10,3,EPE,PSCO,1591012800,26.114,26.114,0
10,3,EPE,PSCO,1592330400,24.58,26.538,1
10,3,EPE,PSCO,1593648000,24.669,26.945,3
10,3,EPE,PSCO,1594965600,28.346,28.543,1
10,3,EPE,PSCO,1596283200,27.36,27.913,1
10,3,EPE,PSCO,1597600800,25.701,29.159,2
10,3,EPE,PSCO,1598918400,27.13,27.13,0
10,3,EPE,PSCO,1600236000,23.828,27.225,1
10,3,EPE,PSCO,1601553600,26.754,30.029,1
10,3,EPE,PSCO,1602871200,27.892,30.447,2
10,3,EPE,PSCO,1604188800,28.659,28.659,0
10,3,EPE,PSCO,1605506400,27.568,27.785,3
10,3,EPE,PSCO,1606824000,20.283,27.136,1
10,3,EPE,PSCO,1608141600,23.621,29.287,1
10,4,EPE,PSCO,1577836800,26.965,27.54,2
10,4,EPE,PSCO,1579154400,23.043,28.24,1
10,4,EPE,PSCO,1580472000,22.759,24.759,1
10,4,EPE,PSCO,1581789600,23.463,23.463,0
10,4,EPE,PSCO,1583107200,26.417,27.594,1
10,4,EPE,PSCO,1584424800,27.241,27.241,0
10,4,EPE,PSCO,1585742400,21.947,21.947,0
10,4,EPE,PSCO,1587060000,22.891,22.891,0
10,4,EPE,PSCO,1588377600,25.17,24.965,3
10,4,EPE,PSCO,1589695200,23.323,25.814,1
10,4,EPE,PSCO,1591012800,26.114,26.114,0
10,4,EPE,PSCO,1592330400,25.132,26.538,2
10,4,EPE,PSCO,1593648000,24.651,26.945,1
10,4,EPE,PSCO,1594965600,27.925,27.925,0
10,4,EPE,PSCO,1596283200,26.128,27.913,1
10,4,EPE,PSCO,1597600800,26.023,29.159,2
10,4,EPE,PSCO,1598918400,29.172,27.701,1
10,4,EPE,PSCO,1600236000,23.828,27.225,1
10,4,EPE,PSCO,1601553600,26.754,30.029,1
10,4,EPE,PSCO,1602871200,28.004,30.447,1
10,4,EPE,PSCO,1604188800,28.659,28.659,0
10,4,EPE,PSCO,1605506400,27.739,27.785,1
10,4,EPE,PSCO,1606824000,20.283,27.136,1
10,4,EPE,PSCO,1608141600,23.621,29.287,1
10,5,EPE,PSCO,1577836800,26.27,27.54,4
10,5,EPE,PSCO,1579154400,23.185,28.24,5
10,5,EPE,PSCO,1580472000,23.543,25.314,9
10,5,EPE,PSCO,1581789600,24.124,23.904,6
10,5,EPE,PSCO,1583107200,26.352,27.594,5
10,5,EPE,PSCO,1584424800,27.668,27.805,6
10,5,EPE,PSCO,1585742400,21.88,22.441,2
10,5,EPE,PSCO,1587060000,23.214,23.297,2
10,5,EPE,PSCO,1588377600,24.622,25.485,7
10,5,EPE,PSCO,1589695200,22.548,25.814,3
10,5,EPE,PSCO,1591012800,26.86,26.713,2
10,5,EPE,PSCO,1592330400,23.93,26.538,4
10,5,EPE,PSCO,1593648000,24.229,26.945,5
10,5,EPE,PSCO,1594965600,27.413,28.543,5
10,5,EPE,PSCO,1596283200,26.092,27.913,5
10,5,EPE,PSCO,1597600800,25.611,29.159,4
10,5,EPE,PSCO,1598918400,27.596,27.701,2
10,5,EPE,PSCO,1600236000,23.373,27.225,5
10,5,EPE,PSCO,1601553600,26.859,30.701,7
10,5,EPE,PSCO,1602871200,27.486,30.447,6
10,5,EPE,PSCO,1604188800,29.5,29.832,7
10,5,EPE,PSCO,1605506400,26.304,27.785,5
10,5,EPE,PSCO,1606824000,20.283,27.136,1
10,5,EPE,PSCO,1608141600,23.621,29.287,1
10,6,EPE,PSCO,1577836800,26.904,27.54,1
10,6,EPE,PSCO,1579154400,23.043,28.24,1
10,6,EPE,PSCO,1580472000,22.759,24.759,1
10,6,EPE,PSCO,1581789600,23.463,23.463,0
10,6,EPE,PSCO,1583107200,26.737,27.594,1
10,6,EPE,PSCO,1584424800,27.241,27.241,0
10,6,EPE,PSCO,1585742400,21.947,21.947,0
10,6,EPE,PSCO,1587060000,22.891,22.891,0
10,6,EPE,PSCO,1588377600,24.48,24.48,0
10,6,EPE,PSCO,1589695200,23.663,25.814,1
10,6,EPE,PSCO,1591012800,26.114,26.114,0
10,6,EPE,PSCO,1592330400,24.58,26.538,1
10,6,EPE,PSCO,1593648000,24.651,26.945,1
10,6,EPE,PSCO,1594965600,27.925,27.925,0
10,6,EPE,PSCO,1596283200,27.26,27.913,1
10,6,EPE,PSCO,1597600800,25.939,29.159,1
10,6,EPE,PSCO,1598918400,27.13,27.13,0
10,6,EPE,PSCO,1600236000,23.828,27.225,1
10,6,EPE,PSCO,1601553600,26.754,30.029,1
10,6,EPE,PSCO,1602871200,28.004,30.447,1
10,6,EPE,PSCO,1604188800,28.659,28.659,0
10,6,EPE,PSCO,1605506400,27.088,27.785,1
10,6,EPE,PSCO,1606824000,20.283,27.136,1
10,6,EPE,PSCO,1608141600,23.621,29.287,1
10,1,PACE,AECI,1577836800,29.606,29.606,0
10,1,PACE,AECI,1579154400,31.258,31.258,0
10,1,PACE,AECI,1580472000,26.441,26.441,0
10,1,PACE,AECI,1581789600,26.244,26.244,0
10,1,PACE,AECI,1583107200,27.863,27.863,0
10,1,PACE,AECI,1584424800,33.66,33.66,0
10,1,PACE,AECI,1585742400,30.11,30.11,0
10,1,PACE,AECI,1587060000,29.92,29.92,0
10,1,PACE,AECI,1588377600,26.092,26.092,0
10,1,PACE,AECI,1589695200,29.135,29.135,0
10,1,PACE,AECI,1591012800,30.797,30.797,0
10,1,PACE,AECI,1592330400,26.769,26.769,0
10,1,PACE,AECI,1593648000,28.187,28.187,0
10,1,PACE,AECI,1594965600,26.382,26.382,0
10,1,PACE,AECI,1596283200,31.055,31.055,0
10,1,PACE,AECI,1597600800,33.719,33.719,0
10,1,PACE,AECI,1598918400,31.987,31.987,0
10,1,PACE,AECI,1600236000,34.388,34.388,0
10,1,PACE,AECI,1601553600,33.411,33.411,0
10,1,PACE,AECI,1602871200,28.206,28.206,0
10,1,PACE,AECI,1604188800,34.413,34.413,0
10,1,PACE,AECI,1605506400,30.768,30.768,0
10,1,PACE,AECI,1606824000,32.138,32.138,0
10,1,PACE,AECI,1608141600,29.524,29.524,0
10,2,PACE,AECI,1577836800,28.076,30.229,3
10,2,PACE,AECI,1579154400,31.599,32.589,7
10,2,PACE,AECI,1580472000,26.177,27.027,3
10,2,PACE,AECI,1581789600,26.769,26.764,2
10,2,PACE,AECI,1583107200,25.862,28.414,4
10,2,PACE,AECI,1584424800,29.013,34.478,3
10,2,PACE,AECI,1585742400,22.021,30.789,1
10,2,PACE,AECI,1587060000,24.265,30.442,3
10,2,PACE,AECI,1588377600,23.021,26.489,4
10,2,PACE,AECI,1589695200,26.167,29.807,5
10,2,PACE,AECI,1591012800,25.347,31.508,3
10,2,PACE,AECI,1592330400,24.163,27.372,3
10,2,PACE,AECI,1593648000,27.716,28.795,4
10,2,PACE,AECI,1594965600,27.762,27.766,7
10,2,PACE,AECI,1596283200,30.927,32.418,7
10,2,PACE,AECI,1597600800,35.065,35.019,11
10,2,PACE,AECI,1598918400,30.246,32.555,4
10,2,PACE,AECI,1600236000,33.354,35.088,5
10,2,PACE,AECI,1601553600,30.52,34.231,5
10,2,PACE,AECI,1602871200,26.968,28.69,4
10,2,PACE,AECI,1604188800,33.562,35.105,4
10,2,PACE,AECI,1605506400,30.924,31.369,3
10,2,PACE,AECI,1606824000,31.863,32.813,5
10,2,PACE,AECI,1608141600,31.014,30.834,7
10,3,PACE,AECI,1577836800,28.581,30.229,3
10,3,PACE,AECI,1579154400,31.063,31.932,3
10,3,PACE,AECI,1580472000,26.778,27.027,1
10,3,PACE,AECI,1581789600,26.244,26.244,0
10,3,PACE,AECI,1583107200,27.863,27.863,0
10,3,PACE,AECI,1584424800,29.158,34.478,1
10,3,PACE,AECI,1585742400,22.021,30.789,1
10,3,PACE,AECI,1587060000,24.523,30.442,1
10,3,PACE,AECI,1588377600,25.556,26.489,2
10,3,PACE,AECI,1589695200,26.641,29.807,3
10,3,PACE,AECI,1591012800,25.612,31.508,1
10,3,PACE,AECI,1592330400,26.387,27.372,1
10,3,PACE,AECI,1593648000,28.187,28.187,0
10,3,PACE,AECI,1594965600,26.735,27.086,1
10,3,PACE,AECI,1596283200,30.311,31.767,1
10,3,PACE,AECI,1597600800,33.7,34.373,4
10,3,PACE,AECI,1598918400,30.223,32.555,4
10,3,PACE,AECI,1600236000,33.839,35.088,3
10,3,PACE,AECI,1601553600,30.714,34.231,1
10,3,PACE,AECI,1602871200,28.452,28.69,6
10,3,PACE,AECI,1604188800,34.956,35.105,2
10,3,PACE,AECI,1605506400,31.066,31.369,1
10,3,PACE,AECI,1606824000,32.651,32.813,5
10,3,PACE,AECI,1608141600,29.942,30.18,1
10,4,PACE,AECI,1577836800,28.623,30.229,1
10,4,PACE,AECI,1579154400,30.788,31.932,2
10,4,PACE,AECI,1580472000,26.022,27.027,1
10,4,PACE,AECI,1581789600,27.471,26.764,1
10,4,PACE,AECI,1583107200,27.181,28.414,2
10,4,PACE,AECI,1584424800,29.158,34.478,1
10,4,PACE,AECI,1585742400,22.021,30.789,1
10,4,PACE,AECI,1587060000,24.523,30.442,1
10,4,PACE,AECI,1588377600,24.691,26.489,3
10,4,PACE,AECI,1589695200,26.657,29.807,1
10,4,PACE,AECI,1591012800,25.612,31.508,1
10,4,PACE,AECI,1592330400,26.765,27.372,1
10,4,PACE,AECI,1593648000,29.172,28.795,1
10,4,PACE,AECI,1594965600,27.193,27.086,2
10,4,PACE,AECI,1596283200,30.311,31.767,1
10,4,PACE,AECI,1597600800,33.711,34.373,2
10,4,PACE,AECI,1598918400,30.127,32.555,1
10,4,PACE,AECI,1600236000,33.931,35.088,1
10,4,PACE,AECI,1601553600,30.714,34.231,1
10,4,PACE,AECI,1602871200,28.206,28.206,0
10,4,PACE,AECI,1604188800,34.781,35.105,1
10,4,PACE,AECI,1605506400,31.659,31.369,1
10,4,PACE,AECI,1606824000,32.737,32.813,2
10,4,PACE,AECI,1608141600,30.148,30.18,2
10,5,PACE,AECI,1577836800,28.005,30.229,3
10,5,PACE,AECI,1579154400,31.524,32.589,7
10,5,PACE,AECI,1580472000,26.158,27.027,4
10,5,PACE,AECI,1581789600,26.697,26.764,2
10,5,PACE,AECI,1583107200,25.811,28.414,4
10,5,PACE,AECI,1584424800,28.904,34.478,3
10,5,PACE,AECI,1585742400,22.021,30.789,1
10,5,PACE,AECI,1587060000,24.223,30.442,3
10,5,PACE,AECI,1588377600,22.875,26.489,4
10,5,PACE,AECI,1589695200,25.963,29.807,5
10,5,PACE,AECI,1591012800,25.279,31.508,3
10,5,PACE,AECI,1592330400,23.973,27.372,3
10,5,PACE,AECI,1593648000,27.514,28.795,4
10,5,PACE,AECI,1594965600,27.59,27.766,7
10,5,PACE,AECI,1596283200,30.922,32.418,8
10,5,PACE,AECI,1597600800,34.792,35.019,11
10,5,PACE,AECI,1598918400,30.293,32.555,5
10,5,PACE,AECI,1600236000,33.143,35.088,5
10,5,PACE,AECI,1601553600,30.333,34.231,5
10,5,PACE,AECI,1602871200,26.83,28.69,4
10,5,PACE,AECI,1604188800,33.565,35.105,5
10,5,PACE,AECI,1605506400,30.813,31.369,3
10,5,PACE,AECI,1606824000,31.845,32.813,6
10,5,PACE,AECI,1608141600,30.927,30.834,7
10,6,PACE,AECI,1577836800,28.623,30.229,1
10,6,PACE,AECI,1579154400,31.065,31.932,1
10,6,PACE,AECI,1580472000,26.383,27.027,1
10,6,PACE,AECI,1581789600,26.244,26.244,0
10,6,PACE,AECI,1583107200,27.863,27.863,0
10,6,PACE,AECI,1584424800,29.158,34.478,1
10,6,PACE,AECI,1585742400,22.021,30.789,1
10,6,PACE,AECI,1587060000,24.523,30.442,1
10,6,PACE,AECI,1588377600,25.209,26.489,2
10,6,PACE,AECI,1589695200,26.657,29.807,1
10,6,PACE,AECI,1591012800,25.612,31.508,1
10,6,PACE,AECI,1592330400,26.387,27.372,1
10,6,PACE,AECI,1593648000,28.187,28.187,0
10,6,PACE,AECI,1594965600,26.382,26.382,0
10,6,PACE,AECI,1596283200,30.311,31.767,1
10,6,PACE,AECI,1597600800,33.587,34.373,1
10,6,PACE,AECI,1598918400,30.127,32.555,1
10,6,PACE,AECI,1600236000,33.931,35.088,1
10,6,PACE,AECI,1601553600,30.714,34.231,1
10,6,PACE,AECI,1602871200,28.137,28.69,1
10,6,PACE,AECI,1604188800,34.413,34.413,0
10,6,PACE,AECI,1605506400,30.768,30.768,0
10,6,PACE,AECI,1606824000,32.138,32.138,0
10,6,PACE,AECI,1608141600,29.524,29.524,0
10,1,PACE,PSCO,1577836800,29.606,29.606,0
10,1,PACE,PSCO,1579154400,31.258,31.258,0
10,1,PACE,PSCO,1580472000,26.441,26.441,0
10,1,PACE,PSCO,1581789600,26.244,26.244,0
10,1,PACE,PSCO,1583107200,27.863,27.863,0
10,1,PACE,PSCO,1584424800,33.66,33.66,0
10,1,PACE,PSCO,1585742400,30.11,30.11,0
10,1,PACE,PSCO,1587060000,29.92,29.92,0
10,1,PACE,PSCO,1588377600,26.092,26.092,0
10,1,PACE,PSCO,1589695200,29.135,29.135,0
10,1,PACE,PSCO,1591012800,30.797,30.797,0
10,1,PACE,PSCO,1592330400,26.769,26.769,0
10,1,PACE,PSCO,1593648000,28.187,28.187,0
10,1,PACE,PSCO,1594965600,26.382,26.382,0
10,1,PACE,PSCO,1596283200,31.055,31.055,0
10,1,PACE,PSCO,1597600800,33.719,33.719,0
10,1,PACE,PSCO,1598918400,31.987,31.987,0
10,1,PACE,PSCO,1600236000,34.388,34.388,0
10,1,PACE,PSCO,1601553600,33.411,33.411,0
10,1,PACE,PSCO,1602871200,28.206,28.206,0
10,1,PACE,PSCO,1604188800,34.413,34.413,0
10,1,PACE,PSCO,1605506400,30.768,30.768,0
10,1,PACE,PSCO,1606824000,32.138,32.138,0
10,1,PACE,PSCO,1608141600,29.524,29.524,0
10,2,PACE,PSCO,1577836800,28.026,30.229,6
10,2,PACE,PSCO,1579154400,24.349,32.589,7
10,2,PACE,PSCO,1580472000,23.057,27.027,5
10,2,PACE,PSCO,1581789600,25.811,26.764,5
10,2,PACE,PSCO,1583107200,27.726,28.997,9
10,2,PACE,PSCO,1584424800,30.534,34.478,3
10,2,PACE,PSCO,1585742400,26.966,30.789,5
10,2,PACE,PSCO,1587060000,29.178,30.95,8
10,2,PACE,PSCO,1588377600,23.691,26.489,6
10,2,PACE,PSCO,1589695200,23.454,29.807,3
10,2,PACE,PSCO,1591012800,29.412,31.508,3
10,2,PACE,PSCO,1592330400,22.487,27.372,3
10,2,PACE,PSCO,1593648000,23.85,28.795,5
10,2,PACE,PSCO,1594965600,27.537,27.766,9
10,2,PACE,PSCO,1596283200,27.464,31.767,5
10,2,PACE,PSCO,1597600800,26.064,34.373,1
10,2,PACE,PSCO,1598918400,31.65,32.555,6
10,2,PACE,PSCO,1600236000,24.045,35.088,1
10,2,PACE,PSCO,1601553600,27.299,34.231,5
10,2,PACE,PSCO,1602871200,26.298,28.69,4
10,2,PACE,PSCO,1604188800,31.06,35.105,3
10,2,PACE,PSCO,1605506400,27.66,31.369,5
10,2,PACE,PSCO,1606824000,20.466,32.813,1
10,2,PACE,PSCO,1608141600,23.665,30.18,1
10,3,PACE,PSCO,1577836800,27.679,30.229,2
10,3,PACE,PSCO,1579154400,23.243,31.932,1
10,3,PACE,PSCO,1580472000,22.792,27.027,1
10,3,PACE,PSCO,1581789600,26.563,26.764,1
10,3,PACE,PSCO,1583107200,26.913,28.414,3
10,3,PACE,PSCO,1584424800,30.205,34.478,1
10,3,PACE,PSCO,1585742400,26.961,30.789,1
10,3,PACE,PSCO,1587060000,28.858,30.442,2
10,3,PACE,PSCO,1588377600,24.933,26.489,2
10,3,PACE,PSCO,1589695200,23.818,29.807,1
10,3,PACE,PSCO,1591012800,30.297,31.508,1
10,3,PACE,PSCO,1592330400,24.544,27.372,1
10,3,PACE,PSCO,1593648000,24.655,28.795,3
10,3,PACE,PSCO,1594965600,26.788,27.086,1
10,3,PACE,PSCO,1596283200,27.489,31.767,1
10,3,PACE,PSCO,1597600800,26.064,34.373,1
10,3,PACE,PSCO,1598918400,32.116,32.555,2
10,3,PACE,PSCO,1600236000,24.045,35.088,1
10,3,PACE,PSCO,1601553600,26.941,34.231,1
10,3,PACE,PSCO,1602871200,27.598,28.69,4
10,3,PACE,PSCO,1604188800,31.012,35.105,1
10,3,PACE,PSCO,1605506400,27.694,31.369,1
10,3,PACE,PSCO,1606824000,20.466,32.813,1
10,3,PACE,PSCO,1608141600,23.665,30.18,1
10,4,PACE,PSCO,1577836800,27.708,30.229,1
10,4,PACE,PSCO,1579154400,23.243,31.932,1
10,4,PACE,PSCO,1580472000,22.792,27.027,1
10,4,PACE,PSCO,1581789600,26.124,26.764,1
10,4,PACE,PSCO,1583107200,26.941,28.414,1
10,4,PACE,PSCO,1584424800,30.205,34.478,1
10,4,PACE,PSCO,1585742400,26.961,30.789,1
10,4,PACE,PSCO,1587060000,28.881,30.442,1
10,4,PACE,PSCO,1588377600,25.857,26.489,3
10,4,PACE,PSCO,1589695200,23.818,29.807,1
10,4,PACE,PSCO,1591012800,29.992,31.508,1
10,4,PACE,PSCO,1592330400,26.195,27.372,3
10,4,PACE,PSCO,1593648000,24.551,28.795,1
10,4,PACE,PSCO,1594965600,26.612,27.086,1
10,4,PACE,PSCO,1596283200,27.489,31.767,1
10,4,PACE,PSCO,1597600800,26.064,34.373,1
10,4,PACE,PSCO,1598918400,32.261,32.555,3
10,4,PACE,PSCO,1600236000,24.045,35.088,1
10,4,PACE,PSCO,1601553600,26.941,34.231,1
10,4,PACE,PSCO,1602871200,28.061,28.69,3
10,4,PACE,PSCO,1604188800,31.012,35.105,1
10,4,PACE,PSCO,1605506400,27.694,31.369,1
10,4,PACE,PSCO,1606824000,20.466,32.813,1
10,4,PACE,PSCO,1608141600,23.665,30.18,1
10,5,PACE,PSCO,1577836800,27.837,30.229,6
10,5,PACE,PSCO,1579154400,24.156,32.589,7
10,5,PACE,PSCO,1580472000,22.919,27.027,5
10,5,PACE,PSCO,1581789600,25.679,26.764,5
10,5,PACE,PSCO,1583107200,27.482,28.997,9
10,5,PACE,PSCO,1584424800,30.423,34.478,3
10,5,PACE,PSCO,1585742400,26.73,30.789,5
10,5,PACE,PSCO,1587060000,28.974,30.95,8
10,5,PACE,PSCO,1588377600,24.035,26.958,7
10,5,PACE,PSCO,1589695200,23.308,29.807,3
10,5,PACE,PSCO,1591012800,29.372,31.508,3
10,5,PACE,PSCO,1592330400,22.362,27.372,3
10,5,PACE,PSCO,1593648000,23.684,28.795,5
10,5,PACE,PSCO,1594965600,27.307,27.766,9
10,5,PACE,PSCO,1596283200,27.398,31.767,5
10,5,PACE,PSCO,1597600800,26.064,34.373,1
10,5,PACE,PSCO,1598918400,32.233,33.175,7
10,5,PACE,PSCO,1600236000,24.045,35.088,1
10,5,PACE,PSCO,1601553600,27.11,34.231,5
10,5,PACE,PSCO,1602871200,26.183,28.69,4
10,5,PACE,PSCO,1604188800,31.02,35.105,3
10,5,PACE,PSCO,1605506400,27.553,31.369,5
10,5,PACE,PSCO,1606824000,20.466,32.813,1
10,5,PACE,PSCO,1608141600,23.665,30.18,1
10,6,PACE,PSCO,1577836800,27.708,30.229,1
10,6,PACE,PSCO,1579154400,23.243,31.932,1
10,6,PACE,PSCO,1580472000,22.792,27.027,1
10,6,PACE,PSCO,1581789600,26.124,26.764,1
10,6,PACE,PSCO,1583107200,26.941,28.414,1
10,6,PACE,PSCO,1584424800,30.205,34.478,1
10,6,PACE,PSCO,1585742400,26.961,30.789,1
10,6,PACE,PSCO,1587060000,28.881,30.442,1
10,6,PACE,PSCO,1588377600,24.749,26.489,2
10,6,PACE,PSCO,1589695200,23.818,29.807,1
10,6,PACE,PSCO,1591012800,30.297,31.508,1
10,6,PACE,PSCO,1592330400,24.544,27.372,1
10,6,PACE,PSCO,1593648000,24.551,28.795,1
10,6,PACE,PSCO,1594965600,26.382,26.382,0
10,6,PACE,PSCO,1596283200,27.489,31.767,1
10,6,PACE,PSCO,1597600800,26.064,34.373,1
10,6,PACE,PSCO,1598918400,31.987,31.987,0
10,6,PACE,PSCO,1600236000,24.045,35.088,1
10,6,PACE,PSCO,1601553600,26.941,34.231,1
10,6,PACE,PSCO,1602871200,27.122,28.69,2
10,6,PACE,PSCO,1604188800,31.012,35.105,1
10,6,PACE,PSCO,1605506400,27.694,31.369,1
10,6,PACE,PSCO,1606824000,20.466,32.813,1
10,6,PACE,PSCO,1608141600,23.665,30.18,1
10,1,PSCO,EPE,1577836800,26.907,26.907,0
10,1,PSCO,EPE,1579154400,22.413,22.413,0
10,1,PSCO,EPE,1580472000,22.109,22.109,0
10,1,PSCO,EPE,1581789600,27.813,27.813,0
10,1,PSCO,EPE,1583107200,26.075,26.075,0
10,1,PSCO,EPE,1584424800,29.473,29.473,0
10,1,PSCO,EPE,1585742400,26.226,26.226,0
10,1,PSCO,EPE,1587060000,28.177,28.177,0
10,1,PSCO,EPE,1588377600,24.541,24.541,0
10,1,PSCO,EPE,1589695200,23.284,23.284,0
10,1,PSCO,EPE,1591012800,29.454,29.454,0
10,1,PSCO,EPE,1592330400,23.999,23.999,0
10,1,PSCO,EPE,1593648000,24.018,24.018,0
10,1,PSCO,EPE,1594965600,28.389,28.389,0
10,1,PSCO,EPE,1596283200,26.947,26.947,0
10,1,PSCO,EPE,1597600800,25.294,25.294,0
10,1,PSCO,EPE,1598918400,31.306,31.306,0
10,1,PSCO,EPE,1600236000,23.203,23.203,0
10,1,PSCO,EPE,1601553600,26.023,26.023,0
10,1,PSCO,EPE,1602871200,27.041,27.041,0
10,1,PSCO,EPE,1604188800,30.123,30.123,0
10,1,PSCO,EPE,1605506400,27.111,27.111,0
10,1,PSCO,EPE,1606824000,19.648,19.648,0
10,1,PSCO,EPE,1608141600,23.039,23.039,0
10,2,PSCO,EPE,1577836800,26.511,27.578,5
10,2,PSCO,EPE,1579154400,23.246,22.853,4
10,2,PSCO,EPE,1580472000,23.456,23.037,8
10,2,PSCO,EPE,1581789600,24.402,28.249,6
10,2,PSCO,EPE,1583107200,26.36,26.582,4
10,2,PSCO,EPE,1584424800,28.585,30.63,7
10,2,PSCO,EPE,1585742400,22.294,26.863,3
10,2,PSCO,EPE,1587060000,23.55,28.779,3
10,2,PSCO,EPE,1588377600,24.277,24.988,6
10,2,PSCO,EPE,1589695200,22.8,23.634,4
10,2,PSCO,EPE,1591012800,27.038,30.08,3
10,2,PSCO,EPE,1592330400,23.913,24.482,2
10,2,PSCO,EPE,1593648000,24.159,24.488,4
10,2,PSCO,EPE,1594965600,27.336,28.852,4
10,2,PSCO,EPE,1596283200,26.365,27.353,6
10,2,PSCO,EPE,1597600800,25.837,25.908,5
10,2,PSCO,EPE,1598918400,27.417,31.948,1
10,2,PSCO,EPE,1600236000,23.29,23.626,4
10,2,PSCO,EPE,1601553600,26.389,26.498,6
10,2,PSCO,EPE,1602871200,27.346,27.75,5
10,2,PSCO,EPE,1604188800,28.825,30.709,5
10,2,PSCO,EPE,1605506400,26.255,27.519,4
10,2,PSCO,EPE,1606824000,19.648,19.648,0
10,2,PSCO,EPE,1608141600,23.039,23.039,0
10,3,PSCO,EPE,1577836800,27.464,27.578,1
10,3,PSCO,EPE,1579154400,22.413,22.413,0
10,3,PSCO,EPE,1580472000,22.109,22.109,0
10,3,PSCO,EPE,1581789600,24.15,28.249,2
10,3,PSCO,EPE,1583107200,26.075,26.075,0
10,3,PSCO,EPE,1584424800,28.111,30.053,3
10,3,PSCO,EPE,1585742400,22.703,26.863,1
10,3,PSCO,EPE,1587060000,23.579,28.779,1
10,3,PSCO,EPE,1588377600,25.116,24.988,2
10,3,PSCO,EPE,1589695200,23.284,23.284,0
10,3,PSCO,EPE,1591012800,26.81,30.08,1
10,3,PSCO,EPE,1592330400,23.999,23.999,0
10,3,PSCO,EPE,1593648000,24.564,24.488,2
10,3,PSCO,EPE,1594965600,28.446,28.852,2
10,3,PSCO,EPE,1596283200,26.947,26.947,0
10,3,PSCO,EPE,1597600800,25.67,25.908,1
10,3,PSCO,EPE,1598918400,27.65,31.948,1
10,3,PSCO,EPE,1600236000,23.203,23.203,0
10,3,PSCO,EPE,1601553600,26.023,26.023,0
10,3,PSCO,EPE,1602871200,27.462,27.75,1
10,3,PSCO,EPE,1604188800,29.292,30.709,1
10,3,PSCO,EPE,1605506400,27.68,27.519,4
10,3,PSCO,EPE,1606824000,19.648,19.648,0
10,3,PSCO,EPE,1608141600,23.039,23.039,0
10,4,PSCO,EPE,1577836800,27.06,27.578,3
10,4,PSCO,EPE,1579154400,22.413,22.413,0
10,4,PSCO,EPE,1580472000,22.109,22.109,0
10,4,PSCO,EPE,1581789600,24.174,28.249,1
10,4,PSCO,EPE,1583107200,26.165,26.582,2
10,4,PSCO,EPE,1584424800,28.07,30.053,1
10,4,PSCO,EPE,1585742400,22.703,26.863,1
10,4,PSCO,EPE,1587060000,23.579,28.779,1
10,4,PSCO,EPE,1588377600,24.799,24.988,2
10,4,PSCO,EPE,1589695200,23.509,23.634,2
10,4,PSCO,EPE,1591012800,26.81,30.08,1
10,4,PSCO,EPE,1592330400,25.035,24.482,1
10,4,PSCO,EPE,1593648000,24.018,24.018,0
10,4,PSCO,EPE,1594965600,28.008,28.852,1
10,4,PSCO,EPE,1596283200,26.343,27.353,2
10,4,PSCO,EPE,1597600800,25.992,25.908,1
10,4,PSCO,EPE,1598918400,29.121,31.948,2
10,4,PSCO,EPE,1600236000,23.203,23.203,0
10,4,PSCO,EPE,1601553600,26.023,26.023,0
10,4,PSCO,EPE,1602871200,27.041,27.041,0
10,4,PSCO,EPE,1604188800,29.325,30.709,1
10,4,PSCO,EPE,1605506400,27.111,27.111,0
10,4,PSCO,EPE,1606824000,19.648,19.648,0
10,4,PSCO,EPE,1608141600,23.039,23.039,0
10,5,PSCO,EPE,1577836800,26.366,27.578,5
10,5,PSCO,EPE,1579154400,22.995,22.853,4
10,5,PSCO,EPE,1580472000,23.357,23.037,8
10,5,PSCO,EPE,1581789600,24.826,28.694,7
10,5,PSCO,EPE,1583107200,26.198,26.582,4
10,5,PSCO,EPE,1584424800,28.461,30.63,7
10,5,PSCO,EPE,1585742400,22.142,26.863,3
10,5,PSCO,EPE,1587060000,23.496,28.779,3
10,5,PSCO,EPE,1588377600,24.105,24.988,6
10,5,PSCO,EPE,1589695200,22.734,23.634,4
10,5,PSCO,EPE,1591012800,26.958,30.08,3
10,5,PSCO,EPE,1592330400,23.832,24.482,3
10,5,PSCO,EPE,1593648000,24.066,24.488,4
10,5,PSCO,EPE,1594965600,27.233,28.852,4
10,5,PSCO,EPE,1596283200,26.307,27.353,6
10,5,PSCO,EPE,1597600800,25.776,25.908,5
10,5,PSCO,EPE,1598918400,27.385,31.948,1
10,5,PSCO,EPE,1600236000,23.171,23.626,4
10,5,PSCO,EPE,1601553600,26.142,26.498,6
10,5,PSCO,EPE,1602871200,27.232,27.75,5
10,5,PSCO,EPE,1604188800,28.778,30.709,6
10,5,PSCO,EPE,1605506400,26.189,27.519,4
10,5,PSCO,EPE,1606824000,19.648,19.648,0
10,5,PSCO,EPE,1608141600,23.039,23.039,0
10,6,PSCO,EPE,1577836800,26.907,26.907,0
10,6,PSCO,EPE,1579154400,22.413,22.413,0
10,6,PSCO,EPE,1580472000,22.109,22.109,0
10,6,PSCO,EPE,1581789600,24.174,28.249,1
10,6,PSCO,EPE,1583107200,26.075,26.075,0
10,6,PSCO,EPE,1584424800,28.07,30.053,1
10,6,PSCO,EPE,1585742400,22.703,26.863,1
10,6,PSCO,EPE,1587060000,23.579,28.779,1
10,6,PSCO,EPE,1588377600,24.537,24.988,1
10,6,PSCO,EPE,1589695200,23.284,23.284,0
10,6,PSCO,EPE,1591012800,26.81,30.08,1
10,6,PSCO,EPE,1592330400,23.999,23.999,0
10,6,PSCO,EPE,1593648000,24.018,24.018,0
10,6,PSCO,EPE,1594965600,28.316,28.852,1
10,6,PSCO,EPE,1596283200,26.947,26.947,0
10,6,PSCO,EPE,1597600800,25.294,25.294,0
10,6,PSCO,EPE,1598918400,27.65,31.948,1
10,6,PSCO,EPE,1600236000,23.203,23.203,0
10,6,PSCO,EPE,1601553600,26.023,26.023,0
10,6,PSCO,EPE,1602871200,27.041,27.041,0
10,6,PSCO,EPE,1604188800,29.292,30.709,1
10,6,PSCO,EPE,1605506400,27.111,27.111,0
10,6,PSCO,EPE,1606824000,19.648,19.648,0
10,6,PSCO,EPE,1608141600,23.039,23.039,0
10,1,PSCO,PACE,1577836800,26.907,26.907,0
10,1,PSCO,PACE,1579154400,22.413,22.413,0
10,1,PSCO,PACE,1580472000,22.109,22.109,0
10,1,PSCO,PACE,1581789600,27.813,27.813,0
10,1,PSCO,PACE,1583107200,26.075,26.075,0
10,1,PSCO,PACE,1584424800,29.473,29.473,0
10,1,PSCO,PACE,1585742400,26.226,26.226,0
10,1,PSCO,PACE,1587060000,28.177,28.177,0
10,1,PSCO,PACE,1588377600,24.541,24.541,0
10,1,PSCO,PACE,1589695200,23.284,23.284,0
10,1,PSCO,PACE,1591012800,29.454,29.454,0
10,1,PSCO,PACE,1592330400,23.999,23.999,0
10,1,PSCO,PACE,1593648000,24.018,24.018,0
10,1,PSCO,PACE,1594965600,28.389,28.389,0
10,1,PSCO,PACE,1596283200,26.947,26.947,0
10,1,PSCO,PACE,1597600800,25.294,25.294,0
10,1,PSCO,PACE,1598918400,31.306,31.306,0
10,1,PSCO,PACE,1600236000,23.203,23.203,0
10,1,PSCO,PACE,1601553600,26.023,26.023,0
10,1,PSCO,PACE,1602871200,27.041,27.041,0
10,1,PSCO,PACE,1604188800,30.123,30.123,0
10,1,PSCO,PACE,1605506400,27.111,27.111,0
10,1,PSCO,PACE,1606824000,19.648,19.648,0
10,1,PSCO,PACE,1608141600,23.039,23.039,0
10,2,PSCO,PACE,1577836800,27.896,27.578,5
10,2,PSCO,PACE,1579154400,23.523,22.853,6
10,2,PSCO,PACE,1580472000,22.838,22.573,4
10,2,PSCO,PACE,1581789600,26.045,28.249,6
10,2,PSCO,PACE,1583107200,27.367,27.049,8
10,2,PSCO,PACE,1584424800,30.382,30.053,2
10,2,PSCO,PACE,1585742400,27.076,26.863,6
10,2,PSCO,PACE,1587060000,29.076,29.368,7
10,2,PSCO,PACE,1588377600,23.463,24.988,5
10,2,PSCO,PACE,1589695200,23.27,23.634,2
10,2,PSCO,PACE,1591012800,29.195,30.08,2
10,2,PSCO,PACE,1592330400,22.586,24.482,4
10,2,PSCO,PACE,1593648000,23.945,24.488,6
10,2,PSCO,PACE,1594965600,27.44,29.346,8
10,2,PSCO,PACE,1596283200,27.328,27.353,4
10,2,PSCO,PACE,1597600800,25.294,25.294,0
10,2,PSCO,PACE,1598918400,31.309,31.948,5
10,2,PSCO,PACE,1600236000,23.203,23.203,0
10,2,PSCO,PACE,1601553600,26.856,26.498,4
10,2,PSCO,PACE,1602871200,26.1,27.75,3
10,2,PSCO,PACE,1604188800,30.757,30.709,2
10,2,PSCO,PACE,1605506400,27.484,27.519,4
10,2,PSCO,PACE,1606824000,19.648,19.648,0
10,2,PSCO,PACE,1608141600,23.039,23.039,0
10,3,PSCO,PACE,1577836800,27.5,27.578,1
10,3,PSCO,PACE,1579154400,22.413,22.413,0
10,3,PSCO,PACE,1580472000,22.109,22.109,0
10,3,PSCO,PACE,1581789600,26.898,28.249,2
10,3,PSCO,PACE,1583107200,26.632,26.582,2
10,3,PSCO,PACE,1584424800,29.473,29.473,0
10,3,PSCO,PACE,1585742400,26.226,26.226,0
10,3,PSCO,PACE,1587060000,28.708,28.779,1
10,3,PSCO,PACE,1588377600,24.706,24.988,1
10,3,PSCO,PACE,1589695200,23.284,23.284,0
10,3,PSCO,PACE,1591012800,29.454,29.454,0
10,3,PSCO,PACE,1592330400,23.999,23.999,0
10,3,PSCO,PACE,1593648000,24.57,24.488,2
10,3,PSCO,PACE,1594965600,27.034,28.852,2
10,3,PSCO,PACE,1596283200,26.947,26.947,0
10,3,PSCO,PACE,1597600800,25.294,25.294,0
10,3,PSCO,PACE,1598918400,31.627,31.948,1
10,3,PSCO,PACE,1600236000,23.203,23.203,0
10,3,PSCO,PACE,1601553600,26.023,26.023,0
10,3,PSCO,PACE,1602871200,27.258,27.75,3
10,3,PSCO,PACE,1604188800,30.123,30.123,0
10,3,PSCO,PACE,1605506400,27.111,27.111,0
10,3,PSCO,PACE,1606824000,19.648,19.648,0
10,3,PSCO,PACE,1608141600,23.039,23.039,0
10,4,PSCO,PACE,1577836800,26.907,26.907,0
10,4,PSCO,PACE,1579154400,22.413,22.413,0
10,4,PSCO,PACE,1580472000,22.109,22.109,0
10,4,PSCO,PACE,1581789600,26.358,28.249,2
10,4,PSCO,PACE,1583107200,26.075,26.075,0
10,4,PSCO,PACE,1584424800,29.473,29.473,0
10,4,PSCO,PACE,1585742400,26.226,26.226,0
10,4,PSCO,PACE,1587060000,28.177,28.177,0
10,4,PSCO,PACE,1588377600,25.629,24.988,2
10,4,PSCO,PACE,1589695200,23.284,23.284,0
10,4,PSCO,PACE,1591012800,29.454,29.454,0
10,4,PSCO,PACE,1592330400,26.133,24.482,2
10,4,PSCO,PACE,1593648000,24.018,24.018,0
10,4,PSCO,PACE,1594965600,26.702,28.852,2
10,4,PSCO,PACE,1596283200,26.947,26.947,0
10,4,PSCO,PACE,1597600800,25.294,25.294,0
10,4,PSCO,PACE,1598918400,31.919,31.948,2
10,4,PSCO,PACE,1600236000,23.203,23.203,0
10,4,PSCO,PACE,1601553600,26.023,26.023,0
10,4,PSCO,PACE,1602871200,27.863,27.75,2
10,4,PSCO,PACE,1604188800,30.123,30.123,0
10,4,PSCO,PACE,1605506400,27.111,27.111,0
10,4,PSCO,PACE,1606824000,19.648,19.648,0
10,4,PSCO,PACE,1608141600,23.039,23.039,0
10,5,PSCO,PACE,1577836800,27.707,27.578,5
10,5,PSCO,PACE,1579154400,23.33,22.853,6
10,5,PSCO,PACE,1580472000,22.7,22.573,4
10,5,PSCO,PACE,1581789600,25.913,28.249,6
10,5,PSCO,PACE,1583107200,27.123,27.049,8
10,5,PSCO,PACE,1584424800,30.271,30.053,2
10,5,PSCO,PACE,1585742400,26.632,26.863,4
10,5,PSCO,PACE,1587060000,28.872,29.368,7
10,5,PSCO,PACE,1588377600,23.375,24.988,6
10,5,PSCO,PACE,1589695200,23.124,23.634,2
10,5,PSCO,PACE,1591012800,29.156,30.08,2
10,5,PSCO,PACE,1592330400,22.461,24.482,4
10,5,PSCO,PACE,1593648000,23.621,24.488,4
10,5,PSCO,PACE,1594965600,27.21,29.346,8
10,5,PSCO,PACE,1596283200,27.262,27.353,4
10,5,PSCO,PACE,1597600800,25.294,25.294,0
10,5,PSCO,PACE,1598918400,31.299,31.948,6
10,5,PSCO,PACE,1600236000,23.203,23.203,0
10,5,PSCO,PACE,1601553600,26.668,26.498,4
10,5,PSCO,PACE,1602871200,25.984,27.75,3
10,5,PSCO,PACE,1604188800,30.716,30.709,2
10,5,PSCO,PACE,1605506400,27.377,27.519,4
10,5,PSCO,PACE,1606824000,19.648,19.648,0
10,5,PSCO,PACE,1608141600,23.039,23.039,0
10,6,PSCO,PACE,1577836800,26.907,26.907,0
10,6,PSCO,PACE,1579154400,22.413,22.413,0
10,6,PSCO,PACE,1580472000,22.109,22.109,0
10,6,PSCO,PACE,1581789600,26.358,28.249,2
10,6,PSCO,PACE,1583107200,26.075,26.075,0
10,6,PSCO,PACE,1584424800,29.473,29.473,0
10,6,PSCO,PACE,1585742400,26.226,26.226,0
10,6,PSCO,PACE,1587060000,28.177,28.177,0
10,6,PSCO,PACE,1588377600,24.521,24.988,1
10,6,PSCO,PACE,1589695200,23.284,23.284,0
10,6,PSCO,PACE,1591012800,29.454,29.454,0
10,6,PSCO,PACE,1592330400,23.999,23.999,0
10,6,PSCO,PACE,1593648000,24.018,24.018,0
10,6,PSCO,PACE,1594965600,27.176,28.852,1
10,6,PSCO,PACE,1596283200,26.947,26.947,0
10,6,PSCO,PACE,1597600800,25.294,25.294,0
10,6,PSCO,PACE,1598918400,31.302,31.948,1
10,6,PSCO,PACE,1600236000,23.203,23.203,0
10,6,PSCO,PACE,1601553600,26.023,26.023,0
10,6,PSCO,PACE,1602871200,26.924,27.75,1
10,6,PSCO,PACE,1604188800,30.123,30.123,0
10,6,PSCO,PACE,1605506400,27.111,27.111,0
10,6,PSCO,PACE,1606824000,19.648,19.648,0
10,6,PSCO,PACE,1608141600,23.039,23.039,0
10,1,TEPC,AECI,1577836800,34.904,34.904,0
10,1,TEPC,AECI,1579154400,34.672,34.672,0
10,1,TEPC,AECI,1580472000,30.305,30.305,0
10,1,TEPC,AECI,1581789600,30.794,30.794,0
10,1,TEPC,AECI,1583107200,28.518,28.518,0
10,1,TEPC,AECI,1584424800,27.901,27.901,0
10,1,TEPC,AECI,1585742400,21.852,21.852,0
10,1,TEPC,AECI,1587060000,23.826,23.826,0
10,1,TEPC,AECI,1588377600,23.901,23.901,0
10,1,TEPC,AECI,1589695200,28.736,28.736,0
10,1,TEPC,AECI,1591012800,29.666,29.666,0
10,1,TEPC,AECI,1592330400,25.26,25.26,0
10,1,TEPC,AECI,1593648000,28.784,28.784,0
10,1,TEPC,AECI,1594965600,27.715,27.715,0
10,1,TEPC,AECI,1596283200,29.288,29.288,0
10,1,TEPC,AECI,1597600800,30.959,30.959,0
10,1,TEPC,AECI,1598918400,29.268,29.268,0
10,1,TEPC,AECI,1600236000,32.69,32.69,0
10,1,TEPC,AECI,1601553600,31.456,31.456,0
10,1,TEPC,AECI,1602871200,35.004,35.004,0
10,1,TEPC,AECI,1604188800,35.427,35.427,0
10,1,TEPC,AECI,1605506400,30.0,30.0,0
10,1,TEPC,AECI,1606824000,25.748,25.748,0
10,1,TEPC,AECI,1608141600,33.481,33.481,0
10,2,TEPC,AECI,1577836800,28.971,35.644,3
10,2,TEPC,AECI,1579154400,31.35,35.463,3
10,2,TEPC,AECI,1580472000,27.015,31.06,3
10,2,TEPC,AECI,1581789600,29.448,31.297,4
10,2,TEPC,AECI,1583107200,26.452,29.102,4
10,2,TEPC,AECI,1584424800,28.348,29.169,7
10,2,TEPC,AECI,1585742400,20.504,22.394,6
10,2,TEPC,AECI,1587060000,22.442,24.198,4
10,2,TEPC,AECI,1588377600,23.166,24.377,4
10,2,TEPC,AECI,1589695200,26.144,29.421,5
10,2,TEPC,AECI,1591012800,25.479,30.331,3
10,2,TEPC,AECI,1592330400,25.125,25.721,6
10,2,TEPC,AECI,1593648000,28.594,29.346,4
10,2,TEPC,AECI,1594965600,27.782,28.377,5
10,2,TEPC,AECI,1596283200,30.281,30.527,8
10,2,TEPC,AECI,1597600800,32.145,31.556,6
10,2,TEPC,AECI,1598918400,31.189,30.459,12
10,2,TEPC,AECI,1600236000,32.389,33.406,5
10,2,TEPC,AECI,1601553600,31.523,32.733,9
10,2,TEPC,AECI,1602871200,31.167,36.289,8
10,2,TEPC,AECI,1604188800,34.258,36.058,4
10,2,TEPC,AECI,1605506400,30.398,30.68,3
10,2,TEPC,AECI,1606824000,25.748,25.748,0
10,2,TEPC,AECI,1608141600,32.102,34.154,3
10,3,TEPC,AECI,1577836800,28.823,35.644,1
10,3,TEPC,AECI,1579154400,31.121,35.463,1
10,3,TEPC,AECI,1580472000,29.831,31.06,1
10,3,TEPC,AECI,1581789600,30.915,31.297,4
10,3,TEPC,AECI,1583107200,28.518,28.518,0
10,3,TEPC,AECI,1584424800,28.299,28.544,1
10,3,TEPC,AECI,1585742400,21.673,22.394,4
10,3,TEPC,AECI,1587060000,23.976,24.198,2
10,3,TEPC,AECI,1588377600,23.901,23.901,0
10,3,TEPC,AECI,1589695200,26.429,29.421,1
10,3,TEPC,AECI,1591012800,25.498,30.331,1
10,3,TEPC,AECI,1592330400,25.766,25.721,4
10,3,TEPC,AECI,1593648000,28.784,28.784,0
10,3,TEPC,AECI,1594965600,28.189,28.377,3
10,3,TEPC,AECI,1596283200,29.913,29.933,1
10,3,TEPC,AECI,1597600800,30.959,30.959,0
10,3,TEPC,AECI,1598918400,29.9,29.89,3
10,3,TEPC,AECI,1600236000,33.259,33.406,1
10,3,TEPC,AECI,1601553600,30.552,32.107,1
10,3,TEPC,AECI,1602871200,29.931,35.644,1
10,3,TEPC,AECI,1604188800,35.927,36.058,2
10,3,TEPC,AECI,1605506400,30.424,30.68,1
10,3,TEPC,AECI,1606824000,25.748,25.748,0
10,3,TEPC,AECI,1608141600,32.401,34.154,1
10,4,TEPC,AECI,1577836800,28.823,35.644,1
10,4,TEPC,AECI,1579154400,31.121,35.463,1
10,4,TEPC,AECI,1580472000,27.351,31.06,1
10,4,TEPC,AECI,1581789600,32.157,31.297,3
10,4,TEPC,AECI,1583107200,30.589,29.102,1
10,4,TEPC,AECI,1584424800,27.747,28.544,1
10,4,TEPC,AECI,1585742400,21.787,22.394,2
10,4,TEPC,AECI,1587060000,23.994,24.198,3
10,4,TEPC,AECI,1588377600,23.901,23.901,0
10,4,TEPC,AECI,1589695200,26.429,29.421,1
10,4,TEPC,AECI,1591012800,25.498,30.331,1
10,4,TEPC,AECI,1592330400,25.26,25.26,0
10,4,TEPC,AECI,1593648000,28.784,28.784,0
10,4,TEPC,AECI,1594965600,27.715,27.715,0
10,4,TEPC,AECI,1596283200,29.997,29.933,2
10,4,TEPC,AECI,1597600800,30.959,30.959,0
10,4,TEPC,AECI,1598918400,29.555,29.89,1
10,4,TEPC,AECI,1600236000,33.108,33.406,2
10,4,TEPC,AECI,1601553600,31.401,32.107,4
10,4,TEPC,AECI,1602871200,29.931,35.644,1
10,4,TEPC,AECI,1604188800,35.517,36.058,1
10,4,TEPC,AECI,1605506400,31.129,30.68,1
10,4,TEPC,AECI,1606824000,25.748,25.748,0
10,4,TEPC,AECI,1608141600,32.401,34.154,1
10,5,TEPC,AECI,1577836800,28.933,35.644,3
10,5,TEPC,AECI,1579154400,31.315,35.463,3
10,5,TEPC,AECI,1580472000,26.935,31.06,3
10,5,TEPC,AECI,1581789600,29.364,31.297,4
10,5,TEPC,AECI,1583107200,26.168,29.102,4
10,5,TEPC,AECI,1584424800,28.229,29.169,7
10,5,TEPC,AECI,1585742400,20.201,22.394,4
10,5,TEPC,AECI,1587060000,22.426,24.198,5
10,5,TEPC,AECI,1588377600,22.913,24.377,4
10,5,TEPC,AECI,1589695200,25.914,29.421,5
10,5,TEPC,AECI,1591012800,25.239,30.331,1
10,5,TEPC,AECI,1592330400,24.957,25.721,6
10,5,TEPC,AECI,1593648000,28.445,29.346,4
10,5,TEPC,AECI,1594965600,27.601,28.377,5
10,5,TEPC,AECI,1596283200,30.12,30.527,8
10,5,TEPC,AECI,1597600800,32.079,31.556,6
10,5,TEPC,AECI,1598918400,30.962,30.459,12
10,5,TEPC,AECI,1600236000,32.23,33.406,5
10,5,TEPC,AECI,1601553600,31.53,32.733,10
10,5,TEPC,AECI,1602871200,30.18,35.644,6
10,5,TEPC,AECI,1604188800,34.055,36.058,4
10,5,TEPC,AECI,1605506400,30.344,30.68,3
10,5,TEPC,AECI,1606824000,25.748,25.748,0
10,5,TEPC,AECI,1608141600,32.03,34.154,3
10,6,TEPC,AECI,1577836800,28.823,35.644,1
10,6,TEPC,AECI,1579154400,31.121,35.463,1
10,6,TEPC,AECI,1580472000,29.831,31.06,1
10,6,TEPC,AECI,1581789600,30.794,30.794,0
10,6,TEPC,AECI,1583107200,28.518,28.518,0
10,6,TEPC,AECI,1584424800,27.843,28.544,1
10,6,TEPC,AECI,1585742400,21.782,22.394,1
10,6,TEPC,AECI,1587060000,23.826,23.826,0
10,6,TEPC,AECI,1588377600,23.901,23.901,0
10,6,TEPC,AECI,1589695200,26.429,29.421,1
10,6,TEPC,AECI,1591012800,25.498,30.331,1
10,6,TEPC,AECI,1592330400,25.26,25.26,0
10,6,TEPC,AECI,1593648000,28.784,28.784,0
10,6,TEPC,AECI,1594965600,27.715,27.715,0
10,6,TEPC,AECI,1596283200,29.288,29.288,0
10,6,TEPC,AECI,1597600800,30.959,30.959,0
10,6,TEPC,AECI,1598918400,29.268,29.268,0
10,6,TEPC,AECI,1600236000,32.69,32.69,0
10,6,TEPC,AECI,1601553600,30.552,32.107,1
10,6,TEPC,AECI,1602871200,29.931,35.644,1
10,6,TEPC,AECI,1604188800,35.427,35.427,0
10,6,TEPC,AECI,1605506400,30.0,30.0,0
10,6,TEPC,AECI,1606824000,25.748,25.748,0
10,6,TEPC,AECI,1608141600,32.401,34.154,1
15,1,AECI,EPE,1577836800,27.991,27.991,0
15,1,AECI,EPE,1579154400,30.139,30.139,0
15,1,AECI,EPE,1580472000,29.202,29.202,0
15,1,AECI,EPE,1581789600,30.99,30.99,0
15,1,AECI,EPE,1583107200,28.95,28.95,0
15,1,AECI,EPE,1584424800,28.31,28.31,0
15,1,AECI,EPE,1585742400,21.211,21.211,0
15,1,AECI,EPE,1587060000,23.892,23.892,0
15,1,AECI,EPE,1588377600,25.143,25.143,0
15,1,AECI,EPE,1589695200,25.774,25.774,0
15,1,AECI,EPE,1591012800,24.75,24.75,0
15,1,AECI,EPE,1592330400,25.959,25.959,0
15,1,AECI,EPE,1593648000,29.983,29.983,0
15,1,AECI,EPE,1594965600,28.571,28.571,0
15,1,AECI,EPE,1596283200,29.488,29.488,0
15,1,AECI,EPE,1597600800,32.788,32.788,0
15,1,AECI,EPE,1598918400,29.414,29.414,0
15,1,AECI,EPE,1600236000,33.086,33.086,0
15,1,AECI,EPE,1601553600,29.771,29.771,0
15,1,AECI,EPE,1602871200,29.148,29.148,0
15,1,AECI,EPE,1604188800,35.804,35.804,0
15,1,AECI,EPE,1605506400,33.466,33.466,0
15,1,AECI,EPE,1606824000,31.991,31.991,0
15,1,AECI,EPE,1608141600,31.713,31.713,0
15,2,AECI,EPE,1577836800,29.739,29.823,9
15,2,AECI,EPE,1579154400,28.654,30.785,3
15,2,AECI,EPE,1580472000,24.54,29.765,3
15,2,AECI,EPE,1581789600,24.327,31.671,1
15,2,AECI,EPE,1583107200,27.596,30.339,5
15,2,AECI,EPE,1584424800,28.394,29.3,6
15,2,AECI,EPE,1585742400,21.895,22.391,5
15,2,AECI,EPE,1587060000,23.719,24.688,6
15,2,AECI,EPE,1588377600,24.745,26.335,5
15,2,AECI,EPE,1589695200,26.12,26.903,6
15,2,AECI,EPE,1591012800,25.876,25.883,7
15,2,AECI,EPE,1592330400,26.928,27.014,7
15,2,AECI,EPE,1593648000,28.361,31.267,5
15,2,AECI,EPE,1594965600,28.177,29.102,4
15,2,AECI,EPE,1596283200,28.257,30.079,4
15,2,AECI,EPE,1597600800,29.763,33.466,3
15,2,AECI,EPE,1598918400,29.256,30.579,6
15,2,AECI,EPE,1600236000,27.585,33.664,2
15,2,AECI,EPE,1601553600,28.549,30.305,2
15,2,AECI,EPE,1602871200,29.502,30.42,5
15,2,AECI,EPE,1604188800,30.614,37.204,5
15,2,AECI,EPE,1605506400,28.003,33.985,2
15,2,AECI,EPE,1606824000,27.654,32.651,3
15,2,AECI,EPE,1608141600,32.038,33.411,10
15,3,AECI,EPE,1577836800,27.808,28.592,1
15,3,AECI,EPE,1579154400,28.392,30.785,1
15,3,AECI,EPE,1580472000,24.953,29.765,3
15,3,AECI,EPE,1581789600,24.327,31.671,1
15,3,AECI,EPE,1583107200,27.783,29.645,1
15,3,AECI,EPE,1584424800,27.88,28.81,2
15,3,AECI,EPE,1585742400,21.637,21.807,3
15,3,AECI,EPE,1587060000,23.5,24.321,1
15,3,AECI,EPE,1588377600,25.198,25.726,1
15,3,AECI,EPE,1589695200,26.006,26.341,2
15,3,AECI,EPE,1591012800,24.75,24.75,0
15,3,AECI,EPE,1592330400,26.427,26.488,1
15,3,AECI,EPE,1593648000,27.214,30.623,1
15,3,AECI,EPE,1594965600,28.742,29.102,4
15,3,AECI,EPE,1596283200,28.115,30.079,2
15,3,AECI,EPE,1597600800,29.418,33.466,1
15,3,AECI,EPE,1598918400,27.948,29.995,1
15,3,AECI,EPE,1600236000,27.568,33.664,2
15,3,AECI,EPE,1601553600,30.125,30.305,2
15,3,AECI,EPE,1602871200,29.739,29.771,1
15,3,AECI,EPE,1604188800,29.612,36.518,1
15,3,AECI,EPE,1605506400,28.005,33.985,2
15,3,AECI,EPE,1606824000,27.359,32.651,1
15,3,AECI,EPE,1608141600,29.627,32.315,1
15,4,AECI,EPE,1577836800,27.808,28.592,1
15,4,AECI,EPE,1579154400,28.392,30.785,1
15,4,AECI,EPE,1580472000,24.975,29.765,1
15,4,AECI,EPE,1581789600,24.327,31.671,1
15,4,AECI,EPE,1583107200,27.783,29.645,1
15,4,AECI,EPE,1584424800,27.888,28.81,1
15,4,AECI,EPE,1585742400,21.689,21.807,1
15,4,AECI,EPE,1587060000,24.003,24.321,2
15,4,AECI,EPE,1588377600,25.291,25.726,1
15,4,AECI,EPE,1589695200,25.263,26.341,2
15,4,AECI,EPE,1591012800,24.75,24.75,0
15,4,AECI,EPE,1592330400,26.571,26.488,2
15,4,AECI,EPE,1593648000,27.214,30.623,1
15,4,AECI,EPE,1594965600,28.634,29.102,1
15,4,AECI,EPE,1596283200,28.067,30.079,1
15,4,AECI,EPE,1597600800,29.418,33.466,1
15,4,AECI,EPE,1598918400,27.948,29.995,1
15,4,AECI,EPE,1600236000,27.436,33.664,1
15,4,AECI,EPE,1601553600,29.555,30.305,2
15,4,AECI,EPE,1602871200,30.011,29.771,1
15,4,AECI,EPE,1604188800,29.612,36.518,1
15,4,AECI,EPE,1605506400,28.064,33.985,1
15,4,AECI,EPE,1606824000,27.359,32.651,1
15,4,AECI,EPE,1608141600,29.627,32.315,1
15,5,AECI,EPE,1577836800,29.586,29.823,9
15,5,AECI,EPE,1579154400,28.571,30.785,3
15,5,AECI,EPE,1580472000,24.505,29.765,3
15,5,AECI,EPE,1581789600,24.327,31.671,1
15,5,AECI,EPE,1583107200,26.532,29.645,3
15,5,AECI,EPE,1584424800,28.316,29.3,6
15,5,AECI,EPE,1585742400,21.805,22.391,5
15,5,AECI,EPE,1587060000,23.56,24.688,6
15,5,AECI,EPE,1588377600,24.62,26.335,5
15,5,AECI,EPE,1589695200,25.944,26.903,6
15,5,AECI,EPE,1591012800,25.67,25.883,7
15,5,AECI,EPE,1592330400,26.838,27.014,8
15,5,AECI,EPE,1593648000,28.215,31.267,5
15,5,AECI,EPE,1594965600,28.0,29.102,4
15,5,AECI,EPE,1596283200,28.835,30.683,5
15,5,AECI,EPE,1597600800,29.709,33.466,3
15,5,AECI,EPE,1598918400,29.218,30.579,6
15,5,AECI,EPE,1600236000,27.568,33.664,2
15,5,AECI,EPE,1601553600,28.437,30.305,2
15,5,AECI,EPE,1602871200,29.441,30.42,5
15,5,AECI,EPE,1604188800,30.504,37.204,5
15,5,AECI,EPE,1605506400,27.992,33.985,2
15,5,AECI,EPE,1606824000,27.638,32.651,3
15,5,AECI,EPE,1608141600,32.074,33.411,11
15,6,AECI,EPE,1577836800,27.808,28.592,1
15,6,AECI,EPE,1579154400,28.392,30.785,1
15,6,AECI,EPE,1580472000,24.383,29.765,2
15,6,AECI,EPE,1581789600,24.327,31.671,1
15,6,AECI,EPE,1583107200,27.783,29.645,1
15,6,AECI,EPE,1584424800,27.888,28.81,1
15,6,AECI,EPE,1585742400,21.211,21.211,0
15,6,AECI,EPE,1587060000,23.5,24.321,1
15,6,AECI,EPE,1588377600,25.111,25.726,1
15,6,AECI,EPE,1589695200,25.734,26.341,1
15,6,AECI,EPE,1591012800,24.75,24.75,0
15,6,AECI,EPE,1592330400,25.959,25.959,0
15,6,AECI,EPE,1593648000,27.214,30.623,1
15,6,AECI,EPE,1594965600,28.512,29.102,1
15,6,AECI,EPE,1596283200,28.067,30.079,1
15,6,AECI,EPE,1597600800,29.418,33.466,1
15,6,AECI,EPE,1598918400,27.948,29.995,1
15,6,AECI,EPE,1600236000,27.436,33.664,1
15,6,AECI,EPE,1601553600,29.771,29.771,0
15,6,AECI,EPE,1602871200,29.148,29.148,0
15,6,AECI,EPE,1604188800,29.612,36.518,1
15,6,AECI,EPE,1605506400,28.064,33.985,1
15,6,AECI,EPE,1606824000,27.359,32.651,1
15,6,AECI,EPE,1608141600,29.627,32.315,1
15,1,AECI,PACE,1577836800,27.991,27.991,0
15,1,AECI,PACE,1579154400,30.139,30.139,0
15,1,AECI,PACE,1580472000,29.202,29.202,0
15,1,AECI,PACE,1581789600,30.99,30.99,0
15,1,AECI,PACE,1583107200,28.95,28.95,0
15,1,AECI,PACE,1584424800,28.31,28.31,0
15,1,AECI,PACE,1585742400,21.211,21.211,0
15,1,AECI,PACE,1587060000,23.892,23.892,0
15,1,AECI,PACE,1588377600,25.143,25.143,0
15,1,AECI,PACE,1589695200,25.774,25.774,0
15,1,AECI,PACE,1591012800,24.75,24.75,0
15,1,AECI,PACE,1592330400,25.959,25.959,0
15,1,AECI,PACE,1593648000,29.983,29.983,0
15,1,AECI,PACE,1594965600,28.571,28.571,0
15,1,AECI,PACE,1596283200,29.488,29.488,0
15,1,AECI,PACE,1597600800,32.788,32.788,0
15,1,AECI,PACE,1598918400,29.414,29.414,0
15,1,AECI,PACE,1600236000,33.086,33.086,0
15,1,AECI,PACE,1601553600,29.771,29.771,0
15,1,AECI,PACE,1602871200,29.148,29.148,0
15,1,AECI,PACE,1604188800,35.804,35.804,0
15,1,AECI,PACE,1605506400,33.466,33.466,0
15,1,AECI,PACE,1606824000,31.991,31.991,0
15,1,AECI,PACE,1608141600,31.713,31.713,0
15,2,AECI,PACE,1577836800,28.47,28.592,4
15,2,AECI,PACE,1579154400,31.642,31.442,6
15,2,AECI,PACE,1580472000,26.523,29.765,4
15,2,AECI,PACE,1581789600,27.262,31.671,3
15,2,AECI,PACE,1583107200,25.752,29.645,3
15,2,AECI,PACE,1584424800,28.774,28.81,2
15,2,AECI,PACE,1585742400,21.211,21.211,0
15,2,AECI,PACE,1587060000,24.153,24.321,2
15,2,AECI,PACE,1588377600,23.031,25.726,3
15,2,AECI,PACE,1589695200,26.049,26.341,4
15,2,AECI,PACE,1591012800,25.146,25.314,2
15,2,AECI,PACE,1592330400,24.656,26.488,4
15,2,AECI,PACE,1593648000,28.929,31.267,5
15,2,AECI,PACE,1594965600,28.276,29.64,8
15,2,AECI,PACE,1596283200,31.013,30.683,6
15,2,AECI,PACE,1597600800,36.165,34.731,10
15,2,AECI,PACE,1598918400,30.26,29.995,3
15,2,AECI,PACE,1600236000,33.326,33.664,4
15,2,AECI,PACE,1601553600,30.335,30.305,4
15,2,AECI,PACE,1602871200,27.941,30.42,5
15,2,AECI,PACE,1604188800,34.911,37.204,6
15,2,AECI,PACE,1605506400,31.323,33.985,4
15,2,AECI,PACE,1606824000,31.878,32.651,4
15,2,AECI,PACE,1608141600,31.688,32.869,8
15,3,AECI,PACE,1577836800,28.763,28.592,2
15,3,AECI,PACE,1579154400,31.189,30.785,4
15,3,AECI,PACE,1580472000,27.0,29.765,2
15,3,AECI,PACE,1581789600,27.151,31.671,1
15,3,AECI,PACE,1583107200,28.428,29.645,1
15,3,AECI,PACE,1584424800,28.31,28.31,0
15,3,AECI,PACE,1585742400,21.211,21.211,0
15,3,AECI,PACE,1587060000,23.892,23.892,0
15,3,AECI,PACE,1588377600,25.275,25.726,1
15,3,AECI,PACE,1589695200,26.455,26.341,2
15,3,AECI,PACE,1591012800,24.75,24.75,0
15,3,AECI,PACE,1592330400,25.959,25.959,0
15,3,AECI,PACE,1593648000,29.149,30.623,1
15,3,AECI,PACE,1594965600,27.463,29.102,4
15,3,AECI,PACE,1596283200,29.488,29.488,0
15,3,AECI,PACE,1597600800,33.786,33.466,3
15,3,AECI,PACE,1598918400,30.235,29.995,3
15,3,AECI,PACE,1600236000,33.831,33.664,2
15,3,AECI,PACE,1601553600,29.771,29.771,0
15,3,AECI,PACE,1602871200,29.145,30.42,5
15,3,AECI,PACE,1604188800,35.191,36.518,3
15,3,AECI,PACE,1605506400,31.338,33.985,2
15,3,AECI,PACE,1606824000,32.645,32.651,4
15,3,AECI,PACE,1608141600,30.292,32.315,2
15,4,AECI,PACE,1577836800,27.991,27.991,0
15,4,AECI,PACE,1579154400,30.426,30.785,1
15,4,AECI,PACE,1580472000,26.26,29.765,2
15,4,AECI,PACE,1581789600,27.874,31.671,2
15,4,AECI,PACE,1583107200,26.652,29.645,1
15,4,AECI,PACE,1584424800,28.31,28.31,0
15,4,AECI,PACE,1585742400,21.211,21.211,0
15,4,AECI,PACE,1587060000,23.892,23.892,0
15,4,AECI,PACE,1588377600,24.54,25.726,1
15,4,AECI,PACE,1589695200,25.774,25.774,0
15,4,AECI,PACE,1591012800,24.75,24.75,0
15,4,AECI,PACE,1592330400,27.454,26.488,2
15,4,AECI,PACE,1593648000,29.444,30.623,2
15,4,AECI,PACE,1594965600,27.384,29.102,2
15,4,AECI,PACE,1596283200,29.488,29.488,0
15,4,AECI,PACE,1597600800,33.499,33.466,1
15,4,AECI,PACE,1598918400,29.414,29.414,0
15,4,AECI,PACE,1600236000,33.086,33.086,0
15,4,AECI,PACE,1601553600,29.771,29.771,0
15,4,AECI,PACE,1602871200,28.962,29.771,1
15,4,AECI,PACE,1604188800,34.831,36.518,2
15,4,AECI,PACE,1605506400,31.754,33.985,2
15,4,AECI,PACE,1606824000,32.188,32.651,1
15,4,AECI,PACE,1608141600,30.471,32.315,3
15,5,AECI,PACE,1577836800,28.395,28.592,4
15,5,AECI,PACE,1579154400,31.559,31.442,6
15,5,AECI,PACE,1580472000,27.119,30.373,5
15,5,AECI,PACE,1581789600,27.185,31.671,3
15,5,AECI,PACE,1583107200,25.69,29.645,3
15,5,AECI,PACE,1584424800,28.657,28.81,2
15,5,AECI,PACE,1585742400,21.211,21.211,0
15,5,AECI,PACE,1587060000,24.105,24.321,2
15,5,AECI,PACE,1588377600,22.874,25.726,3
15,5,AECI,PACE,1589695200,25.832,26.341,4
15,5,AECI,PACE,1591012800,25.074,25.314,2
15,5,AECI,PACE,1592330400,24.451,26.488,4
15,5,AECI,PACE,1593648000,28.868,31.267,6
15,5,AECI,PACE,1594965600,28.089,29.64,8
15,5,AECI,PACE,1596283200,31.049,30.683,7
15,5,AECI,PACE,1597600800,35.876,34.731,10
15,5,AECI,PACE,1598918400,30.354,29.995,4
15,5,AECI,PACE,1600236000,33.11,33.664,4
15,5,AECI,PACE,1601553600,30.138,30.305,4
15,5,AECI,PACE,1602871200,27.8,30.42,5
15,5,AECI,PACE,1604188800,34.79,37.204,6
15,5,AECI,PACE,1605506400,31.201,33.985,4
15,5,AECI,PACE,1606824000,32.572,33.32,5
15,5,AECI,PACE,1608141600,31.595,32.869,8
15,6,AECI,PACE,1577836800,27.991,27.991,0
15,6,AECI,PACE,1579154400,30.139,30.139,0
15,6,AECI,PACE,1580472000,26.602,29.765,2
15,6,AECI,PACE,1581789600,27.151,31.671,1
15,6,AECI,PACE,1583107200,28.428,29.645,1
15,6,AECI,PACE,1584424800,28.31,28.31,0
15,6,AECI,PACE,1585742400,21.211,21.211,0
15,6,AECI,PACE,1587060000,23.892,23.892,0
15,6,AECI,PACE,1588377600,25.12,25.726,1
15,6,AECI,PACE,1589695200,25.774,25.774,0
15,6,AECI,PACE,1591012800,24.75,24.75,0
15,6,AECI,PACE,1592330400,25.959,25.959,0
15,6,AECI,PACE,1593648000,29.149,30.623,1
15,6,AECI,PACE,1594965600,27.249,29.102,1
15,6,AECI,PACE,1596283200,29.488,29.488,0
15,6,AECI,PACE,1597600800,32.788,32.788,0
15,6,AECI,PACE,1598918400,29.414,29.414,0
15,6,AECI,PACE,1600236000,33.086,33.086,0
15,6,AECI,PACE,1601553600,29.771,29.771,0
15,6,AECI,PACE,1602871200,28.458,29.771,2
15,6,AECI,PACE,1604188800,35.345,36.518,1
15,6,AECI,PACE,1605506400,31.596,33.985,1
15,6,AECI,PACE,1606824000,31.991,31.991,0
15,6,AECI,PACE,1608141600,30.482,32.315,1
15,1,AECI,TEPC,1577836800,27.991,27.991,0
15,1,AECI,TEPC,1579154400,30.139,30.139,0
15,1,AECI,TEPC,1580472000,29.202,29.202,0
15,1,AECI,TEPC,1581789600,30.99,30.99,0
15,1,AECI,TEPC,1583107200,28.95,28.95,0
15,1,AECI,TEPC,1584424800,28.31,28.31,0
15,1,AECI,TEPC,1585742400,21.211,21.211,0
15,1,AECI,TEPC,1587060000,23.892,23.892,0
15,1,AECI,TEPC,1588377600,25.143,25.143,0
15,1,AECI,TEPC,1589695200,25.774,25.774,0
15,1,AECI,TEPC,1591012800,24.75,24.75,0
15,1,AECI,TEPC,1592330400,25.959,25.959,0
15,1,AECI,TEPC,1593648000,29.983,29.983,0
15,1,AECI,TEPC,1594965600,28.571,28.571,0
15,1,AECI,TEPC,1596283200,29.488,29.488,0
15,1,AECI,TEPC,1597600800,32.788,32.788,0
15,1,AECI,TEPC,1598918400,29.414,29.414,0
15,1,AECI,TEPC,1600236000,33.086,33.086,0
15,1,AECI,TEPC,1601553600,29.771,29.771,0
15,1,AECI,TEPC,1602871200,29.148,29.148,0
15,1,AECI,TEPC,1604188800,35.804,35.804,0
15,1,AECI,TEPC,1605506400,33.466,33.466,0
15,1,AECI,TEPC,1606824000,31.991,31.991,0
15,1,AECI,TEPC,1608141600,31.713,31.713,0
15,2,AECI,TEPC,1577836800,28.852,28.592,2
15,2,AECI,TEPC,1579154400,31.12,30.785,2
15,2,AECI,TEPC,1580472000,27.36,29.765,4
15,2,AECI,TEPC,1581789600,30.499,32.365,5
15,2,AECI,TEPC,1583107200,27.458,30.339,5
15,2,AECI,TEPC,1584424800,28.508,29.3,6
15,2,AECI,TEPC,1585742400,21.139,22.391,5
15,2,AECI,TEPC,1587060000,23.32,24.688,6
15,2,AECI,TEPC,1588377600,24.067,26.335,5
15,2,AECI,TEPC,1589695200,27.086,26.903,6
15,2,AECI,TEPC,1591012800,25.392,25.314,2
15,2,AECI,TEPC,1592330400,26.159,27.014,7
15,2,AECI,TEPC,1593648000,29.681,31.267,5
15,2,AECI,TEPC,1594965600,27.856,29.102,4
15,2,AECI,TEPC,1596283200,30.493,30.683,7
15,2,AECI,TEPC,1597600800,33.284,34.101,7
15,2,AECI,TEPC,1598918400,33.212,31.745,13
15,2,AECI,TEPC,1600236000,32.413,33.664,4
15,2,AECI,TEPC,1601553600,31.726,30.901,8
15,2,AECI,TEPC,1602871200,31.395,30.42,7
15,2,AECI,TEPC,1604188800,35.41,37.204,5
15,2,AECI,TEPC,1605506400,30.785,33.985,4
15,2,AECI,TEPC,1606824000,26.57,32.651,1
15,2,AECI,TEPC,1608141600,32.48,32.315,4
15,3,AECI,TEPC,1577836800,27.991,27.991,0
15,3,AECI,TEPC,1579154400,30.139,30.139,0
15,3,AECI,TEPC,1580472000,29.202,29.202,0
15,3,AECI,TEPC,1581789600,31.762,32.365,5
15,3,AECI,TEPC,1583107200,29.268,29.645,1
15,3,AECI,TEPC,1584424800,28.433,28.81,2
15,3,AECI,TEPC,1585742400,21.676,21.807,3
15,3,AECI,TEPC,1587060000,24.281,24.321,3
15,3,AECI,TEPC,1588377600,24.602,25.726,1
15,3,AECI,TEPC,1589695200,26.561,26.341,2
15,3,AECI,TEPC,1591012800,24.75,24.75,0
15,3,AECI,TEPC,1592330400,25.968,26.488,3
15,3,AECI,TEPC,1593648000,29.612,30.623,1
15,3,AECI,TEPC,1594965600,28.469,29.102,4
15,3,AECI,TEPC,1596283200,30.11,30.079,2
15,3,AECI,TEPC,1597600800,31.776,33.466,1
15,3,AECI,TEPC,1598918400,30.295,29.995,4
15,3,AECI,TEPC,1600236000,33.519,33.664,2
15,3,AECI,TEPC,1601553600,29.771,29.771,0
15,3,AECI,TEPC,1602871200,30.109,29.771,2
15,3,AECI,TEPC,1604188800,36.131,36.518,3
15,3,AECI,TEPC,1605506400,30.875,33.985,2
15,3,AECI,TEPC,1606824000,26.57,32.651,1
15,3,AECI,TEPC,1608141600,31.713,31.713,0
15,4,AECI,TEPC,1577836800,27.991,27.991,0
15,4,AECI,TEPC,1579154400,30.139,30.139,0
15,4,AECI,TEPC,1580472000,27.59,29.765,2
15,4,AECI,TEPC,1581789600,32.98,31.671,2
15,4,AECI,TEPC,1583107200,29.843,29.645,2
15,4,AECI,TEPC,1584424800,27.833,28.81,2
15,4,AECI,TEPC,1585742400,21.719,21.807,1
15,4,AECI,TEPC,1587060000,24.029,24.321,2
15,4,AECI,TEPC,1588377600,24.536,25.726,1
15,4,AECI,TEPC,1589695200,25.774,25.774,0
15,4,AECI,TEPC,1591012800,24.75,24.75,0
15,4,AECI,TEPC,1592330400,26.028,26.488,1
15,4,AECI,TEPC,1593648000,29.612,30.623,1
15,4,AECI,TEPC,1594965600,28.491,29.102,1
15,4,AECI,TEPC,1596283200,29.488,29.488,0
15,4,AECI,TEPC,1597600800,31.776,33.466,1
15,4,AECI,TEPC,1598918400,29.915,29.995,2
15,4,AECI,TEPC,1600236000,33.056,33.664,1
15,4,AECI,TEPC,1601553600,30.844,30.305,1
15,4,AECI,TEPC,1602871200,29.148,29.148,0
15,4,AECI,TEPC,1604188800,35.771,36.518,2
15,4,AECI,TEPC,1605506400,31.213,33.985,2
15,4,AECI,TEPC,1606824000,26.57,32.651,1
15,4,AECI,TEPC,1608141600,31.713,31.713,0
15,5,AECI,TEPC,1577836800,28.811,28.592,2
15,5,AECI,TEPC,1579154400,31.082,30.785,2
15,5,AECI,TEPC,1580472000,27.272,29.765,4
15,5,AECI,TEPC,1581789600,30.403,32.365,5
15,5,AECI,TEPC,1583107200,26.246,29.645,3
15,5,AECI,TEPC,1584424800,28.381,29.3,6
15,5,AECI,TEPC,1585742400,20.996,22.391,5
15,5,AECI,TEPC,1587060000,23.228,24.688,6
15,5,AECI,TEPC,1588377600,23.808,26.335,5
15,5,AECI,TEPC,1589695200,26.007,26.341,4
15,5,AECI,TEPC,1591012800,25.34,25.314,2
15,5,AECI,TEPC,1592330400,25.984,27.014,7
15,5,AECI,TEPC,1593648000,29.673,31.267,6
15,5,AECI,TEPC,1594965600,27.667,29.102,4
15,5,AECI,TEPC,1596283200,30.323,30.683,7
15,5,AECI,TEPC,1597600800,33.212,34.101,7
15,5,AECI,TEPC,1598918400,32.974,31.745,13
15,5,AECI,TEPC,1600236000,32.244,33.664,4
15,5,AECI,TEPC,1601553600,32.338,31.538,9
15,5,AECI,TEPC,1602871200,31.425,30.42,8
15,5,AECI,TEPC,1604188800,35.2,37.204,5
15,5,AECI,TEPC,1605506400,30.728,33.985,4
15,5,AECI,TEPC,1606824000,26.57,32.651,1
15,5,AECI,TEPC,1608141600,32.397,32.315,4
15,6,AECI,TEPC,1577836800,27.991,27.991,0
15,6,AECI,TEPC,1579154400,30.139,30.139,0
15,6,AECI,TEPC,1580472000,29.202,29.202,0
15,6,AECI,TEPC,1581789600,30.99,30.99,0
15,6,AECI,TEPC,1583107200,28.802,29.645,1
15,6,AECI,TEPC,1584424800,28.31,28.31,0
15,6,AECI,TEPC,1585742400,21.211,21.211,0
15,6,AECI,TEPC,1587060000,23.854,24.321,1
15,6,AECI,TEPC,1588377600,24.602,25.726,1
15,6,AECI,TEPC,1589695200,25.774,25.774,0
15,6,AECI,TEPC,1591012800,24.75,24.75,0
15,6,AECI,TEPC,1592330400,25.959,25.959,0
15,6,AECI,TEPC,1593648000,29.612,30.623,1
15,6,AECI,TEPC,1594965600,28.491,29.102,1
15,6,AECI,TEPC,1596283200,29.488,29.488,0
15,6,AECI,TEPC,1597600800,31.776,33.466,1
15,6,AECI,TEPC,1598918400,29.414,29.414,0
15,6,AECI,TEPC,1600236000,32.936,33.664,1
15,6,AECI,TEPC,1601553600,29.771,29.771,0
15,6,AECI,TEPC,1602871200,29.148,29.148,0
15,6,AECI,TEPC,1604188800,35.762,36.518,1
15,6,AECI,TEPC,1605506400,30.907,33.985,1
15,6,AECI,TEPC,1606824000,26.57,32.651,1
15,6,AECI,TEPC,1608141600,31.713,31.713,0
15,1,BANC,CISO,1577836800,9.634,9.634,0
15,1,BANC,CISO,1579154400,10.303,10.303,0
15,1,BANC,CISO,1580472000,7.054,7.054,0
15,1,BANC,CISO,1581789600,6.604,6.604,0
15,1,BANC,CISO,1583107200,6.624,6.624,0
15,1,BANC,CISO,1584424800,10.526,10.526,0
15,1,BANC,CISO,1585742400,5.601,5.601,0
15,1,BANC,CISO,1587060000,4.209,4.209,0
15,1,BANC,CISO,1588377600,5.401,5.401,0
15,1,BANC,CISO,1589695200,5.33,5.33,0
15,1,BANC,CISO,1591012800,5.354,5.354,0
15,1,BANC,CISO,1592330400,5.102,5.102,0
15,1,BANC,CISO,1593648000,4.762,4.762,0
15,1,BANC,CISO,1594965600,6.975,6.975,0
15,1,BANC,CISO,1596283200,7.162,7.162,0
15,1,BANC,CISO,1597600800,9.88,9.88,0
15,1,BANC,CISO,1598918400,9.479,9.479,0
15,1,BANC,CISO,1600236000,10.129,10.129,0
15,1,BANC,CISO,1601553600,10.238,10.238,0
15,1,BANC,CISO,1602871200,9.381,9.381,0
15,1,BANC,CISO,1604188800,11.003,11.003,0
15,1,BANC,CISO,1605506400,11.81,11.81,0
15,1,BANC,CISO,1606824000,13.726,13.726,0
15,1,BANC,CISO,1608141600,11.62,11.62,0
15,2,BANC,CISO,1577836800,9.618,9.824,4
15,2,BANC,CISO,1579154400,10.583,10.516,4
15,2,BANC,CISO,1580472000,7.212,7.217,2
15,2,BANC,CISO,1581789600,6.582,6.973,5
15,2,BANC,CISO,1583107200,6.609,6.755,4
15,2,BANC,CISO,1584424800,10.774,10.792,4
15,2,BANC,CISO,1585742400,5.495,5.703,4
15,2,BANC,CISO,1587060000,4.303,4.291,3
15,2,BANC,CISO,1588377600,4.752,5.58,6
15,2,BANC,CISO,1589695200,4.562,5.455,4
15,2,BANC,CISO,1591012800,5.552,5.487,2
15,2,BANC,CISO,1592330400,4.992,5.286,6
15,2,BANC,CISO,1593648000,4.789,4.858,4
15,2,BANC,CISO,1594965600,6.87,7.111,4
15,2,BANC,CISO,1596283200,7.022,7.309,4
15,2,BANC,CISO,1597600800,10.192,10.082,2
15,2,BANC,CISO,1598918400,9.354,9.624,4
15,2,BANC,CISO,1600236000,10.444,10.361,4
15,2,BANC,CISO,1601553600,10.555,10.448,4
15,2,BANC,CISO,1602871200,9.934,9.778,5
15,2,BANC,CISO,1604188800,10.934,11.145,4
15,2,BANC,CISO,1605506400,11.448,12.381,7
15,2,BANC,CISO,1606824000,12.65,14.386,7
15,2,BANC,CISO,1608141600,11.073,12.013,7
15,3,BANC,CISO,1577836800,9.917,9.824,2
15,3,BANC,CISO,1579154400,10.303,10.303,0
15,3,BANC,CISO,1580472000,7.054,7.054,0
15,3,BANC,CISO,1581789600,6.726,6.783,1
15,3,BANC,CISO,1583107200,6.705,6.755,2
15,3,BANC,CISO,1584424800,10.526,10.526,0
15,3,BANC,CISO,1585742400,5.601,5.601,0
15,3,BANC,CISO,1587060000,4.306,4.291,1
15,3,BANC,CISO,1588377600,5.496,5.501,3
15,3,BANC,CISO,1589695200,5.354,5.455,2
15,3,BANC,CISO,1591012800,5.354,5.354,0
15,3,BANC,CISO,1592330400,5.196,5.195,2
15,3,BANC,CISO,1593648000,4.831,4.858,2
15,3,BANC,CISO,1594965600,6.975,6.975,0
15,3,BANC,CISO,1596283200,7.162,7.162,0
15,3,BANC,CISO,1597600800,9.88,9.88,0
15,3,BANC,CISO,1598918400,9.78,9.624,4
15,3,BANC,CISO,1600236000,10.129,10.129,0
15,3,BANC,CISO,1601553600,10.238,10.238,0
15,3,BANC,CISO,1602871200,9.561,9.578,1
15,3,BANC,CISO,1604188800,11.003,11.003,0
15,3,BANC,CISO,1605506400,11.884,12.095,3
15,3,BANC,CISO,1606824000,11.947,14.057,1
15,3,BANC,CISO,1608141600,11.722,11.808,3
15,4,BANC,CISO,1577836800,9.634,9.634,0
15,4,BANC,CISO,1579154400,10.303,10.303,0
15,4,BANC,CISO,1580472000,7.054,7.054,0
15,4,BANC,CISO,1581789600,6.604,6.604,0
15,4,BANC,CISO,1583107200,6.624,6.624,0
15,4,BANC,CISO,1584424800,10.526,10.526,0
15,4,BANC,CISO,1585742400,5.601,5.601,0
15,4,BANC,CISO,1587060000,4.209,4.209,0
15,4,BANC,CISO,1588377600,5.401,5.401,0
15,4,BANC,CISO,1589695200,5.221,5.455,1
15,4,BANC,CISO,1591012800,5.354,5.354,0
15,4,BANC,CISO,1592330400,5.102,5.102,0
15,4,BANC,CISO,1593648000,4.762,4.762,0
15,4,BANC,CISO,1594965600,6.975,6.975,0
15,4,BANC,CISO,1596283200,7.162,7.162,0
15,4,BANC,CISO,1597600800,9.88,9.88,0
15,4,BANC,CISO,1598918400,9.479,9.479,0
15,4,BANC,CISO,1600236000,10.129,10.129,0
15,4,BANC,CISO,1601553600,10.238,10.238,0
15,4,BANC,CISO,1602871200,9.381,9.381,0
15,4,BANC,CISO,1604188800,11.003,11.003,0
15,4,BANC,CISO,1605506400,11.194,12.095,1
15,4,BANC,CISO,1606824000,11.947,14.057,1
15,4,BANC,CISO,1608141600,11.129,11.808,2
15,5,BANC,CISO,1577836800,9.468,9.824,4
15,5,BANC,CISO,1579154400,10.419,10.516,4
15,5,BANC,CISO,1580472000,7.184,7.217,2
15,5,BANC,CISO,1581789600,6.335,6.973,5
15,5,BANC,CISO,1583107200,6.498,6.755,4
15,5,BANC,CISO,1584424800,10.521,10.792,4
15,5,BANC,CISO,1585742400,5.316,5.703,4
15,5,BANC,CISO,1587060000,4.291,4.291,3
15,5,BANC,CISO,1588377600,4.452,5.501,4
15,5,BANC,CISO,1589695200,4.504,5.455,4
15,5,BANC,CISO,1591012800,5.534,5.487,2
15,5,BANC,CISO,1592330400,4.913,5.286,7
15,5,BANC,CISO,1593648000,4.743,4.858,4
15,5,BANC,CISO,1594965600,6.801,7.111,4
15,5,BANC,CISO,1596283200,6.981,7.309,4
15,5,BANC,CISO,1597600800,10.177,10.082,2
15,5,BANC,CISO,1598918400,9.28,9.624,4
15,5,BANC,CISO,1600236000,10.371,10.361,4
15,5,BANC,CISO,1601553600,10.5,10.448,4
15,5,BANC,CISO,1602871200,9.632,9.578,3
15,5,BANC,CISO,1604188800,10.832,11.145,4
15,5,BANC,CISO,1605506400,11.239,12.381,7
15,5,BANC,CISO,1606824000,12.515,14.386,8
15,5,BANC,CISO,1608141600,10.7,12.013,7
15,6,BANC,CISO,1577836800,9.634,9.634,0
15,6,BANC,CISO,1579154400,10.303,10.303,0
15,6,BANC,CISO,1580472000,7.054,7.054,0
15,6,BANC,CISO,1581789600,6.604,6.604,0
15,6,BANC,CISO,1583107200,6.624,6.624,0
15,6,BANC,CISO,1584424800,10.526,10.526,0
15,6,BANC,CISO,1585742400,5.601,5.601,0
15,6,BANC,CISO,1587060000,4.209,4.209,0
15,6,BANC,CISO,1588377600,5.352,5.501,1
15,6,BANC,CISO,1589695200,5.09,5.455,2
15,6,BANC,CISO,1591012800,5.354,5.354,0
15,6,BANC,CISO,1592330400,5.102,5.102,0
15,6,BANC,CISO,1593648000,4.762,4.762,0
15,6,BANC,CISO,1594965600,6.975,6.975,0
15,6,BANC,CISO,1596283200,7.162,7.162,0
15,6,BANC,CISO,1597600800,9.88,9.88,0
15,6,BANC,CISO,1598918400,9.476,9.624,1
15,6,BANC,CISO,1600236000,10.129,10.129,0
15,6,BANC,CISO,1601553600,10.238,10.238,0
15,6,BANC,CISO,1602871200,9.381,9.381,0
15,6,BANC,CISO,1604188800,11.003,11.003,0
15,6,BANC,CISO,1605506400,11.72,12.095,1
15,6,BANC,CISO,1606824000,11.947,14.057,1
15,6,BANC,CISO,1608141600,11.62,11.62,0
15,1,CISO,BANC,1577836800,12.402,12.402,0
15,1,CISO,BANC,1579154400,13.357,13.357,0
15,1,CISO,BANC,1580472000,11.216,11.216,0
15,1,CISO,BANC,1581789600,9.848,9.848,0
15,1,CISO,BANC,1583107200,9.903,9.903,0
15,1,CISO,BANC,1584424800,12.883,12.883,0
15,1,CISO,BANC,1585742400,7.582,7.582,0
15,1,CISO,BANC,1587060000,7.672,7.672,0
15,1,CISO,BANC,1588377600,5.359,5.359,0
15,1,CISO,BANC,1589695200,5.976,5.976,0
15,1,CISO,BANC,1591012800,9.004,9.004,0
15,1,CISO,BANC,1592330400,6.312,6.312,0
15,1,CISO,BANC,1593648000,7.005,7.005,0
15,1,CISO,BANC,1594965600,8.607,8.607,0
15,1,CISO,BANC,1596283200,8.788,8.788,0
15,1,CISO,BANC,1597600800,12.113,12.113,0
15,1,CISO,BANC,1598918400,10.471,10.471,0
15,1,CISO,BANC,1600236000,12.075,12.075,0
15,1,CISO,BANC,1601553600,12.36,12.36,0
15,1,CISO,BANC,1602871200,13.505,13.505,0
15,1,CISO,BANC,1604188800,13.674,13.674,0
15,1,CISO,BANC,1605506400,11.755,11.755,0
15,1,CISO,BANC,1606824000,11.541,11.541,0
15,1,CISO,BANC,1608141600,11.483,11.483,0
15,2,CISO,BANC,1577836800,9.98,13.026,5
15,2,CISO,BANC,1579154400,11.015,14.02,5
15,2,CISO,BANC,1580472000,7.407,11.477,3
15,2,CISO,BANC,1581789600,6.386,9.97,4
15,2,CISO,BANC,1583107200,6.77,10.307,5
15,2,CISO,BANC,1584424800,11.197,13.466,5
15,2,CISO,BANC,1585742400,5.732,7.964,5
15,2,CISO,BANC,1587060000,4.252,7.748,2
15,2,CISO,BANC,1588377600,4.559,5.425,4
15,2,CISO,BANC,1589695200,4.793,6.257,5
15,2,CISO,BANC,1591012800,5.675,9.23,3
15,2,CISO,BANC,1592330400,4.908,6.512,5
15,2,CISO,BANC,1593648000,4.944,7.305,5
15,2,CISO,BANC,1594965600,7.167,9.046,5
15,2,CISO,BANC,1596283200,7.266,9.156,5
15,2,CISO,BANC,1597600800,10.135,12.335,1
15,2,CISO,BANC,1598918400,9.597,10.909,5
15,2,CISO,BANC,1600236000,10.787,12.63,5
15,2,CISO,BANC,1601553600,10.892,12.894,5
15,2,CISO,BANC,1602871200,9.716,13.665,4
15,2,CISO,BANC,1604188800,11.225,14.249,5
15,2,CISO,BANC,1605506400,11.639,12.272,8
15,2,CISO,BANC,1606824000,12.519,12.096,6
15,2,CISO,BANC,1608141600,11.131,11.812,8
15,3,CISO,BANC,1577836800,10.026,12.704,1
15,3,CISO,BANC,1579154400,10.725,13.688,1
15,3,CISO,BANC,1580472000,7.412,11.477,1
15,3,CISO,BANC,1581789600,6.73,9.97,2
15,3,CISO,BANC,1583107200,6.735,10.08,3
15,3,CISO,BANC,1584424800,10.963,13.177,1
15,3,CISO,BANC,1585742400,5.859,7.771,1
15,3,CISO,BANC,1587060000,4.303,7.748,2
15,3,CISO,BANC,1588377600,5.397,5.425,2
15,3,CISO,BANC,1589695200,5.386,6.12,3
15,3,CISO,BANC,1591012800,5.61,9.23,1
15,3,CISO,BANC,1592330400,5.158,6.409,3
15,3,CISO,BANC,1593648000,4.838,7.141,3
15,3,CISO,BANC,1594965600,7.242,8.825,1
15,3,CISO,BANC,1596283200,7.417,8.975,1
15,3,CISO,BANC,1597600800,10.128,12.335,1
15,3,CISO,BANC,1598918400,9.726,10.673,3
15,3,CISO,BANC,1600236000,10.494,12.356,1
15,3,CISO,BANC,1601553600,10.587,12.627,1
15,3,CISO,BANC,1602871200,9.599,13.665,2
15,3,CISO,BANC,1604188800,11.303,13.941,1
15,3,CISO,BANC,1605506400,11.989,12.014,2
15,3,CISO,BANC,1606824000,11.541,11.541,0
15,3,CISO,BANC,1608141600,11.683,11.648,2
15,4,CISO,BANC,1577836800,10.026,12.704,1
15,4,CISO,BANC,1579154400,10.725,13.688,1
15,4,CISO,BANC,1580472000,7.412,11.477,1
15,4,CISO,BANC,1581789600,6.787,9.97,1
15,4,CISO,BANC,1583107200,6.807,10.08,1
15,4,CISO,BANC,1584424800,10.963,13.177,1
15,4,CISO,BANC,1585742400,5.859,7.771,1
15,4,CISO,BANC,1587060000,4.289,7.748,1
15,4,CISO,BANC,1588377600,5.642,5.425,1
15,4,CISO,BANC,1589695200,5.332,6.12,2
15,4,CISO,BANC,1591012800,5.61,9.23,1
15,4,CISO,BANC,1592330400,5.157,6.409,1
15,4,CISO,BANC,1593648000,4.919,7.141,1
15,4,CISO,BANC,1594965600,7.242,8.825,1
15,4,CISO,BANC,1596283200,7.417,8.975,1
15,4,CISO,BANC,1597600800,10.128,12.335,1
15,4,CISO,BANC,1598918400,9.721,10.673,1
15,4,CISO,BANC,1600236000,10.494,12.356,1
15,4,CISO,BANC,1601553600,10.587,12.627,1
15,4,CISO,BANC,1602871200,9.626,13.665,1
15,4,CISO,BANC,1604188800,11.303,13.941,1
15,4,CISO,BANC,1605506400,11.385,12.014,2
15,4,CISO,BANC,1606824000,11.541,11.541,0
15,4,CISO,BANC,1608141600,11.089,11.648,1
15,5,CISO,BANC,1577836800,9.829,13.026,5
15,5,CISO,BANC,1579154400,10.851,14.02,5
15,5,CISO,BANC,1580472000,7.379,11.477,3
15,5,CISO,BANC,1581789600,6.139,9.97,4
15,5,CISO,BANC,1583107200,6.659,10.307,5
15,5,CISO,BANC,1584424800,10.944,13.466,5
15,5,CISO,BANC,1585742400,5.553,7.964,5
15,5,CISO,BANC,1587060000,4.24,7.748,2
15,5,CISO,BANC,1588377600,4.514,5.522,5
15,5,CISO,BANC,1589695200,4.735,6.257,5
15,5,CISO,BANC,1591012800,5.657,9.23,3
15,5,CISO,BANC,1592330400,4.828,6.512,6
15,5,CISO,BANC,1593648000,4.898,7.305,5
15,5,CISO,BANC,1594965600,7.098,9.046,5
15,5,CISO,BANC,1596283200,7.226,9.156,5
15,5,CISO,BANC,1597600800,10.12,12.335,1
15,5,CISO,BANC,1598918400,9.524,10.909,5
15,5,CISO,BANC,1600236000,10.714,12.63,5
15,5,CISO,BANC,1601553600,10.836,12.894,5
15,5,CISO,BANC,1602871200,9.681,13.665,4
15,5,CISO,BANC,1604188800,11.124,14.249,5
15,5,CISO,BANC,1605506400,11.43,12.272,8
15,5,CISO,BANC,1606824000,12.384,12.096,7
15,5,CISO,BANC,1608141600,10.66,11.812,6
15,6,CISO,BANC,1577836800,10.026,12.704,1
15,6,CISO,BANC,1579154400,10.725,13.688,1
15,6,CISO,BANC,1580472000,7.412,11.477,1
15,6,CISO,BANC,1581789600,6.787,9.97,1
15,6,CISO,BANC,1583107200,6.807,10.08,1
15,6,CISO,BANC,1584424800,10.963,13.177,1
15,6,CISO,BANC,1585742400,5.859,7.771,1
15,6,CISO,BANC,1587060000,4.289,7.748,1
15,6,CISO,BANC,1588377600,5.359,5.359,0
15,6,CISO,BANC,1589695200,5.201,6.12,3
15,6,CISO,BANC,1591012800,5.61,9.23,1
15,6,CISO,BANC,1592330400,5.157,6.409,1
15,6,CISO,BANC,1593648000,4.919,7.141,1
15,6,CISO,BANC,1594965600,7.242,8.825,1
15,6,CISO,BANC,1596283200,7.417,8.975,1
15,6,CISO,BANC,1597600800,10.128,12.335,1
15,6,CISO,BANC,1598918400,9.572,10.673,2
15,6,CISO,BANC,1600236000,10.494,12.356,1
15,6,CISO,BANC,1601553600,10.587,12.627,1
15,6,CISO,BANC,1602871200,9.626,13.665,1
15,6,CISO,BANC,1604188800,11.303,13.941,1
15,6,CISO,BANC,1605506400,11.755,11.755,0
15,6,CISO,BANC,1606824000,11.541,11.541,0
15,6,CISO,BANC,1608141600,11.43,11.648,1
15,1,EPE,AECI,1577836800,26.946,26.946,0
15,1,EPE,AECI,1579154400,27.639,27.639,0
15,1,EPE,AECI,1580472000,24.201,24.201,0
15,1,EPE,AECI,1581789600,23.463,23.463,0
15,1,EPE,AECI,1583107200,27.005,27.005,0
15,1,EPE,AECI,1584424800,27.241,27.241,0
15,1,EPE,AECI,1585742400,21.947,21.947,0
15,1,EPE,AECI,1587060000,22.891,22.891,0
15,1,EPE,AECI,1588377600,24.48,24.48,0
15,1,EPE,AECI,1589695200,25.238,25.238,0
15,1,EPE,AECI,1591012800,26.114,26.114,0
15,1,EPE,AECI,1592330400,26.021,26.021,0
15,1,EPE,AECI,1593648000,26.402,26.402,0
15,1,EPE,AECI,1594965600,27.925,27.925,0
15,1,EPE,AECI,1596283200,27.295,27.295,0
15,1,EPE,AECI,1597600800,28.635,28.635,0
15,1,EPE,AECI,1598918400,27.13,27.13,0
15,1,EPE,AECI,1600236000,26.63,26.63,0
15,1,EPE,AECI,1601553600,29.343,29.343,0
15,1,EPE,AECI,1602871200,29.864,29.864,0
15,1,EPE,AECI,1604188800,28.659,28.659,0
15,1,EPE,AECI,1605506400,27.195,27.195,0
15,1,EPE,AECI,1606824000,26.511,26.511,0
15,1,EPE,AECI,1608141600,28.727,28.727,0
15,2,EPE,AECI,1577836800,28.862,28.14,8
15,2,EPE,AECI,1579154400,28.502,28.24,2
15,2,EPE,AECI,1580472000,24.325,24.759,2
15,2,EPE,AECI,1581789600,23.463,23.463,0
15,2,EPE,AECI,1583107200,26.811,27.594,4
15,2,EPE,AECI,1584424800,28.604,28.334,7
15,2,EPE,AECI,1585742400,21.248,22.441,4
15,2,EPE,AECI,1587060000,22.998,23.297,4
15,2,EPE,AECI,1588377600,23.994,24.965,4
15,2,EPE,AECI,1589695200,26.331,26.415,7
15,2,EPE,AECI,1591012800,26.118,27.251,8
15,2,EPE,AECI,1592330400,26.616,27.056,6
15,2,EPE,AECI,1593648000,27.53,26.945,4
15,2,EPE,AECI,1594965600,28.926,29.166,5
15,2,EPE,AECI,1596283200,29.166,28.491,6
15,2,EPE,AECI,1597600800,29.504,29.159,2
15,2,EPE,AECI,1598918400,28.273,27.701,4
15,2,EPE,AECI,1600236000,26.63,26.63,0
15,2,EPE,AECI,1601553600,28.826,30.029,3
15,2,EPE,AECI,1602871200,28.704,30.447,4
15,2,EPE,AECI,1604188800,29.659,29.244,4
15,2,EPE,AECI,1605506400,27.724,27.785,1
15,2,EPE,AECI,1606824000,27.431,27.136,2
15,2,EPE,AECI,1608141600,31.002,29.84,8
15,3,EPE,AECI,1577836800,26.946,26.946,0
15,3,EPE,AECI,1579154400,27.639,27.639,0
15,3,EPE,AECI,1580472000,24.738,24.759,2
15,3,EPE,AECI,1581789600,23.463,23.463,0
15,3,EPE,AECI,1583107200,27.005,27.005,0
15,3,EPE,AECI,1584424800,27.719,27.805,1
15,3,EPE,AECI,1585742400,21.785,22.441,4
15,3,EPE,AECI,1587060000,22.891,22.891,0
15,3,EPE,AECI,1588377600,24.48,24.48,0
15,3,EPE,AECI,1589695200,25.928,25.814,1
15,3,EPE,AECI,1591012800,25.556,26.713,1
15,3,EPE,AECI,1592330400,26.404,26.538,2
15,3,EPE,AECI,1593648000,26.402,26.402,0
15,3,EPE,AECI,1594965600,28.658,28.543,3
15,3,EPE,AECI,1596283200,27.962,27.913,1
15,3,EPE,AECI,1597600800,28.635,28.635,0
15,3,EPE,AECI,1598918400,27.965,27.701,2
15,3,EPE,AECI,1600236000,26.63,26.63,0
15,3,EPE,AECI,1601553600,30.017,30.029,1
15,3,EPE,AECI,1602871200,29.909,30.447,2
15,3,EPE,AECI,1604188800,28.659,28.659,0
15,3,EPE,AECI,1605506400,27.726,27.785,1
15,3,EPE,AECI,1606824000,27.45,27.136,2
15,3,EPE,AECI,1608141600,29.593,29.287,2
15,4,EPE,AECI,1577836800,26.946,26.946,0
15,4,EPE,AECI,1579154400,27.639,27.639,0
15,4,EPE,AECI,1580472000,24.201,24.201,0
15,4,EPE,AECI,1581789600,23.463,23.463,0
15,4,EPE,AECI,1583107200,27.005,27.005,0
15,4,EPE,AECI,1584424800,27.241,27.241,0
15,4,EPE,AECI,1585742400,21.763,22.441,2
15,4,EPE,AECI,1587060000,24.075,23.297,1
15,4,EPE,AECI,1588377600,24.48,24.48,0
15,4,EPE,AECI,1589695200,25.474,25.814,3
15,4,EPE,AECI,1591012800,25.393,26.713,1
15,4,EPE,AECI,1592330400,26.259,26.538,1
15,4,EPE,AECI,1593648000,26.402,26.402,0
15,4,EPE,AECI,1594965600,27.925,27.925,0
15,4,EPE,AECI,1596283200,27.295,27.295,0
15,4,EPE,AECI,1597600800,28.635,28.635,0
15,4,EPE,AECI,1598918400,27.13,27.13,0
15,4,EPE,AECI,1600236000,26.63,26.63,0
15,4,EPE,AECI,1601553600,29.531,30.029,1
15,4,EPE,AECI,1602871200,29.877,30.447,2
15,4,EPE,AECI,1604188800,28.659,28.659,0
15,4,EPE,AECI,1605506400,27.195,27.195,0
15,4,EPE,AECI,1606824000,26.511,26.511,0
15,4,EPE,AECI,1608141600,28.727,28.727,0
15,5,EPE,AECI,1577836800,28.709,28.14,8
15,5,EPE,AECI,1579154400,28.419,28.24,2
15,5,EPE,AECI,1580472000,24.29,24.759,2
15,5,EPE,AECI,1581789600,23.463,23.463,0
15,5,EPE,AECI,1583107200,26.635,27.594,4
15,5,EPE,AECI,1584424800,28.526,28.334,7
15,5,EPE,AECI,1585742400,21.159,22.441,4
15,5,EPE,AECI,1587060000,23.356,23.711,5
15,5,EPE,AECI,1588377600,23.868,24.965,4
15,5,EPE,AECI,1589695200,26.155,26.415,7
15,5,EPE,AECI,1591012800,25.623,27.251,6
15,5,EPE,AECI,1592330400,26.525,27.056,7
15,5,EPE,AECI,1593648000,27.383,26.945,4
15,5,EPE,AECI,1594965600,28.749,29.166,5
15,5,EPE,AECI,1596283200,28.103,27.913,4
15,5,EPE,AECI,1597600800,29.45,29.159,2
15,5,EPE,AECI,1598918400,28.97,28.289,5
15,5,EPE,AECI,1600236000,27.356,27.225,1
15,5,EPE,AECI,1601553600,28.713,30.029,3
15,5,EPE,AECI,1602871200,28.643,30.447,4
15,5,EPE,AECI,1604188800,29.549,29.244,4
15,5,EPE,AECI,1605506400,27.713,27.785,1
15,5,EPE,AECI,1606824000,27.414,27.136,2
15,5,EPE,AECI,1608141600,31.734,30.397,10
15,6,EPE,AECI,1577836800,26.946,26.946,0
15,6,EPE,AECI,1579154400,27.639,27.639,0
15,6,EPE,AECI,1580472000,24.167,24.759,1
15,6,EPE,AECI,1581789600,23.463,23.463,0
15,6,EPE,AECI,1583107200,27.005,27.005,0
15,6,EPE,AECI,1584424800,27.241,27.241,0
15,6,EPE,AECI,1585742400,21.881,22.441,1
15,6,EPE,AECI,1587060000,22.891,22.891,0
15,6,EPE,AECI,1588377600,24.48,24.48,0
15,6,EPE,AECI,1589695200,25.238,25.238,0
15,6,EPE,AECI,1591012800,25.556,26.713,1
15,6,EPE,AECI,1592330400,25.928,26.538,1
15,6,EPE,AECI,1593648000,26.402,26.402,0
15,6,EPE,AECI,1594965600,27.925,27.925,0
15,6,EPE,AECI,1596283200,27.295,27.295,0
15,6,EPE,AECI,1597600800,28.635,28.635,0
15,6,EPE,AECI,1598918400,27.13,27.13,0
15,6,EPE,AECI,1600236000,26.63,26.63,0
15,6,EPE,AECI,1601553600,29.262,30.029,1
15,6,EPE,AECI,1602871200,29.849,30.447,1
15,6,EPE,AECI,1604188800,28.659,28.659,0
15,6,EPE,AECI,1605506400,27.195,27.195,0
15,6,EPE,AECI,1606824000,26.511,26.511,0
15,6,EPE,AECI,1608141600,28.727,28.727,0
15,1,EPE,PSCO,1577836800,26.946,26.946,0
15,1,EPE,PSCO,1579154400,27.639,27.639,0
15,1,EPE,PSCO,1580472000,24.201,24.201,0
15,1,EPE,PSCO,1581789600,23.463,23.463,0
15,1,EPE,PSCO,1583107200,27.005,27.005,0
15,1,EPE,PSCO,1584424800,27.241,27.241,0
15,1,EPE,PSCO,1585742400,21.947,21.947,0
15,1,EPE,PSCO,1587060000,22.891,22.891,0
15,1,EPE,PSCO,1588377600,24.48,24.48,0
15,1,EPE,PSCO,1589695200,25.238,25.238,0
15,1,EPE,PSCO,1591012800,26.114,26.114,0
15,1,EPE,PSCO,1592330400,26.021,26.021,0
15,1,EPE,PSCO,1593648000,26.402,26.402,0
15,1,EPE,PSCO,1594965600,27.925,27.925,0
15,1,EPE,PSCO,1596283200,27.295,27.295,0
15,1,EPE,PSCO,1597600800,28.635,28.635,0
15,1,EPE,PSCO,1598918400,27.13,27.13,0
15,1,EPE,PSCO,1600236000,26.63,26.63,0
15,1,EPE,PSCO,1601553600,29.343,29.343,0
15,1,EPE,PSCO,1602871200,29.864,29.864,0
15,1,EPE,PSCO,1604188800,28.659,28.659,0
15,1,EPE,PSCO,1605506400,27.195,27.195,0
15,1,EPE,PSCO,1606824000,26.511,26.511,0
15,1,EPE,PSCO,1608141600,28.727,28.727,0
15,2,EPE,PSCO,1577836800,26.608,27.54,4
15,2,EPE,PSCO,1579154400,24.108,28.843,5
15,2,EPE,PSCO,1580472000,24.487,25.864,9
15,2,EPE,PSCO,1581789600,24.898,24.336,6
15,2,EPE,PSCO,1583107200,27.213,28.19,5
15,2,EPE,PSCO,1584424800,28.585,28.334,6
15,2,EPE,PSCO,1585742400,22.12,22.441,2
15,2,EPE,PSCO,1587060000,23.358,23.297,2
15,2,EPE,PSCO,1588377600,25.1,25.485,7
15,2,EPE,PSCO,1589695200,22.739,25.814,3
15,2,EPE,PSCO,1591012800,27.336,26.713,4
15,2,EPE,PSCO,1592330400,24.149,26.538,3
15,2,EPE,PSCO,1593648000,25.081,27.508,5
15,2,EPE,PSCO,1594965600,28.262,29.166,5
15,2,EPE,PSCO,1596283200,26.801,28.491,5
15,2,EPE,PSCO,1597600800,25.868,29.159,4
15,2,EPE,PSCO,1598918400,27.727,27.701,2
15,2,EPE,PSCO,1600236000,24.145,27.838,5
15,2,EPE,PSCO,1601553600,27.47,30.701,7
15,2,EPE,PSCO,1602871200,28.478,31.021,6
15,2,EPE,PSCO,1604188800,30.032,29.832,7
15,2,EPE,PSCO,1605506400,26.998,28.366,5
15,2,EPE,PSCO,1606824000,20.33,27.136,1
15,2,EPE,PSCO,1608141600,23.666,29.287,1
15,3,EPE,PSCO,1577836800,27.935,27.54,4
15,3,EPE,PSCO,1579154400,23.089,28.24,1
15,3,EPE,PSCO,1580472000,22.806,24.759,1
15,3,EPE,PSCO,1581789600,23.925,23.904,1
15,3,EPE,PSCO,1583107200,26.784,27.594,1
15,3,EPE,PSCO,1584424800,27.939,27.805,2
15,3,EPE,PSCO,1585742400,21.947,21.947,0
15,3,EPE,PSCO,1587060000,22.891,22.891,0
15,3,EPE,PSCO,1588377600,24.48,24.48,0
15,3,EPE,PSCO,1589695200,23.714,25.814,1
15,3,EPE,PSCO,1591012800,26.114,26.114,0
15,3,EPE,PSCO,1592330400,24.622,26.538,1
15,3,EPE,PSCO,1593648000,24.8,26.945,3
15,3,EPE,PSCO,1594965600,28.392,28.543,1
15,3,EPE,PSCO,1596283200,27.411,27.913,1
15,3,EPE,PSCO,1597600800,25.786,29.159,2
15,3,EPE,PSCO,1598918400,27.13,27.13,0
15,3,EPE,PSCO,1600236000,23.878,27.225,1
15,3,EPE,PSCO,1601553600,26.808,30.029,1
15,3,EPE,PSCO,1602871200,27.982,30.447,2
15,3,EPE,PSCO,1604188800,28.659,28.659,0
15,3,EPE,PSCO,1605506400,27.715,27.785,3
15,3,EPE,PSCO,1606824000,20.33,27.136,1
15,3,EPE,PSCO,1608141600,23.666,29.287,1
15,4,EPE,PSCO,1577836800,26.916,27.54,2
15,4,EPE,PSCO,1579154400,23.089,28.24,1
15,4,EPE,PSCO,1580472000,22.806,24.759,1
15,4,EPE,PSCO,1581789600,23.463,23.463,0
15,4,EPE,PSCO,1583107200,26.403,27.594,1
15,4,EPE,PSCO,1584424800,27.241,27.241,0
15,4,EPE,PSCO,1585742400,21.947,21.947,0
15,4,EPE,PSCO,1587060000,22.891,22.891,0
15,4,EPE,PSCO,1588377600,25.544,24.965,1
15,4,EPE,PSCO,1589695200,23.297,25.814,1
15,4,EPE,PSCO,1591012800,26.114,26.114,0
15,4,EPE,PSCO,1592330400,25.076,26.538,2
15,4,EPE,PSCO,1593648000,24.697,26.945,1
15,4,EPE,PSCO,1594965600,27.925,27.925,0
15,4,EPE,PSCO,1596283200,26.179,27.913,1
15,4,EPE,PSCO,1597600800,25.933,29.159,2
15,4,EPE,PSCO,1598918400,29.061,27.701,1
15,4,EPE,PSCO,1600236000,23.878,27.225,1
15,4,EPE,PSCO,1601553600,26.808,30.029,1
15,4,EPE,PSCO,1602871200,28.052,30.447,1
15,4,EPE,PSCO,1604188800,28.659,28.659,0
15,4,EPE,PSCO,1605506400,28.007,27.785,1
15,4,EPE,PSCO,1606824000,20.33,27.136,1
15,4,EPE,PSCO,1608141600,23.666,29.287,1
15,5,EPE,PSCO,1577836800,26.449,27.54,4
15,5,EPE,PSCO,1579154400,23.844,28.843,5
15,5,EPE,PSCO,1580472000,24.381,25.864,9
15,5,EPE,PSCO,1581789600,24.796,24.336,6
15,5,EPE,PSCO,1583107200,27.043,28.19,5
15,5,EPE,PSCO,1584424800,28.457,28.334,6
15,5,EPE,PSCO,1585742400,21.957,22.441,2
15,5,EPE,PSCO,1587060000,23.299,23.297,2
15,5,EPE,PSCO,1588377600,24.912,25.485,7
15,5,EPE,PSCO,1589695200,22.668,25.814,3
15,5,EPE,PSCO,1591012800,26.942,26.713,2
15,5,EPE,PSCO,1592330400,24.103,26.538,4
15,5,EPE,PSCO,1593648000,24.985,27.508,5
15,5,EPE,PSCO,1594965600,28.154,29.166,5
15,5,EPE,PSCO,1596283200,26.742,28.491,5
15,5,EPE,PSCO,1597600800,25.803,29.159,4
15,5,EPE,PSCO,1598918400,27.688,27.701,2
15,5,EPE,PSCO,1600236000,24.017,27.838,5
15,5,EPE,PSCO,1601553600,27.208,30.701,7
15,5,EPE,PSCO,1602871200,28.357,31.021,6
15,5,EPE,PSCO,1604188800,29.852,29.832,7
15,5,EPE,PSCO,1605506400,26.92,28.366,5
15,5,EPE,PSCO,1606824000,20.33,27.136,1
15,5,EPE,PSCO,1608141600,23.666,29.287,1
15,6,EPE,PSCO,1577836800,26.861,27.54,1
15,6,EPE,PSCO,1579154400,23.089,28.24,1
15,6,EPE,PSCO,1580472000,22.806,24.759,1
15,6,EPE,PSCO,1581789600,23.463,23.463,0
15,6,EPE,PSCO,1583107200,26.784,27.594,1
15,6,EPE,PSCO,1584424800,27.241,27.241,0
15,6,EPE,PSCO,1585742400,21.947,21.947,0
15,6,EPE,PSCO,1587060000,22.891,22.891,0
15,6,EPE,PSCO,1588377600,24.48,24.48,0
15,6,EPE,PSCO,1589695200,23.714,25.814,1
15,6,EPE,PSCO,1591012800,26.114,26.114,0
15,6,EPE,PSCO,1592330400,24.622,26.538,1
15,6,EPE,PSCO,1593648000,24.697,26.945,1
15,6,EPE,PSCO,1594965600,27.925,27.925,0
15,6,EPE,PSCO,1596283200,27.179,27.913,1
15,6,EPE,PSCO,1597600800,25.985,29.159,1
15,6,EPE,PSCO,1598918400,27.13,27.13,0
15,6,EPE,PSCO,1600236000,23.878,27.225,1
15,6,EPE,PSCO,1601553600,26.808,30.029,1
15,6,EPE,PSCO,1602871200,28.052,30.447,1
15,6,EPE,PSCO,1604188800,28.659,28.659,0
15,6,EPE,PSCO,1605506400,27.13,27.785,1
15,6,EPE,PSCO,1606824000,20.33,27.136,1
15,6,EPE,PSCO,1608141600,23.666,29.287,1
15,1,PACE,AECI,1577836800,29.606,29.606,0
15,1,PACE,AECI,1579154400,31.258,31.258,0
15,1,PACE,AECI,1580472000,26.441,26.441,0
15,1,PACE,AECI,1581789600,26.244,26.244,0
15,1,PACE,AECI,1583107200,27.863,27.863,0
15,1,PACE,AECI,1584424800,33.66,33.66,0
15,1,PACE,AECI,1585742400,30.11,30.11,0
15,1,PACE,AECI,1587060000,29.92,29.92,0
15,1,PACE,AECI,1588377600,26.092,26.092,0
15,1,PACE,AECI,1589695200,29.135,29.135,0
15,1,PACE,AECI,1591012800,30.797,30.797,0
15,1,PACE,AECI,1592330400,26.769,26.769,0
15,1,PACE,AECI,1593648000,28.187,28.187,0
15,1,PACE,AECI,1594965600,26.382,26.382,0
15,1,PACE,AECI,1596283200,31.055,31.055,0
15,1,PACE,AECI,1597600800,33.719,33.719,0
15,1,PACE,AECI,1598918400,31.987,31.987,0
15,1,PACE,AECI,1600236000,34.388,34.388,0
15,1,PACE,AECI,1601553600,33.411,33.411,0
15,1,PACE,AECI,1602871200,28.206,28.206,0
15,1,PACE,AECI,1604188800,34.413,34.413,0
15,1,PACE,AECI,1605506400,30.768,30.768,0
15,1,PACE,AECI,1606824000,32.138,32.138,0
15,1,PACE,AECI,1608141600,29.524,29.524,0
15,2,PACE,AECI,1577836800,28.233,30.229,3
15,2,PACE,AECI,1579154400,31.981,32.589,7
15,2,PACE,AECI,1580472000,26.335,27.027,3
15,2,PACE,AECI,1581789600,26.875,26.764,2
15,2,PACE,AECI,1583107200,26.073,28.414,4
15,2,PACE,AECI,1584424800,29.187,34.478,3
15,2,PACE,AECI,1585742400,22.073,30.789,1
15,2,PACE,AECI,1587060000,24.402,30.442,3
15,2,PACE,AECI,1588377600,23.209,26.489,4
15,2,PACE,AECI,1589695200,26.989,30.43,5
15,2,PACE,AECI,1591012800,25.503,31.508,3
15,2,PACE,AECI,1592330400,24.314,27.372,3
15,2,PACE,AECI,1593648000,27.936,28.795,4
15,2,PACE,AECI,1594965600,28.112,27.766,7
15,2,PACE,AECI,1596283200,31.306,32.418,7
15,2,PACE,AECI,1597600800,36.341,35.664,11
15,2,PACE,AECI,1598918400,30.446,32.555,4
15,2,PACE,AECI,1600236000,34.262,35.803,5
15,2,PACE,AECI,1601553600,31.408,35.032,5
15,2,PACE,AECI,1602871200,27.174,28.69,4
15,2,PACE,AECI,1604188800,33.81,35.105,4
15,2,PACE,AECI,1605506400,31.095,31.369,3
15,2,PACE,AECI,1606824000,32.986,33.479,6
15,2,PACE,AECI,1608141600,31.386,30.834,7
15,3,PACE,AECI,1577836800,28.723,30.229,3
15,3,PACE,AECI,1579154400,31.227,31.932,3
15,3,PACE,AECI,1580472000,26.813,27.027,1
15,3,PACE,AECI,1581789600,26.244,26.244,0
15,3,PACE,AECI,1583107200,27.863,27.863,0
15,3,PACE,AECI,1584424800,29.222,34.478,1
15,3,PACE,AECI,1585742400,22.073,30.789,1
15,3,PACE,AECI,1587060000,24.571,30.442,1
15,3,PACE,AECI,1588377600,25.645,26.489,2
15,3,PACE,AECI,1589695200,26.792,29.807,3
15,3,PACE,AECI,1591012800,25.672,31.508,1
15,3,PACE,AECI,1592330400,26.427,27.372,1
15,3,PACE,AECI,1593648000,28.187,28.187,0
15,3,PACE,AECI,1594965600,26.776,27.086,1
15,3,PACE,AECI,1596283200,30.372,31.767,1
15,3,PACE,AECI,1597600800,33.929,34.373,4
15,3,PACE,AECI,1598918400,30.421,32.555,4
15,3,PACE,AECI,1600236000,34.013,35.088,3
15,3,PACE,AECI,1601553600,30.782,34.231,1
15,3,PACE,AECI,1602871200,29.334,29.186,6
15,3,PACE,AECI,1604188800,35.068,35.105,2
15,3,PACE,AECI,1605506400,31.111,31.369,1
15,3,PACE,AECI,1606824000,33.754,33.479,6
15,3,PACE,AECI,1608141600,29.99,30.18,1
15,4,PACE,AECI,1577836800,28.673,30.229,1
15,4,PACE,AECI,1579154400,30.766,31.932,2
15,4,PACE,AECI,1580472000,26.073,27.027,1
15,4,PACE,AECI,1581789600,27.487,26.764,1
15,4,PACE,AECI,1583107200,26.973,28.414,2
15,4,PACE,AECI,1584424800,29.222,34.478,1
15,4,PACE,AECI,1585742400,22.073,30.789,1
15,4,PACE,AECI,1587060000,24.571,30.442,1
15,4,PACE,AECI,1588377600,24.718,26.489,2
15,4,PACE,AECI,1589695200,26.718,29.807,1
15,4,PACE,AECI,1591012800,25.672,31.508,1
15,4,PACE,AECI,1592330400,26.707,27.372,1
15,4,PACE,AECI,1593648000,29.09,28.795,1
15,4,PACE,AECI,1594965600,27.22,27.086,1
15,4,PACE,AECI,1596283200,30.27,31.767,1
15,4,PACE,AECI,1597600800,33.674,34.373,2
15,4,PACE,AECI,1598918400,30.181,32.555,1
15,4,PACE,AECI,1600236000,33.996,35.088,1
15,4,PACE,AECI,1601553600,30.782,34.231,1
15,4,PACE,AECI,1602871200,28.206,28.206,0
15,4,PACE,AECI,1604188800,34.592,35.105,1
15,4,PACE,AECI,1605506400,31.527,31.369,1
15,4,PACE,AECI,1606824000,32.46,32.813,2
15,4,PACE,AECI,1608141600,30.169,30.18,2
15,5,PACE,AECI,1577836800,28.158,30.229,3
15,5,PACE,AECI,1579154400,31.899,32.589,7
15,5,PACE,AECI,1580472000,26.353,27.027,4
15,5,PACE,AECI,1581789600,26.798,26.764,2
15,5,PACE,AECI,1583107200,26.012,28.414,4
15,5,PACE,AECI,1584424800,29.069,34.478,3
15,5,PACE,AECI,1585742400,22.073,30.789,1
15,5,PACE,AECI,1587060000,24.355,30.442,3
15,5,PACE,AECI,1588377600,23.052,26.489,4
15,5,PACE,AECI,1589695200,26.772,30.43,5
15,5,PACE,AECI,1591012800,25.431,31.508,3
15,5,PACE,AECI,1592330400,24.108,27.372,3
15,5,PACE,AECI,1593648000,27.716,28.795,4
15,5,PACE,AECI,1594965600,27.926,27.766,7
15,5,PACE,AECI,1596283200,31.343,32.418,8
15,5,PACE,AECI,1597600800,36.053,35.664,11
15,5,PACE,AECI,1598918400,31.122,33.175,5
15,5,PACE,AECI,1600236000,34.045,35.803,5
15,5,PACE,AECI,1601553600,31.211,35.032,5
15,5,PACE,AECI,1602871200,27.033,28.69,4
15,5,PACE,AECI,1604188800,34.55,35.794,5
15,5,PACE,AECI,1605506400,30.974,31.369,3
15,5,PACE,AECI,1606824000,32.845,33.479,6
15,5,PACE,AECI,1608141600,31.293,30.834,7
15,6,PACE,AECI,1577836800,28.673,30.229,1
15,6,PACE,AECI,1579154400,31.125,31.932,1
15,6,PACE,AECI,1580472000,26.415,27.027,1
15,6,PACE,AECI,1581789600,26.244,26.244,0
15,6,PACE,AECI,1583107200,27.863,27.863,0
15,6,PACE,AECI,1584424800,29.222,34.478,1
15,6,PACE,AECI,1585742400,22.073,30.789,1
15,6,PACE,AECI,1587060000,24.571,30.442,1
15,6,PACE,AECI,1588377600,25.299,26.489,2
15,6,PACE,AECI,1589695200,26.718,29.807,1
15,6,PACE,AECI,1591012800,25.672,31.508,1
15,6,PACE,AECI,1592330400,26.427,27.372,1
15,6,PACE,AECI,1593648000,28.187,28.187,0
15,6,PACE,AECI,1594965600,26.382,26.382,0
15,6,PACE,AECI,1596283200,30.372,31.767,1
15,6,PACE,AECI,1597600800,33.642,34.373,1
15,6,PACE,AECI,1598918400,30.181,32.555,1
15,6,PACE,AECI,1600236000,33.996,35.088,1
15,6,PACE,AECI,1601553600,30.782,34.231,1
15,6,PACE,AECI,1602871200,28.187,28.69,1
15,6,PACE,AECI,1604188800,34.413,34.413,0
15,6,PACE,AECI,1605506400,30.768,30.768,0
15,6,PACE,AECI,1606824000,32.138,32.138,0
15,6,PACE,AECI,1608141600,29.524,29.524,0
15,1,PACE,PSCO,1577836800,29.606,29.606,0
15,1,PACE,PSCO,1579154400,31.258,31.258,0
15,1,PACE,PSCO,1580472000,26.441,26.441,0
15,1,PACE,PSCO,1581789600,26.244,26.244,0
15,1,PACE,PSCO,1583107200,27.863,27.863,0
15,1,PACE,PSCO,1584424800,33.66,33.66,0
15,1,PACE,PSCO,1585742400,30.11,30.11,0
15,1,PACE,PSCO,1587060000,29.92,29.92,0
15,1,PACE,PSCO,1588377600,26.092,26.092,0
15,1,PACE,PSCO,1589695200,29.135,29.135,0
15,1,PACE,PSCO,1591012800,30.797,30.797,0
15,1,PACE,PSCO,1592330400,26.769,26.769,0
15,1,PACE,PSCO,1593648000,28.187,28.187,0
15,1,PACE,PSCO,1594965600,26.382,26.382,0
15,1,PACE,PSCO,1596283200,31.055,31.055,0
15,1,PACE,PSCO,1597600800,33.719,33.719,0
15,1,PACE,PSCO,1598918400,31.987,31.987,0
15,1,PACE,PSCO,1600236000,34.388,34.388,0
15,1,PACE,PSCO,1601553600,33.411,33.411,0
15,1,PACE,PSCO,1602871200,28.206,28.206,0
15,1,PACE,PSCO,1604188800,34.413,34.413,0
15,1,PACE,PSCO,1605506400,30.768,30.768,0
15,1,PACE,PSCO,1606824000,32.138,32.138,0
15,1,PACE,PSCO,1608141600,29.524,29.524,0
15,2,PACE,PSCO,1577836800,28.953,30.854,6
15,2,PACE,PSCO,1579154400,24.699,32.589,7
15,2,PACE,PSCO,1580472000,23.738,27.605,5
15,2,PACE,PSCO,1581789600,26.513,27.272,5
15,2,PACE,PSCO,1583107200,28.626,29.587,9
15,2,PACE,PSCO,1584424800,30.708,34.478,3
15,2,PACE,PSCO,1585742400,27.865,31.485,5
15,2,PACE,PSCO,1587060000,29.595,30.95,8
15,2,PACE,PSCO,1588377600,24.547,26.958,7
15,2,PACE,PSCO,1589695200,23.611,29.807,3
15,2,PACE,PSCO,1591012800,29.577,31.508,3
15,2,PACE,PSCO,1592330400,22.624,27.372,3
15,2,PACE,PSCO,1593648000,24.609,29.433,5
15,2,PACE,PSCO,1594965600,28.502,28.424,9
15,2,PACE,PSCO,1596283200,28.144,32.418,5
15,2,PACE,PSCO,1597600800,26.119,34.373,1
15,2,PACE,PSCO,1598918400,32.765,33.175,7
15,2,PACE,PSCO,1600236000,24.11,35.088,1
15,2,PACE,PSCO,1601553600,28.044,35.032,5
15,2,PACE,PSCO,1602871200,26.504,28.69,4
15,2,PACE,PSCO,1604188800,31.234,35.105,3
15,2,PACE,PSCO,1605506400,28.297,31.977,5
15,2,PACE,PSCO,1606824000,20.526,32.813,1
15,2,PACE,PSCO,1608141600,23.713,30.18,1
15,3,PACE,PSCO,1577836800,27.77,30.229,2
15,3,PACE,PSCO,1579154400,23.303,31.932,1
15,3,PACE,PSCO,1580472000,22.841,27.027,1
15,3,PACE,PSCO,1581789600,26.61,26.764,1
15,3,PACE,PSCO,1583107200,27.06,28.414,3
15,3,PACE,PSCO,1584424800,30.27,34.478,1
15,3,PACE,PSCO,1585742400,27.013,30.789,1
15,3,PACE,PSCO,1587060000,28.954,30.442,2
15,3,PACE,PSCO,1588377600,25.017,26.489,2
15,3,PACE,PSCO,1589695200,23.88,29.807,1
15,3,PACE,PSCO,1591012800,30.356,31.508,1
15,3,PACE,PSCO,1592330400,24.584,27.372,1
15,3,PACE,PSCO,1593648000,24.777,28.795,3
15,3,PACE,PSCO,1594965600,26.835,27.086,1
15,3,PACE,PSCO,1596283200,27.55,31.767,1
15,3,PACE,PSCO,1597600800,26.119,34.373,1
15,3,PACE,PSCO,1598918400,32.211,32.555,2
15,3,PACE,PSCO,1600236000,24.11,35.088,1
15,3,PACE,PSCO,1601553600,27.009,34.231,1
15,3,PACE,PSCO,1602871200,27.763,28.69,4
15,3,PACE,PSCO,1604188800,31.076,35.105,1
15,3,PACE,PSCO,1605506400,27.747,31.369,1
15,3,PACE,PSCO,1606824000,20.526,32.813,1
15,3,PACE,PSCO,1608141600,23.713,30.18,1
15,4,PACE,PSCO,1577836800,27.758,30.229,1
15,4,PACE,PSCO,1579154400,23.303,31.932,1
15,4,PACE,PSCO,1580472000,22.841,27.027,1
15,4,PACE,PSCO,1581789600,26.158,26.764,1
15,4,PACE,PSCO,1583107200,27.003,28.414,1
15,4,PACE,PSCO,1584424800,30.27,34.478,1
15,4,PACE,PSCO,1585742400,27.013,30.789,1
15,4,PACE,PSCO,1587060000,28.929,30.442,1
15,4,PACE,PSCO,1588377600,25.857,26.489,3
15,4,PACE,PSCO,1589695200,23.88,29.807,1
15,4,PACE,PSCO,1591012800,29.905,31.508,1
15,4,PACE,PSCO,1592330400,25.874,27.372,3
15,4,PACE,PSCO,1593648000,24.59,28.795,1
15,4,PACE,PSCO,1594965600,26.831,27.086,1
15,4,PACE,PSCO,1596283200,27.55,31.767,1
15,4,PACE,PSCO,1597600800,26.119,34.373,1
15,4,PACE,PSCO,1598918400,32.567,32.555,3
15,4,PACE,PSCO,1600236000,24.11,35.088,1
15,4,PACE,PSCO,1601553600,27.009,34.231,1
15,4,PACE,PSCO,1602871200,27.992,28.69,1
15,4,PACE,PSCO,1604188800,31.076,35.105,1
15,4,PACE,PSCO,1605506400,27.747,31.369,1
15,4,PACE,PSCO,1606824000,20.526,32.813,1
15,4,PACE,PSCO,1608141600,23.713,30.18,1
15,5,PACE,PSCO,1577836800,28.75,30.854,6
15,5,PACE,PSCO,1579154400,24.496,32.589,7
15,5,PACE,PSCO,1580472000,23.593,27.605,5
15,5,PACE,PSCO,1581789600,26.366,27.272,5
15,5,PACE,PSCO,1583107200,28.368,29.587,9
15,5,PACE,PSCO,1584424800,30.6,34.478,3
15,5,PACE,PSCO,1585742400,27.779,31.485,6
15,5,PACE,PSCO,1587060000,29.389,30.95,8
15,5,PACE,PSCO,1588377600,24.332,26.958,7
15,5,PACE,PSCO,1589695200,23.461,29.807,3
15,5,PACE,PSCO,1591012800,29.532,31.508,3
15,5,PACE,PSCO,1592330400,22.485,27.372,3
15,5,PACE,PSCO,1593648000,24.436,29.433,5
15,5,PACE,PSCO,1594965600,28.252,28.424,9
15,5,PACE,PSCO,1596283200,28.076,32.418,5
15,5,PACE,PSCO,1597600800,26.119,34.373,1
15,5,PACE,PSCO,1598918400,32.62,33.175,7
15,5,PACE,PSCO,1600236000,24.11,35.088,1
15,5,PACE,PSCO,1601553600,27.841,35.032,5
15,5,PACE,PSCO,1602871200,26.368,28.69,4
15,5,PACE,PSCO,1604188800,31.186,35.105,3
15,5,PACE,PSCO,1605506400,28.185,31.977,5
15,5,PACE,PSCO,1606824000,20.526,32.813,1
15,5,PACE,PSCO,1608141600,23.713,30.18,1
15,6,PACE,PSCO,1577836800,27.758,30.229,1
15,6,PACE,PSCO,1579154400,23.303,31.932,1
15,6,PACE,PSCO,1580472000,22.841,27.027,1
15,6,PACE,PSCO,1581789600,26.158,26.764,1
15,6,PACE,PSCO,1583107200,27.003,28.414,1
15,6,PACE,PSCO,1584424800,30.27,34.478,1
15,6,PACE,PSCO,1585742400,27.013,30.789,1
15,6,PACE,PSCO,1587060000,28.929,30.442,1
15,6,PACE,PSCO,1588377600,24.68,26.489,2
15,6,PACE,PSCO,1589695200,23.88,29.807,1
15,6,PACE,PSCO,1591012800,30.356,31.508,1
15,6,PACE,PSCO,1592330400,24.584,27.372,1
15,6,PACE,PSCO,1593648000,24.59,28.795,1
15,6,PACE,PSCO,1594965600,26.382,26.382,0
15,6,PACE,PSCO,1596283200,27.55,31.767,1
15,6,PACE,PSCO,1597600800,26.119,34.373,1
15,6,PACE,PSCO,1598918400,31.987,31.987,0
15,6,PACE,PSCO,1600236000,24.11,35.088,1
15,6,PACE,PSCO,1601553600,27.009,34.231,1
15,6,PACE,PSCO,1602871200,27.213,28.69,2
15,6,PACE,PSCO,1604188800,31.076,35.105,1
15,6,PACE,PSCO,1605506400,27.747,31.369,1
15,6,PACE,PSCO,1606824000,20.526,32.813,1
15,6,PACE,PSCO,1608141600,23.713,30.18,1
15,1,PSCO,EPE,1577836800,26.907,26.907,0
15,1,PSCO,EPE,1579154400,22.413,22.413,0
15,1,PSCO,EPE,1580472000,22.109,22.109,0
15,1,PSCO,EPE,1581789600,27.813,27.813,0
15,1,PSCO,EPE,1583107200,26.075,26.075,0
15,1,PSCO,EPE,1584424800,29.473,29.473,0
15,1,PSCO,EPE,1585742400,26.226,26.226,0
15,1,PSCO,EPE,1587060000,28.177,28.177,0
15,1,PSCO,EPE,1588377600,24.541,24.541,0
15,1,PSCO,EPE,1589695200,23.284,23.284,0
15,1,PSCO,EPE,1591012800,29.454,29.454,0
15,1,PSCO,EPE,1592330400,23.999,23.999,0
15,1,PSCO,EPE,1593648000,24.018,24.018,0
15,1,PSCO,EPE,1594965600,28.389,28.389,0
15,1,PSCO,EPE,1596283200,26.947,26.947,0
15,1,PSCO,EPE,1597600800,25.294,25.294,0
15,1,PSCO,EPE,1598918400,31.306,31.306,0
15,1,PSCO,EPE,1600236000,23.203,23.203,0
15,1,PSCO,EPE,1601553600,26.023,26.023,0
15,1,PSCO,EPE,1602871200,27.041,27.041,0
15,1,PSCO,EPE,1604188800,30.123,30.123,0
15,1,PSCO,EPE,1605506400,27.111,27.111,0
15,1,PSCO,EPE,1606824000,19.648,19.648,0
15,1,PSCO,EPE,1608141600,23.039,23.039,0
15,2,PSCO,EPE,1577836800,27.35,28.232,5
15,2,PSCO,EPE,1579154400,23.436,22.853,4
15,2,PSCO,EPE,1580472000,23.769,23.037,8
15,2,PSCO,EPE,1581789600,25.218,28.694,7
15,2,PSCO,EPE,1583107200,26.545,26.582,4
15,2,PSCO,EPE,1584424800,28.913,30.63,7
15,2,PSCO,EPE,1585742400,22.435,26.863,3
15,2,PSCO,EPE,1587060000,23.686,28.779,3
15,2,PSCO,EPE,1588377600,24.976,25.42,6
15,2,PSCO,EPE,1589695200,22.982,23.634,4
15,2,PSCO,EPE,1591012800,27.175,30.08,3
15,2,PSCO,EPE,1592330400,24.01,24.482,2
15,2,PSCO,EPE,1593648000,24.335,24.488,4
15,2,PSCO,EPE,1594965600,27.535,28.852,4
15,2,PSCO,EPE,1596283200,27.075,27.765,6
15,2,PSCO,EPE,1597600800,26.607,26.524,5
15,2,PSCO,EPE,1598918400,27.471,31.948,1
15,2,PSCO,EPE,1600236000,23.47,23.626,4
15,2,PSCO,EPE,1601553600,27.16,26.96,6
15,2,PSCO,EPE,1602871200,28.176,28.422,5
15,2,PSCO,EPE,1604188800,29.825,31.277,6
15,2,PSCO,EPE,1605506400,26.454,27.519,4
15,2,PSCO,EPE,1606824000,19.648,19.648,0
15,2,PSCO,EPE,1608141600,23.039,23.039,0
15,3,PSCO,EPE,1577836800,27.506,27.578,1
15,3,PSCO,EPE,1579154400,22.413,22.413,0
15,3,PSCO,EPE,1580472000,22.109,22.109,0
15,3,PSCO,EPE,1581789600,24.246,28.249,2
15,3,PSCO,EPE,1583107200,26.075,26.075,0
15,3,PSCO,EPE,1584424800,28.267,30.053,3
15,3,PSCO,EPE,1585742400,22.756,26.863,1
15,3,PSCO,EPE,1587060000,23.626,28.779,1
15,3,PSCO,EPE,1588377600,25.195,24.988,2
15,3,PSCO,EPE,1589695200,23.284,23.284,0
15,3,PSCO,EPE,1591012800,26.862,30.08,1
15,3,PSCO,EPE,1592330400,23.999,23.999,0
15,3,PSCO,EPE,1593648000,24.649,24.488,2
15,3,PSCO,EPE,1594965600,28.536,28.852,2
15,3,PSCO,EPE,1596283200,26.947,26.947,0
15,3,PSCO,EPE,1597600800,25.709,25.908,1
15,3,PSCO,EPE,1598918400,27.686,31.948,1
15,3,PSCO,EPE,1600236000,23.203,23.203,0
15,3,PSCO,EPE,1601553600,26.023,26.023,0
15,3,PSCO,EPE,1602871200,27.501,27.75,1
15,3,PSCO,EPE,1604188800,29.34,30.709,1
15,3,PSCO,EPE,1605506400,27.876,27.519,4
15,3,PSCO,EPE,1606824000,19.648,19.648,0
15,3,PSCO,EPE,1608141600,23.039,23.039,0
15,4,PSCO,EPE,1577836800,27.058,27.578,3
15,4,PSCO,EPE,1579154400,22.413,22.413,0
15,4,PSCO,EPE,1580472000,22.109,22.109,0
15,4,PSCO,EPE,1581789600,24.224,28.249,1
15,4,PSCO,EPE,1583107200,26.075,26.075,0
15,4,PSCO,EPE,1584424800,28.133,30.053,1
15,4,PSCO,EPE,1585742400,22.756,26.863,1
15,4,PSCO,EPE,1587060000,23.626,28.779,1
15,4,PSCO,EPE,1588377600,24.928,24.988,2
15,4,PSCO,EPE,1589695200,23.539,23.634,2
15,4,PSCO,EPE,1591012800,26.862,30.08,1
15,4,PSCO,EPE,1592330400,24.936,24.482,1
15,4,PSCO,EPE,1593648000,24.018,24.018,0
15,4,PSCO,EPE,1594965600,28.182,28.852,1
15,4,PSCO,EPE,1596283200,26.453,27.353,2
15,4,PSCO,EPE,1597600800,25.856,25.908,1
15,4,PSCO,EPE,1598918400,29.046,31.948,2
15,4,PSCO,EPE,1600236000,23.203,23.203,0
15,4,PSCO,EPE,1601553600,26.023,26.023,0
15,4,PSCO,EPE,1602871200,27.041,27.041,0
15,4,PSCO,EPE,1604188800,29.104,30.709,1
15,4,PSCO,EPE,1605506400,27.111,27.111,0
15,4,PSCO,EPE,1606824000,19.648,19.648,0
15,4,PSCO,EPE,1608141600,23.039,23.039,0
15,5,PSCO,EPE,1577836800,27.192,28.232,5
15,5,PSCO,EPE,1579154400,23.172,22.853,4
15,5,PSCO,EPE,1580472000,23.663,23.037,8
15,5,PSCO,EPE,1581789600,25.117,28.694,7
15,5,PSCO,EPE,1583107200,26.374,26.582,4
15,5,PSCO,EPE,1584424800,28.784,30.63,7
15,5,PSCO,EPE,1585742400,22.271,26.863,3
15,5,PSCO,EPE,1587060000,23.628,28.779,3
15,5,PSCO,EPE,1588377600,24.788,25.42,6
15,5,PSCO,EPE,1589695200,22.91,23.634,4
15,5,PSCO,EPE,1591012800,27.091,30.08,3
15,5,PSCO,EPE,1592330400,23.964,24.482,3
15,5,PSCO,EPE,1593648000,24.238,24.488,4
15,5,PSCO,EPE,1594965600,27.428,28.852,4
15,5,PSCO,EPE,1596283200,27.017,27.765,6
15,5,PSCO,EPE,1597600800,26.541,26.524,5
15,5,PSCO,EPE,1598918400,27.432,31.948,1
15,5,PSCO,EPE,1600236000,23.343,23.626,4
15,5,PSCO,EPE,1601553600,26.898,26.96,6
15,5,PSCO,EPE,1602871200,28.055,28.422,5
15,5,PSCO,EPE,1604188800,29.645,31.277,6
15,5,PSCO,EPE,1605506400,26.376,27.519,4
15,5,PSCO,EPE,1606824000,19.648,19.648,0
15,5,PSCO,EPE,1608141600,23.039,23.039,0
15,6,PSCO,EPE,1577836800,26.907,26.907,0
15,6,PSCO,EPE,1579154400,22.413,22.413,0
15,6,PSCO,EPE,1580472000,22.109,22.109,0
15,6,PSCO,EPE,1581789600,24.224,28.249,1
15,6,PSCO,EPE,1583107200,26.075,26.075,0
15,6,PSCO,EPE,1584424800,28.133,30.053,1
15,6,PSCO,EPE,1585742400,22.756,26.863,1
15,6,PSCO,EPE,1587060000,23.626,28.779,1
15,6,PSCO,EPE,1588377600,24.488,24.988,1
15,6,PSCO,EPE,1589695200,23.284,23.284,0
15,6,PSCO,EPE,1591012800,26.862,30.08,1
15,6,PSCO,EPE,1592330400,23.999,23.999,0
15,6,PSCO,EPE,1593648000,24.018,24.018,0
15,6,PSCO,EPE,1594965600,28.36,28.852,1
15,6,PSCO,EPE,1596283200,26.947,26.947,0
15,6,PSCO,EPE,1597600800,25.294,25.294,0
15,6,PSCO,EPE,1598918400,27.686,31.948,1
15,6,PSCO,EPE,1600236000,23.203,23.203,0
15,6,PSCO,EPE,1601553600,26.023,26.023,0
15,6,PSCO,EPE,1602871200,27.041,27.041,0
15,6,PSCO,EPE,1604188800,29.34,30.709,1
15,6,PSCO,EPE,1605506400,27.111,27.111,0
15,6,PSCO,EPE,1606824000,19.648,19.648,0
15,6,PSCO,EPE,1608141600,23.039,23.039,0
15,1,PSCO,PACE,1577836800,26.907,26.907,0
15,1,PSCO,PACE,1579154400,22.413,22.413,0
15,1,PSCO,PACE,1580472000,22.109,22.109,0
15,1,PSCO,PACE,1581789600,27.813,27.813,0
15,1,PSCO,PACE,1583107200,26.075,26.075,0
15,1,PSCO,PACE,1584424800,29.473,29.473,0
15,1,PSCO,PACE,1585742400,26.226,26.226,0
15,1,PSCO,PACE,1587060000,28.177,28.177,0
15,1,PSCO,PACE,1588377600,24.541,24.541,0
15,1,PSCO,PACE,1589695200,23.284,23.284,0
15,1,PSCO,PACE,1591012800,29.454,29.454,0
15,1,PSCO,PACE,1592330400,23.999,23.999,0
15,1,PSCO,PACE,1593648000,24.018,24.018,0
15,1,PSCO,PACE,1594965600,28.389,28.389,0
15,1,PSCO,PACE,1596283200,26.947,26.947,0
15,1,PSCO,PACE,1597600800,25.294,25.294,0
15,1,PSCO,PACE,1598918400,31.306,31.306,0
15,1,PSCO,PACE,1600236000,23.203,23.203,0
15,1,PSCO,PACE,1601553600,26.023,26.023,0
15,1,PSCO,PACE,1602871200,27.041,27.041,0
15,1,PSCO,PACE,1604188800,30.123,30.123,0
15,1,PSCO,PACE,1605506400,27.111,27.111,0
15,1,PSCO,PACE,1606824000,19.648,19.648,0
15,1,PSCO,PACE,1608141600,23.039,23.039,0
15,2,PSCO,PACE,1577836800,28.773,28.232,5
15,2,PSCO,PACE,1579154400,24.249,23.289,6
15,2,PSCO,PACE,1580472000,23.006,22.573,4
15,2,PSCO,PACE,1581789600,26.798,28.694,6
15,2,PSCO,PACE,1583107200,27.751,27.049,8
15,2,PSCO,PACE,1584424800,30.492,30.053,2
15,2,PSCO,PACE,1585742400,28.026,27.511,6
15,2,PSCO,PACE,1587060000,29.445,29.368,7
15,2,PSCO,PACE,1588377600,24.27,25.42,6
15,2,PSCO,PACE,1589695200,23.365,23.634,2
15,2,PSCO,PACE,1591012800,29.301,30.08,2
15,2,PSCO,PACE,1592330400,22.764,24.482,4
15,2,PSCO,PACE,1593648000,24.744,25.025,6
15,2,PSCO,PACE,1594965600,27.831,29.346,8
15,2,PSCO,PACE,1596283200,27.535,27.353,4
15,2,PSCO,PACE,1597600800,25.294,25.294,0
15,2,PSCO,PACE,1598918400,32.369,32.539,6
15,2,PSCO,PACE,1600236000,23.203,23.203,0
15,2,PSCO,PACE,1601553600,27.072,26.498,4
15,2,PSCO,PACE,1602871200,26.261,27.75,3
15,2,PSCO,PACE,1604188800,30.868,30.709,2
15,2,PSCO,PACE,1605506400,27.688,27.519,4
15,2,PSCO,PACE,1606824000,19.648,19.648,0
15,2,PSCO,PACE,1608141600,23.039,23.039,0
15,3,PSCO,PACE,1577836800,27.541,27.578,1
15,3,PSCO,PACE,1579154400,22.413,22.413,0
15,3,PSCO,PACE,1580472000,22.109,22.109,0
15,3,PSCO,PACE,1581789600,26.996,28.249,2
15,3,PSCO,PACE,1583107200,26.717,26.582,2
15,3,PSCO,PACE,1584424800,29.473,29.473,0
15,3,PSCO,PACE,1585742400,26.226,26.226,0
15,3,PSCO,PACE,1587060000,28.757,28.779,1
15,3,PSCO,PACE,1588377600,24.74,24.988,1
15,3,PSCO,PACE,1589695200,23.284,23.284,0
15,3,PSCO,PACE,1591012800,29.454,29.454,0
15,3,PSCO,PACE,1592330400,23.999,23.999,0
15,3,PSCO,PACE,1593648000,24.651,24.488,2
15,3,PSCO,PACE,1594965600,27.119,28.852,2
15,3,PSCO,PACE,1596283200,26.947,26.947,0
15,3,PSCO,PACE,1597600800,25.294,25.294,0
15,3,PSCO,PACE,1598918400,31.674,31.948,1
15,3,PSCO,PACE,1600236000,23.203,23.203,0
15,3,PSCO,PACE,1601553600,26.023,26.023,0
15,3,PSCO,PACE,1602871200,27.379,27.75,3
15,3,PSCO,PACE,1604188800,30.123,30.123,0
15,3,PSCO,PACE,1605506400,27.111,27.111,0
15,3,PSCO,PACE,1606824000,19.648,19.648,0
15,3,PSCO,PACE,1608141600,23.039,23.039,0
15,4,PSCO,PACE,1577836800,26.907,26.907,0
15,4,PSCO,PACE,1579154400,22.413,22.413,0
15,4,PSCO,PACE,1580472000,22.109,22.109,0
15,4,PSCO,PACE,1581789600,26.443,28.249,2
15,4,PSCO,PACE,1583107200,26.075,26.075,0
15,4,PSCO,PACE,1584424800,29.473,29.473,0
15,4,PSCO,PACE,1585742400,26.226,26.226,0
15,4,PSCO,PACE,1587060000,28.177,28.177,0
15,4,PSCO,PACE,1588377600,25.58,24.988,2
15,4,PSCO,PACE,1589695200,23.284,23.284,0
15,4,PSCO,PACE,1591012800,29.454,29.454,0
15,4,PSCO,PACE,1592330400,25.773,24.482,2
15,4,PSCO,PACE,1593648000,24.018,24.018,0
15,4,PSCO,PACE,1594965600,26.967,28.852,2
15,4,PSCO,PACE,1596283200,26.947,26.947,0
15,4,PSCO,PACE,1597600800,25.294,25.294,0
15,4,PSCO,PACE,1598918400,32.171,31.948,2
15,4,PSCO,PACE,1600236000,23.203,23.203,0
15,4,PSCO,PACE,1601553600,26.023,26.023,0
15,4,PSCO,PACE,1602871200,27.041,27.041,0
15,4,PSCO,PACE,1604188800,30.123,30.123,0
15,4,PSCO,PACE,1605506400,27.111,27.111,0
15,4,PSCO,PACE,1606824000,19.648,19.648,0
15,4,PSCO,PACE,1608141600,23.039,23.039,0
15,5,PSCO,PACE,1577836800,28.57,28.232,5
15,5,PSCO,PACE,1579154400,24.046,23.289,6
15,5,PSCO,PACE,1580472000,22.861,22.573,4
15,5,PSCO,PACE,1581789600,26.651,28.694,6
15,5,PSCO,PACE,1583107200,27.492,27.049,8
15,5,PSCO,PACE,1584424800,30.384,30.053,2
15,5,PSCO,PACE,1585742400,26.819,26.863,4
15,5,PSCO,PACE,1587060000,29.239,29.368,7
15,5,PSCO,PACE,1588377600,24.055,25.42,6
15,5,PSCO,PACE,1589695200,23.215,23.634,2
15,5,PSCO,PACE,1591012800,29.256,30.08,2
15,5,PSCO,PACE,1592330400,22.626,24.482,4
15,5,PSCO,PACE,1593648000,23.797,24.488,4
15,5,PSCO,PACE,1594965600,27.581,29.346,8
15,5,PSCO,PACE,1596283200,27.468,27.353,4
15,5,PSCO,PACE,1597600800,25.294,25.294,0
15,5,PSCO,PACE,1598918400,32.224,32.539,6
15,5,PSCO,PACE,1600236000,23.203,23.203,0
15,5,PSCO,PACE,1601553600,26.868,26.498,4
15,5,PSCO,PACE,1602871200,26.126,27.75,3
15,5,PSCO,PACE,1604188800,30.82,30.709,2
15,5,PSCO,PACE,1605506400,27.576,27.519,4
15,5,PSCO,PACE,1606824000,19.648,19.648,0
15,5,PSCO,PACE,1608141600,23.039,23.039,0
15,6,PSCO,PACE,1577836800,26.907,26.907,0
15,6,PSCO,PACE,1579154400,22.413,22.413,0
15,6,PSCO,PACE,1580472000,22.109,22.109,0
15,6,PSCO,PACE,1581789600,26.443,28.249,2
15,6,PSCO,PACE,1583107200,26.075,26.075,0
15,6,PSCO,PACE,1584424800,29.473,29.473,0
15,6,PSCO,PACE,1585742400,26.226,26.226,0
15,6,PSCO,PACE,1587060000,28.177,28.177,0
15,6,PSCO,PACE,1588377600,24.403,24.988,1
15,6,PSCO,PACE,1589695200,23.284,23.284,0
15,6,PSCO,PACE,1591012800,29.454,29.454,0
15,6,PSCO,PACE,1592330400,23.999,23.999,0
15,6,PSCO,PACE,1593648000,24.018,24.018,0
15,6,PSCO,PACE,1594965600,27.222,28.852,1
15,6,PSCO,PACE,1596283200,26.947,26.947,0
15,6,PSCO,PACE,1597600800,25.294,25.294,0
15,6,PSCO,PACE,1598918400,31.267,31.948,1
15,6,PSCO,PACE,1600236000,23.203,23.203,0
15,6,PSCO,PACE,1601553600,26.023,26.023,0
15,6,PSCO,PACE,1602871200,26.971,27.75,1
15,6,PSCO,PACE,1604188800,30.123,30.123,0
15,6,PSCO,PACE,1605506400,27.111,27.111,0
15,6,PSCO,PACE,1606824000,19.648,19.648,0
15,6,PSCO,PACE,1608141600,23.039,23.039,0
15,1,TEPC,AECI,1577836800,34.904,34.904,0
15,1,TEPC,AECI,1579154400,34.672,34.672,0
15,1,TEPC,AECI,1580472000,30.305,30.305,0
15,1,TEPC,AECI,1581789600,30.794,30.794,0
15,1,TEPC,AECI,1583107200,28.518,28.518,0
15,1,TEPC,AECI,1584424800,27.901,27.901,0
15,1,TEPC,AECI,1585742400,21.852,21.852,0
15,1,TEPC,AECI,1587060000,23.826,23.826,0
15,1,TEPC,AECI,1588377600,23.901,23.901,0
15,1,TEPC,AECI,1589695200,28.736,28.736,0
15,1,TEPC,AECI,1591012800,29.666,29.666,0
15,1,TEPC,AECI,1592330400,25.26,25.26,0
15,1,TEPC,AECI,1593648000,28.784,28.784,0
15,1,TEPC,AECI,1594965600,27.715,27.715,0
15,1,TEPC,AECI,1596283200,29.288,29.288,0
15,1,TEPC,AECI,1597600800,30.959,30.959,0
15,1,TEPC,AECI,1598918400,29.268,29.268,0
15,1,TEPC,AECI,1600236000,32.69,32.69,0
15,1,TEPC,AECI,1601553600,31.456,31.456,0
15,1,TEPC,AECI,1602871200,35.004,35.004,0
15,1,TEPC,AECI,1604188800,35.427,35.427,0
15,1,TEPC,AECI,1605506400,30.0,30.0,0
15,1,TEPC,AECI,1606824000,25.748,25.748,0
15,1,TEPC,AECI,1608141600,33.481,33.481,0
15,2,TEPC,AECI,1577836800,29.147,35.644,3
15,2,TEPC,AECI,1579154400,31.52,35.463,3
15,2,TEPC,AECI,1580472000,27.174,31.06,3
15,2,TEPC,AECI,1581789600,29.668,31.297,4
15,2,TEPC,AECI,1583107200,26.668,29.102,4
15,2,TEPC,AECI,1584424800,28.701,29.169,7
15,2,TEPC,AECI,1585742400,21.288,22.927,6
15,2,TEPC,AECI,1587060000,22.609,24.198,4
15,2,TEPC,AECI,1588377600,23.339,24.377,4
15,2,TEPC,AECI,1589695200,26.946,30.124,5
15,2,TEPC,AECI,1591012800,25.627,30.331,3
15,2,TEPC,AECI,1592330400,25.851,26.178,6
15,2,TEPC,AECI,1593648000,28.808,29.346,4
15,2,TEPC,AECI,1594965600,28.578,29.064,5
15,2,TEPC,AECI,1596283200,30.705,30.527,8
15,2,TEPC,AECI,1597600800,33.064,32.143,6
15,2,TEPC,AECI,1598918400,32.381,31.022,12
15,2,TEPC,AECI,1600236000,33.287,34.135,5
15,2,TEPC,AECI,1601553600,32.825,33.299,10
15,2,TEPC,AECI,1602871200,31.612,36.289,8
15,2,TEPC,AECI,1604188800,34.513,36.058,4
15,2,TEPC,AECI,1605506400,30.558,30.68,3
15,2,TEPC,AECI,1606824000,25.748,25.748,0
15,2,TEPC,AECI,1608141600,32.277,34.154,3
15,3,TEPC,AECI,1577836800,28.887,35.644,1
15,3,TEPC,AECI,1579154400,31.185,35.463,1
15,3,TEPC,AECI,1580472000,29.88,31.06,1
15,3,TEPC,AECI,1581789600,31.102,31.297,4
15,3,TEPC,AECI,1583107200,28.518,28.518,0
15,3,TEPC,AECI,1584424800,28.336,28.544,1
15,3,TEPC,AECI,1585742400,21.825,22.394,4
15,3,TEPC,AECI,1587060000,24.038,24.198,2
15,3,TEPC,AECI,1588377600,23.901,23.901,0
15,3,TEPC,AECI,1589695200,26.474,29.421,1
15,3,TEPC,AECI,1591012800,25.55,30.331,1
15,3,TEPC,AECI,1592330400,25.94,25.721,4
15,3,TEPC,AECI,1593648000,28.784,28.784,0
15,3,TEPC,AECI,1594965600,28.328,28.377,3
15,3,TEPC,AECI,1596283200,29.96,29.933,1
15,3,TEPC,AECI,1597600800,30.959,30.959,0
15,3,TEPC,AECI,1598918400,30.04,29.89,3
15,3,TEPC,AECI,1600236000,33.314,33.406,1
15,3,TEPC,AECI,1601553600,30.608,32.107,1
15,3,TEPC,AECI,1602871200,29.988,35.644,1
15,3,TEPC,AECI,1604188800,36.035,36.058,2
15,3,TEPC,AECI,1605506400,30.473,30.68,1
15,3,TEPC,AECI,1606824000,25.748,25.748,0
15,3,TEPC,AECI,1608141600,32.457,34.154,1
15,4,TEPC,AECI,1577836800,28.887,35.644,1
15,4,TEPC,AECI,1579154400,31.185,35.463,1
15,4,TEPC,AECI,1580472000,27.405,31.06,1
15,4,TEPC,AECI,1581789600,32.696,31.297,3
15,4,TEPC,AECI,1583107200,30.356,29.102,1
15,4,TEPC,AECI,1584424800,27.736,28.544,1
15,4,TEPC,AECI,1585742400,21.867,22.394,2
15,4,TEPC,AECI,1587060000,23.984,24.198,3
15,4,TEPC,AECI,1588377600,23.901,23.901,0
15,4,TEPC,AECI,1589695200,26.474,29.421,1
15,4,TEPC,AECI,1591012800,25.55,30.331,1
15,4,TEPC,AECI,1592330400,25.26,25.26,0
15,4,TEPC,AECI,1593648000,28.784,28.784,0
15,4,TEPC,AECI,1594965600,27.715,27.715,0
15,4,TEPC,AECI,1596283200,29.288,29.288,0
15,4,TEPC,AECI,1597600800,30.959,30.959,0
15,4,TEPC,AECI,1598918400,29.66,29.89,1
15,4,TEPC,AECI,1600236000,33.45,33.406,2
15,4,TEPC,AECI,1601553600,31.147,32.107,2
15,4,TEPC,AECI,1602871200,29.988,35.644,1
15,4,TEPC,AECI,1604188800,35.492,36.058,1
15,4,TEPC,AECI,1605506400,30.987,30.68,1
15,4,TEPC,AECI,1606824000,25.748,25.748,0
15,4,TEPC,AECI,1608141600,32.457,34.154,1
15,5,TEPC,AECI,1577836800,29.106,35.644,3
15,5,TEPC,AECI,1579154400,31.482,35.463,3
15,5,TEPC,AECI,1580472000,27.087,31.06,3
15,5,TEPC,AECI,1581789600,29.572,31.297,4
15,5,TEPC,AECI,1583107200,26.378,29.102,4
15,5,TEPC,AECI,1584424800,28.573,29.169,7
15,5,TEPC,AECI,1585742400,20.353,22.394,4
15,5,TEPC,AECI,1587060000,22.985,24.572,5
15,5,TEPC,AECI,1588377600,23.081,24.377,4
15,5,TEPC,AECI,1589695200,26.702,30.124,5
15,5,TEPC,AECI,1591012800,25.287,30.331,1
15,5,TEPC,AECI,1592330400,25.676,26.178,6
15,5,TEPC,AECI,1593648000,28.648,29.346,4
15,5,TEPC,AECI,1594965600,28.388,29.064,5
15,5,TEPC,AECI,1596283200,30.534,30.527,8
15,5,TEPC,AECI,1597600800,32.993,32.143,6
15,5,TEPC,AECI,1598918400,32.143,31.022,12
15,5,TEPC,AECI,1600236000,33.119,34.135,5
15,5,TEPC,AECI,1601553600,32.641,33.299,10
15,5,TEPC,AECI,1602871200,31.312,36.289,7
15,5,TEPC,AECI,1604188800,34.302,36.058,4
15,5,TEPC,AECI,1605506400,30.502,30.68,3
15,5,TEPC,AECI,1606824000,25.748,25.748,0
15,5,TEPC,AECI,1608141600,32.194,34.154,3
15,6,TEPC,AECI,1577836800,28.887,35.644,1
15,6,TEPC,AECI,1579154400,31.185,35.463,1
15,6,TEPC,AECI,1580472000,29.88,31.06,1
15,6,TEPC,AECI,1581789600,30.794,30.794,0
15,6,TEPC,AECI,1583107200,28.518,28.518,0
15,6,TEPC,AECI,1584424800,27.882,28.544,1
15,6,TEPC,AECI,1585742400,21.819,22.394,1
15,6,TEPC,AECI,1587060000,23.826,23.826,0
15,6,TEPC,AECI,1588377600,23.901,23.901,0
15,6,TEPC,AECI,1589695200,26.474,29.421,1
15,6,TEPC,AECI,1591012800,25.55,30.331,1
15,6,TEPC,AECI,1592330400,25.26,25.26,0
15,6,TEPC,AECI,1593648000,28.784,28.784,0
15,6,TEPC,AECI,1594965600,27.715,27.715,0
15,6,TEPC,AECI,1596283200,29.288,29.288,0
15,6,TEPC,AECI,1597600800,30.959,30.959,0
15,6,TEPC,AECI,1598918400,29.268,29.268,0
15,6,TEPC,AECI,1600236000,32.69,32.69,0
15,6,TEPC,AECI,1601553600,30.608,32.107,1
15,6,TEPC,AECI,1602871200,29.988,35.644,1
15,6,TEPC,AECI,1604188800,35.427,35.427,0
15,6,TEPC,AECI,1605506400,30.0,30.0,0
15,6,TEPC,AECI,1606824000,25.748,25.748,0
15,6,TEPC,AECI,1608141600,32.457,34.154,1
20,1,AECI,EPE,1577836800,27.991,27.991,0
20,1,AECI,EPE,1579154400,30.139,30.139,0
20,1,AECI,EPE,1580472000,29.202,29.202,0
20,1,AECI,EPE,1581789600,30.99,30.99,0
20,1,AECI,EPE,1583107200,28.95,28.95,0
20,1,AECI,EPE,1584424800,28.31,28.31,0
20,1,AECI,EPE,1585742400,21.211,21.211,0
20,1,AECI,EPE,1587060000,23.892,23.892,0
20,1,AECI,EPE,1588377600,25.143,25.143,0
20,1,AECI,EPE,1589695200,25.774,25.774,0
20,1,AECI,EPE,1591012800,24.75,24.75,0
20,1,AECI,EPE,1592330400,25.959,25.959,0
20,1,AECI,EPE,1593648000,29.983,29.983,0
20,1,AECI,EPE,1594965600,28.571,28.571,0
20,1,AECI,EPE,1596283200,29.488,29.488,0
20,1,AECI,EPE,1597600800,32.788,32.788,0
20,1,AECI,EPE,1598918400,29.414,29.414,0
20,1,AECI,EPE,1600236000,33.086,33.086,0
20,1,AECI,EPE,1601553600,29.771,29.771,0
20,1,AECI,EPE,1602871200,29.148,29.148,0
20,1,AECI,EPE,1604188800,35.804,35.804,0
20,1,AECI,EPE,1605506400,33.466,33.466,0
20,1,AECI,EPE,1606824000,31.991,31.991,0
20,1,AECI,EPE,1608141600,31.713,31.713,0
20,2,AECI,EPE,1577836800,30.181,29.823,9
20,2,AECI,EPE,1579154400,28.81,30.785,3
20,2,AECI,EPE,1580472000,24.683,29.765,3
20,2,AECI,EPE,1581789600,24.384,31.671,1
20,2,AECI,EPE,1583107200,27.845,30.339,5
20,2,AECI,EPE,1584424800,28.692,29.3,6
20,2,AECI,EPE,1585742400,22.092,22.391,5
20,2,AECI,EPE,1587060000,23.96,24.688,6
20,2,AECI,EPE,1588377600,24.97,26.335,5
20,2,AECI,EPE,1589695200,26.394,26.903,6
20,2,AECI,EPE,1591012800,26.708,26.432,7
20,2,AECI,EPE,1592330400,27.961,27.531,8
20,2,AECI,EPE,1593648000,28.614,31.267,5
20,2,AECI,EPE,1594965600,28.921,29.64,4
20,2,AECI,EPE,1596283200,29.27,30.683,5
20,2,AECI,EPE,1597600800,29.931,33.466,3
20,2,AECI,EPE,1598918400,29.547,30.579,6
20,2,AECI,EPE,1600236000,27.689,33.664,2
20,2,AECI,EPE,1601553600,28.647,30.305,2
20,2,AECI,EPE,1602871200,29.763,30.42,5
20,2,AECI,EPE,1604188800,30.894,37.204,5
20,2,AECI,EPE,1605506400,28.108,33.985,2
20,2,AECI,EPE,1606824000,27.813,32.651,3
20,2,AECI,EPE,1608141600,33.334,33.986,11
20,3,AECI,EPE,1577836800,27.864,28.592,1
20,3,AECI,EPE,1579154400,28.439,30.785,1
20,3,AECI,EPE,1580472000,25.087,29.765,3
20,3,AECI,EPE,1581789600,24.384,31.671,1
20,3,AECI,EPE,1583107200,27.833,29.645,1
20,3,AECI,EPE,1584424800,27.97,28.81,2
20,3,AECI,EPE,1585742400,21.741,21.807,3
20,3,AECI,EPE,1587060000,23.539,24.321,1
20,3,AECI,EPE,1588377600,25.244,25.726,1
20,3,AECI,EPE,1589695200,26.099,26.341,2
20,3,AECI,EPE,1591012800,24.75,24.75,0
20,3,AECI,EPE,1592330400,26.465,26.488,1
20,3,AECI,EPE,1593648000,27.268,30.623,1
20,3,AECI,EPE,1594965600,29.468,29.64,4
20,3,AECI,EPE,1596283200,28.21,30.079,2
20,3,AECI,EPE,1597600800,29.472,33.466,1
20,3,AECI,EPE,1598918400,28.001,29.995,1
20,3,AECI,EPE,1600236000,27.671,33.664,2
20,3,AECI,EPE,1601553600,30.223,30.305,2
20,3,AECI,EPE,1602871200,29.789,29.771,1
20,3,AECI,EPE,1604188800,29.678,36.518,1
20,3,AECI,EPE,1605506400,28.107,33.985,2
20,3,AECI,EPE,1606824000,27.412,32.651,1
20,3,AECI,EPE,1608141600,29.686,32.315,1
20,4,AECI,EPE,1577836800,27.864,28.592,1
20,4,AECI,EPE,1579154400,28.439,30.785,1
20,4,AECI,EPE,1580472000,25.026,29.765,1
20,4,AECI,EPE,1581789600,24.384,31.671,1
20,4,AECI,EPE,1583107200,27.6,29.645,1
20,4,AECI,EPE,1584424800,27.68,28.81,1
20,4,AECI,EPE,1585742400,21.776,21.807,1
20,4,AECI,EPE,1587060000,23.937,24.321,2
20,4,AECI,EPE,1588377600,25.419,25.726,1
20,4,AECI,EPE,1589695200,25.263,26.341,1
20,4,AECI,EPE,1591012800,24.75,24.75,0
20,4,AECI,EPE,1592330400,25.959,25.959,0
20,4,AECI,EPE,1593648000,27.268,30.623,1
20,4,AECI,EPE,1594965600,29.44,29.102,1
20,4,AECI,EPE,1596283200,28.118,30.079,1
20,4,AECI,EPE,1597600800,29.472,33.466,1
20,4,AECI,EPE,1598918400,28.001,29.995,1
20,4,AECI,EPE,1600236000,27.491,33.664,1
20,4,AECI,EPE,1601553600,29.297,30.305,2
20,4,AECI,EPE,1602871200,30.058,29.771,1
20,4,AECI,EPE,1604188800,29.678,36.518,1
20,4,AECI,EPE,1605506400,28.121,33.985,1
20,4,AECI,EPE,1606824000,27.412,32.651,1
20,4,AECI,EPE,1608141600,29.686,32.315,1
20,5,AECI,EPE,1577836800,30.019,29.823,9
20,5,AECI,EPE,1579154400,28.721,30.785,3
20,5,AECI,EPE,1580472000,24.643,29.765,3
20,5,AECI,EPE,1581789600,24.384,31.671,1
20,5,AECI,EPE,1583107200,26.674,29.645,3
20,5,AECI,EPE,1584424800,28.612,29.3,6
20,5,AECI,EPE,1585742400,21.994,22.391,5
20,5,AECI,EPE,1587060000,23.798,24.688,6
20,5,AECI,EPE,1588377600,24.837,26.335,5
20,5,AECI,EPE,1589695200,26.207,26.903,6
20,5,AECI,EPE,1591012800,26.493,26.432,7
20,5,AECI,EPE,1592330400,27.729,27.531,8
20,5,AECI,EPE,1593648000,28.459,31.267,5
20,5,AECI,EPE,1594965600,28.737,29.64,4
20,5,AECI,EPE,1596283200,29.086,30.683,5
20,5,AECI,EPE,1597600800,29.873,33.466,3
20,5,AECI,EPE,1598918400,29.506,30.579,6
20,5,AECI,EPE,1600236000,27.671,33.664,2
20,5,AECI,EPE,1601553600,28.535,30.305,2
20,5,AECI,EPE,1602871200,29.699,30.42,5
20,5,AECI,EPE,1604188800,30.779,37.204,5
20,5,AECI,EPE,1605506400,28.097,33.985,2
20,5,AECI,EPE,1606824000,27.795,32.651,3
20,5,AECI,EPE,1608141600,33.199,33.986,11
20,6,AECI,EPE,1577836800,27.864,28.592,1
20,6,AECI,EPE,1579154400,28.439,30.785,1
20,6,AECI,EPE,1580472000,25.026,29.765,1
20,6,AECI,EPE,1581789600,24.384,31.671,1
20,6,AECI,EPE,1583107200,27.833,29.645,1
20,6,AECI,EPE,1584424800,27.934,28.81,1
20,6,AECI,EPE,1585742400,21.211,21.211,0
20,6,AECI,EPE,1587060000,23.539,24.321,1
20,6,AECI,EPE,1588377600,25.091,25.726,1
20,6,AECI,EPE,1589695200,25.592,26.341,1
20,6,AECI,EPE,1591012800,24.75,24.75,0
20,6,AECI,EPE,1592330400,25.959,25.959,0
20,6,AECI,EPE,1593648000,27.268,30.623,1
20,6,AECI,EPE,1594965600,28.544,29.102,1
20,6,AECI,EPE,1596283200,28.118,30.079,1
20,6,AECI,EPE,1597600800,29.472,33.466,1
20,6,AECI,EPE,1598918400,28.001,29.995,1
20,6,AECI,EPE,1600236000,27.491,33.664,1
20,6,AECI,EPE,1601553600,29.771,29.771,0
20,6,AECI,EPE,1602871200,29.148,29.148,0
20,6,AECI,EPE,1604188800,29.678,36.518,1
20,6,AECI,EPE,1605506400,28.121,33.985,1
20,6,AECI,EPE,1606824000,27.412,32.651,1
20,6,AECI,EPE,1608141600,29.686,32.315,1
20,1,AECI,PACE,1577836800,27.991,27.991,0
20,1,AECI,PACE,1579154400,30.139,30.139,0
20,1,AECI,PACE,1580472000,29.202,29.202,0
20,1,AECI,PACE,1581789600,30.99,30.99,0
20,1,AECI,PACE,1583107200,28.95,28.95,0
20,1,AECI,PACE,1584424800,28.31,28.31,0
20,1,AECI,PACE,1585742400,21.211,21.211,0
20,1,AECI,PACE,1587060000,23.892,23.892,0
20,1,AECI,PACE,1588377600,25.143,25.143,0
20,1,AECI,PACE,1589695200,25.774,25.774,0
20,1,AECI,PACE,1591012800,24.75,24.75,0
20,1,AECI,PACE,1592330400,25.959,25.959,0
20,1,AECI,PACE,1593648000,29.983,29.983,0
20,1,AECI,PACE,1594965600,28.571,28.571,0
20,1,AECI,PACE,1596283200,29.488,29.488,0
20,1,AECI,PACE,1597600800,32.788,32.788,0
20,1,AECI,PACE,1598918400,29.414,29.414,0
20,1,AECI,PACE,1600236000,33.086,33.086,0
20,1,AECI,PACE,1601553600,29.771,29.771,0
20,1,AECI,PACE,1602871200,29.148,29.148,0
20,1,AECI,PACE,1604188800,35.804,35.804,0
20,1,AECI,PACE,1605506400,33.466,33.466,0
20,1,AECI,PACE,1606824000,31.991,31.991,0
20,1,AECI,PACE,1608141600,31.713,31.713,0
20,2,AECI,PACE,1577836800,29.288,29.198,4
20,2,AECI,PACE,1579154400,31.964,31.442,6
20,2,AECI,PACE,1580472000,27.544,30.373,5
20,2,AECI,PACE,1581789600,27.425,31.671,3
20,2,AECI,PACE,1583107200,25.901,29.645,3
20,2,AECI,PACE,1584424800,28.883,28.81,2
20,2,AECI,PACE,1585742400,21.211,21.211,0
20,2,AECI,PACE,1587060000,24.243,24.321,2
20,2,AECI,PACE,1588377600,23.17,25.726,3
20,2,AECI,PACE,1589695200,26.809,26.903,4
20,2,AECI,PACE,1591012800,25.243,25.314,2
20,2,AECI,PACE,1592330400,25.388,27.014,4
20,2,AECI,PACE,1593648000,29.204,31.267,5
20,2,AECI,PACE,1594965600,29.232,30.198,8
20,2,AECI,PACE,1596283200,31.331,30.683,6
20,2,AECI,PACE,1597600800,37.384,35.36,10
20,2,AECI,PACE,1598918400,30.405,29.995,3
20,2,AECI,PACE,1600236000,34.169,34.267,4
20,2,AECI,PACE,1601553600,31.155,30.901,4
20,2,AECI,PACE,1602871200,28.201,30.42,5
20,2,AECI,PACE,1604188800,35.282,37.204,6
20,2,AECI,PACE,1605506400,32.064,34.498,4
20,2,AECI,PACE,1606824000,32.996,33.32,5
20,2,AECI,PACE,1608141600,32.661,33.411,8
20,3,AECI,PACE,1577836800,28.856,28.592,2
20,3,AECI,PACE,1579154400,32.057,31.442,4
20,3,AECI,PACE,1580472000,27.087,29.765,2
20,3,AECI,PACE,1581789600,27.209,31.671,1
20,3,AECI,PACE,1583107200,28.478,29.645,1
20,3,AECI,PACE,1584424800,28.31,28.31,0
20,3,AECI,PACE,1585742400,21.211,21.211,0
20,3,AECI,PACE,1587060000,23.892,23.892,0
20,3,AECI,PACE,1588377600,25.316,25.726,1
20,3,AECI,PACE,1589695200,26.543,26.341,2
20,3,AECI,PACE,1591012800,24.75,24.75,0
20,3,AECI,PACE,1592330400,25.959,25.959,0
20,3,AECI,PACE,1593648000,29.204,30.623,1
20,3,AECI,PACE,1594965600,28.188,29.64,4
20,3,AECI,PACE,1596283200,29.488,29.488,0
20,3,AECI,PACE,1597600800,33.964,33.466,3
20,3,AECI,PACE,1598918400,30.378,29.995,3
20,3,AECI,PACE,1600236000,33.938,33.664,2
20,3,AECI,PACE,1601553600,29.771,29.771,0
20,3,AECI,PACE,1602871200,29.478,30.42,5
20,3,AECI,PACE,1604188800,35.37,36.518,3
20,3,AECI,PACE,1605506400,31.441,33.985,2
20,3,AECI,PACE,1606824000,33.744,33.32,5
20,3,AECI,PACE,1608141600,30.398,32.315,2
20,4,AECI,PACE,1577836800,27.991,27.991,0
20,4,AECI,PACE,1579154400,30.139,30.139,0
20,4,AECI,PACE,1580472000,26.468,29.765,2
20,4,AECI,PACE,1581789600,27.981,31.671,2
20,4,AECI,PACE,1583107200,26.689,29.645,1
20,4,AECI,PACE,1584424800,28.31,28.31,0
20,4,AECI,PACE,1585742400,21.211,21.211,0
20,4,AECI,PACE,1587060000,23.892,23.892,0
20,4,AECI,PACE,1588377600,24.652,25.726,1
20,4,AECI,PACE,1589695200,25.774,25.774,0
20,4,AECI,PACE,1591012800,24.75,24.75,0
20,4,AECI,PACE,1592330400,27.56,26.488,2
20,4,AECI,PACE,1593648000,29.204,30.623,1
20,4,AECI,PACE,1594965600,27.29,29.102,2
20,4,AECI,PACE,1596283200,29.488,29.488,0
20,4,AECI,PACE,1597600800,33.488,33.466,1
20,4,AECI,PACE,1598918400,29.414,29.414,0
20,4,AECI,PACE,1600236000,33.086,33.086,0
20,4,AECI,PACE,1601553600,29.771,29.771,0
20,4,AECI,PACE,1602871200,29.015,29.771,1
20,4,AECI,PACE,1604188800,34.959,36.518,2
20,4,AECI,PACE,1605506400,31.862,33.985,2
20,4,AECI,PACE,1606824000,32.25,32.651,1
20,4,AECI,PACE,1608141600,30.547,32.315,3
20,5,AECI,PACE,1577836800,29.21,29.198,4
20,5,AECI,PACE,1579154400,31.873,31.442,6
20,5,AECI,PACE,1580472000,27.366,30.373,5
20,5,AECI,PACE,1581789600,27.343,31.671,3
20,5,AECI,PACE,1583107200,25.829,29.645,3
20,5,AECI,PACE,1584424800,28.756,28.81,2
20,5,AECI,PACE,1585742400,21.211,21.211,0
20,5,AECI,PACE,1587060000,24.189,24.321,2
20,5,AECI,PACE,1588377600,23.002,25.726,3
20,5,AECI,PACE,1589695200,26.58,26.903,4
20,5,AECI,PACE,1591012800,25.166,25.314,2
20,5,AECI,PACE,1592330400,25.167,27.014,4
20,5,AECI,PACE,1593648000,29.178,31.267,6
20,5,AECI,PACE,1594965600,29.03,30.198,8
20,5,AECI,PACE,1596283200,32.01,31.303,7
20,5,AECI,PACE,1597600800,37.081,35.36,10
20,5,AECI,PACE,1598918400,31.129,30.579,4
20,5,AECI,PACE,1600236000,33.947,34.267,4
20,5,AECI,PACE,1601553600,30.947,30.901,4
20,5,AECI,PACE,1602871200,28.057,30.42,5
20,5,AECI,PACE,1604188800,35.156,37.204,6
20,5,AECI,PACE,1605506400,31.932,34.498,4
20,5,AECI,PACE,1606824000,32.845,33.32,5
20,5,AECI,PACE,1608141600,32.562,33.411,8
20,6,AECI,PACE,1577836800,27.991,27.991,0
20,6,AECI,PACE,1579154400,30.139,30.139,0
20,6,AECI,PACE,1580472000,26.48,29.765,2
20,6,AECI,PACE,1581789600,27.209,31.671,1
20,6,AECI,PACE,1583107200,28.478,29.645,1
20,6,AECI,PACE,1584424800,28.31,28.31,0
20,6,AECI,PACE,1585742400,21.211,21.211,0
20,6,AECI,PACE,1587060000,23.892,23.892,0
20,6,AECI,PACE,1588377600,25.004,25.726,1
20,6,AECI,PACE,1589695200,25.774,25.774,0
20,6,AECI,PACE,1591012800,24.75,24.75,0
20,6,AECI,PACE,1592330400,25.959,25.959,0
20,6,AECI,PACE,1593648000,29.204,30.623,1
20,6,AECI,PACE,1594965600,27.298,29.102,1
20,6,AECI,PACE,1596283200,29.488,29.488,0
20,6,AECI,PACE,1597600800,32.788,32.788,0
20,6,AECI,PACE,1598918400,29.414,29.414,0
20,6,AECI,PACE,1600236000,33.086,33.086,0
20,6,AECI,PACE,1601553600,29.771,29.771,0
20,6,AECI,PACE,1602871200,28.478,29.771,2
20,6,AECI,PACE,1604188800,35.411,36.518,1
20,6,AECI,PACE,1605506400,31.653,33.985,1
20,6,AECI,PACE,1606824000,31.991,31.991,0
20,6,AECI,PACE,1608141600,30.541,32.315,1
20,1,AECI,TEPC,1577836800,27.991,27.991,0
20,1,AECI,TEPC,1579154400,30.139,30.139,0
20,1,AECI,TEPC,1580472000,29.202,29.202,0
20,1,AECI,TEPC,1581789600,30.99,30.99,0
20,1,AECI,TEPC,1583107200,28.95,28.95,0
20,1,AECI,TEPC,1584424800,28.31,28.31,0
20,1,AECI,TEPC,1585742400,21.211,21.211,0
20,1,AECI,TEPC,1587060000,23.892,23.892,0
20,1,AECI,TEPC,1588377600,25.143,25.143,0
20,1,AECI,TEPC,1589695200,25.774,25.774,0
20,1,AECI,TEPC,1591012800,24.75,24.75,0
20,1,AECI,TEPC,1592330400,25.959,25.959,0
20,1,AECI,TEPC,1593648000,29.983,29.983,0
20,1,AECI,TEPC,1594965600,28.571,28.571,0
20,1,AECI,TEPC,1596283200,29.488,29.488,0
20,1,AECI,TEPC,1597600800,32.788,32.788,0
20,1,AECI,TEPC,1598918400,29.414,29.414,0
20,1,AECI,TEPC,1600236000,33.086,33.086,0
20,1,AECI,TEPC,1601553600,29.771,29.771,0
20,1,AECI,TEPC,1602871200,29.148,29.148,0
20,1,AECI,TEPC,1604188800,35.804,35.804,0
20,1,AECI,TEPC,1605506400,33.466,33.466,0
20,1,AECI,TEPC,1606824000,31.991,31.991,0
20,1,AECI,TEPC,1608141600,31.713,31.713,0
20,2,AECI,TEPC,1577836800,28.964,28.592,2
20,2,AECI,TEPC,1579154400,31.226,30.785,2
20,2,AECI,TEPC,1580472000,28.179,30.373,4
20,2,AECI,TEPC,1581789600,30.777,32.365,5
20,2,AECI,TEPC,1583107200,27.724,30.339,5
20,2,AECI,TEPC,1584424800,28.81,29.3,6
20,2,AECI,TEPC,1585742400,21.347,22.391,5
20,2,AECI,TEPC,1587060000,23.556,24.688,6
20,2,AECI,TEPC,1588377600,24.287,26.335,5
20,2,AECI,TEPC,1589695200,27.371,26.903,6
20,2,AECI,TEPC,1591012800,25.489,25.314,2
20,2,AECI,TEPC,1592330400,26.938,27.531,7
20,2,AECI,TEPC,1593648000,29.95,31.267,5
20,2,AECI,TEPC,1594965600,28.601,29.64,4
20,2,AECI,TEPC,1596283200,31.444,31.303,7
20,2,AECI,TEPC,1597600800,34.257,34.731,7
20,2,AECI,TEPC,1598918400,34.488,32.347,13
20,2,AECI,TEPC,1600236000,33.25,34.267,4
20,2,AECI,TEPC,1601553600,33.025,31.538,9
20,2,AECI,TEPC,1602871200,32.698,31.083,8
20,2,AECI,TEPC,1604188800,35.731,37.204,5
20,2,AECI,TEPC,1605506400,31.515,34.498,4
20,2,AECI,TEPC,1606824000,26.623,32.651,1
20,2,AECI,TEPC,1608141600,33.267,32.869,4
20,3,AECI,TEPC,1577836800,27.991,27.991,0
20,3,AECI,TEPC,1579154400,30.139,30.139,0
20,3,AECI,TEPC,1580472000,29.202,29.202,0
20,3,AECI,TEPC,1581789600,33.06,33.062,7
20,3,AECI,TEPC,1583107200,29.319,29.645,1
20,3,AECI,TEPC,1584424800,28.517,28.81,2
20,3,AECI,TEPC,1585742400,21.784,21.807,3
20,3,AECI,TEPC,1587060000,24.381,24.321,3
20,3,AECI,TEPC,1588377600,24.649,25.726,1
20,3,AECI,TEPC,1589695200,26.653,26.341,2
20,3,AECI,TEPC,1591012800,24.75,24.75,0
20,3,AECI,TEPC,1592330400,26.101,26.488,3
20,3,AECI,TEPC,1593648000,29.667,30.623,1
20,3,AECI,TEPC,1594965600,29.191,29.64,4
20,3,AECI,TEPC,1596283200,30.207,30.079,2
20,3,AECI,TEPC,1597600800,31.83,33.466,1
20,3,AECI,TEPC,1598918400,31.265,30.579,5
20,3,AECI,TEPC,1600236000,33.627,33.664,2
20,3,AECI,TEPC,1601553600,29.771,29.771,0
20,3,AECI,TEPC,1602871200,30.216,29.771,2
20,3,AECI,TEPC,1604188800,36.305,36.518,3
20,3,AECI,TEPC,1605506400,30.983,33.985,2
20,3,AECI,TEPC,1606824000,26.623,32.651,1
20,3,AECI,TEPC,1608141600,31.713,31.713,0
20,4,AECI,TEPC,1577836800,27.991,27.991,0
20,4,AECI,TEPC,1579154400,30.139,30.139,0
20,4,AECI,TEPC,1580472000,27.715,29.765,2
20,4,AECI,TEPC,1581789600,32.635,31.671,2
20,4,AECI,TEPC,1583107200,29.727,29.645,2
20,4,AECI,TEPC,1584424800,28.203,28.81,2
20,4,AECI,TEPC,1585742400,21.782,21.807,1
20,4,AECI,TEPC,1587060000,24.05,24.321,2
20,4,AECI,TEPC,1588377600,24.456,25.726,1
20,4,AECI,TEPC,1589695200,25.774,25.774,0
20,4,AECI,TEPC,1591012800,24.75,24.75,0
20,4,AECI,TEPC,1592330400,26.082,26.488,1
20,4,AECI,TEPC,1593648000,29.667,30.623,1
20,4,AECI,TEPC,1594965600,28.539,29.102,1
20,4,AECI,TEPC,1596283200,29.488,29.488,0
20,4,AECI,TEPC,1597600800,31.83,33.466,1
20,4,AECI,TEPC,1598918400,29.414,29.414,0
20,4,AECI,TEPC,1600236000,33.148,33.664,1
20,4,AECI,TEPC,1601553600,30.725,30.305,1
20,4,AECI,TEPC,1602871200,29.148,29.148,0
20,4,AECI,TEPC,1604188800,35.955,36.518,2
20,4,AECI,TEPC,1605506400,31.139,33.985,2
20,4,AECI,TEPC,1606824000,26.623,32.651,1
20,4,AECI,TEPC,1608141600,31.713,31.713,0
20,5,AECI,TEPC,1577836800,28.919,28.592,2
20,5,AECI,TEPC,1579154400,31.185,30.785,2
20,5,AECI,TEPC,1580472000,28.084,30.373,4
20,5,AECI,TEPC,1581789600,30.67,32.365,5
20,5,AECI,TEPC,1583107200,26.408,29.645,3
20,5,AECI,TEPC,1584424800,28.675,29.3,6
20,5,AECI,TEPC,1585742400,21.19,22.391,5
20,5,AECI,TEPC,1587060000,23.459,24.688,6
20,5,AECI,TEPC,1588377600,24.023,26.335,5
20,5,AECI,TEPC,1589695200,26.749,26.903,4
20,5,AECI,TEPC,1591012800,25.433,25.314,2
20,5,AECI,TEPC,1592330400,26.755,27.531,7
20,5,AECI,TEPC,1593648000,29.98,31.267,6
20,5,AECI,TEPC,1594965600,28.404,29.64,4
20,5,AECI,TEPC,1596283200,31.264,31.303,7
20,5,AECI,TEPC,1597600800,34.18,34.731,7
20,5,AECI,TEPC,1598918400,34.437,32.347,14
20,5,AECI,TEPC,1600236000,33.072,34.267,4
20,5,AECI,TEPC,1601553600,32.826,31.538,9
20,5,AECI,TEPC,1602871200,32.74,31.083,9
20,5,AECI,TEPC,1604188800,35.514,37.204,5
20,5,AECI,TEPC,1605506400,31.456,34.498,4
20,5,AECI,TEPC,1606824000,26.623,32.651,1
20,5,AECI,TEPC,1608141600,33.174,32.869,4
20,6,AECI,TEPC,1577836800,27.991,27.991,0
20,6,AECI,TEPC,1579154400,30.139,30.139,0
20,6,AECI,TEPC,1580472000,29.202,29.202,0
20,6,AECI,TEPC,1581789600,30.99,30.99,0
20,6,AECI,TEPC,1583107200,28.84,29.645,1
20,6,AECI,TEPC,1584424800,28.31,28.31,0
20,6,AECI,TEPC,1585742400,21.211,21.211,0
20,6,AECI,TEPC,1587060000,23.674,24.321,1
20,6,AECI,TEPC,1588377600,24.649,25.726,1
20,6,AECI,TEPC,1589695200,25.774,25.774,0
20,6,AECI,TEPC,1591012800,24.75,24.75,0
20,6,AECI,TEPC,1592330400,25.959,25.959,0
20,6,AECI,TEPC,1593648000,29.667,30.623,1
20,6,AECI,TEPC,1594965600,28.539,29.102,1
20,6,AECI,TEPC,1596283200,29.488,29.488,0
20,6,AECI,TEPC,1597600800,31.83,33.466,1
20,6,AECI,TEPC,1598918400,29.414,29.414,0
20,6,AECI,TEPC,1600236000,32.989,33.664,1
20,6,AECI,TEPC,1601553600,29.771,29.771,0
20,6,AECI,TEPC,1602871200,29.148,29.148,0
20,6,AECI,TEPC,1604188800,35.734,36.518,1
20,6,AECI,TEPC,1605506400,30.964,33.985,1
20,6,AECI,TEPC,1606824000,26.623,32.651,1
20,6,AECI,TEPC,1608141600,31.713,31.713,0
20,1,BANC,CISO,1577836800,9.634,9.634,0
20,1,BANC,CISO,1579154400,10.303,10.303,0
20,1,BANC,CISO,1580472000,7.054,7.054,0
20,1,BANC,CISO,1581789600,6.604,6.604,0
20,1,BANC,CISO,1583107200,6.624,6.624,0
20,1,BANC,CISO,1584424800,10.526,10.526,0
20,1,BANC,CISO,1585742400,5.601,5.601,0
20,1,BANC,CISO,1587060000,4.209,4.209,0
20,1,BANC,CISO,1588377600,5.401,5.401,0
20,1,BANC,CISO,1589695200,5.33,5.33,0
20,1,BANC,CISO,1591012800,5.354,5.354,0
20,1,BANC,CISO,1592330400,5.102,5.102,0
20,1,BANC,CISO,1593648000,4.762,4.762,0
20,1,BANC,CISO,1594965600,6.975,6.975,0
20,1,BANC,CISO,1596283200,7.162,7.162,0
20,1,BANC,CISO,1597600800,9.88,9.88,0
20,1,BANC,CISO,1598918400,9.479,9.479,0
20,1,BANC,CISO,1600236000,10.129,10.129,0
20,1,BANC,CISO,1601553600,10.238,10.238,0
20,1,BANC,CISO,1602871200,9.381,9.381,0
20,1,BANC,CISO,1604188800,11.003,11.003,0
20,1,BANC,CISO,1605506400,11.81,11.81,0
20,1,BANC,CISO,1606824000,13.726,13.726,0
20,1,BANC,CISO,1608141600,11.62,11.62,0
20,2,BANC,CISO,1577836800,9.854,9.984,4
20,2,BANC,CISO,1579154400,10.889,10.739,4
20,2,BANC,CISO,1580472000,7.238,7.217,2
20,2,BANC,CISO,1581789600,6.66,6.973,5
20,2,BANC,CISO,1583107200,6.771,6.865,4
20,2,BANC,CISO,1584424800,11.111,11.043,4
20,2,BANC,CISO,1585742400,5.625,5.783,4
20,2,BANC,CISO,1587060000,4.328,4.291,3
20,2,BANC,CISO,1588377600,4.812,5.58,6
20,2,BANC,CISO,1589695200,4.72,5.576,4
20,2,BANC,CISO,1591012800,5.572,5.487,2
20,2,BANC,CISO,1592330400,5.05,5.286,6
20,2,BANC,CISO,1593648000,4.917,4.952,4
20,2,BANC,CISO,1594965600,7.088,7.277,4
20,2,BANC,CISO,1596283200,7.211,7.447,4
20,2,BANC,CISO,1597600800,10.227,10.082,2
20,2,BANC,CISO,1598918400,9.567,9.772,4
20,2,BANC,CISO,1600236000,10.726,10.571,4
20,2,BANC,CISO,1601553600,10.829,10.645,4
20,2,BANC,CISO,1602871200,10.022,9.778,5
20,2,BANC,CISO,1604188800,11.169,11.279,4
20,2,BANC,CISO,1605506400,11.866,12.678,7
20,2,BANC,CISO,1606824000,13.196,14.652,8
20,2,BANC,CISO,1608141600,11.387,12.223,7
20,3,BANC,CISO,1577836800,9.95,9.824,2
20,3,BANC,CISO,1579154400,10.303,10.303,0
20,3,BANC,CISO,1580472000,7.054,7.054,0
20,3,BANC,CISO,1581789600,6.74,6.783,1
20,3,BANC,CISO,1583107200,6.727,6.755,2
20,3,BANC,CISO,1584424800,10.526,10.526,0
20,3,BANC,CISO,1585742400,5.601,5.601,0
20,3,BANC,CISO,1587060000,4.312,4.291,1
20,3,BANC,CISO,1588377600,5.523,5.501,3
20,3,BANC,CISO,1589695200,5.369,5.455,2
20,3,BANC,CISO,1591012800,5.354,5.354,0
20,3,BANC,CISO,1592330400,5.215,5.195,2
20,3,BANC,CISO,1593648000,4.847,4.858,2
20,3,BANC,CISO,1594965600,6.975,6.975,0
20,3,BANC,CISO,1596283200,7.162,7.162,0
20,3,BANC,CISO,1597600800,9.88,9.88,0
20,3,BANC,CISO,1598918400,9.999,9.772,4
20,3,BANC,CISO,1600236000,10.129,10.129,0
20,3,BANC,CISO,1601553600,10.238,10.238,0
20,3,BANC,CISO,1602871200,9.579,9.578,1
20,3,BANC,CISO,1604188800,11.003,11.003,0
20,3,BANC,CISO,1605506400,11.937,12.095,3
20,3,BANC,CISO,1606824000,11.973,14.057,1
20,3,BANC,CISO,1608141600,11.769,11.808,3
20,4,BANC,CISO,1577836800,9.634,9.634,0
20,4,BANC,CISO,1579154400,10.303,10.303,0
20,4,BANC,CISO,1580472000,7.054,7.054,0
20,4,BANC,CISO,1581789600,6.604,6.604,0
20,4,BANC,CISO,1583107200,6.624,6.624,0
20,4,BANC,CISO,1584424800,10.526,10.526,0
20,4,BANC,CISO,1585742400,5.601,5.601,0
20,4,BANC,CISO,1587060000,4.209,4.209,0
20,4,BANC,CISO,1588377600,5.401,5.401,0
20,4,BANC,CISO,1589695200,5.228,5.455,1
20,4,BANC,CISO,1591012800,5.354,5.354,0
20,4,BANC,CISO,1592330400,5.102,5.102,0
20,4,BANC,CISO,1593648000,4.762,4.762,0
20,4,BANC,CISO,1594965600,6.975,6.975,0
20,4,BANC,CISO,1596283200,7.162,7.162,0
20,4,BANC,CISO,1597600800,9.88,9.88,0
20,4,BANC,CISO,1598918400,9.479,9.479,0
20,4,BANC,CISO,1600236000,10.129,10.129,0
20,4,BANC,CISO,1601553600,10.238,10.238,0
20,4,BANC,CISO,1602871200,9.381,9.381,0
20,4,BANC,CISO,1604188800,11.003,11.003,0
20,4,BANC,CISO,1605506400,11.208,12.095,1
20,4,BANC,CISO,1606824000,11.973,14.057,1
20,4,BANC,CISO,1608141600,11.166,11.808,2
20,5,BANC,CISO,1577836800,9.694,9.984,4
20,5,BANC,CISO,1579154400,10.717,10.739,4
20,5,BANC,CISO,1580472000,7.207,7.217,2
20,5,BANC,CISO,1581789600,6.4,6.973,5
20,5,BANC,CISO,1583107200,6.652,6.865,4
20,5,BANC,CISO,1584424800,10.846,11.043,4
20,5,BANC,CISO,1585742400,5.436,5.783,4
20,5,BANC,CISO,1587060000,4.315,4.291,3
20,5,BANC,CISO,1588377600,4.56,5.58,4
20,5,BANC,CISO,1589695200,4.656,5.576,4
20,5,BANC,CISO,1591012800,5.553,5.487,2
20,5,BANC,CISO,1592330400,5.084,5.413,7
20,5,BANC,CISO,1593648000,4.87,4.952,4
20,5,BANC,CISO,1594965600,7.015,7.277,4
20,5,BANC,CISO,1596283200,7.167,7.447,4
20,5,BANC,CISO,1597600800,10.211,10.082,2
20,5,BANC,CISO,1598918400,9.49,9.772,4
20,5,BANC,CISO,1600236000,10.651,10.571,4
20,5,BANC,CISO,1601553600,10.769,10.645,4
20,5,BANC,CISO,1602871200,9.684,9.578,3
20,5,BANC,CISO,1604188800,11.062,11.279,4
20,5,BANC,CISO,1605506400,11.639,12.678,7
20,5,BANC,CISO,1606824000,13.055,14.652,9
20,5,BANC,CISO,1608141600,10.99,12.223,7
20,6,BANC,CISO,1577836800,9.634,9.634,0
20,6,BANC,CISO,1579154400,10.303,10.303,0
20,6,BANC,CISO,1580472000,7.054,7.054,0
20,6,BANC,CISO,1581789600,6.604,6.604,0
20,6,BANC,CISO,1583107200,6.624,6.624,0
20,6,BANC,CISO,1584424800,10.526,10.526,0
20,6,BANC,CISO,1585742400,5.601,5.601,0
20,6,BANC,CISO,1587060000,4.209,4.209,0
20,6,BANC,CISO,1588377600,5.36,5.501,1
20,6,BANC,CISO,1589695200,5.105,5.455,2
20,6,BANC,CISO,1591012800,5.354,5.354,0
20,6,BANC,CISO,1592330400,5.102,5.102,0
20,6,BANC,CISO,1593648000,4.762,4.762,0
20,6,BANC,CISO,1594965600,6.975,6.975,0
20,6,BANC,CISO,1596283200,7.162,7.162,0
20,6,BANC,CISO,1597600800,9.88,9.88,0
20,6,BANC,CISO,1598918400,9.479,9.479,0
20,6,BANC,CISO,1600236000,10.129,10.129,0
20,6,BANC,CISO,1601553600,10.238,10.238,0
20,6,BANC,CISO,1602871200,9.381,9.381,0
20,6,BANC,CISO,1604188800,11.003,11.003,0
20,6,BANC,CISO,1605506400,11.734,12.095,1
20,6,BANC,CISO,1606824000,11.973,14.057,1
20,6,BANC,CISO,1608141600,11.62,11.62,0
20,1,CISO,BANC,1577836800,12.402,12.402,0
20,1,CISO,BANC,1579154400,13.357,13.357,0
20,1,CISO,BANC,1580472000,11.216,11.216,0
20,1,CISO,BANC,1581789600,9.848,9.848,0
20,1,CISO,BANC,1583107200,9.903,9.903,0
20,1,CISO,BANC,1584424800,12.883,12.883,0
20,1,CISO,BANC,1585742400,7.582,7.582,0
20,1,CISO,BANC,1587060000,7.672,7.672,0
20,1,CISO,BANC,1588377600,5.359,5.359,0
20,1,CISO,BANC,1589695200,5.976,5.976,0
20,1,CISO,BANC,1591012800,9.004,9.004,0
20,1,CISO,BANC,1592330400,6.312,6.312,0
20,1,CISO,BANC,1593648000,7.005,7.005,0
20,1,CISO,BANC,1594965600,8.607,8.607,0
20,1,CISO,BANC,1596283200,8.788,8.788,0
20,1,CISO,BANC,1597600800,12.113,12.113,0
20,1,CISO,BANC,1598918400,10.471,10.471,0
20,1,CISO,BANC,1600236000,12.075,12.075,0
20,1,CISO,BANC,1601553600,12.36,12.36,0
20,1,CISO,BANC,1602871200,13.505,13.505,0
20,1,CISO,BANC,1604188800,13.674,13.674,0
20,1,CISO,BANC,1605506400,11.755,11.755,0
20,1,CISO,BANC,1606824000,11.541,11.541,0
20,1,CISO,BANC,1608141600,11.483,11.483,0
20,2,CISO,BANC,1577836800,10.081,13.026,5
20,2,CISO,BANC,1579154400,11.126,14.02,5
20,2,CISO,BANC,1580472000,7.458,11.477,3
20,2,CISO,BANC,1581789600,6.571,10.091,4
20,2,CISO,BANC,1583107200,6.838,10.307,5
20,2,CISO,BANC,1584424800,11.308,13.466,5
20,2,CISO,BANC,1585742400,5.798,7.964,5
20,2,CISO,BANC,1587060000,4.268,7.748,2
20,2,CISO,BANC,1588377600,4.729,5.522,5
20,2,CISO,BANC,1589695200,4.846,6.257,5
20,2,CISO,BANC,1591012800,5.71,9.23,3
20,2,CISO,BANC,1592330400,4.956,6.512,5
20,2,CISO,BANC,1593648000,4.989,7.305,5
20,2,CISO,BANC,1594965600,7.235,9.046,5
20,2,CISO,BANC,1596283200,7.337,9.156,5
20,2,CISO,BANC,1597600800,10.153,12.335,1
20,2,CISO,BANC,1598918400,9.68,10.909,5
20,2,CISO,BANC,1600236000,10.883,12.63,5
20,2,CISO,BANC,1601553600,10.992,12.894,5
20,2,CISO,BANC,1602871200,9.945,13.823,4
20,2,CISO,BANC,1604188800,11.349,14.249,5
20,2,CISO,BANC,1605506400,12.081,12.528,8
20,2,CISO,BANC,1606824000,12.665,12.096,6
20,2,CISO,BANC,1608141600,11.462,11.975,8
20,3,CISO,BANC,1577836800,10.05,12.704,1
20,3,CISO,BANC,1579154400,10.753,13.688,1
20,3,CISO,BANC,1580472000,7.436,11.477,1
20,3,CISO,BANC,1581789600,6.756,9.97,2
20,3,CISO,BANC,1583107200,6.771,10.08,3
20,3,CISO,BANC,1584424800,10.989,13.177,1
20,3,CISO,BANC,1585742400,5.875,7.771,1
20,3,CISO,BANC,1587060000,4.317,7.748,2
20,3,CISO,BANC,1588377600,5.411,5.425,2
20,3,CISO,BANC,1589695200,5.416,6.12,3
20,3,CISO,BANC,1591012800,5.625,9.23,1
20,3,CISO,BANC,1592330400,5.182,6.409,3
20,3,CISO,BANC,1593648000,4.865,7.141,3
20,3,CISO,BANC,1594965600,7.259,8.825,1
20,3,CISO,BANC,1596283200,7.435,8.975,1
20,3,CISO,BANC,1597600800,10.145,12.335,1
20,3,CISO,BANC,1598918400,9.775,10.673,3
20,3,CISO,BANC,1600236000,10.518,12.356,1
20,3,CISO,BANC,1601553600,10.611,12.627,1
20,3,CISO,BANC,1602871200,9.635,13.665,2
20,3,CISO,BANC,1604188800,11.325,13.941,1
20,3,CISO,BANC,1605506400,12.024,12.014,2
20,3,CISO,BANC,1606824000,11.541,11.541,0
20,3,CISO,BANC,1608141600,11.713,11.648,2
20,4,CISO,BANC,1577836800,10.05,12.704,1
20,4,CISO,BANC,1579154400,10.753,13.688,1
20,4,CISO,BANC,1580472000,7.436,11.477,1
20,4,CISO,BANC,1581789600,6.799,9.97,1
20,4,CISO,BANC,1583107200,6.822,10.08,1
20,4,CISO,BANC,1584424800,10.989,13.177,1
20,4,CISO,BANC,1585742400,5.875,7.771,1
20,4,CISO,BANC,1587060000,4.296,7.748,1
20,4,CISO,BANC,1588377600,5.585,5.425,1
20,4,CISO,BANC,1589695200,5.354,6.12,2
20,4,CISO,BANC,1591012800,5.625,9.23,1
20,4,CISO,BANC,1592330400,5.162,6.409,1
20,4,CISO,BANC,1593648000,4.93,7.141,1
20,4,CISO,BANC,1594965600,7.259,8.825,1
20,4,CISO,BANC,1596283200,7.435,8.975,1
20,4,CISO,BANC,1597600800,10.145,12.335,1
20,4,CISO,BANC,1598918400,9.737,10.673,1
20,4,CISO,BANC,1600236000,10.518,12.356,1
20,4,CISO,BANC,1601553600,10.611,12.627,1
20,4,CISO,BANC,1602871200,9.644,13.665,1
20,4,CISO,BANC,1604188800,11.325,13.941,1
20,4,CISO,BANC,1605506400,11.422,12.014,2
20,4,CISO,BANC,1606824000,11.541,11.541,0
20,4,CISO,BANC,1608141600,11.11,11.648,1
20,5,CISO,BANC,1577836800,9.921,13.026,5
20,5,CISO,BANC,1579154400,10.954,14.02,5
20,5,CISO,BANC,1580472000,7.427,11.477,3
20,5,CISO,BANC,1581789600,6.311,10.091,4
20,5,CISO,BANC,1583107200,6.718,10.307,5
20,5,CISO,BANC,1584424800,11.044,13.466,5
20,5,CISO,BANC,1585742400,5.609,7.964,5
20,5,CISO,BANC,1587060000,4.255,7.748,2
20,5,CISO,BANC,1588377600,4.551,5.522,5
20,5,CISO,BANC,1589695200,4.782,6.257,5
20,5,CISO,BANC,1591012800,5.692,9.23,3
20,5,CISO,BANC,1592330400,4.88,6.512,6
20,5,CISO,BANC,1593648000,4.941,7.305,5
20,5,CISO,BANC,1594965600,7.162,9.046,5
20,5,CISO,BANC,1596283200,7.292,9.156,5
20,5,CISO,BANC,1597600800,10.137,12.335,1
20,5,CISO,BANC,1598918400,9.603,10.909,5
20,5,CISO,BANC,1600236000,10.807,12.63,5
20,5,CISO,BANC,1601553600,10.932,12.894,5
20,5,CISO,BANC,1602871200,9.909,13.823,4
20,5,CISO,BANC,1604188800,11.242,14.249,5
20,5,CISO,BANC,1605506400,11.854,12.528,8
20,5,CISO,BANC,1606824000,12.897,12.377,8
20,5,CISO,BANC,1608141600,10.772,11.812,6
20,6,CISO,BANC,1577836800,10.05,12.704,1
20,6,CISO,BANC,1579154400,10.753,13.688,1
20,6,CISO,BANC,1580472000,7.436,11.477,1
20,6,CISO,BANC,1581789600,6.799,9.97,1
20,6,CISO,BANC,1583107200,6.822,10.08,1
20,6,CISO,BANC,1584424800,10.989,13.177,1
20,6,CISO,BANC,1585742400,5.875,7.771,1
20,6,CISO,BANC,1587060000,4.296,7.748,1
20,6,CISO,BANC,1588377600,5.359,5.359,0
20,6,CISO,BANC,1589695200,5.231,6.12,3
20,6,CISO,BANC,1591012800,5.625,9.23,1
20,6,CISO,BANC,1592330400,5.162,6.409,1
20,6,CISO,BANC,1593648000,4.93,7.141,1
20,6,CISO,BANC,1594965600,7.259,8.825,1
20,6,CISO,BANC,1596283200,7.435,8.975,1
20,6,CISO,BANC,1597600800,10.145,12.335,1
20,6,CISO,BANC,1598918400,9.737,10.673,1
20,6,CISO,BANC,1600236000,10.518,12.356,1
20,6,CISO,BANC,1601553600,10.611,12.627,1
20,6,CISO,BANC,1602871200,9.644,13.665,1
20,6,CISO,BANC,1604188800,11.325,13.941,1
20,6,CISO,BANC,1605506400,11.755,11.755,0
20,6,CISO,BANC,1606824000,11.541,11.541,0
20,6,CISO,BANC,1608141600,11.453,11.648,1
20,1,EPE,AECI,1577836800,26.946,26.946,0
20,1,EPE,AECI,1579154400,27.639,27.639,0
20,1,EPE,AECI,1580472000,24.201,24.201,0
20,1,EPE,AECI,1581789600,23.463,23.463,0
20,1,EPE,AECI,1583107200,27.005,27.005,0
20,1,EPE,AECI,1584424800,27.241,27.241,0
20,1,EPE,AECI,1585742400,21.947,21.947,0
20,1,EPE,AECI,1587060000,22.891,22.891,0
20,1,EPE,AECI,1588377600,24.48,24.48,0
20,1,EPE,AECI,1589695200,25.238,25.238,0
20,1,EPE,AECI,1591012800,26.114,26.114,0
20,1,EPE,AECI,1592330400,26.021,26.021,0
20,1,EPE,AECI,1593648000,26.402,26.402,0
20,1,EPE,AECI,1594965600,27.925,27.925,0
20,1,EPE,AECI,1596283200,27.295,27.295,0
20,1,EPE,AECI,1597600800,28.635,28.635,0
20,1,EPE,AECI,1598918400,27.13,27.13,0
20,1,EPE,AECI,1600236000,26.63,26.63,0
20,1,EPE,AECI,1601553600,29.343,29.343,0
20,1,EPE,AECI,1602871200,29.864,29.864,0
20,1,EPE,AECI,1604188800,28.659,28.659,0
20,1,EPE,AECI,1605506400,27.195,27.195,0
20,1,EPE,AECI,1606824000,26.511,26.511,0
20,1,EPE,AECI,1608141600,28.727,28.727,0
20,2,EPE,AECI,1577836800,29.858,28.75,8
20,2,EPE,AECI,1579154400,28.611,28.24,2
20,2,EPE,AECI,1580472000,24.417,24.759,2
20,2,EPE,AECI,1581789600,23.463,23.463,0
20,2,EPE,AECI,1583107200,27.605,28.19,4
20,2,EPE,AECI,1584424800,29.435,28.851,7
20,2,EPE,AECI,1585742400,21.88,22.918,4
20,2,EPE,AECI,1587060000,23.719,23.711,5
20,2,EPE,AECI,1588377600,24.69,25.485,4
20,2,EPE,AECI,1589695200,27.195,27.033,7
20,2,EPE,AECI,1591012800,27.001,27.757,8
20,2,EPE,AECI,1592330400,26.901,27.056,6
20,2,EPE,AECI,1593648000,28.291,27.508,4
20,2,EPE,AECI,1594965600,29.185,29.166,5
20,2,EPE,AECI,1596283200,29.476,28.491,6
20,2,EPE,AECI,1597600800,29.618,29.159,2
20,2,EPE,AECI,1598918400,29.246,28.289,5
20,2,EPE,AECI,1600236000,26.63,26.63,0
20,2,EPE,AECI,1601553600,28.978,30.029,3
20,2,EPE,AECI,1602871200,29.486,31.021,4
20,2,EPE,AECI,1604188800,30.46,29.832,4
20,2,EPE,AECI,1605506400,27.772,27.785,1
20,2,EPE,AECI,1606824000,27.537,27.136,2
20,2,EPE,AECI,1608141600,32.168,30.397,9
20,3,EPE,AECI,1577836800,26.946,26.946,0
20,3,EPE,AECI,1579154400,27.639,27.639,0
20,3,EPE,AECI,1580472000,24.82,24.759,2
20,3,EPE,AECI,1581789600,23.463,23.463,0
20,3,EPE,AECI,1583107200,27.005,27.005,0
20,3,EPE,AECI,1584424800,27.764,27.805,1
20,3,EPE,AECI,1585742400,22.405,22.918,4
20,3,EPE,AECI,1587060000,22.891,22.891,0
20,3,EPE,AECI,1588377600,24.48,24.48,0
20,3,EPE,AECI,1589695200,25.975,25.814,1
20,3,EPE,AECI,1591012800,25.608,26.713,1
20,3,EPE,AECI,1592330400,26.485,26.538,2
20,3,EPE,AECI,1593648000,26.402,26.402,0
20,3,EPE,AECI,1594965600,28.799,28.543,3
20,3,EPE,AECI,1596283200,28.006,27.913,1
20,3,EPE,AECI,1597600800,28.635,28.635,0
20,3,EPE,AECI,1598918400,28.055,27.701,2
20,3,EPE,AECI,1600236000,26.63,26.63,0
20,3,EPE,AECI,1601553600,30.074,30.029,1
20,3,EPE,AECI,1602871200,30.008,30.447,2
20,3,EPE,AECI,1604188800,28.659,28.659,0
20,3,EPE,AECI,1605506400,27.771,27.785,1
20,3,EPE,AECI,1606824000,27.554,27.136,2
20,3,EPE,AECI,1608141600,29.697,29.287,2
20,4,EPE,AECI,1577836800,26.946,26.946,0
20,4,EPE,AECI,1579154400,27.639,27.639,0
20,4,EPE,AECI,1580472000,24.201,24.201,0
20,4,EPE,AECI,1581789600,23.463,23.463,0
20,4,EPE,AECI,1583107200,27.005,27.005,0
20,4,EPE,AECI,1584424800,27.241,27.241,0
20,4,EPE,AECI,1585742400,21.889,22.441,2
20,4,EPE,AECI,1587060000,24.129,23.297,1
20,4,EPE,AECI,1588377600,24.48,24.48,0
20,4,EPE,AECI,1589695200,25.525,25.814,2
20,4,EPE,AECI,1591012800,25.068,26.713,1
20,4,EPE,AECI,1592330400,26.35,26.538,1
20,4,EPE,AECI,1593648000,26.402,26.402,0
20,4,EPE,AECI,1594965600,27.925,27.925,0
20,4,EPE,AECI,1596283200,27.295,27.295,0
20,4,EPE,AECI,1597600800,28.635,28.635,0
20,4,EPE,AECI,1598918400,27.13,27.13,0
20,4,EPE,AECI,1600236000,26.63,26.63,0
20,4,EPE,AECI,1601553600,29.307,30.029,1
20,4,EPE,AECI,1602871200,29.864,29.864,0
20,4,EPE,AECI,1604188800,28.659,28.659,0
20,4,EPE,AECI,1605506400,27.195,27.195,0
20,4,EPE,AECI,1606824000,26.511,26.511,0
20,4,EPE,AECI,1608141600,28.727,28.727,0
20,5,EPE,AECI,1577836800,29.696,28.75,8
20,5,EPE,AECI,1579154400,28.522,28.24,2
20,5,EPE,AECI,1580472000,24.376,24.759,2
20,5,EPE,AECI,1581789600,23.463,23.463,0
20,5,EPE,AECI,1583107200,27.419,28.19,4
20,5,EPE,AECI,1584424800,29.355,28.851,7
20,5,EPE,AECI,1585742400,21.782,22.918,4
20,5,EPE,AECI,1587060000,23.556,23.711,5
20,5,EPE,AECI,1588377600,24.558,25.485,4
20,5,EPE,AECI,1589695200,27.008,27.033,7
20,5,EPE,AECI,1591012800,25.895,27.251,6
20,5,EPE,AECI,1592330400,27.363,27.576,7
20,5,EPE,AECI,1593648000,28.136,27.508,4
20,5,EPE,AECI,1594965600,29.001,29.166,5
20,5,EPE,AECI,1596283200,28.881,28.491,4
20,5,EPE,AECI,1597600800,29.56,29.159,2
20,5,EPE,AECI,1598918400,29.205,28.289,5
20,5,EPE,AECI,1600236000,27.406,27.225,1
20,5,EPE,AECI,1601553600,28.866,30.029,3
20,5,EPE,AECI,1602871200,29.422,31.021,4
20,5,EPE,AECI,1604188800,30.345,29.832,4
20,5,EPE,AECI,1605506400,27.761,27.785,1
20,5,EPE,AECI,1606824000,27.519,27.136,2
20,5,EPE,AECI,1608141600,32.801,30.954,10
20,6,EPE,AECI,1577836800,26.946,26.946,0
20,6,EPE,AECI,1579154400,27.639,27.639,0
20,6,EPE,AECI,1580472000,24.201,24.201,0
20,6,EPE,AECI,1581789600,23.463,23.463,0
20,6,EPE,AECI,1583107200,27.005,27.005,0
20,6,EPE,AECI,1584424800,27.241,27.241,0
20,6,EPE,AECI,1585742400,21.92,22.441,1
20,6,EPE,AECI,1587060000,22.891,22.891,0
20,6,EPE,AECI,1588377600,24.48,24.48,0
20,6,EPE,AECI,1589695200,25.238,25.238,0
20,6,EPE,AECI,1591012800,25.608,26.713,1
20,6,EPE,AECI,1592330400,25.971,26.538,1
20,6,EPE,AECI,1593648000,26.402,26.402,0
20,6,EPE,AECI,1594965600,27.925,27.925,0
20,6,EPE,AECI,1596283200,27.295,27.295,0
20,6,EPE,AECI,1597600800,28.635,28.635,0
20,6,EPE,AECI,1598918400,27.13,27.13,0
20,6,EPE,AECI,1600236000,26.63,26.63,0
20,6,EPE,AECI,1601553600,29.307,30.029,1
20,6,EPE,AECI,1602871200,29.797,30.447,1
20,6,EPE,AECI,1604188800,28.659,28.659,0
20,6,EPE,AECI,1605506400,27.195,27.195,0
20,6,EPE,AECI,1606824000,26.511,26.511,0
20,6,EPE,AECI,1608141600,28.727,28.727,0
20,1,EPE,PSCO,1577836800,26.946,26.946,0
20,1,EPE,PSCO,1579154400,27.639,27.639,0
20,1,EPE,PSCO,1580472000,24.201,24.201,0
20,1,EPE,PSCO,1581789600,23.463,23.463,0
20,1,EPE,PSCO,1583107200,27.005,27.005,0
20,1,EPE,PSCO,1584424800,27.241,27.241,0
20,1,EPE,PSCO,1585742400,21.947,21.947,0
20,1,EPE,PSCO,1587060000,22.891,22.891,0
20,1,EPE,PSCO,1588377600,24.48,24.48,0
20,1,EPE,PSCO,1589695200,25.238,25.238,0
20,1,EPE,PSCO,1591012800,26.114,26.114,0
20,1,EPE,PSCO,1592330400,26.021,26.021,0
20,1,EPE,PSCO,1593648000,26.402,26.402,0
20,1,EPE,PSCO,1594965600,27.925,27.925,0
20,1,EPE,PSCO,1596283200,27.295,27.295,0
20,1,EPE,PSCO,1597600800,28.635,28.635,0
20,1,EPE,PSCO,1598918400,27.13,27.13,0
20,1,EPE,PSCO,1600236000,26.63,26.63,0
20,1,EPE,PSCO,1601553600,29.343,29.343,0
20,1,EPE,PSCO,1602871200,29.864,29.864,0
20,1,EPE,PSCO,1604188800,28.659,28.659,0
20,1,EPE,PSCO,1605506400,27.195,27.195,0
20,1,EPE,PSCO,1606824000,26.511,26.511,0
20,1,EPE,PSCO,1608141600,28.727,28.727,0
20,2,EPE,PSCO,1577836800,27.4,28.14,4
20,2,EPE,PSCO,1579154400,24.343,28.843,5
20,2,EPE,PSCO,1580472000,24.845,25.864,9
20,2,EPE,PSCO,1581789600,25.144,24.336,6
20,2,EPE,PSCO,1583107200,27.445,28.19,5
20,2,EPE,PSCO,1584424800,28.851,28.334,6
20,2,EPE,PSCO,1585742400,22.209,22.441,2
20,2,EPE,PSCO,1587060000,23.447,23.297,2
20,2,EPE,PSCO,1588377600,25.843,26.008,7
20,2,EPE,PSCO,1589695200,22.864,25.814,3
20,2,EPE,PSCO,1591012800,28.064,27.251,4
20,2,EPE,PSCO,1592330400,24.288,26.538,3
20,2,EPE,PSCO,1593648000,25.304,27.508,5
20,2,EPE,PSCO,1594965600,28.514,29.166,5
20,2,EPE,PSCO,1596283200,27.04,28.491,5
20,2,EPE,PSCO,1597600800,26.587,29.682,4
20,2,EPE,PSCO,1598918400,27.825,27.701,2
20,2,EPE,PSCO,1600236000,24.375,27.838,5
20,2,EPE,PSCO,1601553600,28.291,31.302,7
20,2,EPE,PSCO,1602871200,28.782,31.021,6
20,2,EPE,PSCO,1604188800,30.972,30.425,7
20,2,EPE,PSCO,1605506400,27.245,28.366,5
20,2,EPE,PSCO,1606824000,20.377,27.136,1
20,2,EPE,PSCO,1608141600,23.711,29.287,1
20,3,EPE,PSCO,1577836800,28.717,28.14,4
20,3,EPE,PSCO,1579154400,23.135,28.24,1
20,3,EPE,PSCO,1580472000,22.852,24.759,1
20,3,EPE,PSCO,1581789600,23.971,23.904,1
20,3,EPE,PSCO,1583107200,26.831,27.594,1
20,3,EPE,PSCO,1584424800,28.032,27.805,2
20,3,EPE,PSCO,1585742400,21.947,21.947,0
20,3,EPE,PSCO,1587060000,22.891,22.891,0
20,3,EPE,PSCO,1588377600,24.48,24.48,0
20,3,EPE,PSCO,1589695200,23.765,25.814,1
20,3,EPE,PSCO,1591012800,26.114,26.114,0
20,3,EPE,PSCO,1592330400,24.664,26.538,1
20,3,EPE,PSCO,1593648000,24.932,26.945,3
20,3,EPE,PSCO,1594965600,28.437,28.543,1
20,3,EPE,PSCO,1596283200,27.462,27.913,1
20,3,EPE,PSCO,1597600800,25.871,29.159,2
20,3,EPE,PSCO,1598918400,27.13,27.13,0
20,3,EPE,PSCO,1600236000,23.928,27.225,1
20,3,EPE,PSCO,1601553600,26.863,30.029,1
20,3,EPE,PSCO,1602871200,28.072,30.447,2
20,3,EPE,PSCO,1604188800,28.659,28.659,0
20,3,EPE,PSCO,1605506400,27.862,27.785,3
20,3,EPE,PSCO,1606824000,20.377,27.136,1
20,3,EPE,PSCO,1608141600,23.711,29.287,1
20,4,EPE,PSCO,1577836800,26.804,27.54,2
20,4,EPE,PSCO,1579154400,23.135,28.24,1
20,4,EPE,PSCO,1580472000,22.852,24.759,1
20,4,EPE,PSCO,1581789600,23.463,23.463,0
20,4,EPE,PSCO,1583107200,26.453,27.594,1
20,4,EPE,PSCO,1584424800,27.241,27.241,0
20,4,EPE,PSCO,1585742400,21.947,21.947,0
20,4,EPE,PSCO,1587060000,22.891,22.891,0
20,4,EPE,PSCO,1588377600,25.55,24.965,1
20,4,EPE,PSCO,1589695200,23.288,25.814,1
20,4,EPE,PSCO,1591012800,26.114,26.114,0
20,4,EPE,PSCO,1592330400,24.958,26.538,2
20,4,EPE,PSCO,1593648000,24.743,26.945,1
20,4,EPE,PSCO,1594965600,27.925,27.925,0
20,4,EPE,PSCO,1596283200,26.229,27.913,1
20,4,EPE,PSCO,1597600800,25.871,29.159,2
20,4,EPE,PSCO,1598918400,29.106,27.701,1
20,4,EPE,PSCO,1600236000,23.928,27.225,1
20,4,EPE,PSCO,1601553600,26.863,30.029,1
20,4,EPE,PSCO,1602871200,28.099,30.447,1
20,4,EPE,PSCO,1604188800,28.659,28.659,0
20,4,EPE,PSCO,1605506400,28.062,27.785,1
20,4,EPE,PSCO,1606824000,20.377,27.136,1
20,4,EPE,PSCO,1608141600,23.711,29.287,1
20,5,EPE,PSCO,1577836800,27.227,28.14,4
20,5,EPE,PSCO,1579154400,24.068,28.843,5
20,5,EPE,PSCO,1580472000,24.733,25.864,9
20,5,EPE,PSCO,1581789600,25.036,24.336,6
20,5,EPE,PSCO,1583107200,27.265,28.19,5
20,5,EPE,PSCO,1584424800,28.717,28.334,6
20,5,EPE,PSCO,1585742400,22.034,22.441,2
20,5,EPE,PSCO,1587060000,23.384,23.297,2
20,5,EPE,PSCO,1588377600,25.639,26.008,7
20,5,EPE,PSCO,1589695200,22.787,25.814,3
20,5,EPE,PSCO,1591012800,27.024,26.713,2
20,5,EPE,PSCO,1592330400,24.794,27.056,4
20,5,EPE,PSCO,1593648000,25.203,27.508,5
20,5,EPE,PSCO,1594965600,28.401,29.166,5
20,5,EPE,PSCO,1596283200,26.98,28.491,5
20,5,EPE,PSCO,1597600800,26.517,29.682,4
20,5,EPE,PSCO,1598918400,27.781,27.701,2
20,5,EPE,PSCO,1600236000,24.238,27.838,5
20,5,EPE,PSCO,1601553600,28.012,31.302,7
20,5,EPE,PSCO,1602871200,28.654,31.021,6
20,5,EPE,PSCO,1604188800,30.778,30.425,7
20,5,EPE,PSCO,1605506400,27.155,28.366,5
20,5,EPE,PSCO,1606824000,20.377,27.136,1
20,5,EPE,PSCO,1608141600,23.711,29.287,1
20,6,EPE,PSCO,1577836800,26.903,27.54,1
20,6,EPE,PSCO,1579154400,23.135,28.24,1
20,6,EPE,PSCO,1580472000,22.852,24.759,1
20,6,EPE,PSCO,1581789600,23.463,23.463,0
20,6,EPE,PSCO,1583107200,26.831,27.594,1
20,6,EPE,PSCO,1584424800,27.241,27.241,0
20,6,EPE,PSCO,1585742400,21.947,21.947,0
20,6,EPE,PSCO,1587060000,22.891,22.891,0
20,6,EPE,PSCO,1588377600,24.48,24.48,0
20,6,EPE,PSCO,1589695200,23.765,25.814,1
20,6,EPE,PSCO,1591012800,26.114,26.114,0
20,6,EPE,PSCO,1592330400,24.664,26.538,1
20,6,EPE,PSCO,1593648000,24.743,26.945,1
20,6,EPE,PSCO,1594965600,27.925,27.925,0
20,6,EPE,PSCO,1596283200,27.223,27.913,1
20,6,EPE,PSCO,1597600800,26.032,29.159,1
20,6,EPE,PSCO,1598918400,27.13,27.13,0
20,6,EPE,PSCO,1600236000,23.928,27.225,1
20,6,EPE,PSCO,1601553600,26.863,30.029,1
20,6,EPE,PSCO,1602871200,28.099,30.447,1
20,6,EPE,PSCO,1604188800,28.659,28.659,0
20,6,EPE,PSCO,1605506400,27.172,27.785,1
20,6,EPE,PSCO,1606824000,20.377,27.136,1
20,6,EPE,PSCO,1608141600,23.711,29.287,1
20,1,PACE,AECI,1577836800,29.606,29.606,0
20,1,PACE,AECI,1579154400,31.258,31.258,0
20,1,PACE,AECI,1580472000,26.441,26.441,0
20,1,PACE,AECI,1581789600,26.244,26.244,0
20,1,PACE,AECI,1583107200,27.863,27.863,0
20,1,PACE,AECI,1584424800,33.66,33.66,0
20,1,PACE,AECI,1585742400,30.11,30.11,0
20,1,PACE,AECI,1587060000,29.92,29.92,0
20,1,PACE,AECI,1588377600,26.092,26.092,0
20,1,PACE,AECI,1589695200,29.135,29.135,0
20,1,PACE,AECI,1591012800,30.797,30.797,0
20,1,PACE,AECI,1592330400,26.769,26.769,0
20,1,PACE,AECI,1593648000,28.187,28.187,0
20,1,PACE,AECI,1594965600,26.382,26.382,0
20,1,PACE,AECI,1596283200,31.055,31.055,0
20,1,PACE,AECI,1597600800,33.719,33.719,0
20,1,PACE,AECI,1598918400,31.987,31.987,0
20,1,PACE,AECI,1600236000,34.388,34.388,0
20,1,PACE,AECI,1601553600,33.411,33.411,0
20,1,PACE,AECI,1602871200,28.206,28.206,0
20,1,PACE,AECI,1604188800,34.413,34.413,0
20,1,PACE,AECI,1605506400,30.768,30.768,0
20,1,PACE,AECI,1606824000,32.138,32.138,0
20,1,PACE,AECI,1608141600,29.524,29.524,0
20,2,PACE,AECI,1577836800,28.389,30.229,3
20,2,PACE,AECI,1579154400,32.99,33.238,7
20,2,PACE,AECI,1580472000,26.493,27.027,3
20,2,PACE,AECI,1581789600,26.98,26.764,2
20,2,PACE,AECI,1583107200,26.867,28.997,4
20,2,PACE,AECI,1584424800,29.36,34.478,3
20,2,PACE,AECI,1585742400,22.125,30.789,1
20,2,PACE,AECI,1587060000,24.54,30.442,3
20,2,PACE,AECI,1588377600,23.866,26.958,4
20,2,PACE,AECI,1589695200,27.248,30.43,5
20,2,PACE,AECI,1591012800,25.66,31.508,3
20,2,PACE,AECI,1592330400,24.464,27.372,3
20,2,PACE,AECI,1593648000,28.795,29.433,4
20,2,PACE,AECI,1594965600,29.02,28.424,7
20,2,PACE,AECI,1596283200,32.512,33.018,8
20,2,PACE,AECI,1597600800,37.616,36.296,11
20,2,PACE,AECI,1598918400,31.473,33.175,5
20,2,PACE,AECI,1600236000,34.567,35.803,5
20,2,PACE,AECI,1601553600,31.7,35.032,5
20,2,PACE,AECI,1602871200,27.876,29.186,4
20,2,PACE,AECI,1604188800,34.976,35.794,5
20,2,PACE,AECI,1605506400,31.267,31.369,3
20,2,PACE,AECI,1606824000,33.329,33.479,6
20,2,PACE,AECI,1608141600,32.3,31.492,7
20,3,PACE,AECI,1577836800,28.865,30.229,3
20,3,PACE,AECI,1579154400,31.39,31.932,3
20,3,PACE,AECI,1580472000,26.848,27.027,1
20,3,PACE,AECI,1581789600,26.244,26.244,0
20,3,PACE,AECI,1583107200,27.863,27.863,0
20,3,PACE,AECI,1584424800,29.287,34.478,1
20,3,PACE,AECI,1585742400,22.125,30.789,1
20,3,PACE,AECI,1587060000,24.618,30.442,1
20,3,PACE,AECI,1588377600,25.734,26.489,2
20,3,PACE,AECI,1589695200,26.942,29.807,3
20,3,PACE,AECI,1591012800,25.731,31.508,1
20,3,PACE,AECI,1592330400,26.466,27.372,1
20,3,PACE,AECI,1593648000,28.187,28.187,0
20,3,PACE,AECI,1594965600,26.818,27.086,1
20,3,PACE,AECI,1596283200,30.432,31.767,1
20,3,PACE,AECI,1597600800,35.02,35.019,5
20,3,PACE,AECI,1598918400,31.397,33.175,5
20,3,PACE,AECI,1600236000,34.186,35.088,3
20,3,PACE,AECI,1601553600,30.851,34.231,1
20,3,PACE,AECI,1602871200,29.415,29.186,6
20,3,PACE,AECI,1604188800,35.18,35.105,2
20,3,PACE,AECI,1605506400,31.156,31.369,1
20,3,PACE,AECI,1606824000,34.077,33.479,6
20,3,PACE,AECI,1608141600,30.037,30.18,1
20,4,PACE,AECI,1577836800,28.723,30.229,1
20,4,PACE,AECI,1579154400,31.185,31.932,1
20,4,PACE,AECI,1580472000,26.229,27.027,1
20,4,PACE,AECI,1581789600,27.537,26.764,1
20,4,PACE,AECI,1583107200,27.072,28.414,2
20,4,PACE,AECI,1584424800,29.287,34.478,1
20,4,PACE,AECI,1585742400,22.125,30.789,1
20,4,PACE,AECI,1587060000,24.618,30.442,1
20,4,PACE,AECI,1588377600,24.88,26.489,2
20,4,PACE,AECI,1589695200,26.78,29.807,1
20,4,PACE,AECI,1591012800,25.731,31.508,1
20,4,PACE,AECI,1592330400,26.604,27.372,1
20,4,PACE,AECI,1593648000,28.187,28.187,0
20,4,PACE,AECI,1594965600,27.079,27.086,1
20,4,PACE,AECI,1596283200,30.365,31.767,1
20,4,PACE,AECI,1597600800,33.767,34.373,2
20,4,PACE,AECI,1598918400,30.236,32.555,1
20,4,PACE,AECI,1600236000,34.062,35.088,1
20,4,PACE,AECI,1601553600,30.851,34.231,1
20,4,PACE,AECI,1602871200,28.206,28.206,0
20,4,PACE,AECI,1604188800,34.654,35.105,1
20,4,PACE,AECI,1605506400,31.577,31.369,1
20,4,PACE,AECI,1606824000,32.138,32.138,0
20,4,PACE,AECI,1608141600,30.186,30.18,2
20,5,PACE,AECI,1577836800,28.311,30.229,3
20,5,PACE,AECI,1579154400,32.9,33.238,7
20,5,PACE,AECI,1580472000,27.127,27.605,4
20,5,PACE,AECI,1581789600,26.898,26.764,2
20,5,PACE,AECI,1583107200,26.794,28.997,4
20,5,PACE,AECI,1584424800,29.233,34.478,3
20,5,PACE,AECI,1585742400,22.125,30.789,1
20,5,PACE,AECI,1587060000,24.486,30.442,3
20,5,PACE,AECI,1588377600,23.854,26.958,5
20,5,PACE,AECI,1589695200,27.019,30.43,5
20,5,PACE,AECI,1591012800,25.583,31.508,3
20,5,PACE,AECI,1592330400,24.243,27.372,3
20,5,PACE,AECI,1593648000,28.769,29.433,5
20,5,PACE,AECI,1594965600,28.819,28.424,7
20,5,PACE,AECI,1596283200,32.363,33.018,8
20,5,PACE,AECI,1597600800,37.312,36.296,11
20,5,PACE,AECI,1598918400,31.369,33.175,5
20,5,PACE,AECI,1600236000,34.345,35.803,5
20,5,PACE,AECI,1601553600,31.493,35.032,5
20,5,PACE,AECI,1602871200,27.732,29.186,4
20,5,PACE,AECI,1604188800,34.85,35.794,5
20,5,PACE,AECI,1605506400,31.135,31.369,3
20,5,PACE,AECI,1606824000,33.178,33.479,6
20,5,PACE,AECI,1608141600,32.201,31.492,7
20,6,PACE,AECI,1577836800,28.723,30.229,1
20,6,PACE,AECI,1579154400,31.185,31.932,1
20,6,PACE,AECI,1580472000,26.241,27.027,1
20,6,PACE,AECI,1581789600,26.244,26.244,0
20,6,PACE,AECI,1583107200,27.863,27.863,0
20,6,PACE,AECI,1584424800,29.287,34.478,1
20,6,PACE,AECI,1585742400,22.125,30.789,1
20,6,PACE,AECI,1587060000,24.618,30.442,1
20,6,PACE,AECI,1588377600,25.232,26.489,2
20,6,PACE,AECI,1589695200,26.78,29.807,1
20,6,PACE,AECI,1591012800,25.731,31.508,1
20,6,PACE,AECI,1592330400,26.466,27.372,1
20,6,PACE,AECI,1593648000,28.187,28.187,0
20,6,PACE,AECI,1594965600,26.382,26.382,0
20,6,PACE,AECI,1596283200,30.432,31.767,1
20,6,PACE,AECI,1597600800,33.697,34.373,1
20,6,PACE,AECI,1598918400,30.236,32.555,1
20,6,PACE,AECI,1600236000,34.062,35.088,1
20,6,PACE,AECI,1601553600,30.851,34.231,1
20,6,PACE,AECI,1602871200,28.154,28.69,1
20,6,PACE,AECI,1604188800,34.413,34.413,0
20,6,PACE,AECI,1605506400,30.768,30.768,0
20,6,PACE,AECI,1606824000,32.138,32.138,0
20,6,PACE,AECI,1608141600,29.524,29.524,0
20,1,PACE,PSCO,1577836800,29.606,29.606,0
20,1,PACE,PSCO,1579154400,31.258,31.258,0
20,1,PACE,PSCO,1580472000,26.441,26.441,0
20,1,PACE,PSCO,1581789600,26.244,26.244,0
20,1,PACE,PSCO,1583107200,27.863,27.863,0
20,1,PACE,PSCO,1584424800,33.66,33.66,0
20,1,PACE,PSCO,1585742400,30.11,30.11,0
20,1,PACE,PSCO,1587060000,29.92,29.92,0
20,1,PACE,PSCO,1588377600,26.092,26.092,0
20,1,PACE,PSCO,1589695200,29.135,29.135,0
20,1,PACE,PSCO,1591012800,30.797,30.797,0
20,1,PACE,PSCO,1592330400,26.769,26.769,0
20,1,PACE,PSCO,1593648000,28.187,28.187,0
20,1,PACE,PSCO,1594965600,26.382,26.382,0
20,1,PACE,PSCO,1596283200,31.055,31.055,0
20,1,PACE,PSCO,1597600800,33.719,33.719,0
20,1,PACE,PSCO,1598918400,31.987,31.987,0
20,1,PACE,PSCO,1600236000,34.388,34.388,0
20,1,PACE,PSCO,1601553600,33.411,33.411,0
20,1,PACE,PSCO,1602871200,28.206,28.206,0
20,1,PACE,PSCO,1604188800,34.413,34.413,0
20,1,PACE,PSCO,1605506400,30.768,30.768,0
20,1,PACE,PSCO,1606824000,32.138,32.138,0
20,1,PACE,PSCO,1608141600,29.524,29.524,0
20,2,PACE,PSCO,1577836800,29.256,30.854,6
20,2,PACE,PSCO,1579154400,25.504,33.238,7
20,2,PACE,PSCO,1580472000,23.955,27.605,5
20,2,PACE,PSCO,1581789600,26.771,27.272,5
20,2,PACE,PSCO,1583107200,29.071,29.587,9
20,2,PACE,PSCO,1584424800,30.883,34.478,3
20,2,PACE,PSCO,1585742400,28.116,31.485,5
20,2,PACE,PSCO,1587060000,30.529,31.467,8
20,2,PACE,PSCO,1588377600,25.293,27.536,7
20,2,PACE,PSCO,1589695200,23.768,29.807,3
20,2,PACE,PSCO,1591012800,29.742,31.508,3
20,2,PACE,PSCO,1592330400,22.761,27.372,3
20,2,PACE,PSCO,1593648000,24.832,29.433,5
20,2,PACE,PSCO,1594965600,28.939,28.424,9
20,2,PACE,PSCO,1596283200,28.411,32.418,5
20,2,PACE,PSCO,1597600800,26.174,34.373,1
20,2,PACE,PSCO,1598918400,33.642,33.811,7
20,2,PACE,PSCO,1600236000,24.176,35.088,1
20,2,PACE,PSCO,1601553600,28.328,35.032,5
20,2,PACE,PSCO,1602871200,27.204,29.186,4
20,2,PACE,PSCO,1604188800,31.409,35.105,3
20,2,PACE,PSCO,1605506400,28.553,31.977,5
20,2,PACE,PSCO,1606824000,20.587,32.813,1
20,2,PACE,PSCO,1608141600,23.761,30.18,1
20,3,PACE,PSCO,1577836800,27.862,30.229,2
20,3,PACE,PSCO,1579154400,23.363,31.932,1
20,3,PACE,PSCO,1580472000,22.889,27.027,1
20,3,PACE,PSCO,1581789600,26.658,26.764,1
20,3,PACE,PSCO,1583107200,27.208,28.414,3
20,3,PACE,PSCO,1584424800,30.334,34.478,1
20,3,PACE,PSCO,1585742400,27.065,30.789,1
20,3,PACE,PSCO,1587060000,29.05,30.442,2
20,3,PACE,PSCO,1588377600,25.102,26.489,2
20,3,PACE,PSCO,1589695200,23.942,29.807,1
20,3,PACE,PSCO,1591012800,30.416,31.508,1
20,3,PACE,PSCO,1592330400,24.623,27.372,1
20,3,PACE,PSCO,1593648000,24.899,28.795,3
20,3,PACE,PSCO,1594965600,26.881,27.086,1
20,3,PACE,PSCO,1596283200,27.611,31.767,1
20,3,PACE,PSCO,1597600800,26.174,34.373,1
20,3,PACE,PSCO,1598918400,32.306,32.555,2
20,3,PACE,PSCO,1600236000,24.176,35.088,1
20,3,PACE,PSCO,1601553600,27.078,34.231,1
20,3,PACE,PSCO,1602871200,28.423,29.186,4
20,3,PACE,PSCO,1604188800,31.139,35.105,1
20,3,PACE,PSCO,1605506400,27.799,31.369,1
20,3,PACE,PSCO,1606824000,20.587,32.813,1
20,3,PACE,PSCO,1608141600,23.761,30.18,1
20,4,PACE,PSCO,1577836800,27.856,30.229,1
20,4,PACE,PSCO,1579154400,23.363,31.932,1
20,4,PACE,PSCO,1580472000,22.889,27.027,1
20,4,PACE,PSCO,1581789600,26.014,26.764,1
20,4,PACE,PSCO,1583107200,27.064,28.414,1
20,4,PACE,PSCO,1584424800,30.334,34.478,1
20,4,PACE,PSCO,1585742400,27.065,30.789,1
20,4,PACE,PSCO,1587060000,28.976,30.442,1
20,4,PACE,PSCO,1588377600,26.035,26.489,3
20,4,PACE,PSCO,1589695200,23.942,29.807,1
20,4,PACE,PSCO,1591012800,29.948,31.508,1
20,4,PACE,PSCO,1592330400,24.623,27.372,1
20,4,PACE,PSCO,1593648000,24.629,28.795,1
20,4,PACE,PSCO,1594965600,26.382,26.382,0
20,4,PACE,PSCO,1596283200,27.611,31.767,1
20,4,PACE,PSCO,1597600800,26.174,34.373,1
20,4,PACE,PSCO,1598918400,32.855,32.555,3
20,4,PACE,PSCO,1600236000,24.176,35.088,1
20,4,PACE,PSCO,1601553600,27.078,34.231,1
20,4,PACE,PSCO,1602871200,28.035,28.69,1
20,4,PACE,PSCO,1604188800,31.139,35.105,1
20,4,PACE,PSCO,1605506400,27.799,31.369,1
20,4,PACE,PSCO,1606824000,20.587,32.813,1
20,4,PACE,PSCO,1608141600,23.761,30.18,1
20,5,PACE,PSCO,1577836800,29.037,30.854,6
20,5,PACE,PSCO,1579154400,25.292,33.238,7
20,5,PACE,PSCO,1580472000,23.802,27.605,5
20,5,PACE,PSCO,1581789600,26.609,27.272,5
20,5,PACE,PSCO,1583107200,28.798,29.587,9
20,5,PACE,PSCO,1584424800,30.778,34.478,3
20,5,PACE,PSCO,1585742400,28.071,31.485,6
20,5,PACE,PSCO,1587060000,30.321,31.467,8
20,5,PACE,PSCO,1588377600,25.066,27.536,7
20,5,PACE,PSCO,1589695200,23.613,29.807,3
20,5,PACE,PSCO,1591012800,29.691,31.508,3
20,5,PACE,PSCO,1592330400,22.609,27.372,3
20,5,PACE,PSCO,1593648000,24.651,29.433,5
20,5,PACE,PSCO,1594965600,28.669,28.424,9
20,5,PACE,PSCO,1596283200,28.343,32.418,5
20,5,PACE,PSCO,1597600800,26.174,34.373,1
20,5,PACE,PSCO,1598918400,33.494,33.811,7
20,5,PACE,PSCO,1600236000,24.176,35.088,1
20,5,PACE,PSCO,1601553600,28.11,35.032,5
20,5,PACE,PSCO,1602871200,27.049,29.186,4
20,5,PACE,PSCO,1604188800,31.353,35.105,3
20,5,PACE,PSCO,1605506400,28.436,31.977,5
20,5,PACE,PSCO,1606824000,20.587,32.813,1
20,5,PACE,PSCO,1608141600,23.761,30.18,1
20,6,PACE,PSCO,1577836800,27.808,30.229,1
20,6,PACE,PSCO,1579154400,23.363,31.932,1
20,6,PACE,PSCO,1580472000,22.889,27.027,1
20,6,PACE,PSCO,1581789600,26.192,26.764,1
20,6,PACE,PSCO,1583107200,27.064,28.414,1
20,6,PACE,PSCO,1584424800,30.334,34.478,1
20,6,PACE,PSCO,1585742400,27.065,30.789,1
20,6,PACE,PSCO,1587060000,28.976,30.442,1
20,6,PACE,PSCO,1588377600,24.768,26.489,2
20,6,PACE,PSCO,1589695200,23.942,29.807,1
20,6,PACE,PSCO,1591012800,30.416,31.508,1
20,6,PACE,PSCO,1592330400,24.623,27.372,1
20,6,PACE,PSCO,1593648000,24.629,28.795,1
20,6,PACE,PSCO,1594965600,26.382,26.382,0
20,6,PACE,PSCO,1596283200,27.611,31.767,1
20,6,PACE,PSCO,1597600800,26.174,34.373,1
20,6,PACE,PSCO,1598918400,31.987,31.987,0
20,6,PACE,PSCO,1600236000,24.176,35.088,1
20,6,PACE,PSCO,1601553600,27.078,34.231,1
20,6,PACE,PSCO,1602871200,27.304,28.69,2
20,6,PACE,PSCO,1604188800,31.139,35.105,1
20,6,PACE,PSCO,1605506400,27.799,31.369,1
20,6,PACE,PSCO,1606824000,20.587,32.813,1
20,6,PACE,PSCO,1608141600,23.761,30.18,1
20,1,PSCO,EPE,1577836800,26.907,26.907,0
20,1,PSCO,EPE,1579154400,22.413,22.413,0
20,1,PSCO,EPE,1580472000,22.109,22.109,0
20,1,PSCO,EPE,1581789600,27.813,27.813,0
20,1,PSCO,EPE,1583107200,26.075,26.075,0
20,1,PSCO,EPE,1584424800,29.473,29.473,0
20,1,PSCO,EPE,1585742400,26.226,26.226,0
20,1,PSCO,EPE,1587060000,28.177,28.177,0
20,1,PSCO,EPE,1588377600,24.541,24.541,0
20,1,PSCO,EPE,1589695200,23.284,23.284,0
20,1,PSCO,EPE,1591012800,29.454,29.454,0
20,1,PSCO,EPE,1592330400,23.999,23.999,0
20,1,PSCO,EPE,1593648000,24.018,24.018,0
20,1,PSCO,EPE,1594965600,28.389,28.389,0
20,1,PSCO,EPE,1596283200,26.947,26.947,0
20,1,PSCO,EPE,1597600800,25.294,25.294,0
20,1,PSCO,EPE,1598918400,31.306,31.306,0
20,1,PSCO,EPE,1600236000,23.203,23.203,0
20,1,PSCO,EPE,1601553600,26.023,26.023,0
20,1,PSCO,EPE,1602871200,27.041,27.041,0
20,1,PSCO,EPE,1604188800,30.123,30.123,0
20,1,PSCO,EPE,1605506400,27.111,27.111,0
20,1,PSCO,EPE,1606824000,19.648,19.648,0
20,1,PSCO,EPE,1608141600,23.039,23.039,0
20,2,PSCO,EPE,1577836800,27.59,28.232,5
20,2,PSCO,EPE,1579154400,24.061,23.289,4
20,2,PSCO,EPE,1580472000,24.566,23.521,8
20,2,PSCO,EPE,1581789600,25.941,29.159,7
20,2,PSCO,EPE,1583107200,27.197,27.049,4
20,2,PSCO,EPE,1584424800,29.758,31.206,7
20,2,PSCO,EPE,1585742400,22.575,26.863,3
20,2,PSCO,EPE,1587060000,23.823,28.779,3
20,2,PSCO,EPE,1588377600,25.242,25.42,6
20,2,PSCO,EPE,1589695200,23.523,23.994,4
20,2,PSCO,EPE,1591012800,27.313,30.08,3
20,2,PSCO,EPE,1592330400,24.107,24.482,2
20,2,PSCO,EPE,1593648000,25.048,25.025,4
20,2,PSCO,EPE,1594965600,28.229,29.346,4
20,2,PSCO,EPE,1596283200,27.374,27.765,6
20,2,PSCO,EPE,1597600800,26.855,26.524,5
20,2,PSCO,EPE,1598918400,27.524,31.948,1
20,2,PSCO,EPE,1600236000,24.073,24.049,4
20,2,PSCO,EPE,1601553600,27.471,26.96,6
20,2,PSCO,EPE,1602871200,28.432,28.422,5
20,2,PSCO,EPE,1604188800,30.139,31.277,6
20,2,PSCO,EPE,1605506400,27.033,27.9,4
20,2,PSCO,EPE,1606824000,19.648,19.648,0
20,2,PSCO,EPE,1608141600,23.039,23.039,0
20,3,PSCO,EPE,1577836800,27.547,27.578,1
20,3,PSCO,EPE,1579154400,22.413,22.413,0
20,3,PSCO,EPE,1580472000,22.109,22.109,0
20,3,PSCO,EPE,1581789600,24.342,28.249,2
20,3,PSCO,EPE,1583107200,26.075,26.075,0
20,3,PSCO,EPE,1584424800,28.422,30.053,3
20,3,PSCO,EPE,1585742400,22.808,26.863,1
20,3,PSCO,EPE,1587060000,23.672,28.779,1
20,3,PSCO,EPE,1588377600,25.274,24.988,2
20,3,PSCO,EPE,1589695200,23.284,23.284,0
20,3,PSCO,EPE,1591012800,26.913,30.08,1
20,3,PSCO,EPE,1592330400,23.999,23.999,0
20,3,PSCO,EPE,1593648000,24.734,24.488,2
20,3,PSCO,EPE,1594965600,28.626,28.852,2
20,3,PSCO,EPE,1596283200,26.947,26.947,0
20,3,PSCO,EPE,1597600800,25.747,25.908,1
20,3,PSCO,EPE,1598918400,27.721,31.948,1
20,3,PSCO,EPE,1600236000,23.203,23.203,0
20,3,PSCO,EPE,1601553600,26.023,26.023,0
20,3,PSCO,EPE,1602871200,27.539,27.75,1
20,3,PSCO,EPE,1604188800,29.389,30.709,1
20,3,PSCO,EPE,1605506400,28.453,27.9,4
20,3,PSCO,EPE,1606824000,19.648,19.648,0
20,3,PSCO,EPE,1608141600,23.039,23.039,0
20,4,PSCO,EPE,1577836800,26.994,27.578,3
20,4,PSCO,EPE,1579154400,22.413,22.413,0
20,4,PSCO,EPE,1580472000,22.109,22.109,0
20,4,PSCO,EPE,1581789600,24.275,28.249,1
20,4,PSCO,EPE,1583107200,26.075,26.075,0
20,4,PSCO,EPE,1584424800,28.196,30.053,1
20,4,PSCO,EPE,1585742400,22.808,26.863,1
20,4,PSCO,EPE,1587060000,23.672,28.779,1
20,4,PSCO,EPE,1588377600,24.541,24.541,0
20,4,PSCO,EPE,1589695200,23.587,23.634,2
20,4,PSCO,EPE,1591012800,26.913,30.08,1
20,4,PSCO,EPE,1592330400,24.777,24.482,1
20,4,PSCO,EPE,1593648000,24.018,24.018,0
20,4,PSCO,EPE,1594965600,28.48,28.852,1
20,4,PSCO,EPE,1596283200,26.562,27.353,2
20,4,PSCO,EPE,1597600800,25.747,25.908,1
20,4,PSCO,EPE,1598918400,29.126,31.948,2
20,4,PSCO,EPE,1600236000,23.203,23.203,0
20,4,PSCO,EPE,1601553600,26.023,26.023,0
20,4,PSCO,EPE,1602871200,27.041,27.041,0
20,4,PSCO,EPE,1604188800,28.953,30.709,1
20,4,PSCO,EPE,1605506400,27.111,27.111,0
20,4,PSCO,EPE,1606824000,19.648,19.648,0
20,4,PSCO,EPE,1608141600,23.039,23.039,0
20,5,PSCO,EPE,1577836800,27.418,28.232,5
20,5,PSCO,EPE,1579154400,23.786,23.289,4
20,5,PSCO,EPE,1580472000,24.454,23.521,8
20,5,PSCO,EPE,1581789600,25.833,29.159,7
20,5,PSCO,EPE,1583107200,27.017,27.049,4
20,5,PSCO,EPE,1584424800,29.625,31.206,7
20,5,PSCO,EPE,1585742400,22.4,26.863,3
20,5,PSCO,EPE,1587060000,23.759,28.779,3
20,5,PSCO,EPE,1588377600,25.039,25.42,6
20,5,PSCO,EPE,1589695200,23.446,23.994,4
20,5,PSCO,EPE,1591012800,27.224,30.08,3
20,5,PSCO,EPE,1592330400,24.095,24.482,3
20,5,PSCO,EPE,1593648000,24.948,25.025,4
20,5,PSCO,EPE,1594965600,28.116,29.346,4
20,5,PSCO,EPE,1596283200,27.314,27.765,6
20,5,PSCO,EPE,1597600800,26.784,26.524,5
20,5,PSCO,EPE,1598918400,27.479,31.948,1
20,5,PSCO,EPE,1600236000,23.936,24.049,4
20,5,PSCO,EPE,1601553600,27.192,26.96,6
20,5,PSCO,EPE,1602871200,28.304,28.422,5
20,5,PSCO,EPE,1604188800,29.944,31.277,6
20,5,PSCO,EPE,1605506400,26.943,27.9,4
20,5,PSCO,EPE,1606824000,19.648,19.648,0
20,5,PSCO,EPE,1608141600,23.039,23.039,0
20,6,PSCO,EPE,1577836800,26.907,26.907,0
20,6,PSCO,EPE,1579154400,22.413,22.413,0
20,6,PSCO,EPE,1580472000,22.109,22.109,0
20,6,PSCO,EPE,1581789600,24.275,28.249,1
20,6,PSCO,EPE,1583107200,26.075,26.075,0
20,6,PSCO,EPE,1584424800,28.196,30.053,1
20,6,PSCO,EPE,1585742400,22.808,26.863,1
20,6,PSCO,EPE,1587060000,23.672,28.779,1
20,6,PSCO,EPE,1588377600,24.522,24.988,1
20,6,PSCO,EPE,1589695200,23.284,23.284,0
20,6,PSCO,EPE,1591012800,26.913,30.08,1
20,6,PSCO,EPE,1592330400,23.999,23.999,0
20,6,PSCO,EPE,1593648000,24.018,24.018,0
20,6,PSCO,EPE,1594965600,28.322,28.852,1
20,6,PSCO,EPE,1596283200,26.947,26.947,0
20,6,PSCO,EPE,1597600800,25.294,25.294,0
20,6,PSCO,EPE,1598918400,27.721,31.948,1
20,6,PSCO,EPE,1600236000,23.203,23.203,0
20,6,PSCO,EPE,1601553600,26.023,26.023,0
20,6,PSCO,EPE,1602871200,27.041,27.041,0
20,6,PSCO,EPE,1604188800,29.389,30.709,1
20,6,PSCO,EPE,1605506400,27.111,27.111,0
20,6,PSCO,EPE,1606824000,19.648,19.648,0
20,6,PSCO,EPE,1608141600,23.039,23.039,0
20,1,PSCO,PACE,1577836800,26.907,26.907,0
20,1,PSCO,PACE,1579154400,22.413,22.413,0
20,1,PSCO,PACE,1580472000,22.109,22.109,0
20,1,PSCO,PACE,1581789600,27.813,27.813,0
20,1,PSCO,PACE,1583107200,26.075,26.075,0
20,1,PSCO,PACE,1584424800,29.473,29.473,0
20,1,PSCO,PACE,1585742400,26.226,26.226,0
20,1,PSCO,PACE,1587060000,28.177,28.177,0
20,1,PSCO,PACE,1588377600,24.541,24.541,0
20,1,PSCO,PACE,1589695200,23.284,23.284,0
20,1,PSCO,PACE,1591012800,29.454,29.454,0
20,1,PSCO,PACE,1592330400,23.999,23.999,0
20,1,PSCO,PACE,1593648000,24.018,24.018,0
20,1,PSCO,PACE,1594965600,28.389,28.389,0
20,1,PSCO,PACE,1596283200,26.947,26.947,0
20,1,PSCO,PACE,1597600800,25.294,25.294,0
20,1,PSCO,PACE,1598918400,31.306,31.306,0
20,1,PSCO,PACE,1600236000,23.203,23.203,0
20,1,PSCO,PACE,1601553600,26.023,26.023,0
20,1,PSCO,PACE,1602871200,27.041,27.041,0
20,1,PSCO,PACE,1604188800,30.123,30.123,0
20,1,PSCO,PACE,1605506400,27.111,27.111,0
20,1,PSCO,PACE,1606824000,19.648,19.648,0
20,1,PSCO,PACE,1608141600,23.039,23.039,0
20,2,PSCO,PACE,1577836800,29.026,28.232,5
20,2,PSCO,PACE,1579154400,24.539,23.289,6
20,2,PSCO,PACE,1580472000,23.639,23.037,4
20,2,PSCO,PACE,1581789600,27.106,28.694,6
20,2,PSCO,PACE,1583107200,28.59,27.505,8
20,2,PSCO,PACE,1584424800,30.602,30.053,2
20,2,PSCO,PACE,1585742400,28.33,27.511,6
20,2,PSCO,PACE,1587060000,30.332,29.94,7
20,2,PSCO,PACE,1588377600,24.529,25.42,6
20,2,PSCO,PACE,1589695200,23.46,23.634,2
20,2,PSCO,PACE,1591012800,29.407,30.08,2
20,2,PSCO,PACE,1592330400,23.465,25.005,4
20,2,PSCO,PACE,1593648000,25.007,25.025,6
20,2,PSCO,PACE,1594965600,28.749,29.873,8
20,2,PSCO,PACE,1596283200,28.154,27.765,4
20,2,PSCO,PACE,1597600800,25.294,25.294,0
20,2,PSCO,PACE,1598918400,32.705,32.539,6
20,2,PSCO,PACE,1600236000,23.203,23.203,0
20,2,PSCO,PACE,1601553600,27.75,26.96,4
20,2,PSCO,PACE,1602871200,26.423,27.75,3
20,2,PSCO,PACE,1604188800,30.979,30.709,2
20,2,PSCO,PACE,1605506400,28.273,27.9,4
20,2,PSCO,PACE,1606824000,19.648,19.648,0
20,2,PSCO,PACE,1608141600,23.039,23.039,0
20,3,PSCO,PACE,1577836800,27.581,27.578,1
20,3,PSCO,PACE,1579154400,22.413,22.413,0
20,3,PSCO,PACE,1580472000,22.109,22.109,0
20,3,PSCO,PACE,1581789600,27.093,28.249,2
20,3,PSCO,PACE,1583107200,26.802,26.582,2
20,3,PSCO,PACE,1584424800,29.473,29.473,0
20,3,PSCO,PACE,1585742400,26.226,26.226,0
20,3,PSCO,PACE,1587060000,28.806,28.779,1
20,3,PSCO,PACE,1588377600,24.775,24.988,1
20,3,PSCO,PACE,1589695200,23.284,23.284,0
20,3,PSCO,PACE,1591012800,29.454,29.454,0
20,3,PSCO,PACE,1592330400,23.999,23.999,0
20,3,PSCO,PACE,1593648000,24.732,24.488,2
20,3,PSCO,PACE,1594965600,27.204,28.852,2
20,3,PSCO,PACE,1596283200,26.947,26.947,0
20,3,PSCO,PACE,1597600800,25.294,25.294,0
20,3,PSCO,PACE,1598918400,31.721,31.948,1
20,3,PSCO,PACE,1600236000,23.203,23.203,0
20,3,PSCO,PACE,1601553600,26.023,26.023,0
20,3,PSCO,PACE,1602871200,27.5,27.75,3
20,3,PSCO,PACE,1604188800,30.123,30.123,0
20,3,PSCO,PACE,1605506400,27.111,27.111,0
20,3,PSCO,PACE,1606824000,19.648,19.648,0
20,3,PSCO,PACE,1608141600,23.039,23.039,0
20,4,PSCO,PACE,1577836800,26.907,26.907,0
20,4,PSCO,PACE,1579154400,22.413,22.413,0
20,4,PSCO,PACE,1580472000,22.109,22.109,0
20,4,PSCO,PACE,1581789600,26.349,28.249,2
20,4,PSCO,PACE,1583107200,26.075,26.075,0
20,4,PSCO,PACE,1584424800,29.473,29.473,0
20,4,PSCO,PACE,1585742400,26.226,26.226,0
20,4,PSCO,PACE,1587060000,28.177,28.177,0
20,4,PSCO,PACE,1588377600,25.708,24.988,2
20,4,PSCO,PACE,1589695200,23.284,23.284,0
20,4,PSCO,PACE,1591012800,29.454,29.454,0
20,4,PSCO,PACE,1592330400,23.999,23.999,0
20,4,PSCO,PACE,1593648000,24.018,24.018,0
20,4,PSCO,PACE,1594965600,27.268,28.852,1
20,4,PSCO,PACE,1596283200,26.947,26.947,0
20,4,PSCO,PACE,1597600800,25.294,25.294,0
20,4,PSCO,PACE,1598918400,32.405,31.948,2
20,4,PSCO,PACE,1600236000,23.203,23.203,0
20,4,PSCO,PACE,1601553600,26.023,26.023,0
20,4,PSCO,PACE,1602871200,27.041,27.041,0
20,4,PSCO,PACE,1604188800,30.123,30.123,0
20,4,PSCO,PACE,1605506400,27.111,27.111,0
20,4,PSCO,PACE,1606824000,19.648,19.648,0
20,4,PSCO,PACE,1608141600,23.039,23.039,0
20,5,PSCO,PACE,1577836800,28.807,28.232,5
20,5,PSCO,PACE,1579154400,24.326,23.289,6
20,5,PSCO,PACE,1580472000,23.485,23.037,4
20,5,PSCO,PACE,1581789600,26.945,28.694,6
20,5,PSCO,PACE,1583107200,28.316,27.505,8
20,5,PSCO,PACE,1584424800,30.497,30.053,2
20,5,PSCO,PACE,1585742400,27.869,27.511,5
20,5,PSCO,PACE,1587060000,30.124,29.94,7
20,5,PSCO,PACE,1588377600,24.303,25.42,6
20,5,PSCO,PACE,1589695200,23.305,23.634,2
20,5,PSCO,PACE,1591012800,29.356,30.08,2
20,5,PSCO,PACE,1592330400,23.312,25.005,4
20,5,PSCO,PACE,1593648000,24.51,25.025,4
20,5,PSCO,PACE,1594965600,28.479,29.873,8
20,5,PSCO,PACE,1596283200,28.085,27.765,4
20,5,PSCO,PACE,1597600800,25.294,25.294,0
20,5,PSCO,PACE,1598918400,32.556,32.539,6
20,5,PSCO,PACE,1600236000,23.203,23.203,0
20,5,PSCO,PACE,1601553600,27.531,26.96,4
20,5,PSCO,PACE,1602871200,26.267,27.75,3
20,5,PSCO,PACE,1604188800,30.923,30.709,2
20,5,PSCO,PACE,1605506400,28.155,27.9,4
20,5,PSCO,PACE,1606824000,19.648,19.648,0
20,5,PSCO,PACE,1608141600,23.039,23.039,0
20,6,PSCO,PACE,1577836800,26.907,26.907,0
20,6,PSCO,PACE,1579154400,22.413,22.413,0
20,6,PSCO,PACE,1580472000,22.109,22.109,0
20,6,PSCO,PACE,1581789600,26.527,28.249,2
20,6,PSCO,PACE,1583107200,26.075,26.075,0
20,6,PSCO,PACE,1584424800,29.473,29.473,0
20,6,PSCO,PACE,1585742400,26.226,26.226,0
20,6,PSCO,PACE,1587060000,28.177,28.177,0
20,6,PSCO,PACE,1588377600,24.442,24.988,1
20,6,PSCO,PACE,1589695200,23.284,23.284,0
20,6,PSCO,PACE,1591012800,29.454,29.454,0
20,6,PSCO,PACE,1592330400,23.999,23.999,0
20,6,PSCO,PACE,1593648000,24.018,24.018,0
20,6,PSCO,PACE,1594965600,27.268,28.852,1
20,6,PSCO,PACE,1596283200,26.947,26.947,0
20,6,PSCO,PACE,1597600800,25.294,25.294,0
20,6,PSCO,PACE,1598918400,31.268,31.948,1
20,6,PSCO,PACE,1600236000,23.203,23.203,0
20,6,PSCO,PACE,1601553600,26.023,26.023,0
20,6,PSCO,PACE,1602871200,27.018,27.75,1
20,6,PSCO,PACE,1604188800,30.123,30.123,0
20,6,PSCO,PACE,1605506400,27.111,27.111,0
20,6,PSCO,PACE,1606824000,19.648,19.648,0
20,6,PSCO,PACE,1608141600,23.039,23.039,0
20,1,TEPC,AECI,1577836800,34.904,34.904,0
20,1,TEPC,AECI,1579154400,34.672,34.672,0
20,1,TEPC,AECI,1580472000,30.305,30.305,0
20,1,TEPC,AECI,1581789600,30.794,30.794,0
20,1,TEPC,AECI,1583107200,28.518,28.518,0
20,1,TEPC,AECI,1584424800,27.901,27.901,0
20,1,TEPC,AECI,1585742400,21.852,21.852,0
20,1,TEPC,AECI,1587060000,23.826,23.826,0
20,1,TEPC,AECI,1588377600,23.901,23.901,0
20,1,TEPC,AECI,1589695200,28.736,28.736,0
20,1,TEPC,AECI,1591012800,29.666,29.666,0
20,1,TEPC,AECI,1592330400,25.26,25.26,0
20,1,TEPC,AECI,1593648000,28.784,28.784,0
20,1,TEPC,AECI,1594965600,27.715,27.715,0
20,1,TEPC,AECI,1596283200,29.288,29.288,0
20,1,TEPC,AECI,1597600800,30.959,30.959,0
20,1,TEPC,AECI,1598918400,29.268,29.268,0
20,1,TEPC,AECI,1600236000,32.69,32.69,0
20,1,TEPC,AECI,1601553600,31.456,31.456,0
20,1,TEPC,AECI,1602871200,35.004,35.004,0
20,1,TEPC,AECI,1604188800,35.427,35.427,0
20,1,TEPC,AECI,1605506400,30.0,30.0,0
20,1,TEPC,AECI,1606824000,25.748,25.748,0
20,1,TEPC,AECI,1608141600,33.481,33.481,0
20,2,TEPC,AECI,1577836800,29.323,35.644,3
20,2,TEPC,AECI,1579154400,31.69,35.463,3
20,2,TEPC,AECI,1580472000,27.334,31.06,3
20,2,TEPC,AECI,1581789600,30.375,31.784,4
20,2,TEPC,AECI,1583107200,27.508,29.727,4
20,2,TEPC,AECI,1584424800,29.534,29.786,7
20,2,TEPC,AECI,1585742400,21.54,22.927,6
20,2,TEPC,AECI,1587060000,23.275,24.572,5
20,2,TEPC,AECI,1588377600,24.015,24.879,4
20,2,TEPC,AECI,1589695200,27.185,30.124,5
20,2,TEPC,AECI,1591012800,25.776,30.331,3
20,2,TEPC,AECI,1592330400,26.12,26.178,6
20,2,TEPC,AECI,1593648000,29.629,29.953,4
20,2,TEPC,AECI,1594965600,28.835,29.064,5
20,2,TEPC,AECI,1596283200,31.711,31.109,8
20,2,TEPC,AECI,1597600800,33.397,32.143,6
20,2,TEPC,AECI,1598918400,33.586,31.598,12
20,2,TEPC,AECI,1600236000,33.583,34.135,5
20,2,TEPC,AECI,1601553600,33.923,33.839,10
20,2,TEPC,AECI,1602871200,32.972,36.976,9
20,2,TEPC,AECI,1604188800,35.409,36.699,4
20,2,TEPC,AECI,1605506400,30.718,30.68,3
20,2,TEPC,AECI,1606824000,25.748,25.748,0
20,2,TEPC,AECI,1608141600,32.451,34.154,3
20,3,TEPC,AECI,1577836800,28.952,35.644,1
20,3,TEPC,AECI,1579154400,31.249,35.463,1
20,3,TEPC,AECI,1580472000,29.928,31.06,1
20,3,TEPC,AECI,1581789600,31.775,31.784,4
20,3,TEPC,AECI,1583107200,28.518,28.518,0
20,3,TEPC,AECI,1584424800,28.374,28.544,1
20,3,TEPC,AECI,1585742400,22.509,22.927,4
20,3,TEPC,AECI,1587060000,24.1,24.198,2
20,3,TEPC,AECI,1588377600,23.901,23.901,0
20,3,TEPC,AECI,1589695200,26.52,29.421,1
20,3,TEPC,AECI,1591012800,25.601,30.331,1
20,3,TEPC,AECI,1592330400,26.572,26.178,4
20,3,TEPC,AECI,1593648000,28.784,28.784,0
20,3,TEPC,AECI,1594965600,28.467,28.377,3
20,3,TEPC,AECI,1596283200,30.006,29.933,1
20,3,TEPC,AECI,1597600800,30.959,30.959,0
20,3,TEPC,AECI,1598918400,30.18,29.89,3
20,3,TEPC,AECI,1600236000,33.37,33.406,1
20,3,TEPC,AECI,1601553600,30.665,32.107,1
20,3,TEPC,AECI,1602871200,30.045,35.644,1
20,3,TEPC,AECI,1604188800,36.143,36.058,2
20,3,TEPC,AECI,1605506400,30.522,30.68,1
20,3,TEPC,AECI,1606824000,25.748,25.748,0
20,3,TEPC,AECI,1608141600,32.514,34.154,1
20,4,TEPC,AECI,1577836800,28.952,35.644,1
20,4,TEPC,AECI,1579154400,31.249,35.463,1
20,4,TEPC,AECI,1580472000,27.478,31.06,1
20,4,TEPC,AECI,1581789600,31.826,31.297,1
20,4,TEPC,AECI,1583107200,30.392,29.102,1
20,4,TEPC,AECI,1584424800,28.059,28.544,1
20,4,TEPC,AECI,1585742400,21.975,22.394,2
20,4,TEPC,AECI,1587060000,24.034,24.198,3
20,4,TEPC,AECI,1588377600,23.901,23.901,0
20,4,TEPC,AECI,1589695200,26.52,29.421,1
20,4,TEPC,AECI,1591012800,25.601,30.331,1
20,4,TEPC,AECI,1592330400,25.26,25.26,0
20,4,TEPC,AECI,1593648000,28.784,28.784,0
20,4,TEPC,AECI,1594965600,27.715,27.715,0
20,4,TEPC,AECI,1596283200,29.288,29.288,0
20,4,TEPC,AECI,1597600800,30.959,30.959,0
20,4,TEPC,AECI,1598918400,29.805,29.89,1
20,4,TEPC,AECI,1600236000,32.69,32.69,0
20,4,TEPC,AECI,1601553600,31.505,32.107,2
20,4,TEPC,AECI,1602871200,30.045,35.644,1
20,4,TEPC,AECI,1604188800,35.654,36.058,1
20,4,TEPC,AECI,1605506400,30.856,30.68,1
20,4,TEPC,AECI,1606824000,25.748,25.748,0
20,4,TEPC,AECI,1608141600,32.514,34.154,1
20,5,TEPC,AECI,1577836800,29.278,35.644,3
20,5,TEPC,AECI,1579154400,31.649,35.463,3
20,5,TEPC,AECI,1580472000,27.238,31.06,3
20,5,TEPC,AECI,1581789600,30.267,31.784,4
20,5,TEPC,AECI,1583107200,27.42,29.727,5
20,5,TEPC,AECI,1584424800,29.398,29.786,7
20,5,TEPC,AECI,1585742400,21.037,22.927,4
20,5,TEPC,AECI,1587060000,23.177,24.572,5
20,5,TEPC,AECI,1588377600,23.75,24.879,4
20,5,TEPC,AECI,1589695200,26.928,30.124,5
20,5,TEPC,AECI,1591012800,25.335,30.331,1
20,5,TEPC,AECI,1592330400,25.938,26.178,6
20,5,TEPC,AECI,1593648000,29.66,29.953,5
20,5,TEPC,AECI,1594965600,28.638,29.064,5
20,5,TEPC,AECI,1596283200,31.531,31.109,8
20,5,TEPC,AECI,1597600800,33.321,32.143,6
20,5,TEPC,AECI,1598918400,33.337,31.598,12
20,5,TEPC,AECI,1600236000,33.406,34.135,5
20,5,TEPC,AECI,1601553600,33.724,33.839,10
20,5,TEPC,AECI,1602871200,32.574,36.976,8
20,5,TEPC,AECI,1604188800,35.191,36.699,4
20,5,TEPC,AECI,1605506400,30.659,30.68,3
20,5,TEPC,AECI,1606824000,25.748,25.748,0
20,5,TEPC,AECI,1608141600,32.358,34.154,3
20,6,TEPC,AECI,1577836800,28.952,35.644,1
20,6,TEPC,AECI,1579154400,31.249,35.463,1
20,6,TEPC,AECI,1580472000,29.928,31.06,1
20,6,TEPC,AECI,1581789600,30.794,30.794,0
20,6,TEPC,AECI,1583107200,28.518,28.518,0
20,6,TEPC,AECI,1584424800,27.835,28.544,1
20,6,TEPC,AECI,1585742400,21.711,22.394,1
20,6,TEPC,AECI,1587060000,23.826,23.826,0
20,6,TEPC,AECI,1588377600,23.901,23.901,0
20,6,TEPC,AECI,1589695200,26.52,29.421,1
20,6,TEPC,AECI,1591012800,25.601,30.331,1
20,6,TEPC,AECI,1592330400,25.26,25.26,0
20,6,TEPC,AECI,1593648000,28.784,28.784,0
20,6,TEPC,AECI,1594965600,27.715,27.715,0
20,6,TEPC,AECI,1596283200,29.288,29.288,0
20,6,TEPC,AECI,1597600800,30.959,30.959,0
20,6,TEPC,AECI,1598918400,29.268,29.268,0
20,6,TEPC,AECI,1600236000,32.69,32.69,0
20,6,TEPC,AECI,1601553600,30.665,32.107,1
20,6,TEPC,AECI,1602871200,30.045,35.644,1
20,6,TEPC,AECI,1604188800,35.427,35.427,0
20,6,TEPC,AECI,1605506400,30.0,30.0,0
20,6,TEPC,AECI,1606824000,25.748,25.748,0
20,6,TEPC,AECI,1608141600,32.514,34.154,1
30,1,AECI,EPE,1577836800,27.991,27.991,0
30,1,AECI,EPE,1579154400,30.139,30.139,0
30,1,AECI,EPE,1580472000,29.202,29.202,0
30,1,AECI,EPE,1581789600,30.99,30.99,0
30,1,AECI,EPE,1583107200,28.95,28.95,0
30,1,AECI,EPE,1584424800,28.31,28.31,0
30,1,AECI,EPE,1585742400,21.211,21.211,0
30,1,AECI,EPE,1587060000,23.892,23.892,0
30,1,AECI,EPE,1588377600,25.143,25.143,0
30,1,AECI,EPE,1589695200,25.774,25.774,0
30,1,AECI,EPE,1591012800,24.75,24.75,0
30,1,AECI,EPE,1592330400,25.959,25.959,0
30,1,AECI,EPE,1593648000,29.983,29.983,0
30,1,AECI,EPE,1594965600,28.571,28.571,0
30,1,AECI,EPE,1596283200,29.488,29.488,0
30,1,AECI,EPE,1597600800,32.788,32.788,0
30,1,AECI,EPE,1598918400,29.414,29.414,0
30,1,AECI,EPE,1600236000,33.086,33.086,0
30,1,AECI,EPE,1601553600,29.771,29.771,0
30,1,AECI,EPE,1602871200,29.148,29.148,0
30,1,AECI,EPE,1604188800,35.804,35.804,0
30,1,AECI,EPE,1605506400,33.466,33.466,0
30,1,AECI,EPE,1606824000,31.991,31.991,0
30,1,AECI,EPE,1608141600,31.713,31.713,0
30,2,AECI,EPE,1577836800,32.291,31.11,9
30,2,AECI,EPE,1579154400,29.725,31.442,3
30,2,AECI,EPE,1580472000,25.524,30.373,3
30,2,AECI,EPE,1581789600,24.5,31.671,1
30,2,AECI,EPE,1583107200,28.94,30.978,5
30,2,AECI,EPE,1584424800,29.77,29.781,6
30,2,AECI,EPE,1585742400,22.905,22.977,5
30,2,AECI,EPE,1587060000,24.806,25.051,6
30,2,AECI,EPE,1588377600,25.941,26.911,5
30,2,AECI,EPE,1589695200,27.48,27.442,6
30,2,AECI,EPE,1591012800,27.861,27.006,7
30,2,AECI,EPE,1592330400,29.237,28.041,8
30,2,AECI,EPE,1593648000,29.685,31.878,5
30,2,AECI,EPE,1594965600,29.333,29.64,4
30,2,AECI,EPE,1596283200,30.326,31.303,5
30,2,AECI,EPE,1597600800,30.791,34.101,3
30,2,AECI,EPE,1598918400,30.706,31.158,6
30,2,AECI,EPE,1600236000,27.896,33.664,2
30,2,AECI,EPE,1601553600,28.843,30.305,2
30,2,AECI,EPE,1602871200,30.851,31.083,5
30,2,AECI,EPE,1604188800,32.046,37.871,5
30,2,AECI,EPE,1605506400,28.319,33.985,2
30,2,AECI,EPE,1606824000,28.731,33.32,3
30,2,AECI,EPE,1608141600,35.671,35.287,11
30,3,AECI,EPE,1577836800,27.975,28.592,1
30,3,AECI,EPE,1579154400,28.532,30.785,1
30,3,AECI,EPE,1580472000,25.908,30.373,3
30,3,AECI,EPE,1581789600,24.5,31.671,1
30,3,AECI,EPE,1583107200,27.933,29.645,1
30,3,AECI,EPE,1584424800,28.15,28.81,2
30,3,AECI,EPE,1585742400,22.424,22.391,3
30,3,AECI,EPE,1587060000,23.616,24.321,1
30,3,AECI,EPE,1588377600,25.338,25.726,1
30,3,AECI,EPE,1589695200,26.283,26.341,2
30,3,AECI,EPE,1591012800,24.75,24.75,0
30,3,AECI,EPE,1592330400,26.541,26.488,1
30,3,AECI,EPE,1593648000,27.378,30.623,1
30,3,AECI,EPE,1594965600,29.897,29.64,4
30,3,AECI,EPE,1596283200,28.401,30.079,2
30,3,AECI,EPE,1597600800,29.581,33.466,1
30,3,AECI,EPE,1598918400,28.107,29.995,1
30,3,AECI,EPE,1600236000,27.878,33.664,2
30,3,AECI,EPE,1601553600,30.418,30.305,2
30,3,AECI,EPE,1602871200,29.888,29.771,1
30,3,AECI,EPE,1604188800,29.811,36.518,1
30,3,AECI,EPE,1605506400,28.312,33.985,2
30,3,AECI,EPE,1606824000,27.517,32.651,1
30,3,AECI,EPE,1608141600,29.803,32.315,1
30,4,AECI,EPE,1577836800,27.991,27.991,0
30,4,AECI,EPE,1579154400,28.532,30.785,1
30,4,AECI,EPE,1580472000,25.129,29.765,1
30,4,AECI,EPE,1581789600,24.5,31.671,1
30,4,AECI,EPE,1583107200,27.543,29.645,1
30,4,AECI,EPE,1584424800,27.639,28.81,1
30,4,AECI,EPE,1585742400,21.862,21.807,1
30,4,AECI,EPE,1587060000,23.63,24.321,2
30,4,AECI,EPE,1588377600,24.606,25.726,1
30,4,AECI,EPE,1589695200,25.488,26.341,1
30,4,AECI,EPE,1591012800,24.75,24.75,0
30,4,AECI,EPE,1592330400,25.959,25.959,0
30,4,AECI,EPE,1593648000,27.378,30.623,1
30,4,AECI,EPE,1594965600,28.571,28.571,0
30,4,AECI,EPE,1596283200,28.221,30.079,1
30,4,AECI,EPE,1597600800,29.581,33.466,1
30,4,AECI,EPE,1598918400,28.107,29.995,1
30,4,AECI,EPE,1600236000,27.598,33.664,1
30,4,AECI,EPE,1601553600,30.156,30.305,1
30,4,AECI,EPE,1602871200,29.899,29.771,1
30,4,AECI,EPE,1604188800,29.811,36.518,1
30,4,AECI,EPE,1605506400,28.235,33.985,1
30,4,AECI,EPE,1606824000,27.517,32.651,1
30,4,AECI,EPE,1608141600,29.803,32.315,1
30,5,AECI,EPE,1577836800,32.111,31.11,9
30,5,AECI,EPE,1579154400,29.624,31.442,3
30,5,AECI,EPE,1580472000,25.473,30.373,3
30,5,AECI,EPE,1581789600,24.5,31.671,1
30,5,AECI,EPE,1583107200,27.553,30.339,3
30,5,AECI,EPE,1584424800,29.687,29.781,6
30,5,AECI,EPE,1585742400,22.789,22.977,5
30,5,AECI,EPE,1587060000,24.638,25.051,6
30,5,AECI,EPE,1588377600,25.795,26.911,5
30,5,AECI,EPE,1589695200,27.273,27.442,6
30,5,AECI,EPE,1591012800,27.629,27.006,7
30,5,AECI,EPE,1592330400,28.988,28.041,8
30,5,AECI,EPE,1593648000,29.512,31.878,5
30,5,AECI,EPE,1594965600,29.134,29.64,4
30,5,AECI,EPE,1596283200,30.127,31.303,5
30,5,AECI,EPE,1597600800,30.725,34.101,3
30,5,AECI,EPE,1598918400,30.66,31.158,6
30,5,AECI,EPE,1600236000,27.878,33.664,2
30,5,AECI,EPE,1601553600,28.73,30.305,2
30,5,AECI,EPE,1602871200,30.782,31.083,5
30,5,AECI,EPE,1604188800,31.922,37.871,5
30,5,AECI,EPE,1605506400,28.306,33.985,2
30,5,AECI,EPE,1606824000,28.709,33.32,3
30,5,AECI,EPE,1608141600,35.521,35.287,11
30,6,AECI,EPE,1577836800,27.991,27.991,0
30,6,AECI,EPE,1579154400,28.532,30.785,1
30,6,AECI,EPE,1580472000,25.129,29.765,1
30,6,AECI,EPE,1581789600,24.5,31.671,1
30,6,AECI,EPE,1583107200,27.933,29.645,1
30,6,AECI,EPE,1584424800,28.027,28.81,1
30,6,AECI,EPE,1585742400,21.211,21.211,0
30,6,AECI,EPE,1587060000,23.616,24.321,1
30,6,AECI,EPE,1588377600,25.1,25.726,1
30,6,AECI,EPE,1589695200,25.665,26.341,1
30,6,AECI,EPE,1591012800,24.75,24.75,0
30,6,AECI,EPE,1592330400,25.959,25.959,0
30,6,AECI,EPE,1593648000,27.378,30.623,1
30,6,AECI,EPE,1594965600,28.571,28.571,0
30,6,AECI,EPE,1596283200,28.221,30.079,1
30,6,AECI,EPE,1597600800,29.581,33.466,1
30,6,AECI,EPE,1598918400,28.107,29.995,1
30,6,AECI,EPE,1600236000,27.598,33.664,1
30,6,AECI,EPE,1601553600,29.771,29.771,0
30,6,AECI,EPE,1602871200,29.148,29.148,0
30,6,AECI,EPE,1604188800,29.811,36.518,1
30,6,AECI,EPE,1605506400,28.235,33.985,1
30,6,AECI,EPE,1606824000,27.517,32.651,1
30,6,AECI,EPE,1608141600,29.803,32.315,1
30,1,AECI,PACE,1577836800,27.991,27.991,0
30,1,AECI,PACE,1579154400,30.139,30.139,0
30,1,AECI,PACE,1580472000,29.202,29.202,0
30,1,AECI,PACE,1581789600,30.99,30.99,0
30,1,AECI,PACE,1583107200,28.95,28.95,0
30,1,AECI,PACE,1584424800,28.31,28.31,0
30,1,AECI,PACE,1585742400,21.211,21.211,0
30,1,AECI,PACE,1587060000,23.892,23.892,0
30,1,AECI,PACE,1588377600,25.143,25.143,0
30,1,AECI,PACE,1589695200,25.774,25.774,0
30,1,AECI,PACE,1591012800,24.75,24.75,0
30,1,AECI,PACE,1592330400,25.959,25.959,0
30,1,AECI,PACE,1593648000,29.983,29.983,0
30,1,AECI,PACE,1594965600,28.571,28.571,0
30,1,AECI,PACE,1596283200,29.488,29.488,0
30,1,AECI,PACE,1597600800,32.788,32.788,0
30,1,AECI,PACE,1598918400,29.414,29.414,0
30,1,AECI,PACE,1600236000,33.086,33.086,0
30,1,AECI,PACE,1601553600,29.771,29.771,0
30,1,AECI,PACE,1602871200,29.148,29.148,0
30,1,AECI,PACE,1604188800,35.804,35.804,0
30,1,AECI,PACE,1605506400,33.466,33.466,0
30,1,AECI,PACE,1606824000,31.991,31.991,0
30,1,AECI,PACE,1608141600,31.713,31.713,0
30,2,AECI,PACE,1577836800,29.713,29.198,4
30,2,AECI,PACE,1579154400,33.234,32.069,6
30,2,AECI,PACE,1580472000,28.653,31.006,5
30,2,AECI,PACE,1581789600,28.258,32.365,3
30,2,AECI,PACE,1583107200,26.783,30.339,3
30,2,AECI,PACE,1584424800,29.101,28.81,2
30,2,AECI,PACE,1585742400,21.211,21.211,0
30,2,AECI,PACE,1587060000,24.423,24.321,2
30,2,AECI,PACE,1588377600,23.916,26.335,3
30,2,AECI,PACE,1589695200,27.205,26.903,4
30,2,AECI,PACE,1591012800,25.437,25.314,2
30,2,AECI,PACE,1592330400,25.798,27.014,4
30,2,AECI,PACE,1593648000,30.774,31.878,6
30,2,AECI,PACE,1594965600,30.598,30.767,8
30,2,AECI,PACE,1596283200,33.451,31.913,7
30,2,AECI,PACE,1597600800,39.196,35.99,10
30,2,AECI,PACE,1598918400,31.627,30.579,4
30,2,AECI,PACE,1600236000,34.649,34.267,4
30,2,AECI,PACE,1601553600,31.604,30.901,4
30,2,AECI,PACE,1602871200,29.211,31.083,5
30,2,AECI,PACE,1604188800,36.693,37.871,6
30,2,AECI,PACE,1605506400,32.521,34.498,4
30,2,AECI,PACE,1606824000,34.226,34.001,5
30,2,AECI,PACE,1608141600,34.097,33.986,8
30,3,AECI,PACE,1577836800,29.043,28.592,2
30,3,AECI,PACE,1579154400,32.478,31.442,4
30,3,AECI,PACE,1580472000,27.259,29.765,2
30,3,AECI,PACE,1581789600,27.324,31.671,1
30,3,AECI,PACE,1583107200,28.579,29.645,1
30,3,AECI,PACE,1584424800,28.31,28.31,0
30,3,AECI,PACE,1585742400,21.211,21.211,0
30,3,AECI,PACE,1587060000,23.892,23.892,0
30,3,AECI,PACE,1588377600,25.397,25.726,1
30,3,AECI,PACE,1589695200,26.719,26.341,2
30,3,AECI,PACE,1591012800,24.75,24.75,0
30,3,AECI,PACE,1592330400,25.959,25.959,0
30,3,AECI,PACE,1593648000,29.313,30.623,1
30,3,AECI,PACE,1594965600,28.561,29.64,4
30,3,AECI,PACE,1596283200,29.488,29.488,0
30,3,AECI,PACE,1597600800,35.286,34.101,4
30,3,AECI,PACE,1598918400,31.534,30.579,4
30,3,AECI,PACE,1600236000,34.153,33.664,2
30,3,AECI,PACE,1601553600,29.771,29.771,0
30,3,AECI,PACE,1602871200,30.234,31.083,5
30,3,AECI,PACE,1604188800,36.763,37.204,4
30,3,AECI,PACE,1605506400,31.645,33.985,2
30,3,AECI,PACE,1606824000,34.933,34.001,5
30,3,AECI,PACE,1608141600,30.609,32.315,2
30,4,AECI,PACE,1577836800,27.991,27.991,0
30,4,AECI,PACE,1579154400,30.139,30.139,0
30,4,AECI,PACE,1580472000,27.032,29.765,2
30,4,AECI,PACE,1581789600,28.161,31.671,2
30,4,AECI,PACE,1583107200,26.498,29.645,1
30,4,AECI,PACE,1584424800,28.31,28.31,0
30,4,AECI,PACE,1585742400,21.211,21.211,0
30,4,AECI,PACE,1587060000,23.892,23.892,0
30,4,AECI,PACE,1588377600,24.839,25.726,1
30,4,AECI,PACE,1589695200,25.774,25.774,0
30,4,AECI,PACE,1591012800,24.75,24.75,0
30,4,AECI,PACE,1592330400,25.959,25.959,0
30,4,AECI,PACE,1593648000,29.313,30.623,1
30,4,AECI,PACE,1594965600,27.394,29.102,1
30,4,AECI,PACE,1596283200,29.488,29.488,0
30,4,AECI,PACE,1597600800,32.788,32.788,0
30,4,AECI,PACE,1598918400,29.414,29.414,0
30,4,AECI,PACE,1600236000,33.086,33.086,0
30,4,AECI,PACE,1601553600,29.771,29.771,0
30,4,AECI,PACE,1602871200,30.038,29.771,1
30,4,AECI,PACE,1604188800,35.544,36.518,1
30,4,AECI,PACE,1605506400,31.645,33.985,2
30,4,AECI,PACE,1606824000,32.987,32.651,1
30,4,AECI,PACE,1608141600,30.658,32.315,1
30,5,AECI,PACE,1577836800,29.628,29.198,4
30,5,AECI,PACE,1579154400,33.129,32.069,6
30,5,AECI,PACE,1580472000,28.448,31.006,5
30,5,AECI,PACE,1581789600,28.167,32.365,3
30,5,AECI,PACE,1583107200,26.688,30.339,3
30,5,AECI,PACE,1584424800,28.956,28.81,2
30,5,AECI,PACE,1585742400,21.211,21.211,0
30,5,AECI,PACE,1587060000,24.357,24.321,2
30,5,AECI,PACE,1588377600,23.96,26.335,4
30,5,AECI,PACE,1589695200,26.95,26.903,4
30,5,AECI,PACE,1591012800,25.351,25.314,2
30,5,AECI,PACE,1592330400,25.547,27.014,4
30,5,AECI,PACE,1593648000,30.41,31.878,6
30,5,AECI,PACE,1594965600,30.368,30.767,8
30,5,AECI,PACE,1596283200,33.283,31.913,7
30,5,AECI,PACE,1597600800,39.818,36.65,11
30,5,AECI,PACE,1598918400,31.512,30.579,4
30,5,AECI,PACE,1600236000,34.416,34.267,4
30,5,AECI,PACE,1601553600,31.375,30.901,4
30,5,AECI,PACE,1602871200,29.063,31.083,5
30,5,AECI,PACE,1604188800,36.556,37.871,6
30,5,AECI,PACE,1605506400,32.368,34.498,4
30,5,AECI,PACE,1606824000,34.054,34.001,5
30,5,AECI,PACE,1608141600,33.986,33.986,8
30,6,AECI,PACE,1577836800,27.991,27.991,0
30,6,AECI,PACE,1579154400,30.139,30.139,0
30,6,AECI,PACE,1580472000,26.645,29.765,2
30,6,AECI,PACE,1581789600,27.324,31.671,1
30,6,AECI,PACE,1583107200,28.579,29.645,1
30,6,AECI,PACE,1584424800,28.31,28.31,0
30,6,AECI,PACE,1585742400,21.211,21.211,0
30,6,AECI,PACE,1587060000,23.892,23.892,0
30,6,AECI,PACE,1588377600,25.083,25.726,1
30,6,AECI,PACE,1589695200,25.774,25.774,0
30,6,AECI,PACE,1591012800,24.75,24.75,0
30,6,AECI,PACE,1592330400,25.959,25.959,0
30,6,AECI,PACE,1593648000,29.313,30.623,1
30,6,AECI,PACE,1594965600,27.394,29.102,1
30,6,AECI,PACE,1596283200,29.488,29.488,0
30,6,AECI,PACE,1597600800,32.788,32.788,0
30,6,AECI,PACE,1598918400,29.414,29.414,0
30,6,AECI,PACE,1600236000,33.086,33.086,0
30,6,AECI,PACE,1601553600,29.771,29.771,0
30,6,AECI,PACE,1602871200,29.148,29.148,0
30,6,AECI,PACE,1604188800,35.544,36.518,1
30,6,AECI,PACE,1605506400,31.767,33.985,1
30,6,AECI,PACE,1606824000,31.991,31.991,0
30,6,AECI,PACE,1608141600,30.658,32.315,1
30,1,AECI,TEPC,1577836800,27.991,27.991,0
30,1,AECI,TEPC,1579154400,30.139,30.139,0
30,1,AECI,TEPC,1580472000,29.202,29.202,0
30,1,AECI,TEPC,1581789600,30.99,30.99,0
30,1,AECI,TEPC,1583107200,28.95,28.95,0
30,1,AECI,TEPC,1584424800,28.31,28.31,0
30,1,AECI,TEPC,1585742400,21.211,21.211,0
30,1,AECI,TEPC,1587060000,23.892,23.892,0
30,1,AECI,TEPC,1588377600,25.143,25.143,0
30,1,AECI,TEPC,1589695200,25.774,25.774,0
30,1,AECI,TEPC,1591012800,24.75,24.75,0
30,1,AECI,TEPC,1592330400,25.959,25.959,0
30,1,AECI,TEPC,1593648000,29.983,29.983,0
30,1,AECI,TEPC,1594965600,28.571,28.571,0
30,1,AECI,TEPC,1596283200,29.488,29.488,0
30,1,AECI,TEPC,1597600800,32.788,32.788,0
30,1,AECI,TEPC,1598918400,29.414,29.414,0
30,1,AECI,TEPC,1600236000,33.086,33.086,0
30,1,AECI,TEPC,1601553600,29.771,29.771,0
30,1,AECI,TEPC,1602871200,29.148,29.148,0
30,1,AECI,TEPC,1604188800,35.804,35.804,0
30,1,AECI,TEPC,1605506400,33.466,33.466,0
30,1,AECI,TEPC,1606824000,31.991,31.991,0
30,1,AECI,TEPC,1608141600,31.713,31.713,0
30,2,AECI,TEPC,1577836800,29.188,28.592,2
30,2,AECI,TEPC,1579154400,31.438,30.785,2
30,2,AECI,TEPC,1580472000,28.6,30.373,4
30,2,AECI,TEPC,1581789600,31.796,33.062,5
30,2,AECI,TEPC,1583107200,29.236,30.978,6
30,2,AECI,TEPC,1584424800,29.896,29.781,6
30,2,AECI,TEPC,1585742400,22.214,22.977,5
30,2,AECI,TEPC,1587060000,24.394,25.051,6
30,2,AECI,TEPC,1588377600,25.249,26.911,5
30,2,AECI,TEPC,1589695200,28.479,27.442,6
30,2,AECI,TEPC,1591012800,25.683,25.314,2
30,2,AECI,TEPC,1592330400,28.04,28.041,7
30,2,AECI,TEPC,1593648000,31.435,31.878,6
30,2,AECI,TEPC,1594965600,29.014,29.64,4
30,2,AECI,TEPC,1596283200,32.743,31.913,7
30,2,AECI,TEPC,1597600800,35.617,35.36,7
30,2,AECI,TEPC,1598918400,37.328,33.516,14
30,2,AECI,TEPC,1600236000,33.718,34.267,4
30,2,AECI,TEPC,1601553600,35.098,32.833,9
30,2,AECI,TEPC,1602871200,35.269,32.431,9
30,2,AECI,TEPC,1604188800,37.022,37.871,5
30,2,AECI,TEPC,1605506400,31.948,34.498,4
30,2,AECI,TEPC,1606824000,26.728,32.651,1
30,2,AECI,TEPC,1608141600,33.734,32.869,4
30,3,AECI,TEPC,1577836800,27.991,27.991,0
30,3,AECI,TEPC,1579154400,30.139,30.139,0
30,3,AECI,TEPC,1580472000,29.202,29.202,0
30,3,AECI,TEPC,1581789600,33.05,33.062,5
30,3,AECI,TEPC,1583107200,29.419,29.645,1
30,3,AECI,TEPC,1584424800,28.686,28.81,2
30,3,AECI,TEPC,1585742400,22.533,22.391,3
30,3,AECI,TEPC,1587060000,25.142,24.688,4
30,3,AECI,TEPC,1588377600,24.743,25.726,1
30,3,AECI,TEPC,1589695200,26.837,26.341,2
30,3,AECI,TEPC,1591012800,24.75,24.75,0
30,3,AECI,TEPC,1592330400,26.823,27.014,3
30,3,AECI,TEPC,1593648000,29.776,30.623,1
30,3,AECI,TEPC,1594965600,30.947,30.198,6
30,3,AECI,TEPC,1596283200,30.401,30.079,2
30,3,AECI,TEPC,1597600800,31.939,33.466,1
30,3,AECI,TEPC,1598918400,32.31,31.158,5
30,3,AECI,TEPC,1600236000,33.843,33.664,2
30,3,AECI,TEPC,1601553600,29.771,29.771,0
30,3,AECI,TEPC,1602871200,30.431,29.771,2
30,3,AECI,TEPC,1604188800,37.296,37.204,3
30,3,AECI,TEPC,1605506400,31.198,33.985,2
30,3,AECI,TEPC,1606824000,26.728,32.651,1
30,3,AECI,TEPC,1608141600,31.713,31.713,0
30,4,AECI,TEPC,1577836800,27.991,27.991,0
30,4,AECI,TEPC,1579154400,30.139,30.139,0
30,4,AECI,TEPC,1580472000,27.963,29.765,2
30,4,AECI,TEPC,1581789600,30.99,30.99,0
30,4,AECI,TEPC,1583107200,28.95,28.95,0
30,4,AECI,TEPC,1584424800,28.898,28.81,2
30,4,AECI,TEPC,1585742400,21.919,21.807,1
30,4,AECI,TEPC,1587060000,23.637,24.321,2
30,4,AECI,TEPC,1588377600,24.897,25.726,1
30,4,AECI,TEPC,1589695200,25.774,25.774,0
30,4,AECI,TEPC,1591012800,24.75,24.75,0
30,4,AECI,TEPC,1592330400,26.398,26.488,1
30,4,AECI,TEPC,1593648000,29.983,29.983,0
30,4,AECI,TEPC,1594965600,28.571,28.571,0
30,4,AECI,TEPC,1596283200,29.488,29.488,0
30,4,AECI,TEPC,1597600800,32.669,33.466,1
30,4,AECI,TEPC,1598918400,29.414,29.414,0
30,4,AECI,TEPC,1600236000,33.086,33.086,0
30,4,AECI,TEPC,1601553600,29.771,29.771,0
30,4,AECI,TEPC,1602871200,29.148,29.148,0
30,4,AECI,TEPC,1604188800,36.347,36.518,2
30,4,AECI,TEPC,1605506400,31.198,33.985,2
30,4,AECI,TEPC,1606824000,26.728,32.651,1
30,4,AECI,TEPC,1608141600,31.713,31.713,0
30,5,AECI,TEPC,1577836800,29.135,28.592,2
30,5,AECI,TEPC,1579154400,31.392,30.785,2
30,5,AECI,TEPC,1580472000,28.49,30.373,4
30,5,AECI,TEPC,1581789600,31.665,33.062,5
30,5,AECI,TEPC,1583107200,27.666,30.339,4
30,5,AECI,TEPC,1584424800,29.744,29.781,6
30,5,AECI,TEPC,1585742400,22.03,22.977,5
30,5,AECI,TEPC,1587060000,24.282,25.051,6
30,5,AECI,TEPC,1588377600,25.233,26.911,6
30,5,AECI,TEPC,1589695200,27.11,26.903,4
30,5,AECI,TEPC,1591012800,25.619,25.314,2
30,5,AECI,TEPC,1592330400,27.843,28.041,7
30,5,AECI,TEPC,1593648000,31.206,31.878,6
30,5,AECI,TEPC,1594965600,28.801,29.64,4
30,5,AECI,TEPC,1596283200,32.545,31.913,7
30,5,AECI,TEPC,1597600800,35.53,35.36,7
30,5,AECI,TEPC,1598918400,37.046,33.516,14
30,5,AECI,TEPC,1600236000,33.522,34.267,4
30,5,AECI,TEPC,1601553600,34.871,32.833,9
30,5,AECI,TEPC,1602871200,35.397,32.431,10
30,5,AECI,TEPC,1604188800,37.114,37.871,6
30,5,AECI,TEPC,1605506400,31.884,34.498,4
30,5,AECI,TEPC,1606824000,26.728,32.651,1
30,5,AECI,TEPC,1608141600,33.62,32.869,4
30,6,AECI,TEPC,1577836800,27.991,27.991,0
30,6,AECI,TEPC,1579154400,30.139,30.139,0
30,6,AECI,TEPC,1580472000,29.202,29.202,0
30,6,AECI,TEPC,1581789600,30.99,30.99,0
30,6,AECI,TEPC,1583107200,28.917,29.645,1
30,6,AECI,TEPC,1584424800,28.31,28.31,0
30,6,AECI,TEPC,1585742400,21.211,21.211,0
30,6,AECI,TEPC,1587060000,23.745,24.321,1
30,6,AECI,TEPC,1588377600,24.743,25.726,1
30,6,AECI,TEPC,1589695200,25.774,25.774,0
30,6,AECI,TEPC,1591012800,24.75,24.75,0
30,6,AECI,TEPC,1592330400,25.959,25.959,0
30,6,AECI,TEPC,1593648000,29.776,30.623,1
30,6,AECI,TEPC,1594965600,28.526,29.102,1
30,6,AECI,TEPC,1596283200,29.488,29.488,0
30,6,AECI,TEPC,1597600800,31.939,33.466,1
30,6,AECI,TEPC,1598918400,29.414,29.414,0
30,6,AECI,TEPC,1600236000,32.965,33.664,1
30,6,AECI,TEPC,1601553600,29.771,29.771,0
30,6,AECI,TEPC,1602871200,29.148,29.148,0
30,6,AECI,TEPC,1604188800,35.731,36.518,1
30,6,AECI,TEPC,1605506400,31.078,33.985,1
30,6,AECI,TEPC,1606824000,26.728,32.651,1
30,6,AECI,TEPC,1608141600,31.713,31.713,0
30,1,BANC,CISO,1577836800,9.634,9.634,0
30,1,BANC,CISO,1579154400,10.303,10.303,0
30,1,BANC,CISO,1580472000,7.054,7.054,0
30,1,BANC,CISO,1581789600,6.604,6.604,0
30,1,BANC,CISO,1583107200,6.624,6.624,0
30,1,BANC,CISO,1584424800,10.526,10.526,0
30,1,BANC,CISO,1585742400,5.601,5.601,0
30,1,BANC,CISO,1587060000,4.209,4.209,0
30,1,BANC,CISO,1588377600,5.401,5.401,0
30,1,BANC,CISO,1589695200,5.33,5.33,0
30,1,BANC,CISO,1591012800,5.354,5.354,0
30,1,BANC,CISO,1592330400,5.102,5.102,0
30,1,BANC,CISO,1593648000,4.762,4.762,0
30,1,BANC,CISO,1594965600,6.975,6.975,0
30,1,BANC,CISO,1596283200,7.162,7.162,0
30,1,BANC,CISO,1597600800,9.88,9.88,0
30,1,BANC,CISO,1598918400,9.479,9.479,0
30,1,BANC,CISO,1600236000,10.129,10.129,0
30,1,BANC,CISO,1601553600,10.238,10.238,0
30,1,BANC,CISO,1602871200,9.381,9.381,0
30,1,BANC,CISO,1604188800,11.003,11.003,0
30,1,BANC,CISO,1605506400,11.81,11.81,0
30,1,BANC,CISO,1606824000,13.726,13.726,0
30,1,BANC,CISO,1608141600,11.62,11.62,0
30,2,BANC,CISO,1577836800,10.007,9.984,4
30,2,BANC,CISO,1579154400,11.055,10.739,4
30,2,BANC,CISO,1580472000,7.29,7.217,2
30,2,BANC,CISO,1581789600,6.936,7.163,5
30,2,BANC,CISO,1583107200,6.877,6.865,4
30,2,BANC,CISO,1584424800,11.279,11.043,4
30,2,BANC,CISO,1585742400,5.723,5.783,4
30,2,BANC,CISO,1587060000,4.452,4.367,3
30,2,BANC,CISO,1588377600,5.026,5.673,6
30,2,BANC,CISO,1589695200,4.796,5.576,4
30,2,BANC,CISO,1591012800,5.611,5.487,2
30,2,BANC,CISO,1592330400,5.477,5.548,7
30,2,BANC,CISO,1593648000,4.986,4.952,4
30,2,BANC,CISO,1594965600,7.191,7.277,4
30,2,BANC,CISO,1596283200,7.317,7.447,4
30,2,BANC,CISO,1597600800,10.297,10.082,2
30,2,BANC,CISO,1598918400,9.699,9.772,4
30,2,BANC,CISO,1600236000,10.871,10.571,4
30,2,BANC,CISO,1601553600,10.98,10.645,4
30,2,BANC,CISO,1602871200,10.365,9.982,5
30,2,BANC,CISO,1604188800,11.372,11.279,4
30,2,BANC,CISO,1605506400,12.44,12.969,7
30,2,BANC,CISO,1606824000,14.236,15.229,9
30,2,BANC,CISO,1608141600,11.859,12.447,7
30,3,BANC,CISO,1577836800,10.017,9.824,2
30,3,BANC,CISO,1579154400,10.303,10.303,0
30,3,BANC,CISO,1580472000,7.054,7.054,0
30,3,BANC,CISO,1581789600,6.767,6.783,1
30,3,BANC,CISO,1583107200,6.769,6.755,2
30,3,BANC,CISO,1584424800,10.526,10.526,0
30,3,BANC,CISO,1585742400,5.601,5.601,0
30,3,BANC,CISO,1587060000,4.326,4.291,1
30,3,BANC,CISO,1588377600,5.723,5.58,4
30,3,BANC,CISO,1589695200,5.398,5.455,2
30,3,BANC,CISO,1591012800,5.354,5.354,0
30,3,BANC,CISO,1592330400,5.251,5.195,2
30,3,BANC,CISO,1593648000,4.879,4.858,2
30,3,BANC,CISO,1594965600,6.975,6.975,0
30,3,BANC,CISO,1596283200,7.162,7.162,0
30,3,BANC,CISO,1597600800,9.88,9.88,0
30,3,BANC,CISO,1598918400,10.564,9.921,6
30,3,BANC,CISO,1600236000,10.129,10.129,0
30,3,BANC,CISO,1601553600,10.238,10.238,0
30,3,BANC,CISO,1602871200,9.615,9.578,1
30,3,BANC,CISO,1604188800,11.003,11.003,0
30,3,BANC,CISO,1605506400,12.3,12.381,3
30,3,BANC,CISO,1606824000,12.025,14.057,1
30,3,BANC,CISO,1608141600,12.026,12.013,3
30,4,BANC,CISO,1577836800,9.634,9.634,0
30,4,BANC,CISO,1579154400,10.303,10.303,0
30,4,BANC,CISO,1580472000,7.054,7.054,0
30,4,BANC,CISO,1581789600,6.604,6.604,0
30,4,BANC,CISO,1583107200,6.624,6.624,0
30,4,BANC,CISO,1584424800,10.526,10.526,0
30,4,BANC,CISO,1585742400,5.601,5.601,0
30,4,BANC,CISO,1587060000,4.209,4.209,0
30,4,BANC,CISO,1588377600,5.401,5.401,0
30,4,BANC,CISO,1589695200,5.24,5.455,1
30,4,BANC,CISO,1591012800,5.354,5.354,0
30,4,BANC,CISO,1592330400,5.102,5.102,0
30,4,BANC,CISO,1593648000,4.762,4.762,0
30,4,BANC,CISO,1594965600,6.975,6.975,0
30,4,BANC,CISO,1596283200,7.162,7.162,0
30,4,BANC,CISO,1597600800,9.88,9.88,0
30,4,BANC,CISO,1598918400,9.479,9.479,0
30,4,BANC,CISO,1600236000,10.129,10.129,0
30,4,BANC,CISO,1601553600,10.238,10.238,0
30,4,BANC,CISO,1602871200,9.381,9.381,0
30,4,BANC,CISO,1604188800,11.003,11.003,0
30,4,BANC,CISO,1605506400,11.087,12.095,1
30,4,BANC,CISO,1606824000,12.025,14.057,1
30,4,BANC,CISO,1608141600,11.204,11.808,2
30,5,BANC,CISO,1577836800,9.828,9.984,4
30,5,BANC,CISO,1579154400,10.866,10.739,4
30,5,BANC,CISO,1580472000,7.254,7.217,2
30,5,BANC,CISO,1581789600,6.65,7.163,5
30,5,BANC,CISO,1583107200,6.742,6.865,4
30,5,BANC,CISO,1584424800,10.992,11.043,4
30,5,BANC,CISO,1585742400,5.514,5.783,4
30,5,BANC,CISO,1587060000,4.436,4.367,3
30,5,BANC,CISO,1588377600,4.618,5.58,4
30,5,BANC,CISO,1589695200,4.719,5.576,4
30,5,BANC,CISO,1591012800,5.592,5.487,2
30,5,BANC,CISO,1592330400,5.327,5.548,7
30,5,BANC,CISO,1593648000,4.935,4.952,4
30,5,BANC,CISO,1594965600,7.111,7.277,4
30,5,BANC,CISO,1596283200,7.263,7.447,4
30,5,BANC,CISO,1597600800,10.281,10.082,2
30,5,BANC,CISO,1598918400,9.615,9.772,4
30,5,BANC,CISO,1600236000,10.791,10.571,4
30,5,BANC,CISO,1601553600,10.912,10.645,4
30,5,BANC,CISO,1602871200,9.947,9.778,3
30,5,BANC,CISO,1604188800,11.253,11.279,4
30,5,BANC,CISO,1605506400,12.178,12.969,7
30,5,BANC,CISO,1606824000,13.915,15.229,9
30,5,BANC,CISO,1608141600,11.415,12.447,7
30,6,BANC,CISO,1577836800,9.634,9.634,0
30,6,BANC,CISO,1579154400,10.303,10.303,0
30,6,BANC,CISO,1580472000,7.054,7.054,0
30,6,BANC,CISO,1581789600,6.604,6.604,0
30,6,BANC,CISO,1583107200,6.624,6.624,0
30,6,BANC,CISO,1584424800,10.526,10.526,0
30,6,BANC,CISO,1585742400,5.601,5.601,0
30,6,BANC,CISO,1587060000,4.209,4.209,0
30,6,BANC,CISO,1588377600,5.377,5.501,1
30,6,BANC,CISO,1589695200,5.282,5.455,1
30,6,BANC,CISO,1591012800,5.354,5.354,0
30,6,BANC,CISO,1592330400,5.102,5.102,0
30,6,BANC,CISO,1593648000,4.762,4.762,0
30,6,BANC,CISO,1594965600,6.975,6.975,0
30,6,BANC,CISO,1596283200,7.162,7.162,0
30,6,BANC,CISO,1597600800,9.88,9.88,0
30,6,BANC,CISO,1598918400,9.479,9.479,0
30,6,BANC,CISO,1600236000,10.129,10.129,0
30,6,BANC,CISO,1601553600,10.238,10.238,0
30,6,BANC,CISO,1602871200,9.381,9.381,0
30,6,BANC,CISO,1604188800,11.003,11.003,0
30,6,BANC,CISO,1605506400,11.763,12.095,1
30,6,BANC,CISO,1606824000,12.025,14.057,1
30,6,BANC,CISO,1608141600,11.62,11.62,0
30,1,CISO,BANC,1577836800,12.402,12.402,0
30,1,CISO,BANC,1579154400,13.357,13.357,0
30,1,CISO,BANC,1580472000,11.216,11.216,0
30,1,CISO,BANC,1581789600,9.848,9.848,0
30,1,CISO,BANC,1583107200,9.903,9.903,0
30,1,CISO,BANC,1584424800,12.883,12.883,0
30,1,CISO,BANC,1585742400,7.582,7.582,0
30,1,CISO,BANC,1587060000,7.672,7.672,0
30,1,CISO,BANC,1588377600,5.359,5.359,0
30,1,CISO,BANC,1589695200,5.976,5.976,0
30,1,CISO,BANC,1591012800,9.004,9.004,0
30,1,CISO,BANC,1592330400,6.312,6.312,0
30,1,CISO,BANC,1593648000,7.005,7.005,0
30,1,CISO,BANC,1594965600,8.607,8.607,0
30,1,CISO,BANC,1596283200,8.788,8.788,0
30,1,CISO,BANC,1597600800,12.113,12.113,0
30,1,CISO,BANC,1598918400,10.471,10.471,0
30,1,CISO,BANC,1600236000,12.075,12.075,0
30,1,CISO,BANC,1601553600,12.36,12.36,0
30,1,CISO,BANC,1602871200,13.505,13.505,0
30,1,CISO,BANC,1604188800,13.674,13.674,0
30,1,CISO,BANC,1605506400,11.755,11.755,0
30,1,CISO,BANC,1606824000,11.541,11.541,0
30,1,CISO,BANC,1608141600,11.483,11.483,0
30,2,CISO,BANC,1577836800,10.44,13.35,5
30,2,CISO,BANC,1579154400,11.585,14.358,5
30,2,CISO,BANC,1580472000,7.712,11.735,3
30,2,CISO,BANC,1581789600,6.697,10.091,4
30,2,CISO,BANC,1583107200,7.078,10.584,5
30,2,CISO,BANC,1584424800,11.777,13.756,5
30,2,CISO,BANC,1585742400,6.027,8.141,5
30,2,CISO,BANC,1587060000,4.301,7.748,2
30,2,CISO,BANC,1588377600,4.922,5.667,5
30,2,CISO,BANC,1589695200,5.077,6.393,5
30,2,CISO,BANC,1591012800,5.914,9.453,3
30,2,CISO,BANC,1592330400,5.242,6.622,6
30,2,CISO,BANC,1593648000,5.172,7.505,5
30,2,CISO,BANC,1594965600,7.544,9.262,5
30,2,CISO,BANC,1596283200,7.635,9.313,5
30,2,CISO,BANC,1597600800,10.188,12.335,1
30,2,CISO,BANC,1598918400,9.995,11.161,5
30,2,CISO,BANC,1600236000,11.286,12.901,5
30,2,CISO,BANC,1601553600,11.391,13.149,5
30,2,CISO,BANC,1602871200,10.086,13.823,4
30,2,CISO,BANC,1604188800,11.732,14.572,5
30,2,CISO,BANC,1605506400,12.702,12.779,8
30,2,CISO,BANC,1606824000,13.829,12.629,8
30,2,CISO,BANC,1608141600,11.967,12.144,8
30,3,CISO,BANC,1577836800,10.099,12.704,1
30,3,CISO,BANC,1579154400,10.81,13.688,1
30,3,CISO,BANC,1580472000,7.485,11.477,1
30,3,CISO,BANC,1581789600,6.806,9.97,2
30,3,CISO,BANC,1583107200,6.953,10.307,3
30,3,CISO,BANC,1584424800,11.042,13.177,1
30,3,CISO,BANC,1585742400,5.91,7.771,1
30,3,CISO,BANC,1587060000,4.345,7.748,2
30,3,CISO,BANC,1588377600,5.438,5.425,2
30,3,CISO,BANC,1589695200,5.595,6.257,3
30,3,CISO,BANC,1591012800,5.654,9.23,1
30,3,CISO,BANC,1592330400,5.32,6.512,3
30,3,CISO,BANC,1593648000,5.013,7.305,3
30,3,CISO,BANC,1594965600,7.293,8.825,1
30,3,CISO,BANC,1596283200,7.472,8.975,1
30,3,CISO,BANC,1597600800,10.179,12.335,1
30,3,CISO,BANC,1598918400,10.019,10.909,3
30,3,CISO,BANC,1600236000,10.564,12.356,1
30,3,CISO,BANC,1601553600,10.659,12.627,1
30,3,CISO,BANC,1602871200,9.705,13.665,2
30,3,CISO,BANC,1604188800,11.37,13.941,1
30,3,CISO,BANC,1605506400,12.092,12.014,2
30,3,CISO,BANC,1606824000,11.541,11.541,0
30,3,CISO,BANC,1608141600,11.774,11.648,2
30,4,CISO,BANC,1577836800,10.099,12.704,1
30,4,CISO,BANC,1579154400,10.81,13.688,1
30,4,CISO,BANC,1580472000,7.485,11.477,1
30,4,CISO,BANC,1581789600,6.822,9.97,1
30,4,CISO,BANC,1583107200,6.851,10.08,1
30,4,CISO,BANC,1584424800,11.042,13.177,1
30,4,CISO,BANC,1585742400,5.91,7.771,1
30,4,CISO,BANC,1587060000,4.31,7.748,1
30,4,CISO,BANC,1588377600,5.489,5.425,1
30,4,CISO,BANC,1589695200,5.396,6.12,2
30,4,CISO,BANC,1591012800,5.654,9.23,1
30,4,CISO,BANC,1592330400,5.173,6.409,1
30,4,CISO,BANC,1593648000,4.952,7.141,1
30,4,CISO,BANC,1594965600,7.293,8.825,1
30,4,CISO,BANC,1596283200,7.472,8.975,1
30,4,CISO,BANC,1597600800,10.179,12.335,1
30,4,CISO,BANC,1598918400,9.77,10.673,1
30,4,CISO,BANC,1600236000,10.564,12.356,1
30,4,CISO,BANC,1601553600,10.659,12.627,1
30,4,CISO,BANC,1602871200,9.679,13.665,1
30,4,CISO,BANC,1604188800,12.109,13.941,1
30,4,CISO,BANC,1605506400,11.349,12.014,2
30,4,CISO,BANC,1606824000,11.541,11.541,0
30,4,CISO,BANC,1608141600,11.117,11.648,1
30,5,CISO,BANC,1577836800,10.261,13.35,5
30,5,CISO,BANC,1579154400,11.397,14.358,5
30,5,CISO,BANC,1580472000,7.676,11.735,3
30,5,CISO,BANC,1581789600,6.41,10.091,4
30,5,CISO,BANC,1583107200,6.943,10.584,5
30,5,CISO,BANC,1584424800,11.49,13.756,5
30,5,CISO,BANC,1585742400,5.819,8.141,5
30,5,CISO,BANC,1587060000,4.286,7.748,2
30,5,CISO,BANC,1588377600,4.716,5.667,5
30,5,CISO,BANC,1589695200,5.0,6.393,5
30,5,CISO,BANC,1591012800,5.895,9.453,3
30,5,CISO,BANC,1592330400,5.093,6.622,6
30,5,CISO,BANC,1593648000,5.121,7.505,5
30,5,CISO,BANC,1594965600,7.464,9.262,5
30,5,CISO,BANC,1596283200,7.66,9.313,6
30,5,CISO,BANC,1597600800,10.172,12.335,1
30,5,CISO,BANC,1598918400,9.91,11.161,5
30,5,CISO,BANC,1600236000,11.207,12.901,5
30,5,CISO,BANC,1601553600,11.423,13.149,6
30,5,CISO,BANC,1602871200,10.049,13.823,4
30,5,CISO,BANC,1604188800,11.613,14.572,5
30,5,CISO,BANC,1605506400,12.44,12.779,8
30,5,CISO,BANC,1606824000,13.509,12.629,8
30,5,CISO,BANC,1608141600,11.159,11.975,6
30,6,CISO,BANC,1577836800,10.099,12.704,1
30,6,CISO,BANC,1579154400,10.81,13.688,1
30,6,CISO,BANC,1580472000,7.485,11.477,1
30,6,CISO,BANC,1581789600,6.822,9.97,1
30,6,CISO,BANC,1583107200,6.851,10.08,1
30,6,CISO,BANC,1584424800,11.042,13.177,1
30,6,CISO,BANC,1585742400,5.91,7.771,1
30,6,CISO,BANC,1587060000,4.31,7.748,1
30,6,CISO,BANC,1588377600,5.359,5.359,0
30,6,CISO,BANC,1589695200,5.438,6.12,2
30,6,CISO,BANC,1591012800,5.654,9.23,1
30,6,CISO,BANC,1592330400,5.173,6.409,1
30,6,CISO,BANC,1593648000,4.952,7.141,1
30,6,CISO,BANC,1594965600,7.293,8.825,1
30,6,CISO,BANC,1596283200,7.472,8.975,1
30,6,CISO,BANC,1597600800,10.179,12.335,1
30,6,CISO,BANC,1598918400,9.77,10.673,1
30,6,CISO,BANC,1600236000,10.564,12.356,1
30,6,CISO,BANC,1601553600,10.659,12.627,1
30,6,CISO,BANC,1602871200,9.679,13.665,1
30,6,CISO,BANC,1604188800,11.37,13.941,1
30,6,CISO,BANC,1605506400,11.755,11.755,0
30,6,CISO,BANC,1606824000,11.541,11.541,0
30,6,CISO,BANC,1608141600,11.431,11.648,1
30,1,EPE,AECI,1577836800,26.946,26.946,0
30,1,EPE,AECI,1579154400,27.639,27.639,0
30,1,EPE,AECI,1580472000,24.201,24.201,0
30,1,EPE,AECI,1581789600,23.463,23.463,0
30,1,EPE,AECI,1583107200,27.005,27.005,0
30,1,EPE,AECI,1584424800,27.241,27.241,0
30,1,EPE,AECI,1585742400,21.947,21.947,0
30,1,EPE,AECI,1587060000,22.891,22.891,0
30,1,EPE,AECI,1588377600,24.48,24.48,0
30,1,EPE,AECI,1589695200,25.238,25.238,0
30,1,EPE,AECI,1591012800,26.114,26.114,0
30,1,EPE,AECI,1592330400,26.021,26.021,0
30,1,EPE,AECI,1593648000,26.402,26.402,0
30,1,EPE,AECI,1594965600,27.925,27.925,0
30,1,EPE,AECI,1596283200,27.295,27.295,0
30,1,EPE,AECI,1597600800,28.635,28.635,0
30,1,EPE,AECI,1598918400,27.13,27.13,0
30,1,EPE,AECI,1600236000,26.63,26.63,0
30,1,EPE,AECI,1601553600,29.343,29.343,0
30,1,EPE,AECI,1602871200,29.864,29.864,0
30,1,EPE,AECI,1604188800,28.659,28.659,0
30,1,EPE,AECI,1605506400,27.195,27.195,0
30,1,EPE,AECI,1606824000,26.511,26.511,0
30,1,EPE,AECI,1608141600,28.727,28.727,0
30,2,EPE,AECI,1577836800,31.245,29.366,8
30,2,EPE,AECI,1579154400,28.83,28.24,2
30,2,EPE,AECI,1580472000,24.6,24.759,2
30,2,EPE,AECI,1581789600,23.463,23.463,0
30,2,EPE,AECI,1583107200,28.002,28.19,4
30,2,EPE,AECI,1584424800,30.611,29.374,7
30,2,EPE,AECI,1585742400,22.191,22.918,4
30,2,EPE,AECI,1587060000,24.488,24.146,5
30,2,EPE,AECI,1588377600,25.045,25.485,4
30,2,EPE,AECI,1589695200,28.374,27.658,7
30,2,EPE,AECI,1591012800,28.258,28.26,8
30,2,EPE,AECI,1592330400,28.761,28.094,7
30,2,EPE,AECI,1593648000,28.688,27.508,4
30,2,EPE,AECI,1594965600,30.259,29.785,5
30,2,EPE,AECI,1596283200,30.634,29.03,6
30,2,EPE,AECI,1597600800,29.846,29.159,2
30,2,EPE,AECI,1598918400,30.3,28.872,5
30,2,EPE,AECI,1600236000,26.63,26.63,0
30,2,EPE,AECI,1601553600,29.879,30.701,3
30,2,EPE,AECI,1602871200,29.901,31.021,4
30,2,EPE,AECI,1604188800,30.886,29.832,4
30,2,EPE,AECI,1605506400,27.868,27.785,1
30,2,EPE,AECI,1606824000,27.75,27.136,2
30,2,EPE,AECI,1608141600,34.532,31.516,10
30,3,EPE,AECI,1577836800,26.946,26.946,0
30,3,EPE,AECI,1579154400,27.639,27.639,0
30,3,EPE,AECI,1580472000,24.984,24.759,2
30,3,EPE,AECI,1581789600,23.463,23.463,0
30,3,EPE,AECI,1583107200,27.005,27.005,0
30,3,EPE,AECI,1584424800,27.855,27.805,1
30,3,EPE,AECI,1585742400,22.854,22.918,4
30,3,EPE,AECI,1587060000,22.891,22.891,0
30,3,EPE,AECI,1588377600,24.48,24.48,0
30,3,EPE,AECI,1589695200,26.068,25.814,1
30,3,EPE,AECI,1591012800,25.712,26.713,1
30,3,EPE,AECI,1592330400,26.645,26.538,2
30,3,EPE,AECI,1593648000,26.402,26.402,0
30,3,EPE,AECI,1594965600,29.618,29.166,3
30,3,EPE,AECI,1596283200,28.093,27.913,1
30,3,EPE,AECI,1597600800,28.635,28.635,0
30,3,EPE,AECI,1598918400,28.233,27.701,2
30,3,EPE,AECI,1600236000,26.63,26.63,0
30,3,EPE,AECI,1601553600,30.186,30.029,1
30,3,EPE,AECI,1602871200,30.205,30.447,2
30,3,EPE,AECI,1604188800,28.659,28.659,0
30,3,EPE,AECI,1605506400,27.862,27.785,1
30,3,EPE,AECI,1606824000,27.764,27.136,2
30,3,EPE,AECI,1608141600,29.906,29.287,2
30,4,EPE,AECI,1577836800,26.946,26.946,0
30,4,EPE,AECI,1579154400,27.639,27.639,0
30,4,EPE,AECI,1580472000,24.201,24.201,0
30,4,EPE,AECI,1581789600,23.463,23.463,0
30,4,EPE,AECI,1583107200,27.005,27.005,0
30,4,EPE,AECI,1584424800,27.241,27.241,0
30,4,EPE,AECI,1585742400,22.052,22.441,2
30,4,EPE,AECI,1587060000,23.931,23.297,1
30,4,EPE,AECI,1588377600,24.48,24.48,0
30,4,EPE,AECI,1589695200,25.238,25.238,0
30,4,EPE,AECI,1591012800,24.869,26.713,1
30,4,EPE,AECI,1592330400,26.021,26.021,0
30,4,EPE,AECI,1593648000,26.402,26.402,0
30,4,EPE,AECI,1594965600,27.925,27.925,0
30,4,EPE,AECI,1596283200,27.295,27.295,0
30,4,EPE,AECI,1597600800,28.635,28.635,0
30,4,EPE,AECI,1598918400,27.13,27.13,0
30,4,EPE,AECI,1600236000,26.63,26.63,0
30,4,EPE,AECI,1601553600,29.343,29.343,0
30,4,EPE,AECI,1602871200,29.864,29.864,0
30,4,EPE,AECI,1604188800,28.659,28.659,0
30,4,EPE,AECI,1605506400,27.195,27.195,0
30,4,EPE,AECI,1606824000,26.511,26.511,0
30,4,EPE,AECI,1608141600,28.727,28.727,0
30,5,EPE,AECI,1577836800,31.066,29.366,8
30,5,EPE,AECI,1579154400,28.729,28.24,2
30,5,EPE,AECI,1580472000,24.549,24.759,2
30,5,EPE,AECI,1581789600,23.463,23.463,0
30,5,EPE,AECI,1583107200,27.796,28.19,4
30,5,EPE,AECI,1584424800,30.528,29.374,7
30,5,EPE,AECI,1585742400,22.074,22.918,4
30,5,EPE,AECI,1587060000,24.32,24.146,5
30,5,EPE,AECI,1588377600,24.899,25.485,4
30,5,EPE,AECI,1589695200,28.167,27.658,7
30,5,EPE,AECI,1591012800,26.946,27.757,6
30,5,EPE,AECI,1592330400,28.513,28.094,7
30,5,EPE,AECI,1593648000,28.515,27.508,4
30,5,EPE,AECI,1594965600,30.061,29.785,5
30,5,EPE,AECI,1596283200,29.28,28.491,4
30,5,EPE,AECI,1597600800,29.78,29.159,2
30,5,EPE,AECI,1598918400,30.254,28.872,5
30,5,EPE,AECI,1600236000,27.504,27.225,1
30,5,EPE,AECI,1601553600,30.064,30.701,4
30,5,EPE,AECI,1602871200,29.831,31.021,4
30,5,EPE,AECI,1604188800,30.762,29.832,4
30,5,EPE,AECI,1605506400,27.856,27.785,1
30,5,EPE,AECI,1606824000,27.727,27.136,2
30,5,EPE,AECI,1608141600,34.383,31.516,10
30,6,EPE,AECI,1577836800,26.946,26.946,0
30,6,EPE,AECI,1579154400,27.639,27.639,0
30,6,EPE,AECI,1580472000,24.201,24.201,0
30,6,EPE,AECI,1581789600,23.463,23.463,0
30,6,EPE,AECI,1583107200,27.005,27.005,0
30,6,EPE,AECI,1584424800,27.241,27.241,0
30,6,EPE,AECI,1585742400,21.851,22.441,1
30,6,EPE,AECI,1587060000,22.891,22.891,0
30,6,EPE,AECI,1588377600,24.48,24.48,0
30,6,EPE,AECI,1589695200,25.238,25.238,0
30,6,EPE,AECI,1591012800,25.712,26.713,1
30,6,EPE,AECI,1592330400,25.977,26.538,1
30,6,EPE,AECI,1593648000,26.402,26.402,0
30,6,EPE,AECI,1594965600,27.925,27.925,0
30,6,EPE,AECI,1596283200,27.295,27.295,0
30,6,EPE,AECI,1597600800,28.635,28.635,0
30,6,EPE,AECI,1598918400,27.13,27.13,0
30,6,EPE,AECI,1600236000,26.63,26.63,0
30,6,EPE,AECI,1601553600,29.273,30.029,1
30,6,EPE,AECI,1602871200,29.778,30.447,1
30,6,EPE,AECI,1604188800,28.659,28.659,0
30,6,EPE,AECI,1605506400,27.195,27.195,0
30,6,EPE,AECI,1606824000,26.511,26.511,0
30,6,EPE,AECI,1608141600,28.727,28.727,0
30,1,EPE,PSCO,1577836800,26.946,26.946,0
30,1,EPE,PSCO,1579154400,27.639,27.639,0
30,1,EPE,PSCO,1580472000,24.201,24.201,0
30,1,EPE,PSCO,1581789600,23.463,23.463,0
30,1,EPE,PSCO,1583107200,27.005,27.005,0
30,1,EPE,PSCO,1584424800,27.241,27.241,0
30,1,EPE,PSCO,1585742400,21.947,21.947,0
30,1,EPE,PSCO,1587060000,22.891,22.891,0
30,1,EPE,PSCO,1588377600,24.48,24.48,0
30,1,EPE,PSCO,1589695200,25.238,25.238,0
30,1,EPE,PSCO,1591012800,26.114,26.114,0
30,1,EPE,PSCO,1592330400,26.021,26.021,0
30,1,EPE,PSCO,1593648000,26.402,26.402,0
30,1,EPE,PSCO,1594965600,27.925,27.925,0
30,1,EPE,PSCO,1596283200,27.295,27.295,0
30,1,EPE,PSCO,1597600800,28.635,28.635,0
30,1,EPE,PSCO,1598918400,27.13,27.13,0
30,1,EPE,PSCO,1600236000,26.63,26.63,0
30,1,EPE,PSCO,1601553600,29.343,29.343,0
30,1,EPE,PSCO,1602871200,29.864,29.864,0
30,1,EPE,PSCO,1604188800,28.659,28.659,0
30,1,EPE,PSCO,1605506400,27.195,27.195,0
30,1,EPE,PSCO,1606824000,26.511,26.511,0
30,1,EPE,PSCO,1608141600,28.727,28.727,0
30,2,EPE,PSCO,1577836800,27.784,28.14,4
30,2,EPE,PSCO,1579154400,25.268,29.457,5
30,2,EPE,PSCO,1580472000,26.904,26.888,10
30,2,EPE,PSCO,1581789600,26.062,24.762,6
30,2,EPE,PSCO,1583107200,28.364,28.789,5
30,2,EPE,PSCO,1584424800,29.898,28.851,6
30,2,EPE,PSCO,1585742400,22.386,22.441,2
30,2,EPE,PSCO,1587060000,23.626,23.297,2
30,2,EPE,PSCO,1588377600,26.921,26.526,7
30,2,EPE,PSCO,1589695200,23.473,26.415,3
30,2,EPE,PSCO,1591012800,28.442,27.251,4
30,2,EPE,PSCO,1592330400,25.35,27.056,4
30,2,EPE,PSCO,1593648000,26.266,28.072,5
30,2,EPE,PSCO,1594965600,29.547,29.785,5
30,2,EPE,PSCO,1596283200,27.939,29.03,5
30,2,EPE,PSCO,1597600800,26.98,29.682,4
30,2,EPE,PSCO,1598918400,28.022,27.701,2
30,2,EPE,PSCO,1600236000,25.25,28.457,5
30,2,EPE,PSCO,1601553600,29.452,31.854,7
30,2,EPE,PSCO,1602871200,29.956,31.588,6
30,2,EPE,PSCO,1604188800,32.262,31.017,7
30,2,EPE,PSCO,1605506400,28.127,28.931,5
30,2,EPE,PSCO,1606824000,20.471,27.136,1
30,2,EPE,PSCO,1608141600,23.801,29.287,1
30,3,EPE,PSCO,1577836800,29.128,28.14,4
30,3,EPE,PSCO,1579154400,23.226,28.24,1
30,3,EPE,PSCO,1580472000,22.944,24.759,1
30,3,EPE,PSCO,1581789600,24.061,23.904,1
30,3,EPE,PSCO,1583107200,26.925,27.594,1
30,3,EPE,PSCO,1584424800,28.218,27.805,2
30,3,EPE,PSCO,1585742400,21.947,21.947,0
30,3,EPE,PSCO,1587060000,22.891,22.891,0
30,3,EPE,PSCO,1588377600,24.48,24.48,0
30,3,EPE,PSCO,1589695200,23.866,25.814,1
30,3,EPE,PSCO,1591012800,26.114,26.114,0
30,3,EPE,PSCO,1592330400,24.748,26.538,1
30,3,EPE,PSCO,1593648000,25.732,27.508,3
30,3,EPE,PSCO,1594965600,28.529,28.543,1
30,3,EPE,PSCO,1596283200,27.565,27.913,1
30,3,EPE,PSCO,1597600800,26.04,29.159,2
30,3,EPE,PSCO,1598918400,27.13,27.13,0
30,3,EPE,PSCO,1600236000,24.028,27.225,1
30,3,EPE,PSCO,1601553600,26.973,30.029,1
30,3,EPE,PSCO,1602871200,28.251,30.447,2
30,3,EPE,PSCO,1604188800,28.659,28.659,0
30,3,EPE,PSCO,1605506400,28.538,28.366,3
30,3,EPE,PSCO,1606824000,20.471,27.136,1
30,3,EPE,PSCO,1608141600,23.801,29.287,1
30,4,EPE,PSCO,1577836800,26.867,27.54,2
30,4,EPE,PSCO,1579154400,23.226,28.24,1
30,4,EPE,PSCO,1580472000,22.849,24.759,1
30,4,EPE,PSCO,1581789600,23.463,23.463,0
30,4,EPE,PSCO,1583107200,26.73,27.594,1
30,4,EPE,PSCO,1584424800,27.241,27.241,0
30,4,EPE,PSCO,1585742400,21.947,21.947,0
30,4,EPE,PSCO,1587060000,22.891,22.891,0
30,4,EPE,PSCO,1588377600,25.547,24.965,1
30,4,EPE,PSCO,1589695200,23.351,25.814,1
30,4,EPE,PSCO,1591012800,26.114,26.114,0
30,4,EPE,PSCO,1592330400,25.103,26.538,2
30,4,EPE,PSCO,1593648000,24.835,26.945,1
30,4,EPE,PSCO,1594965600,27.925,27.925,0
30,4,EPE,PSCO,1596283200,26.394,27.913,1
30,4,EPE,PSCO,1597600800,25.928,29.159,2
30,4,EPE,PSCO,1598918400,29.016,27.701,1
30,4,EPE,PSCO,1600236000,24.028,27.225,1
30,4,EPE,PSCO,1601553600,26.973,30.029,1
30,4,EPE,PSCO,1602871200,28.195,30.447,1
30,4,EPE,PSCO,1604188800,28.659,28.659,0
30,4,EPE,PSCO,1605506400,28.044,27.785,1
30,4,EPE,PSCO,1606824000,20.471,27.136,1
30,4,EPE,PSCO,1608141600,23.801,29.287,1
30,5,EPE,PSCO,1577836800,27.584,28.14,4
30,5,EPE,PSCO,1579154400,24.97,29.457,5
30,5,EPE,PSCO,1580472000,26.677,26.888,10
30,5,EPE,PSCO,1581789600,25.941,24.762,6
30,5,EPE,PSCO,1583107200,28.166,28.789,5
30,5,EPE,PSCO,1584424800,29.755,28.851,6
30,5,EPE,PSCO,1585742400,22.187,22.441,2
30,5,EPE,PSCO,1587060000,23.555,23.297,2
30,5,EPE,PSCO,1588377600,26.687,26.526,7
30,5,EPE,PSCO,1589695200,23.386,26.415,3
30,5,EPE,PSCO,1591012800,27.187,26.713,2
30,5,EPE,PSCO,1592330400,25.141,27.056,4
30,5,EPE,PSCO,1593648000,26.157,28.072,5
30,5,EPE,PSCO,1594965600,29.424,29.785,5
30,5,EPE,PSCO,1596283200,27.876,29.03,5
30,5,EPE,PSCO,1597600800,26.9,29.682,4
30,5,EPE,PSCO,1598918400,27.965,27.701,2
30,5,EPE,PSCO,1600236000,25.096,28.457,5
30,5,EPE,PSCO,1601553600,29.142,31.854,7
30,5,EPE,PSCO,1602871200,29.816,31.588,6
30,5,EPE,PSCO,1604188800,32.038,31.017,7
30,5,EPE,PSCO,1605506400,28.013,28.931,5
30,5,EPE,PSCO,1606824000,20.471,27.136,1
30,5,EPE,PSCO,1608141600,23.801,29.287,1
30,6,EPE,PSCO,1577836800,26.851,27.54,1
30,6,EPE,PSCO,1579154400,23.226,28.24,1
30,6,EPE,PSCO,1580472000,22.944,24.759,1
30,6,EPE,PSCO,1581789600,23.463,23.463,0
30,6,EPE,PSCO,1583107200,26.925,27.594,1
30,6,EPE,PSCO,1584424800,27.241,27.241,0
30,6,EPE,PSCO,1585742400,21.947,21.947,0
30,6,EPE,PSCO,1587060000,22.891,22.891,0
30,6,EPE,PSCO,1588377600,24.48,24.48,0
30,6,EPE,PSCO,1589695200,23.866,25.814,1
30,6,EPE,PSCO,1591012800,26.114,26.114,0
30,6,EPE,PSCO,1592330400,24.748,26.538,1
30,6,EPE,PSCO,1593648000,24.835,26.945,1
30,6,EPE,PSCO,1594965600,27.925,27.925,0
30,6,EPE,PSCO,1596283200,27.168,27.913,1
30,6,EPE,PSCO,1597600800,26.124,29.159,1
30,6,EPE,PSCO,1598918400,27.13,27.13,0
30,6,EPE,PSCO,1600236000,24.028,27.225,1
30,6,EPE,PSCO,1601553600,26.973,30.029,1
30,6,EPE,PSCO,1602871200,28.195,30.447,1
30,6,EPE,PSCO,1604188800,28.659,28.659,0
30,6,EPE,PSCO,1605506400,27.181,27.785,1
30,6,EPE,PSCO,1606824000,20.471,27.136,1
30,6,EPE,PSCO,1608141600,23.801,29.287,1
30,1,PACE,AECI,1577836800,29.606,29.606,0
30,1,PACE,AECI,1579154400,31.258,31.258,0
30,1,PACE,AECI,1580472000,26.441,26.441,0
30,1,PACE,AECI,1581789600,26.244,26.244,0
30,1,PACE,AECI,1583107200,27.863,27.863,0
30,1,PACE,AECI,1584424800,33.66,33.66,0
30,1,PACE,AECI,1585742400,30.11,30.11,0
30,1,PACE,AECI,1587060000,29.92,29.92,0
30,1,PACE,AECI,1588377600,26.092,26.092,0
30,1,PACE,AECI,1589695200,29.135,29.135,0
30,1,PACE,AECI,1591012800,30.797,30.797,0
30,1,PACE,AECI,1592330400,26.769,26.769,0
30,1,PACE,AECI,1593648000,28.187,28.187,0
30,1,PACE,AECI,1594965600,26.382,26.382,0
30,1,PACE,AECI,1596283200,31.055,31.055,0
30,1,PACE,AECI,1597600800,33.719,33.719,0
30,1,PACE,AECI,1598918400,31.987,31.987,0
30,1,PACE,AECI,1600236000,34.388,34.388,0
30,1,PACE,AECI,1601553600,33.411,33.411,0
30,1,PACE,AECI,1602871200,28.206,28.206,0
30,1,PACE,AECI,1604188800,34.413,34.413,0
30,1,PACE,AECI,1605506400,30.768,30.768,0
30,1,PACE,AECI,1606824000,32.138,32.138,0
30,1,PACE,AECI,1608141600,29.524,29.524,0
30,2,PACE,AECI,1577836800,29.308,30.854,3
30,2,PACE,AECI,1579154400,34.349,33.881,7
30,2,PACE,AECI,1580472000,27.723,27.605,4
30,2,PACE,AECI,1581789600,27.191,26.764,2
30,2,PACE,AECI,1583107200,27.289,28.997,4
30,2,PACE,AECI,1584424800,30.197,35.288,3
30,2,PACE,AECI,1585742400,22.228,30.789,1
30,2,PACE,AECI,1587060000,25.182,30.95,3
30,2,PACE,AECI,1588377600,24.243,26.958,4
30,2,PACE,AECI,1589695200,28.306,31.045,5
30,2,PACE,AECI,1591012800,26.541,32.209,3
30,2,PACE,AECI,1592330400,25.292,27.99,3
30,2,PACE,AECI,1593648000,29.235,29.433,4
30,2,PACE,AECI,1594965600,30.289,29.082,7
30,2,PACE,AECI,1596283200,33.926,33.571,8
30,2,PACE,AECI,1597600800,40.527,37.576,12
30,2,PACE,AECI,1598918400,32.555,33.811,5
30,2,PACE,AECI,1600236000,35.79,36.552,5
30,2,PACE,AECI,1601553600,32.922,35.774,5
30,2,PACE,AECI,1602871200,28.288,29.186,4
30,2,PACE,AECI,1604188800,36.254,36.49,5
30,2,PACE,AECI,1605506400,32.123,31.977,3
30,2,PACE,AECI,1606824000,34.68,34.143,6
30,2,PACE,AECI,1608141600,33.618,32.133,7
30,3,PACE,AECI,1577836800,29.755,30.854,3
30,3,PACE,AECI,1579154400,32.374,32.589,3
30,3,PACE,AECI,1580472000,26.918,27.027,1
30,3,PACE,AECI,1581789600,26.244,26.244,0
30,3,PACE,AECI,1583107200,27.863,27.863,0
30,3,PACE,AECI,1584424800,29.416,34.478,1
30,3,PACE,AECI,1585742400,22.228,30.789,1
30,3,PACE,AECI,1587060000,24.713,30.442,1
30,3,PACE,AECI,1588377600,25.912,26.489,2
30,3,PACE,AECI,1589695200,27.806,30.43,3
30,3,PACE,AECI,1591012800,25.85,31.508,1
30,3,PACE,AECI,1592330400,26.545,27.372,1
30,3,PACE,AECI,1593648000,28.187,28.187,0
30,3,PACE,AECI,1594965600,26.901,27.086,1
30,3,PACE,AECI,1596283200,30.554,31.767,1
30,3,PACE,AECI,1597600800,36.216,35.664,5
30,3,PACE,AECI,1598918400,31.348,33.175,3
30,3,PACE,AECI,1600236000,35.136,35.803,3
30,3,PACE,AECI,1601553600,30.987,34.231,1
30,3,PACE,AECI,1602871200,30.909,29.678,6
30,3,PACE,AECI,1604188800,35.405,35.105,2
30,3,PACE,AECI,1605506400,31.247,31.369,1
30,3,PACE,AECI,1606824000,35.38,34.143,6
30,3,PACE,AECI,1608141600,30.131,30.18,1
30,4,PACE,AECI,1577836800,28.823,30.229,1
30,4,PACE,AECI,1579154400,31.305,31.932,1
30,4,PACE,AECI,1580472000,26.69,27.027,1
30,4,PACE,AECI,1581789600,27.601,26.764,1
30,4,PACE,AECI,1583107200,27.004,28.414,2
30,4,PACE,AECI,1584424800,29.416,34.478,1
30,4,PACE,AECI,1585742400,22.228,30.789,1
30,4,PACE,AECI,1587060000,24.713,30.442,1
30,4,PACE,AECI,1588377600,25.165,26.489,2
30,4,PACE,AECI,1589695200,26.904,29.807,1
30,4,PACE,AECI,1591012800,25.85,31.508,1
30,4,PACE,AECI,1592330400,26.315,27.372,1
30,4,PACE,AECI,1593648000,28.187,28.187,0
30,4,PACE,AECI,1594965600,26.382,26.382,0
30,4,PACE,AECI,1596283200,30.646,31.767,1
30,4,PACE,AECI,1597600800,33.719,33.719,0
30,4,PACE,AECI,1598918400,30.345,32.555,1
30,4,PACE,AECI,1600236000,34.193,35.088,1
30,4,PACE,AECI,1601553600,30.987,34.231,1
30,4,PACE,AECI,1602871200,28.206,28.206,0
30,4,PACE,AECI,1604188800,34.413,34.413,0
30,4,PACE,AECI,1605506400,31.247,31.369,1
30,4,PACE,AECI,1606824000,32.138,32.138,0
30,4,PACE,AECI,1608141600,29.524,29.524,0
30,5,PACE,AECI,1577836800,29.223,30.854,3
30,5,PACE,AECI,1579154400,34.243,33.881,7
30,5,PACE,AECI,1580472000,27.517,27.605,4
30,5,PACE,AECI,1581789600,27.1,26.764,2
30,5,PACE,AECI,1583107200,27.195,28.997,4
30,5,PACE,AECI,1584424800,30.052,35.288,3
30,5,PACE,AECI,1585742400,22.228,30.789,1
30,5,PACE,AECI,1587060000,25.116,30.95,3
30,5,PACE,AECI,1588377600,24.862,27.536,5
30,5,PACE,AECI,1589695200,28.051,31.045,5
30,5,PACE,AECI,1591012800,26.456,32.209,3
30,5,PACE,AECI,1592330400,25.041,27.99,3
30,5,PACE,AECI,1593648000,29.891,30.113,5
30,5,PACE,AECI,1594965600,30.06,29.082,7
30,5,PACE,AECI,1596283200,33.758,33.571,8
30,5,PACE,AECI,1597600800,40.16,37.576,12
30,5,PACE,AECI,1598918400,32.441,33.811,5
30,5,PACE,AECI,1600236000,35.558,36.552,5
30,5,PACE,AECI,1601553600,32.694,35.774,5
30,5,PACE,AECI,1602871200,28.14,29.186,4
30,5,PACE,AECI,1604188800,36.117,36.49,5
30,5,PACE,AECI,1605506400,31.97,31.977,3
30,5,PACE,AECI,1606824000,34.508,34.143,6
30,5,PACE,AECI,1608141600,33.508,32.133,7
30,6,PACE,AECI,1577836800,28.823,30.229,1
30,6,PACE,AECI,1579154400,31.258,31.258,0
30,6,PACE,AECI,1580472000,26.304,27.027,1
30,6,PACE,AECI,1581789600,26.244,26.244,0
30,6,PACE,AECI,1583107200,27.863,27.863,0
30,6,PACE,AECI,1584424800,29.416,34.478,1
30,6,PACE,AECI,1585742400,22.228,30.789,1
30,6,PACE,AECI,1587060000,24.713,30.442,1
30,6,PACE,AECI,1588377600,25.409,26.489,2
30,6,PACE,AECI,1589695200,26.904,29.807,1
30,6,PACE,AECI,1591012800,25.85,31.508,1
30,6,PACE,AECI,1592330400,26.545,27.372,1
30,6,PACE,AECI,1593648000,28.187,28.187,0
30,6,PACE,AECI,1594965600,26.382,26.382,0
30,6,PACE,AECI,1596283200,30.554,31.767,1
30,6,PACE,AECI,1597600800,33.664,34.373,1
30,6,PACE,AECI,1598918400,30.345,32.555,1
30,6,PACE,AECI,1600236000,34.193,35.088,1
30,6,PACE,AECI,1601553600,30.987,34.231,1
30,6,PACE,AECI,1602871200,28.206,28.206,0
30,6,PACE,AECI,1604188800,34.413,34.413,0
30,6,PACE,AECI,1605506400,30.768,30.768,0
30,6,PACE,AECI,1606824000,32.138,32.138,0
30,6,PACE,AECI,1608141600,29.524,29.524,0
30,1,PACE,PSCO,1577836800,29.606,29.606,0
30,1,PACE,PSCO,1579154400,31.258,31.258,0
30,1,PACE,PSCO,1580472000,26.441,26.441,0
30,1,PACE,PSCO,1581789600,26.244,26.244,0
30,1,PACE,PSCO,1583107200,27.863,27.863,0
30,1,PACE,PSCO,1584424800,33.66,33.66,0
30,1,PACE,PSCO,1585742400,30.11,30.11,0
30,1,PACE,PSCO,1587060000,29.92,29.92,0
30,1,PACE,PSCO,1588377600,26.092,26.092,0
30,1,PACE,PSCO,1589695200,29.135,29.135,0
30,1,PACE,PSCO,1591012800,30.797,30.797,0
30,1,PACE,PSCO,1592330400,26.769,26.769,0
30,1,PACE,PSCO,1593648000,28.187,28.187,0
30,1,PACE,PSCO,1594965600,26.382,26.382,0
30,1,PACE,PSCO,1596283200,31.055,31.055,0
30,1,PACE,PSCO,1597600800,33.719,33.719,0
30,1,PACE,PSCO,1598918400,31.987,31.987,0
30,1,PACE,PSCO,1600236000,34.388,34.388,0
30,1,PACE,PSCO,1601553600,33.411,33.411,0
30,1,PACE,PSCO,1602871200,28.206,28.206,0
30,1,PACE,PSCO,1604188800,34.413,34.413,0
30,1,PACE,PSCO,1605506400,30.768,30.768,0
30,1,PACE,PSCO,1606824000,32.138,32.138,0
30,1,PACE,PSCO,1608141600,29.524,29.524,0
30,2,PACE,PSCO,1577836800,30.498,31.491,6
30,2,PACE,PSCO,1579154400,26.669,33.881,7
30,2,PACE,PSCO,1580472000,24.874,28.194,5
30,2,PACE,PSCO,1581789600,27.75,27.778,5
30,2,PACE,PSCO,1583107200,30.968,30.771,9
30,2,PACE,PSCO,1584424800,31.809,35.288,3
30,2,PACE,PSCO,1585742400,29.581,32.108,6
30,2,PACE,PSCO,1587060000,31.88,31.985,8
30,2,PACE,PSCO,1588377600,26.378,28.11,7
30,2,PACE,PSCO,1589695200,24.442,30.43,3
30,2,PACE,PSCO,1591012800,30.657,32.209,3
30,2,PACE,PSCO,1592330400,23.558,27.99,3
30,2,PACE,PSCO,1593648000,25.794,30.113,5
30,2,PACE,PSCO,1594965600,31.044,29.734,9
30,2,PACE,PSCO,1596283200,29.367,33.018,5
30,2,PACE,PSCO,1597600800,26.285,34.373,1
30,2,PACE,PSCO,1598918400,34.881,34.456,7
30,2,PACE,PSCO,1600236000,24.306,35.088,1
30,2,PACE,PSCO,1601553600,29.352,35.774,5
30,2,PACE,PSCO,1602871200,27.615,29.186,4
30,2,PACE,PSCO,1604188800,32.325,35.794,3
30,2,PACE,PSCO,1605506400,29.455,32.613,5
30,2,PACE,PSCO,1606824000,20.707,32.813,1
30,2,PACE,PSCO,1608141600,23.858,30.18,1
30,3,PACE,PSCO,1577836800,28.044,30.229,2
30,3,PACE,PSCO,1579154400,23.483,31.932,1
30,3,PACE,PSCO,1580472000,22.986,27.027,1
30,3,PACE,PSCO,1581789600,26.754,26.764,1
30,3,PACE,PSCO,1583107200,27.971,28.997,3
30,3,PACE,PSCO,1584424800,30.464,34.478,1
30,3,PACE,PSCO,1585742400,27.168,30.789,1
30,3,PACE,PSCO,1587060000,29.243,30.442,2
30,3,PACE,PSCO,1588377600,25.27,26.489,2
30,3,PACE,PSCO,1589695200,24.066,29.807,1
30,3,PACE,PSCO,1591012800,30.535,31.508,1
30,3,PACE,PSCO,1592330400,24.702,27.372,1
30,3,PACE,PSCO,1593648000,25.679,29.433,3
30,3,PACE,PSCO,1594965600,26.975,27.086,1
30,3,PACE,PSCO,1596283200,27.732,31.767,1
30,3,PACE,PSCO,1597600800,26.285,34.373,1
30,3,PACE,PSCO,1598918400,32.496,32.555,2
30,3,PACE,PSCO,1600236000,24.306,35.088,1
30,3,PACE,PSCO,1601553600,27.214,34.231,1
30,3,PACE,PSCO,1602871200,29.149,29.186,4
30,3,PACE,PSCO,1604188800,31.265,35.105,1
30,3,PACE,PSCO,1605506400,27.904,31.369,1
30,3,PACE,PSCO,1606824000,20.707,32.813,1
30,3,PACE,PSCO,1608141600,23.858,30.18,1
30,4,PACE,PSCO,1577836800,28.238,30.229,1
30,4,PACE,PSCO,1579154400,23.483,31.932,1
30,4,PACE,PSCO,1580472000,22.986,27.027,1
30,4,PACE,PSCO,1581789600,25.924,26.764,1
30,4,PACE,PSCO,1583107200,27.187,28.414,1
30,4,PACE,PSCO,1584424800,30.464,34.478,1
30,4,PACE,PSCO,1585742400,27.168,30.789,1
30,4,PACE,PSCO,1587060000,29.071,30.442,1
30,4,PACE,PSCO,1588377600,26.27,26.958,3
30,4,PACE,PSCO,1589695200,24.105,29.807,1
30,4,PACE,PSCO,1591012800,29.906,31.508,1
30,4,PACE,PSCO,1592330400,24.702,27.372,1
30,4,PACE,PSCO,1593648000,24.706,28.795,1
30,4,PACE,PSCO,1594965600,26.382,26.382,0
30,4,PACE,PSCO,1596283200,27.518,31.767,1
30,4,PACE,PSCO,1597600800,26.285,34.373,1
30,4,PACE,PSCO,1598918400,32.507,32.555,1
30,4,PACE,PSCO,1600236000,24.306,35.088,1
30,4,PACE,PSCO,1601553600,27.214,34.231,1
30,4,PACE,PSCO,1602871200,28.123,28.69,1
30,4,PACE,PSCO,1604188800,31.265,35.105,1
30,4,PACE,PSCO,1605506400,27.904,31.369,1
30,4,PACE,PSCO,1606824000,20.707,32.813,1
30,4,PACE,PSCO,1608141600,23.858,30.18,1
30,5,PACE,PSCO,1577836800,31.221,32.149,7
30,5,PACE,PSCO,1579154400,26.438,33.881,7
30,5,PACE,PSCO,1580472000,24.705,28.194,5
30,5,PACE,PSCO,1581789600,27.559,27.778,5
30,5,PACE,PSCO,1583107200,30.665,30.771,9
30,5,PACE,PSCO,1584424800,31.709,35.288,3
30,5,PACE,PSCO,1585742400,29.279,32.108,6
30,5,PACE,PSCO,1587060000,31.669,31.985,8
30,5,PACE,PSCO,1588377600,26.128,28.11,7
30,5,PACE,PSCO,1589695200,24.278,30.43,3
30,5,PACE,PSCO,1591012800,30.595,32.209,3
30,5,PACE,PSCO,1592330400,23.378,27.99,3
30,5,PACE,PSCO,1593648000,25.598,30.113,5
30,5,PACE,PSCO,1594965600,31.058,29.734,10
30,5,PACE,PSCO,1596283200,29.295,33.018,5
30,5,PACE,PSCO,1597600800,26.285,34.373,1
30,5,PACE,PSCO,1598918400,34.725,34.456,7
30,5,PACE,PSCO,1600236000,24.306,35.088,1
30,5,PACE,PSCO,1601553600,29.103,35.774,5
30,5,PACE,PSCO,1602871200,27.419,29.186,4
30,5,PACE,PSCO,1604188800,32.254,35.794,3
30,5,PACE,PSCO,1605506400,29.326,32.613,5
30,5,PACE,PSCO,1606824000,20.707,32.813,1
30,5,PACE,PSCO,1608141600,23.858,30.18,1
30,6,PACE,PSCO,1577836800,27.908,30.229,1
30,6,PACE,PSCO,1579154400,23.483,31.932,1
30,6,PACE,PSCO,1580472000,22.986,27.027,1
30,6,PACE,PSCO,1581789600,26.078,26.764,1
30,6,PACE,PSCO,1583107200,27.187,28.414,1
30,6,PACE,PSCO,1584424800,30.464,34.478,1
30,6,PACE,PSCO,1585742400,27.168,30.789,1
30,6,PACE,PSCO,1587060000,29.071,30.442,1
30,6,PACE,PSCO,1588377600,24.945,26.489,2
30,6,PACE,PSCO,1589695200,24.066,29.807,1
30,6,PACE,PSCO,1591012800,30.535,31.508,1
30,6,PACE,PSCO,1592330400,24.702,27.372,1
30,6,PACE,PSCO,1593648000,24.706,28.795,1
30,6,PACE,PSCO,1594965600,26.382,26.382,0
30,6,PACE,PSCO,1596283200,27.732,31.767,1
30,6,PACE,PSCO,1597600800,26.285,34.373,1
30,6,PACE,PSCO,1598918400,31.987,31.987,0
30,6,PACE,PSCO,1600236000,24.306,35.088,1
30,6,PACE,PSCO,1601553600,27.214,34.231,1
30,6,PACE,PSCO,1602871200,27.383,28.69,2
30,6,PACE,PSCO,1604188800,31.265,35.105,1
30,6,PACE,PSCO,1605506400,27.904,31.369,1
30,6,PACE,PSCO,1606824000,20.707,32.813,1
30,6,PACE,PSCO,1608141600,23.858,30.18,1
30,1,PSCO,EPE,1577836800,26.907,26.907,0
30,1,PSCO,EPE,1579154400,22.413,22.413,0
30,1,PSCO,EPE,1580472000,22.109,22.109,0
30,1,PSCO,EPE,1581789600,27.813,27.813,0
30,1,PSCO,EPE,1583107200,26.075,26.075,0
30,1,PSCO,EPE,1584424800,29.473,29.473,0
30,1,PSCO,EPE,1585742400,26.226,26.226,0
30,1,PSCO,EPE,1587060000,28.177,28.177,0
30,1,PSCO,EPE,1588377600,24.541,24.541,0
30,1,PSCO,EPE,1589695200,23.284,23.284,0
30,1,PSCO,EPE,1591012800,29.454,29.454,0
30,1,PSCO,EPE,1592330400,23.999,23.999,0
30,1,PSCO,EPE,1593648000,24.018,24.018,0
30,1,PSCO,EPE,1594965600,28.389,28.389,0
30,1,PSCO,EPE,1596283200,26.947,26.947,0
30,1,PSCO,EPE,1597600800,25.294,25.294,0
30,1,PSCO,EPE,1598918400,31.306,31.306,0
30,1,PSCO,EPE,1600236000,23.203,23.203,0
30,1,PSCO,EPE,1601553600,26.023,26.023,0
30,1,PSCO,EPE,1602871200,27.041,27.041,0
30,1,PSCO,EPE,1604188800,30.123,30.123,0
30,1,PSCO,EPE,1605506400,27.111,27.111,0
30,1,PSCO,EPE,1606824000,19.648,19.648,0
30,1,PSCO,EPE,1608141600,23.039,23.039,0
30,2,PSCO,EPE,1577836800,28.68,28.88,5
30,2,PSCO,EPE,1579154400,24.44,23.289,4
30,2,PSCO,EPE,1580472000,25.688,24.018,8
30,2,PSCO,EPE,1581789600,26.969,29.637,7
30,2,PSCO,EPE,1583107200,27.566,27.049,4
30,2,PSCO,EPE,1584424800,30.937,31.79,7
30,2,PSCO,EPE,1585742400,23.334,27.511,3
30,2,PSCO,EPE,1587060000,24.509,29.368,3
30,2,PSCO,EPE,1588377600,26.212,25.857,6
30,2,PSCO,EPE,1589695200,23.885,23.994,4
30,2,PSCO,EPE,1591012800,28.126,30.665,3
30,2,PSCO,EPE,1592330400,24.301,24.482,2
30,2,PSCO,EPE,1593648000,25.401,25.025,4
30,2,PSCO,EPE,1594965600,28.628,29.346,4
30,2,PSCO,EPE,1596283200,28.391,28.185,6
30,2,PSCO,EPE,1597600800,27.867,27.143,5
30,2,PSCO,EPE,1598918400,27.63,31.948,1
30,2,PSCO,EPE,1600236000,24.433,24.049,4
30,2,PSCO,EPE,1601553600,28.547,27.415,6
30,2,PSCO,EPE,1602871200,29.511,29.062,5
30,2,PSCO,EPE,1604188800,31.341,31.851,6
30,2,PSCO,EPE,1605506400,27.431,27.9,4
30,2,PSCO,EPE,1606824000,19.648,19.648,0
30,2,PSCO,EPE,1608141600,23.039,23.039,0
30,3,PSCO,EPE,1577836800,27.631,27.578,1
30,3,PSCO,EPE,1579154400,22.413,22.413,0
30,3,PSCO,EPE,1580472000,22.109,22.109,0
30,3,PSCO,EPE,1581789600,24.534,28.249,2
30,3,PSCO,EPE,1583107200,26.075,26.075,0
30,3,PSCO,EPE,1584424800,29.262,30.63,3
30,3,PSCO,EPE,1585742400,22.912,26.863,1
30,3,PSCO,EPE,1587060000,23.766,28.779,1
30,3,PSCO,EPE,1588377600,25.432,24.988,2
30,3,PSCO,EPE,1589695200,23.284,23.284,0
30,3,PSCO,EPE,1591012800,27.016,30.08,1
30,3,PSCO,EPE,1592330400,23.999,23.999,0
30,3,PSCO,EPE,1593648000,24.904,24.488,2
30,3,PSCO,EPE,1594965600,28.807,28.852,2
30,3,PSCO,EPE,1596283200,26.947,26.947,0
30,3,PSCO,EPE,1597600800,25.825,25.908,1
30,3,PSCO,EPE,1598918400,27.791,31.948,1
30,3,PSCO,EPE,1600236000,23.203,23.203,0
30,3,PSCO,EPE,1601553600,26.023,26.023,0
30,3,PSCO,EPE,1602871200,27.616,27.75,1
30,3,PSCO,EPE,1604188800,29.486,30.709,1
30,3,PSCO,EPE,1605506400,29.138,27.9,4
30,3,PSCO,EPE,1606824000,19.648,19.648,0
30,3,PSCO,EPE,1608141600,23.039,23.039,0
30,4,PSCO,EPE,1577836800,27.752,28.232,3
30,4,PSCO,EPE,1579154400,22.413,22.413,0
30,4,PSCO,EPE,1580472000,22.109,22.109,0
30,4,PSCO,EPE,1581789600,24.377,28.249,1
30,4,PSCO,EPE,1583107200,26.075,26.075,0
30,4,PSCO,EPE,1584424800,28.321,30.053,1
30,4,PSCO,EPE,1585742400,22.912,26.863,1
30,4,PSCO,EPE,1587060000,23.766,28.779,1
30,4,PSCO,EPE,1588377600,24.541,24.541,0
30,4,PSCO,EPE,1589695200,23.284,23.284,0
30,4,PSCO,EPE,1591012800,27.016,30.08,1
30,4,PSCO,EPE,1592330400,24.837,24.482,1
30,4,PSCO,EPE,1593648000,24.018,24.018,0
30,4,PSCO,EPE,1594965600,28.909,28.852,1
30,4,PSCO,EPE,1596283200,26.846,27.353,2
30,4,PSCO,EPE,1597600800,25.712,25.908,1
30,4,PSCO,EPE,1598918400,29.106,31.948,2
30,4,PSCO,EPE,1600236000,23.203,23.203,0
30,4,PSCO,EPE,1601553600,26.023,26.023,0
30,4,PSCO,EPE,1602871200,27.041,27.041,0
30,4,PSCO,EPE,1604188800,28.81,30.709,1
30,4,PSCO,EPE,1605506400,27.111,27.111,0
30,4,PSCO,EPE,1606824000,19.648,19.648,0
30,4,PSCO,EPE,1608141600,23.039,23.039,0
30,5,PSCO,EPE,1577836800,28.479,28.88,5
30,5,PSCO,EPE,1579154400,24.142,23.289,4
30,5,PSCO,EPE,1580472000,26.306,24.582,9
30,5,PSCO,EPE,1581789600,26.848,29.637,7
30,5,PSCO,EPE,1583107200,27.369,27.049,4
30,5,PSCO,EPE,1584424800,30.794,31.79,7
30,5,PSCO,EPE,1585742400,23.135,27.511,3
30,5,PSCO,EPE,1587060000,24.438,29.368,3
30,5,PSCO,EPE,1588377600,25.978,25.857,6
30,5,PSCO,EPE,1589695200,23.798,23.994,4
30,5,PSCO,EPE,1591012800,28.029,30.665,3
30,5,PSCO,EPE,1592330400,24.876,25.005,3
30,5,PSCO,EPE,1593648000,25.292,25.025,4
30,5,PSCO,EPE,1594965600,28.506,29.346,4
30,5,PSCO,EPE,1596283200,28.329,28.185,6
30,5,PSCO,EPE,1597600800,27.788,27.143,5
30,5,PSCO,EPE,1598918400,27.573,31.948,1
30,5,PSCO,EPE,1600236000,24.279,24.049,4
30,5,PSCO,EPE,1601553600,28.236,27.415,6
30,5,PSCO,EPE,1602871200,29.37,29.062,5
30,5,PSCO,EPE,1604188800,31.117,31.851,6
30,5,PSCO,EPE,1605506400,27.317,27.9,4
30,5,PSCO,EPE,1606824000,19.648,19.648,0
30,5,PSCO,EPE,1608141600,23.039,23.039,0
30,6,PSCO,EPE,1577836800,26.907,26.907,0
30,6,PSCO,EPE,1579154400,22.413,22.413,0
30,6,PSCO,EPE,1580472000,22.109,22.109,0
30,6,PSCO,EPE,1581789600,24.377,28.249,1
30,6,PSCO,EPE,1583107200,26.075,26.075,0
30,6,PSCO,EPE,1584424800,28.321,30.053,1
30,6,PSCO,EPE,1585742400,22.912,26.863,1
30,6,PSCO,EPE,1587060000,23.766,28.779,1
30,6,PSCO,EPE,1588377600,24.529,24.988,1
30,6,PSCO,EPE,1589695200,23.284,23.284,0
30,6,PSCO,EPE,1591012800,27.016,30.08,1
30,6,PSCO,EPE,1592330400,23.999,23.999,0
30,6,PSCO,EPE,1593648000,24.018,24.018,0
30,6,PSCO,EPE,1594965600,28.292,28.852,1
30,6,PSCO,EPE,1596283200,26.947,26.947,0
30,6,PSCO,EPE,1597600800,25.294,25.294,0
30,6,PSCO,EPE,1598918400,27.791,31.948,1
30,6,PSCO,EPE,1600236000,23.203,23.203,0
30,6,PSCO,EPE,1601553600,26.023,26.023,0
30,6,PSCO,EPE,1602871200,27.041,27.041,0
30,6,PSCO,EPE,1604188800,29.486,30.709,1
30,6,PSCO,EPE,1605506400,27.111,27.111,0
30,6,PSCO,EPE,1606824000,19.648,19.648,0
30,6,PSCO,EPE,1608141600,23.039,23.039,0
30,1,PSCO,PACE,1577836800,26.907,26.907,0
30,1,PSCO,PACE,1579154400,22.413,22.413,0
30,1,PSCO,PACE,1580472000,22.109,22.109,0
30,1,PSCO,PACE,1581789600,27.813,27.813,0
30,1,PSCO,PACE,1583107200,26.075,26.075,0
30,1,PSCO,PACE,1584424800,29.473,29.473,0
30,1,PSCO,PACE,1585742400,26.226,26.226,0
30,1,PSCO,PACE,1587060000,28.177,28.177,0
30,1,PSCO,PACE,1588377600,24.541,24.541,0
30,1,PSCO,PACE,1589695200,23.284,23.284,0
30,1,PSCO,PACE,1591012800,29.454,29.454,0
30,1,PSCO,PACE,1592330400,23.999,23.999,0
30,1,PSCO,PACE,1593648000,24.018,24.018,0
30,1,PSCO,PACE,1594965600,28.389,28.389,0
30,1,PSCO,PACE,1596283200,26.947,26.947,0
30,1,PSCO,PACE,1597600800,25.294,25.294,0
30,1,PSCO,PACE,1598918400,31.306,31.306,0
30,1,PSCO,PACE,1600236000,23.203,23.203,0
30,1,PSCO,PACE,1601553600,26.023,26.023,0
30,1,PSCO,PACE,1602871200,27.041,27.041,0
30,1,PSCO,PACE,1604188800,30.123,30.123,0
30,1,PSCO,PACE,1605506400,27.111,27.111,0
30,1,PSCO,PACE,1606824000,19.648,19.648,0
30,1,PSCO,PACE,1608141600,23.039,23.039,0
30,2,PSCO,PACE,1577836800,30.168,28.88,5
30,2,PSCO,PACE,1579154400,25.574,23.744,6
30,2,PSCO,PACE,1580472000,23.976,23.037,4
30,2,PSCO,PACE,1581789600,28.187,29.159,6
30,2,PSCO,PACE,1583107200,29.849,27.998,8
30,2,PSCO,PACE,1584424800,30.821,30.053,2
30,2,PSCO,PACE,1585742400,30.47,28.791,7
30,2,PSCO,PACE,1587060000,31.588,30.494,7
30,2,PSCO,PACE,1588377600,25.486,25.857,6
30,2,PSCO,PACE,1589695200,23.65,23.634,2
30,2,PSCO,PACE,1591012800,29.618,30.08,2
30,2,PSCO,PACE,1592330400,23.821,25.005,4
30,2,PSCO,PACE,1593648000,26.049,25.542,6
30,2,PSCO,PACE,1594965600,30.114,30.457,8
30,2,PSCO,PACE,1596283200,28.569,27.765,4
30,2,PSCO,PACE,1597600800,25.294,25.294,0
30,2,PSCO,PACE,1598918400,33.864,33.027,6
30,2,PSCO,PACE,1600236000,23.203,23.203,0
30,2,PSCO,PACE,1601553600,28.182,26.96,4
30,2,PSCO,PACE,1602871200,27.242,28.422,3
30,2,PSCO,PACE,1604188800,31.201,30.709,2
30,2,PSCO,PACE,1605506400,28.68,27.9,4
30,2,PSCO,PACE,1606824000,19.648,19.648,0
30,2,PSCO,PACE,1608141600,23.039,23.039,0
30,3,PSCO,PACE,1577836800,27.663,27.578,1
30,3,PSCO,PACE,1579154400,22.413,22.413,0
30,3,PSCO,PACE,1580472000,22.109,22.109,0
30,3,PSCO,PACE,1581789600,27.288,28.249,2
30,3,PSCO,PACE,1583107200,26.973,26.582,2
30,3,PSCO,PACE,1584424800,29.473,29.473,0
30,3,PSCO,PACE,1585742400,26.226,26.226,0
30,3,PSCO,PACE,1587060000,28.905,28.779,1
30,3,PSCO,PACE,1588377600,24.845,24.988,1
30,3,PSCO,PACE,1589695200,23.284,23.284,0
30,3,PSCO,PACE,1591012800,29.454,29.454,0
30,3,PSCO,PACE,1592330400,23.999,23.999,0
30,3,PSCO,PACE,1593648000,24.895,24.488,2
30,3,PSCO,PACE,1594965600,27.375,28.852,2
30,3,PSCO,PACE,1596283200,26.947,26.947,0
30,3,PSCO,PACE,1597600800,25.294,25.294,0
30,3,PSCO,PACE,1598918400,31.815,31.948,1
30,3,PSCO,PACE,1600236000,23.203,23.203,0
30,3,PSCO,PACE,1601553600,26.023,26.023,0
30,3,PSCO,PACE,1602871200,28.238,28.422,3
30,3,PSCO,PACE,1604188800,30.123,30.123,0
30,3,PSCO,PACE,1605506400,27.111,27.111,0
30,3,PSCO,PACE,1606824000,19.648,19.648,0
30,3,PSCO,PACE,1608141600,23.039,23.039,0
30,4,PSCO,PACE,1577836800,26.907,26.907,0
30,4,PSCO,PACE,1579154400,22.413,22.413,0
30,4,PSCO,PACE,1580472000,22.109,22.109,0
30,4,PSCO,PACE,1581789600,26.361,28.249,2
30,4,PSCO,PACE,1583107200,26.075,26.075,0
30,4,PSCO,PACE,1584424800,29.473,29.473,0
30,4,PSCO,PACE,1585742400,26.226,26.226,0
30,4,PSCO,PACE,1587060000,28.177,28.177,0
30,4,PSCO,PACE,1588377600,25.413,24.988,2
30,4,PSCO,PACE,1589695200,23.284,23.284,0
30,4,PSCO,PACE,1591012800,29.454,29.454,0
30,4,PSCO,PACE,1592330400,23.999,23.999,0
30,4,PSCO,PACE,1593648000,24.018,24.018,0
30,4,PSCO,PACE,1594965600,27.361,28.852,1
30,4,PSCO,PACE,1596283200,26.947,26.947,0
30,4,PSCO,PACE,1597600800,25.294,25.294,0
30,4,PSCO,PACE,1598918400,31.306,31.306,0
30,4,PSCO,PACE,1600236000,23.203,23.203,0
30,4,PSCO,PACE,1601553600,26.023,26.023,0
30,4,PSCO,PACE,1602871200,27.041,27.041,0
30,4,PSCO,PACE,1604188800,30.123,30.123,0
30,4,PSCO,PACE,1605506400,27.111,27.111,0
30,4,PSCO,PACE,1606824000,19.648,19.648,0
30,4,PSCO,PACE,1608141600,23.039,23.039,0
30,5,PSCO,PACE,1577836800,30.238,28.88,6
30,5,PSCO,PACE,1579154400,25.342,23.744,6
30,5,PSCO,PACE,1580472000,23.806,23.037,4
30,5,PSCO,PACE,1581789600,27.996,29.159,6
30,5,PSCO,PACE,1583107200,29.546,27.998,8
30,5,PSCO,PACE,1584424800,30.722,30.053,2
30,5,PSCO,PACE,1585742400,28.974,28.152,5
30,5,PSCO,PACE,1587060000,31.377,30.494,7
30,5,PSCO,PACE,1588377600,25.235,25.857,6
30,5,PSCO,PACE,1589695200,23.487,23.634,2
30,5,PSCO,PACE,1591012800,29.556,30.08,2
30,5,PSCO,PACE,1592330400,23.641,25.005,4
30,5,PSCO,PACE,1593648000,24.862,25.025,4
30,5,PSCO,PACE,1594965600,29.805,30.457,8
30,5,PSCO,PACE,1596283200,28.497,27.765,4
30,5,PSCO,PACE,1597600800,25.294,25.294,0
30,5,PSCO,PACE,1598918400,33.708,33.027,6
30,5,PSCO,PACE,1600236000,23.203,23.203,0
30,5,PSCO,PACE,1601553600,27.932,26.96,4
30,5,PSCO,PACE,1602871200,27.046,28.422,3
30,5,PSCO,PACE,1604188800,31.13,30.709,2
30,5,PSCO,PACE,1605506400,28.552,27.9,4
30,5,PSCO,PACE,1606824000,19.648,19.648,0
30,5,PSCO,PACE,1608141600,23.039,23.039,0
30,6,PSCO,PACE,1577836800,26.907,26.907,0
30,6,PSCO,PACE,1579154400,22.413,22.413,0
30,6,PSCO,PACE,1580472000,22.109,22.109,0
30,6,PSCO,PACE,1581789600,26.515,28.249,2
30,6,PSCO,PACE,1583107200,26.075,26.075,0
30,6,PSCO,PACE,1584424800,29.473,29.473,0
30,6,PSCO,PACE,1585742400,26.226,26.226,0
30,6,PSCO,PACE,1587060000,28.177,28.177,0
30,6,PSCO,PACE,1588377600,24.52,24.988,1
30,6,PSCO,PACE,1589695200,23.284,23.284,0
30,6,PSCO,PACE,1591012800,29.454,29.454,0
30,6,PSCO,PACE,1592330400,23.999,23.999,0
30,6,PSCO,PACE,1593648000,24.018,24.018,0
30,6,PSCO,PACE,1594965600,27.361,28.852,1
30,6,PSCO,PACE,1596283200,26.947,26.947,0
30,6,PSCO,PACE,1597600800,25.294,25.294,0
30,6,PSCO,PACE,1598918400,31.296,31.948,1
30,6,PSCO,PACE,1600236000,23.203,23.203,0
30,6,PSCO,PACE,1601553600,26.023,26.023,0
30,6,PSCO,PACE,1602871200,27.01,27.75,1
30,6,PSCO,PACE,1604188800,30.123,30.123,0
30,6,PSCO,PACE,1605506400,27.111,27.111,0
30,6,PSCO,PACE,1606824000,19.648,19.648,0
30,6,PSCO,PACE,1608141600,23.039,23.039,0
30,1,TEPC,AECI,1577836800,34.904,34.904,0
30,1,TEPC,AECI,1579154400,34.672,34.672,0
30,1,TEPC,AECI,1580472000,30.305,30.305,0
30,1,TEPC,AECI,1581789600,30.794,30.794,0
30,1,TEPC,AECI,1583107200,28.518,28.518,0
30,1,TEPC,AECI,1584424800,27.901,27.901,0
30,1,TEPC,AECI,1585742400,21.852,21.852,0
30,1,TEPC,AECI,1587060000,23.826,23.826,0
30,1,TEPC,AECI,1588377600,23.901,23.901,0
30,1,TEPC,AECI,1589695200,28.736,28.736,0
30,1,TEPC,AECI,1591012800,29.666,29.666,0
30,1,TEPC,AECI,1592330400,25.26,25.26,0
30,1,TEPC,AECI,1593648000,28.784,28.784,0
30,1,TEPC,AECI,1594965600,27.715,27.715,0
30,1,TEPC,AECI,1596283200,29.288,29.288,0
30,1,TEPC,AECI,1597600800,30.959,30.959,0
30,1,TEPC,AECI,1598918400,29.268,29.268,0
30,1,TEPC,AECI,1600236000,32.69,32.69,0
30,1,TEPC,AECI,1601553600,31.456,31.456,0
30,1,TEPC,AECI,1602871200,35.004,35.004,0
30,1,TEPC,AECI,1604188800,35.427,35.427,0
30,1,TEPC,AECI,1605506400,30.0,30.0,0
30,1,TEPC,AECI,1606824000,25.748,25.748,0
30,1,TEPC,AECI,1608141600,33.481,33.481,0
30,2,TEPC,AECI,1577836800,30.282,36.394,3
30,2,TEPC,AECI,1579154400,32.688,36.233,3
30,2,TEPC,AECI,1580472000,28.261,31.836,3
30,2,TEPC,AECI,1581789600,30.816,31.784,4
30,2,TEPC,AECI,1583107200,27.939,29.727,4
30,2,TEPC,AECI,1584424800,30.716,30.41,7
30,2,TEPC,AECI,1585742400,22.495,23.379,6
30,2,TEPC,AECI,1587060000,24.036,24.939,5
30,2,TEPC,AECI,1588377600,24.362,24.879,4
30,2,TEPC,AECI,1589695200,28.201,30.825,5
30,2,TEPC,AECI,1591012800,26.641,30.957,3
30,2,TEPC,AECI,1592330400,27.114,26.634,6
30,2,TEPC,AECI,1593648000,30.058,29.953,4
30,2,TEPC,AECI,1594965600,29.908,29.725,5
30,2,TEPC,AECI,1596283200,33.121,31.67,8
30,2,TEPC,AECI,1597600800,34.649,32.728,6
30,2,TEPC,AECI,1598918400,36.915,33.41,13
30,2,TEPC,AECI,1600236000,34.787,34.875,5
30,2,TEPC,AECI,1601553600,35.57,34.368,10
30,2,TEPC,AECI,1602871200,35.656,38.322,10
30,2,TEPC,AECI,1604188800,35.918,36.699,4
30,2,TEPC,AECI,1605506400,31.551,31.341,3
30,2,TEPC,AECI,1606824000,25.748,25.748,0
30,2,TEPC,AECI,1608141600,33.355,34.828,3
30,3,TEPC,AECI,1577836800,29.08,35.644,1
30,3,TEPC,AECI,1579154400,31.377,35.463,1
30,3,TEPC,AECI,1580472000,30.026,31.06,1
30,3,TEPC,AECI,1581789600,33.858,32.247,6
30,3,TEPC,AECI,1583107200,28.518,28.518,0
30,3,TEPC,AECI,1584424800,28.449,28.544,1
30,3,TEPC,AECI,1585742400,22.827,22.927,4
30,3,TEPC,AECI,1587060000,24.224,24.198,2
30,3,TEPC,AECI,1588377600,23.901,23.901,0
30,3,TEPC,AECI,1589695200,26.611,29.421,1
30,3,TEPC,AECI,1591012800,25.704,30.331,1
30,3,TEPC,AECI,1592330400,27.04,26.178,4
30,3,TEPC,AECI,1593648000,28.784,28.784,0
30,3,TEPC,AECI,1594965600,29.282,29.064,3
30,3,TEPC,AECI,1596283200,30.099,29.933,1
30,3,TEPC,AECI,1597600800,30.959,30.959,0
30,3,TEPC,AECI,1598918400,31.334,30.459,4
30,3,TEPC,AECI,1600236000,33.48,33.406,1
30,3,TEPC,AECI,1601553600,30.778,32.107,1
30,3,TEPC,AECI,1602871200,30.159,35.644,1
30,3,TEPC,AECI,1604188800,36.359,36.058,2
30,3,TEPC,AECI,1605506400,30.619,30.68,1
30,3,TEPC,AECI,1606824000,25.748,25.748,0
30,3,TEPC,AECI,1608141600,32.627,34.154,1
30,4,TEPC,AECI,1577836800,29.08,35.644,1
30,4,TEPC,AECI,1579154400,31.377,35.463,1
30,4,TEPC,AECI,1580472000,27.624,31.06,1
30,4,TEPC,AECI,1581789600,30.794,30.794,0
30,4,TEPC,AECI,1583107200,29.934,29.102,1
30,4,TEPC,AECI,1584424800,28.662,28.544,1
30,4,TEPC,AECI,1585742400,22.043,22.394,2
30,4,TEPC,AECI,1587060000,24.043,24.572,3
30,4,TEPC,AECI,1588377600,23.901,23.901,0
30,4,TEPC,AECI,1589695200,26.611,29.421,1
30,4,TEPC,AECI,1591012800,25.704,30.331,1
30,4,TEPC,AECI,1592330400,25.26,25.26,0
30,4,TEPC,AECI,1593648000,28.784,28.784,0
30,4,TEPC,AECI,1594965600,27.715,27.715,0
30,4,TEPC,AECI,1596283200,29.288,29.288,0
30,4,TEPC,AECI,1597600800,30.959,30.959,0
30,4,TEPC,AECI,1598918400,29.268,29.268,0
30,4,TEPC,AECI,1600236000,32.69,32.69,0
30,4,TEPC,AECI,1601553600,31.505,32.107,2
30,4,TEPC,AECI,1602871200,30.159,35.644,1
30,4,TEPC,AECI,1604188800,35.427,35.427,0
30,4,TEPC,AECI,1605506400,30.801,30.68,1
30,4,TEPC,AECI,1606824000,25.748,25.748,0
30,4,TEPC,AECI,1608141600,32.604,34.154,1
30,5,TEPC,AECI,1577836800,30.229,36.394,3
30,5,TEPC,AECI,1579154400,32.641,36.233,3
30,5,TEPC,AECI,1580472000,28.151,31.836,3
30,5,TEPC,AECI,1581789600,30.685,31.784,4
30,5,TEPC,AECI,1583107200,28.583,30.38,5
30,5,TEPC,AECI,1584424800,30.564,30.41,7
30,5,TEPC,AECI,1585742400,21.34,22.927,4
30,5,TEPC,AECI,1587060000,23.924,24.939,5
30,5,TEPC,AECI,1588377600,24.086,24.879,4
30,5,TEPC,AECI,1589695200,27.918,30.825,5
30,5,TEPC,AECI,1591012800,25.432,30.331,1
30,5,TEPC,AECI,1592330400,26.917,26.634,6
30,5,TEPC,AECI,1593648000,30.776,30.585,5
30,5,TEPC,AECI,1594965600,29.695,29.725,5
30,5,TEPC,AECI,1596283200,32.922,31.67,8
30,5,TEPC,AECI,1597600800,34.562,32.728,6
30,5,TEPC,AECI,1598918400,36.633,33.41,13
30,5,TEPC,AECI,1600236000,34.591,34.875,5
30,5,TEPC,AECI,1601553600,35.343,34.368,10
30,5,TEPC,AECI,1602871200,34.109,37.644,8
30,5,TEPC,AECI,1604188800,35.686,36.699,4
30,5,TEPC,AECI,1605506400,31.487,31.341,3
30,5,TEPC,AECI,1606824000,25.748,25.748,0
30,5,TEPC,AECI,1608141600,33.241,34.828,3
30,6,TEPC,AECI,1577836800,29.08,35.644,1
30,6,TEPC,AECI,1579154400,31.377,35.463,1
30,6,TEPC,AECI,1580472000,30.026,31.06,1
30,6,TEPC,AECI,1581789600,30.794,30.794,0
30,6,TEPC,AECI,1583107200,28.518,28.518,0
30,6,TEPC,AECI,1584424800,27.901,27.901,0
30,6,TEPC,AECI,1585742400,21.776,22.394,1
30,6,TEPC,AECI,1587060000,23.826,23.826,0
30,6,TEPC,AECI,1588377600,23.901,23.901,0
30,6,TEPC,AECI,1589695200,26.611,29.421,1
30,6,TEPC,AECI,1591012800,25.704,30.331,1
30,6,TEPC,AECI,1592330400,25.26,25.26,0
30,6,TEPC,AECI,1593648000,28.784,28.784,0
30,6,TEPC,AECI,1594965600,27.715,27.715,0
30,6,TEPC,AECI,1596283200,29.288,29.288,0
30,6,TEPC,AECI,1597600800,30.959,30.959,0
30,6,TEPC,AECI,1598918400,29.268,29.268,0
30,6,TEPC,AECI,1600236000,32.69,32.69,0
30,6,TEPC,AECI,1601553600,30.778,32.107,1
30,6,TEPC,AECI,1602871200,30.159,35.644,1
30,6,TEPC,AECI,1604188800,35.427,35.427,0
30,6,TEPC,AECI,1605506400,30.0,30.0,0
30,6,TEPC,AECI,1606824000,25.748,25.748,0
30,6,TEPC,AECI,1608141600,32.627,34.154,1
45,1,AECI,EPE,1577836800,27.991,27.991,0
45,1,AECI,EPE,1579154400,30.139,30.139,0
45,1,AECI,EPE,1580472000,29.202,29.202,0
45,1,AECI,EPE,1581789600,30.99,30.99,0
45,1,AECI,EPE,1583107200,28.95,28.95,0
45,1,AECI,EPE,1584424800,28.31,28.31,0
45,1,AECI,EPE,1585742400,21.211,21.211,0
45,1,AECI,EPE,1587060000,23.892,23.892,0
45,1,AECI,EPE,1588377600,25.143,25.143,0
45,1,AECI,EPE,1589695200,25.774,25.774,0
45,1,AECI,EPE,1591012800,24.75,24.75,0
45,1,AECI,EPE,1592330400,25.959,25.959,0
45,1,AECI,EPE,1593648000,29.983,29.983,0
45,1,AECI,EPE,1594965600,28.571,28.571,0
45,1,AECI,EPE,1596283200,29.488,29.488,0
45,1,AECI,EPE,1597600800,32.788,32.788,0
45,1,AECI,EPE,1598918400,29.414,29.414,0
45,1,AECI,EPE,1600236000,33.086,33.086,0
45,1,AECI,EPE,1601553600,29.771,29.771,0
45,1,AECI,EPE,1602871200,29.148,29.148,0
45,1,AECI,EPE,1604188800,35.804,35.804,0
45,1,AECI,EPE,1605506400,33.466,33.466,0
45,1,AECI,EPE,1606824000,31.991,31.991,0
45,1,AECI,EPE,1608141600,31.713,31.713,0
45,2,AECI,EPE,1577836800,35.905,32.892,10
45,2,AECI,EPE,1579154400,30.808,32.069,3
45,2,AECI,EPE,1580472000,26.504,31.006,3
45,2,AECI,EPE,1581789600,24.672,31.671,1
45,2,AECI,EPE,1583107200,31.269,32.063,6
45,2,AECI,EPE,1584424800,31.623,30.739,6
45,2,AECI,EPE,1585742400,23.903,23.558,5
45,2,AECI,EPE,1587060000,26.341,25.862,6
45,2,AECI,EPE,1588377600,27.131,27.446,5
45,2,AECI,EPE,1589695200,29.363,28.503,6
45,2,AECI,EPE,1591012800,29.85,28.182,7
45,2,AECI,EPE,1592330400,31.403,29.058,8
45,2,AECI,EPE,1593648000,31.011,32.472,5
45,2,AECI,EPE,1594965600,30.508,30.198,4
45,2,AECI,EPE,1596283200,31.621,31.913,5
45,2,AECI,EPE,1597600800,31.814,34.731,3
45,2,AECI,EPE,1598918400,33.812,32.946,7
45,2,AECI,EPE,1600236000,28.809,34.267,2
45,2,AECI,EPE,1601553600,29.732,30.901,2
45,2,AECI,EPE,1602871200,32.187,31.752,5
45,2,AECI,EPE,1604188800,33.476,38.527,5
45,2,AECI,EPE,1605506400,29.147,34.498,2
45,2,AECI,EPE,1606824000,29.789,34.001,3
45,2,AECI,EPE,1608141600,39.359,37.428,11
45,3,AECI,EPE,1577836800,28.143,28.592,1
45,3,AECI,EPE,1579154400,28.672,30.785,1
45,3,AECI,EPE,1580472000,26.811,31.006,3
45,3,AECI,EPE,1581789600,24.672,31.671,1
45,3,AECI,EPE,1583107200,28.084,29.645,1
45,3,AECI,EPE,1584424800,28.91,29.3,2
45,3,AECI,EPE,1585742400,23.32,22.977,3
45,3,AECI,EPE,1587060000,23.731,24.321,1
45,3,AECI,EPE,1588377600,25.479,25.726,1
45,3,AECI,EPE,1589695200,27.122,26.903,2
45,3,AECI,EPE,1591012800,24.75,24.75,0
45,3,AECI,EPE,1592330400,26.655,26.488,1
45,3,AECI,EPE,1593648000,27.542,30.623,1
45,3,AECI,EPE,1594965600,31.104,30.198,4
45,3,AECI,EPE,1596283200,30.282,31.303,3
45,3,AECI,EPE,1597600800,29.743,33.466,1
45,3,AECI,EPE,1598918400,28.265,29.995,1
45,3,AECI,EPE,1600236000,28.791,34.267,2
45,3,AECI,EPE,1601553600,31.307,30.901,2
45,3,AECI,EPE,1602871200,30.037,29.771,1
45,3,AECI,EPE,1604188800,30.011,36.518,1
45,3,AECI,EPE,1605506400,29.133,34.498,2
45,3,AECI,EPE,1606824000,27.675,32.651,1
45,3,AECI,EPE,1608141600,29.979,32.315,1
45,4,AECI,EPE,1577836800,27.991,27.991,0
45,4,AECI,EPE,1579154400,30.139,30.139,0
45,4,AECI,EPE,1580472000,25.283,29.765,1
45,4,AECI,EPE,1581789600,24.672,31.671,1
45,4,AECI,EPE,1583107200,27.305,29.645,1
45,4,AECI,EPE,1584424800,28.31,28.31,0
45,4,AECI,EPE,1585742400,22.37,21.807,1
45,4,AECI,EPE,1587060000,23.276,24.321,1
45,4,AECI,EPE,1588377600,25.143,25.143,0
45,4,AECI,EPE,1589695200,25.474,26.341,1
45,4,AECI,EPE,1591012800,24.75,24.75,0
45,4,AECI,EPE,1592330400,25.959,25.959,0
45,4,AECI,EPE,1593648000,27.542,30.623,1
45,4,AECI,EPE,1594965600,28.571,28.571,0
45,4,AECI,EPE,1596283200,28.525,30.079,1
45,4,AECI,EPE,1597600800,29.743,33.466,1
45,4,AECI,EPE,1598918400,29.414,29.414,0
45,4,AECI,EPE,1600236000,27.76,33.664,1
45,4,AECI,EPE,1601553600,30.662,30.305,1
45,4,AECI,EPE,1602871200,29.148,29.148,0
45,4,AECI,EPE,1604188800,30.011,36.518,1
45,4,AECI,EPE,1605506400,28.406,33.985,1
45,4,AECI,EPE,1606824000,27.675,32.651,1
45,4,AECI,EPE,1608141600,29.979,32.315,1
45,5,AECI,EPE,1577836800,35.659,32.892,10
45,5,AECI,EPE,1579154400,31.151,32.069,4
45,5,AECI,EPE,1580472000,26.436,31.006,3
45,5,AECI,EPE,1581789600,24.672,31.671,1
45,5,AECI,EPE,1583107200,29.025,30.978,4
45,5,AECI,EPE,1584424800,32.427,31.272,7
45,5,AECI,EPE,1585742400,23.759,23.558,5
45,5,AECI,EPE,1587060000,26.164,25.862,6
45,5,AECI,EPE,1588377600,27.841,27.932,6
45,5,AECI,EPE,1589695200,29.126,28.503,6
45,5,AECI,EPE,1591012800,29.592,28.182,7
45,5,AECI,EPE,1592330400,33.061,30.199,10
45,5,AECI,EPE,1593648000,30.812,32.472,5
45,5,AECI,EPE,1594965600,30.287,30.198,4
45,5,AECI,EPE,1596283200,31.399,31.913,5
45,5,AECI,EPE,1597600800,31.736,34.731,3
45,5,AECI,EPE,1598918400,34.185,32.946,8
45,5,AECI,EPE,1600236000,28.791,34.267,2
45,5,AECI,EPE,1601553600,30.667,31.538,3
45,5,AECI,EPE,1602871200,32.11,31.752,5
45,5,AECI,EPE,1604188800,33.339,38.527,5
45,5,AECI,EPE,1605506400,29.134,34.498,2
45,5,AECI,EPE,1606824000,29.761,34.001,3
45,5,AECI,EPE,1608141600,39.186,37.428,11
45,6,AECI,EPE,1577836800,27.991,27.991,0
45,6,AECI,EPE,1579154400,28.672,30.785,1
45,6,AECI,EPE,1580472000,25.283,29.765,1
45,6,AECI,EPE,1581789600,24.672,31.671,1
45,6,AECI,EPE,1583107200,28.084,29.645,1
45,6,AECI,EPE,1584424800,28.167,28.81,1
45,6,AECI,EPE,1585742400,21.211,21.211,0
45,6,AECI,EPE,1587060000,23.731,24.321,1
45,6,AECI,EPE,1588377600,25.063,25.726,1
45,6,AECI,EPE,1589695200,25.599,26.341,1
45,6,AECI,EPE,1591012800,24.75,24.75,0
45,6,AECI,EPE,1592330400,25.959,25.959,0
45,6,AECI,EPE,1593648000,27.542,30.623,1
45,6,AECI,EPE,1594965600,28.571,28.571,0
45,6,AECI,EPE,1596283200,28.375,30.079,1
45,6,AECI,EPE,1597600800,29.743,33.466,1
45,6,AECI,EPE,1598918400,28.265,29.995,1
45,6,AECI,EPE,1600236000,27.76,33.664,1
45,6,AECI,EPE,1601553600,29.771,29.771,0
45,6,AECI,EPE,1602871200,29.148,29.148,0
45,6,AECI,EPE,1604188800,30.011,36.518,1
45,6,AECI,EPE,1605506400,28.406,33.985,1
45,6,AECI,EPE,1606824000,27.675,32.651,1
45,6,AECI,EPE,1608141600,29.979,32.315,1
45,1,AECI,PACE,1577836800,27.991,27.991,0
45,1,AECI,PACE,1579154400,30.139,30.139,0
45,1,AECI,PACE,1580472000,29.202,29.202,0
45,1,AECI,PACE,1581789600,30.99,30.99,0
45,1,AECI,PACE,1583107200,28.95,28.95,0
45,1,AECI,PACE,1584424800,28.31,28.31,0
45,1,AECI,PACE,1585742400,21.211,21.211,0
45,1,AECI,PACE,1587060000,23.892,23.892,0
45,1,AECI,PACE,1588377600,25.143,25.143,0
45,1,AECI,PACE,1589695200,25.774,25.774,0
45,1,AECI,PACE,1591012800,24.75,24.75,0
45,1,AECI,PACE,1592330400,25.959,25.959,0
45,1,AECI,PACE,1593648000,29.983,29.983,0
45,1,AECI,PACE,1594965600,28.571,28.571,0
45,1,AECI,PACE,1596283200,29.488,29.488,0
45,1,AECI,PACE,1597600800,32.788,32.788,0
45,1,AECI,PACE,1598918400,29.414,29.414,0
45,1,AECI,PACE,1600236000,33.086,33.086,0
45,1,AECI,PACE,1601553600,29.771,29.771,0
45,1,AECI,PACE,1602871200,29.148,29.148,0
45,1,AECI,PACE,1604188800,35.804,35.804,0
45,1,AECI,PACE,1605506400,33.466,33.466,0
45,1,AECI,PACE,1606824000,31.991,31.991,0
45,1,AECI,PACE,1608141600,31.713,31.713,0
45,2,AECI,PACE,1577836800,30.975,29.823,4
45,2,AECI,PACE,1579154400,35.368,33.237,6
45,2,AECI,PACE,1580472000,30.004,31.643,5
45,2,AECI,PACE,1581789600,29.253,33.062,3
45,2,AECI,PACE,1583107200,27.822,30.978,3
45,2,AECI,PACE,1584424800,29.917,29.3,2
45,2,AECI,PACE,1585742400,21.211,21.211,0
45,2,AECI,PACE,1587060000,25.061,24.688,2
45,2,AECI,PACE,1588377600,25.345,26.911,4
45,2,AECI,PACE,1589695200,28.337,27.442,4
45,2,AECI,PACE,1591012800,26.296,25.883,2
45,2,AECI,PACE,1592330400,26.93,27.531,4
45,2,AECI,PACE,1593648000,32.953,33.062,6
45,2,AECI,PACE,1594965600,32.918,31.892,8
45,2,AECI,PACE,1596283200,35.687,33.131,7
45,2,AECI,PACE,1597600800,44.154,38.806,11
45,2,AECI,PACE,1598918400,32.797,31.158,4
45,2,AECI,PACE,1600236000,35.981,34.88,4
45,2,AECI,PACE,1601553600,32.914,31.538,4
45,2,AECI,PACE,1602871200,30.476,31.752,5
45,2,AECI,PACE,1604188800,39.094,39.157,6
45,2,AECI,PACE,1605506400,33.736,35.027,4
45,2,AECI,PACE,1606824000,35.706,34.691,5
45,2,AECI,PACE,1608141600,36.688,35.287,8
45,3,AECI,PACE,1577836800,29.928,29.198,2
45,3,AECI,PACE,1579154400,33.763,32.069,4
45,3,AECI,PACE,1580472000,29.108,31.006,3
45,3,AECI,PACE,1581789600,27.497,31.671,1
45,3,AECI,PACE,1583107200,28.73,29.645,1
45,3,AECI,PACE,1584424800,28.31,28.31,0
45,3,AECI,PACE,1585742400,21.211,21.211,0
45,3,AECI,PACE,1587060000,23.892,23.892,0
45,3,AECI,PACE,1588377600,25.519,25.726,1
45,3,AECI,PACE,1589695200,27.547,26.903,2
45,3,AECI,PACE,1591012800,24.75,24.75,0
45,3,AECI,PACE,1592330400,25.959,25.959,0
45,3,AECI,PACE,1593648000,29.477,30.623,1
45,3,AECI,PACE,1594965600,28.438,29.64,2
45,3,AECI,PACE,1596283200,29.488,29.488,0
45,3,AECI,PACE,1597600800,36.604,34.731,4
45,3,AECI,PACE,1598918400,31.294,30.579,2
45,3,AECI,PACE,1600236000,35.078,34.267,2
45,3,AECI,PACE,1601553600,29.771,29.771,0
45,3,AECI,PACE,1602871200,31.872,31.752,5
45,3,AECI,PACE,1604188800,38.139,37.871,4
45,3,AECI,PACE,1605506400,32.465,34.498,2
45,3,AECI,PACE,1606824000,36.343,34.691,5
45,3,AECI,PACE,1608141600,31.481,32.869,2
45,4,AECI,PACE,1577836800,27.991,27.991,0
45,4,AECI,PACE,1579154400,30.139,30.139,0
45,4,AECI,PACE,1580472000,28.198,30.373,2
45,4,AECI,PACE,1581789600,29.079,32.365,2
45,4,AECI,PACE,1583107200,25.966,29.645,1
45,4,AECI,PACE,1584424800,28.31,28.31,0
45,4,AECI,PACE,1585742400,21.211,21.211,0
45,4,AECI,PACE,1587060000,23.892,23.892,0
45,4,AECI,PACE,1588377600,24.912,25.726,1
45,4,AECI,PACE,1589695200,25.774,25.774,0
45,4,AECI,PACE,1591012800,24.75,24.75,0
45,4,AECI,PACE,1592330400,25.959,25.959,0
45,4,AECI,PACE,1593648000,29.477,30.623,1
45,4,AECI,PACE,1594965600,27.539,29.102,1
45,4,AECI,PACE,1596283200,29.488,29.488,0
45,4,AECI,PACE,1597600800,32.788,32.788,0
45,4,AECI,PACE,1598918400,29.414,29.414,0
45,4,AECI,PACE,1600236000,33.086,33.086,0
45,4,AECI,PACE,1601553600,29.771,29.771,0
45,4,AECI,PACE,1602871200,29.901,29.771,1
45,4,AECI,PACE,1604188800,35.521,36.518,1
45,4,AECI,PACE,1605506400,31.764,33.985,1
45,4,AECI,PACE,1606824000,31.991,31.991,0
45,4,AECI,PACE,1608141600,30.834,32.315,1
45,5,AECI,PACE,1577836800,30.879,29.823,4
45,5,AECI,PACE,1579154400,35.24,33.237,6
45,5,AECI,PACE,1580472000,29.758,31.643,5
45,5,AECI,PACE,1581789600,29.149,33.062,3
45,5,AECI,PACE,1583107200,28.138,30.978,4
45,5,AECI,PACE,1584424800,29.746,29.3,2
45,5,AECI,PACE,1585742400,21.211,21.211,0
45,5,AECI,PACE,1587060000,24.976,24.688,2
45,5,AECI,PACE,1588377600,25.036,26.911,4
45,5,AECI,PACE,1589695200,28.043,27.442,4
45,5,AECI,PACE,1591012800,26.197,25.883,2
45,5,AECI,PACE,1592330400,26.633,27.531,4
45,5,AECI,PACE,1593648000,32.525,33.062,6
45,5,AECI,PACE,1594965600,32.646,31.892,8
45,5,AECI,PACE,1596283200,35.917,33.131,8
45,5,AECI,PACE,1597600800,43.734,38.806,11
45,5,AECI,PACE,1598918400,32.667,31.158,4
45,5,AECI,PACE,1600236000,35.733,34.88,4
45,5,AECI,PACE,1601553600,32.654,31.538,4
45,5,AECI,PACE,1602871200,30.32,31.752,5
45,5,AECI,PACE,1604188800,38.941,39.157,6
45,5,AECI,PACE,1605506400,33.552,35.027,4
45,5,AECI,PACE,1606824000,35.503,34.691,5
45,5,AECI,PACE,1608141600,37.734,35.985,9
45,6,AECI,PACE,1577836800,27.991,27.991,0
45,6,AECI,PACE,1579154400,30.139,30.139,0
45,6,AECI,PACE,1580472000,27.503,30.373,2
45,6,AECI,PACE,1581789600,27.497,31.671,1
45,6,AECI,PACE,1583107200,28.73,29.645,1
45,6,AECI,PACE,1584424800,28.31,28.31,0
45,6,AECI,PACE,1585742400,21.211,21.211,0
45,6,AECI,PACE,1587060000,23.892,23.892,0
45,6,AECI,PACE,1588377600,25.035,25.726,1
45,6,AECI,PACE,1589695200,25.774,25.774,0
45,6,AECI,PACE,1591012800,24.75,24.75,0
45,6,AECI,PACE,1592330400,25.959,25.959,0
45,6,AECI,PACE,1593648000,29.477,30.623,1
45,6,AECI,PACE,1594965600,27.539,29.102,1
45,6,AECI,PACE,1596283200,29.488,29.488,0
45,6,AECI,PACE,1597600800,32.788,32.788,0
45,6,AECI,PACE,1598918400,29.414,29.414,0
45,6,AECI,PACE,1600236000,33.086,33.086,0
45,6,AECI,PACE,1601553600,29.771,29.771,0
45,6,AECI,PACE,1602871200,29.148,29.148,0
45,6,AECI,PACE,1604188800,35.729,36.518,1
45,6,AECI,PACE,1605506400,31.938,33.985,1
45,6,AECI,PACE,1606824000,31.991,31.991,0
45,6,AECI,PACE,1608141600,30.834,32.315,1
45,1,AECI,TEPC,1577836800,27.991,27.991,0
45,1,AECI,TEPC,1579154400,30.139,30.139,0
45,1,AECI,TEPC,1580472000,29.202,29.202,0
45,1,AECI,TEPC,1581789600,30.99,30.99,0
45,1,AECI,TEPC,1583107200,28.95,28.95,0
45,1,AECI,TEPC,1584424800,28.31,28.31,0
45,1,AECI,TEPC,1585742400,21.211,21.211,0
45,1,AECI,TEPC,1587060000,23.892,23.892,0
45,1,AECI,TEPC,1588377600,25.143,25.143,0
45,1,AECI,TEPC,1589695200,25.774,25.774,0
45,1,AECI,TEPC,1591012800,24.75,24.75,0
45,1,AECI,TEPC,1592330400,25.959,25.959,0
45,1,AECI,TEPC,1593648000,29.983,29.983,0
45,1,AECI,TEPC,1594965600,28.571,28.571,0
45,1,AECI,TEPC,1596283200,29.488,29.488,0
45,1,AECI,TEPC,1597600800,32.788,32.788,0
45,1,AECI,TEPC,1598918400,29.414,29.414,0
45,1,AECI,TEPC,1600236000,33.086,33.086,0
45,1,AECI,TEPC,1601553600,29.771,29.771,0
45,1,AECI,TEPC,1602871200,29.148,29.148,0
45,1,AECI,TEPC,1604188800,35.804,35.804,0
45,1,AECI,TEPC,1605506400,33.466,33.466,0
45,1,AECI,TEPC,1606824000,31.991,31.991,0
45,1,AECI,TEPC,1608141600,31.713,31.713,0
45,2,AECI,TEPC,1577836800,30.13,29.198,2
45,2,AECI,TEPC,1579154400,32.414,31.442,2
45,2,AECI,TEPC,1580472000,29.864,31.006,4
45,2,AECI,TEPC,1581789600,33.11,33.709,5
45,2,AECI,TEPC,1583107200,31.283,32.063,6
45,2,AECI,TEPC,1584424800,31.761,30.739,6
45,2,AECI,TEPC,1585742400,23.218,23.558,5
45,2,AECI,TEPC,1587060000,26.998,26.285,8
45,2,AECI,TEPC,1588377600,27.338,27.932,6
45,2,AECI,TEPC,1589695200,30.395,28.503,6
45,2,AECI,TEPC,1591012800,26.543,25.883,2
45,2,AECI,TEPC,1592330400,29.918,29.058,7
45,2,AECI,TEPC,1593648000,33.584,33.062,6
45,2,AECI,TEPC,1594965600,30.191,30.198,4
45,2,AECI,TEPC,1596283200,34.922,33.131,7
45,2,AECI,TEPC,1597600800,37.946,36.65,7
45,2,AECI,TEPC,1598918400,41.828,35.82,14
45,2,AECI,TEPC,1600236000,35.034,34.88,4
45,2,AECI,TEPC,1601553600,37.694,34.136,9
45,2,AECI,TEPC,1602871200,39.363,34.484,10
45,2,AECI,TEPC,1604188800,39.772,39.157,6
45,2,AECI,TEPC,1605506400,33.128,35.027,4
45,2,AECI,TEPC,1606824000,26.886,32.651,1
45,2,AECI,TEPC,1608141600,34.975,33.411,4
45,3,AECI,TEPC,1577836800,27.991,27.991,0
45,3,AECI,TEPC,1579154400,30.139,30.139,0
45,3,AECI,TEPC,1580472000,29.202,29.202,0
45,3,AECI,TEPC,1581789600,33.453,33.062,3
45,3,AECI,TEPC,1583107200,29.57,29.645,1
45,3,AECI,TEPC,1584424800,29.428,29.3,2
45,3,AECI,TEPC,1585742400,23.317,22.977,3
45,3,AECI,TEPC,1587060000,25.9,25.051,4
45,3,AECI,TEPC,1588377600,24.883,25.726,1
45,3,AECI,TEPC,1589695200,27.675,26.903,2
45,3,AECI,TEPC,1591012800,24.75,24.75,0
45,3,AECI,TEPC,1592330400,27.796,27.531,3
45,3,AECI,TEPC,1593648000,29.941,30.623,1
45,3,AECI,TEPC,1594965600,30.821,30.198,4
45,3,AECI,TEPC,1596283200,32.332,31.303,3
45,3,AECI,TEPC,1597600800,32.101,33.466,1
45,3,AECI,TEPC,1598918400,33.609,31.745,5
45,3,AECI,TEPC,1600236000,34.77,34.267,2
45,3,AECI,TEPC,1601553600,29.771,29.771,0
45,3,AECI,TEPC,1602871200,33.09,31.083,4
45,3,AECI,TEPC,1604188800,38.468,37.871,3
45,3,AECI,TEPC,1605506400,32.035,34.498,2
45,3,AECI,TEPC,1606824000,26.886,32.651,1
45,3,AECI,TEPC,1608141600,31.713,31.713,0
45,4,AECI,TEPC,1577836800,27.991,27.991,0
45,4,AECI,TEPC,1579154400,30.139,30.139,0
45,4,AECI,TEPC,1580472000,29.094,30.373,2
45,4,AECI,TEPC,1581789600,30.99,30.99,0
45,4,AECI,TEPC,1583107200,28.95,28.95,0
45,4,AECI,TEPC,1584424800,28.31,28.31,0
45,4,AECI,TEPC,1585742400,22.404,21.807,1
45,4,AECI,TEPC,1587060000,23.892,23.892,0
45,4,AECI,TEPC,1588377600,25.143,25.143,0
45,4,AECI,TEPC,1589695200,25.774,25.774,0
45,4,AECI,TEPC,1591012800,24.75,24.75,0
45,4,AECI,TEPC,1592330400,25.959,25.959,0
45,4,AECI,TEPC,1593648000,29.983,29.983,0
45,4,AECI,TEPC,1594965600,28.571,28.571,0
45,4,AECI,TEPC,1596283200,29.488,29.488,0
45,4,AECI,TEPC,1597600800,33.273,33.466,1
45,4,AECI,TEPC,1598918400,29.414,29.414,0
45,4,AECI,TEPC,1600236000,33.086,33.086,0
45,4,AECI,TEPC,1601553600,29.771,29.771,0
45,4,AECI,TEPC,1602871200,29.148,29.148,0
45,4,AECI,TEPC,1604188800,35.804,35.804,0
45,4,AECI,TEPC,1605506400,31.585,34.498,2
45,4,AECI,TEPC,1606824000,26.886,32.651,1
45,4,AECI,TEPC,1608141600,31.713,31.713,0
45,5,AECI,TEPC,1577836800,30.066,29.198,2
45,5,AECI,TEPC,1579154400,32.358,31.442,2
45,5,AECI,TEPC,1580472000,29.733,31.006,4
45,5,AECI,TEPC,1581789600,32.944,33.709,5
45,5,AECI,TEPC,1583107200,28.945,30.978,4
45,5,AECI,TEPC,1584424800,31.584,30.739,6
45,5,AECI,TEPC,1585742400,22.994,23.558,5
45,5,AECI,TEPC,1587060000,26.751,26.285,8
45,5,AECI,TEPC,1588377600,27.028,27.932,6
45,5,AECI,TEPC,1589695200,28.189,27.442,4
45,5,AECI,TEPC,1591012800,26.466,25.883,2
45,5,AECI,TEPC,1592330400,29.699,29.058,7
45,5,AECI,TEPC,1593648000,33.314,33.062,6
45,5,AECI,TEPC,1594965600,29.955,30.198,4
45,5,AECI,TEPC,1596283200,34.695,33.131,7
45,5,AECI,TEPC,1597600800,37.843,36.65,7
45,5,AECI,TEPC,1598918400,41.51,35.82,14
45,5,AECI,TEPC,1600236000,34.81,34.88,4
45,5,AECI,TEPC,1601553600,37.425,34.136,9
45,5,AECI,TEPC,1602871200,39.08,34.484,10
45,5,AECI,TEPC,1604188800,39.504,39.157,6
45,5,AECI,TEPC,1605506400,33.057,35.027,4
45,5,AECI,TEPC,1606824000,26.886,32.651,1
45,5,AECI,TEPC,1608141600,34.831,33.411,4
45,6,AECI,TEPC,1577836800,27.991,27.991,0
45,6,AECI,TEPC,1579154400,30.139,30.139,0
45,6,AECI,TEPC,1580472000,29.202,29.202,0
45,6,AECI,TEPC,1581789600,30.99,30.99,0
45,6,AECI,TEPC,1583107200,28.808,29.645,1
45,6,AECI,TEPC,1584424800,28.31,28.31,0
45,6,AECI,TEPC,1585742400,21.211,21.211,0
45,6,AECI,TEPC,1587060000,23.67,24.321,1
45,6,AECI,TEPC,1588377600,24.883,25.726,1
45,6,AECI,TEPC,1589695200,25.774,25.774,0
45,6,AECI,TEPC,1591012800,24.75,24.75,0
45,6,AECI,TEPC,1592330400,25.959,25.959,0
45,6,AECI,TEPC,1593648000,29.844,30.623,1
45,6,AECI,TEPC,1594965600,28.571,28.571,0
45,6,AECI,TEPC,1596283200,29.488,29.488,0
45,6,AECI,TEPC,1597600800,32.101,33.466,1
45,6,AECI,TEPC,1598918400,29.414,29.414,0
45,6,AECI,TEPC,1600236000,32.991,33.664,1
45,6,AECI,TEPC,1601553600,29.771,29.771,0
45,6,AECI,TEPC,1602871200,29.148,29.148,0
45,6,AECI,TEPC,1604188800,35.804,35.804,0
45,6,AECI,TEPC,1605506400,31.249,33.985,1
45,6,AECI,TEPC,1606824000,26.886,32.651,1
45,6,AECI,TEPC,1608141600,31.713,31.713,0
45,1,BANC,CISO,1577836800,9.634,9.634,0
45,1,BANC,CISO,1579154400,10.303,10.303,0
45,1,BANC,CISO,1580472000,7.054,7.054,0
45,1,BANC,CISO,1581789600,6.604,6.604,0
45,1,BANC,CISO,1583107200,6.624,6.624,0
45,1,BANC,CISO,1584424800,10.526,10.526,0
45,1,BANC,CISO,1585742400,5.601,5.601,0
45,1,BANC,CISO,1587060000,4.209,4.209,0
45,1,BANC,CISO,1588377600,5.401,5.401,0
45,1,BANC,CISO,1589695200,5.33,5.33,0
45,1,BANC,CISO,1591012800,5.354,5.354,0
45,1,BANC,CISO,1592330400,5.102,5.102,0
45,1,BANC,CISO,1593648000,4.762,4.762,0
45,1,BANC,CISO,1594965600,6.975,6.975,0
45,1,BANC,CISO,1596283200,7.162,7.162,0
45,1,BANC,CISO,1597600800,9.88,9.88,0
45,1,BANC,CISO,1598918400,9.479,9.479,0
45,1,BANC,CISO,1600236000,10.129,10.129,0
45,1,BANC,CISO,1601553600,10.238,10.238,0
45,1,BANC,CISO,1602871200,9.381,9.381,0
45,1,BANC,CISO,1604188800,11.003,11.003,0
45,1,BANC,CISO,1605506400,11.81,11.81,0
45,1,BANC,CISO,1606824000,13.726,13.726,0
45,1,BANC,CISO,1608141600,11.62,11.62,0
45,2,BANC,CISO,1577836800,10.395,10.142,4
45,2,BANC,CISO,1579154400,11.54,10.976,4
45,2,BANC,CISO,1580472000,7.522,7.371,2
45,2,BANC,CISO,1581789600,7.297,7.356,5
45,2,BANC,CISO,1583107200,7.141,6.97,4
45,2,BANC,CISO,1584424800,11.779,11.29,4
45,2,BANC,CISO,1585742400,5.967,5.881,4
45,2,BANC,CISO,1587060000,4.601,4.442,3
45,2,BANC,CISO,1588377600,5.395,5.861,6
45,2,BANC,CISO,1589695200,5.035,5.701,4
45,2,BANC,CISO,1591012800,5.804,5.622,2
45,2,BANC,CISO,1592330400,5.94,5.828,7
45,2,BANC,CISO,1593648000,5.181,5.045,4
45,2,BANC,CISO,1594965600,7.517,7.449,4
45,2,BANC,CISO,1596283200,7.631,7.603,4
45,2,BANC,CISO,1597600800,10.609,10.289,2
45,2,BANC,CISO,1598918400,10.047,9.921,4
45,2,BANC,CISO,1600236000,11.3,10.783,4
45,2,BANC,CISO,1601553600,11.408,10.845,4
45,2,BANC,CISO,1602871200,10.804,10.192,5
45,2,BANC,CISO,1604188800,11.812,11.415,4
45,2,BANC,CISO,1605506400,13.428,13.558,7
45,2,BANC,CISO,1606824000,15.234,15.713,9
45,2,BANC,CISO,1608141600,12.863,12.849,8
45,3,BANC,CISO,1577836800,10.277,9.984,2
45,3,BANC,CISO,1579154400,10.303,10.303,0
45,3,BANC,CISO,1580472000,7.054,7.054,0
45,3,BANC,CISO,1581789600,6.808,6.783,1
45,3,BANC,CISO,1583107200,6.943,6.865,2
45,3,BANC,CISO,1584424800,10.526,10.526,0
45,3,BANC,CISO,1585742400,5.601,5.601,0
45,3,BANC,CISO,1587060000,4.347,4.291,1
45,3,BANC,CISO,1588377600,5.822,5.673,4
45,3,BANC,CISO,1589695200,5.562,5.576,2
45,3,BANC,CISO,1591012800,5.354,5.354,0
45,3,BANC,CISO,1592330400,5.396,5.286,2
45,3,BANC,CISO,1593648000,5.021,4.952,2
45,3,BANC,CISO,1594965600,6.975,6.975,0
45,3,BANC,CISO,1596283200,7.162,7.162,0
45,3,BANC,CISO,1597600800,9.88,9.88,0
45,3,BANC,CISO,1598918400,10.502,9.921,4
45,3,BANC,CISO,1600236000,10.129,10.129,0
45,3,BANC,CISO,1601553600,10.238,10.238,0
45,3,BANC,CISO,1602871200,9.668,9.578,1
45,3,BANC,CISO,1604188800,11.003,11.003,0
45,3,BANC,CISO,1605506400,12.716,12.678,3
45,3,BANC,CISO,1606824000,12.102,14.057,1
45,3,BANC,CISO,1608141600,12.824,12.447,5
45,4,BANC,CISO,1577836800,9.634,9.634,0
45,4,BANC,CISO,1579154400,10.303,10.303,0
45,4,BANC,CISO,1580472000,7.054,7.054,0
45,4,BANC,CISO,1581789600,6.604,6.604,0
45,4,BANC,CISO,1583107200,6.624,6.624,0
45,4,BANC,CISO,1584424800,10.526,10.526,0
45,4,BANC,CISO,1585742400,5.601,5.601,0
45,4,BANC,CISO,1587060000,4.209,4.209,0
45,4,BANC,CISO,1588377600,5.401,5.401,0
45,4,BANC,CISO,1589695200,5.312,5.455,1
45,4,BANC,CISO,1591012800,5.354,5.354,0
45,4,BANC,CISO,1592330400,5.102,5.102,0
45,4,BANC,CISO,1593648000,4.762,4.762,0
45,4,BANC,CISO,1594965600,6.975,6.975,0
45,4,BANC,CISO,1596283200,7.162,7.162,0
45,4,BANC,CISO,1597600800,9.88,9.88,0
45,4,BANC,CISO,1598918400,9.479,9.479,0
45,4,BANC,CISO,1600236000,10.129,10.129,0
45,4,BANC,CISO,1601553600,10.238,10.238,0
45,4,BANC,CISO,1602871200,9.381,9.381,0
45,4,BANC,CISO,1604188800,11.003,11.003,0
45,4,BANC,CISO,1605506400,11.379,12.095,1
45,4,BANC,CISO,1606824000,12.102,14.057,1
45,4,BANC,CISO,1608141600,11.462,12.013,2
45,5,BANC,CISO,1577836800,10.185,10.142,4
45,5,BANC,CISO,1579154400,11.328,10.976,4
45,5,BANC,CISO,1580472000,7.479,7.371,2
45,5,BANC,CISO,1581789600,6.971,7.356,5
45,5,BANC,CISO,1583107200,6.982,6.97,4
45,5,BANC,CISO,1584424800,11.459,11.29,4
45,5,BANC,CISO,1585742400,5.729,5.881,4
45,5,BANC,CISO,1587060000,4.582,4.442,3
45,5,BANC,CISO,1588377600,4.798,5.673,4
45,5,BANC,CISO,1589695200,4.939,5.701,4
45,5,BANC,CISO,1591012800,5.785,5.622,2
45,5,BANC,CISO,1592330400,5.769,5.828,7
45,5,BANC,CISO,1593648000,5.125,5.045,4
45,5,BANC,CISO,1594965600,7.426,7.449,4
45,5,BANC,CISO,1596283200,7.809,7.762,5
45,5,BANC,CISO,1597600800,10.594,10.289,2
45,5,BANC,CISO,1598918400,9.952,9.921,4
45,5,BANC,CISO,1600236000,11.214,10.783,4
45,5,BANC,CISO,1601553600,11.696,11.072,5
45,5,BANC,CISO,1602871200,10.269,9.982,3
45,5,BANC,CISO,1604188800,11.675,11.415,4
45,5,BANC,CISO,1605506400,13.113,13.558,7
45,5,BANC,CISO,1606824000,14.869,15.713,9
45,5,BANC,CISO,1608141600,12.293,12.849,8
45,6,BANC,CISO,1577836800,9.634,9.634,0
45,6,BANC,CISO,1579154400,10.303,10.303,0
45,6,BANC,CISO,1580472000,7.054,7.054,0
45,6,BANC,CISO,1581789600,6.604,6.604,0
45,6,BANC,CISO,1583107200,6.624,6.624,0
45,6,BANC,CISO,1584424800,10.526,10.526,0
45,6,BANC,CISO,1585742400,5.601,5.601,0
45,6,BANC,CISO,1587060000,4.209,4.209,0
45,6,BANC,CISO,1588377600,5.347,5.501,1
45,6,BANC,CISO,1589695200,5.304,5.455,1
45,6,BANC,CISO,1591012800,5.354,5.354,0
45,6,BANC,CISO,1592330400,5.102,5.102,0
45,6,BANC,CISO,1593648000,4.762,4.762,0
45,6,BANC,CISO,1594965600,6.975,6.975,0
45,6,BANC,CISO,1596283200,7.162,7.162,0
45,6,BANC,CISO,1597600800,9.88,9.88,0
45,6,BANC,CISO,1598918400,9.479,9.479,0
45,6,BANC,CISO,1600236000,10.129,10.129,0
45,6,BANC,CISO,1601553600,10.238,10.238,0
45,6,BANC,CISO,1602871200,9.381,9.381,0
45,6,BANC,CISO,1604188800,11.003,11.003,0
45,6,BANC,CISO,1605506400,11.705,12.095,1
45,6,BANC,CISO,1606824000,12.102,14.057,1
45,6,BANC,CISO,1608141600,11.62,11.62,0
45,1,CISO,BANC,1577836800,12.402,12.402,0
45,1,CISO,BANC,1579154400,13.357,13.357,0
45,1,CISO,BANC,1580472000,11.216,11.216,0
45,1,CISO,BANC,1581789600,9.848,9.848,0
45,1,CISO,BANC,1583107200,9.903,9.903,0
45,1,CISO,BANC,1584424800,12.883,12.883,0
45,1,CISO,BANC,1585742400,7.582,7.582,0
45,1,CISO,BANC,1587060000,7.672,7.672,0
45,1,CISO,BANC,1588377600,5.359,5.359,0
45,1,CISO,BANC,1589695200,5.976,5.976,0
45,1,CISO,BANC,1591012800,9.004,9.004,0
45,1,CISO,BANC,1592330400,6.312,6.312,0
45,1,CISO,BANC,1593648000,7.005,7.005,0
45,1,CISO,BANC,1594965600,8.607,8.607,0
45,1,CISO,BANC,1596283200,8.788,8.788,0
45,1,CISO,BANC,1597600800,12.113,12.113,0
45,1,CISO,BANC,1598918400,10.471,10.471,0
45,1,CISO,BANC,1600236000,12.075,12.075,0
45,1,CISO,BANC,1601553600,12.36,12.36,0
45,1,CISO,BANC,1602871200,13.505,13.505,0
45,1,CISO,BANC,1604188800,13.674,13.674,0
45,1,CISO,BANC,1605506400,11.755,11.755,0
45,1,CISO,BANC,1606824000,11.541,11.541,0
45,1,CISO,BANC,1608141600,11.483,11.483,0
45,2,CISO,BANC,1577836800,10.905,13.674,5
45,2,CISO,BANC,1579154400,12.162,14.694,5
45,2,CISO,BANC,1580472000,8.014,11.997,3
45,2,CISO,BANC,1581789600,7.008,10.213,4
45,2,CISO,BANC,1583107200,7.385,10.86,5
45,2,CISO,BANC,1584424800,12.357,14.049,5
45,2,CISO,BANC,1585742400,6.339,8.262,5
45,2,CISO,BANC,1587060000,4.423,7.82,2
45,2,CISO,BANC,1588377600,5.162,5.826,5
45,2,CISO,BANC,1589695200,5.363,6.53,5
45,2,CISO,BANC,1591012800,6.149,9.629,3
45,2,CISO,BANC,1592330400,5.664,6.868,6
45,2,CISO,BANC,1593648000,5.402,7.712,5
45,2,CISO,BANC,1594965600,7.916,9.471,5
45,2,CISO,BANC,1596283200,8.245,9.557,6
45,2,CISO,BANC,1597600800,10.24,12.335,1
45,2,CISO,BANC,1598918400,10.401,11.41,5
45,2,CISO,BANC,1600236000,11.789,13.171,5
45,2,CISO,BANC,1601553600,12.278,13.557,6
45,2,CISO,BANC,1602871200,10.463,13.99,4
45,2,CISO,BANC,1604188800,12.249,14.89,5
45,2,CISO,BANC,1605506400,13.761,13.282,8
45,2,CISO,BANC,1606824000,14.781,12.996,8
45,2,CISO,BANC,1608141600,13.213,12.808,9
45,3,CISO,BANC,1577836800,10.172,12.704,1
45,3,CISO,BANC,1579154400,10.894,13.688,1
45,3,CISO,BANC,1580472000,7.558,11.477,1
45,3,CISO,BANC,1581789600,7.004,10.091,2
45,3,CISO,BANC,1583107200,7.296,10.584,3
45,3,CISO,BANC,1584424800,11.122,13.177,1
45,3,CISO,BANC,1585742400,5.961,7.771,1
45,3,CISO,BANC,1587060000,4.458,7.82,2
45,3,CISO,BANC,1588377600,5.741,5.667,3
45,3,CISO,BANC,1589695200,5.808,6.393,3
45,3,CISO,BANC,1591012800,5.699,9.23,1
45,3,CISO,BANC,1592330400,5.569,6.622,4
45,3,CISO,BANC,1593648000,5.225,7.505,3
45,3,CISO,BANC,1594965600,7.343,8.825,1
45,3,CISO,BANC,1596283200,7.527,8.975,1
45,3,CISO,BANC,1597600800,10.23,12.335,1
45,3,CISO,BANC,1598918400,10.89,11.41,5
45,3,CISO,BANC,1600236000,10.634,12.356,1
45,3,CISO,BANC,1601553600,10.731,12.627,1
45,3,CISO,BANC,1602871200,9.97,13.823,2
45,3,CISO,BANC,1604188800,11.437,13.941,1
45,3,CISO,BANC,1605506400,12.453,12.272,2
45,3,CISO,BANC,1606824000,11.541,11.541,0
45,3,CISO,BANC,1608141600,12.031,11.812,2
45,4,CISO,BANC,1577836800,10.172,12.704,1
45,4,CISO,BANC,1579154400,10.894,13.688,1
45,4,CISO,BANC,1580472000,7.558,11.477,1
45,4,CISO,BANC,1581789600,6.858,9.97,1
45,4,CISO,BANC,1583107200,6.895,10.08,1
45,4,CISO,BANC,1584424800,11.122,13.177,1
45,4,CISO,BANC,1585742400,5.961,7.771,1
45,4,CISO,BANC,1587060000,4.331,7.748,1
45,4,CISO,BANC,1588377600,5.359,5.359,0
45,4,CISO,BANC,1589695200,5.77,6.257,2
45,4,CISO,BANC,1591012800,5.699,9.23,1
45,4,CISO,BANC,1592330400,5.189,6.409,1
45,4,CISO,BANC,1593648000,4.984,7.141,1
45,4,CISO,BANC,1594965600,7.343,8.825,1
45,4,CISO,BANC,1596283200,7.527,8.975,1
45,4,CISO,BANC,1597600800,10.23,12.335,1
45,4,CISO,BANC,1598918400,9.82,10.673,1
45,4,CISO,BANC,1600236000,10.634,12.356,1
45,4,CISO,BANC,1601553600,10.731,12.627,1
45,4,CISO,BANC,1602871200,9.732,13.665,1
45,4,CISO,BANC,1604188800,12.198,13.941,1
45,4,CISO,BANC,1605506400,11.969,12.272,2
45,4,CISO,BANC,1606824000,11.541,11.541,0
45,4,CISO,BANC,1608141600,11.122,11.648,1
45,5,CISO,BANC,1577836800,10.696,13.674,5
45,5,CISO,BANC,1579154400,11.95,14.694,5
45,5,CISO,BANC,1580472000,7.972,11.997,3
45,5,CISO,BANC,1581789600,6.682,10.213,4
45,5,CISO,BANC,1583107200,7.226,10.86,5
45,5,CISO,BANC,1584424800,12.037,14.049,5
45,5,CISO,BANC,1585742400,6.294,8.369,6
45,5,CISO,BANC,1587060000,4.404,7.82,2
45,5,CISO,BANC,1588377600,4.916,5.826,5
45,5,CISO,BANC,1589695200,5.267,6.53,5
45,5,CISO,BANC,1591012800,6.13,9.629,3
45,5,CISO,BANC,1592330400,5.493,6.868,6
45,5,CISO,BANC,1593648000,5.346,7.712,5
45,5,CISO,BANC,1594965600,7.825,9.471,5
45,5,CISO,BANC,1596283200,8.143,9.557,6
45,5,CISO,BANC,1597600800,10.225,12.335,1
45,5,CISO,BANC,1598918400,10.306,11.41,5
45,5,CISO,BANC,1600236000,11.703,13.171,5
45,5,CISO,BANC,1601553600,12.168,13.557,6
45,5,CISO,BANC,1602871200,10.424,13.99,4
45,5,CISO,BANC,1604188800,12.111,14.89,5
45,5,CISO,BANC,1605506400,13.446,13.282,8
45,5,CISO,BANC,1606824000,14.416,12.996,8
45,5,CISO,BANC,1608141600,12.158,12.533,7
45,6,CISO,BANC,1577836800,10.172,12.704,1
45,6,CISO,BANC,1579154400,10.894,13.688,1
45,6,CISO,BANC,1580472000,7.558,11.477,1
45,6,CISO,BANC,1581789600,6.858,9.97,1
45,6,CISO,BANC,1583107200,6.895,10.08,1
45,6,CISO,BANC,1584424800,11.122,13.177,1
45,6,CISO,BANC,1585742400,5.961,7.771,1
45,6,CISO,BANC,1587060000,4.331,7.748,1
45,6,CISO,BANC,1588377600,5.359,5.359,0
45,6,CISO,BANC,1589695200,5.641,6.257,2
45,6,CISO,BANC,1591012800,5.699,9.23,1
45,6,CISO,BANC,1592330400,5.189,6.409,1
45,6,CISO,BANC,1593648000,4.984,7.141,1
45,6,CISO,BANC,1594965600,7.343,8.825,1
45,6,CISO,BANC,1596283200,7.527,8.975,1
45,6,CISO,BANC,1597600800,10.23,12.335,1
45,6,CISO,BANC,1598918400,9.82,10.673,1
45,6,CISO,BANC,1600236000,10.634,12.356,1
45,6,CISO,BANC,1601553600,10.731,12.627,1
45,6,CISO,BANC,1602871200,9.732,13.665,1
45,6,CISO,BANC,1604188800,11.437,13.941,1
45,6,CISO,BANC,1605506400,11.755,11.755,0
45,6,CISO,BANC,1606824000,11.541,11.541,0
45,6,CISO,BANC,1608141600,11.43,11.648,1
45,1,EPE,AECI,1577836800,26.946,26.946,0
45,1,EPE,AECI,1579154400,27.639,27.639,0
45,1,EPE,AECI,1580472000,24.201,24.201,0
45,1,EPE,AECI,1581789600,23.463,23.463,0
45,1,EPE,AECI,1583107200,27.005,27.005,0
45,1,EPE,AECI,1584424800,27.241,27.241,0
45,1,EPE,AECI,1585742400,21.947,21.947,0
45,1,EPE,AECI,1587060000,22.891,22.891,0
45,1,EPE,AECI,1588377600,24.48,24.48,0
45,1,EPE,AECI,1589695200,25.238,25.238,0
45,1,EPE,AECI,1591012800,26.114,26.114,0
45,1,EPE,AECI,1592330400,26.021,26.021,0
45,1,EPE,AECI,1593648000,26.402,26.402,0
45,1,EPE,AECI,1594965600,27.925,27.925,0
45,1,EPE,AECI,1596283200,27.295,27.295,0
45,1,EPE,AECI,1597600800,28.635,28.635,0
45,1,EPE,AECI,1598918400,27.13,27.13,0
45,1,EPE,AECI,1600236000,26.63,26.63,0
45,1,EPE,AECI,1601553600,29.343,29.343,0
45,1,EPE,AECI,1602871200,29.864,29.864,0
45,1,EPE,AECI,1604188800,28.659,28.659,0
45,1,EPE,AECI,1605506400,27.195,27.195,0
45,1,EPE,AECI,1606824000,26.511,26.511,0
45,1,EPE,AECI,1608141600,28.727,28.727,0
45,2,EPE,AECI,1577836800,33.637,30.599,8
45,2,EPE,AECI,1579154400,29.761,28.843,2
45,2,EPE,AECI,1580472000,25.43,25.314,2
45,2,EPE,AECI,1581789600,23.463,23.463,0
45,2,EPE,AECI,1583107200,29.195,28.789,4
45,2,EPE,AECI,1584424800,33.072,30.435,8
45,2,EPE,AECI,1585742400,23.074,23.336,4
45,2,EPE,AECI,1587060000,25.466,24.584,5
45,2,EPE,AECI,1588377600,26.099,26.008,4
45,2,EPE,AECI,1589695200,30.412,28.934,7
45,2,EPE,AECI,1591012800,30.403,29.272,8
45,2,EPE,AECI,1592330400,30.764,29.149,7
45,2,EPE,AECI,1593648000,29.847,28.072,4
45,2,EPE,AECI,1594965600,31.604,30.409,5
45,2,EPE,AECI,1596283200,32.594,30.061,6
45,2,EPE,AECI,1597600800,30.711,29.682,2
45,2,EPE,AECI,1598918400,31.6,29.47,5
45,2,EPE,AECI,1600236000,26.63,26.63,0
45,2,EPE,AECI,1601553600,31.452,31.302,4
45,2,EPE,AECI,1602871200,31.091,31.588,4
45,2,EPE,AECI,1604188800,32.118,30.425,4
45,2,EPE,AECI,1605506400,28.013,27.785,1
45,2,EPE,AECI,1606824000,28.669,27.737,2
45,2,EPE,AECI,1608141600,38.023,33.453,10
45,3,EPE,AECI,1577836800,26.946,26.946,0
45,3,EPE,AECI,1579154400,27.639,27.639,0
45,3,EPE,AECI,1580472000,25.785,25.314,2
45,3,EPE,AECI,1581789600,23.463,23.463,0
45,3,EPE,AECI,1583107200,27.005,27.005,0
45,3,EPE,AECI,1584424800,27.992,27.805,1
45,3,EPE,AECI,1585742400,23.912,23.336,4
45,3,EPE,AECI,1587060000,22.891,22.891,0
45,3,EPE,AECI,1588377600,24.48,24.48,0
45,3,EPE,AECI,1589695200,26.207,25.814,1
45,3,EPE,AECI,1591012800,25.867,26.713,1
45,3,EPE,AECI,1592330400,27.403,27.056,2
45,3,EPE,AECI,1593648000,26.402,26.402,0
45,3,EPE,AECI,1594965600,30.644,29.785,3
45,3,EPE,AECI,1596283200,28.224,27.913,1
45,3,EPE,AECI,1597600800,28.635,28.635,0
45,3,EPE,AECI,1598918400,30.11,28.872,3
45,3,EPE,AECI,1600236000,26.63,26.63,0
45,3,EPE,AECI,1601553600,30.355,30.029,1
45,3,EPE,AECI,1602871200,31.074,31.021,2
45,3,EPE,AECI,1604188800,28.659,28.659,0
45,3,EPE,AECI,1605506400,27.998,27.785,1
45,3,EPE,AECI,1606824000,28.678,27.737,2
45,3,EPE,AECI,1608141600,30.772,29.84,2
45,4,EPE,AECI,1577836800,26.946,26.946,0
45,4,EPE,AECI,1579154400,27.639,27.639,0
45,4,EPE,AECI,1580472000,24.201,24.201,0
45,4,EPE,AECI,1581789600,23.463,23.463,0
45,4,EPE,AECI,1583107200,27.005,27.005,0
45,4,EPE,AECI,1584424800,27.241,27.241,0
45,4,EPE,AECI,1585742400,22.885,22.918,2
45,4,EPE,AECI,1587060000,22.891,22.891,0
45,4,EPE,AECI,1588377600,24.48,24.48,0
45,4,EPE,AECI,1589695200,25.238,25.238,0
45,4,EPE,AECI,1591012800,26.114,26.114,0
45,4,EPE,AECI,1592330400,26.021,26.021,0
45,4,EPE,AECI,1593648000,26.402,26.402,0
45,4,EPE,AECI,1594965600,27.925,27.925,0
45,4,EPE,AECI,1596283200,27.295,27.295,0
45,4,EPE,AECI,1597600800,28.635,28.635,0
45,4,EPE,AECI,1598918400,27.13,27.13,0
45,4,EPE,AECI,1600236000,26.63,26.63,0
45,4,EPE,AECI,1601553600,29.343,29.343,0
45,4,EPE,AECI,1602871200,29.864,29.864,0
45,4,EPE,AECI,1604188800,28.659,28.659,0
45,4,EPE,AECI,1605506400,27.195,27.195,0
45,4,EPE,AECI,1606824000,26.511,26.511,0
45,4,EPE,AECI,1608141600,28.727,28.727,0
45,5,EPE,AECI,1577836800,34.477,31.22,9
45,5,EPE,AECI,1579154400,29.642,28.843,2
45,5,EPE,AECI,1580472000,25.362,25.314,2
45,5,EPE,AECI,1581789600,23.463,23.463,0
45,5,EPE,AECI,1583107200,29.965,29.39,5
45,5,EPE,AECI,1584424800,32.944,30.435,8
45,5,EPE,AECI,1585742400,22.93,23.336,4
45,5,EPE,AECI,1587060000,25.289,24.584,5
45,5,EPE,AECI,1588377600,25.935,26.008,4
45,5,EPE,AECI,1589695200,30.174,28.934,7
45,5,EPE,AECI,1591012800,28.769,28.764,6
45,5,EPE,AECI,1592330400,30.879,29.149,8
45,5,EPE,AECI,1593648000,29.648,28.072,4
45,5,EPE,AECI,1594965600,31.384,30.409,5
45,5,EPE,AECI,1596283200,30.418,29.03,4
45,5,EPE,AECI,1597600800,30.634,29.682,2
45,5,EPE,AECI,1598918400,32.58,30.062,6
45,5,EPE,AECI,1600236000,27.652,27.225,1
45,5,EPE,AECI,1601553600,31.271,31.302,4
45,5,EPE,AECI,1602871200,31.014,31.588,4
45,5,EPE,AECI,1604188800,31.981,30.425,4
45,5,EPE,AECI,1605506400,28.0,27.785,1
45,5,EPE,AECI,1606824000,28.641,27.737,2
45,5,EPE,AECI,1608141600,37.849,33.453,10
45,6,EPE,AECI,1577836800,26.946,26.946,0
45,6,EPE,AECI,1579154400,27.639,27.639,0
45,6,EPE,AECI,1580472000,24.201,24.201,0
45,6,EPE,AECI,1581789600,23.463,23.463,0
45,6,EPE,AECI,1583107200,27.005,27.005,0
45,6,EPE,AECI,1584424800,27.241,27.241,0
45,6,EPE,AECI,1585742400,21.845,22.441,1
45,6,EPE,AECI,1587060000,22.891,22.891,0
45,6,EPE,AECI,1588377600,24.48,24.48,0
45,6,EPE,AECI,1589695200,25.238,25.238,0
45,6,EPE,AECI,1591012800,25.867,26.713,1
45,6,EPE,AECI,1592330400,26.021,26.021,0
45,6,EPE,AECI,1593648000,26.402,26.402,0
45,6,EPE,AECI,1594965600,27.925,27.925,0
45,6,EPE,AECI,1596283200,27.295,27.295,0
45,6,EPE,AECI,1597600800,28.635,28.635,0
45,6,EPE,AECI,1598918400,27.13,27.13,0
45,6,EPE,AECI,1600236000,26.63,26.63,0
45,6,EPE,AECI,1601553600,29.303,30.029,1
45,6,EPE,AECI,1602871200,29.792,30.447,1
45,6,EPE,AECI,1604188800,28.659,28.659,0
45,6,EPE,AECI,1605506400,27.195,27.195,0
45,6,EPE,AECI,1606824000,26.511,26.511,0
45,6,EPE,AECI,1608141600,28.727,28.727,0
45,1,EPE,PSCO,1577836800,26.946,26.946,0
45,1,EPE,PSCO,1579154400,27.639,27.639,0
45,1,EPE,PSCO,1580472000,24.201,24.201,0
45,1,EPE,PSCO,1581789600,23.463,23.463,0
45,1,EPE,PSCO,1583107200,27.005,27.005,0
45,1,EPE,PSCO,1584424800,27.241,27.241,0
45,1,EPE,PSCO,1585742400,21.947,21.947,0
45,1,EPE,PSCO,1587060000,22.891,22.891,0
45,1,EPE,PSCO,1588377600,24.48,24.48,0
45,1,EPE,PSCO,1589695200,25.238,25.238,0
45,1,EPE,PSCO,1591012800,26.114,26.114,0
45,1,EPE,PSCO,1592330400,26.021,26.021,0
45,1,EPE,PSCO,1593648000,26.402,26.402,0
45,1,EPE,PSCO,1594965600,27.925,27.925,0
45,1,EPE,PSCO,1596283200,27.295,27.295,0
45,1,EPE,PSCO,1597600800,28.635,28.635,0
45,1,EPE,PSCO,1598918400,27.13,27.13,0
45,1,EPE,PSCO,1600236000,26.63,26.63,0
45,1,EPE,PSCO,1601553600,29.343,29.343,0
45,1,EPE,PSCO,1602871200,29.864,29.864,0
45,1,EPE,PSCO,1604188800,28.659,28.659,0
45,1,EPE,PSCO,1605506400,27.195,27.195,0
45,1,EPE,PSCO,1606824000,26.511,26.511,0
45,1,EPE,PSCO,1608141600,28.727,28.727,0
45,2,EPE,PSCO,1577836800,28.971,28.75,4
45,2,EPE,PSCO,1579154400,26.439,30.075,5
45,2,EPE,PSCO,1580472000,29.551,28.317,10
45,2,EPE,PSCO,1581789600,27.696,25.657,6
45,2,EPE,PSCO,1583107200,29.552,29.39,5
45,2,EPE,PSCO,1584424800,31.746,29.903,6
45,2,EPE,PSCO,1585742400,23.129,22.918,2
45,2,EPE,PSCO,1587060000,24.309,23.711,2
45,2,EPE,PSCO,1588377600,28.754,27.568,7
45,2,EPE,PSCO,1589695200,24.217,27.033,3
45,2,EPE,PSCO,1591012800,29.516,27.757,4
45,2,EPE,PSCO,1592330400,26.418,27.576,4
45,2,EPE,PSCO,1593648000,27.441,28.64,5
45,2,EPE,PSCO,1594965600,30.889,30.409,5
45,2,EPE,PSCO,1596283200,29.072,29.55,5
45,2,EPE,PSCO,1597600800,28.085,30.2,4
45,2,EPE,PSCO,1598918400,28.905,28.289,2
45,2,EPE,PSCO,1600236000,26.373,29.092,5
45,2,EPE,PSCO,1601553600,31.421,32.935,7
45,2,EPE,PSCO,1602871200,31.975,32.697,6
45,2,EPE,PSCO,1604188800,34.336,32.252,7
45,2,EPE,PSCO,1605506400,29.278,29.487,5
45,2,EPE,PSCO,1606824000,20.613,27.136,1
45,2,EPE,PSCO,1608141600,23.937,29.287,1
45,3,EPE,PSCO,1577836800,30.185,28.75,4
45,3,EPE,PSCO,1579154400,23.363,28.24,1
45,3,EPE,PSCO,1580472000,23.083,24.759,1
45,3,EPE,PSCO,1581789600,24.196,23.904,1
45,3,EPE,PSCO,1583107200,27.066,27.594,1
45,3,EPE,PSCO,1584424800,29.024,28.334,2
45,3,EPE,PSCO,1585742400,21.947,21.947,0
45,3,EPE,PSCO,1587060000,22.891,22.891,0
45,3,EPE,PSCO,1588377600,24.48,24.48,0
45,3,EPE,PSCO,1589695200,24.019,25.814,1
45,3,EPE,PSCO,1591012800,26.114,26.114,0
45,3,EPE,PSCO,1592330400,24.874,26.538,1
45,3,EPE,PSCO,1593648000,26.644,28.072,3
45,3,EPE,PSCO,1594965600,28.666,28.543,1
45,3,EPE,PSCO,1596283200,27.719,27.913,1
45,3,EPE,PSCO,1597600800,26.818,29.682,2
45,3,EPE,PSCO,1598918400,27.13,27.13,0
45,3,EPE,PSCO,1600236000,24.177,27.225,1
45,3,EPE,PSCO,1601553600,27.137,30.029,1
45,3,EPE,PSCO,1602871200,29.094,31.021,2
45,3,EPE,PSCO,1604188800,28.659,28.659,0
45,3,EPE,PSCO,1605506400,29.675,28.931,3
45,3,EPE,PSCO,1606824000,20.613,27.136,1
45,3,EPE,PSCO,1608141600,23.937,29.287,1
45,4,EPE,PSCO,1577836800,26.672,27.54,1
45,4,EPE,PSCO,1579154400,23.363,28.24,1
45,4,EPE,PSCO,1580472000,23.465,24.759,1
45,4,EPE,PSCO,1581789600,23.463,23.463,0
45,4,EPE,PSCO,1583107200,27.108,27.594,1
45,4,EPE,PSCO,1584424800,27.241,27.241,0
45,4,EPE,PSCO,1585742400,21.947,21.947,0
45,4,EPE,PSCO,1587060000,22.891,22.891,0
45,4,EPE,PSCO,1588377600,25.612,24.965,1
45,4,EPE,PSCO,1589695200,23.021,25.814,1
45,4,EPE,PSCO,1591012800,26.114,26.114,0
45,4,EPE,PSCO,1592330400,26.451,27.056,2
45,4,EPE,PSCO,1593648000,26.02,26.945,1
45,4,EPE,PSCO,1594965600,27.925,27.925,0
45,4,EPE,PSCO,1596283200,26.739,27.913,1
45,4,EPE,PSCO,1597600800,26.263,29.159,1
45,4,EPE,PSCO,1598918400,28.696,27.701,1
45,4,EPE,PSCO,1600236000,25.126,27.225,1
45,4,EPE,PSCO,1601553600,27.137,30.029,1
45,4,EPE,PSCO,1602871200,28.338,30.447,1
45,4,EPE,PSCO,1604188800,28.659,28.659,0
45,4,EPE,PSCO,1605506400,27.748,27.785,1
45,4,EPE,PSCO,1606824000,20.613,27.136,1
45,4,EPE,PSCO,1608141600,23.937,29.287,1
45,5,EPE,PSCO,1577836800,28.729,28.75,4
45,5,EPE,PSCO,1579154400,26.105,30.075,5
45,5,EPE,PSCO,1580472000,29.288,28.317,10
45,5,EPE,PSCO,1581789600,27.555,25.657,6
45,5,EPE,PSCO,1583107200,29.328,29.39,5
45,5,EPE,PSCO,1584424800,31.588,29.903,6
45,5,EPE,PSCO,1585742400,22.895,22.918,2
45,5,EPE,PSCO,1587060000,24.224,23.711,2
45,5,EPE,PSCO,1588377600,28.473,27.568,7
45,5,EPE,PSCO,1589695200,24.115,27.033,3
45,5,EPE,PSCO,1591012800,27.971,27.251,2
45,5,EPE,PSCO,1592330400,26.181,27.576,4
45,5,EPE,PSCO,1593648000,27.321,28.64,5
45,5,EPE,PSCO,1594965600,31.824,31.044,6
45,5,EPE,PSCO,1596283200,29.006,29.55,5
45,5,EPE,PSCO,1597600800,27.992,30.2,4
45,5,EPE,PSCO,1598918400,29.758,28.872,3
45,5,EPE,PSCO,1600236000,26.193,29.092,5
45,5,EPE,PSCO,1601553600,31.062,32.935,7
45,5,EPE,PSCO,1602871200,32.737,33.286,7
45,5,EPE,PSCO,1604188800,34.069,32.252,7
45,5,EPE,PSCO,1605506400,29.128,29.487,5
45,5,EPE,PSCO,1606824000,20.613,27.136,1
45,5,EPE,PSCO,1608141600,23.937,29.287,1
45,6,EPE,PSCO,1577836800,26.859,27.54,1
45,6,EPE,PSCO,1579154400,23.363,28.24,1
45,6,EPE,PSCO,1580472000,23.083,24.759,1
45,6,EPE,PSCO,1581789600,23.463,23.463,0
45,6,EPE,PSCO,1583107200,26.882,27.594,1
45,6,EPE,PSCO,1584424800,27.241,27.241,0
45,6,EPE,PSCO,1585742400,21.947,21.947,0
45,6,EPE,PSCO,1587060000,22.891,22.891,0
45,6,EPE,PSCO,1588377600,24.48,24.48,0
45,6,EPE,PSCO,1589695200,24.019,25.814,1
45,6,EPE,PSCO,1591012800,26.114,26.114,0
45,6,EPE,PSCO,1592330400,24.874,26.538,1
45,6,EPE,PSCO,1593648000,24.973,26.945,1
45,6,EPE,PSCO,1594965600,27.925,27.925,0
45,6,EPE,PSCO,1596283200,27.159,27.913,1
45,6,EPE,PSCO,1597600800,26.263,29.159,1
45,6,EPE,PSCO,1598918400,27.13,27.13,0
45,6,EPE,PSCO,1600236000,24.177,27.225,1
45,6,EPE,PSCO,1601553600,27.137,30.029,1
45,6,EPE,PSCO,1602871200,28.338,30.447,1
45,6,EPE,PSCO,1604188800,28.659,28.659,0
45,6,EPE,PSCO,1605506400,27.195,27.195,0
45,6,EPE,PSCO,1606824000,20.613,27.136,1
45,6,EPE,PSCO,1608141600,23.937,29.287,1
45,1,PACE,AECI,1577836800,29.606,29.606,0
45,1,PACE,AECI,1579154400,31.258,31.258,0
45,1,PACE,AECI,1580472000,26.441,26.441,0
45,1,PACE,AECI,1581789600,26.244,26.244,0
45,1,PACE,AECI,1583107200,27.863,27.863,0
45,1,PACE,AECI,1584424800,33.66,33.66,0
45,1,PACE,AECI,1585742400,30.11,30.11,0
45,1,PACE,AECI,1587060000,29.92,29.92,0
45,1,PACE,AECI,1588377600,26.092,26.092,0
45,1,PACE,AECI,1589695200,29.135,29.135,0
45,1,PACE,AECI,1591012800,30.797,30.797,0
45,1,PACE,AECI,1592330400,26.769,26.769,0
45,1,PACE,AECI,1593648000,28.187,28.187,0
45,1,PACE,AECI,1594965600,26.382,26.382,0
45,1,PACE,AECI,1596283200,31.055,31.055,0
45,1,PACE,AECI,1597600800,33.719,33.719,0
45,1,PACE,AECI,1598918400,31.987,31.987,0
45,1,PACE,AECI,1600236000,34.388,34.388,0
45,1,PACE,AECI,1601553600,33.411,33.411,0
45,1,PACE,AECI,1602871200,28.206,28.206,0
45,1,PACE,AECI,1604188800,34.413,34.413,0
45,1,PACE,AECI,1605506400,30.768,30.768,0
45,1,PACE,AECI,1606824000,32.138,32.138,0
45,1,PACE,AECI,1608141600,29.524,29.524,0
45,2,PACE,AECI,1577836800,30.403,31.491,3
45,2,PACE,AECI,1579154400,36.633,35.16,7
45,2,PACE,AECI,1580472000,28.938,28.194,4
45,2,PACE,AECI,1581789600,28.014,27.272,2
45,2,PACE,AECI,1583107200,28.513,29.587,4
45,2,PACE,AECI,1584424800,31.198,36.079,3
45,2,PACE,AECI,1585742400,22.383,30.789,1
45,2,PACE,AECI,1587060000,25.958,31.467,3
45,2,PACE,AECI,1588377600,26.354,28.11,5
45,2,PACE,AECI,1589695200,29.614,31.664,5
45,2,PACE,AECI,1591012800,27.559,32.831,3
45,2,PACE,AECI,1592330400,26.26,28.605,3
45,2,PACE,AECI,1593648000,31.68,30.792,5
45,2,PACE,AECI,1594965600,32.465,30.407,7
45,2,PACE,AECI,1596283200,36.344,34.698,8
45,2,PACE,AECI,1597600800,44.662,39.608,12
45,2,PACE,AECI,1598918400,33.898,34.456,5
45,2,PACE,AECI,1600236000,37.307,37.312,5
45,2,PACE,AECI,1601553600,34.438,36.44,5
45,2,PACE,AECI,1602871200,29.399,29.678,4
45,2,PACE,AECI,1604188800,37.826,37.191,5
45,2,PACE,AECI,1605506400,33.166,32.613,3
45,2,PACE,AECI,1606824000,36.945,35.377,6
45,2,PACE,AECI,1608141600,36.034,33.447,7
45,3,PACE,AECI,1577836800,30.805,31.491,3
45,3,PACE,AECI,1579154400,33.491,33.238,3
45,3,PACE,AECI,1580472000,27.023,27.027,1
45,3,PACE,AECI,1581789600,26.244,26.244,0
45,3,PACE,AECI,1583107200,27.863,27.863,0
45,3,PACE,AECI,1584424800,29.61,34.478,1
45,3,PACE,AECI,1585742400,22.383,30.789,1
45,3,PACE,AECI,1587060000,24.855,30.442,1
45,3,PACE,AECI,1588377600,26.648,26.958,2
45,3,PACE,AECI,1589695200,28.869,31.045,3
45,3,PACE,AECI,1591012800,26.029,31.508,1
45,3,PACE,AECI,1592330400,26.664,27.372,1
45,3,PACE,AECI,1593648000,28.187,28.187,0
45,3,PACE,AECI,1594965600,27.025,27.086,1
45,3,PACE,AECI,1596283200,30.735,31.767,1
45,3,PACE,AECI,1597600800,37.69,36.296,5
45,3,PACE,AECI,1598918400,32.391,33.811,3
45,3,PACE,AECI,1600236000,36.407,36.552,3
45,3,PACE,AECI,1601553600,31.191,34.231,1
45,3,PACE,AECI,1602871200,30.874,29.678,4
45,3,PACE,AECI,1604188800,37.614,36.49,3
45,3,PACE,AECI,1605506400,31.382,31.369,1
45,3,PACE,AECI,1606824000,37.584,35.377,6
45,3,PACE,AECI,1608141600,30.272,30.18,1
45,4,PACE,AECI,1577836800,28.884,30.229,1
45,4,PACE,AECI,1579154400,31.485,31.932,1
45,4,PACE,AECI,1580472000,27.094,27.027,1
45,4,PACE,AECI,1581789600,27.653,26.764,1
45,4,PACE,AECI,1583107200,27.863,27.863,0
45,4,PACE,AECI,1584424800,29.61,34.478,1
45,4,PACE,AECI,1585742400,22.383,30.789,1
45,4,PACE,AECI,1587060000,24.855,30.442,1
45,4,PACE,AECI,1588377600,25.855,26.958,2
45,4,PACE,AECI,1589695200,27.089,29.807,1
45,4,PACE,AECI,1591012800,26.029,31.508,1
45,4,PACE,AECI,1592330400,26.017,27.372,1
45,4,PACE,AECI,1593648000,28.187,28.187,0
45,4,PACE,AECI,1594965600,26.382,26.382,0
45,4,PACE,AECI,1596283200,30.553,31.767,1
45,4,PACE,AECI,1597600800,33.719,33.719,0
45,4,PACE,AECI,1598918400,30.509,32.555,1
45,4,PACE,AECI,1600236000,34.388,34.388,0
45,4,PACE,AECI,1601553600,32.171,34.231,1
45,4,PACE,AECI,1602871200,28.206,28.206,0
45,4,PACE,AECI,1604188800,34.413,34.413,0
45,4,PACE,AECI,1605506400,30.768,30.768,0
45,4,PACE,AECI,1606824000,32.138,32.138,0
45,4,PACE,AECI,1608141600,29.524,29.524,0
45,5,PACE,AECI,1577836800,30.307,31.491,3
45,5,PACE,AECI,1579154400,36.505,35.16,7
45,5,PACE,AECI,1580472000,28.692,28.194,4
45,5,PACE,AECI,1581789600,27.91,27.272,2
45,5,PACE,AECI,1583107200,29.384,30.172,5
45,5,PACE,AECI,1584424800,31.027,36.079,3
45,5,PACE,AECI,1585742400,22.383,30.789,1
45,5,PACE,AECI,1587060000,25.874,31.467,3
45,5,PACE,AECI,1588377600,26.045,28.11,5
45,5,PACE,AECI,1589695200,29.321,31.664,5
45,5,PACE,AECI,1591012800,27.46,32.831,3
45,5,PACE,AECI,1592330400,25.963,28.605,3
45,5,PACE,AECI,1593648000,31.252,30.792,5
45,5,PACE,AECI,1594965600,32.193,30.407,7
45,5,PACE,AECI,1596283200,37.17,35.304,9
45,5,PACE,AECI,1597600800,44.241,39.608,12
45,5,PACE,AECI,1598918400,33.768,34.456,5
45,5,PACE,AECI,1600236000,37.058,37.312,5
45,5,PACE,AECI,1601553600,35.264,37.046,6
45,5,PACE,AECI,1602871200,29.243,29.678,4
45,5,PACE,AECI,1604188800,37.673,37.191,5
45,5,PACE,AECI,1605506400,32.983,32.613,3
45,5,PACE,AECI,1606824000,36.742,35.377,6
45,5,PACE,AECI,1608141600,36.407,33.447,8
45,6,PACE,AECI,1577836800,28.973,30.229,1
45,6,PACE,AECI,1579154400,31.258,31.258,0
45,6,PACE,AECI,1580472000,26.399,27.027,1
45,6,PACE,AECI,1581789600,26.244,26.244,0
45,6,PACE,AECI,1583107200,27.863,27.863,0
45,6,PACE,AECI,1584424800,29.61,34.478,1
45,6,PACE,AECI,1585742400,22.383,30.789,1
45,6,PACE,AECI,1587060000,24.855,30.442,1
45,6,PACE,AECI,1588377600,26.092,26.092,0
45,6,PACE,AECI,1589695200,27.089,29.807,1
45,6,PACE,AECI,1591012800,26.029,31.508,1
45,6,PACE,AECI,1592330400,26.664,27.372,1
45,6,PACE,AECI,1593648000,28.187,28.187,0
45,6,PACE,AECI,1594965600,26.382,26.382,0
45,6,PACE,AECI,1596283200,30.735,31.767,1
45,6,PACE,AECI,1597600800,33.719,33.719,0
45,6,PACE,AECI,1598918400,30.509,32.555,1
45,6,PACE,AECI,1600236000,34.388,34.388,0
45,6,PACE,AECI,1601553600,31.191,34.231,1
45,6,PACE,AECI,1602871200,28.206,28.206,0
45,6,PACE,AECI,1604188800,34.413,34.413,0
45,6,PACE,AECI,1605506400,30.768,30.768,0
45,6,PACE,AECI,1606824000,32.138,32.138,0
45,6,PACE,AECI,1608141600,29.524,29.524,0
45,1,PACE,PSCO,1577836800,29.606,29.606,0
45,1,PACE,PSCO,1579154400,31.258,31.258,0
45,1,PACE,PSCO,1580472000,26.441,26.441,0
45,1,PACE,PSCO,1581789600,26.244,26.244,0
45,1,PACE,PSCO,1583107200,27.863,27.863,0
45,1,PACE,PSCO,1584424800,33.66,33.66,0
45,1,PACE,PSCO,1585742400,30.11,30.11,0
45,1,PACE,PSCO,1587060000,29.92,29.92,0
45,1,PACE,PSCO,1588377600,26.092,26.092,0
45,1,PACE,PSCO,1589695200,29.135,29.135,0
45,1,PACE,PSCO,1591012800,30.797,30.797,0
45,1,PACE,PSCO,1592330400,26.769,26.769,0
45,1,PACE,PSCO,1593648000,28.187,28.187,0
45,1,PACE,PSCO,1594965600,26.382,26.382,0
45,1,PACE,PSCO,1596283200,31.055,31.055,0
45,1,PACE,PSCO,1597600800,33.719,33.719,0
45,1,PACE,PSCO,1598918400,31.987,31.987,0
45,1,PACE,PSCO,1600236000,34.388,34.388,0
45,1,PACE,PSCO,1601553600,33.411,33.411,0
45,1,PACE,PSCO,1602871200,28.206,28.206,0
45,1,PACE,PSCO,1604188800,34.413,34.413,0
45,1,PACE,PSCO,1605506400,30.768,30.768,0
45,1,PACE,PSCO,1606824000,32.138,32.138,0
45,1,PACE,PSCO,1608141600,29.524,29.524,0
45,2,PACE,PSCO,1577836800,33.85,33.498,7
45,2,PACE,PSCO,1579154400,28.811,35.16,7
45,2,PACE,PSCO,1580472000,26.022,28.765,5
45,2,PACE,PSCO,1581789600,29.001,28.274,5
45,2,PACE,PSCO,1583107200,34.571,32.566,10
45,2,PACE,PSCO,1584424800,32.908,36.079,3
45,2,PACE,PSCO,1585742400,31.62,33.233,6
45,2,PACE,PSCO,1587060000,35.349,33.795,9
45,2,PACE,PSCO,1588377600,28.222,29.248,7
45,2,PACE,PSCO,1589695200,25.283,31.045,3
45,2,PACE,PSCO,1591012800,31.743,32.831,3
45,2,PACE,PSCO,1592330400,24.543,28.605,3
45,2,PACE,PSCO,1593648000,26.97,30.792,5
45,2,PACE,PSCO,1594965600,34.928,31.742,10
45,2,PACE,PSCO,1596283200,30.586,33.571,5
45,2,PACE,PSCO,1597600800,26.45,34.373,1
45,2,PACE,PSCO,1598918400,36.901,35.731,7
45,2,PACE,PSCO,1600236000,24.503,35.088,1
45,2,PACE,PSCO,1601553600,30.636,36.44,5
45,2,PACE,PSCO,1602871200,28.723,29.678,4
45,2,PACE,PSCO,1604188800,33.422,36.49,3
45,2,PACE,PSCO,1605506400,30.634,33.256,5
45,2,PACE,PSCO,1606824000,20.888,32.813,1
45,2,PACE,PSCO,1608141600,24.002,30.18,1
45,3,PACE,PSCO,1577836800,28.943,30.854,2
45,3,PACE,PSCO,1579154400,23.663,31.932,1
45,3,PACE,PSCO,1580472000,23.132,27.027,1
45,3,PACE,PSCO,1581789600,26.897,26.764,1
45,3,PACE,PSCO,1583107200,28.886,29.587,3
45,3,PACE,PSCO,1584424800,30.657,34.478,1
45,3,PACE,PSCO,1585742400,27.323,30.789,1
45,3,PACE,PSCO,1587060000,30.04,30.95,2
45,3,PACE,PSCO,1588377600,26.779,27.536,3
45,3,PACE,PSCO,1589695200,24.251,29.807,1
45,3,PACE,PSCO,1591012800,30.713,31.508,1
45,3,PACE,PSCO,1592330400,24.821,27.372,1
45,3,PACE,PSCO,1593648000,26.562,30.113,3
45,3,PACE,PSCO,1594965600,27.114,27.086,1
45,3,PACE,PSCO,1596283200,27.913,31.767,1
45,3,PACE,PSCO,1597600800,26.45,34.373,1
45,3,PACE,PSCO,1598918400,34.354,33.811,3
45,3,PACE,PSCO,1600236000,24.503,35.088,1
45,3,PACE,PSCO,1601553600,27.418,34.231,1
45,3,PACE,PSCO,1602871200,28.855,29.186,2
45,3,PACE,PSCO,1604188800,31.455,35.105,1
45,3,PACE,PSCO,1605506400,28.061,31.369,1
45,3,PACE,PSCO,1606824000,20.888,32.813,1
45,3,PACE,PSCO,1608141600,24.002,30.18,1
45,4,PACE,PSCO,1577836800,28.302,30.229,1
45,4,PACE,PSCO,1579154400,23.663,31.932,1
45,4,PACE,PSCO,1580472000,23.132,27.027,1
45,4,PACE,PSCO,1581789600,25.694,26.764,1
45,4,PACE,PSCO,1583107200,27.372,28.414,1
45,4,PACE,PSCO,1584424800,30.767,34.478,1
45,4,PACE,PSCO,1585742400,27.323,30.789,1
45,4,PACE,PSCO,1587060000,29.92,29.92,0
45,4,PACE,PSCO,1588377600,25.561,26.489,1
45,4,PACE,PSCO,1589695200,24.355,29.807,1
45,4,PACE,PSCO,1591012800,29.755,31.508,1
45,4,PACE,PSCO,1592330400,25.784,27.372,1
45,4,PACE,PSCO,1593648000,24.823,28.795,1
45,4,PACE,PSCO,1594965600,26.382,26.382,0
45,4,PACE,PSCO,1596283200,27.36,31.767,1
45,4,PACE,PSCO,1597600800,26.45,34.373,1
45,4,PACE,PSCO,1598918400,34.056,32.555,1
45,4,PACE,PSCO,1600236000,24.503,35.088,1
45,4,PACE,PSCO,1601553600,27.418,34.231,1
45,4,PACE,PSCO,1602871200,28.206,28.206,0
45,4,PACE,PSCO,1604188800,31.455,35.105,1
45,4,PACE,PSCO,1605506400,28.061,31.369,1
45,4,PACE,PSCO,1606824000,20.888,32.813,1
45,4,PACE,PSCO,1608141600,24.002,30.18,1
45,5,PACE,PSCO,1577836800,33.537,33.498,7
45,5,PACE,PSCO,1579154400,28.55,35.16,7
45,5,PACE,PSCO,1580472000,26.693,29.256,6
45,5,PACE,PSCO,1581789600,29.621,28.772,6
45,5,PACE,PSCO,1583107200,34.17,32.566,10
45,5,PACE,PSCO,1584424800,32.817,36.079,3
45,5,PACE,PSCO,1585742400,31.282,33.233,6
45,5,PACE,PSCO,1587060000,35.09,33.795,9
45,5,PACE,PSCO,1588377600,27.935,29.248,7
45,5,PACE,PSCO,1589695200,25.106,31.045,3
45,5,PACE,PSCO,1591012800,32.106,32.831,4
45,5,PACE,PSCO,1592330400,24.323,28.605,3
45,5,PACE,PSCO,1593648000,26.752,30.792,5
45,5,PACE,PSCO,1594965600,34.48,31.742,10
45,5,PACE,PSCO,1596283200,30.511,33.571,5
45,5,PACE,PSCO,1597600800,26.45,34.373,1
45,5,PACE,PSCO,1598918400,36.734,35.731,7
45,5,PACE,PSCO,1600236000,24.503,35.088,1
45,5,PACE,PSCO,1601553600,30.341,36.44,5
45,5,PACE,PSCO,1602871200,28.467,29.678,4
45,5,PACE,PSCO,1604188800,33.327,36.49,3
45,5,PACE,PSCO,1605506400,30.49,33.256,5
45,5,PACE,PSCO,1606824000,20.888,32.813,1
45,5,PACE,PSCO,1608141600,24.002,30.18,1
45,6,PACE,PSCO,1577836800,28.058,30.229,1
45,6,PACE,PSCO,1579154400,23.663,31.932,1
45,6,PACE,PSCO,1580472000,23.132,27.027,1
45,6,PACE,PSCO,1581789600,26.174,26.764,1
45,6,PACE,PSCO,1583107200,27.372,28.414,1
45,6,PACE,PSCO,1584424800,30.657,34.478,1
45,6,PACE,PSCO,1585742400,27.323,30.789,1
45,6,PACE,PSCO,1587060000,29.213,30.442,1
45,6,PACE,PSCO,1588377600,25.561,26.958,2
45,6,PACE,PSCO,1589695200,24.251,29.807,1
45,6,PACE,PSCO,1591012800,30.713,31.508,1
45,6,PACE,PSCO,1592330400,24.821,27.372,1
45,6,PACE,PSCO,1593648000,24.823,28.795,1
45,6,PACE,PSCO,1594965600,26.382,26.382,0
45,6,PACE,PSCO,1596283200,27.913,31.767,1
45,6,PACE,PSCO,1597600800,26.45,34.373,1
45,6,PACE,PSCO,1598918400,31.987,31.987,0
45,6,PACE,PSCO,1600236000,24.503,35.088,1
45,6,PACE,PSCO,1601553600,27.418,34.231,1
45,6,PACE,PSCO,1602871200,28.206,28.206,0
45,6,PACE,PSCO,1604188800,31.455,35.105,1
45,6,PACE,PSCO,1605506400,28.061,31.369,1
45,6,PACE,PSCO,1606824000,20.888,32.813,1
45,6,PACE,PSCO,1608141600,24.002,30.18,1
45,1,PSCO,EPE,1577836800,26.907,26.907,0
45,1,PSCO,EPE,1579154400,22.413,22.413,0
45,1,PSCO,EPE,1580472000,22.109,22.109,0
45,1,PSCO,EPE,1581789600,27.813,27.813,0
45,1,PSCO,EPE,1583107200,26.075,26.075,0
45,1,PSCO,EPE,1584424800,29.473,29.473,0
45,1,PSCO,EPE,1585742400,26.226,26.226,0
45,1,PSCO,EPE,1587060000,28.177,28.177,0
45,1,PSCO,EPE,1588377600,24.541,24.541,0
45,1,PSCO,EPE,1589695200,23.284,23.284,0
45,1,PSCO,EPE,1591012800,29.454,29.454,0
45,1,PSCO,EPE,1592330400,23.999,23.999,0
45,1,PSCO,EPE,1593648000,24.018,24.018,0
45,1,PSCO,EPE,1594965600,28.389,28.389,0
45,1,PSCO,EPE,1596283200,26.947,26.947,0
45,1,PSCO,EPE,1597600800,25.294,25.294,0
45,1,PSCO,EPE,1598918400,31.306,31.306,0
45,1,PSCO,EPE,1600236000,23.203,23.203,0
45,1,PSCO,EPE,1601553600,26.023,26.023,0
45,1,PSCO,EPE,1602871200,27.041,27.041,0
45,1,PSCO,EPE,1604188800,30.123,30.123,0
45,1,PSCO,EPE,1605506400,27.111,27.111,0
45,1,PSCO,EPE,1606824000,19.648,19.648,0
45,1,PSCO,EPE,1608141600,23.039,23.039,0
45,2,PSCO,EPE,1577836800,30.015,29.533,5
45,2,PSCO,EPE,1579154400,25.463,23.744,4
45,2,PSCO,EPE,1580472000,28.576,25.711,9
45,2,PSCO,EPE,1581789600,28.822,30.727,7
45,2,PSCO,EPE,1583107200,28.576,27.505,4
45,2,PSCO,EPE,1584424800,32.982,33.022,7
45,2,PSCO,EPE,1585742400,24.173,28.152,3
45,2,PSCO,EPE,1587060000,25.352,29.94,3
45,2,PSCO,EPE,1588377600,27.941,26.787,6
45,2,PSCO,EPE,1589695200,24.8,24.365,4
45,2,PSCO,EPE,1591012800,29.044,31.255,3
45,2,PSCO,EPE,1592330400,26.026,25.578,3
45,2,PSCO,EPE,1593648000,26.447,25.542,4
45,2,PSCO,EPE,1594965600,29.756,29.873,4
45,2,PSCO,EPE,1596283200,30.113,29.012,6
45,2,PSCO,EPE,1597600800,29.131,27.764,5
45,2,PSCO,EPE,1598918400,27.789,31.948,1
45,2,PSCO,EPE,1600236000,25.389,24.464,4
45,2,PSCO,EPE,1601553600,30.348,28.285,6
45,2,PSCO,EPE,1602871200,30.832,29.673,5
45,2,PSCO,EPE,1604188800,33.341,32.908,6
45,2,PSCO,EPE,1605506400,28.416,28.289,4
45,2,PSCO,EPE,1606824000,19.648,19.648,0
45,2,PSCO,EPE,1608141600,23.039,23.039,0
45,3,PSCO,EPE,1577836800,27.755,27.578,1
45,3,PSCO,EPE,1579154400,22.413,22.413,0
45,3,PSCO,EPE,1580472000,22.109,22.109,0
45,3,PSCO,EPE,1581789600,26.0,29.159,3
45,3,PSCO,EPE,1583107200,26.075,26.075,0
45,3,PSCO,EPE,1584424800,30.213,31.206,3
45,3,PSCO,EPE,1585742400,23.068,26.863,1
45,3,PSCO,EPE,1587060000,23.906,28.779,1
45,3,PSCO,EPE,1588377600,26.102,25.42,2
45,3,PSCO,EPE,1589695200,23.284,23.284,0
45,3,PSCO,EPE,1591012800,27.17,30.08,1
45,3,PSCO,EPE,1592330400,23.999,23.999,0
45,3,PSCO,EPE,1593648000,25.695,25.025,2
45,3,PSCO,EPE,1594965600,29.572,29.346,2
45,3,PSCO,EPE,1596283200,26.947,26.947,0
45,3,PSCO,EPE,1597600800,25.94,25.908,1
45,3,PSCO,EPE,1598918400,27.897,31.948,1
45,3,PSCO,EPE,1600236000,23.203,23.203,0
45,3,PSCO,EPE,1601553600,26.023,26.023,0
45,3,PSCO,EPE,1602871200,27.732,27.75,1
45,3,PSCO,EPE,1604188800,29.631,30.709,1
45,3,PSCO,EPE,1605506400,28.804,27.9,2
45,3,PSCO,EPE,1606824000,19.648,19.648,0
45,3,PSCO,EPE,1608141600,23.039,23.039,0
45,4,PSCO,EPE,1577836800,27.754,28.232,2
45,4,PSCO,EPE,1579154400,22.413,22.413,0
45,4,PSCO,EPE,1580472000,22.109,22.109,0
45,4,PSCO,EPE,1581789600,24.529,28.249,1
45,4,PSCO,EPE,1583107200,26.075,26.075,0
45,4,PSCO,EPE,1584424800,28.917,30.053,1
45,4,PSCO,EPE,1585742400,23.786,26.863,1
45,4,PSCO,EPE,1587060000,23.906,28.779,1
45,4,PSCO,EPE,1588377600,24.541,24.541,0
45,4,PSCO,EPE,1589695200,23.284,23.284,0
45,4,PSCO,EPE,1591012800,27.17,30.08,1
45,4,PSCO,EPE,1592330400,24.872,24.482,1
45,4,PSCO,EPE,1593648000,24.018,24.018,0
45,4,PSCO,EPE,1594965600,28.389,28.389,0
45,4,PSCO,EPE,1596283200,26.947,26.947,0
45,4,PSCO,EPE,1597600800,25.294,25.294,0
45,4,PSCO,EPE,1598918400,29.484,32.539,2
45,4,PSCO,EPE,1600236000,23.203,23.203,0
45,4,PSCO,EPE,1601553600,26.023,26.023,0
45,4,PSCO,EPE,1602871200,27.041,27.041,0
45,4,PSCO,EPE,1604188800,29.349,30.709,1
45,4,PSCO,EPE,1605506400,27.111,27.111,0
45,4,PSCO,EPE,1606824000,19.648,19.648,0
45,4,PSCO,EPE,1608141600,23.039,23.039,0
45,5,PSCO,EPE,1577836800,29.773,29.533,5
45,5,PSCO,EPE,1579154400,25.13,23.744,4
45,5,PSCO,EPE,1580472000,28.313,25.711,9
45,5,PSCO,EPE,1581789600,28.681,30.727,7
45,5,PSCO,EPE,1583107200,28.352,27.505,4
45,5,PSCO,EPE,1584424800,32.824,33.022,7
45,5,PSCO,EPE,1585742400,23.94,28.152,3
45,5,PSCO,EPE,1587060000,25.268,29.94,3
45,5,PSCO,EPE,1588377600,27.66,26.787,6
45,5,PSCO,EPE,1589695200,24.698,24.365,4
45,5,PSCO,EPE,1591012800,28.934,31.255,3
45,5,PSCO,EPE,1592330400,25.789,25.578,3
45,5,PSCO,EPE,1593648000,26.327,25.542,4
45,5,PSCO,EPE,1594965600,29.618,29.873,4
45,5,PSCO,EPE,1596283200,30.047,29.012,6
45,5,PSCO,EPE,1597600800,29.038,27.764,5
45,5,PSCO,EPE,1598918400,27.714,31.948,1
45,5,PSCO,EPE,1600236000,25.209,24.464,4
45,5,PSCO,EPE,1601553600,29.988,28.285,6
45,5,PSCO,EPE,1602871200,30.672,29.673,5
45,5,PSCO,EPE,1604188800,33.073,32.908,6
45,5,PSCO,EPE,1605506400,28.266,28.289,4
45,5,PSCO,EPE,1606824000,19.648,19.648,0
45,5,PSCO,EPE,1608141600,23.039,23.039,0
45,6,PSCO,EPE,1577836800,26.907,26.907,0
45,6,PSCO,EPE,1579154400,22.413,22.413,0
45,6,PSCO,EPE,1580472000,22.109,22.109,0
45,6,PSCO,EPE,1581789600,24.529,28.249,1
45,6,PSCO,EPE,1583107200,26.075,26.075,0
45,6,PSCO,EPE,1584424800,28.509,30.053,1
45,6,PSCO,EPE,1585742400,23.068,26.863,1
45,6,PSCO,EPE,1587060000,23.906,28.779,1
45,6,PSCO,EPE,1588377600,24.502,24.988,1
45,6,PSCO,EPE,1589695200,23.284,23.284,0
45,6,PSCO,EPE,1591012800,27.17,30.08,1
45,6,PSCO,EPE,1592330400,23.999,23.999,0
45,6,PSCO,EPE,1593648000,24.018,24.018,0
45,6,PSCO,EPE,1594965600,28.321,28.852,1
45,6,PSCO,EPE,1596283200,26.947,26.947,0
45,6,PSCO,EPE,1597600800,25.294,25.294,0
45,6,PSCO,EPE,1598918400,27.897,31.948,1
45,6,PSCO,EPE,1600236000,23.203,23.203,0
45,6,PSCO,EPE,1601553600,26.023,26.023,0
45,6,PSCO,EPE,1602871200,27.041,27.041,0
45,6,PSCO,EPE,1604188800,29.631,30.709,1
45,6,PSCO,EPE,1605506400,27.111,27.111,0
45,6,PSCO,EPE,1606824000,19.648,19.648,0
45,6,PSCO,EPE,1608141600,23.039,23.039,0
45,1,PSCO,PACE,1577836800,26.907,26.907,0
45,1,PSCO,PACE,1579154400,22.413,22.413,0
45,1,PSCO,PACE,1580472000,22.109,22.109,0
45,1,PSCO,PACE,1581789600,27.813,27.813,0
45,1,PSCO,PACE,1583107200,26.075,26.075,0
45,1,PSCO,PACE,1584424800,29.473,29.473,0
45,1,PSCO,PACE,1585742400,26.226,26.226,0
45,1,PSCO,PACE,1587060000,28.177,28.177,0
45,1,PSCO,PACE,1588377600,24.541,24.541,0
45,1,PSCO,PACE,1589695200,23.284,23.284,0
45,1,PSCO,PACE,1591012800,29.454,29.454,0
45,1,PSCO,PACE,1592330400,23.999,23.999,0
45,1,PSCO,PACE,1593648000,24.018,24.018,0
45,1,PSCO,PACE,1594965600,28.389,28.389,0
45,1,PSCO,PACE,1596283200,26.947,26.947,0
45,1,PSCO,PACE,1597600800,25.294,25.294,0
45,1,PSCO,PACE,1598918400,31.306,31.306,0
45,1,PSCO,PACE,1600236000,23.203,23.203,0
45,1,PSCO,PACE,1601553600,26.023,26.023,0
45,1,PSCO,PACE,1602871200,27.041,27.041,0
45,1,PSCO,PACE,1604188800,30.123,30.123,0
45,1,PSCO,PACE,1605506400,27.111,27.111,0
45,1,PSCO,PACE,1606824000,19.648,19.648,0
45,1,PSCO,PACE,1608141600,23.039,23.039,0
45,2,PSCO,PACE,1577836800,32.725,30.181,6
45,2,PSCO,PACE,1579154400,27.419,24.72,6
45,2,PSCO,PACE,1580472000,24.966,23.521,4
45,2,PSCO,PACE,1581789600,31.056,30.727,7
45,2,PSCO,PACE,1583107200,32.099,29.097,8
45,2,PSCO,PACE,1584424800,31.728,30.63,2
45,2,PSCO,PACE,1585742400,32.62,30.069,7
45,2,PSCO,PACE,1587060000,34.312,31.653,8
45,2,PSCO,PACE,1588377600,27.195,26.787,6
45,2,PSCO,PACE,1589695200,24.295,23.994,2
45,2,PSCO,PACE,1591012800,30.52,30.665,2
45,2,PSCO,PACE,1592330400,24.928,25.578,4
45,2,PSCO,PACE,1593648000,27.855,26.56,6
45,2,PSCO,PACE,1594965600,33.864,32.543,9
45,2,PSCO,PACE,1596283200,29.61,28.185,4
45,2,PSCO,PACE,1597600800,25.294,25.294,0
45,2,PSCO,PACE,1598918400,35.755,33.91,6
45,2,PSCO,PACE,1600236000,23.203,23.203,0
45,2,PSCO,PACE,1601553600,29.285,27.415,4
45,2,PSCO,PACE,1602871200,28.218,29.062,3
45,2,PSCO,PACE,1604188800,32.102,31.277,2
45,2,PSCO,PACE,1605506400,29.681,28.289,4
45,2,PSCO,PACE,1606824000,19.648,19.648,0
45,2,PSCO,PACE,1608141600,23.039,23.039,0
45,3,PSCO,PACE,1577836800,27.787,27.578,1
45,3,PSCO,PACE,1579154400,22.413,22.413,0
45,3,PSCO,PACE,1580472000,22.109,22.109,0
45,3,PSCO,PACE,1581789600,28.025,28.694,2
45,3,PSCO,PACE,1583107200,27.695,27.049,2
45,3,PSCO,PACE,1584424800,29.473,29.473,0
45,3,PSCO,PACE,1585742400,26.226,26.226,0
45,3,PSCO,PACE,1587060000,29.052,28.779,1
45,3,PSCO,PACE,1588377600,24.949,24.988,1
45,3,PSCO,PACE,1589695200,23.284,23.284,0
45,3,PSCO,PACE,1591012800,29.454,29.454,0
45,3,PSCO,PACE,1592330400,23.999,23.999,0
45,3,PSCO,PACE,1593648000,25.676,25.025,2
45,3,PSCO,PACE,1594965600,28.124,29.346,2
45,3,PSCO,PACE,1596283200,26.947,26.947,0
45,3,PSCO,PACE,1597600800,25.294,25.294,0
45,3,PSCO,PACE,1598918400,31.956,31.948,1
45,3,PSCO,PACE,1600236000,23.203,23.203,0
45,3,PSCO,PACE,1601553600,26.023,26.023,0
45,3,PSCO,PACE,1602871200,29.504,29.062,3
45,3,PSCO,PACE,1604188800,30.123,30.123,0
45,3,PSCO,PACE,1605506400,27.111,27.111,0
45,3,PSCO,PACE,1606824000,19.648,19.648,0
45,3,PSCO,PACE,1608141600,23.039,23.039,0
45,4,PSCO,PACE,1577836800,26.907,26.907,0
45,4,PSCO,PACE,1579154400,22.413,22.413,0
45,4,PSCO,PACE,1580472000,22.109,22.109,0
45,4,PSCO,PACE,1581789600,26.728,28.694,2
45,4,PSCO,PACE,1583107200,26.075,26.075,0
45,4,PSCO,PACE,1584424800,29.473,29.473,0
45,4,PSCO,PACE,1585742400,26.226,26.226,0
45,4,PSCO,PACE,1587060000,28.177,28.177,0
45,4,PSCO,PACE,1588377600,24.541,24.541,0
45,4,PSCO,PACE,1589695200,23.284,23.284,0
45,4,PSCO,PACE,1591012800,29.454,29.454,0
45,4,PSCO,PACE,1592330400,23.999,23.999,0
45,4,PSCO,PACE,1593648000,24.018,24.018,0
45,4,PSCO,PACE,1594965600,27.501,28.852,1
45,4,PSCO,PACE,1596283200,26.947,26.947,0
45,4,PSCO,PACE,1597600800,25.294,25.294,0
45,4,PSCO,PACE,1598918400,31.306,31.306,0
45,4,PSCO,PACE,1600236000,23.203,23.203,0
45,4,PSCO,PACE,1601553600,26.023,26.023,0
45,4,PSCO,PACE,1602871200,27.041,27.041,0
45,4,PSCO,PACE,1604188800,30.123,30.123,0
45,4,PSCO,PACE,1605506400,27.111,27.111,0
45,4,PSCO,PACE,1606824000,19.648,19.648,0
45,4,PSCO,PACE,1608141600,23.039,23.039,0
45,5,PSCO,PACE,1577836800,32.411,30.181,6
45,5,PSCO,PACE,1579154400,27.159,24.72,6
45,5,PSCO,PACE,1580472000,24.773,23.521,4
45,5,PSCO,PACE,1581789600,31.187,30.727,8
45,5,PSCO,PACE,1583107200,32.79,29.721,9
45,5,PSCO,PACE,1584424800,31.637,30.63,2
45,5,PSCO,PACE,1585742400,30.269,28.791,5
45,5,PSCO,PACE,1587060000,34.053,31.653,8
45,5,PSCO,PACE,1588377600,26.909,26.787,6
45,5,PSCO,PACE,1589695200,24.119,23.994,2
45,5,PSCO,PACE,1591012800,30.441,30.665,2
45,5,PSCO,PACE,1592330400,24.709,25.578,4
45,5,PSCO,PACE,1593648000,25.908,25.542,4
45,5,PSCO,PACE,1594965600,33.417,32.543,9
45,5,PSCO,PACE,1596283200,29.535,28.185,4
45,5,PSCO,PACE,1597600800,25.294,25.294,0
45,5,PSCO,PACE,1598918400,35.588,33.91,6
45,5,PSCO,PACE,1600236000,23.203,23.203,0
45,5,PSCO,PACE,1601553600,28.99,27.415,4
45,5,PSCO,PACE,1602871200,27.963,29.062,3
45,5,PSCO,PACE,1604188800,32.008,31.277,2
45,5,PSCO,PACE,1605506400,29.537,28.289,4
45,5,PSCO,PACE,1606824000,19.648,19.648,0
45,5,PSCO,PACE,1608141600,23.039,23.039,0
45,6,PSCO,PACE,1577836800,26.907,26.907,0
45,6,PSCO,PACE,1579154400,22.413,22.413,0
45,6,PSCO,PACE,1580472000,22.109,22.109,0
45,6,PSCO,PACE,1581789600,27.208,28.694,2
45,6,PSCO,PACE,1583107200,26.075,26.075,0
45,6,PSCO,PACE,1584424800,29.473,29.473,0
45,6,PSCO,PACE,1585742400,26.226,26.226,0
45,6,PSCO,PACE,1587060000,28.177,28.177,0
45,6,PSCO,PACE,1588377600,24.519,24.988,1
45,6,PSCO,PACE,1589695200,23.284,23.284,0
45,6,PSCO,PACE,1591012800,29.454,29.454,0
45,6,PSCO,PACE,1592330400,23.999,23.999,0
45,6,PSCO,PACE,1593648000,24.018,24.018,0
45,6,PSCO,PACE,1594965600,27.501,28.852,1
45,6,PSCO,PACE,1596283200,26.947,26.947,0
45,6,PSCO,PACE,1597600800,25.294,25.294,0
45,6,PSCO,PACE,1598918400,31.306,31.306,0
45,6,PSCO,PACE,1600236000,23.203,23.203,0
45,6,PSCO,PACE,1601553600,26.023,26.023,0
45,6,PSCO,PACE,1602871200,27.041,27.041,0
45,6,PSCO,PACE,1604188800,30.123,30.123,0
45,6,PSCO,PACE,1605506400,27.111,27.111,0
45,6,PSCO,PACE,1606824000,19.648,19.648,0
45,6,PSCO,PACE,1608141600,23.039,23.039,0
45,1,TEPC,AECI,1577836800,34.904,34.904,0
45,1,TEPC,AECI,1579154400,34.672,34.672,0
45,1,TEPC,AECI,1580472000,30.305,30.305,0
45,1,TEPC,AECI,1581789600,30.794,30.794,0
45,1,TEPC,AECI,1583107200,28.518,28.518,0
45,1,TEPC,AECI,1584424800,27.901,27.901,0
45,1,TEPC,AECI,1585742400,21.852,21.852,0
45,1,TEPC,AECI,1587060000,23.826,23.826,0
45,1,TEPC,AECI,1588377600,23.901,23.901,0
45,1,TEPC,AECI,1589695200,28.736,28.736,0
45,1,TEPC,AECI,1591012800,29.666,29.666,0
45,1,TEPC,AECI,1592330400,25.26,25.26,0
45,1,TEPC,AECI,1593648000,28.784,28.784,0
45,1,TEPC,AECI,1594965600,27.715,27.715,0
45,1,TEPC,AECI,1596283200,29.288,29.288,0
45,1,TEPC,AECI,1597600800,30.959,30.959,0
45,1,TEPC,AECI,1598918400,29.268,29.268,0
45,1,TEPC,AECI,1600236000,32.69,32.69,0
45,1,TEPC,AECI,1601553600,31.456,31.456,0
45,1,TEPC,AECI,1602871200,35.004,35.004,0
45,1,TEPC,AECI,1604188800,35.427,35.427,0
45,1,TEPC,AECI,1605506400,30.0,30.0,0
45,1,TEPC,AECI,1606824000,25.748,25.748,0
45,1,TEPC,AECI,1608141600,33.481,33.481,0
45,2,TEPC,AECI,1577836800,31.435,37.151,3
45,2,TEPC,AECI,1579154400,33.824,37.021,3
45,2,TEPC,AECI,1580472000,29.371,32.612,3
45,2,TEPC,AECI,1581789600,31.939,32.247,4
45,2,TEPC,AECI,1583107200,30.285,31.062,5
45,2,TEPC,AECI,1584424800,32.785,31.655,7
45,2,TEPC,AECI,1585742400,23.984,24.115,6
45,2,TEPC,AECI,1587060000,25.0,25.319,5
45,2,TEPC,AECI,1588377600,25.404,25.4,4
45,2,TEPC,AECI,1589695200,29.448,31.53,5
45,2,TEPC,AECI,1591012800,27.635,31.543,3
45,2,TEPC,AECI,1592330400,28.827,27.541,6
45,2,TEPC,AECI,1593648000,32.399,31.207,5
45,2,TEPC,AECI,1594965600,31.249,30.367,5
45,2,TEPC,AECI,1596283200,35.465,32.742,8
45,2,TEPC,AECI,1597600800,36.817,33.897,6
45,2,TEPC,AECI,1598918400,40.677,35.301,13
45,2,TEPC,AECI,1600236000,36.275,35.615,5
45,2,TEPC,AECI,1601553600,38.894,36.016,10
45,2,TEPC,AECI,1602871200,40.626,41.196,11
45,2,TEPC,AECI,1604188800,37.33,37.348,4
45,2,TEPC,AECI,1605506400,32.56,31.991,3
45,2,TEPC,AECI,1606824000,25.748,25.748,0
45,2,TEPC,AECI,1608141600,34.42,35.515,3
45,3,TEPC,AECI,1577836800,29.273,35.644,1
45,3,TEPC,AECI,1579154400,31.569,35.463,1
45,3,TEPC,AECI,1580472000,30.172,31.06,1
45,3,TEPC,AECI,1581789600,33.743,32.247,4
45,3,TEPC,AECI,1583107200,28.518,28.518,0
45,3,TEPC,AECI,1584424800,28.562,28.544,1
45,3,TEPC,AECI,1585742400,23.734,23.379,4
45,3,TEPC,AECI,1587060000,25.427,24.939,3
45,3,TEPC,AECI,1588377600,23.901,23.901,0
45,3,TEPC,AECI,1589695200,26.747,29.421,1
45,3,TEPC,AECI,1591012800,25.858,30.331,1
45,3,TEPC,AECI,1592330400,27.975,26.634,4
45,3,TEPC,AECI,1593648000,28.784,28.784,0
45,3,TEPC,AECI,1594965600,31.819,30.367,5
45,3,TEPC,AECI,1596283200,30.239,29.933,1
45,3,TEPC,AECI,1597600800,30.959,30.959,0
45,3,TEPC,AECI,1598918400,32.463,31.022,4
45,3,TEPC,AECI,1600236000,33.647,33.406,1
45,3,TEPC,AECI,1601553600,30.947,32.107,1
45,3,TEPC,AECI,1602871200,30.329,35.644,1
45,3,TEPC,AECI,1604188800,37.325,36.699,2
45,3,TEPC,AECI,1605506400,30.765,30.68,1
45,3,TEPC,AECI,1606824000,25.748,25.748,0
45,3,TEPC,AECI,1608141600,32.796,34.154,1
45,4,TEPC,AECI,1577836800,29.273,35.644,1
45,4,TEPC,AECI,1579154400,31.569,35.463,1
45,4,TEPC,AECI,1580472000,27.993,31.06,1
45,4,TEPC,AECI,1581789600,30.794,30.794,0
45,4,TEPC,AECI,1583107200,29.623,29.102,1
45,4,TEPC,AECI,1584424800,28.567,28.544,1
45,4,TEPC,AECI,1585742400,22.709,22.927,2
45,4,TEPC,AECI,1587060000,23.826,23.826,0
45,4,TEPC,AECI,1588377600,23.901,23.901,0
45,4,TEPC,AECI,1589695200,26.852,29.421,1
45,4,TEPC,AECI,1591012800,25.858,30.331,1
45,4,TEPC,AECI,1592330400,25.26,25.26,0
45,4,TEPC,AECI,1593648000,28.784,28.784,0
45,4,TEPC,AECI,1594965600,27.715,27.715,0
45,4,TEPC,AECI,1596283200,29.288,29.288,0
45,4,TEPC,AECI,1597600800,30.959,30.959,0
45,4,TEPC,AECI,1598918400,29.268,29.268,0
45,4,TEPC,AECI,1600236000,32.69,32.69,0
45,4,TEPC,AECI,1601553600,31.456,31.456,0
45,4,TEPC,AECI,1602871200,30.329,35.644,1
45,4,TEPC,AECI,1604188800,35.427,35.427,0
45,4,TEPC,AECI,1605506400,30.503,30.68,1
45,4,TEPC,AECI,1606824000,25.748,25.748,0
45,4,TEPC,AECI,1608141600,33.462,34.154,1
45,5,TEPC,AECI,1577836800,31.371,37.151,3
45,5,TEPC,AECI,1579154400,33.769,37.021,3
45,5,TEPC,AECI,1580472000,29.239,32.612,3
45,5,TEPC,AECI,1581789600,31.774,32.247,4
45,5,TEPC,AECI,1583107200,29.925,31.062,5
45,5,TEPC,AECI,1584424800,32.609,31.655,7
45,5,TEPC,AECI,1585742400,22.248,23.379,4
45,5,TEPC,AECI,1587060000,26.278,26.154,7
45,5,TEPC,AECI,1588377600,26.036,25.938,5
45,5,TEPC,AECI,1589695200,29.125,31.53,5
45,5,TEPC,AECI,1591012800,25.578,30.331,1
45,5,TEPC,AECI,1592330400,28.608,27.541,6
45,5,TEPC,AECI,1593648000,32.129,31.207,5
45,5,TEPC,AECI,1594965600,31.013,30.367,5
45,5,TEPC,AECI,1596283200,35.238,32.742,8
45,5,TEPC,AECI,1597600800,36.714,33.897,6
45,5,TEPC,AECI,1598918400,40.359,35.301,13
45,5,TEPC,AECI,1600236000,36.051,35.615,5
45,5,TEPC,AECI,1601553600,38.624,36.016,10
45,5,TEPC,AECI,1602871200,37.959,39.738,9
45,5,TEPC,AECI,1604188800,38.22,38.009,5
45,5,TEPC,AECI,1605506400,32.488,31.991,3
45,5,TEPC,AECI,1606824000,25.748,25.748,0
45,5,TEPC,AECI,1608141600,34.276,35.515,3
45,6,TEPC,AECI,1577836800,29.273,35.644,1
45,6,TEPC,AECI,1579154400,31.569,35.463,1
45,6,TEPC,AECI,1580472000,30.172,31.06,1
45,6,TEPC,AECI,1581789600,30.794,30.794,0
45,6,TEPC,AECI,1583107200,28.518,28.518,0
45,6,TEPC,AECI,1584424800,27.901,27.901,0
45,6,TEPC,AECI,1585742400,21.706,22.394,1
45,6,TEPC,AECI,1587060000,23.826,23.826,0
45,6,TEPC,AECI,1588377600,23.901,23.901,0
45,6,TEPC,AECI,1589695200,26.747,29.421,1
45,6,TEPC,AECI,1591012800,25.858,30.331,1
45,6,TEPC,AECI,1592330400,25.26,25.26,0
45,6,TEPC,AECI,1593648000,28.784,28.784,0
45,6,TEPC,AECI,1594965600,27.715,27.715,0
45,6,TEPC,AECI,1596283200,29.288,29.288,0
45,6,TEPC,AECI,1597600800,30.959,30.959,0
45,6,TEPC,AECI,1598918400,29.268,29.268,0
45,6,TEPC,AECI,1600236000,32.69,32.69,0
45,6,TEPC,AECI,1601553600,30.947,32.107,1
45,6,TEPC,AECI,1602871200,30.329,35.644,1
45,6,TEPC,AECI,1604188800,35.427,35.427,0
45,6,TEPC,AECI,1605506400,30.0,30.0,0
45,6,TEPC,AECI,1606824000,25.748,25.748,0
45,6,TEPC,AECI,1608141600,32.796,34.154,1
60,1,AECI,EPE,1577836800,27.991,27.991,0
60,1,AECI,EPE,1579154400,30.139,30.139,0
60,1,AECI,EPE,1580472000,29.202,29.202,0
60,1,AECI,EPE,1581789600,30.99,30.99,0
60,1,AECI,EPE,1583107200,28.95,28.95,0
60,1,AECI,EPE,1584424800,28.31,28.31,0
60,1,AECI,EPE,1585742400,21.211,21.211,0
60,1,AECI,EPE,1587060000,23.892,23.892,0
60,1,AECI,EPE,1588377600,25.143,25.143,0
60,1,AECI,EPE,1589695200,25.774,25.774,0
60,1,AECI,EPE,1591012800,24.75,24.75,0
60,1,AECI,EPE,1592330400,25.959,25.959,0
60,1,AECI,EPE,1593648000,29.983,29.983,0
60,1,AECI,EPE,1594965600,28.571,28.571,0
60,1,AECI,EPE,1596283200,29.488,29.488,0
60,1,AECI,EPE,1597600800,32.788,32.788,0
60,1,AECI,EPE,1598918400,29.414,29.414,0
60,1,AECI,EPE,1600236000,33.086,33.086,0
60,1,AECI,EPE,1601553600,29.771,29.771,0
60,1,AECI,EPE,1602871200,29.148,29.148,0
60,1,AECI,EPE,1604188800,35.804,35.804,0
60,1,AECI,EPE,1605506400,33.466,33.466,0
60,1,AECI,EPE,1606824000,31.991,31.991,0
60,1,AECI,EPE,1608141600,31.713,31.713,0
60,2,AECI,EPE,1577836800,38.56,34.067,10
60,2,AECI,EPE,1579154400,31.277,32.069,3
60,2,AECI,EPE,1580472000,26.933,31.006,3
60,2,AECI,EPE,1581789600,24.845,31.671,1
60,2,AECI,EPE,1583107200,32.675,32.574,6
60,2,AECI,EPE,1584424800,34.115,31.84,7
60,2,AECI,EPE,1585742400,24.92,24.114,5
60,2,AECI,EPE,1587060000,27.489,26.285,6
60,2,AECI,EPE,1588377600,29.282,28.37,6
60,2,AECI,EPE,1589695200,30.718,29.036,6
60,2,AECI,EPE,1591012800,31.337,28.751,7
60,2,AECI,EPE,1592330400,36.032,31.375,10
60,2,AECI,EPE,1593648000,32.341,33.062,5
60,2,AECI,EPE,1594965600,31.694,30.767,4
60,2,AECI,EPE,1596283200,32.907,32.523,5
60,2,AECI,EPE,1597600800,32.318,34.731,3
60,2,AECI,EPE,1598918400,36.608,34.088,8
60,2,AECI,EPE,1600236000,29.12,34.267,2
60,2,AECI,EPE,1601553600,30.026,30.901,2
60,2,AECI,EPE,1602871200,33.524,32.431,5
60,2,AECI,EPE,1604188800,34.92,39.157,5
60,2,AECI,EPE,1605506400,29.463,34.498,2
60,2,AECI,EPE,1606824000,30.265,34.001,3
60,2,AECI,EPE,1608141600,42.389,38.836,11
60,3,AECI,EPE,1577836800,28.31,28.592,1
60,3,AECI,EPE,1579154400,28.812,30.785,1
60,3,AECI,EPE,1580472000,27.196,31.006,3
60,3,AECI,EPE,1581789600,24.845,31.671,1
60,3,AECI,EPE,1583107200,28.235,29.645,1
60,3,AECI,EPE,1584424800,29.18,29.3,2
60,3,AECI,EPE,1585742400,23.632,22.977,3
60,3,AECI,EPE,1587060000,23.846,24.321,1
60,3,AECI,EPE,1588377600,25.619,25.726,1
60,3,AECI,EPE,1589695200,27.399,26.903,2
60,3,AECI,EPE,1591012800,24.75,24.75,0
60,3,AECI,EPE,1592330400,26.769,26.488,1
60,3,AECI,EPE,1593648000,27.706,30.623,1
60,3,AECI,EPE,1594965600,32.238,30.767,4
60,3,AECI,EPE,1596283200,30.718,31.303,3
60,3,AECI,EPE,1597600800,29.906,33.466,1
60,3,AECI,EPE,1598918400,28.423,29.995,1
60,3,AECI,EPE,1600236000,29.101,34.267,2
60,3,AECI,EPE,1601553600,31.6,30.901,2
60,3,AECI,EPE,1602871200,30.187,29.771,1
60,3,AECI,EPE,1604188800,30.21,36.518,1
60,3,AECI,EPE,1605506400,29.44,34.498,2
60,3,AECI,EPE,1606824000,27.833,32.651,1
60,3,AECI,EPE,1608141600,30.155,32.315,1
60,4,AECI,EPE,1577836800,27.991,27.991,0
60,4,AECI,EPE,1579154400,30.139,30.139,0
60,4,AECI,EPE,1580472000,25.437,29.765,1
60,4,AECI,EPE,1581789600,24.845,31.671,1
60,4,AECI,EPE,1583107200,28.95,28.95,0
60,4,AECI,EPE,1584424800,28.31,28.31,0
60,4,AECI,EPE,1585742400,22.297,21.807,1
60,4,AECI,EPE,1587060000,23.892,23.892,0
60,4,AECI,EPE,1588377600,25.143,25.143,0
60,4,AECI,EPE,1589695200,25.774,25.774,0
60,4,AECI,EPE,1591012800,24.75,24.75,0
60,4,AECI,EPE,1592330400,25.959,25.959,0
60,4,AECI,EPE,1593648000,27.706,30.623,1
60,4,AECI,EPE,1594965600,28.571,28.571,0
60,4,AECI,EPE,1596283200,29.488,29.488,0
60,4,AECI,EPE,1597600800,31.487,33.466,1
60,4,AECI,EPE,1598918400,29.414,29.414,0
60,4,AECI,EPE,1600236000,27.922,33.664,1
60,4,AECI,EPE,1601553600,29.771,29.771,0
60,4,AECI,EPE,1602871200,29.148,29.148,0
60,4,AECI,EPE,1604188800,30.21,36.518,1
60,4,AECI,EPE,1605506400,28.577,33.985,1
60,4,AECI,EPE,1606824000,27.833,32.651,1
60,4,AECI,EPE,1608141600,31.713,31.713,0
60,5,AECI,EPE,1577836800,39.48,34.684,11
60,5,AECI,EPE,1579154400,32.35,32.664,4
60,5,AECI,EPE,1580472000,26.849,31.006,3
60,5,AECI,EPE,1581789600,24.845,31.671,1
60,5,AECI,EPE,1583107200,30.154,31.533,4
60,5,AECI,EPE,1584424800,33.97,31.84,7
60,5,AECI,EPE,1585742400,24.748,24.114,5
60,5,AECI,EPE,1587060000,27.303,26.285,6
60,5,AECI,EPE,1588377600,29.062,28.37,6
60,5,AECI,EPE,1589695200,30.449,29.036,6
60,5,AECI,EPE,1591012800,31.053,28.751,7
60,5,AECI,EPE,1592330400,35.627,31.375,10
60,5,AECI,EPE,1593648000,33.224,33.601,6
60,5,AECI,EPE,1594965600,31.452,30.767,4
60,5,AECI,EPE,1596283200,32.663,32.523,5
60,5,AECI,EPE,1597600800,32.23,34.731,3
60,5,AECI,EPE,1598918400,36.485,34.088,8
60,5,AECI,EPE,1600236000,29.101,34.267,2
60,5,AECI,EPE,1601553600,31.109,31.538,3
60,5,AECI,EPE,1602871200,33.439,32.431,5
60,5,AECI,EPE,1604188800,35.991,39.773,6
60,5,AECI,EPE,1605506400,29.449,34.498,2
60,5,AECI,EPE,1606824000,30.232,34.001,3
60,5,AECI,EPE,1608141600,42.192,38.836,11
60,6,AECI,EPE,1577836800,27.991,27.991,0
60,6,AECI,EPE,1579154400,28.812,30.785,1
60,6,AECI,EPE,1580472000,25.437,29.765,1
60,6,AECI,EPE,1581789600,24.845,31.671,1
60,6,AECI,EPE,1583107200,28.235,29.645,1
60,6,AECI,EPE,1584424800,28.306,28.81,1
60,6,AECI,EPE,1585742400,21.211,21.211,0
60,6,AECI,EPE,1587060000,23.937,24.321,1
60,6,AECI,EPE,1588377600,25.084,25.726,1
60,6,AECI,EPE,1589695200,25.707,26.341,1
60,6,AECI,EPE,1591012800,24.75,24.75,0
60,6,AECI,EPE,1592330400,25.959,25.959,0
60,6,AECI,EPE,1593648000,27.706,30.623,1
60,6,AECI,EPE,1594965600,28.571,28.571,0
60,6,AECI,EPE,1596283200,28.529,30.079,1
60,6,AECI,EPE,1597600800,29.906,33.466,1
60,6,AECI,EPE,1598918400,28.423,29.995,1
60,6,AECI,EPE,1600236000,27.922,33.664,1
60,6,AECI,EPE,1601553600,29.771,29.771,0
60,6,AECI,EPE,1602871200,29.148,29.148,0
60,6,AECI,EPE,1604188800,30.21,36.518,1
60,6,AECI,EPE,1605506400,28.577,33.985,1
60,6,AECI,EPE,1606824000,27.833,32.651,1
60,6,AECI,EPE,1608141600,30.155,32.315,1
60,1,AECI,PACE,1577836800,27.991,27.991,0
60,1,AECI,PACE,1579154400,30.139,30.139,0
60,1,AECI,PACE,1580472000,29.202,29.202,0
60,1,AECI,PACE,1581789600,30.99,30.99,0
60,1,AECI,PACE,1583107200,28.95,28.95,0
60,1,AECI,PACE,1584424800,28.31,28.31,0
60,1,AECI,PACE,1585742400,21.211,21.211,0
60,1,AECI,PACE,1587060000,23.892,23.892,0
60,1,AECI,PACE,1588377600,25.143,25.143,0
60,1,AECI,PACE,1589695200,25.774,25.774,0
60,1,AECI,PACE,1591012800,24.75,24.75,0
60,1,AECI,PACE,1592330400,25.959,25.959,0
60,1,AECI,PACE,1593648000,29.983,29.983,0
60,1,AECI,PACE,1594965600,28.571,28.571,0
60,1,AECI,PACE,1596283200,29.488,29.488,0
60,1,AECI,PACE,1597600800,32.788,32.788,0
60,1,AECI,PACE,1598918400,29.414,29.414,0
60,1,AECI,PACE,1600236000,33.086,33.086,0
60,1,AECI,PACE,1601553600,29.771,29.771,0
60,1,AECI,PACE,1602871200,29.148,29.148,0
60,1,AECI,PACE,1604188800,35.804,35.804,0
60,1,AECI,PACE,1605506400,33.466,33.466,0
60,1,AECI,PACE,1606824000,31.991,31.991,0
60,1,AECI,PACE,1608141600,31.713,31.713,0
60,2,AECI,PACE,1577836800,32.249,30.46,4
60,2,AECI,PACE,1579154400,36.898,33.802,6
60,2,AECI,PACE,1580472000,31.276,32.271,5
60,2,AECI,PACE,1581789600,29.742,33.062,3
60,2,AECI,PACE,1583107200,28.271,30.978,3
60,2,AECI,PACE,1584424800,30.243,29.3,2
60,2,AECI,PACE,1585742400,21.211,21.211,0
60,2,AECI,PACE,1587060000,25.331,24.688,2
60,2,AECI,PACE,1588377600,26.441,27.446,4
60,2,AECI,PACE,1589695200,29.46,27.972,4
60,2,AECI,PACE,1591012800,26.587,25.883,2
60,2,AECI,PACE,1592330400,28.055,28.041,4
60,2,AECI,PACE,1593648000,34.486,33.601,6
60,2,AECI,PACE,1594965600,35.349,33.127,8
60,2,AECI,PACE,1596283200,38.592,34.309,8
60,2,AECI,PACE,1597600800,47.494,40.411,11
60,2,AECI,PACE,1598918400,33.976,31.745,4
60,2,AECI,PACE,1600236000,37.301,35.481,4
60,2,AECI,PACE,1601553600,34.225,32.177,4
60,2,AECI,PACE,1602871200,31.75,32.431,5
60,2,AECI,PACE,1604188800,40.825,39.773,6
60,2,AECI,PACE,1605506400,34.945,35.551,4
60,2,AECI,PACE,1606824000,37.16,35.395,5
60,2,AECI,PACE,1608141600,40.713,37.428,9
60,3,AECI,PACE,1577836800,30.208,29.198,2
60,3,AECI,PACE,1579154400,34.987,32.664,4
60,3,AECI,PACE,1580472000,29.507,31.006,3
60,3,AECI,PACE,1581789600,27.67,31.671,1
60,3,AECI,PACE,1583107200,28.88,29.645,1
60,3,AECI,PACE,1584424800,28.31,28.31,0
60,3,AECI,PACE,1585742400,21.211,21.211,0
60,3,AECI,PACE,1587060000,23.892,23.892,0
60,3,AECI,PACE,1588377600,25.641,25.726,1
60,3,AECI,PACE,1589695200,27.811,26.903,2
60,3,AECI,PACE,1591012800,24.75,24.75,0
60,3,AECI,PACE,1592330400,25.959,25.959,0
60,3,AECI,PACE,1593648000,29.642,30.623,1
60,3,AECI,PACE,1594965600,28.727,29.64,2
60,3,AECI,PACE,1596283200,29.488,29.488,0
60,3,AECI,PACE,1597600800,37.927,35.36,4
60,3,AECI,PACE,1598918400,31.589,30.579,2
60,3,AECI,PACE,1600236000,35.4,34.267,2
60,3,AECI,PACE,1601553600,29.771,29.771,0
60,3,AECI,PACE,1602871200,33.309,32.431,5
60,3,AECI,PACE,1604188800,39.506,38.527,4
60,3,AECI,PACE,1605506400,32.771,34.498,2
60,3,AECI,PACE,1606824000,37.731,35.395,5
60,3,AECI,PACE,1608141600,31.799,32.869,2
60,4,AECI,PACE,1577836800,27.991,27.991,0
60,4,AECI,PACE,1579154400,30.139,30.139,0
60,4,AECI,PACE,1580472000,28.87,30.373,2
60,4,AECI,PACE,1581789600,27.67,31.671,1
60,4,AECI,PACE,1583107200,26.481,29.645,1
60,4,AECI,PACE,1584424800,28.31,28.31,0
60,4,AECI,PACE,1585742400,21.211,21.211,0
60,4,AECI,PACE,1587060000,23.892,23.892,0
60,4,AECI,PACE,1588377600,24.143,25.726,1
60,4,AECI,PACE,1589695200,25.774,25.774,0
60,4,AECI,PACE,1591012800,24.75,24.75,0
60,4,AECI,PACE,1592330400,25.959,25.959,0
60,4,AECI,PACE,1593648000,29.983,29.983,0
60,4,AECI,PACE,1594965600,27.684,29.102,1
60,4,AECI,PACE,1596283200,29.488,29.488,0
60,4,AECI,PACE,1597600800,32.788,32.788,0
60,4,AECI,PACE,1598918400,29.414,29.414,0
60,4,AECI,PACE,1600236000,33.086,33.086,0
60,4,AECI,PACE,1601553600,29.771,29.771,0
60,4,AECI,PACE,1602871200,29.148,29.148,0
60,4,AECI,PACE,1604188800,35.138,36.518,1
60,4,AECI,PACE,1605506400,32.251,33.985,1
60,4,AECI,PACE,1606824000,31.991,31.991,0
60,4,AECI,PACE,1608141600,31.713,31.713,0
60,5,AECI,PACE,1577836800,32.143,30.46,4
60,5,AECI,PACE,1579154400,36.748,33.802,6
60,5,AECI,PACE,1580472000,30.989,32.271,5
60,5,AECI,PACE,1581789600,29.624,33.062,3
60,5,AECI,PACE,1583107200,29.257,31.533,4
60,5,AECI,PACE,1584424800,30.046,29.3,2
60,5,AECI,PACE,1585742400,21.211,21.211,0
60,5,AECI,PACE,1587060000,25.228,24.688,2
60,5,AECI,PACE,1588377600,26.07,27.446,4
60,5,AECI,PACE,1589695200,29.128,27.972,4
60,5,AECI,PACE,1591012800,26.474,25.883,2
60,5,AECI,PACE,1592330400,27.712,28.041,4
60,5,AECI,PACE,1593648000,33.994,33.601,6
60,5,AECI,PACE,1594965600,36.254,33.796,9
60,5,AECI,PACE,1596283200,38.318,34.309,8
60,5,AECI,PACE,1597600800,47.019,40.411,11
60,5,AECI,PACE,1598918400,33.831,31.745,4
60,5,AECI,PACE,1600236000,37.037,35.481,4
60,5,AECI,PACE,1601553600,35.179,32.833,5
60,5,AECI,PACE,1602871200,31.586,32.431,5
60,5,AECI,PACE,1604188800,40.656,39.773,6
60,5,AECI,PACE,1605506400,34.731,35.551,4
60,5,AECI,PACE,1606824000,36.926,35.395,5
60,5,AECI,PACE,1608141600,40.512,37.428,9
60,6,AECI,PACE,1577836800,27.991,27.991,0
60,6,AECI,PACE,1579154400,30.139,30.139,0
60,6,AECI,PACE,1580472000,27.562,30.373,2
60,6,AECI,PACE,1581789600,27.67,31.671,1
60,6,AECI,PACE,1583107200,28.88,29.645,1
60,6,AECI,PACE,1584424800,28.31,28.31,0
60,6,AECI,PACE,1585742400,21.211,21.211,0
60,6,AECI,PACE,1587060000,23.892,23.892,0
60,6,AECI,PACE,1588377600,25.152,25.726,1
60,6,AECI,PACE,1589695200,25.774,25.774,0
60,6,AECI,PACE,1591012800,24.75,24.75,0
60,6,AECI,PACE,1592330400,25.959,25.959,0
60,6,AECI,PACE,1593648000,29.642,30.623,1
60,6,AECI,PACE,1594965600,27.684,29.102,1
60,6,AECI,PACE,1596283200,29.488,29.488,0
60,6,AECI,PACE,1597600800,32.788,32.788,0
60,6,AECI,PACE,1598918400,29.414,29.414,0
60,6,AECI,PACE,1600236000,33.086,33.086,0
60,6,AECI,PACE,1601553600,29.771,29.771,0
60,6,AECI,PACE,1602871200,29.148,29.148,0
60,6,AECI,PACE,1604188800,35.696,36.518,1
60,6,AECI,PACE,1605506400,32.109,33.985,1
60,6,AECI,PACE,1606824000,31.991,31.991,0
60,6,AECI,PACE,1608141600,31.01,32.315,1
60,1,AECI,TEPC,1577836800,27.991,27.991,0
60,1,AECI,TEPC,1579154400,30.139,30.139,0
60,1,AECI,TEPC,1580472000,29.202,29.202,0
60,1,AECI,TEPC,1581789600,30.99,30.99,0
60,1,AECI,TEPC,1583107200,28.95,28.95,0
60,1,AECI,TEPC,1584424800,28.31,28.31,0
60,1,AECI,TEPC,1585742400,21.211,21.211,0
60,1,AECI,TEPC,1587060000,23.892,23.892,0
60,1,AECI,TEPC,1588377600,25.143,25.143,0
60,1,AECI,TEPC,1589695200,25.774,25.774,0
60,1,AECI,TEPC,1591012800,24.75,24.75,0
60,1,AECI,TEPC,1592330400,25.959,25.959,0
60,1,AECI,TEPC,1593648000,29.983,29.983,0
60,1,AECI,TEPC,1594965600,28.571,28.571,0
60,1,AECI,TEPC,1596283200,29.488,29.488,0
60,1,AECI,TEPC,1597600800,32.788,32.788,0
60,1,AECI,TEPC,1598918400,29.414,29.414,0
60,1,AECI,TEPC,1600236000,33.086,33.086,0
60,1,AECI,TEPC,1601553600,29.771,29.771,0
60,1,AECI,TEPC,1602871200,29.148,29.148,0
60,1,AECI,TEPC,1604188800,35.804,35.804,0
60,1,AECI,TEPC,1605506400,33.466,33.466,0
60,1,AECI,TEPC,1606824000,31.991,31.991,0
60,1,AECI,TEPC,1608141600,31.713,31.713,0
60,2,AECI,TEPC,1577836800,30.466,29.198,2
60,2,AECI,TEPC,1579154400,32.732,31.442,2
60,2,AECI,TEPC,1580472000,31.133,31.643,4
60,2,AECI,TEPC,1581789600,34.413,34.337,5
60,2,AECI,TEPC,1583107200,32.754,32.574,6
60,2,AECI,TEPC,1584424800,33.199,31.272,6
60,2,AECI,TEPC,1585742400,24.195,24.114,5
60,2,AECI,TEPC,1587060000,30.969,28.23,10
60,2,AECI,TEPC,1588377600,28.572,28.37,6
60,2,AECI,TEPC,1589695200,31.782,29.036,6
60,2,AECI,TEPC,1591012800,26.834,25.883,2
60,2,AECI,TEPC,1592330400,31.358,29.62,7
60,2,AECI,TEPC,1593648000,35.087,33.601,6
60,2,AECI,TEPC,1594965600,31.38,30.767,4
60,2,AECI,TEPC,1596283200,36.546,33.728,7
60,2,AECI,TEPC,1597600800,39.711,37.342,7
60,2,AECI,TEPC,1598918400,45.903,37.699,14
60,2,AECI,TEPC,1600236000,36.337,35.481,4
60,2,AECI,TEPC,1601553600,40.316,35.402,9
60,2,AECI,TEPC,1602871200,42.436,35.88,10
60,2,AECI,TEPC,1604188800,41.517,39.773,6
60,2,AECI,TEPC,1605506400,34.303,35.551,4
60,2,AECI,TEPC,1606824000,27.044,32.651,1
60,2,AECI,TEPC,1608141600,36.25,33.986,4
60,3,AECI,TEPC,1577836800,27.991,27.991,0
60,3,AECI,TEPC,1579154400,30.139,30.139,0
60,3,AECI,TEPC,1580472000,29.202,29.202,0
60,3,AECI,TEPC,1581789600,33.902,33.062,3
60,3,AECI,TEPC,1583107200,29.721,29.645,1
60,3,AECI,TEPC,1584424800,29.68,29.3,2
60,3,AECI,TEPC,1585742400,23.636,22.977,3
60,3,AECI,TEPC,1587060000,26.663,25.42,4
60,3,AECI,TEPC,1588377600,25.024,25.726,1
60,3,AECI,TEPC,1589695200,27.951,26.903,2
60,3,AECI,TEPC,1591012800,24.75,24.75,0
60,3,AECI,TEPC,1592330400,28.193,27.531,3
60,3,AECI,TEPC,1593648000,30.105,30.623,1
60,3,AECI,TEPC,1594965600,31.939,30.767,4
60,3,AECI,TEPC,1596283200,32.775,31.303,3
60,3,AECI,TEPC,1597600800,32.264,33.466,1
60,3,AECI,TEPC,1598918400,34.911,32.347,5
60,3,AECI,TEPC,1600236000,35.095,34.267,2
60,3,AECI,TEPC,1601553600,29.771,29.771,0
60,3,AECI,TEPC,1602871200,35.76,32.431,5
60,3,AECI,TEPC,1604188800,38.991,37.871,3
60,3,AECI,TEPC,1605506400,32.359,34.498,2
60,3,AECI,TEPC,1606824000,27.044,32.651,1
60,3,AECI,TEPC,1608141600,31.713,31.713,0
60,4,AECI,TEPC,1577836800,27.991,27.991,0
60,4,AECI,TEPC,1579154400,30.139,30.139,0
60,4,AECI,TEPC,1580472000,29.202,29.202,0
60,4,AECI,TEPC,1581789600,30.99,30.99,0
60,4,AECI,TEPC,1583107200,28.95,28.95,0
60,4,AECI,TEPC,1584424800,28.31,28.31,0
60,4,AECI,TEPC,1585742400,23.023,21.807,1
60,4,AECI,TEPC,1587060000,23.892,23.892,0
60,4,AECI,TEPC,1588377600,25.143,25.143,0
60,4,AECI,TEPC,1589695200,25.774,25.774,0
60,4,AECI,TEPC,1591012800,24.75,24.75,0
60,4,AECI,TEPC,1592330400,25.959,25.959,0
60,4,AECI,TEPC,1593648000,29.983,29.983,0
60,4,AECI,TEPC,1594965600,28.571,28.571,0
60,4,AECI,TEPC,1596283200,29.488,29.488,0
60,4,AECI,TEPC,1597600800,33.723,33.466,1
60,4,AECI,TEPC,1598918400,29.414,29.414,0
60,4,AECI,TEPC,1600236000,33.086,33.086,0
60,4,AECI,TEPC,1601553600,29.771,29.771,0
60,4,AECI,TEPC,1602871200,29.148,29.148,0
60,4,AECI,TEPC,1604188800,35.804,35.804,0
60,4,AECI,TEPC,1605506400,31.935,34.498,2
60,4,AECI,TEPC,1606824000,27.044,32.651,1
60,4,AECI,TEPC,1608141600,31.713,31.713,0
60,5,AECI,TEPC,1577836800,30.39,29.198,2
60,5,AECI,TEPC,1579154400,32.668,31.442,2
60,5,AECI,TEPC,1580472000,32.215,32.271,5
60,5,AECI,TEPC,1581789600,34.213,34.337,5
60,5,AECI,TEPC,1583107200,30.139,31.533,4
60,5,AECI,TEPC,1584424800,32.999,31.272,6
60,5,AECI,TEPC,1585742400,23.93,24.114,5
60,5,AECI,TEPC,1587060000,30.558,28.23,10
60,5,AECI,TEPC,1588377600,28.241,28.37,6
60,5,AECI,TEPC,1589695200,29.259,27.972,4
60,5,AECI,TEPC,1591012800,26.746,25.883,2
60,5,AECI,TEPC,1592330400,31.117,29.62,7
60,5,AECI,TEPC,1593648000,34.776,33.601,6
60,5,AECI,TEPC,1594965600,31.12,30.767,4
60,5,AECI,TEPC,1596283200,36.291,33.728,7
60,5,AECI,TEPC,1597600800,39.593,37.342,7
60,5,AECI,TEPC,1598918400,45.549,37.699,14
60,5,AECI,TEPC,1600236000,36.086,35.481,4
60,5,AECI,TEPC,1601553600,40.004,35.402,9
60,5,AECI,TEPC,1602871200,42.105,35.88,10
60,5,AECI,TEPC,1604188800,41.224,39.773,6
60,5,AECI,TEPC,1605506400,34.224,35.551,4
60,5,AECI,TEPC,1606824000,27.044,32.651,1
60,5,AECI,TEPC,1608141600,36.075,33.986,4
60,6,AECI,TEPC,1577836800,27.991,27.991,0
60,6,AECI,TEPC,1579154400,30.139,30.139,0
60,6,AECI,TEPC,1580472000,29.202,29.202,0
60,6,AECI,TEPC,1581789600,30.99,30.99,0
60,6,AECI,TEPC,1583107200,28.917,29.645,1
60,6,AECI,TEPC,1584424800,28.31,28.31,0
60,6,AECI,TEPC,1585742400,21.211,21.211,0
60,6,AECI,TEPC,1587060000,23.96,24.321,1
60,6,AECI,TEPC,1588377600,25.024,25.726,1
60,6,AECI,TEPC,1589695200,25.774,25.774,0
60,6,AECI,TEPC,1591012800,24.75,24.75,0
60,6,AECI,TEPC,1592330400,25.959,25.959,0
60,6,AECI,TEPC,1593648000,29.904,30.623,1
60,6,AECI,TEPC,1594965600,28.571,28.571,0
60,6,AECI,TEPC,1596283200,29.488,29.488,0
60,6,AECI,TEPC,1597600800,32.264,33.466,1
60,6,AECI,TEPC,1598918400,29.414,29.414,0
60,6,AECI,TEPC,1600236000,33.086,33.086,0
60,6,AECI,TEPC,1601553600,29.771,29.771,0
60,6,AECI,TEPC,1602871200,29.148,29.148,0
60,6,AECI,TEPC,1604188800,35.804,35.804,0
60,6,AECI,TEPC,1605506400,31.42,33.985,1
60,6,AECI,TEPC,1606824000,27.044,32.651,1
60,6,AECI,TEPC,1608141600,31.713,31.713,0
60,1,BANC,CISO,1577836800,9.634,9.634,0
60,1,BANC,CISO,1579154400,10.303,10.303,0
60,1,BANC,CISO,1580472000,7.054,7.054,0
60,1,BANC,CISO,1581789600,6.604,6.604,0
60,1,BANC,CISO,1583107200,6.624,6.624,0
60,1,BANC,CISO,1584424800,10.526,10.526,0
60,1,BANC,CISO,1585742400,5.601,5.601,0
60,1,BANC,CISO,1587060000,4.209,4.209,0
60,1,BANC,CISO,1588377600,5.401,5.401,0
60,1,BANC,CISO,1589695200,5.33,5.33,0
60,1,BANC,CISO,1591012800,5.354,5.354,0
60,1,BANC,CISO,1592330400,5.102,5.102,0
60,1,BANC,CISO,1593648000,4.762,4.762,0
60,1,BANC,CISO,1594965600,6.975,6.975,0
60,1,BANC,CISO,1596283200,7.162,7.162,0
60,1,BANC,CISO,1597600800,9.88,9.88,0
60,1,BANC,CISO,1598918400,9.479,9.479,0
60,1,BANC,CISO,1600236000,10.129,10.129,0
60,1,BANC,CISO,1601553600,10.238,10.238,0
60,1,BANC,CISO,1602871200,9.381,9.381,0
60,1,BANC,CISO,1604188800,11.003,11.003,0
60,1,BANC,CISO,1605506400,11.81,11.81,0
60,1,BANC,CISO,1606824000,13.726,13.726,0
60,1,BANC,CISO,1608141600,11.62,11.62,0
60,2,BANC,CISO,1577836800,10.786,10.303,4
60,2,BANC,CISO,1579154400,12.033,11.22,4
60,2,BANC,CISO,1580472000,7.599,7.371,2
60,2,BANC,CISO,1581789600,7.659,7.533,5
60,2,BANC,CISO,1583107200,7.403,7.074,4
60,2,BANC,CISO,1584424800,12.279,11.538,4
60,2,BANC,CISO,1585742400,6.227,5.995,4
60,2,BANC,CISO,1587060000,4.677,4.442,3
60,2,BANC,CISO,1588377600,5.676,5.96,6
60,2,BANC,CISO,1589695200,5.277,5.829,4
60,2,BANC,CISO,1591012800,5.863,5.622,2
60,2,BANC,CISO,1592330400,6.286,5.976,7
60,2,BANC,CISO,1593648000,5.379,5.139,4
60,2,BANC,CISO,1594965600,7.838,7.616,4
60,2,BANC,CISO,1596283200,8.225,7.932,5
60,2,BANC,CISO,1597600800,10.714,10.289,2
60,2,BANC,CISO,1598918400,10.403,10.08,4
60,2,BANC,CISO,1600236000,11.733,10.999,4
60,2,BANC,CISO,1601553600,12.279,11.305,5
60,2,BANC,CISO,1602871200,11.257,10.4,5
60,2,BANC,CISO,1604188800,12.261,11.56,4
60,2,BANC,CISO,1605506400,14.174,13.862,7
60,2,BANC,CISO,1606824000,16.23,16.223,9
60,2,BANC,CISO,1608141600,13.737,13.216,8
60,3,BANC,CISO,1577836800,10.377,9.984,2
60,3,BANC,CISO,1579154400,10.303,10.303,0
60,3,BANC,CISO,1580472000,7.054,7.054,0
60,3,BANC,CISO,1581789600,6.848,6.783,1
60,3,BANC,CISO,1583107200,7.007,6.865,2
60,3,BANC,CISO,1584424800,10.526,10.526,0
60,3,BANC,CISO,1585742400,5.601,5.601,0
60,3,BANC,CISO,1587060000,4.367,4.291,1
60,3,BANC,CISO,1588377600,6.012,5.764,4
60,3,BANC,CISO,1589695200,5.605,5.576,2
60,3,BANC,CISO,1591012800,5.354,5.354,0
60,3,BANC,CISO,1592330400,5.45,5.286,2
60,3,BANC,CISO,1593648000,5.069,4.952,2
60,3,BANC,CISO,1594965600,6.975,6.975,0
60,3,BANC,CISO,1596283200,7.162,7.162,0
60,3,BANC,CISO,1597600800,9.88,9.88,0
60,3,BANC,CISO,1598918400,10.87,10.08,4
60,3,BANC,CISO,1600236000,10.129,10.129,0
60,3,BANC,CISO,1601553600,10.238,10.238,0
60,3,BANC,CISO,1602871200,9.722,9.578,1
60,3,BANC,CISO,1604188800,11.003,11.003,0
60,3,BANC,CISO,1605506400,12.875,12.678,3
60,3,BANC,CISO,1606824000,12.18,14.057,1
60,3,BANC,CISO,1608141600,14.482,13.216,8
60,4,BANC,CISO,1577836800,9.634,9.634,0
60,4,BANC,CISO,1579154400,10.303,10.303,0
60,4,BANC,CISO,1580472000,7.054,7.054,0
60,4,BANC,CISO,1581789600,6.604,6.604,0
60,4,BANC,CISO,1583107200,6.624,6.624,0
60,4,BANC,CISO,1584424800,10.526,10.526,0
60,4,BANC,CISO,1585742400,5.601,5.601,0
60,4,BANC,CISO,1587060000,4.209,4.209,0
60,4,BANC,CISO,1588377600,5.401,5.401,0
60,4,BANC,CISO,1589695200,5.444,5.455,1
60,4,BANC,CISO,1591012800,5.354,5.354,0
60,4,BANC,CISO,1592330400,5.102,5.102,0
60,4,BANC,CISO,1593648000,4.762,4.762,0
60,4,BANC,CISO,1594965600,6.975,6.975,0
60,4,BANC,CISO,1596283200,7.162,7.162,0
60,4,BANC,CISO,1597600800,9.88,9.88,0
60,4,BANC,CISO,1598918400,9.479,9.479,0
60,4,BANC,CISO,1600236000,10.129,10.129,0
60,4,BANC,CISO,1601553600,10.238,10.238,0
60,4,BANC,CISO,1602871200,9.381,9.381,0
60,4,BANC,CISO,1604188800,11.003,11.003,0
60,4,BANC,CISO,1605506400,11.848,12.095,1
60,4,BANC,CISO,1606824000,12.18,14.057,1
60,4,BANC,CISO,1608141600,11.477,12.013,2
60,5,BANC,CISO,1577836800,10.547,10.303,4
60,5,BANC,CISO,1579154400,11.796,11.22,4
60,5,BANC,CISO,1580472000,7.55,7.371,2
60,5,BANC,CISO,1581789600,7.294,7.533,5
60,5,BANC,CISO,1583107200,7.221,7.074,4
60,5,BANC,CISO,1584424800,11.927,11.538,4
60,5,BANC,CISO,1585742400,6.182,6.131,5
60,5,BANC,CISO,1587060000,4.655,4.442,3
60,5,BANC,CISO,1588377600,4.975,5.764,4
60,5,BANC,CISO,1589695200,5.161,5.829,4
60,5,BANC,CISO,1591012800,5.843,5.622,2
60,5,BANC,CISO,1592330400,6.364,6.106,8
60,5,BANC,CISO,1593648000,5.317,5.139,4
60,5,BANC,CISO,1594965600,7.737,7.616,4
60,5,BANC,CISO,1596283200,8.11,7.932,5
60,5,BANC,CISO,1597600800,10.698,10.289,2
60,5,BANC,CISO,1598918400,10.298,10.08,4
60,5,BANC,CISO,1600236000,11.641,10.999,4
60,5,BANC,CISO,1601553600,12.15,11.305,5
60,5,BANC,CISO,1602871200,10.425,9.982,3
60,5,BANC,CISO,1604188800,12.106,11.56,4
60,5,BANC,CISO,1605506400,13.807,13.862,7
60,5,BANC,CISO,1606824000,15.82,16.223,9
60,5,BANC,CISO,1608141600,13.088,13.216,8
60,6,BANC,CISO,1577836800,9.634,9.634,0
60,6,BANC,CISO,1579154400,10.303,10.303,0
60,6,BANC,CISO,1580472000,7.054,7.054,0
60,6,BANC,CISO,1581789600,6.604,6.604,0
60,6,BANC,CISO,1583107200,6.624,6.624,0
60,6,BANC,CISO,1584424800,10.526,10.526,0
60,6,BANC,CISO,1585742400,5.601,5.601,0
60,6,BANC,CISO,1587060000,4.209,4.209,0
60,6,BANC,CISO,1588377600,5.428,5.501,1
60,6,BANC,CISO,1589695200,5.29,5.455,1
60,6,BANC,CISO,1591012800,5.354,5.354,0
60,6,BANC,CISO,1592330400,5.102,5.102,0
60,6,BANC,CISO,1593648000,4.762,4.762,0
60,6,BANC,CISO,1594965600,6.975,6.975,0
60,6,BANC,CISO,1596283200,7.162,7.162,0
60,6,BANC,CISO,1597600800,9.88,9.88,0
60,6,BANC,CISO,1598918400,9.479,9.479,0
60,6,BANC,CISO,1600236000,10.129,10.129,0
60,6,BANC,CISO,1601553600,10.238,10.238,0
60,6,BANC,CISO,1602871200,9.381,9.381,0
60,6,BANC,CISO,1604188800,11.003,11.003,0
60,6,BANC,CISO,1605506400,11.748,12.095,1
60,6,BANC,CISO,1606824000,12.18,14.057,1
60,6,BANC,CISO,1608141600,11.62,11.62,0
60,1,CISO,BANC,1577836800,12.402,12.402,0
60,1,CISO,BANC,1579154400,13.357,13.357,0
60,1,CISO,BANC,1580472000,11.216,11.216,0
60,1,CISO,BANC,1581789600,9.848,9.848,0
60,1,CISO,BANC,1583107200,9.903,9.903,0
60,1,CISO,BANC,1584424800,12.883,12.883,0
60,1,CISO,BANC,1585742400,7.582,7.582,0
60,1,CISO,BANC,1587060000,7.672,7.672,0
60,1,CISO,BANC,1588377600,5.359,5.359,0
60,1,CISO,BANC,1589695200,5.976,5.976,0
60,1,CISO,BANC,1591012800,9.004,9.004,0
60,1,CISO,BANC,1592330400,6.312,6.312,0
60,1,CISO,BANC,1593648000,7.005,7.005,0
60,1,CISO,BANC,1594965600,8.607,8.607,0
60,1,CISO,BANC,1596283200,8.788,8.788,0
60,1,CISO,BANC,1597600800,12.113,12.113,0
60,1,CISO,BANC,1598918400,10.471,10.471,0
60,1,CISO,BANC,1600236000,12.075,12.075,0
60,1,CISO,BANC,1601553600,12.36,12.36,0
60,1,CISO,BANC,1602871200,13.505,13.505,0
60,1,CISO,BANC,1604188800,13.674,13.674,0
60,1,CISO,BANC,1605506400,11.755,11.755,0
60,1,CISO,BANC,1606824000,11.541,11.541,0
60,1,CISO,BANC,1608141600,11.483,11.483,0
60,2,CISO,BANC,1577836800,11.39,14.008,5
60,2,CISO,BANC,1579154400,12.72,15.029,5
60,2,CISO,BANC,1580472000,8.165,11.997,3
60,2,CISO,BANC,1581789600,7.325,10.341,4
60,2,CISO,BANC,1583107200,7.7,11.135,5
60,2,CISO,BANC,1584424800,12.945,14.347,5
60,2,CISO,BANC,1585742400,6.91,8.47,6
60,2,CISO,BANC,1587060000,4.472,7.82,2
60,2,CISO,BANC,1588377600,5.408,5.989,5
60,2,CISO,BANC,1589695200,5.65,6.667,5
60,2,CISO,BANC,1591012800,6.253,9.629,3
60,2,CISO,BANC,1592330400,5.972,7.0,6
60,2,CISO,BANC,1593648000,5.634,7.917,5
60,2,CISO,BANC,1594965600,8.284,9.673,5
60,2,CISO,BANC,1596283200,8.612,9.672,6
60,2,CISO,BANC,1597600800,10.293,12.335,1
60,2,CISO,BANC,1598918400,10.827,11.66,5
60,2,CISO,BANC,1600236000,12.289,13.442,5
60,2,CISO,BANC,1601553600,12.822,13.744,6
60,2,CISO,BANC,1602871200,10.848,14.164,4
60,2,CISO,BANC,1604188800,12.766,15.204,5
60,2,CISO,BANC,1605506400,14.843,13.809,8
60,2,CISO,BANC,1606824000,15.696,13.327,8
60,2,CISO,BANC,1608141600,14.119,13.385,9
60,3,CISO,BANC,1577836800,10.245,12.704,1
60,3,CISO,BANC,1579154400,10.979,13.688,1
60,3,CISO,BANC,1580472000,7.63,11.477,1
60,3,CISO,BANC,1581789600,7.08,10.091,2
60,3,CISO,BANC,1583107200,7.407,10.584,3
60,3,CISO,BANC,1584424800,11.201,13.177,1
60,3,CISO,BANC,1585742400,6.012,7.771,1
60,3,CISO,BANC,1587060000,4.5,7.82,2
60,3,CISO,BANC,1588377600,5.806,5.667,3
60,3,CISO,BANC,1589695200,5.896,6.393,3
60,3,CISO,BANC,1591012800,5.744,9.23,1
60,3,CISO,BANC,1592330400,5.783,6.742,4
60,3,CISO,BANC,1593648000,5.304,7.505,3
60,3,CISO,BANC,1594965600,7.393,8.825,1
60,3,CISO,BANC,1596283200,7.582,8.975,1
60,3,CISO,BANC,1597600800,10.28,12.335,1
60,3,CISO,BANC,1598918400,11.331,11.66,5
60,3,CISO,BANC,1600236000,10.704,12.356,1
60,3,CISO,BANC,1601553600,10.803,12.627,1
60,3,CISO,BANC,1602871200,10.076,13.823,2
60,3,CISO,BANC,1604188800,11.504,13.941,1
60,3,CISO,BANC,1605506400,12.556,12.272,2
60,3,CISO,BANC,1606824000,11.541,11.541,0
60,3,CISO,BANC,1608141600,12.123,11.812,2
60,4,CISO,BANC,1577836800,10.245,12.704,1
60,4,CISO,BANC,1579154400,10.979,13.688,1
60,4,CISO,BANC,1580472000,7.63,11.477,1
60,4,CISO,BANC,1581789600,6.893,9.97,1
60,4,CISO,BANC,1583107200,6.939,10.08,1
60,4,CISO,BANC,1584424800,11.201,13.177,1
60,4,CISO,BANC,1585742400,6.012,7.771,1
60,4,CISO,BANC,1587060000,4.352,7.748,1
60,4,CISO,BANC,1588377600,5.359,5.359,0
60,4,CISO,BANC,1589695200,6.148,6.257,2
60,4,CISO,BANC,1591012800,5.744,9.23,1
60,4,CISO,BANC,1592330400,5.031,6.409,1
60,4,CISO,BANC,1593648000,5.017,7.141,1
60,4,CISO,BANC,1594965600,7.393,8.825,1
60,4,CISO,BANC,1596283200,7.582,8.975,1
60,4,CISO,BANC,1597600800,10.28,12.335,1
60,4,CISO,BANC,1598918400,10.471,10.471,0
60,4,CISO,BANC,1600236000,10.704,12.356,1
60,4,CISO,BANC,1601553600,10.803,12.627,1
60,4,CISO,BANC,1602871200,9.785,13.665,1
60,4,CISO,BANC,1604188800,12.317,13.941,1
60,4,CISO,BANC,1605506400,11.755,11.755,0
60,4,CISO,BANC,1606824000,11.541,11.541,0
60,4,CISO,BANC,1608141600,11.089,11.648,1
60,5,CISO,BANC,1577836800,11.152,14.008,5
60,5,CISO,BANC,1579154400,12.484,15.029,5
60,5,CISO,BANC,1580472000,8.115,11.997,3
60,5,CISO,BANC,1581789600,6.96,10.341,4
60,5,CISO,BANC,1583107200,7.517,11.135,5
60,5,CISO,BANC,1584424800,12.592,14.347,5
60,5,CISO,BANC,1585742400,6.593,8.47,6
60,5,CISO,BANC,1587060000,4.45,7.82,2
60,5,CISO,BANC,1588377600,5.122,5.989,5
60,5,CISO,BANC,1589695200,5.534,6.667,5
60,5,CISO,BANC,1591012800,6.233,9.629,3
60,5,CISO,BANC,1592330400,5.779,7.0,6
60,5,CISO,BANC,1593648000,5.573,7.917,5
60,5,CISO,BANC,1594965600,8.183,9.673,5
60,5,CISO,BANC,1596283200,8.497,9.672,6
60,5,CISO,BANC,1597600800,10.277,12.335,1
60,5,CISO,BANC,1598918400,10.722,11.66,5
60,5,CISO,BANC,1600236000,12.196,13.442,5
60,5,CISO,BANC,1601553600,12.693,13.744,6
60,5,CISO,BANC,1602871200,10.807,14.164,4
60,5,CISO,BANC,1604188800,12.611,15.204,5
60,5,CISO,BANC,1605506400,15.444,14.309,10
60,5,CISO,BANC,1606824000,15.287,13.327,8
60,5,CISO,BANC,1608141600,12.73,12.808,7
60,6,CISO,BANC,1577836800,10.245,12.704,1
60,6,CISO,BANC,1579154400,10.979,13.688,1
60,6,CISO,BANC,1580472000,7.63,11.477,1
60,6,CISO,BANC,1581789600,6.893,9.97,1
60,6,CISO,BANC,1583107200,6.939,10.08,1
60,6,CISO,BANC,1584424800,11.201,13.177,1
60,6,CISO,BANC,1585742400,6.012,7.771,1
60,6,CISO,BANC,1587060000,4.352,7.748,1
60,6,CISO,BANC,1588377600,5.359,5.359,0
60,6,CISO,BANC,1589695200,5.671,6.257,2
60,6,CISO,BANC,1591012800,5.744,9.23,1
60,6,CISO,BANC,1592330400,5.205,6.409,1
60,6,CISO,BANC,1593648000,5.017,7.141,1
60,6,CISO,BANC,1594965600,7.393,8.825,1
60,6,CISO,BANC,1596283200,7.582,8.975,1
60,6,CISO,BANC,1597600800,10.28,12.335,1
60,6,CISO,BANC,1598918400,9.87,10.673,1
60,6,CISO,BANC,1600236000,10.704,12.356,1
60,6,CISO,BANC,1601553600,10.803,12.627,1
60,6,CISO,BANC,1602871200,9.785,13.665,1
60,6,CISO,BANC,1604188800,11.504,13.941,1
60,6,CISO,BANC,1605506400,11.755,11.755,0
60,6,CISO,BANC,1606824000,11.541,11.541,0
60,6,CISO,BANC,1608141600,11.567,11.648,1
60,1,EPE,AECI,1577836800,26.946,26.946,0
60,1,EPE,AECI,1579154400,27.639,27.639,0
60,1,EPE,AECI,1580472000,24.201,24.201,0
60,1,EPE,AECI,1581789600,23.463,23.463,0
60,1,EPE,AECI,1583107200,27.005,27.005,0
60,1,EPE,AECI,1584424800,27.241,27.241,0
60,1,EPE,AECI,1585742400,21.947,21.947,0
60,1,EPE,AECI,1587060000,22.891,22.891,0
60,1,EPE,AECI,1588377600,24.48,24.48,0
60,1,EPE,AECI,1589695200,25.238,25.238,0
60,1,EPE,AECI,1591012800,26.114,26.114,0
60,1,EPE,AECI,1592330400,26.021,26.021,0
60,1,EPE,AECI,1593648000,26.402,26.402,0
60,1,EPE,AECI,1594965600,27.925,27.925,0
60,1,EPE,AECI,1596283200,27.295,27.295,0
60,1,EPE,AECI,1597600800,28.635,28.635,0
60,1,EPE,AECI,1598918400,27.13,27.13,0
60,1,EPE,AECI,1600236000,26.63,26.63,0
60,1,EPE,AECI,1601553600,29.343,29.343,0
60,1,EPE,AECI,1602871200,29.864,29.864,0
60,1,EPE,AECI,1604188800,28.659,28.659,0
60,1,EPE,AECI,1605506400,27.195,27.195,0
60,1,EPE,AECI,1606824000,26.511,26.511,0
60,1,EPE,AECI,1608141600,28.727,28.727,0
60,2,EPE,AECI,1577836800,37.198,32.433,9
60,2,EPE,AECI,1579154400,30.089,28.843,2
60,2,EPE,AECI,1580472000,25.705,25.314,2
60,2,EPE,AECI,1581789600,23.463,23.463,0
60,2,EPE,AECI,1583107200,31.523,29.988,5
60,2,EPE,AECI,1584424800,35.315,31.496,8
60,2,EPE,AECI,1585742400,23.945,23.741,4
60,2,EPE,AECI,1587060000,26.517,25.032,5
60,2,EPE,AECI,1588377600,27.15,26.526,4
60,2,EPE,AECI,1589695200,31.926,29.58,7
60,2,EPE,AECI,1591012800,32.551,30.288,8
60,2,EPE,AECI,1592330400,34.642,30.884,9
60,2,EPE,AECI,1593648000,31.009,28.64,4
60,2,EPE,AECI,1594965600,32.94,31.044,5
60,2,EPE,AECI,1596283200,34.029,30.567,6
60,2,EPE,AECI,1597600800,31.053,29.682,2
60,2,EPE,AECI,1598918400,34.11,30.657,6
60,2,EPE,AECI,1600236000,26.63,26.63,0
60,2,EPE,AECI,1601553600,32.621,31.854,4
60,2,EPE,AECI,1602871200,32.267,32.142,4
60,2,EPE,AECI,1604188800,33.349,31.017,4
60,2,EPE,AECI,1605506400,28.157,27.785,1
60,2,EPE,AECI,1606824000,28.988,27.737,2
60,2,EPE,AECI,1608141600,40.866,34.743,10
60,3,EPE,AECI,1577836800,26.946,26.946,0
60,3,EPE,AECI,1579154400,27.639,27.639,0
60,3,EPE,AECI,1580472000,26.031,25.314,2
60,3,EPE,AECI,1581789600,23.463,23.463,0
60,3,EPE,AECI,1583107200,27.005,27.005,0
60,3,EPE,AECI,1584424800,28.128,27.805,1
60,3,EPE,AECI,1585742400,24.767,23.741,4
60,3,EPE,AECI,1587060000,22.891,22.891,0
60,3,EPE,AECI,1588377600,24.48,24.48,0
60,3,EPE,AECI,1589695200,26.347,25.814,1
60,3,EPE,AECI,1591012800,26.022,26.713,1
60,3,EPE,AECI,1592330400,27.643,27.056,2
60,3,EPE,AECI,1593648000,26.402,26.402,0
60,3,EPE,AECI,1594965600,31.06,29.785,3
60,3,EPE,AECI,1596283200,28.356,27.913,1
60,3,EPE,AECI,1597600800,28.635,28.635,0
60,3,EPE,AECI,1598918400,30.525,28.872,3
60,3,EPE,AECI,1600236000,26.63,26.63,0
60,3,EPE,AECI,1601553600,30.524,30.029,1
60,3,EPE,AECI,1602871200,31.369,31.021,2
60,3,EPE,AECI,1604188800,28.659,28.659,0
60,3,EPE,AECI,1605506400,28.135,27.785,1
60,3,EPE,AECI,1606824000,28.992,27.737,2
60,3,EPE,AECI,1608141600,31.085,29.84,2
60,4,EPE,AECI,1577836800,26.946,26.946,0
60,4,EPE,AECI,1579154400,27.639,27.639,0
60,4,EPE,AECI,1580472000,24.201,24.201,0
60,4,EPE,AECI,1581789600,23.463,23.463,0
60,4,EPE,AECI,1583107200,27.005,27.005,0
60,4,EPE,AECI,1584424800,27.241,27.241,0
60,4,EPE,AECI,1585742400,21.947,21.947,0
60,4,EPE,AECI,1587060000,22.891,22.891,0
60,4,EPE,AECI,1588377600,24.48,24.48,0
60,4,EPE,AECI,1589695200,25.238,25.238,0
60,4,EPE,AECI,1591012800,26.114,26.114,0
60,4,EPE,AECI,1592330400,26.021,26.021,0
60,4,EPE,AECI,1593648000,26.402,26.402,0
60,4,EPE,AECI,1594965600,27.925,27.925,0
60,4,EPE,AECI,1596283200,27.295,27.295,0
60,4,EPE,AECI,1597600800,28.635,28.635,0
60,4,EPE,AECI,1598918400,27.13,27.13,0
60,4,EPE,AECI,1600236000,26.63,26.63,0
60,4,EPE,AECI,1601553600,29.343,29.343,0
60,4,EPE,AECI,1602871200,29.864,29.864,0
60,4,EPE,AECI,1604188800,28.659,28.659,0
60,4,EPE,AECI,1605506400,27.195,27.195,0
60,4,EPE,AECI,1606824000,26.511,26.511,0
60,4,EPE,AECI,1608141600,28.727,28.727,0
60,5,EPE,AECI,1577836800,36.927,32.433,9
60,5,EPE,AECI,1579154400,29.953,28.843,2
60,5,EPE,AECI,1580472000,25.621,25.314,2
60,5,EPE,AECI,1581789600,23.463,23.463,0
60,5,EPE,AECI,1583107200,31.211,29.988,5
60,5,EPE,AECI,1584424800,35.17,31.496,8
60,5,EPE,AECI,1585742400,23.773,23.741,4
60,5,EPE,AECI,1587060000,26.331,25.032,5
60,5,EPE,AECI,1588377600,27.97,27.046,5
60,5,EPE,AECI,1589695200,31.657,29.58,7
60,5,EPE,AECI,1591012800,30.094,29.272,6
60,5,EPE,AECI,1592330400,34.237,30.884,9
60,5,EPE,AECI,1593648000,30.783,28.64,4
60,5,EPE,AECI,1594965600,32.699,31.044,5
60,5,EPE,AECI,1596283200,31.537,29.55,4
60,5,EPE,AECI,1597600800,30.964,29.682,2
60,5,EPE,AECI,1598918400,35.191,31.259,7
60,5,EPE,AECI,1600236000,27.8,27.225,1
60,5,EPE,AECI,1601553600,32.429,31.854,4
60,5,EPE,AECI,1602871200,32.182,32.142,4
60,5,EPE,AECI,1604188800,33.198,31.017,4
60,5,EPE,AECI,1605506400,28.143,27.785,1
60,5,EPE,AECI,1606824000,28.954,27.737,2
60,5,EPE,AECI,1608141600,40.669,34.743,10
60,6,EPE,AECI,1577836800,26.946,26.946,0
60,6,EPE,AECI,1579154400,27.639,27.639,0
60,6,EPE,AECI,1580472000,24.201,24.201,0
60,6,EPE,AECI,1581789600,23.463,23.463,0
60,6,EPE,AECI,1583107200,27.005,27.005,0
60,6,EPE,AECI,1584424800,27.241,27.241,0
60,6,EPE,AECI,1585742400,21.947,21.947,0
60,6,EPE,AECI,1587060000,22.891,22.891,0
60,6,EPE,AECI,1588377600,24.48,24.48,0
60,6,EPE,AECI,1589695200,25.238,25.238,0
60,6,EPE,AECI,1591012800,26.022,26.713,1
60,6,EPE,AECI,1592330400,26.021,26.021,0
60,6,EPE,AECI,1593648000,26.402,26.402,0
60,6,EPE,AECI,1594965600,27.925,27.925,0
60,6,EPE,AECI,1596283200,27.295,27.295,0
60,6,EPE,AECI,1597600800,28.635,28.635,0
60,6,EPE,AECI,1598918400,27.13,27.13,0
60,6,EPE,AECI,1600236000,26.63,26.63,0
60,6,EPE,AECI,1601553600,29.331,30.029,1
60,6,EPE,AECI,1602871200,29.796,30.447,1
60,6,EPE,AECI,1604188800,28.659,28.659,0
60,6,EPE,AECI,1605506400,27.195,27.195,0
60,6,EPE,AECI,1606824000,26.511,26.511,0
60,6,EPE,AECI,1608141600,28.727,28.727,0
60,1,EPE,PSCO,1577836800,26.946,26.946,0
60,1,EPE,PSCO,1579154400,27.639,27.639,0
60,1,EPE,PSCO,1580472000,24.201,24.201,0
60,1,EPE,PSCO,1581789600,23.463,23.463,0
60,1,EPE,PSCO,1583107200,27.005,27.005,0
60,1,EPE,PSCO,1584424800,27.241,27.241,0
60,1,EPE,PSCO,1585742400,21.947,21.947,0
60,1,EPE,PSCO,1587060000,22.891,22.891,0
60,1,EPE,PSCO,1588377600,24.48,24.48,0
60,1,EPE,PSCO,1589695200,25.238,25.238,0
60,1,EPE,PSCO,1591012800,26.114,26.114,0
60,1,EPE,PSCO,1592330400,26.021,26.021,0
60,1,EPE,PSCO,1593648000,26.402,26.402,0
60,1,EPE,PSCO,1594965600,27.925,27.925,0
60,1,EPE,PSCO,1596283200,27.295,27.295,0
60,1,EPE,PSCO,1597600800,28.635,28.635,0
60,1,EPE,PSCO,1598918400,27.13,27.13,0
60,1,EPE,PSCO,1600236000,26.63,26.63,0
60,1,EPE,PSCO,1601553600,29.343,29.343,0
60,1,EPE,PSCO,1602871200,29.864,29.864,0
60,1,EPE,PSCO,1604188800,28.659,28.659,0
60,1,EPE,PSCO,1605506400,27.195,27.195,0
60,1,EPE,PSCO,1606824000,26.511,26.511,0
60,1,EPE,PSCO,1608141600,28.727,28.727,0
60,2,EPE,PSCO,1577836800,30.163,29.366,4
60,2,EPE,PSCO,1579154400,27.655,30.709,5
60,2,EPE,PSCO,1580472000,31.662,29.212,10
60,2,EPE,PSCO,1581789600,28.935,26.158,6
60,2,EPE,PSCO,1583107200,30.761,29.988,5
60,2,EPE,PSCO,1584424800,33.073,30.435,6
60,2,EPE,PSCO,1585742400,23.394,22.918,2
60,2,EPE,PSCO,1587060000,24.577,23.711,2
60,2,EPE,PSCO,1588377600,30.146,28.087,7
60,2,EPE,PSCO,1589695200,24.591,27.033,3
60,2,EPE,PSCO,1591012800,30.585,28.26,4
60,2,EPE,PSCO,1592330400,27.483,28.094,4
60,2,EPE,PSCO,1593648000,28.617,29.21,5
60,2,EPE,PSCO,1594965600,33.581,31.686,6
60,2,EPE,PSCO,1596283200,30.201,30.061,5
60,2,EPE,PSCO,1597600800,29.196,30.722,4
60,2,EPE,PSCO,1598918400,29.201,28.289,2
60,2,EPE,PSCO,1600236000,27.532,29.732,5
60,2,EPE,PSCO,1601553600,32.955,33.472,7
60,2,EPE,PSCO,1602871200,34.543,33.916,7
60,2,EPE,PSCO,1604188800,35.955,32.869,7
60,2,EPE,PSCO,1605506400,30.423,30.042,5
60,2,EPE,PSCO,1606824000,20.754,27.136,1
60,2,EPE,PSCO,1608141600,24.072,29.287,1
60,3,EPE,PSCO,1577836800,31.348,29.366,4
60,3,EPE,PSCO,1579154400,23.5,28.24,1
60,3,EPE,PSCO,1580472000,23.221,24.759,1
60,3,EPE,PSCO,1581789600,24.332,23.904,1
60,3,EPE,PSCO,1583107200,27.207,27.594,1
60,3,EPE,PSCO,1584424800,29.302,28.334,2
60,3,EPE,PSCO,1585742400,21.947,21.947,0
60,3,EPE,PSCO,1587060000,22.891,22.891,0
60,3,EPE,PSCO,1588377600,24.48,24.48,0
60,3,EPE,PSCO,1589695200,24.171,25.814,1
60,3,EPE,PSCO,1591012800,26.114,26.114,0
60,3,EPE,PSCO,1592330400,25.0,26.538,1
60,3,EPE,PSCO,1593648000,27.039,28.072,3
60,3,EPE,PSCO,1594965600,28.804,28.543,1
60,3,EPE,PSCO,1596283200,27.873,27.913,1
60,3,EPE,PSCO,1597600800,27.073,29.682,2
60,3,EPE,PSCO,1598918400,27.13,27.13,0
60,3,EPE,PSCO,1600236000,24.327,27.225,1
60,3,EPE,PSCO,1601553600,27.301,30.029,1
60,3,EPE,PSCO,1602871200,29.363,31.021,2
60,3,EPE,PSCO,1604188800,28.659,28.659,0
60,3,EPE,PSCO,1605506400,30.13,28.931,3
60,3,EPE,PSCO,1606824000,20.754,27.136,1
60,3,EPE,PSCO,1608141600,24.072,29.287,1
60,4,EPE,PSCO,1577836800,26.946,26.946,0
60,4,EPE,PSCO,1579154400,23.5,28.24,1
60,4,EPE,PSCO,1580472000,24.201,24.201,0
60,4,EPE,PSCO,1581789600,23.463,23.463,0
60,4,EPE,PSCO,1583107200,27.005,27.005,0
60,4,EPE,PSCO,1584424800,27.241,27.241,0
60,4,EPE,PSCO,1585742400,21.947,21.947,0
60,4,EPE,PSCO,1587060000,22.891,22.891,0
60,4,EPE,PSCO,1588377600,25.568,24.965,1
60,4,EPE,PSCO,1589695200,23.007,25.814,1
60,4,EPE,PSCO,1591012800,26.114,26.114,0
60,4,EPE,PSCO,1592330400,26.021,26.021,0
60,4,EPE,PSCO,1593648000,26.402,26.402,0
60,4,EPE,PSCO,1594965600,27.925,27.925,0
60,4,EPE,PSCO,1596283200,26.962,27.913,1
60,4,EPE,PSCO,1597600800,26.922,29.159,1
60,4,EPE,PSCO,1598918400,27.13,27.13,0
60,4,EPE,PSCO,1600236000,25.147,27.225,1
60,4,EPE,PSCO,1601553600,27.058,30.029,1
60,4,EPE,PSCO,1602871200,28.481,30.447,1
60,4,EPE,PSCO,1604188800,28.659,28.659,0
60,4,EPE,PSCO,1605506400,27.195,27.195,0
60,4,EPE,PSCO,1606824000,20.754,27.136,1
60,4,EPE,PSCO,1608141600,24.072,29.287,1
60,5,EPE,PSCO,1577836800,29.88,29.366,4
60,5,EPE,PSCO,1579154400,27.286,30.709,5
60,5,EPE,PSCO,1580472000,31.364,29.212,10
60,5,EPE,PSCO,1581789600,28.774,26.158,6
60,5,EPE,PSCO,1583107200,30.51,29.988,5
60,5,EPE,PSCO,1584424800,32.901,30.435,6
60,5,EPE,PSCO,1585742400,23.126,22.918,2
60,5,EPE,PSCO,1587060000,24.48,23.711,2
60,5,EPE,PSCO,1588377600,29.819,28.087,7
60,5,EPE,PSCO,1589695200,24.474,27.033,3
60,5,EPE,PSCO,1591012800,28.216,27.251,2
60,5,EPE,PSCO,1592330400,27.219,28.094,4
60,5,EPE,PSCO,1593648000,28.485,29.21,5
60,5,EPE,PSCO,1594965600,33.354,31.686,6
60,5,EPE,PSCO,1596283200,30.131,30.061,5
60,5,EPE,PSCO,1597600800,29.089,30.722,4
60,5,EPE,PSCO,1598918400,30.182,28.872,3
60,5,EPE,PSCO,1600236000,27.325,29.732,5
60,5,EPE,PSCO,1601553600,32.547,33.472,7
60,5,EPE,PSCO,1602871200,34.247,33.916,7
60,5,EPE,PSCO,1604188800,35.643,32.869,7
60,5,EPE,PSCO,1605506400,30.237,30.042,5
60,5,EPE,PSCO,1606824000,20.754,27.136,1
60,5,EPE,PSCO,1608141600,24.072,29.287,1
60,6,EPE,PSCO,1577836800,26.792,27.54,1
60,6,EPE,PSCO,1579154400,23.5,28.24,1
60,6,EPE,PSCO,1580472000,23.221,24.759,1
60,6,EPE,PSCO,1581789600,23.463,23.463,0
60,6,EPE,PSCO,1583107200,27.161,27.594,1
60,6,EPE,PSCO,1584424800,27.241,27.241,0
60,6,EPE,PSCO,1585742400,21.947,21.947,0
60,6,EPE,PSCO,1587060000,22.891,22.891,0
60,6,EPE,PSCO,1588377600,24.48,24.48,0
60,6,EPE,PSCO,1589695200,24.171,25.814,1
60,6,EPE,PSCO,1591012800,26.114,26.114,0
60,6,EPE,PSCO,1592330400,25.0,26.538,1
60,6,EPE,PSCO,1593648000,25.111,26.945,1
60,6,EPE,PSCO,1594965600,27.925,27.925,0
60,6,EPE,PSCO,1596283200,27.427,27.913,1
60,6,EPE,PSCO,1597600800,26.401,29.159,1
60,6,EPE,PSCO,1598918400,27.13,27.13,0
60,6,EPE,PSCO,1600236000,24.327,27.225,1
60,6,EPE,PSCO,1601553600,27.301,30.029,1
60,6,EPE,PSCO,1602871200,28.481,30.447,1
60,6,EPE,PSCO,1604188800,28.659,28.659,0
60,6,EPE,PSCO,1605506400,27.195,27.195,0
60,6,EPE,PSCO,1606824000,20.754,27.136,1
60,6,EPE,PSCO,1608141600,24.072,29.287,1
60,1,PACE,AECI,1577836800,29.606,29.606,0
60,1,PACE,AECI,1579154400,31.258,31.258,0
60,1,PACE,AECI,1580472000,26.441,26.441,0
60,1,PACE,AECI,1581789600,26.244,26.244,0
60,1,PACE,AECI,1583107200,27.863,27.863,0
60,1,PACE,AECI,1584424800,33.66,33.66,0
60,1,PACE,AECI,1585742400,30.11,30.11,0
60,1,PACE,AECI,1587060000,29.92,29.92,0
60,1,PACE,AECI,1588377600,26.092,26.092,0
60,1,PACE,AECI,1589695200,29.135,29.135,0
60,1,PACE,AECI,1591012800,30.797,30.797,0
60,1,PACE,AECI,1592330400,26.769,26.769,0
60,1,PACE,AECI,1593648000,28.187,28.187,0
60,1,PACE,AECI,1594965600,26.382,26.382,0
60,1,PACE,AECI,1596283200,31.055,31.055,0
60,1,PACE,AECI,1597600800,33.719,33.719,0
60,1,PACE,AECI,1598918400,31.987,31.987,0
60,1,PACE,AECI,1600236000,34.388,34.388,0
60,1,PACE,AECI,1601553600,33.411,33.411,0
60,1,PACE,AECI,1602871200,28.206,28.206,0
60,1,PACE,AECI,1604188800,34.413,34.413,0
60,1,PACE,AECI,1605506400,30.768,30.768,0
60,1,PACE,AECI,1606824000,32.138,32.138,0
60,1,PACE,AECI,1608141600,29.524,29.524,0
60,2,PACE,AECI,1577836800,30.873,31.491,3
60,2,PACE,AECI,1579154400,38.326,35.794,7
60,2,PACE,AECI,1580472000,30.135,28.765,4
60,2,PACE,AECI,1581789600,28.33,27.272,2
60,2,PACE,AECI,1583107200,30.848,30.771,5
60,2,PACE,AECI,1584424800,31.718,36.079,3
60,2,PACE,AECI,1585742400,22.538,30.789,1
60,2,PACE,AECI,1587060000,26.37,31.467,3
60,2,PACE,AECI,1588377600,27.549,28.701,5
60,2,PACE,AECI,1589695200,30.925,32.263,5
60,2,PACE,AECI,1591012800,28.028,32.831,3
60,2,PACE,AECI,1592330400,26.712,28.605,3
60,2,PACE,AECI,1593648000,33.101,31.468,5
60,2,PACE,AECI,1594965600,34.114,31.102,7
60,2,PACE,AECI,1596283200,40.001,36.519,9
60,2,PACE,AECI,1597600800,48.895,41.74,12
60,2,PACE,AECI,1598918400,35.255,35.079,5
60,2,PACE,AECI,1600236000,38.847,38.08,5
60,2,PACE,AECI,1601553600,37.251,37.669,6
60,2,PACE,AECI,1602871200,30.505,30.164,4
60,2,PACE,AECI,1604188800,39.371,37.897,5
60,2,PACE,AECI,1605506400,33.681,32.613,3
60,2,PACE,AECI,1606824000,38.581,35.984,6
60,2,PACE,AECI,1608141600,39.218,34.792,8
60,3,PACE,AECI,1577836800,31.231,31.491,3
60,3,PACE,AECI,1579154400,33.981,33.238,3
60,3,PACE,AECI,1580472000,27.128,27.027,1
60,3,PACE,AECI,1581789600,26.244,26.244,0
60,3,PACE,AECI,1583107200,27.863,27.863,0
60,3,PACE,AECI,1584424800,29.804,34.478,1
60,3,PACE,AECI,1585742400,22.538,30.789,1
60,3,PACE,AECI,1587060000,24.997,30.442,1
60,3,PACE,AECI,1588377600,26.915,26.958,2
60,3,PACE,AECI,1589695200,29.321,31.045,3
60,3,PACE,AECI,1591012800,26.207,31.508,1
60,3,PACE,AECI,1592330400,26.782,27.372,1
60,3,PACE,AECI,1593648000,28.187,28.187,0
60,3,PACE,AECI,1594965600,27.15,27.086,1
60,3,PACE,AECI,1596283200,30.917,31.767,1
60,3,PACE,AECI,1597600800,39.171,36.933,5
60,3,PACE,AECI,1598918400,32.853,33.811,3
60,3,PACE,AECI,1600236000,36.928,36.552,3
60,3,PACE,AECI,1601553600,31.396,34.231,1
60,3,PACE,AECI,1602871200,31.915,30.164,4
60,3,PACE,AECI,1604188800,38.123,36.49,3
60,3,PACE,AECI,1605506400,31.518,31.369,1
60,3,PACE,AECI,1606824000,39.197,35.984,6
60,3,PACE,AECI,1608141600,30.414,30.18,1
60,4,PACE,AECI,1577836800,29.264,30.229,1
60,4,PACE,AECI,1579154400,31.258,31.258,0
60,4,PACE,AECI,1580472000,26.441,26.441,0
60,4,PACE,AECI,1581789600,26.244,26.244,0
60,4,PACE,AECI,1583107200,27.863,27.863,0
60,4,PACE,AECI,1584424800,29.804,34.478,1
60,4,PACE,AECI,1585742400,22.538,30.789,1
60,4,PACE,AECI,1587060000,24.997,30.442,1
60,4,PACE,AECI,1588377600,25.234,26.958,2
60,4,PACE,AECI,1589695200,27.274,29.807,1
60,4,PACE,AECI,1591012800,26.207,31.508,1
60,4,PACE,AECI,1592330400,25.757,27.372,1
60,4,PACE,AECI,1593648000,28.187,28.187,0
60,4,PACE,AECI,1594965600,26.382,26.382,0
60,4,PACE,AECI,1596283200,31.055,31.055,0
60,4,PACE,AECI,1597600800,33.719,33.719,0
60,4,PACE,AECI,1598918400,31.987,31.987,0
60,4,PACE,AECI,1600236000,34.388,34.388,0
60,4,PACE,AECI,1601553600,32.448,34.231,1
60,4,PACE,AECI,1602871200,28.206,28.206,0
60,4,PACE,AECI,1604188800,34.413,34.413,0
60,4,PACE,AECI,1605506400,30.768,30.768,0
60,4,PACE,AECI,1606824000,32.138,32.138,0
60,4,PACE,AECI,1608141600,29.524,29.524,0
60,5,PACE,AECI,1577836800,30.766,31.491,3
60,5,PACE,AECI,1579154400,38.176,35.794,7
60,5,PACE,AECI,1580472000,29.848,28.765,4
60,5,PACE,AECI,1581789600,28.212,27.272,2
60,5,PACE,AECI,1583107200,30.663,30.771,5
60,5,PACE,AECI,1584424800,31.521,36.079,3
60,5,PACE,AECI,1585742400,22.538,30.789,1
60,5,PACE,AECI,1587060000,26.268,31.467,3
60,5,PACE,AECI,1588377600,27.179,28.701,5
60,5,PACE,AECI,1589695200,30.593,32.263,5
60,5,PACE,AECI,1591012800,27.915,32.831,3
60,5,PACE,AECI,1592330400,26.369,28.605,3
60,5,PACE,AECI,1593648000,32.609,31.468,5
60,5,PACE,AECI,1594965600,33.799,31.102,7
60,5,PACE,AECI,1596283200,39.727,36.519,9
60,5,PACE,AECI,1597600800,48.421,41.74,12
60,5,PACE,AECI,1598918400,35.109,35.079,5
60,5,PACE,AECI,1600236000,38.583,38.08,5
60,5,PACE,AECI,1601553600,36.892,37.669,6
60,5,PACE,AECI,1602871200,30.341,30.164,4
60,5,PACE,AECI,1604188800,39.202,37.897,5
60,5,PACE,AECI,1605506400,33.466,32.613,3
60,5,PACE,AECI,1606824000,38.347,35.984,6
60,5,PACE,AECI,1608141600,39.017,34.792,8
60,6,PACE,AECI,1577836800,29.123,30.229,1
60,6,PACE,AECI,1579154400,31.258,31.258,0
60,6,PACE,AECI,1580472000,26.304,27.027,1
60,6,PACE,AECI,1581789600,26.244,26.244,0
60,6,PACE,AECI,1583107200,27.863,27.863,0
60,6,PACE,AECI,1584424800,29.804,34.478,1
60,6,PACE,AECI,1585742400,22.538,30.789,1
60,6,PACE,AECI,1587060000,24.997,30.442,1
60,6,PACE,AECI,1588377600,26.092,26.092,0
60,6,PACE,AECI,1589695200,27.274,29.807,1
60,6,PACE,AECI,1591012800,26.207,31.508,1
60,6,PACE,AECI,1592330400,26.782,27.372,1
60,6,PACE,AECI,1593648000,28.187,28.187,0
60,6,PACE,AECI,1594965600,26.382,26.382,0
60,6,PACE,AECI,1596283200,30.917,31.767,1
60,6,PACE,AECI,1597600800,33.719,33.719,0
60,6,PACE,AECI,1598918400,30.672,32.555,1
60,6,PACE,AECI,1600236000,34.388,34.388,0
60,6,PACE,AECI,1601553600,31.396,34.231,1
60,6,PACE,AECI,1602871200,28.206,28.206,0
60,6,PACE,AECI,1604188800,34.413,34.413,0
60,6,PACE,AECI,1605506400,30.768,30.768,0
60,6,PACE,AECI,1606824000,32.138,32.138,0
60,6,PACE,AECI,1608141600,29.524,29.524,0
60,1,PACE,PSCO,1577836800,29.606,29.606,0
60,1,PACE,PSCO,1579154400,31.258,31.258,0
60,1,PACE,PSCO,1580472000,26.441,26.441,0
60,1,PACE,PSCO,1581789600,26.244,26.244,0
60,1,PACE,PSCO,1583107200,27.863,27.863,0
60,1,PACE,PSCO,1584424800,33.66,33.66,0
60,1,PACE,PSCO,1585742400,30.11,30.11,0
60,1,PACE,PSCO,1587060000,29.92,29.92,0
60,1,PACE,PSCO,1588377600,26.092,26.092,0
60,1,PACE,PSCO,1589695200,29.135,29.135,0
60,1,PACE,PSCO,1591012800,30.797,30.797,0
60,1,PACE,PSCO,1592330400,26.769,26.769,0
60,1,PACE,PSCO,1593648000,28.187,28.187,0
60,1,PACE,PSCO,1594965600,26.382,26.382,0
60,1,PACE,PSCO,1596283200,31.055,31.055,0
60,1,PACE,PSCO,1597600800,33.719,33.719,0
60,1,PACE,PSCO,1598918400,31.987,31.987,0
60,1,PACE,PSCO,1600236000,34.388,34.388,0
60,1,PACE,PSCO,1601553600,33.411,33.411,0
60,1,PACE,PSCO,1602871200,28.206,28.206,0
60,1,PACE,PSCO,1604188800,34.413,34.413,0
60,1,PACE,PSCO,1605506400,30.768,30.768,0
60,1,PACE,PSCO,1606824000,32.138,32.138,0
60,1,PACE,PSCO,1608141600,29.524,29.524,0
60,2,PACE,PSCO,1577836800,35.508,34.187,7
60,2,PACE,PSCO,1579154400,30.458,35.794,7
60,2,PACE,PSCO,1580472000,28.285,29.742,6
60,2,PACE,PSCO,1581789600,31.369,29.33,6
60,2,PACE,PSCO,1583107200,37.194,33.697,10
60,2,PACE,PSCO,1584424800,33.431,36.079,3
60,2,PACE,PSCO,1585742400,33.06,33.759,6
60,2,PACE,PSCO,1587060000,37.876,35.169,9
60,2,PACE,PSCO,1588377600,29.624,29.76,7
60,2,PACE,PSCO,1589695200,25.754,31.045,3
60,2,PACE,PSCO,1591012800,32.239,32.831,3
60,2,PACE,PSCO,1592330400,24.954,28.605,3
60,2,PACE,PSCO,1593648000,28.147,31.468,5
60,2,PACE,PSCO,1594965600,37.514,32.839,10
60,2,PACE,PSCO,1596283200,31.8,34.13,5
60,2,PACE,PSCO,1597600800,26.616,34.373,1
60,2,PACE,PSCO,1598918400,38.492,36.443,7
60,2,PACE,PSCO,1600236000,24.699,35.088,1
60,2,PACE,PSCO,1601553600,31.927,37.046,5
60,2,PACE,PSCO,1602871200,29.826,30.164,4
60,2,PACE,PSCO,1604188800,33.944,36.49,3
60,2,PACE,PSCO,1605506400,31.807,33.894,5
60,2,PACE,PSCO,1606824000,21.069,32.813,1
60,2,PACE,PSCO,1608141600,24.147,30.18,1
60,3,PACE,PSCO,1577836800,29.216,30.854,2
60,3,PACE,PSCO,1579154400,23.843,31.932,1
60,3,PACE,PSCO,1580472000,23.277,27.027,1
60,3,PACE,PSCO,1581789600,27.04,26.764,1
60,3,PACE,PSCO,1583107200,29.322,29.587,3
60,3,PACE,PSCO,1584424800,30.851,34.478,1
60,3,PACE,PSCO,1585742400,27.478,30.789,1
60,3,PACE,PSCO,1587060000,30.328,30.95,2
60,3,PACE,PSCO,1588377600,27.149,27.536,3
60,3,PACE,PSCO,1589695200,24.436,29.807,1
60,3,PACE,PSCO,1591012800,30.892,31.508,1
60,3,PACE,PSCO,1592330400,24.939,27.372,1
60,3,PACE,PSCO,1593648000,26.928,30.113,3
60,3,PACE,PSCO,1594965600,27.254,27.086,1
60,3,PACE,PSCO,1596283200,28.095,31.767,1
60,3,PACE,PSCO,1597600800,26.616,34.373,1
60,3,PACE,PSCO,1598918400,34.794,33.811,3
60,3,PACE,PSCO,1600236000,24.699,35.088,1
60,3,PACE,PSCO,1601553600,27.622,34.231,1
60,3,PACE,PSCO,1602871200,29.112,29.186,2
60,3,PACE,PSCO,1604188800,31.644,35.105,1
60,3,PACE,PSCO,1605506400,28.218,31.369,1
60,3,PACE,PSCO,1606824000,21.069,32.813,1
60,3,PACE,PSCO,1608141600,24.147,30.18,1
60,4,PACE,PSCO,1577836800,28.656,30.229,1
60,4,PACE,PSCO,1579154400,23.843,31.932,1
60,4,PACE,PSCO,1580472000,23.277,27.027,1
60,4,PACE,PSCO,1581789600,25.901,26.764,1
60,4,PACE,PSCO,1583107200,27.863,27.863,0
60,4,PACE,PSCO,1584424800,32.233,34.478,1
60,4,PACE,PSCO,1585742400,27.478,30.789,1
60,4,PACE,PSCO,1587060000,29.92,29.92,0
60,4,PACE,PSCO,1588377600,25.709,26.489,1
60,4,PACE,PSCO,1589695200,24.644,29.807,1
60,4,PACE,PSCO,1591012800,29.796,31.508,1
60,4,PACE,PSCO,1592330400,25.624,27.372,1
60,4,PACE,PSCO,1593648000,26.565,28.795,1
60,4,PACE,PSCO,1594965600,26.382,26.382,0
60,4,PACE,PSCO,1596283200,28.026,31.767,1
60,4,PACE,PSCO,1597600800,26.616,34.373,1
60,4,PACE,PSCO,1598918400,34.265,32.555,1
60,4,PACE,PSCO,1600236000,24.699,35.088,1
60,4,PACE,PSCO,1601553600,27.622,34.231,1
60,4,PACE,PSCO,1602871200,28.206,28.206,0
60,4,PACE,PSCO,1604188800,31.644,35.105,1
60,4,PACE,PSCO,1605506400,28.218,31.369,1
60,4,PACE,PSCO,1606824000,21.069,32.813,1
60,4,PACE,PSCO,1608141600,24.147,30.18,1
60,5,PACE,PSCO,1577836800,35.144,34.187,7
60,5,PACE,PSCO,1579154400,30.168,35.794,7
60,5,PACE,PSCO,1580472000,27.931,29.742,6
60,5,PACE,PSCO,1581789600,32.22,29.978,7
60,5,PACE,PSCO,1583107200,36.738,33.697,10
60,5,PACE,PSCO,1584424800,33.349,36.079,3
60,5,PACE,PSCO,1585742400,32.686,33.759,6
60,5,PACE,PSCO,1587060000,37.599,35.169,9
60,5,PACE,PSCO,1588377600,29.302,29.76,7
60,5,PACE,PSCO,1589695200,25.564,31.045,3
60,5,PACE,PSCO,1591012800,33.325,33.425,4
60,5,PACE,PSCO,1592330400,24.693,28.605,3
60,5,PACE,PSCO,1593648000,27.905,31.468,5
60,5,PACE,PSCO,1594965600,36.992,32.839,10
60,5,PACE,PSCO,1596283200,31.721,34.13,5
60,5,PACE,PSCO,1597600800,26.616,34.373,1
60,5,PACE,PSCO,1598918400,38.315,36.443,7
60,5,PACE,PSCO,1600236000,24.699,35.088,1
60,5,PACE,PSCO,1601553600,31.586,37.046,5
60,5,PACE,PSCO,1602871200,29.51,30.164,4
60,5,PACE,PSCO,1604188800,33.827,36.49,3
60,5,PACE,PSCO,1605506400,31.647,33.894,5
60,5,PACE,PSCO,1606824000,21.069,32.813,1
60,5,PACE,PSCO,1608141600,24.147,30.18,1
60,6,PACE,PSCO,1577836800,28.208,30.229,1
60,6,PACE,PSCO,1579154400,23.843,31.932,1
60,6,PACE,PSCO,1580472000,23.277,27.027,1
60,6,PACE,PSCO,1581789600,26.27,26.764,1
60,6,PACE,PSCO,1583107200,27.557,28.414,1
60,6,PACE,PSCO,1584424800,30.851,34.478,1
60,6,PACE,PSCO,1585742400,27.478,30.789,1
60,6,PACE,PSCO,1587060000,29.355,30.442,1
60,6,PACE,PSCO,1588377600,25.832,26.958,2
60,6,PACE,PSCO,1589695200,24.436,29.807,1
60,6,PACE,PSCO,1591012800,30.764,31.508,1
60,6,PACE,PSCO,1592330400,24.939,27.372,1
60,6,PACE,PSCO,1593648000,24.94,28.795,1
60,6,PACE,PSCO,1594965600,26.382,26.382,0
60,6,PACE,PSCO,1596283200,28.095,31.767,1
60,6,PACE,PSCO,1597600800,26.616,34.373,1
60,6,PACE,PSCO,1598918400,31.987,31.987,0
60,6,PACE,PSCO,1600236000,24.699,35.088,1
60,6,PACE,PSCO,1601553600,27.622,34.231,1
60,6,PACE,PSCO,1602871200,28.206,28.206,0
60,6,PACE,PSCO,1604188800,31.644,35.105,1
60,6,PACE,PSCO,1605506400,28.218,31.369,1
60,6,PACE,PSCO,1606824000,21.069,32.813,1
60,6,PACE,PSCO,1608141600,24.147,30.18,1
60,1,PSCO,EPE,1577836800,26.907,26.907,0
60,1,PSCO,EPE,1579154400,22.413,22.413,0
60,1,PSCO,EPE,1580472000,22.109,22.109,0
60,1,PSCO,EPE,1581789600,27.813,27.813,0
60,1,PSCO,EPE,1583107200,26.075,26.075,0
60,1,PSCO,EPE,1584424800,29.473,29.473,0
60,1,PSCO,EPE,1585742400,26.226,26.226,0
60,1,PSCO,EPE,1587060000,28.177,28.177,0
60,1,PSCO,EPE,1588377600,24.541,24.541,0
60,1,PSCO,EPE,1589695200,23.284,23.284,0
60,1,PSCO,EPE,1591012800,29.454,29.454,0
60,1,PSCO,EPE,1592330400,23.999,23.999,0
60,1,PSCO,EPE,1593648000,24.018,24.018,0
60,1,PSCO,EPE,1594965600,28.389,28.389,0
60,1,PSCO,EPE,1596283200,26.947,26.947,0
60,1,PSCO,EPE,1597600800,25.294,25.294,0
60,1,PSCO,EPE,1598918400,31.306,31.306,0
60,1,PSCO,EPE,1600236000,23.203,23.203,0
60,1,PSCO,EPE,1601553600,26.023,26.023,0
60,1,PSCO,EPE,1602871200,27.041,27.041,0
60,1,PSCO,EPE,1604188800,30.123,30.123,0
60,1,PSCO,EPE,1605506400,27.111,27.111,0
60,1,PSCO,EPE,1606824000,19.648,19.648,0
60,1,PSCO,EPE,1608141600,23.039,23.039,0
60,2,PSCO,EPE,1577836800,31.344,30.181,5
60,2,PSCO,EPE,1579154400,26.497,24.209,4
60,2,PSCO,EPE,1580472000,30.577,26.663,9
60,2,PSCO,EPE,1581789600,30.265,31.363,7
60,2,PSCO,EPE,1583107200,29.623,27.998,4
60,2,PSCO,EPE,1584424800,34.498,33.613,7
60,2,PSCO,EPE,1585742400,24.595,28.152,3
60,2,PSCO,EPE,1587060000,25.761,29.94,3
60,2,PSCO,EPE,1588377600,29.194,27.24,6
60,2,PSCO,EPE,1589695200,25.733,24.754,4
60,2,PSCO,EPE,1591012800,29.456,31.255,3
60,2,PSCO,EPE,1592330400,26.448,25.578,3
60,2,PSCO,EPE,1593648000,27.485,26.051,4
60,2,PSCO,EPE,1594965600,30.939,30.457,4
60,2,PSCO,EPE,1596283200,31.435,29.438,6
60,2,PSCO,EPE,1597600800,30.401,28.391,5
60,2,PSCO,EPE,1598918400,27.948,31.948,1
60,2,PSCO,EPE,1600236000,26.363,24.896,4
60,2,PSCO,EPE,1601553600,31.714,28.72,6
60,2,PSCO,EPE,1602871200,32.154,30.233,5
60,2,PSCO,EPE,1604188800,34.757,33.381,6
60,2,PSCO,EPE,1605506400,29.423,28.7,4
60,2,PSCO,EPE,1606824000,19.648,19.648,0
60,2,PSCO,EPE,1608141600,23.039,23.039,0
60,3,PSCO,EPE,1577836800,27.88,27.578,1
60,3,PSCO,EPE,1579154400,22.413,22.413,0
60,3,PSCO,EPE,1580472000,22.109,22.109,0
60,3,PSCO,EPE,1581789600,26.394,29.159,3
60,3,PSCO,EPE,1583107200,26.075,26.075,0
60,3,PSCO,EPE,1584424800,30.674,31.206,3
60,3,PSCO,EPE,1585742400,23.224,26.863,1
60,3,PSCO,EPE,1587060000,24.046,28.779,1
60,3,PSCO,EPE,1588377600,26.338,25.42,2
60,3,PSCO,EPE,1589695200,23.284,23.284,0
60,3,PSCO,EPE,1591012800,27.324,30.08,1
60,3,PSCO,EPE,1592330400,23.999,23.999,0
60,3,PSCO,EPE,1593648000,25.95,25.025,2
60,3,PSCO,EPE,1594965600,29.843,29.346,2
60,3,PSCO,EPE,1596283200,26.947,26.947,0
60,3,PSCO,EPE,1597600800,26.056,25.908,1
60,3,PSCO,EPE,1598918400,28.003,31.948,1
60,3,PSCO,EPE,1600236000,23.203,23.203,0
60,3,PSCO,EPE,1601553600,26.023,26.023,0
60,3,PSCO,EPE,1602871200,27.847,27.75,1
60,3,PSCO,EPE,1604188800,29.776,30.709,1
60,3,PSCO,EPE,1605506400,29.094,27.9,2
60,3,PSCO,EPE,1606824000,19.648,19.648,0
60,3,PSCO,EPE,1608141600,23.039,23.039,0
60,4,PSCO,EPE,1577836800,26.907,26.907,0
60,4,PSCO,EPE,1579154400,22.413,22.413,0
60,4,PSCO,EPE,1580472000,22.109,22.109,0
60,4,PSCO,EPE,1581789600,24.681,28.249,1
60,4,PSCO,EPE,1583107200,26.075,26.075,0
60,4,PSCO,EPE,1584424800,28.933,30.053,1
60,4,PSCO,EPE,1585742400,24.535,26.863,1
60,4,PSCO,EPE,1587060000,24.046,28.779,1
60,4,PSCO,EPE,1588377600,24.541,24.541,0
60,4,PSCO,EPE,1589695200,23.284,23.284,0
60,4,PSCO,EPE,1591012800,27.324,30.08,1
60,4,PSCO,EPE,1592330400,23.999,23.999,0
60,4,PSCO,EPE,1593648000,24.018,24.018,0
60,4,PSCO,EPE,1594965600,28.389,28.389,0
60,4,PSCO,EPE,1596283200,26.947,26.947,0
60,4,PSCO,EPE,1597600800,25.294,25.294,0
60,4,PSCO,EPE,1598918400,27.816,31.948,1
60,4,PSCO,EPE,1600236000,23.203,23.203,0
60,4,PSCO,EPE,1601553600,26.023,26.023,0
60,4,PSCO,EPE,1602871200,27.041,27.041,0
60,4,PSCO,EPE,1604188800,30.123,30.123,0
60,4,PSCO,EPE,1605506400,27.111,27.111,0
60,4,PSCO,EPE,1606824000,19.648,19.648,0
60,4,PSCO,EPE,1608141600,23.039,23.039,0
60,5,PSCO,EPE,1577836800,31.061,30.181,5
60,5,PSCO,EPE,1579154400,26.128,24.209,4
60,5,PSCO,EPE,1580472000,30.279,26.663,9
60,5,PSCO,EPE,1581789600,30.104,31.363,7
60,5,PSCO,EPE,1583107200,29.372,27.998,4
60,5,PSCO,EPE,1584424800,34.326,33.613,7
60,5,PSCO,EPE,1585742400,24.327,28.152,3
60,5,PSCO,EPE,1587060000,25.664,29.94,3
60,5,PSCO,EPE,1588377600,28.866,27.24,6
60,5,PSCO,EPE,1589695200,25.616,24.754,4
60,5,PSCO,EPE,1591012800,29.333,31.255,3
60,5,PSCO,EPE,1592330400,26.183,25.578,3
60,5,PSCO,EPE,1593648000,27.352,26.051,4
60,5,PSCO,EPE,1594965600,32.005,31.104,5
60,5,PSCO,EPE,1596283200,31.365,29.438,6
60,5,PSCO,EPE,1597600800,30.294,28.391,5
60,5,PSCO,EPE,1598918400,27.855,31.948,1
60,5,PSCO,EPE,1600236000,26.156,24.896,4
60,5,PSCO,EPE,1601553600,31.306,28.72,6
60,5,PSCO,EPE,1602871200,33.036,30.738,6
60,5,PSCO,EPE,1604188800,34.445,33.381,6
60,5,PSCO,EPE,1605506400,29.237,28.7,4
60,5,PSCO,EPE,1606824000,19.648,19.648,0
60,5,PSCO,EPE,1608141600,23.039,23.039,0
60,6,PSCO,EPE,1577836800,26.907,26.907,0
60,6,PSCO,EPE,1579154400,22.413,22.413,0
60,6,PSCO,EPE,1580472000,22.109,22.109,0
60,6,PSCO,EPE,1581789600,24.681,28.249,1
60,6,PSCO,EPE,1583107200,26.075,26.075,0
60,6,PSCO,EPE,1584424800,28.698,30.053,1
60,6,PSCO,EPE,1585742400,23.224,26.863,1
60,6,PSCO,EPE,1587060000,24.046,28.779,1
60,6,PSCO,EPE,1588377600,24.541,24.541,0
60,6,PSCO,EPE,1589695200,23.284,23.284,0
60,6,PSCO,EPE,1591012800,27.324,30.08,1
60,6,PSCO,EPE,1592330400,23.999,23.999,0
60,6,PSCO,EPE,1593648000,24.018,24.018,0
60,6,PSCO,EPE,1594965600,28.378,28.852,1
60,6,PSCO,EPE,1596283200,26.947,26.947,0
60,6,PSCO,EPE,1597600800,25.294,25.294,0
60,6,PSCO,EPE,1598918400,28.003,31.948,1
60,6,PSCO,EPE,1600236000,23.203,23.203,0
60,6,PSCO,EPE,1601553600,26.023,26.023,0
60,6,PSCO,EPE,1602871200,27.041,27.041,0
60,6,PSCO,EPE,1604188800,29.776,30.709,1
60,6,PSCO,EPE,1605506400,27.111,27.111,0
60,6,PSCO,EPE,1606824000,19.648,19.648,0
60,6,PSCO,EPE,1608141600,23.039,23.039,0
60,1,PSCO,PACE,1577836800,26.907,26.907,0
60,1,PSCO,PACE,1579154400,22.413,22.413,0
60,1,PSCO,PACE,1580472000,22.109,22.109,0
60,1,PSCO,PACE,1581789600,27.813,27.813,0
60,1,PSCO,PACE,1583107200,26.075,26.075,0
60,1,PSCO,PACE,1584424800,29.473,29.473,0
60,1,PSCO,PACE,1585742400,26.226,26.226,0
60,1,PSCO,PACE,1587060000,28.177,28.177,0
60,1,PSCO,PACE,1588377600,24.541,24.541,0
60,1,PSCO,PACE,1589695200,23.284,23.284,0
60,1,PSCO,PACE,1591012800,29.454,29.454,0
60,1,PSCO,PACE,1592330400,23.999,23.999,0
60,1,PSCO,PACE,1593648000,24.018,24.018,0
60,1,PSCO,PACE,1594965600,28.389,28.389,0
60,1,PSCO,PACE,1596283200,26.947,26.947,0
60,1,PSCO,PACE,1597600800,25.294,25.294,0
60,1,PSCO,PACE,1598918400,31.306,31.306,0
60,1,PSCO,PACE,1600236000,23.203,23.203,0
60,1,PSCO,PACE,1601553600,26.023,26.023,0
60,1,PSCO,PACE,1602871200,27.041,27.041,0
60,1,PSCO,PACE,1604188800,30.123,30.123,0
60,1,PSCO,PACE,1605506400,27.111,27.111,0
60,1,PSCO,PACE,1606824000,19.648,19.648,0
60,1,PSCO,PACE,1608141600,23.039,23.039,0
60,2,PSCO,PACE,1577836800,34.292,30.826,6
60,2,PSCO,PACE,1579154400,28.87,25.301,6
60,2,PSCO,PACE,1580472000,25.969,24.018,4
60,2,PSCO,PACE,1581789600,34.043,31.999,8
60,2,PSCO,PACE,1583107200,35.659,31.028,9
60,2,PSCO,PACE,1584424800,32.058,30.63,2
60,2,PSCO,PACE,1585742400,34.2,30.703,7
60,2,PSCO,PACE,1587060000,36.754,32.835,8
60,2,PSCO,PACE,1588377600,28.428,27.24,6
60,2,PSCO,PACE,1589695200,24.581,23.994,2
60,2,PSCO,PACE,1591012800,30.837,30.665,2
60,2,PSCO,PACE,1592330400,26.066,26.182,4
60,2,PSCO,PACE,1593648000,29.088,27.006,6
60,2,PSCO,PACE,1594965600,36.435,33.975,9
60,2,PSCO,PACE,1596283200,30.647,28.601,4
60,2,PSCO,PACE,1597600800,25.294,25.294,0
60,2,PSCO,PACE,1598918400,37.185,34.333,6
60,2,PSCO,PACE,1600236000,23.203,23.203,0
60,2,PSCO,PACE,1601553600,30.365,27.846,4
60,2,PSCO,PACE,1602871200,28.703,29.062,3
60,2,PSCO,PACE,1604188800,32.435,31.277,2
60,2,PSCO,PACE,1605506400,30.703,28.7,4
60,2,PSCO,PACE,1606824000,19.648,19.648,0
60,2,PSCO,PACE,1608141600,23.039,23.039,0
60,3,PSCO,PACE,1577836800,27.91,27.578,1
60,3,PSCO,PACE,1579154400,22.413,22.413,0
60,3,PSCO,PACE,1580472000,22.109,22.109,0
60,3,PSCO,PACE,1581789600,28.317,28.694,2
60,3,PSCO,PACE,1583107200,27.951,27.049,2
60,3,PSCO,PACE,1584424800,29.473,29.473,0
60,3,PSCO,PACE,1585742400,26.226,26.226,0
60,3,PSCO,PACE,1587060000,29.2,28.779,1
60,3,PSCO,PACE,1588377600,25.053,24.988,1
60,3,PSCO,PACE,1589695200,23.284,23.284,0
60,3,PSCO,PACE,1591012800,29.454,29.454,0
60,3,PSCO,PACE,1592330400,23.999,23.999,0
60,3,PSCO,PACE,1593648000,25.92,25.025,2
60,3,PSCO,PACE,1594965600,28.38,29.346,2
60,3,PSCO,PACE,1596283200,26.947,26.947,0
60,3,PSCO,PACE,1597600800,25.294,25.294,0
60,3,PSCO,PACE,1598918400,32.097,31.948,1
60,3,PSCO,PACE,1600236000,23.203,23.203,0
60,3,PSCO,PACE,1601553600,26.023,26.023,0
60,3,PSCO,PACE,1602871200,29.881,29.062,3
60,3,PSCO,PACE,1604188800,30.123,30.123,0
60,3,PSCO,PACE,1605506400,27.111,27.111,0
60,3,PSCO,PACE,1606824000,19.648,19.648,0
60,3,PSCO,PACE,1608141600,23.039,23.039,0
60,4,PSCO,PACE,1577836800,26.907,26.907,0
60,4,PSCO,PACE,1579154400,22.413,22.413,0
60,4,PSCO,PACE,1580472000,22.109,22.109,0
60,4,PSCO,PACE,1581789600,27.088,28.694,2
60,4,PSCO,PACE,1583107200,26.075,26.075,0
60,4,PSCO,PACE,1584424800,29.473,29.473,0
60,4,PSCO,PACE,1585742400,26.226,26.226,0
60,4,PSCO,PACE,1587060000,28.177,28.177,0
60,4,PSCO,PACE,1588377600,24.541,24.541,0
60,4,PSCO,PACE,1589695200,23.284,23.284,0
60,4,PSCO,PACE,1591012800,29.454,29.454,0
60,4,PSCO,PACE,1592330400,23.999,23.999,0
60,4,PSCO,PACE,1593648000,24.018,24.018,0
60,4,PSCO,PACE,1594965600,27.363,28.852,1
60,4,PSCO,PACE,1596283200,26.947,26.947,0
60,4,PSCO,PACE,1597600800,25.294,25.294,0
60,4,PSCO,PACE,1598918400,31.306,31.306,0
60,4,PSCO,PACE,1600236000,23.203,23.203,0
60,4,PSCO,PACE,1601553600,26.023,26.023,0
60,4,PSCO,PACE,1602871200,27.041,27.041,0
60,4,PSCO,PACE,1604188800,30.123,30.123,0
60,4,PSCO,PACE,1605506400,27.111,27.111,0
60,4,PSCO,PACE,1606824000,19.648,19.648,0
60,4,PSCO,PACE,1608141600,23.039,23.039,0
60,5,PSCO,PACE,1577836800,33.928,30.826,6
60,5,PSCO,PACE,1579154400,28.581,25.301,6
60,5,PSCO,PACE,1580472000,26.74,24.582,5
60,5,PSCO,PACE,1581789600,33.599,31.999,8
60,5,PSCO,PACE,1583107200,35.203,31.028,9
60,5,PSCO,PACE,1584424800,31.975,30.63,2
60,5,PSCO,PACE,1585742400,31.545,29.426,5
60,5,PSCO,PACE,1587060000,36.477,32.835,8
60,5,PSCO,PACE,1588377600,28.106,27.24,6
60,5,PSCO,PACE,1589695200,24.391,23.994,2
60,5,PSCO,PACE,1591012800,30.741,30.665,2
60,5,PSCO,PACE,1592330400,27.021,26.818,5
60,5,PSCO,PACE,1593648000,26.945,26.051,4
60,5,PSCO,PACE,1594965600,35.913,33.975,9
60,5,PSCO,PACE,1596283200,30.568,28.601,4
60,5,PSCO,PACE,1597600800,25.294,25.294,0
60,5,PSCO,PACE,1598918400,37.008,34.333,6
60,5,PSCO,PACE,1600236000,23.203,23.203,0
60,5,PSCO,PACE,1601553600,30.023,27.846,4
60,5,PSCO,PACE,1602871200,28.387,29.062,3
60,5,PSCO,PACE,1604188800,32.318,31.277,2
60,5,PSCO,PACE,1605506400,30.543,28.7,4
60,5,PSCO,PACE,1606824000,19.648,19.648,0
60,5,PSCO,PACE,1608141600,23.039,23.039,0
60,6,PSCO,PACE,1577836800,26.907,26.907,0
60,6,PSCO,PACE,1579154400,22.413,22.413,0
60,6,PSCO,PACE,1580472000,22.109,22.109,0
60,6,PSCO,PACE,1581789600,27.457,28.694,2
60,6,PSCO,PACE,1583107200,26.075,26.075,0
60,6,PSCO,PACE,1584424800,29.473,29.473,0
60,6,PSCO,PACE,1585742400,26.226,26.226,0
60,6,PSCO,PACE,1587060000,28.177,28.177,0
60,6,PSCO,PACE,1588377600,24.642,24.988,1
60,6,PSCO,PACE,1589695200,23.284,23.284,0
60,6,PSCO,PACE,1591012800,29.454,29.454,0
60,6,PSCO,PACE,1592330400,23.999,23.999,0
60,6,PSCO,PACE,1593648000,24.018,24.018,0
60,6,PSCO,PACE,1594965600,27.64,28.852,1
60,6,PSCO,PACE,1596283200,26.947,26.947,0
60,6,PSCO,PACE,1597600800,25.294,25.294,0
60,6,PSCO,PACE,1598918400,31.306,31.306,0
60,6,PSCO,PACE,1600236000,23.203,23.203,0
60,6,PSCO,PACE,1601553600,26.023,26.023,0
60,6,PSCO,PACE,1602871200,27.041,27.041,0
60,6,PSCO,PACE,1604188800,30.123,30.123,0
60,6,PSCO,PACE,1605506400,27.111,27.111,0
60,6,PSCO,PACE,1606824000,19.648,19.648,0
60,6,PSCO,PACE,1608141600,23.039,23.039,0
60,1,TEPC,AECI,1577836800,34.904,34.904,0
60,1,TEPC,AECI,1579154400,34.672,34.672,0
60,1,TEPC,AECI,1580472000,30.305,30.305,0
60,1,TEPC,AECI,1581789600,30.794,30.794,0
60,1,TEPC,AECI,1583107200,28.518,28.518,0
60,1,TEPC,AECI,1584424800,27.901,27.901,0
60,1,TEPC,AECI,1585742400,21.852,21.852,0
60,1,TEPC,AECI,1587060000,23.826,23.826,0
60,1,TEPC,AECI,1588377600,23.901,23.901,0
60,1,TEPC,AECI,1589695200,28.736,28.736,0
60,1,TEPC,AECI,1591012800,29.666,29.666,0
60,1,TEPC,AECI,1592330400,25.26,25.26,0
60,1,TEPC,AECI,1593648000,28.784,28.784,0
60,1,TEPC,AECI,1594965600,27.715,27.715,0
60,1,TEPC,AECI,1596283200,29.288,29.288,0
60,1,TEPC,AECI,1597600800,30.959,30.959,0
60,1,TEPC,AECI,1598918400,29.268,29.268,0
60,1,TEPC,AECI,1600236000,32.69,32.69,0
60,1,TEPC,AECI,1601553600,31.456,31.456,0
60,1,TEPC,AECI,1602871200,35.004,35.004,0
60,1,TEPC,AECI,1604188800,35.427,35.427,0
60,1,TEPC,AECI,1605506400,30.0,30.0,0
60,1,TEPC,AECI,1606824000,25.748,25.748,0
60,1,TEPC,AECI,1608141600,33.481,33.481,0
60,2,TEPC,AECI,1577836800,31.964,37.151,3
60,2,TEPC,AECI,1579154400,34.335,37.021,3
60,2,TEPC,AECI,1580472000,29.849,32.612,3
60,2,TEPC,AECI,1581789600,33.08,32.727,4
60,2,TEPC,AECI,1583107200,31.626,31.793,5
60,2,TEPC,AECI,1584424800,34.41,32.291,7
60,2,TEPC,AECI,1585742400,25.076,24.452,6
60,2,TEPC,AECI,1587060000,27.826,26.643,7
60,2,TEPC,AECI,1588377600,27.487,26.459,5
60,2,TEPC,AECI,1589695200,30.697,32.24,5
60,2,TEPC,AECI,1591012800,28.08,31.543,3
60,2,TEPC,AECI,1592330400,30.09,27.997,6
60,2,TEPC,AECI,1593648000,33.79,31.828,5
60,2,TEPC,AECI,1594965600,32.582,31.048,5
60,2,TEPC,AECI,1596283200,37.767,33.772,8
60,2,TEPC,AECI,1597600800,38.4,34.481,6
60,2,TEPC,AECI,1598918400,44.537,37.306,13
60,2,TEPC,AECI,1600236000,37.786,36.349,5
60,2,TEPC,AECI,1601553600,41.69,37.136,10
60,2,TEPC,AECI,1602871200,43.861,42.698,11
60,2,TEPC,AECI,1604188800,40.046,38.706,5
60,2,TEPC,AECI,1605506400,33.039,31.991,3
60,2,TEPC,AECI,1606824000,25.748,25.748,0
60,2,TEPC,AECI,1608141600,34.943,35.515,3
60,3,TEPC,AECI,1577836800,29.466,35.644,1
60,3,TEPC,AECI,1579154400,31.761,35.463,1
60,3,TEPC,AECI,1580472000,30.318,31.06,1
60,3,TEPC,AECI,1581789600,34.815,32.727,4
60,3,TEPC,AECI,1583107200,28.518,28.518,0
60,3,TEPC,AECI,1584424800,28.675,28.544,1
60,3,TEPC,AECI,1585742400,24.548,23.761,4
60,3,TEPC,AECI,1587060000,25.706,24.939,3
60,3,TEPC,AECI,1588377600,23.901,23.901,0
60,3,TEPC,AECI,1589695200,26.884,29.421,1
60,3,TEPC,AECI,1591012800,26.012,30.331,1
60,3,TEPC,AECI,1592330400,28.958,27.089,4
60,3,TEPC,AECI,1593648000,28.784,28.784,0
60,3,TEPC,AECI,1594965600,33.136,31.048,5
60,3,TEPC,AECI,1596283200,30.379,29.933,1
60,3,TEPC,AECI,1597600800,30.959,30.959,0
60,3,TEPC,AECI,1598918400,33.603,31.598,4
60,3,TEPC,AECI,1600236000,33.813,33.406,1
60,3,TEPC,AECI,1601553600,31.117,32.107,1
60,3,TEPC,AECI,1602871200,30.5,35.644,1
60,3,TEPC,AECI,1604188800,37.65,36.699,2
60,3,TEPC,AECI,1605506400,30.912,30.68,1
60,3,TEPC,AECI,1606824000,25.748,25.748,0
60,3,TEPC,AECI,1608141600,32.966,34.154,1
60,4,TEPC,AECI,1577836800,29.466,35.644,1
60,4,TEPC,AECI,1579154400,31.761,35.463,1
60,4,TEPC,AECI,1580472000,28.419,31.06,1
60,4,TEPC,AECI,1581789600,30.794,30.794,0
60,4,TEPC,AECI,1583107200,28.518,28.518,0
60,4,TEPC,AECI,1584424800,28.856,28.544,1
60,4,TEPC,AECI,1585742400,21.852,21.852,0
60,4,TEPC,AECI,1587060000,23.826,23.826,0
60,4,TEPC,AECI,1588377600,23.901,23.901,0
60,4,TEPC,AECI,1589695200,27.848,29.421,1
60,4,TEPC,AECI,1591012800,26.012,30.331,1
60,4,TEPC,AECI,1592330400,25.26,25.26,0
60,4,TEPC,AECI,1593648000,28.784,28.784,0
60,4,TEPC,AECI,1594965600,27.715,27.715,0
60,4,TEPC,AECI,1596283200,29.288,29.288,0
60,4,TEPC,AECI,1597600800,30.959,30.959,0
60,4,TEPC,AECI,1598918400,29.268,29.268,0
60,4,TEPC,AECI,1600236000,32.69,32.69,0
60,4,TEPC,AECI,1601553600,31.456,31.456,0
60,4,TEPC,AECI,1602871200,30.5,35.644,1
60,4,TEPC,AECI,1604188800,35.427,35.427,0
60,4,TEPC,AECI,1605506400,30.682,30.68,1
60,4,TEPC,AECI,1606824000,25.748,25.748,0
60,4,TEPC,AECI,1608141600,33.481,33.481,0
60,5,TEPC,AECI,1577836800,31.889,37.151,3
60,5,TEPC,AECI,1579154400,34.271,37.021,3
60,5,TEPC,AECI,1580472000,29.695,32.612,3
60,5,TEPC,AECI,1581789600,32.88,32.727,4
60,5,TEPC,AECI,1583107200,31.242,31.793,5
60,5,TEPC,AECI,1584424800,34.209,32.291,7
60,5,TEPC,AECI,1585742400,23.084,23.761,4
60,5,TEPC,AECI,1587060000,29.545,27.686,9
60,5,TEPC,AECI,1588377600,27.155,26.459,5
60,5,TEPC,AECI,1589695200,30.334,32.24,5
60,5,TEPC,AECI,1591012800,25.723,30.331,1
60,5,TEPC,AECI,1592330400,29.849,27.997,6
60,5,TEPC,AECI,1593648000,33.478,31.828,5
60,5,TEPC,AECI,1594965600,32.322,31.048,5
60,5,TEPC,AECI,1596283200,37.512,33.772,8
60,5,TEPC,AECI,1597600800,38.281,34.481,6
60,5,TEPC,AECI,1598918400,44.183,37.306,13
60,5,TEPC,AECI,1600236000,37.535,36.349,5
60,5,TEPC,AECI,1601553600,41.378,37.136,10
60,5,TEPC,AECI,1602871200,40.822,41.196,9
60,5,TEPC,AECI,1604188800,39.754,38.706,5
60,5,TEPC,AECI,1605506400,32.961,31.991,3
60,5,TEPC,AECI,1606824000,25.748,25.748,0
60,5,TEPC,AECI,1608141600,34.769,35.515,3
60,6,TEPC,AECI,1577836800,29.466,35.644,1
60,6,TEPC,AECI,1579154400,31.761,35.463,1
60,6,TEPC,AECI,1580472000,30.259,31.06,1
60,6,TEPC,AECI,1581789600,30.794,30.794,0
60,6,TEPC,AECI,1583107200,28.518,28.518,0
60,6,TEPC,AECI,1584424800,27.901,27.901,0
60,6,TEPC,AECI,1585742400,21.661,22.394,1
60,6,TEPC,AECI,1587060000,23.826,23.826,0
60,6,TEPC,AECI,1588377600,23.901,23.901,0
60,6,TEPC,AECI,1589695200,26.884,29.421,1
60,6,TEPC,AECI,1591012800,26.012,30.331,1
60,6,TEPC,AECI,1592330400,25.26,25.26,0
60,6,TEPC,AECI,1593648000,28.784,28.784,0
60,6,TEPC,AECI,1594965600,27.715,27.715,0
60,6,TEPC,AECI,1596283200,29.288,29.288,0
60,6,TEPC,AECI,1597600800,30.959,30.959,0
60,6,TEPC,AECI,1598918400,29.268,29.268,0
60,6,TEPC,AECI,1600236000,32.69,32.69,0
60,6,TEPC,AECI,1601553600,31.117,32.107,1
60,6,TEPC,AECI,1602871200,30.5,35.644,1
60,6,TEPC,AECI,1604188800,35.427,35.427,0
60,6,TEPC,AECI,1605506400,30.0,30.0,0
60,6,TEPC,AECI,1606824000,25.748,25.748,0
60,6,TEPC,AECI,1608141600,32.966,34.154,1
90,1,AECI,EPE,1577836800,27.991,27.991,0
90,1,AECI,EPE,1579154400,30.139,30.139,0
90,1,AECI,EPE,1580472000,29.202,29.202,0
90,1,AECI,EPE,1581789600,30.99,30.99,0
90,1,AECI,EPE,1583107200,28.95,28.95,0
90,1,AECI,EPE,1584424800,28.31,28.31,0
90,1,AECI,EPE,1585742400,21.211,21.211,0
90,1,AECI,EPE,1587060000,23.892,23.892,0
90,1,AECI,EPE,1588377600,25.143,25.143,0
90,1,AECI,EPE,1589695200,25.774,25.774,0
90,1,AECI,EPE,1591012800,24.75,24.75,0
90,1,AECI,EPE,1592330400,25.959,25.959,0
90,1,AECI,EPE,1593648000,29.983,29.983,0
90,1,AECI,EPE,1594965600,28.571,28.571,0
90,1,AECI,EPE,1596283200,29.488,29.488,0
90,1,AECI,EPE,1597600800,32.788,32.788,0
90,1,AECI,EPE,1598918400,29.414,29.414,0
90,1,AECI,EPE,1600236000,33.086,33.086,0
90,1,AECI,EPE,1601553600,29.771,29.771,0
90,1,AECI,EPE,1602871200,29.148,29.148,0
90,1,AECI,EPE,1604188800,35.804,35.804,0
90,1,AECI,EPE,1605506400,33.466,33.466,0
90,1,AECI,EPE,1606824000,31.991,31.991,0
90,1,AECI,EPE,1608141600,31.713,31.713,0
90,2,AECI,EPE,1577836800,46.511,38.404,11
90,2,AECI,EPE,1579154400,34.895,33.802,4
90,2,AECI,EPE,1580472000,28.815,32.271,3
90,2,AECI,EPE,1581789600,25.623,32.365,1
90,2,AECI,EPE,1583107200,36.093,34.086,6
90,2,AECI,EPE,1584424800,34.831,32.411,5
90,2,AECI,EPE,1585742400,27.444,25.795,5
90,2,AECI,EPE,1587060000,30.458,27.805,6
90,2,AECI,EPE,1588377600,32.147,29.632,6
90,2,AECI,EPE,1589695200,33.964,30.638,6
90,2,AECI,EPE,1591012800,35.334,31.0,7
90,2,AECI,EPE,1592330400,38.255,32.423,8
90,2,AECI,EPE,1593648000,37.014,35.253,6
90,2,AECI,EPE,1594965600,34.055,31.892,4
90,2,AECI,EPE,1596283200,35.988,34.309,5
90,2,AECI,EPE,1597600800,34.377,35.99,3
90,2,AECI,EPE,1598918400,43.408,37.699,9
90,2,AECI,EPE,1600236000,30.354,34.88,2
90,2,AECI,EPE,1601553600,33.301,32.833,3
90,2,AECI,EPE,1602871200,36.937,34.484,5
90,2,AECI,EPE,1604188800,39.97,41.572,6
90,2,AECI,EPE,1605506400,30.623,35.027,2
90,2,AECI,EPE,1606824000,32.275,35.395,3
90,2,AECI,EPE,1608141600,53.933,44.796,13
90,3,AECI,EPE,1577836800,29.244,29.198,1
90,3,AECI,EPE,1579154400,29.695,31.442,1
90,3,AECI,EPE,1580472000,28.982,32.271,3
90,3,AECI,EPE,1581789600,25.623,32.365,1
90,3,AECI,EPE,1583107200,29.133,30.339,1
90,3,AECI,EPE,1584424800,30.202,29.781,2
90,3,AECI,EPE,1585742400,25.35,24.114,3
90,3,AECI,EPE,1587060000,25.416,25.051,2
90,3,AECI,EPE,1588377600,26.42,26.335,1
90,3,AECI,EPE,1589695200,28.503,27.442,2
90,3,AECI,EPE,1591012800,24.75,24.75,0
90,3,AECI,EPE,1592330400,27.515,27.014,1
90,3,AECI,EPE,1593648000,28.597,31.267,1
90,3,AECI,EPE,1594965600,34.543,31.892,4
90,3,AECI,EPE,1596283200,35.833,34.309,5
90,3,AECI,EPE,1597600800,30.755,34.101,1
90,3,AECI,EPE,1598918400,30.789,31.158,2
90,3,AECI,EPE,1600236000,30.333,34.88,2
90,3,AECI,EPE,1601553600,34.959,32.833,3
90,3,AECI,EPE,1602871200,31.059,30.42,1
90,3,AECI,EPE,1604188800,31.197,37.204,1
90,3,AECI,EPE,1605506400,30.56,35.027,2
90,3,AECI,EPE,1606824000,28.748,33.32,1
90,3,AECI,EPE,1608141600,31.061,32.869,1
90,4,AECI,EPE,1577836800,27.991,27.991,0
90,4,AECI,EPE,1579154400,30.139,30.139,0
90,4,AECI,EPE,1580472000,26.299,30.373,1
90,4,AECI,EPE,1581789600,25.623,32.365,1
90,4,AECI,EPE,1583107200,28.95,28.95,0
90,4,AECI,EPE,1584424800,28.31,28.31,0
90,4,AECI,EPE,1585742400,21.211,21.211,0
90,4,AECI,EPE,1587060000,23.892,23.892,0
90,4,AECI,EPE,1588377600,25.143,25.143,0
90,4,AECI,EPE,1589695200,25.774,25.774,0
90,4,AECI,EPE,1591012800,24.75,24.75,0
90,4,AECI,EPE,1592330400,25.959,25.959,0
90,4,AECI,EPE,1593648000,29.983,29.983,0
90,4,AECI,EPE,1594965600,28.571,28.571,0
90,4,AECI,EPE,1596283200,29.488,29.488,0
90,4,AECI,EPE,1597600800,32.977,34.101,1
90,4,AECI,EPE,1598918400,29.414,29.414,0
90,4,AECI,EPE,1600236000,28.859,34.267,1
90,4,AECI,EPE,1601553600,29.771,29.771,0
90,4,AECI,EPE,1602871200,29.148,29.148,0
90,4,AECI,EPE,1604188800,31.197,37.204,1
90,4,AECI,EPE,1605506400,29.5,34.498,1
90,4,AECI,EPE,1606824000,28.748,33.32,1
90,4,AECI,EPE,1608141600,31.713,31.713,0
90,5,AECI,EPE,1577836800,46.127,38.404,11
90,5,AECI,EPE,1579154400,34.697,33.802,4
90,5,AECI,EPE,1580472000,28.698,32.271,3
90,5,AECI,EPE,1581789600,25.623,32.365,1
90,5,AECI,EPE,1583107200,32.344,32.574,4
90,5,AECI,EPE,1584424800,34.688,32.411,5
90,5,AECI,EPE,1585742400,27.218,25.795,5
90,5,AECI,EPE,1587060000,30.254,27.805,6
90,5,AECI,EPE,1588377600,31.909,29.632,6
90,5,AECI,EPE,1589695200,35.442,31.73,7
90,5,AECI,EPE,1591012800,34.998,31.0,7
90,5,AECI,EPE,1592330400,37.844,32.423,8
90,5,AECI,EPE,1593648000,36.709,35.253,6
90,5,AECI,EPE,1594965600,33.77,31.892,4
90,5,AECI,EPE,1596283200,35.7,34.309,5
90,5,AECI,EPE,1597600800,34.265,35.99,3
90,5,AECI,EPE,1598918400,43.213,37.699,9
90,5,AECI,EPE,1600236000,30.333,34.88,2
90,5,AECI,EPE,1601553600,33.087,32.833,3
90,5,AECI,EPE,1602871200,36.837,34.484,5
90,5,AECI,EPE,1604188800,39.743,41.572,6
90,5,AECI,EPE,1605506400,30.607,35.027,2
90,5,AECI,EPE,1606824000,32.23,35.395,3
90,5,AECI,EPE,1608141600,53.434,44.796,13
90,6,AECI,EPE,1577836800,27.991,27.991,0
90,6,AECI,EPE,1579154400,29.695,31.442,1
90,6,AECI,EPE,1580472000,26.299,30.373,1
90,6,AECI,EPE,1581789600,25.623,32.365,1
90,6,AECI,EPE,1583107200,29.133,30.339,1
90,6,AECI,EPE,1584424800,28.831,29.3,1
90,6,AECI,EPE,1585742400,21.211,21.211,0
90,6,AECI,EPE,1587060000,24.221,24.688,1
90,6,AECI,EPE,1588377600,25.552,26.335,1
90,6,AECI,EPE,1589695200,26.258,26.903,1
90,6,AECI,EPE,1591012800,24.75,24.75,0
90,6,AECI,EPE,1592330400,25.959,25.959,0
90,6,AECI,EPE,1593648000,28.597,31.267,1
90,6,AECI,EPE,1594965600,28.571,28.571,0
90,6,AECI,EPE,1596283200,29.414,30.683,1
90,6,AECI,EPE,1597600800,30.755,34.101,1
90,6,AECI,EPE,1598918400,29.328,30.579,1
90,6,AECI,EPE,1600236000,28.859,34.267,1
90,6,AECI,EPE,1601553600,29.771,29.771,0
90,6,AECI,EPE,1602871200,29.148,29.148,0
90,6,AECI,EPE,1604188800,31.197,37.204,1
90,6,AECI,EPE,1605506400,29.5,34.498,1
90,6,AECI,EPE,1606824000,28.748,33.32,1
90,6,AECI,EPE,1608141600,31.061,32.869,1
90,1,AECI,PACE,1577836800,27.991,27.991,0
90,1,AECI,PACE,1579154400,30.139,30.139,0
90,1,AECI,PACE,1580472000,29.202,29.202,0
90,1,AECI,PACE,1581789600,30.99,30.99,0
90,1,AECI,PACE,1583107200,28.95,28.95,0
90,1,AECI,PACE,1584424800,28.31,28.31,0
90,1,AECI,PACE,1585742400,21.211,21.211,0
90,1,AECI,PACE,1587060000,23.892,23.892,0
90,1,AECI,PACE,1588377600,25.143,25.143,0
90,1,AECI,PACE,1589695200,25.774,25.774,0
90,1,AECI,PACE,1591012800,24.75,24.75,0
90,1,AECI,PACE,1592330400,25.959,25.959,0
90,1,AECI,PACE,1593648000,29.983,29.983,0
90,1,AECI,PACE,1594965600,28.571,28.571,0
90,1,AECI,PACE,1596283200,29.488,29.488,0
90,1,AECI,PACE,1597600800,32.788,32.788,0
90,1,AECI,PACE,1598918400,29.414,29.414,0
90,1,AECI,PACE,1600236000,33.086,33.086,0
90,1,AECI,PACE,1601553600,29.771,29.771,0
90,1,AECI,PACE,1602871200,29.148,29.148,0
90,1,AECI,PACE,1604188800,35.804,35.804,0
90,1,AECI,PACE,1605506400,33.466,33.466,0
90,1,AECI,PACE,1606824000,31.991,31.991,0
90,1,AECI,PACE,1608141600,31.713,31.713,0
90,2,AECI,PACE,1577836800,34.798,31.734,4
90,2,AECI,PACE,1579154400,40.514,35.487,6
90,2,AECI,PACE,1580472000,34.226,34.139,5
90,2,AECI,PACE,1581789600,31.714,34.337,3
90,2,AECI,PACE,1583107200,31.672,32.574,4
90,2,AECI,PACE,1584424800,31.376,29.781,2
90,2,AECI,PACE,1585742400,21.211,21.211,0
90,2,AECI,PACE,1587060000,26.235,25.051,2
90,2,AECI,PACE,1588377600,28.487,28.37,4
90,2,AECI,PACE,1589695200,31.711,29.036,4
90,2,AECI,PACE,1591012800,27.717,26.432,2
90,2,AECI,PACE,1592330400,30.302,29.058,4
90,2,AECI,PACE,1593648000,38.128,35.253,6
90,2,AECI,PACE,1594965600,42.281,37.108,9
90,2,AECI,PACE,1596283200,47.205,38.494,10
90,2,AECI,PACE,1597600800,55.765,45.111,11
90,2,AECI,PACE,1598918400,36.36,32.946,4
90,2,AECI,PACE,1600236000,40.044,36.784,4
90,2,AECI,PACE,1601553600,39.113,34.778,5
90,2,AECI,PACE,1602871200,35.055,34.484,5
90,2,AECI,PACE,1604188800,44.854,41.572,6
90,2,AECI,PACE,1605506400,37.377,36.612,4
90,2,AECI,PACE,1606824000,40.66,37.634,5
90,2,AECI,PACE,1608141600,42.986,38.836,7
90,3,AECI,PACE,1577836800,31.392,29.823,2
90,3,AECI,PACE,1579154400,37.395,33.802,4
90,3,AECI,PACE,1580472000,31.369,32.271,3
90,3,AECI,PACE,1581789600,28.523,32.365,1
90,3,AECI,PACE,1583107200,29.764,30.339,1
90,3,AECI,PACE,1584424800,28.31,28.31,0
90,3,AECI,PACE,1585742400,21.211,21.211,0
90,3,AECI,PACE,1587060000,23.892,23.892,0
90,3,AECI,PACE,1588377600,26.354,26.335,1
90,3,AECI,PACE,1589695200,28.952,27.442,2
90,3,AECI,PACE,1591012800,24.75,24.75,0
90,3,AECI,PACE,1592330400,25.959,25.959,0
90,3,AECI,PACE,1593648000,30.608,31.267,1
90,3,AECI,PACE,1594965600,29.769,30.198,2
90,3,AECI,PACE,1596283200,29.488,29.488,0
90,3,AECI,PACE,1597600800,42.877,38.056,5
90,3,AECI,PACE,1598918400,32.773,31.158,2
90,3,AECI,PACE,1600236000,36.8,34.88,2
90,3,AECI,PACE,1601553600,29.771,29.771,0
90,3,AECI,PACE,1602871200,32.7,32.431,3
90,3,AECI,PACE,1604188800,42.187,39.773,4
90,3,AECI,PACE,1605506400,34.183,35.027,2
90,3,AECI,PACE,1606824000,41.446,37.634,5
90,3,AECI,PACE,1608141600,33.096,33.411,2
90,4,AECI,PACE,1577836800,27.991,27.991,0
90,4,AECI,PACE,1579154400,30.139,30.139,0
90,4,AECI,PACE,1580472000,29.202,29.202,0
90,4,AECI,PACE,1581789600,29.121,32.365,1
90,4,AECI,PACE,1583107200,28.95,28.95,0
90,4,AECI,PACE,1584424800,28.31,28.31,0
90,4,AECI,PACE,1585742400,21.211,21.211,0
90,4,AECI,PACE,1587060000,23.892,23.892,0
90,4,AECI,PACE,1588377600,25.143,25.143,0
90,4,AECI,PACE,1589695200,25.774,25.774,0
90,4,AECI,PACE,1591012800,24.75,24.75,0
90,4,AECI,PACE,1592330400,25.959,25.959,0
90,4,AECI,PACE,1593648000,29.983,29.983,0
90,4,AECI,PACE,1594965600,28.571,28.571,0
90,4,AECI,PACE,1596283200,29.488,29.488,0
90,4,AECI,PACE,1597600800,32.788,32.788,0
90,4,AECI,PACE,1598918400,29.414,29.414,0
90,4,AECI,PACE,1600236000,33.086,33.086,0
90,4,AECI,PACE,1601553600,29.771,29.771,0
90,4,AECI,PACE,1602871200,29.148,29.148,0
90,4,AECI,PACE,1604188800,35.804,35.804,0
90,4,AECI,PACE,1605506400,33.466,33.466,0
90,4,AECI,PACE,1606824000,31.991,31.991,0
90,4,AECI,PACE,1608141600,31.713,31.713,0
90,5,AECI,PACE,1577836800,34.669,31.734,4
90,5,AECI,PACE,1579154400,40.319,35.487,6
90,5,AECI,PACE,1580472000,33.857,34.139,5
90,5,AECI,PACE,1581789600,31.569,34.337,3
90,5,AECI,PACE,1583107200,31.425,32.574,4
90,5,AECI,PACE,1584424800,31.127,29.781,2
90,5,AECI,PACE,1585742400,21.211,21.211,0
90,5,AECI,PACE,1587060000,26.096,25.051,2
90,5,AECI,PACE,1588377600,27.995,28.37,4
90,5,AECI,PACE,1589695200,31.302,29.036,4
90,5,AECI,PACE,1591012800,27.576,26.432,2
90,5,AECI,PACE,1592330400,29.867,29.058,4
90,5,AECI,PACE,1593648000,37.508,35.253,6
90,5,AECI,PACE,1594965600,41.607,37.108,9
90,5,AECI,PACE,1596283200,46.755,38.494,10
90,5,AECI,PACE,1597600800,55.193,45.111,11
90,5,AECI,PACE,1598918400,36.182,32.946,4
90,5,AECI,PACE,1600236000,39.747,36.784,4
90,5,AECI,PACE,1601553600,40.263,35.402,6
90,5,AECI,PACE,1602871200,34.875,34.484,5
90,5,AECI,PACE,1604188800,44.685,41.572,6
90,5,AECI,PACE,1605506400,37.159,36.612,4
90,5,AECI,PACE,1606824000,40.364,37.634,5
90,5,AECI,PACE,1608141600,42.761,38.836,7
90,6,AECI,PACE,1577836800,27.991,27.991,0
90,6,AECI,PACE,1579154400,30.139,30.139,0
90,6,AECI,PACE,1580472000,28.562,30.373,1
90,6,AECI,PACE,1581789600,28.523,32.365,1
90,6,AECI,PACE,1583107200,29.366,30.339,1
90,6,AECI,PACE,1584424800,28.31,28.31,0
90,6,AECI,PACE,1585742400,21.211,21.211,0
90,6,AECI,PACE,1587060000,23.892,23.892,0
90,6,AECI,PACE,1588377600,25.678,26.335,1
90,6,AECI,PACE,1589695200,25.774,25.774,0
90,6,AECI,PACE,1591012800,24.75,24.75,0
90,6,AECI,PACE,1592330400,25.959,25.959,0
90,6,AECI,PACE,1593648000,30.498,31.267,1
90,6,AECI,PACE,1594965600,28.653,29.64,1
90,6,AECI,PACE,1596283200,29.488,29.488,0
90,6,AECI,PACE,1597600800,32.788,32.788,0
90,6,AECI,PACE,1598918400,29.414,29.414,0
90,6,AECI,PACE,1600236000,33.086,33.086,0
90,6,AECI,PACE,1601553600,29.771,29.771,0
90,6,AECI,PACE,1602871200,29.148,29.148,0
90,6,AECI,PACE,1604188800,36.421,37.204,1
90,6,AECI,PACE,1605506400,33.06,34.498,1
90,6,AECI,PACE,1606824000,31.991,31.991,0
90,6,AECI,PACE,1608141600,32.016,32.869,1
90,1,AECI,TEPC,1577836800,27.991,27.991,0
90,1,AECI,TEPC,1579154400,30.139,30.139,0
90,1,AECI,TEPC,1580472000,29.202,29.202,0
90,1,AECI,TEPC,1581789600,30.99,30.99,0
90,1,AECI,TEPC,1583107200,28.95,28.95,0
90,1,AECI,TEPC,1584424800,28.31,28.31,0
90,1,AECI,TEPC,1585742400,21.211,21.211,0
90,1,AECI,TEPC,1587060000,23.892,23.892,0
90,1,AECI,TEPC,1588377600,25.143,25.143,0
90,1,AECI,TEPC,1589695200,25.774,25.774,0
90,1,AECI,TEPC,1591012800,24.75,24.75,0
90,1,AECI,TEPC,1592330400,25.959,25.959,0
90,1,AECI,TEPC,1593648000,29.983,29.983,0
90,1,AECI,TEPC,1594965600,28.571,28.571,0
90,1,AECI,TEPC,1596283200,29.488,29.488,0
90,1,AECI,TEPC,1597600800,32.788,32.788,0
90,1,AECI,TEPC,1598918400,29.414,29.414,0
90,1,AECI,TEPC,1600236000,33.086,33.086,0
90,1,AECI,TEPC,1601553600,29.771,29.771,0
90,1,AECI,TEPC,1602871200,29.148,29.148,0
90,1,AECI,TEPC,1604188800,35.804,35.804,0
90,1,AECI,TEPC,1605506400,33.466,33.466,0
90,1,AECI,TEPC,1606824000,31.991,31.991,0
90,1,AECI,TEPC,1608141600,31.713,31.713,0
90,2,AECI,TEPC,1577836800,31.762,29.823,2
90,2,AECI,TEPC,1579154400,34.253,32.069,2
90,2,AECI,TEPC,1580472000,35.546,34.139,5
90,2,AECI,TEPC,1581789600,37.724,36.151,5
90,2,AECI,TEPC,1583107200,36.354,34.086,6
90,2,AECI,TEPC,1584424800,36.782,32.994,6
90,2,AECI,TEPC,1585742400,26.441,25.795,5
90,2,AECI,TEPC,1587060000,32.676,29.083,8
90,2,AECI,TEPC,1588377600,31.425,29.632,6
90,2,AECI,TEPC,1589695200,35.23,30.638,6
90,2,AECI,TEPC,1591012800,27.964,26.432,2
90,2,AECI,TEPC,1592330400,36.725,32.423,8
90,2,AECI,TEPC,1593648000,38.669,35.253,6
90,2,AECI,TEPC,1594965600,33.745,31.892,4
90,2,AECI,TEPC,1596283200,37.42,34.309,5
90,2,AECI,TEPC,1597600800,44.578,40.411,7
90,2,AECI,TEPC,1598918400,60.463,45.111,17
90,2,AECI,TEPC,1600236000,39.046,36.784,4
90,2,AECI,TEPC,1601553600,46.356,38.721,9
90,2,AECI,TEPC,1602871200,45.326,37.268,8
90,2,AECI,TEPC,1604188800,45.572,41.572,6
90,2,AECI,TEPC,1605506400,36.665,36.612,4
90,2,AECI,TEPC,1606824000,27.91,33.32,1
90,2,AECI,TEPC,1608141600,38.949,35.287,4
90,3,AECI,TEPC,1577836800,27.991,27.991,0
90,3,AECI,TEPC,1579154400,30.139,30.139,0
90,3,AECI,TEPC,1580472000,29.202,29.202,0
90,3,AECI,TEPC,1581789600,36.019,34.337,3
90,3,AECI,TEPC,1583107200,30.646,30.339,1
90,3,AECI,TEPC,1584424800,30.821,29.781,2
90,3,AECI,TEPC,1585742400,24.96,24.114,3
90,3,AECI,TEPC,1587060000,27.22,25.862,3
90,3,AECI,TEPC,1588377600,25.807,26.335,1
90,3,AECI,TEPC,1589695200,28.984,27.442,2
90,3,AECI,TEPC,1591012800,24.75,24.75,0
90,3,AECI,TEPC,1592330400,29.87,28.54,3
90,3,AECI,TEPC,1593648000,31.04,31.267,1
90,3,AECI,TEPC,1594965600,34.203,31.892,4
90,3,AECI,TEPC,1596283200,34.733,32.523,3
90,3,AECI,TEPC,1597600800,33.176,34.101,1
90,3,AECI,TEPC,1598918400,39.419,34.666,6
90,3,AECI,TEPC,1600236000,36.423,34.88,2
90,3,AECI,TEPC,1601553600,29.771,29.771,0
90,3,AECI,TEPC,1602871200,31.402,30.42,1
90,3,AECI,TEPC,1604188800,42.922,39.773,4
90,3,AECI,TEPC,1605506400,33.535,35.027,2
90,3,AECI,TEPC,1606824000,27.91,33.32,1
90,3,AECI,TEPC,1608141600,31.713,31.713,0
90,4,AECI,TEPC,1577836800,27.991,27.991,0
90,4,AECI,TEPC,1579154400,30.139,30.139,0
90,4,AECI,TEPC,1580472000,29.202,29.202,0
90,4,AECI,TEPC,1581789600,30.99,30.99,0
90,4,AECI,TEPC,1583107200,28.95,28.95,0
90,4,AECI,TEPC,1584424800,28.31,28.31,0
90,4,AECI,TEPC,1585742400,23.083,22.391,1
90,4,AECI,TEPC,1587060000,23.892,23.892,0
90,4,AECI,TEPC,1588377600,25.143,25.143,0
90,4,AECI,TEPC,1589695200,25.774,25.774,0
90,4,AECI,TEPC,1591012800,24.75,24.75,0
90,4,AECI,TEPC,1592330400,25.959,25.959,0
90,4,AECI,TEPC,1593648000,29.983,29.983,0
90,4,AECI,TEPC,1594965600,28.571,28.571,0
90,4,AECI,TEPC,1596283200,29.488,29.488,0
90,4,AECI,TEPC,1597600800,32.788,32.788,0
90,4,AECI,TEPC,1598918400,29.414,29.414,0
90,4,AECI,TEPC,1600236000,33.086,33.086,0
90,4,AECI,TEPC,1601553600,29.771,29.771,0
90,4,AECI,TEPC,1602871200,29.148,29.148,0
90,4,AECI,TEPC,1604188800,35.804,35.804,0
90,4,AECI,TEPC,1605506400,33.466,33.466,0
90,4,AECI,TEPC,1606824000,27.91,33.32,1
90,4,AECI,TEPC,1608141600,31.713,31.713,0
90,5,AECI,TEPC,1577836800,31.664,29.823,2
90,5,AECI,TEPC,1579154400,33.976,32.069,2
90,5,AECI,TEPC,1580472000,35.331,34.139,5
90,5,AECI,TEPC,1581789600,38.931,36.738,6
90,5,AECI,TEPC,1583107200,32.46,32.574,4
90,5,AECI,TEPC,1584424800,38.601,34.187,7
90,5,AECI,TEPC,1585742400,26.094,25.795,5
90,5,AECI,TEPC,1587060000,32.246,29.083,8
90,5,AECI,TEPC,1588377600,31.049,29.632,6
90,5,AECI,TEPC,1589695200,31.405,29.036,4
90,5,AECI,TEPC,1591012800,29.788,27.603,3
90,5,AECI,TEPC,1592330400,36.391,32.423,8
90,5,AECI,TEPC,1593648000,38.274,35.253,6
90,5,AECI,TEPC,1594965600,33.438,31.892,4
90,5,AECI,TEPC,1596283200,37.199,34.309,5
90,5,AECI,TEPC,1597600800,44.393,40.411,7
90,5,AECI,TEPC,1598918400,60.08,45.111,17
90,5,AECI,TEPC,1600236000,38.739,36.784,4
90,5,AECI,TEPC,1601553600,45.961,38.721,9
90,5,AECI,TEPC,1602871200,44.923,37.268,8
90,5,AECI,TEPC,1604188800,45.23,41.572,6
90,5,AECI,TEPC,1605506400,36.572,36.612,4
90,5,AECI,TEPC,1606824000,27.91,33.32,1
90,5,AECI,TEPC,1608141600,38.713,35.287,4
90,6,AECI,TEPC,1577836800,27.991,27.991,0
90,6,AECI,TEPC,1579154400,30.139,30.139,0
90,6,AECI,TEPC,1580472000,29.202,29.202,0
90,6,AECI,TEPC,1581789600,30.99,30.99,0
90,6,AECI,TEPC,1583107200,29.391,30.339,1
90,6,AECI,TEPC,1584424800,28.31,28.31,0
90,6,AECI,TEPC,1585742400,21.211,21.211,0
90,6,AECI,TEPC,1587060000,24.367,24.688,1
90,6,AECI,TEPC,1588377600,25.534,26.335,1
90,6,AECI,TEPC,1589695200,25.774,25.774,0
90,6,AECI,TEPC,1591012800,24.75,24.75,0
90,6,AECI,TEPC,1592330400,25.959,25.959,0
90,6,AECI,TEPC,1593648000,29.983,29.983,0
90,6,AECI,TEPC,1594965600,28.571,28.571,0
90,6,AECI,TEPC,1596283200,29.488,29.488,0
90,6,AECI,TEPC,1597600800,33.176,34.101,1
90,6,AECI,TEPC,1598918400,29.414,29.414,0
90,6,AECI,TEPC,1600236000,33.086,33.086,0
90,6,AECI,TEPC,1601553600,29.771,29.771,0
90,6,AECI,TEPC,1602871200,29.148,29.148,0
90,6,AECI,TEPC,1604188800,35.804,35.804,0
90,6,AECI,TEPC,1605506400,32.423,34.498,1
90,6,AECI,TEPC,1606824000,27.91,33.32,1
90,6,AECI,TEPC,1608141600,31.713,31.713,0
90,1,BANC,CISO,1577836800,9.634,9.634,0
90,1,BANC,CISO,1579154400,10.303,10.303,0
90,1,BANC,CISO,1580472000,7.054,7.054,0
90,1,BANC,CISO,1581789600,6.604,6.604,0
90,1,BANC,CISO,1583107200,6.624,6.624,0
90,1,BANC,CISO,1584424800,10.526,10.526,0
90,1,BANC,CISO,1585742400,5.601,5.601,0
90,1,BANC,CISO,1587060000,4.209,4.209,0
90,1,BANC,CISO,1588377600,5.401,5.401,0
90,1,BANC,CISO,1589695200,5.33,5.33,0
90,1,BANC,CISO,1591012800,5.354,5.354,0
90,1,BANC,CISO,1592330400,5.102,5.102,0
90,1,BANC,CISO,1593648000,4.762,4.762,0
90,1,BANC,CISO,1594965600,6.975,6.975,0
90,1,BANC,CISO,1596283200,7.162,7.162,0
90,1,BANC,CISO,1597600800,9.88,9.88,0
90,1,BANC,CISO,1598918400,9.479,9.479,0
90,1,BANC,CISO,1600236000,10.129,10.129,0
90,1,BANC,CISO,1601553600,10.238,10.238,0
90,1,BANC,CISO,1602871200,9.381,9.381,0
90,1,BANC,CISO,1604188800,11.003,11.003,0
90,1,BANC,CISO,1605506400,11.81,11.81,0
90,1,BANC,CISO,1606824000,13.726,13.726,0
90,1,BANC,CISO,1608141600,11.62,11.62,0
90,2,BANC,CISO,1577836800,11.624,10.683,4
90,2,BANC,CISO,1579154400,12.978,11.668,4
90,2,BANC,CISO,1580472000,7.907,7.524,2
90,2,BANC,CISO,1581789600,9.027,8.13,6
90,2,BANC,CISO,1583107200,7.962,7.316,4
90,2,BANC,CISO,1584424800,13.295,12.048,4
90,2,BANC,CISO,1585742400,7.159,6.532,5
90,2,BANC,CISO,1587060000,4.984,4.601,3
90,2,BANC,CISO,1588377600,6.443,6.257,6
90,2,BANC,CISO,1589695200,5.756,6.081,4
90,2,BANC,CISO,1591012800,6.112,5.754,2
90,2,BANC,CISO,1592330400,7.649,6.655,8
90,2,BANC,CISO,1593648000,5.788,5.343,4
90,2,BANC,CISO,1594965600,8.477,7.946,4
90,2,BANC,CISO,1596283200,8.984,8.441,5
90,2,BANC,CISO,1597600800,11.133,10.5,2
90,2,BANC,CISO,1598918400,11.207,10.487,4
90,2,BANC,CISO,1600236000,12.592,11.425,4
90,2,BANC,CISO,1601553600,13.396,11.95,5
90,2,BANC,CISO,1602871200,12.838,11.104,6
90,2,BANC,CISO,1604188800,13.198,11.863,4
90,2,BANC,CISO,1605506400,17.592,15.624,9
90,2,BANC,CISO,1606824000,19.494,17.813,10
90,2,BANC,CISO,1608141600,15.597,13.937,8
90,3,BANC,CISO,1577836800,10.704,10.142,2
90,3,BANC,CISO,1579154400,10.303,10.303,0
90,3,BANC,CISO,1580472000,7.054,7.054,0
90,3,BANC,CISO,1581789600,7.051,6.973,1
90,3,BANC,CISO,1583107200,7.374,6.97,2
90,3,BANC,CISO,1584424800,10.526,10.526,0
90,3,BANC,CISO,1585742400,5.601,5.601,0
90,3,BANC,CISO,1587060000,4.48,4.367,1
90,3,BANC,CISO,1588377600,6.478,5.96,4
90,3,BANC,CISO,1589695200,5.818,5.701,2
90,3,BANC,CISO,1591012800,5.354,5.354,0
90,3,BANC,CISO,1592330400,6.122,5.686,3
90,3,BANC,CISO,1593648000,5.29,5.045,2
90,3,BANC,CISO,1594965600,6.975,6.975,0
90,3,BANC,CISO,1596283200,7.162,7.162,0
90,3,BANC,CISO,1597600800,9.88,9.88,0
90,3,BANC,CISO,1598918400,11.689,10.487,4
90,3,BANC,CISO,1600236000,10.129,10.129,0
90,3,BANC,CISO,1601553600,10.238,10.238,0
90,3,BANC,CISO,1602871200,9.989,9.778,1
90,3,BANC,CISO,1604188800,11.003,11.003,0
90,3,BANC,CISO,1605506400,13.713,13.268,3
90,3,BANC,CISO,1606824000,12.617,14.386,1
90,3,BANC,CISO,1608141600,13.02,12.66,3
90,4,BANC,CISO,1577836800,9.634,9.634,0
90,4,BANC,CISO,1579154400,10.303,10.303,0
90,4,BANC,CISO,1580472000,7.054,7.054,0
90,4,BANC,CISO,1581789600,6.604,6.604,0
90,4,BANC,CISO,1583107200,6.624,6.624,0
90,4,BANC,CISO,1584424800,10.526,10.526,0
90,4,BANC,CISO,1585742400,5.601,5.601,0
90,4,BANC,CISO,1587060000,4.209,4.209,0
90,4,BANC,CISO,1588377600,5.401,5.401,0
90,4,BANC,CISO,1589695200,5.33,5.33,0
90,4,BANC,CISO,1591012800,5.354,5.354,0
90,4,BANC,CISO,1592330400,5.102,5.102,0
90,4,BANC,CISO,1593648000,4.762,4.762,0
90,4,BANC,CISO,1594965600,6.975,6.975,0
90,4,BANC,CISO,1596283200,7.162,7.162,0
90,4,BANC,CISO,1597600800,9.88,9.88,0
90,4,BANC,CISO,1598918400,9.479,9.479,0
90,4,BANC,CISO,1600236000,10.129,10.129,0
90,4,BANC,CISO,1601553600,10.238,10.238,0
90,4,BANC,CISO,1602871200,9.381,9.381,0
90,4,BANC,CISO,1604188800,11.003,11.003,0
90,4,BANC,CISO,1605506400,11.81,11.81,0
90,4,BANC,CISO,1606824000,13.726,13.726,0
90,4,BANC,CISO,1608141600,11.62,11.62,0
90,5,BANC,CISO,1577836800,11.327,10.683,4
90,5,BANC,CISO,1579154400,12.692,11.668,4
90,5,BANC,CISO,1580472000,7.844,7.524,2
90,5,BANC,CISO,1581789600,8.472,8.13,6
90,5,BANC,CISO,1583107200,7.732,7.316,4
90,5,BANC,CISO,1584424800,12.876,12.048,4
90,5,BANC,CISO,1585742400,6.772,6.532,5
90,5,BANC,CISO,1587060000,5.157,4.684,4
90,5,BANC,CISO,1588377600,5.345,5.96,4
90,5,BANC,CISO,1589695200,5.603,6.081,4
90,5,BANC,CISO,1591012800,6.092,5.754,2
90,5,BANC,CISO,1592330400,7.351,6.655,8
90,5,BANC,CISO,1593648000,5.717,5.343,4
90,5,BANC,CISO,1594965600,8.355,7.946,4
90,5,BANC,CISO,1596283200,8.84,8.441,5
90,5,BANC,CISO,1597600800,11.118,10.5,2
90,5,BANC,CISO,1598918400,11.081,10.487,4
90,5,BANC,CISO,1600236000,12.487,11.425,4
90,5,BANC,CISO,1601553600,13.229,11.95,5
90,5,BANC,CISO,1602871200,11.576,10.594,4
90,5,BANC,CISO,1604188800,13.001,11.863,4
90,5,BANC,CISO,1605506400,16.901,15.624,9
90,5,BANC,CISO,1606824000,16.722,16.713,7
90,5,BANC,CISO,1608141600,14.905,13.937,8
90,6,BANC,CISO,1577836800,9.634,9.634,0
90,6,BANC,CISO,1579154400,10.303,10.303,0
90,6,BANC,CISO,1580472000,7.054,7.054,0
90,6,BANC,CISO,1581789600,6.604,6.604,0
90,6,BANC,CISO,1583107200,6.624,6.624,0
90,6,BANC,CISO,1584424800,10.526,10.526,0
90,6,BANC,CISO,1585742400,5.601,5.601,0
90,6,BANC,CISO,1587060000,4.209,4.209,0
90,6,BANC,CISO,1588377600,5.524,5.58,1
90,6,BANC,CISO,1589695200,5.33,5.33,0
90,6,BANC,CISO,1591012800,5.354,5.354,0
90,6,BANC,CISO,1592330400,5.102,5.102,0
90,6,BANC,CISO,1593648000,4.762,4.762,0
90,6,BANC,CISO,1594965600,6.975,6.975,0
90,6,BANC,CISO,1596283200,7.162,7.162,0
90,6,BANC,CISO,1597600800,9.88,9.88,0
90,6,BANC,CISO,1598918400,9.479,9.479,0
90,6,BANC,CISO,1600236000,10.129,10.129,0
90,6,BANC,CISO,1601553600,10.238,10.238,0
90,6,BANC,CISO,1602871200,9.381,9.381,0
90,6,BANC,CISO,1604188800,11.003,11.003,0
90,6,BANC,CISO,1605506400,11.994,12.381,1
90,6,BANC,CISO,1606824000,12.617,14.386,1
90,6,BANC,CISO,1608141600,11.62,11.62,0
90,1,CISO,BANC,1577836800,12.402,12.402,0
90,1,CISO,BANC,1579154400,13.357,13.357,0
90,1,CISO,BANC,1580472000,11.216,11.216,0
90,1,CISO,BANC,1581789600,9.848,9.848,0
90,1,CISO,BANC,1583107200,9.903,9.903,0
90,1,CISO,BANC,1584424800,12.883,12.883,0
90,1,CISO,BANC,1585742400,7.582,7.582,0
90,1,CISO,BANC,1587060000,7.672,7.672,0
90,1,CISO,BANC,1588377600,5.359,5.359,0
90,1,CISO,BANC,1589695200,5.976,5.976,0
90,1,CISO,BANC,1591012800,9.004,9.004,0
90,1,CISO,BANC,1592330400,6.312,6.312,0
90,1,CISO,BANC,1593648000,7.005,7.005,0
90,1,CISO,BANC,1594965600,8.607,8.607,0
90,1,CISO,BANC,1596283200,8.788,8.788,0
90,1,CISO,BANC,1597600800,12.113,12.113,0
90,1,CISO,BANC,1598918400,10.471,10.471,0
90,1,CISO,BANC,1600236000,12.075,12.075,0
90,1,CISO,BANC,1601553600,12.36,12.36,0
90,1,CISO,BANC,1602871200,13.505,13.505,0
90,1,CISO,BANC,1604188800,13.674,13.674,0
90,1,CISO,BANC,1605506400,11.755,11.755,0
90,1,CISO,BANC,1606824000,11.541,11.541,0
90,1,CISO,BANC,1608141600,11.483,11.483,0
90,2,CISO,BANC,1577836800,12.651,15.023,5
90,2,CISO,BANC,1579154400,14.036,16.017,5
90,2,CISO,BANC,1580472000,9.243,12.582,4
90,2,CISO,BANC,1581789600,7.981,10.619,4
90,2,CISO,BANC,1583107200,8.528,11.976,5
90,2,CISO,BANC,1584424800,14.308,15.266,5
90,2,CISO,BANC,1585742400,7.669,8.766,6
90,2,CISO,BANC,1587060000,4.643,7.893,2
90,2,CISO,BANC,1588377600,6.005,6.429,5
90,2,CISO,BANC,1589695200,6.327,7.073,5
90,2,CISO,BANC,1591012800,7.095,10.067,4
90,2,CISO,BANC,1592330400,7.27,7.932,7
90,2,CISO,BANC,1593648000,6.225,8.501,5
90,2,CISO,BANC,1594965600,9.191,10.252,5
90,2,CISO,BANC,1596283200,9.502,10.055,6
90,2,CISO,BANC,1597600800,10.605,12.562,1
90,2,CISO,BANC,1598918400,12.033,12.41,5
90,2,CISO,BANC,1600236000,13.478,14.235,5
90,2,CISO,BANC,1601553600,14.088,14.298,6
90,2,CISO,BANC,1602871200,12.299,15.07,5
90,2,CISO,BANC,1604188800,14.007,16.158,5
90,2,CISO,BANC,1605506400,18.278,15.137,10
90,2,CISO,BANC,1606824000,17.688,14.054,8
90,2,CISO,BANC,1608141600,14.902,13.957,7
90,3,CISO,BANC,1577836800,10.551,13.026,1
90,3,CISO,BANC,1579154400,11.372,14.02,1
90,3,CISO,BANC,1580472000,7.929,11.735,1
90,3,CISO,BANC,1581789600,7.339,10.213,2
90,3,CISO,BANC,1583107200,7.137,10.307,1
90,3,CISO,BANC,1584424800,11.612,13.466,1
90,3,CISO,BANC,1585742400,6.194,7.964,1
90,3,CISO,BANC,1587060000,4.656,7.893,2
90,3,CISO,BANC,1588377600,6.004,5.989,3
90,3,CISO,BANC,1589695200,6.329,6.667,3
90,3,CISO,BANC,1591012800,5.969,9.453,1
90,3,CISO,BANC,1592330400,5.578,6.622,2
90,3,CISO,BANC,1593648000,5.67,7.917,3
90,3,CISO,BANC,1594965600,7.66,9.046,1
90,3,CISO,BANC,1596283200,7.83,9.156,1
90,3,CISO,BANC,1597600800,10.59,12.562,1
90,3,CISO,BANC,1598918400,11.064,11.66,3
90,3,CISO,BANC,1600236000,11.053,12.63,1
90,3,CISO,BANC,1601553600,11.144,12.894,1
90,3,CISO,BANC,1602871200,10.454,13.99,2
90,3,CISO,BANC,1604188800,11.772,14.249,1
90,3,CISO,BANC,1605506400,13.018,12.528,2
90,3,CISO,BANC,1606824000,11.541,11.541,0
90,3,CISO,BANC,1608141600,12.469,11.975,2
90,4,CISO,BANC,1577836800,10.551,13.026,1
90,4,CISO,BANC,1579154400,11.372,14.02,1
90,4,CISO,BANC,1580472000,7.929,11.735,1
90,4,CISO,BANC,1581789600,7.154,10.091,1
90,4,CISO,BANC,1583107200,7.137,10.307,1
90,4,CISO,BANC,1584424800,12.213,13.466,1
90,4,CISO,BANC,1585742400,6.194,7.964,1
90,4,CISO,BANC,1587060000,4.47,7.82,1
90,4,CISO,BANC,1588377600,5.359,5.359,0
90,4,CISO,BANC,1589695200,5.841,6.257,1
90,4,CISO,BANC,1591012800,5.969,9.453,1
90,4,CISO,BANC,1592330400,5.877,6.512,1
90,4,CISO,BANC,1593648000,5.176,7.305,1
90,4,CISO,BANC,1594965600,7.66,9.046,1
90,4,CISO,BANC,1596283200,7.695,9.156,1
90,4,CISO,BANC,1597600800,10.708,12.562,1
90,4,CISO,BANC,1598918400,10.471,10.471,0
90,4,CISO,BANC,1600236000,12.61,12.63,1
90,4,CISO,BANC,1601553600,12.873,12.894,1
90,4,CISO,BANC,1602871200,10.092,13.823,1
90,4,CISO,BANC,1604188800,12.683,14.249,1
90,4,CISO,BANC,1605506400,11.755,11.755,0
90,4,CISO,BANC,1606824000,11.541,11.541,0
90,4,CISO,BANC,1608141600,10.91,11.812,1
90,5,CISO,BANC,1577836800,12.354,15.023,5
90,5,CISO,BANC,1579154400,13.751,16.017,5
90,5,CISO,BANC,1580472000,9.16,12.582,4
90,5,CISO,BANC,1581789600,8.057,11.095,5
90,5,CISO,BANC,1583107200,8.298,11.976,5
90,5,CISO,BANC,1584424800,13.889,15.266,5
90,5,CISO,BANC,1585742400,7.282,8.766,6
90,5,CISO,BANC,1587060000,4.614,7.893,2
90,5,CISO,BANC,1588377600,5.639,6.429,5
90,5,CISO,BANC,1589695200,6.461,7.183,6
90,5,CISO,BANC,1591012800,7.07,10.067,4
90,5,CISO,BANC,1592330400,6.971,7.932,7
90,5,CISO,BANC,1593648000,6.153,8.501,5
90,5,CISO,BANC,1594965600,9.455,10.393,6
90,5,CISO,BANC,1596283200,9.389,10.055,6
90,5,CISO,BANC,1597600800,10.59,12.562,1
90,5,CISO,BANC,1598918400,12.517,12.655,6
90,5,CISO,BANC,1600236000,13.373,14.235,5
90,5,CISO,BANC,1601553600,14.619,14.731,7
90,5,CISO,BANC,1602871200,12.227,15.07,5
90,5,CISO,BANC,1604188800,13.81,16.158,5
90,5,CISO,BANC,1605506400,17.586,15.137,10
90,5,CISO,BANC,1606824000,17.274,14.054,8
90,5,CISO,BANC,1608141600,14.435,13.957,7
90,6,CISO,BANC,1577836800,10.551,13.026,1
90,6,CISO,BANC,1579154400,11.372,14.02,1
90,6,CISO,BANC,1580472000,7.929,11.735,1
90,6,CISO,BANC,1581789600,7.154,10.091,1
90,6,CISO,BANC,1583107200,7.137,10.307,1
90,6,CISO,BANC,1584424800,11.612,13.466,1
90,6,CISO,BANC,1585742400,6.194,7.964,1
90,6,CISO,BANC,1587060000,4.47,7.82,1
90,6,CISO,BANC,1588377600,5.359,5.359,0
90,6,CISO,BANC,1589695200,5.909,6.257,1
90,6,CISO,BANC,1591012800,5.969,9.453,1
90,6,CISO,BANC,1592330400,5.33,6.512,1
90,6,CISO,BANC,1593648000,5.176,7.305,1
90,6,CISO,BANC,1594965600,7.66,9.046,1
90,6,CISO,BANC,1596283200,7.83,9.156,1
90,6,CISO,BANC,1597600800,10.59,12.562,1
90,6,CISO,BANC,1598918400,10.116,10.909,1
90,6,CISO,BANC,1600236000,11.053,12.63,1
90,6,CISO,BANC,1601553600,11.144,12.894,1
90,6,CISO,BANC,1602871200,10.092,13.823,1
90,6,CISO,BANC,1604188800,11.772,14.249,1
90,6,CISO,BANC,1605506400,11.755,11.755,0
90,6,CISO,BANC,1606824000,11.541,11.541,0
90,6,CISO,BANC,1608141600,11.764,11.812,1
90,1,EPE,AECI,1577836800,26.946,26.946,0
90,1,EPE,AECI,1579154400,27.639,27.639,0
90,1,EPE,AECI,1580472000,24.201,24.201,0
90,1,EPE,AECI,1581789600,23.463,23.463,0
90,1,EPE,AECI,1583107200,27.005,27.005,0
90,1,EPE,AECI,1584424800,27.241,27.241,0
90,1,EPE,AECI,1585742400,21.947,21.947,0
90,1,EPE,AECI,1587060000,22.891,22.891,0
90,1,EPE,AECI,1588377600,24.48,24.48,0
90,1,EPE,AECI,1589695200,25.238,25.238,0
90,1,EPE,AECI,1591012800,26.114,26.114,0
90,1,EPE,AECI,1592330400,26.021,26.021,0
90,1,EPE,AECI,1593648000,26.402,26.402,0
90,1,EPE,AECI,1594965600,27.925,27.925,0
90,1,EPE,AECI,1596283200,27.295,27.295,0
90,1,EPE,AECI,1597600800,28.635,28.635,0
90,1,EPE,AECI,1598918400,27.13,27.13,0
90,1,EPE,AECI,1600236000,26.63,26.63,0
90,1,EPE,AECI,1601553600,29.343,29.343,0
90,1,EPE,AECI,1602871200,29.864,29.864,0
90,1,EPE,AECI,1604188800,28.659,28.659,0
90,1,EPE,AECI,1605506400,27.195,27.195,0
90,1,EPE,AECI,1606824000,26.511,26.511,0
90,1,EPE,AECI,1608141600,28.727,28.727,0
90,2,EPE,AECI,1577836800,44.311,35.999,10
90,2,EPE,AECI,1579154400,31.361,29.457,2
90,2,EPE,AECI,1580472000,26.806,25.864,2
90,2,EPE,AECI,1581789600,23.463,23.463,0
90,2,EPE,AECI,1583107200,34.532,31.814,5
90,2,EPE,AECI,1584424800,36.325,32.013,6
90,2,EPE,AECI,1585742400,25.736,24.6,4
90,2,EPE,AECI,1587060000,29.182,26.549,5
90,2,EPE,AECI,1588377600,30.797,28.606,5
90,2,EPE,AECI,1589695200,37.317,32.237,8
90,2,EPE,AECI,1591012800,36.936,32.328,8
90,2,EPE,AECI,1592330400,36.593,32.056,7
90,2,EPE,AECI,1593648000,35.373,30.993,5
90,2,EPE,AECI,1594965600,37.813,33.498,6
90,2,EPE,AECI,1596283200,37.533,32.114,6
90,2,EPE,AECI,1597600800,32.255,30.2,2
90,2,EPE,AECI,1598918400,39.645,33.683,7
90,2,EPE,AECI,1600236000,26.63,26.63,0
90,2,EPE,AECI,1601553600,34.936,32.935,4
90,2,EPE,AECI,1602871200,34.656,33.286,4
90,2,EPE,AECI,1604188800,37.996,33.491,5
90,2,EPE,AECI,1605506400,28.959,28.366,1
90,2,EPE,AECI,1606824000,30.207,28.318,2
90,2,EPE,AECI,1608141600,49.724,39.366,11
90,3,EPE,AECI,1577836800,26.946,26.946,0
90,3,EPE,AECI,1579154400,27.639,27.639,0
90,3,EPE,AECI,1580472000,26.982,25.864,2
90,3,EPE,AECI,1581789600,23.463,23.463,0
90,3,EPE,AECI,1583107200,27.005,27.005,0
90,3,EPE,AECI,1584424800,28.891,28.334,1
90,3,EPE,AECI,1585742400,23.966,23.336,2
90,3,EPE,AECI,1587060000,22.891,22.891,0
90,3,EPE,AECI,1588377600,24.48,24.48,0
90,3,EPE,AECI,1589695200,27.188,26.415,1
90,3,EPE,AECI,1591012800,28.261,27.757,2
90,3,EPE,AECI,1592330400,30.43,28.618,3
90,3,EPE,AECI,1593648000,26.402,26.402,0
90,3,EPE,AECI,1594965600,33.133,31.044,3
90,3,EPE,AECI,1596283200,30.667,29.03,2
90,3,EPE,AECI,1597600800,28.635,28.635,0
90,3,EPE,AECI,1598918400,34.07,30.657,4
90,3,EPE,AECI,1600236000,26.63,26.63,0
90,3,EPE,AECI,1601553600,31.457,30.701,1
90,3,EPE,AECI,1602871200,32.528,31.588,2
90,3,EPE,AECI,1604188800,28.659,28.659,0
90,3,EPE,AECI,1605506400,28.92,28.366,1
90,3,EPE,AECI,1606824000,30.134,28.318,2
90,3,EPE,AECI,1608141600,35.65,32.139,4
90,4,EPE,AECI,1577836800,26.946,26.946,0
90,4,EPE,AECI,1579154400,27.639,27.639,0
90,4,EPE,AECI,1580472000,24.201,24.201,0
90,4,EPE,AECI,1581789600,23.463,23.463,0
90,4,EPE,AECI,1583107200,27.005,27.005,0
90,4,EPE,AECI,1584424800,27.241,27.241,0
90,4,EPE,AECI,1585742400,21.947,21.947,0
90,4,EPE,AECI,1587060000,22.891,22.891,0
90,4,EPE,AECI,1588377600,24.48,24.48,0
90,4,EPE,AECI,1589695200,25.238,25.238,0
90,4,EPE,AECI,1591012800,26.114,26.114,0
90,4,EPE,AECI,1592330400,26.021,26.021,0
90,4,EPE,AECI,1593648000,26.402,26.402,0
90,4,EPE,AECI,1594965600,27.925,27.925,0
90,4,EPE,AECI,1596283200,27.295,27.295,0
90,4,EPE,AECI,1597600800,28.635,28.635,0
90,4,EPE,AECI,1598918400,27.13,27.13,0
90,4,EPE,AECI,1600236000,26.63,26.63,0
90,4,EPE,AECI,1601553600,29.343,29.343,0
90,4,EPE,AECI,1602871200,29.864,29.864,0
90,4,EPE,AECI,1604188800,28.659,28.659,0
90,4,EPE,AECI,1605506400,27.195,27.195,0
90,4,EPE,AECI,1606824000,26.511,26.511,0
90,4,EPE,AECI,1608141600,28.727,28.727,0
90,5,EPE,AECI,1577836800,43.927,35.999,10
90,5,EPE,AECI,1579154400,33.279,30.709,3
90,5,EPE,AECI,1580472000,26.69,25.864,2
90,5,EPE,AECI,1581789600,23.463,23.463,0
90,5,EPE,AECI,1583107200,34.16,31.814,5
90,5,EPE,AECI,1584424800,36.182,32.013,6
90,5,EPE,AECI,1585742400,25.509,24.6,4
90,5,EPE,AECI,1587060000,28.978,26.549,5
90,5,EPE,AECI,1588377600,30.537,28.606,5
90,5,EPE,AECI,1589695200,36.918,32.237,8
90,5,EPE,AECI,1591012800,33.256,30.801,6
90,5,EPE,AECI,1592330400,36.182,32.056,7
90,5,EPE,AECI,1593648000,35.068,30.993,5
90,5,EPE,AECI,1594965600,37.436,33.498,6
90,5,EPE,AECI,1596283200,33.752,30.567,4
90,5,EPE,AECI,1597600800,32.143,30.2,2
90,5,EPE,AECI,1598918400,40.974,34.291,8
90,5,EPE,AECI,1600236000,28.699,27.838,1
90,5,EPE,AECI,1601553600,34.722,32.935,4
90,5,EPE,AECI,1602871200,34.556,33.286,4
90,5,EPE,AECI,1604188800,37.769,33.491,5
90,5,EPE,AECI,1605506400,28.943,28.366,1
90,5,EPE,AECI,1606824000,30.162,28.318,2
90,5,EPE,AECI,1608141600,50.945,40.042,12
90,6,EPE,AECI,1577836800,26.946,26.946,0
90,6,EPE,AECI,1579154400,27.639,27.639,0
90,6,EPE,AECI,1580472000,24.201,24.201,0
90,6,EPE,AECI,1581789600,23.463,23.463,0
90,6,EPE,AECI,1583107200,27.005,27.005,0
90,6,EPE,AECI,1584424800,27.241,27.241,0
90,6,EPE,AECI,1585742400,21.947,21.947,0
90,6,EPE,AECI,1587060000,22.891,22.891,0
90,6,EPE,AECI,1588377600,24.48,24.48,0
90,6,EPE,AECI,1589695200,25.238,25.238,0
90,6,EPE,AECI,1591012800,26.593,27.251,1
90,6,EPE,AECI,1592330400,26.021,26.021,0
90,6,EPE,AECI,1593648000,26.402,26.402,0
90,6,EPE,AECI,1594965600,27.925,27.925,0
90,6,EPE,AECI,1596283200,27.295,27.295,0
90,6,EPE,AECI,1597600800,28.635,28.635,0
90,6,EPE,AECI,1598918400,27.13,27.13,0
90,6,EPE,AECI,1600236000,26.63,26.63,0
90,6,EPE,AECI,1601553600,29.922,30.701,1
90,6,EPE,AECI,1602871200,29.864,29.864,0
90,6,EPE,AECI,1604188800,28.659,28.659,0
90,6,EPE,AECI,1605506400,27.195,27.195,0
90,6,EPE,AECI,1606824000,26.511,26.511,0
90,6,EPE,AECI,1608141600,28.727,28.727,0
90,1,EPE,PSCO,1577836800,26.946,26.946,0
90,1,EPE,PSCO,1579154400,27.639,27.639,0
90,1,EPE,PSCO,1580472000,24.201,24.201,0
90,1,EPE,PSCO,1581789600,23.463,23.463,0
90,1,EPE,PSCO,1583107200,27.005,27.005,0
90,1,EPE,PSCO,1584424800,27.241,27.241,0
90,1,EPE,PSCO,1585742400,21.947,21.947,0
90,1,EPE,PSCO,1587060000,22.891,22.891,0
90,1,EPE,PSCO,1588377600,24.48,24.48,0
90,1,EPE,PSCO,1589695200,25.238,25.238,0
90,1,EPE,PSCO,1591012800,26.114,26.114,0
90,1,EPE,PSCO,1592330400,26.021,26.021,0
90,1,EPE,PSCO,1593648000,26.402,26.402,0
90,1,EPE,PSCO,1594965600,27.925,27.925,0
90,1,EPE,PSCO,1596283200,27.295,27.295,0
90,1,EPE,PSCO,1597600800,28.635,28.635,0
90,1,EPE,PSCO,1598918400,27.13,27.13,0
90,1,EPE,PSCO,1600236000,26.63,26.63,0
90,1,EPE,PSCO,1601553600,29.343,29.343,0
90,1,EPE,PSCO,1602871200,29.864,29.864,0
90,1,EPE,PSCO,1604188800,28.659,28.659,0
90,1,EPE,PSCO,1605506400,27.195,27.195,0
90,1,EPE,PSCO,1606824000,26.511,26.511,0
90,1,EPE,PSCO,1608141600,28.727,28.727,0
90,2,EPE,PSCO,1577836800,32.551,30.599,4
90,2,EPE,PSCO,1579154400,30.844,32.671,5
90,2,EPE,PSCO,1580472000,33.709,30.116,8
90,2,EPE,PSCO,1581789600,29.129,26.158,4
90,2,EPE,PSCO,1583107200,35.477,32.397,6
90,2,EPE,PSCO,1584424800,33.146,30.435,4
90,2,EPE,PSCO,1585742400,24.343,23.336,2
90,2,EPE,PSCO,1587060000,25.548,24.146,2
90,2,EPE,PSCO,1588377600,33.761,30.166,7
90,2,EPE,PSCO,1589695200,26.209,28.287,3
90,2,EPE,PSCO,1591012800,33.058,29.272,4
90,2,EPE,PSCO,1592330400,29.635,29.149,4
90,2,EPE,PSCO,1593648000,31.337,30.993,5
90,2,EPE,PSCO,1594965600,37.231,33.498,6
90,2,EPE,PSCO,1596283200,33.041,31.593,5
90,2,EPE,PSCO,1597600800,31.436,31.786,4
90,2,EPE,PSCO,1598918400,32.131,30.062,3
90,2,EPE,PSCO,1600236000,32.283,32.223,6
90,2,EPE,PSCO,1601553600,37.299,35.699,7
90,2,EPE,PSCO,1602871200,38.624,36.461,7
90,2,EPE,PSCO,1604188800,42.319,36.088,8
90,2,EPE,PSCO,1605506400,33.274,31.759,5
90,2,EPE,PSCO,1606824000,21.458,27.737,1
90,2,EPE,PSCO,1608141600,24.734,29.84,1
90,3,EPE,PSCO,1577836800,33.551,30.599,4
90,3,EPE,PSCO,1579154400,24.211,28.843,1
90,3,EPE,PSCO,1580472000,23.963,25.314,1
90,3,EPE,PSCO,1581789600,26.099,24.762,2
90,3,EPE,PSCO,1583107200,27.956,28.19,1
90,3,EPE,PSCO,1584424800,30.327,28.851,2
90,3,EPE,PSCO,1585742400,21.947,21.947,0
90,3,EPE,PSCO,1587060000,22.891,22.891,0
90,3,EPE,PSCO,1588377600,24.48,24.48,0
90,3,EPE,PSCO,1589695200,24.835,26.415,1
90,3,EPE,PSCO,1591012800,26.114,26.114,0
90,3,EPE,PSCO,1592330400,27.078,27.576,2
90,3,EPE,PSCO,1593648000,28.945,29.21,3
90,3,EPE,PSCO,1594965600,29.572,29.166,1
90,3,EPE,PSCO,1596283200,28.592,28.491,1
90,3,EPE,PSCO,1597600800,28.211,30.2,2
90,3,EPE,PSCO,1598918400,27.13,27.13,0
90,3,EPE,PSCO,1600236000,25.048,27.838,1
90,3,EPE,PSCO,1601553600,28.091,30.701,1
90,3,EPE,PSCO,1602871200,30.584,31.588,2
90,3,EPE,PSCO,1604188800,28.659,28.659,0
90,3,EPE,PSCO,1605506400,28.784,28.366,1
90,3,EPE,PSCO,1606824000,21.458,27.737,1
90,3,EPE,PSCO,1608141600,24.734,29.84,1
90,4,EPE,PSCO,1577836800,26.946,26.946,0
90,4,EPE,PSCO,1579154400,24.211,28.843,1
90,4,EPE,PSCO,1580472000,24.201,24.201,0
90,4,EPE,PSCO,1581789600,23.463,23.463,0
90,4,EPE,PSCO,1583107200,27.005,27.005,0
90,4,EPE,PSCO,1584424800,27.241,27.241,0
90,4,EPE,PSCO,1585742400,21.947,21.947,0
90,4,EPE,PSCO,1587060000,22.891,22.891,0
90,4,EPE,PSCO,1588377600,24.48,24.48,0
90,4,EPE,PSCO,1589695200,23.541,26.415,1
90,4,EPE,PSCO,1591012800,26.114,26.114,0
90,4,EPE,PSCO,1592330400,26.021,26.021,0
90,4,EPE,PSCO,1593648000,26.402,26.402,0
90,4,EPE,PSCO,1594965600,27.925,27.925,0
90,4,EPE,PSCO,1596283200,27.283,28.491,1
90,4,EPE,PSCO,1597600800,28.635,28.635,0
90,4,EPE,PSCO,1598918400,27.13,27.13,0
90,4,EPE,PSCO,1600236000,26.63,26.63,0
90,4,EPE,PSCO,1601553600,29.343,29.343,0
90,4,EPE,PSCO,1602871200,29.864,29.864,0
90,4,EPE,PSCO,1604188800,28.659,28.659,0
90,4,EPE,PSCO,1605506400,27.195,27.195,0
90,4,EPE,PSCO,1606824000,21.458,27.737,1
90,4,EPE,PSCO,1608141600,26.518,29.84,1
90,5,EPE,PSCO,1577836800,34.283,31.835,5
90,5,EPE,PSCO,1579154400,30.405,32.671,5
90,5,EPE,PSCO,1580472000,33.377,30.116,8
90,5,EPE,PSCO,1581789600,28.94,26.158,4
90,5,EPE,PSCO,1583107200,35.108,32.397,6
90,5,EPE,PSCO,1584424800,33.05,30.435,4
90,5,EPE,PSCO,1585742400,24.006,23.336,2
90,5,EPE,PSCO,1587060000,25.426,24.146,2
90,5,EPE,PSCO,1588377600,33.341,30.166,7
90,5,EPE,PSCO,1589695200,25.997,28.287,3
90,5,EPE,PSCO,1591012800,29.312,27.757,2
90,5,EPE,PSCO,1592330400,29.315,29.149,4
90,5,EPE,PSCO,1593648000,31.18,30.993,5
90,5,EPE,PSCO,1594965600,36.944,33.498,6
90,5,EPE,PSCO,1596283200,32.998,31.593,5
90,5,EPE,PSCO,1597600800,31.302,31.786,4
90,5,EPE,PSCO,1598918400,31.913,30.062,3
90,5,EPE,PSCO,1600236000,31.911,32.223,6
90,5,EPE,PSCO,1601553600,38.229,36.281,8
90,5,EPE,PSCO,1602871200,38.216,36.461,7
90,5,EPE,PSCO,1604188800,41.981,36.088,8
90,5,EPE,PSCO,1605506400,33.016,31.759,5
90,5,EPE,PSCO,1606824000,21.458,27.737,1
90,5,EPE,PSCO,1608141600,24.734,29.84,1
90,6,EPE,PSCO,1577836800,26.946,26.946,0
90,6,EPE,PSCO,1579154400,24.211,28.843,1
90,6,EPE,PSCO,1580472000,23.963,25.314,1
90,6,EPE,PSCO,1581789600,23.463,23.463,0
90,6,EPE,PSCO,1583107200,27.005,27.005,0
90,6,EPE,PSCO,1584424800,27.241,27.241,0
90,6,EPE,PSCO,1585742400,21.947,21.947,0
90,6,EPE,PSCO,1587060000,22.891,22.891,0
90,6,EPE,PSCO,1588377600,24.48,24.48,0
90,6,EPE,PSCO,1589695200,24.835,26.415,1
90,6,EPE,PSCO,1591012800,26.114,26.114,0
90,6,EPE,PSCO,1592330400,25.775,27.056,1
90,6,EPE,PSCO,1593648000,25.924,27.508,1
90,6,EPE,PSCO,1594965600,27.925,27.925,0
90,6,EPE,PSCO,1596283200,27.829,28.491,1
90,6,EPE,PSCO,1597600800,27.295,29.682,1
90,6,EPE,PSCO,1598918400,27.13,27.13,0
90,6,EPE,PSCO,1600236000,25.048,27.838,1
90,6,EPE,PSCO,1601553600,28.091,30.701,1
90,6,EPE,PSCO,1602871200,29.439,31.021,1
90,6,EPE,PSCO,1604188800,28.659,28.659,0
90,6,EPE,PSCO,1605506400,27.195,27.195,0
90,6,EPE,PSCO,1606824000,21.458,27.737,1
90,6,EPE,PSCO,1608141600,24.734,29.84,1
90,1,PACE,AECI,1577836800,29.606,29.606,0
90,1,PACE,AECI,1579154400,31.258,31.258,0
90,1,PACE,AECI,1580472000,26.441,26.441,0
90,1,PACE,AECI,1581789600,26.244,26.244,0
90,1,PACE,AECI,1583107200,27.863,27.863,0
90,1,PACE,AECI,1584424800,33.66,33.66,0
90,1,PACE,AECI,1585742400,30.11,30.11,0
90,1,PACE,AECI,1587060000,29.92,29.92,0
90,1,PACE,AECI,1588377600,26.092,26.092,0
90,1,PACE,AECI,1589695200,29.135,29.135,0
90,1,PACE,AECI,1591012800,30.797,30.797,0
90,1,PACE,AECI,1592330400,26.769,26.769,0
90,1,PACE,AECI,1593648000,28.187,28.187,0
90,1,PACE,AECI,1594965600,26.382,26.382,0
90,1,PACE,AECI,1596283200,31.055,31.055,0
90,1,PACE,AECI,1597600800,33.719,33.719,0
90,1,PACE,AECI,1598918400,31.987,31.987,0
90,1,PACE,AECI,1600236000,34.388,34.388,0
90,1,PACE,AECI,1601553600,33.411,33.411,0
90,1,PACE,AECI,1602871200,28.206,28.206,0
90,1,PACE,AECI,1604188800,34.413,34.413,0
90,1,PACE,AECI,1605506400,30.768,30.768,0
90,1,PACE,AECI,1606824000,32.138,32.138,0
90,1,PACE,AECI,1608141600,29.524,29.524,0
90,2,PACE,AECI,1577836800,33.1,32.828,3
90,2,PACE,AECI,1579154400,44.4,38.801,8
90,2,PACE,AECI,1580472000,32.366,29.742,4
90,2,PACE,AECI,1581789600,29.469,27.778,2
90,2,PACE,AECI,1583107200,33.926,32.566,5
90,2,PACE,AECI,1584424800,33.716,37.635,3
90,2,PACE,AECI,1585742400,23.432,31.485,1
90,2,PACE,AECI,1587060000,28.005,32.541,3
90,2,PACE,AECI,1588377600,30.251,30.263,5
90,2,PACE,AECI,1589695200,34.083,34.101,5
90,2,PACE,AECI,1591012800,31.619,34.578,4
90,2,PACE,AECI,1592330400,28.624,29.827,3
90,2,PACE,AECI,1593648000,36.401,33.458,5
90,2,PACE,AECI,1594965600,40.264,33.878,8
90,2,PACE,AECI,1596283200,49.647,41.515,11
90,2,PACE,AECI,1597600800,57.522,46.174,12
90,2,PACE,AECI,1598918400,38.506,37.207,5
90,2,PACE,AECI,1600236000,42.755,40.37,5
90,2,PACE,AECI,1601553600,45.176,41.557,8
90,2,PACE,AECI,1602871200,32.757,31.178,4
90,2,PACE,AECI,1604188800,43.008,39.989,5
90,2,PACE,AECI,1605506400,35.751,33.894,3
90,2,PACE,AECI,1606824000,42.417,37.759,6
90,2,PACE,AECI,1608141600,40.541,35.456,6
90,3,PACE,AECI,1577836800,33.37,32.828,3
90,3,PACE,AECI,1579154400,36.147,34.525,3
90,3,PACE,AECI,1580472000,29.349,28.194,2
90,3,PACE,AECI,1581789600,26.244,26.244,0
90,3,PACE,AECI,1583107200,27.863,27.863,0
90,3,PACE,AECI,1584424800,30.682,35.288,1
90,3,PACE,AECI,1585742400,23.432,31.485,1
90,3,PACE,AECI,1587060000,25.648,30.95,1
90,3,PACE,AECI,1588377600,30.099,28.701,3
90,3,PACE,AECI,1589695200,31.329,32.263,3
90,3,PACE,AECI,1591012800,27.133,32.209,1
90,3,PACE,AECI,1592330400,27.546,27.99,1
90,3,PACE,AECI,1593648000,28.187,28.187,0
90,3,PACE,AECI,1594965600,27.937,27.766,1
90,3,PACE,AECI,1596283200,31.884,32.418,1
90,3,PACE,AECI,1597600800,44.492,39.608,6
90,3,PACE,AECI,1598918400,34.981,35.079,3
90,3,PACE,AECI,1600236000,39.098,38.08,3
90,3,PACE,AECI,1601553600,32.4,35.032,1
90,3,PACE,AECI,1602871200,35.104,31.178,4
90,3,PACE,AECI,1604188800,40.429,37.897,3
90,3,PACE,AECI,1605506400,32.302,31.977,1
90,3,PACE,AECI,1606824000,39.511,35.984,4
90,3,PACE,AECI,1608141600,31.251,30.834,1
90,4,PACE,AECI,1577836800,29.606,29.606,0
90,4,PACE,AECI,1579154400,31.258,31.258,0
90,4,PACE,AECI,1580472000,26.441,26.441,0
90,4,PACE,AECI,1581789600,26.244,26.244,0
90,4,PACE,AECI,1583107200,27.863,27.863,0
90,4,PACE,AECI,1584424800,32.96,35.288,1
90,4,PACE,AECI,1585742400,23.432,31.485,1
90,4,PACE,AECI,1587060000,25.648,30.95,1
90,4,PACE,AECI,1588377600,26.092,26.092,0
90,4,PACE,AECI,1589695200,29.135,29.135,0
90,4,PACE,AECI,1591012800,26.85,32.209,1
90,4,PACE,AECI,1592330400,26.254,27.99,1
90,4,PACE,AECI,1593648000,28.187,28.187,0
90,4,PACE,AECI,1594965600,26.382,26.382,0
90,4,PACE,AECI,1596283200,31.055,31.055,0
90,4,PACE,AECI,1597600800,33.719,33.719,0
90,4,PACE,AECI,1598918400,31.987,31.987,0
90,4,PACE,AECI,1600236000,34.388,34.388,0
90,4,PACE,AECI,1601553600,32.6,35.032,1
90,4,PACE,AECI,1602871200,28.206,28.206,0
90,4,PACE,AECI,1604188800,34.413,34.413,0
90,4,PACE,AECI,1605506400,30.768,30.768,0
90,4,PACE,AECI,1606824000,32.138,32.138,0
90,4,PACE,AECI,1608141600,29.524,29.524,0
90,5,PACE,AECI,1577836800,32.972,32.828,3
90,5,PACE,AECI,1579154400,44.174,38.801,8
90,5,PACE,AECI,1580472000,31.996,29.742,4
90,5,PACE,AECI,1581789600,29.324,27.778,2
90,5,PACE,AECI,1583107200,33.679,32.566,5
90,5,PACE,AECI,1584424800,33.467,37.635,3
90,5,PACE,AECI,1585742400,23.432,31.485,1
90,5,PACE,AECI,1587060000,27.866,32.541,3
90,5,PACE,AECI,1588377600,29.759,30.263,5
90,5,PACE,AECI,1589695200,33.674,34.101,5
90,5,PACE,AECI,1591012800,33.424,35.779,5
90,5,PACE,AECI,1592330400,28.189,29.827,3
90,5,PACE,AECI,1593648000,35.781,33.458,5
90,5,PACE,AECI,1594965600,39.589,33.878,8
90,5,PACE,AECI,1596283200,49.221,41.515,11
90,5,PACE,AECI,1597600800,56.95,46.174,12
90,5,PACE,AECI,1598918400,38.328,37.207,5
90,5,PACE,AECI,1600236000,44.272,41.106,6
90,5,PACE,AECI,1601553600,47.012,42.996,9
90,5,PACE,AECI,1602871200,32.577,31.178,4
90,5,PACE,AECI,1604188800,42.807,39.989,5
90,5,PACE,AECI,1605506400,35.475,33.894,3
90,5,PACE,AECI,1606824000,42.121,37.759,6
90,5,PACE,AECI,1608141600,40.316,35.456,6
90,6,PACE,AECI,1577836800,30.028,30.854,1
90,6,PACE,AECI,1579154400,31.258,31.258,0
90,6,PACE,AECI,1580472000,26.441,26.441,0
90,6,PACE,AECI,1581789600,26.244,26.244,0
90,6,PACE,AECI,1583107200,27.863,27.863,0
90,6,PACE,AECI,1584424800,30.682,35.288,1
90,6,PACE,AECI,1585742400,23.432,31.485,1
90,6,PACE,AECI,1587060000,25.648,30.95,1
90,6,PACE,AECI,1588377600,26.092,26.092,0
90,6,PACE,AECI,1589695200,28.208,30.43,1
90,6,PACE,AECI,1591012800,27.133,32.209,1
90,6,PACE,AECI,1592330400,27.231,27.99,1
90,6,PACE,AECI,1593648000,28.187,28.187,0
90,6,PACE,AECI,1594965600,26.382,26.382,0
90,6,PACE,AECI,1596283200,31.498,32.418,1
90,6,PACE,AECI,1597600800,33.719,33.719,0
90,6,PACE,AECI,1598918400,31.583,33.175,1
90,6,PACE,AECI,1600236000,34.388,34.388,0
90,6,PACE,AECI,1601553600,32.4,35.032,1
90,6,PACE,AECI,1602871200,28.206,28.206,0
90,6,PACE,AECI,1604188800,34.413,34.413,0
90,6,PACE,AECI,1605506400,30.768,30.768,0
90,6,PACE,AECI,1606824000,32.138,32.138,0
90,6,PACE,AECI,1608141600,29.524,29.524,0
90,1,PACE,PSCO,1577836800,29.606,29.606,0
90,1,PACE,PSCO,1579154400,31.258,31.258,0
90,1,PACE,PSCO,1580472000,26.441,26.441,0
90,1,PACE,PSCO,1581789600,26.244,26.244,0
90,1,PACE,PSCO,1583107200,27.863,27.863,0
90,1,PACE,PSCO,1584424800,33.66,33.66,0
90,1,PACE,PSCO,1585742400,30.11,30.11,0
90,1,PACE,PSCO,1587060000,29.92,29.92,0
90,1,PACE,PSCO,1588377600,26.092,26.092,0
90,1,PACE,PSCO,1589695200,29.135,29.135,0
90,1,PACE,PSCO,1591012800,30.797,30.797,0
90,1,PACE,PSCO,1592330400,26.769,26.769,0
90,1,PACE,PSCO,1593648000,28.187,28.187,0
90,1,PACE,PSCO,1594965600,26.382,26.382,0
90,1,PACE,PSCO,1596283200,31.055,31.055,0
90,1,PACE,PSCO,1597600800,33.719,33.719,0
90,1,PACE,PSCO,1598918400,31.987,31.987,0
90,1,PACE,PSCO,1600236000,34.388,34.388,0
90,1,PACE,PSCO,1601553600,33.411,33.411,0
90,1,PACE,PSCO,1602871200,28.206,28.206,0
90,1,PACE,PSCO,1604188800,34.413,34.413,0
90,1,PACE,PSCO,1605506400,30.768,30.768,0
90,1,PACE,PSCO,1606824000,32.138,32.138,0
90,1,PACE,PSCO,1608141600,29.524,29.524,0
90,2,PACE,PSCO,1577836800,39.956,36.971,7
90,2,PACE,PSCO,1579154400,31.447,36.43,5
90,2,PACE,PSCO,1580472000,32.881,32.147,7
90,2,PACE,PSCO,1581789600,37.274,32.842,7
90,2,PACE,PSCO,1583107200,45.632,37.872,12
90,2,PACE,PSCO,1584424800,35.792,37.635,3
90,2,PACE,PSCO,1585742400,36.395,35.266,6
90,2,PACE,PSCO,1587060000,39.942,36.552,7
90,2,PACE,PSCO,1588377600,33.648,31.815,7
90,2,PACE,PSCO,1589695200,27.474,32.263,3
90,2,PACE,PSCO,1591012800,35.938,34.578,4
90,2,PACE,PSCO,1592330400,28.588,30.445,4
90,2,PACE,PSCO,1593648000,30.867,33.458,5
90,2,PACE,PSCO,1594965600,43.38,35.569,10
90,2,PACE,PSCO,1596283200,34.782,35.917,5
90,2,PACE,PSCO,1597600800,27.563,35.019,1
90,2,PACE,PSCO,1598918400,42.594,39.511,7
90,2,PACE,PSCO,1600236000,25.513,35.803,1
90,2,PACE,PSCO,1601553600,35.163,38.948,5
90,2,PACE,PSCO,1602871200,33.796,32.409,5
90,2,PACE,PSCO,1604188800,36.047,37.897,3
90,2,PACE,PSCO,1605506400,34.714,35.85,5
90,2,PACE,PSCO,1606824000,21.852,33.479,1
90,2,PACE,PSCO,1608141600,24.828,30.834,1
90,3,PACE,PSCO,1577836800,30.401,31.491,2
90,3,PACE,PSCO,1579154400,24.639,32.589,1
90,3,PACE,PSCO,1580472000,24.033,27.605,1
90,3,PACE,PSCO,1581789600,27.771,27.272,1
90,3,PACE,PSCO,1583107200,31.617,30.771,3
90,3,PACE,PSCO,1584424800,31.816,35.288,1
90,3,PACE,PSCO,1585742400,28.436,31.485,1
90,3,PACE,PSCO,1587060000,31.444,31.467,2
90,3,PACE,PSCO,1588377600,28.674,28.701,3
90,3,PACE,PSCO,1589695200,25.167,30.43,1
90,3,PACE,PSCO,1591012800,31.834,32.209,1
90,3,PACE,PSCO,1592330400,25.699,27.99,1
90,3,PACE,PSCO,1593648000,25.71,29.433,1
90,3,PACE,PSCO,1594965600,28.027,27.766,1
90,3,PACE,PSCO,1596283200,28.87,32.418,1
90,3,PACE,PSCO,1597600800,27.563,35.019,1
90,3,PACE,PSCO,1598918400,36.447,35.079,3
90,3,PACE,PSCO,1600236000,25.513,35.803,1
90,3,PACE,PSCO,1601553600,28.493,35.032,1
90,3,PACE,PSCO,1602871200,30.245,29.678,2
90,3,PACE,PSCO,1604188800,32.591,35.794,1
90,3,PACE,PSCO,1605506400,28.913,31.977,1
90,3,PACE,PSCO,1606824000,21.852,33.479,1
90,3,PACE,PSCO,1608141600,24.828,30.834,1
90,4,PACE,PSCO,1577836800,29.606,29.606,0
90,4,PACE,PSCO,1579154400,24.639,32.589,1
90,4,PACE,PSCO,1580472000,27.634,27.605,1
90,4,PACE,PSCO,1581789600,26.244,26.244,0
90,4,PACE,PSCO,1583107200,27.863,27.863,0
90,4,PACE,PSCO,1584424800,33.588,35.288,1
90,4,PACE,PSCO,1585742400,27.872,31.485,1
90,4,PACE,PSCO,1587060000,29.92,29.92,0
90,4,PACE,PSCO,1588377600,27.512,26.958,1
90,4,PACE,PSCO,1589695200,25.186,30.43,1
90,4,PACE,PSCO,1591012800,30.797,30.797,0
90,4,PACE,PSCO,1592330400,25.597,27.99,1
90,4,PACE,PSCO,1593648000,27.508,29.433,1
90,4,PACE,PSCO,1594965600,26.382,26.382,0
90,4,PACE,PSCO,1596283200,29.227,32.418,1
90,4,PACE,PSCO,1597600800,27.563,35.019,1
90,4,PACE,PSCO,1598918400,34.804,33.175,1
90,4,PACE,PSCO,1600236000,25.513,35.803,1
90,4,PACE,PSCO,1601553600,28.493,35.032,1
90,4,PACE,PSCO,1602871200,28.206,28.206,0
90,4,PACE,PSCO,1604188800,34.413,34.413,0
90,4,PACE,PSCO,1605506400,31.32,31.977,1
90,4,PACE,PSCO,1606824000,21.852,33.479,1
90,4,PACE,PSCO,1608141600,26.632,30.834,1
90,5,PACE,PSCO,1577836800,39.492,36.971,7
90,5,PACE,PSCO,1579154400,31.129,36.43,5
90,5,PACE,PSCO,1580472000,32.375,32.147,7
90,5,PACE,PSCO,1581789600,36.671,32.842,7
90,5,PACE,PSCO,1583107200,45.017,37.872,12
90,5,PACE,PSCO,1584424800,35.706,37.635,3
90,5,PACE,PSCO,1585742400,35.949,35.266,6
90,5,PACE,PSCO,1587060000,39.599,36.552,7
90,5,PACE,PSCO,1588377600,33.011,31.815,7
90,5,PACE,PSCO,1589695200,27.258,32.263,3
90,5,PACE,PSCO,1591012800,35.812,34.578,4
90,5,PACE,PSCO,1592330400,28.173,30.445,4
90,5,PACE,PSCO,1593648000,30.581,33.458,5
90,5,PACE,PSCO,1594965600,42.667,35.569,10
90,5,PACE,PSCO,1596283200,34.709,35.917,5
90,5,PACE,PSCO,1597600800,27.563,35.019,1
90,5,PACE,PSCO,1598918400,42.395,39.511,7
90,5,PACE,PSCO,1600236000,25.513,35.803,1
90,5,PACE,PSCO,1601553600,34.68,38.948,5
90,5,PACE,PSCO,1602871200,33.313,32.409,5
90,5,PACE,PSCO,1604188800,35.884,37.897,3
90,5,PACE,PSCO,1605506400,34.523,35.85,5
90,5,PACE,PSCO,1606824000,21.852,33.479,1
90,5,PACE,PSCO,1608141600,24.828,30.834,1
90,6,PACE,PSCO,1577836800,29.162,30.854,1
90,6,PACE,PSCO,1579154400,24.639,32.589,1
90,6,PACE,PSCO,1580472000,24.033,27.605,1
90,6,PACE,PSCO,1581789600,26.757,27.272,1
90,6,PACE,PSCO,1583107200,27.863,27.863,0
90,6,PACE,PSCO,1584424800,31.816,35.288,1
90,6,PACE,PSCO,1585742400,28.436,31.485,1
90,6,PACE,PSCO,1587060000,30.228,30.95,1
90,6,PACE,PSCO,1588377600,26.724,27.536,2
90,6,PACE,PSCO,1589695200,25.167,30.43,1
90,6,PACE,PSCO,1591012800,31.245,32.209,1
90,6,PACE,PSCO,1592330400,25.699,27.99,1
90,6,PACE,PSCO,1593648000,25.71,29.433,1
90,6,PACE,PSCO,1594965600,26.382,26.382,0
90,6,PACE,PSCO,1596283200,28.87,32.418,1
90,6,PACE,PSCO,1597600800,27.563,35.019,1
90,6,PACE,PSCO,1598918400,31.987,31.987,0
90,6,PACE,PSCO,1600236000,25.513,35.803,1
90,6,PACE,PSCO,1601553600,28.493,35.032,1
90,6,PACE,PSCO,1602871200,28.206,28.206,0
90,6,PACE,PSCO,1604188800,32.591,35.794,1
90,6,PACE,PSCO,1605506400,28.913,31.977,1
90,6,PACE,PSCO,1606824000,21.852,33.479,1
90,6,PACE,PSCO,1608141600,24.828,30.834,1
90,1,PSCO,EPE,1577836800,26.907,26.907,0
90,1,PSCO,EPE,1579154400,22.413,22.413,0
90,1,PSCO,EPE,1580472000,22.109,22.109,0
90,1,PSCO,EPE,1581789600,27.813,27.813,0
90,1,PSCO,EPE,1583107200,26.075,26.075,0
90,1,PSCO,EPE,1584424800,29.473,29.473,0
90,1,PSCO,EPE,1585742400,26.226,26.226,0
90,1,PSCO,EPE,1587060000,28.177,28.177,0
90,1,PSCO,EPE,1588377600,24.541,24.541,0
90,1,PSCO,EPE,1589695200,23.284,23.284,0
90,1,PSCO,EPE,1591012800,29.454,29.454,0
90,1,PSCO,EPE,1592330400,23.999,23.999,0
90,1,PSCO,EPE,1593648000,24.018,24.018,0
90,1,PSCO,EPE,1594965600,28.389,28.389,0
90,1,PSCO,EPE,1596283200,26.947,26.947,0
90,1,PSCO,EPE,1597600800,25.294,25.294,0
90,1,PSCO,EPE,1598918400,31.306,31.306,0
90,1,PSCO,EPE,1600236000,23.203,23.203,0
90,1,PSCO,EPE,1601553600,26.023,26.023,0
90,1,PSCO,EPE,1602871200,27.041,27.041,0
90,1,PSCO,EPE,1604188800,30.123,30.123,0
90,1,PSCO,EPE,1605506400,27.111,27.111,0
90,1,PSCO,EPE,1606824000,19.648,19.648,0
90,1,PSCO,EPE,1608141600,23.039,23.039,0
90,2,PSCO,EPE,1577836800,36.113,32.568,6
90,2,PSCO,EPE,1579154400,28.725,25.301,4
90,2,PSCO,EPE,1580472000,32.311,27.552,7
90,2,PSCO,EPE,1581789600,31.325,31.999,5
90,2,PSCO,EPE,1583107200,31.83,29.097,4
90,2,PSCO,EPE,1584424800,35.477,34.183,5
90,2,PSCO,EPE,1585742400,26.267,29.426,3
90,2,PSCO,EPE,1587060000,27.463,31.053,3
90,2,PSCO,EPE,1588377600,32.199,28.646,6
90,2,PSCO,EPE,1589695200,27.692,25.533,4
90,2,PSCO,EPE,1591012800,31.444,32.515,3
90,2,PSCO,EPE,1592330400,28.334,26.818,3
90,2,PSCO,EPE,1593648000,29.497,27.006,4
90,2,PSCO,EPE,1594965600,35.641,33.267,5
90,2,PSCO,EPE,1596283200,34.698,30.879,6
90,2,PSCO,EPE,1597600800,33.548,30.201,5
90,2,PSCO,EPE,1598918400,28.855,32.539,1
90,2,PSCO,EPE,1600236000,28.45,25.902,4
90,2,PSCO,EPE,1601553600,35.15,30.125,6
90,2,PSCO,EPE,1602871200,36.644,32.145,6
90,2,PSCO,EPE,1604188800,38.365,35.105,6
90,2,PSCO,EPE,1605506400,31.409,29.494,4
90,2,PSCO,EPE,1606824000,19.648,19.648,0
90,2,PSCO,EPE,1608141600,23.039,23.039,0
90,3,PSCO,EPE,1577836800,28.729,28.232,1
90,3,PSCO,EPE,1579154400,22.413,22.413,0
90,3,PSCO,EPE,1580472000,22.109,22.109,0
90,3,PSCO,EPE,1581789600,27.961,30.155,3
90,3,PSCO,EPE,1583107200,26.075,26.075,0
90,3,PSCO,EPE,1584424800,32.501,32.403,3
90,3,PSCO,EPE,1585742400,24.014,27.511,1
90,3,PSCO,EPE,1587060000,24.741,29.368,1
90,3,PSCO,EPE,1588377600,27.176,25.857,2
90,3,PSCO,EPE,1589695200,23.284,23.284,0
90,3,PSCO,EPE,1591012800,28.171,30.665,1
90,3,PSCO,EPE,1592330400,23.999,23.999,0
90,3,PSCO,EPE,1593648000,26.977,25.542,2
90,3,PSCO,EPE,1594965600,36.627,33.267,5
90,3,PSCO,EPE,1596283200,26.947,26.947,0
90,3,PSCO,EPE,1597600800,26.811,26.524,1
90,3,PSCO,EPE,1598918400,28.802,32.539,1
90,3,PSCO,EPE,1600236000,23.203,23.203,0
90,3,PSCO,EPE,1601553600,26.023,26.023,0
90,3,PSCO,EPE,1602871200,28.653,28.422,1
90,3,PSCO,EPE,1604188800,32.086,31.851,2
90,3,PSCO,EPE,1605506400,30.07,28.289,2
90,3,PSCO,EPE,1606824000,19.648,19.648,0
90,3,PSCO,EPE,1608141600,23.039,23.039,0
90,4,PSCO,EPE,1577836800,26.907,26.907,0
90,4,PSCO,EPE,1579154400,22.413,22.413,0
90,4,PSCO,EPE,1580472000,22.109,22.109,0
90,4,PSCO,EPE,1581789600,25.418,28.694,1
90,4,PSCO,EPE,1583107200,26.075,26.075,0
90,4,PSCO,EPE,1584424800,29.473,29.473,0
90,4,PSCO,EPE,1585742400,24.469,27.511,1
90,4,PSCO,EPE,1587060000,24.741,29.368,1
90,4,PSCO,EPE,1588377600,24.541,24.541,0
90,4,PSCO,EPE,1589695200,23.284,23.284,0
90,4,PSCO,EPE,1591012800,29.454,29.454,0
90,4,PSCO,EPE,1592330400,23.999,23.999,0
90,4,PSCO,EPE,1593648000,24.018,24.018,0
90,4,PSCO,EPE,1594965600,28.389,28.389,0
90,4,PSCO,EPE,1596283200,26.947,26.947,0
90,4,PSCO,EPE,1597600800,25.294,25.294,0
90,4,PSCO,EPE,1598918400,31.306,31.306,0
90,4,PSCO,EPE,1600236000,23.203,23.203,0
90,4,PSCO,EPE,1601553600,26.023,26.023,0
90,4,PSCO,EPE,1602871200,27.041,27.041,0
90,4,PSCO,EPE,1604188800,30.123,30.123,0
90,4,PSCO,EPE,1605506400,27.111,27.111,0
90,4,PSCO,EPE,1606824000,19.648,19.648,0
90,4,PSCO,EPE,1608141600,23.039,23.039,0
90,5,PSCO,EPE,1577836800,35.716,32.568,6
90,5,PSCO,EPE,1579154400,28.286,25.301,4
90,5,PSCO,EPE,1580472000,31.979,27.552,7
90,5,PSCO,EPE,1581789600,31.136,31.999,5
90,5,PSCO,EPE,1583107200,33.619,30.354,5
90,5,PSCO,EPE,1584424800,35.381,34.183,5
90,5,PSCO,EPE,1585742400,25.93,29.426,3
90,5,PSCO,EPE,1587060000,27.341,31.053,3
90,5,PSCO,EPE,1588377600,31.779,28.646,6
90,5,PSCO,EPE,1589695200,27.479,25.533,4
90,5,PSCO,EPE,1591012800,31.238,32.515,3
90,5,PSCO,EPE,1592330400,28.013,26.818,3
90,5,PSCO,EPE,1593648000,29.341,27.006,4
90,5,PSCO,EPE,1594965600,35.354,33.267,5
90,5,PSCO,EPE,1596283200,34.655,30.879,6
90,5,PSCO,EPE,1597600800,33.414,30.201,5
90,5,PSCO,EPE,1598918400,30.094,33.027,2
90,5,PSCO,EPE,1600236000,28.191,25.902,4
90,5,PSCO,EPE,1601553600,34.584,30.125,6
90,5,PSCO,EPE,1602871200,36.236,32.145,6
90,5,PSCO,EPE,1604188800,40.218,36.419,7
90,5,PSCO,EPE,1605506400,31.152,29.494,4
90,5,PSCO,EPE,1606824000,19.648,19.648,0
90,5,PSCO,EPE,1608141600,23.039,23.039,0
90,6,PSCO,EPE,1577836800,26.907,26.907,0
90,6,PSCO,EPE,1579154400,22.413,22.413,0
90,6,PSCO,EPE,1580472000,22.109,22.109,0
90,6,PSCO,EPE,1581789600,25.418,28.694,1
90,6,PSCO,EPE,1583107200,26.075,26.075,0
90,6,PSCO,EPE,1584424800,29.603,30.63,1
90,6,PSCO,EPE,1585742400,24.014,27.511,1
90,6,PSCO,EPE,1587060000,24.741,29.368,1
90,6,PSCO,EPE,1588377600,24.541,24.541,0
90,6,PSCO,EPE,1589695200,23.284,23.284,0
90,6,PSCO,EPE,1591012800,28.171,30.665,1
90,6,PSCO,EPE,1592330400,23.999,23.999,0
90,6,PSCO,EPE,1593648000,24.018,24.018,0
90,6,PSCO,EPE,1594965600,28.389,28.389,0
90,6,PSCO,EPE,1596283200,26.947,26.947,0
90,6,PSCO,EPE,1597600800,25.294,25.294,0
90,6,PSCO,EPE,1598918400,28.802,32.539,1
90,6,PSCO,EPE,1600236000,23.203,23.203,0
90,6,PSCO,EPE,1601553600,26.023,26.023,0
90,6,PSCO,EPE,1602871200,27.041,27.041,0
90,6,PSCO,EPE,1604188800,30.655,31.277,1
90,6,PSCO,EPE,1605506400,27.111,27.111,0
90,6,PSCO,EPE,1606824000,19.648,19.648,0
90,6,PSCO,EPE,1608141600,23.039,23.039,0
90,1,PSCO,PACE,1577836800,26.907,26.907,0
90,1,PSCO,PACE,1579154400,22.413,22.413,0
90,1,PSCO,PACE,1580472000,22.109,22.109,0
90,1,PSCO,PACE,1581789600,27.813,27.813,0
90,1,PSCO,PACE,1583107200,26.075,26.075,0
90,1,PSCO,PACE,1584424800,29.473,29.473,0
90,1,PSCO,PACE,1585742400,26.226,26.226,0
90,1,PSCO,PACE,1587060000,28.177,28.177,0
90,1,PSCO,PACE,1588377600,24.541,24.541,0
90,1,PSCO,PACE,1589695200,23.284,23.284,0
90,1,PSCO,PACE,1591012800,29.454,29.454,0
90,1,PSCO,PACE,1592330400,23.999,23.999,0
90,1,PSCO,PACE,1593648000,24.018,24.018,0
90,1,PSCO,PACE,1594965600,28.389,28.389,0
90,1,PSCO,PACE,1596283200,26.947,26.947,0
90,1,PSCO,PACE,1597600800,25.294,25.294,0
90,1,PSCO,PACE,1598918400,31.306,31.306,0
90,1,PSCO,PACE,1600236000,23.203,23.203,0
90,1,PSCO,PACE,1601553600,26.023,26.023,0
90,1,PSCO,PACE,1602871200,27.041,27.041,0
90,1,PSCO,PACE,1604188800,30.123,30.123,0
90,1,PSCO,PACE,1605506400,27.111,27.111,0
90,1,PSCO,PACE,1606824000,19.648,19.648,0
90,1,PSCO,PACE,1608141600,23.039,23.039,0
90,2,PSCO,PACE,1577836800,37.878,32.568,6
90,2,PSCO,PACE,1579154400,28.899,25.301,4
90,2,PSCO,PACE,1580472000,29.777,26.203,5
90,2,PSCO,PACE,1581789600,38.935,34.441,8
90,2,PSCO,PACE,1583107200,42.262,34.307,10
90,2,PSCO,PACE,1584424800,33.41,31.206,2
90,2,PSCO,PACE,1585742400,38.354,33.111,7
90,2,PSCO,PACE,1587060000,37.927,33.381,6
90,2,PSCO,PACE,1588377600,31.781,28.646,6
90,2,PSCO,PACE,1589695200,25.522,24.365,2
90,2,PSCO,PACE,1591012800,32.062,31.255,2
90,2,PSCO,PACE,1592330400,30.591,28.863,5
90,2,PSCO,PACE,1593648000,32.425,28.448,6
90,2,PSCO,PACE,1594965600,41.974,37.364,9
90,2,PSCO,PACE,1596283200,32.727,29.438,4
90,2,PSCO,PACE,1597600800,25.294,25.294,0
90,2,PSCO,PACE,1598918400,40.495,35.628,6
90,2,PSCO,PACE,1600236000,23.203,23.203,0
90,2,PSCO,PACE,1601553600,32.722,28.72,4
90,2,PSCO,PACE,1602871200,30.656,30.233,3
90,2,PSCO,PACE,1604188800,33.675,31.851,2
90,2,PSCO,PACE,1605506400,32.72,29.494,4
90,2,PSCO,PACE,1606824000,19.648,19.648,0
90,2,PSCO,PACE,1608141600,23.039,23.039,0
90,3,PSCO,PACE,1577836800,28.78,28.232,1
90,3,PSCO,PACE,1579154400,22.413,22.413,0
90,3,PSCO,PACE,1580472000,22.109,22.109,0
90,3,PSCO,PACE,1581789600,29.366,29.159,2
90,3,PSCO,PACE,1583107200,28.911,27.505,2
90,3,PSCO,PACE,1584424800,29.473,29.473,0
90,3,PSCO,PACE,1585742400,26.226,26.226,0
90,3,PSCO,PACE,1587060000,30.003,29.368,1
90,3,PSCO,PACE,1588377600,26.871,25.857,2
90,3,PSCO,PACE,1589695200,23.284,23.284,0
90,3,PSCO,PACE,1591012800,29.454,29.454,0
90,3,PSCO,PACE,1592330400,23.999,23.999,0
90,3,PSCO,PACE,1593648000,26.925,25.542,2
90,3,PSCO,PACE,1594965600,29.766,29.873,2
90,3,PSCO,PACE,1596283200,26.947,26.947,0
90,3,PSCO,PACE,1597600800,25.294,25.294,0
90,3,PSCO,PACE,1598918400,34.417,33.027,2
90,3,PSCO,PACE,1600236000,23.203,23.203,0
90,3,PSCO,PACE,1601553600,26.023,26.023,0
90,3,PSCO,PACE,1602871200,28.592,28.422,1
90,3,PSCO,PACE,1604188800,30.123,30.123,0
90,3,PSCO,PACE,1605506400,27.111,27.111,0
90,3,PSCO,PACE,1606824000,19.648,19.648,0
90,3,PSCO,PACE,1608141600,23.039,23.039,0
90,4,PSCO,PACE,1577836800,26.907,26.907,0
90,4,PSCO,PACE,1579154400,22.413,22.413,0
90,4,PSCO,PACE,1580472000,22.109,22.109,0
90,4,PSCO,PACE,1581789600,27.813,27.813,0
90,4,PSCO,PACE,1583107200,26.075,26.075,0
90,4,PSCO,PACE,1584424800,29.473,29.473,0
90,4,PSCO,PACE,1585742400,26.226,26.226,0
90,4,PSCO,PACE,1587060000,28.177,28.177,0
90,4,PSCO,PACE,1588377600,24.541,24.541,0
90,4,PSCO,PACE,1589695200,23.284,23.284,0
90,4,PSCO,PACE,1591012800,29.454,29.454,0
90,4,PSCO,PACE,1592330400,23.999,23.999,0
90,4,PSCO,PACE,1593648000,24.018,24.018,0
90,4,PSCO,PACE,1594965600,28.389,28.389,0
90,4,PSCO,PACE,1596283200,26.947,26.947,0
90,4,PSCO,PACE,1597600800,25.294,25.294,0
90,4,PSCO,PACE,1598918400,31.306,31.306,0
90,4,PSCO,PACE,1600236000,23.203,23.203,0
90,4,PSCO,PACE,1601553600,26.023,26.023,0
90,4,PSCO,PACE,1602871200,27.041,27.041,0
90,4,PSCO,PACE,1604188800,30.123,30.123,0
90,4,PSCO,PACE,1605506400,27.111,27.111,0
90,4,PSCO,PACE,1606824000,19.648,19.648,0
90,4,PSCO,PACE,1608141600,23.039,23.039,0
90,5,PSCO,PACE,1577836800,37.414,32.568,6
90,5,PSCO,PACE,1579154400,28.581,25.301,4
90,5,PSCO,PACE,1580472000,30.49,26.663,6
90,5,PSCO,PACE,1581789600,38.331,34.441,8
90,5,PSCO,PACE,1583107200,41.671,34.307,10
90,5,PSCO,PACE,1584424800,33.323,31.206,2
90,5,PSCO,PACE,1585742400,34.523,31.325,5
90,5,PSCO,PACE,1587060000,37.583,33.381,6
90,5,PSCO,PACE,1588377600,31.145,28.646,6
90,5,PSCO,PACE,1589695200,25.306,24.365,2
90,5,PSCO,PACE,1591012800,33.976,32.515,3
90,5,PSCO,PACE,1592330400,31.769,29.515,6
90,5,PSCO,PACE,1593648000,28.956,27.006,4
90,5,PSCO,PACE,1594965600,41.261,37.364,9
90,5,PSCO,PACE,1596283200,32.64,29.438,4
90,5,PSCO,PACE,1597600800,25.294,25.294,0
90,5,PSCO,PACE,1598918400,40.297,35.628,6
90,5,PSCO,PACE,1600236000,23.203,23.203,0
90,5,PSCO,PACE,1601553600,32.24,28.72,4
90,5,PSCO,PACE,1602871200,31.469,30.738,4
90,5,PSCO,PACE,1604188800,33.513,31.851,2
90,5,PSCO,PACE,1605506400,32.529,29.494,4
90,5,PSCO,PACE,1606824000,19.648,19.648,0
90,5,PSCO,PACE,1608141600,23.039,23.039,0
90,6,PSCO,PACE,1577836800,26.907,26.907,0
90,6,PSCO,PACE,1579154400,22.413,22.413,0
90,6,PSCO,PACE,1580472000,22.109,22.109,0
90,6,PSCO,PACE,1581789600,27.813,27.813,0
90,6,PSCO,PACE,1583107200,26.075,26.075,0
90,6,PSCO,PACE,1584424800,29.473,29.473,0
90,6,PSCO,PACE,1585742400,26.226,26.226,0
90,6,PSCO,PACE,1587060000,28.177,28.177,0
90,6,PSCO,PACE,1588377600,25.129,25.42,1
90,6,PSCO,PACE,1589695200,23.284,23.284,0
90,6,PSCO,PACE,1591012800,29.454,29.454,0
90,6,PSCO,PACE,1592330400,23.999,23.999,0
90,6,PSCO,PACE,1593648000,24.018,24.018,0
90,6,PSCO,PACE,1594965600,28.599,29.346,1
90,6,PSCO,PACE,1596283200,26.947,26.947,0
90,6,PSCO,PACE,1597600800,25.294,25.294,0
90,6,PSCO,PACE,1598918400,31.306,31.306,0
90,6,PSCO,PACE,1600236000,23.203,23.203,0
90,6,PSCO,PACE,1601553600,26.023,26.023,0
90,6,PSCO,PACE,1602871200,27.041,27.041,0
90,6,PSCO,PACE,1604188800,30.123,30.123,0
90,6,PSCO,PACE,1605506400,27.111,27.111,0
90,6,PSCO,PACE,1606824000,19.648,19.648,0
90,6,PSCO,PACE,1608141600,23.039,23.039,0
90,1,TEPC,AECI,1577836800,34.904,34.904,0
90,1,TEPC,AECI,1579154400,34.672,34.672,0
90,1,TEPC,AECI,1580472000,30.305,30.305,0
90,1,TEPC,AECI,1581789600,30.794,30.794,0
90,1,TEPC,AECI,1583107200,28.518,28.518,0
90,1,TEPC,AECI,1584424800,27.901,27.901,0
90,1,TEPC,AECI,1585742400,21.852,21.852,0
90,1,TEPC,AECI,1587060000,23.826,23.826,0
90,1,TEPC,AECI,1588377600,23.901,23.901,0
90,1,TEPC,AECI,1589695200,28.736,28.736,0
90,1,TEPC,AECI,1591012800,29.666,29.666,0
90,1,TEPC,AECI,1592330400,25.26,25.26,0
90,1,TEPC,AECI,1593648000,28.784,28.784,0
90,1,TEPC,AECI,1594965600,27.715,27.715,0
90,1,TEPC,AECI,1596283200,29.288,29.288,0
90,1,TEPC,AECI,1597600800,30.959,30.959,0
90,1,TEPC,AECI,1598918400,29.268,29.268,0
90,1,TEPC,AECI,1600236000,32.69,32.69,0
90,1,TEPC,AECI,1601553600,31.456,31.456,0
90,1,TEPC,AECI,1602871200,35.004,35.004,0
90,1,TEPC,AECI,1604188800,35.427,35.427,0
90,1,TEPC,AECI,1605506400,30.0,30.0,0
90,1,TEPC,AECI,1606824000,25.748,25.748,0
90,1,TEPC,AECI,1608141600,33.481,33.481,0
90,2,TEPC,AECI,1577836800,34.309,38.693,3
90,2,TEPC,AECI,1579154400,36.782,38.566,3
90,2,TEPC,AECI,1580472000,33.584,34.523,4
90,2,TEPC,AECI,1581789600,35.358,33.683,4
90,2,TEPC,AECI,1583107200,34.765,33.949,5
90,2,TEPC,AECI,1584424800,40.356,35.294,8
90,2,TEPC,AECI,1585742400,27.681,25.448,6
90,2,TEPC,AECI,1587060000,31.419,28.786,7
90,2,TEPC,AECI,1588377600,30.082,28.048,5
90,2,TEPC,AECI,1589695200,33.732,34.403,5
90,2,TEPC,AECI,1591012800,31.627,33.207,4
90,2,TEPC,AECI,1592330400,33.199,29.493,6
90,2,TEPC,AECI,1593648000,37.03,33.733,5
90,2,TEPC,AECI,1594965600,37.487,33.657,6
90,2,TEPC,AECI,1596283200,38.981,34.294,6
90,2,TEPC,AECI,1597600800,42.296,36.314,6
90,2,TEPC,AECI,1598918400,58.173,43.99,16
90,2,TEPC,AECI,1600236000,43.388,39.188,6
90,2,TEPC,AECI,1601553600,48.114,40.102,10
90,2,TEPC,AECI,1602871200,47.867,45.014,9
90,2,TEPC,AECI,1604188800,43.71,40.952,5
90,2,TEPC,AECI,1605506400,35.04,33.291,3
90,2,TEPC,AECI,1606824000,25.748,25.748,0
90,2,TEPC,AECI,1608141600,37.196,36.909,3
90,3,TEPC,AECI,1577836800,30.458,36.394,1
90,3,TEPC,AECI,1579154400,32.803,36.233,1
90,3,TEPC,AECI,1580472000,31.219,31.836,1
90,3,TEPC,AECI,1581789600,33.788,32.247,2
90,3,TEPC,AECI,1583107200,28.518,28.518,0
90,3,TEPC,AECI,1584424800,29.39,29.169,1
90,3,TEPC,AECI,1585742400,26.662,24.452,4
90,3,TEPC,AECI,1587060000,31.021,27.686,6
90,3,TEPC,AECI,1588377600,23.901,23.901,0
90,3,TEPC,AECI,1589695200,27.72,30.124,1
90,3,TEPC,AECI,1591012800,26.889,30.957,1
90,3,TEPC,AECI,1592330400,31.016,27.997,4
90,3,TEPC,AECI,1593648000,28.784,28.784,0
90,3,TEPC,AECI,1594965600,32.773,31.048,3
90,3,TEPC,AECI,1596283200,32.751,31.109,2
90,3,TEPC,AECI,1597600800,30.959,30.959,0
90,3,TEPC,AECI,1598918400,37.965,34.033,5
90,3,TEPC,AECI,1600236000,34.748,34.135,1
90,3,TEPC,AECI,1601553600,32.051,32.733,1
90,3,TEPC,AECI,1602871200,33.151,36.976,2
90,3,TEPC,AECI,1604188800,38.946,37.348,2
90,3,TEPC,AECI,1605506400,31.717,31.341,1
90,3,TEPC,AECI,1606824000,25.748,25.748,0
90,3,TEPC,AECI,1608141600,33.859,34.828,1
90,4,TEPC,AECI,1577836800,30.458,36.394,1
90,4,TEPC,AECI,1579154400,34.672,34.672,0
90,4,TEPC,AECI,1580472000,29.873,31.836,1
90,4,TEPC,AECI,1581789600,30.794,30.794,0
90,4,TEPC,AECI,1583107200,28.518,28.518,0
90,4,TEPC,AECI,1584424800,27.901,27.901,0
90,4,TEPC,AECI,1585742400,21.852,21.852,0
90,4,TEPC,AECI,1587060000,23.826,23.826,0
90,4,TEPC,AECI,1588377600,23.901,23.901,0
90,4,TEPC,AECI,1589695200,28.736,28.736,0
90,4,TEPC,AECI,1591012800,26.559,30.957,1
90,4,TEPC,AECI,1592330400,25.26,25.26,0
90,4,TEPC,AECI,1593648000,28.784,28.784,0
90,4,TEPC,AECI,1594965600,27.715,27.715,0
90,4,TEPC,AECI,1596283200,29.288,29.288,0
90,4,TEPC,AECI,1597600800,30.959,30.959,0
90,4,TEPC,AECI,1598918400,29.268,29.268,0
90,4,TEPC,AECI,1600236000,32.69,32.69,0
90,4,TEPC,AECI,1601553600,31.456,31.456,0
90,4,TEPC,AECI,1602871200,35.004,35.004,0
90,4,TEPC,AECI,1604188800,35.427,35.427,0
90,4,TEPC,AECI,1605506400,30.0,30.0,0
90,4,TEPC,AECI,1606824000,25.748,25.748,0
90,4,TEPC,AECI,1608141600,33.481,33.481,0
90,5,TEPC,AECI,1577836800,34.211,38.693,3
90,5,TEPC,AECI,1579154400,36.504,38.566,3
90,5,TEPC,AECI,1580472000,33.369,34.523,4
90,5,TEPC,AECI,1581789600,35.088,33.683,4
90,5,TEPC,AECI,1583107200,34.334,33.949,5
90,5,TEPC,AECI,1584424800,40.114,35.294,8
90,5,TEPC,AECI,1585742400,24.685,24.452,4
90,5,TEPC,AECI,1587060000,30.988,28.786,7
90,5,TEPC,AECI,1588377600,29.706,28.048,5
90,5,TEPC,AECI,1589695200,33.29,34.403,5
90,5,TEPC,AECI,1591012800,26.582,30.957,1
90,5,TEPC,AECI,1592330400,32.915,29.493,6
90,5,TEPC,AECI,1593648000,36.636,33.733,5
90,5,TEPC,AECI,1594965600,37.121,33.657,6
90,5,TEPC,AECI,1596283200,38.796,34.294,6
90,5,TEPC,AECI,1597600800,42.111,36.314,6
90,5,TEPC,AECI,1598918400,57.79,43.99,16
90,5,TEPC,AECI,1600236000,43.019,39.188,6
90,5,TEPC,AECI,1601553600,47.718,40.102,10
90,5,TEPC,AECI,1602871200,43.322,42.698,7
90,5,TEPC,AECI,1604188800,43.368,40.952,5
90,5,TEPC,AECI,1605506400,34.947,33.291,3
90,5,TEPC,AECI,1606824000,25.748,25.748,0
90,5,TEPC,AECI,1608141600,36.96,36.909,3
90,6,TEPC,AECI,1577836800,30.458,36.394,1
90,6,TEPC,AECI,1579154400,32.803,36.233,1
90,6,TEPC,AECI,1580472000,30.853,31.836,1
90,6,TEPC,AECI,1581789600,30.794,30.794,0
90,6,TEPC,AECI,1583107200,28.518,28.518,0
90,6,TEPC,AECI,1584424800,27.901,27.901,0
90,6,TEPC,AECI,1585742400,22.215,22.927,1
90,6,TEPC,AECI,1587060000,23.826,23.826,0
90,6,TEPC,AECI,1588377600,23.901,23.901,0
90,6,TEPC,AECI,1589695200,27.72,30.124,1
90,6,TEPC,AECI,1591012800,26.889,30.957,1
90,6,TEPC,AECI,1592330400,25.26,25.26,0
90,6,TEPC,AECI,1593648000,28.784,28.784,0
90,6,TEPC,AECI,1594965600,27.715,27.715,0
90,6,TEPC,AECI,1596283200,29.288,29.288,0
90,6,TEPC,AECI,1597600800,30.959,30.959,0
90,6,TEPC,AECI,1598918400,29.268,29.268,0
90,6,TEPC,AECI,1600236000,32.69,32.69,0
90,6,TEPC,AECI,1601553600,31.456,31.456,0
90,6,TEPC,AECI,1602871200,31.491,36.289,1
90,6,TEPC,AECI,1604188800,35.427,35.427,0
90,6,TEPC,AECI,1605506400,30.0,30.0,0
90,6,TEPC,AECI,1606824000,25.748,25.748,0
90,6,TEPC,AECI,1608141600,33.859,34.828,1
120,1,AECI,EPE,1577836800,27.991,27.991,0
120,1,AECI,EPE,1579154400,30.139,30.139,0
120,1,AECI,EPE,1580472000,29.202,29.202,0
120,1,AECI,EPE,1581789600,30.99,30.99,0
120,1,AECI,EPE,1583107200,28.95,28.95,0
120,1,AECI,EPE,1584424800,28.31,28.31,0
120,1,AECI,EPE,1585742400,21.211,21.211,0
120,1,AECI,EPE,1587060000,23.892,23.892,0
120,1,AECI,EPE,1588377600,25.143,25.143,0
120,1,AECI,EPE,1589695200,25.774,25.774,0
120,1,AECI,EPE,1591012800,24.75,24.75,0
120,1,AECI,EPE,1592330400,25.959,25.959,0
120,1,AECI,EPE,1593648000,29.983,29.983,0
120,1,AECI,EPE,1594965600,28.571,28.571,0
120,1,AECI,EPE,1596283200,29.488,29.488,0
120,1,AECI,EPE,1597600800,32.788,32.788,0
120,1,AECI,EPE,1598918400,29.414,29.414,0
120,1,AECI,EPE,1600236000,33.086,33.086,0
120,1,AECI,EPE,1601553600,29.771,29.771,0
120,1,AECI,EPE,1602871200,29.148,29.148,0
120,1,AECI,EPE,1604188800,35.804,35.804,0
120,1,AECI,EPE,1605506400,33.466,33.466,0
120,1,AECI,EPE,1606824000,31.991,31.991,0
120,1,AECI,EPE,1608141600,31.713,31.713,0
120,2,AECI,EPE,1577836800,52.419,41.385,11
120,2,AECI,EPE,1579154400,37.256,34.918,4
120,2,AECI,EPE,1580472000,30.155,32.91,3
120,2,AECI,EPE,1581789600,25.969,32.365,1
120,2,AECI,EPE,1583107200,46.009,39.005,9
120,2,AECI,EPE,1584424800,37.259,33.581,5
120,2,AECI,EPE,1585742400,29.534,26.958,5
120,2,AECI,EPE,1587060000,33.184,29.083,6
120,2,AECI,EPE,1588377600,35.072,30.951,6
120,2,AECI,EPE,1589695200,39.252,33.326,7
120,2,AECI,EPE,1591012800,38.857,32.708,7
120,2,AECI,EPE,1592330400,42.627,34.476,8
120,2,AECI,EPE,1593648000,40.401,36.827,6
120,2,AECI,EPE,1594965600,38.922,34.471,5
120,2,AECI,EPE,1596283200,38.59,35.444,5
120,2,AECI,EPE,1597600800,35.923,36.65,3
120,2,AECI,EPE,1598918400,48.163,40.116,9
120,2,AECI,EPE,1600236000,31.576,35.481,2
120,2,AECI,EPE,1601553600,34.745,33.488,3
120,2,AECI,EPE,1602871200,39.766,35.88,5
120,2,AECI,EPE,1604188800,43.861,43.47,6
120,2,AECI,EPE,1605506400,31.778,35.551,2
120,2,AECI,EPE,1606824000,33.757,36.141,3
120,2,AECI,EPE,1608141600,61.294,49.179,13
120,3,AECI,EPE,1577836800,29.579,29.198,1
120,3,AECI,EPE,1579154400,29.975,31.442,1
120,3,AECI,EPE,1580472000,30.285,32.91,3
120,3,AECI,EPE,1581789600,25.969,32.365,1
120,3,AECI,EPE,1583107200,29.434,30.339,1
120,3,AECI,EPE,1584424800,31.22,30.259,2
120,3,AECI,EPE,1585742400,26.451,24.664,3
120,3,AECI,EPE,1587060000,26.218,25.42,2
120,3,AECI,EPE,1588377600,26.701,26.335,1
120,3,AECI,EPE,1589695200,29.59,27.972,2
120,3,AECI,EPE,1591012800,24.75,24.75,0
120,3,AECI,EPE,1592330400,27.743,27.014,1
120,3,AECI,EPE,1593648000,28.926,31.267,1
120,3,AECI,EPE,1594965600,39.198,34.471,5
120,3,AECI,EPE,1596283200,34.016,33.131,3
120,3,AECI,EPE,1597600800,31.08,34.101,1
120,3,AECI,EPE,1598918400,31.987,31.745,2
120,3,AECI,EPE,1600236000,31.554,35.481,2
120,3,AECI,EPE,1601553600,45.742,38.721,7
120,3,AECI,EPE,1602871200,31.358,30.42,1
120,3,AECI,EPE,1604188800,31.596,37.204,1
120,3,AECI,EPE,1605506400,31.669,35.551,2
120,3,AECI,EPE,1606824000,29.064,33.32,1
120,3,AECI,EPE,1608141600,31.413,32.869,1
120,4,AECI,EPE,1577836800,27.991,27.991,0
120,4,AECI,EPE,1579154400,30.139,30.139,0
120,4,AECI,EPE,1580472000,27.099,30.373,1
120,4,AECI,EPE,1581789600,26.196,32.365,1
120,4,AECI,EPE,1583107200,28.95,28.95,0
120,4,AECI,EPE,1584424800,28.31,28.31,0
120,4,AECI,EPE,1585742400,21.211,21.211,0
120,4,AECI,EPE,1587060000,23.892,23.892,0
120,4,AECI,EPE,1588377600,25.143,25.143,0
120,4,AECI,EPE,1589695200,25.774,25.774,0
120,4,AECI,EPE,1591012800,24.75,24.75,0
120,4,AECI,EPE,1592330400,25.959,25.959,0
120,4,AECI,EPE,1593648000,29.983,29.983,0
120,4,AECI,EPE,1594965600,28.571,28.571,0
120,4,AECI,EPE,1596283200,29.488,29.488,0
120,4,AECI,EPE,1597600800,34.548,34.101,1
120,4,AECI,EPE,1598918400,29.414,29.414,0
120,4,AECI,EPE,1600236000,33.086,33.086,0
120,4,AECI,EPE,1601553600,29.771,29.771,0
120,4,AECI,EPE,1602871200,29.148,29.148,0
120,4,AECI,EPE,1604188800,31.543,37.204,1
120,4,AECI,EPE,1605506400,33.466,33.466,0
120,4,AECI,EPE,1606824000,31.991,31.991,0
120,4,AECI,EPE,1608141600,31.713,31.713,0
120,5,AECI,EPE,1577836800,51.969,41.385,11
120,5,AECI,EPE,1579154400,37.021,34.918,4
120,5,AECI,EPE,1580472000,30.006,32.91,3
120,5,AECI,EPE,1581789600,25.969,32.365,1
120,5,AECI,EPE,1583107200,34.5,33.583,4
120,5,AECI,EPE,1584424800,37.081,33.581,5
120,5,AECI,EPE,1585742400,29.253,26.958,5
120,5,AECI,EPE,1587060000,32.962,29.083,6
120,5,AECI,EPE,1588377600,34.797,30.951,6
120,5,AECI,EPE,1589695200,38.783,33.326,7
120,5,AECI,EPE,1591012800,38.469,32.708,7
120,5,AECI,EPE,1592330400,42.136,34.476,8
120,5,AECI,EPE,1593648000,40.053,36.827,6
120,5,AECI,EPE,1594965600,38.481,34.471,5
120,5,AECI,EPE,1596283200,38.258,35.444,5
120,5,AECI,EPE,1597600800,35.789,36.65,3
120,5,AECI,EPE,1598918400,47.927,40.116,9
120,5,AECI,EPE,1600236000,31.554,35.481,2
120,5,AECI,EPE,1601553600,34.509,33.488,3
120,5,AECI,EPE,1602871200,39.65,35.88,5
120,5,AECI,EPE,1604188800,46.172,44.744,7
120,5,AECI,EPE,1605506400,31.761,35.551,2
120,5,AECI,EPE,1606824000,33.701,36.141,3
120,5,AECI,EPE,1608141600,60.718,49.179,13
120,6,AECI,EPE,1577836800,27.991,27.991,0
120,6,AECI,EPE,1579154400,29.975,31.442,1
120,6,AECI,EPE,1580472000,26.607,30.373,1
120,6,AECI,EPE,1581789600,25.969,32.365,1
120,6,AECI,EPE,1583107200,29.145,30.339,1
120,6,AECI,EPE,1584424800,28.31,28.31,0
120,6,AECI,EPE,1585742400,21.211,21.211,0
120,6,AECI,EPE,1587060000,24.333,24.688,1
120,6,AECI,EPE,1588377600,25.143,25.143,0
120,6,AECI,EPE,1589695200,25.774,25.774,0
120,6,AECI,EPE,1591012800,24.75,24.75,0
120,6,AECI,EPE,1592330400,25.959,25.959,0
120,6,AECI,EPE,1593648000,28.926,31.267,1
120,6,AECI,EPE,1594965600,28.571,28.571,0
120,6,AECI,EPE,1596283200,29.722,30.683,1
120,6,AECI,EPE,1597600800,31.08,34.101,1
120,6,AECI,EPE,1598918400,29.644,30.579,1
120,6,AECI,EPE,1600236000,29.183,34.267,1
120,6,AECI,EPE,1601553600,29.771,29.771,0
120,6,AECI,EPE,1602871200,29.148,29.148,0
120,6,AECI,EPE,1604188800,31.596,37.204,1
120,6,AECI,EPE,1605506400,29.843,34.498,1
120,6,AECI,EPE,1606824000,29.064,33.32,1
120,6,AECI,EPE,1608141600,31.413,32.869,1
120,1,AECI,PACE,1577836800,27.991,27.991,0
120,1,AECI,PACE,1579154400,30.139,30.139,0
120,1,AECI,PACE,1580472000,29.202,29.202,0
120,1,AECI,PACE,1581789600,30.99,30.99,0
120,1,AECI,PACE,1583107200,28.95,28.95,0
120,1,AECI,PACE,1584424800,28.31,28.31,0
120,1,AECI,PACE,1585742400,21.211,21.211,0
120,1,AECI,PACE,1587060000,23.892,23.892,0
120,1,AECI,PACE,1588377600,25.143,25.143,0
120,1,AECI,PACE,1589695200,25.774,25.774,0
120,1,AECI,PACE,1591012800,24.75,24.75,0
120,1,AECI,PACE,1592330400,25.959,25.959,0
120,1,AECI,PACE,1593648000,29.983,29.983,0
120,1,AECI,PACE,1594965600,28.571,28.571,0
120,1,AECI,PACE,1596283200,29.488,29.488,0
120,1,AECI,PACE,1597600800,32.788,32.788,0
120,1,AECI,PACE,1598918400,29.414,29.414,0
120,1,AECI,PACE,1600236000,33.086,33.086,0
120,1,AECI,PACE,1601553600,29.771,29.771,0
120,1,AECI,PACE,1602871200,29.148,29.148,0
120,1,AECI,PACE,1604188800,35.804,35.804,0
120,1,AECI,PACE,1605506400,33.466,33.466,0
120,1,AECI,PACE,1606824000,31.991,31.991,0
120,1,AECI,PACE,1608141600,31.713,31.713,0
120,2,AECI,PACE,1577836800,37.23,32.892,4
120,2,AECI,PACE,1579154400,46.505,38.518,7
120,2,AECI,PACE,1580472000,36.793,35.318,5
120,2,AECI,PACE,1581789600,33.249,34.934,3
120,2,AECI,PACE,1583107200,33.87,33.583,4
120,2,AECI,PACE,1584424800,32.506,30.259,2
120,2,AECI,PACE,1585742400,21.211,21.211,0
120,2,AECI,PACE,1587060000,27.144,25.42,2
120,2,AECI,PACE,1588377600,30.454,29.216,4
120,2,AECI,PACE,1589695200,33.966,30.104,4
120,2,AECI,PACE,1591012800,28.872,27.006,2
120,2,AECI,PACE,1592330400,32.673,30.199,4
120,2,AECI,PACE,1593648000,41.692,36.827,6
120,2,AECI,PACE,1594965600,47.311,39.685,9
120,2,AECI,PACE,1596283200,53.332,41.474,10
120,2,AECI,PACE,1597600800,63.235,48.828,11
120,2,AECI,PACE,1598918400,38.684,34.088,4
120,2,AECI,PACE,1600236000,42.881,38.182,4
120,2,AECI,PACE,1601553600,50.138,40.052,8
120,2,AECI,PACE,1602871200,37.877,35.88,5
120,2,AECI,PACE,1604188800,48.983,43.47,6
120,2,AECI,PACE,1605506400,39.904,37.768,4
120,2,AECI,PACE,1606824000,43.517,39.032,5
120,2,AECI,PACE,1608141600,52.077,43.347,9
120,3,AECI,PACE,1577836800,32.59,30.46,2
120,3,AECI,PACE,1579154400,39.749,34.918,4
120,3,AECI,PACE,1580472000,32.559,32.91,3
120,3,AECI,PACE,1581789600,28.868,32.365,1
120,3,AECI,PACE,1583107200,30.066,30.339,1
120,3,AECI,PACE,1584424800,28.31,28.31,0
120,3,AECI,PACE,1585742400,21.211,21.211,0
120,3,AECI,PACE,1587060000,23.892,23.892,0
120,3,AECI,PACE,1588377600,26.597,26.335,1
120,3,AECI,PACE,1589695200,30.011,27.972,2
120,3,AECI,PACE,1591012800,24.75,24.75,0
120,3,AECI,PACE,1592330400,25.959,25.959,0
120,3,AECI,PACE,1593648000,30.936,31.267,1
120,3,AECI,PACE,1594965600,30.882,30.767,2
120,3,AECI,PACE,1596283200,29.488,29.488,0
120,3,AECI,PACE,1597600800,45.966,39.601,5
120,3,AECI,PACE,1598918400,33.957,31.745,2
120,3,AECI,PACE,1600236000,38.049,35.481,2
120,3,AECI,PACE,1601553600,29.771,29.771,0
120,3,AECI,PACE,1602871200,34.271,33.113,3
120,3,AECI,PACE,1604188800,44.801,40.963,4
120,3,AECI,PACE,1605506400,35.34,35.551,2
120,3,AECI,PACE,1606824000,39.191,36.141,3
120,3,AECI,PACE,1608141600,34.295,33.986,2
120,4,AECI,PACE,1577836800,27.991,27.991,0
120,4,AECI,PACE,1579154400,30.139,30.139,0
120,4,AECI,PACE,1580472000,29.202,29.202,0
120,4,AECI,PACE,1581789600,30.99,30.99,0
120,4,AECI,PACE,1583107200,28.95,28.95,0
120,4,AECI,PACE,1584424800,28.31,28.31,0
120,4,AECI,PACE,1585742400,21.211,21.211,0
120,4,AECI,PACE,1587060000,23.892,23.892,0
120,4,AECI,PACE,1588377600,25.143,25.143,0
120,4,AECI,PACE,1589695200,25.774,25.774,0
120,4,AECI,PACE,1591012800,24.75,24.75,0
120,4,AECI,PACE,1592330400,25.959,25.959,0
120,4,AECI,PACE,1593648000,29.983,29.983,0
120,4,AECI,PACE,1594965600,28.571,28.571,0
120,4,AECI,PACE,1596283200,29.488,29.488,0
120,4,AECI,PACE,1597600800,32.788,32.788,0
120,4,AECI,PACE,1598918400,29.414,29.414,0
120,4,AECI,PACE,1600236000,33.086,33.086,0
120,4,AECI,PACE,1601553600,29.771,29.771,0
120,4,AECI,PACE,1602871200,29.148,29.148,0
120,4,AECI,PACE,1604188800,35.804,35.804,0
120,4,AECI,PACE,1605506400,33.466,33.466,0
120,4,AECI,PACE,1606824000,31.991,31.991,0
120,4,AECI,PACE,1608141600,31.713,31.713,0
120,5,AECI,PACE,1577836800,37.081,32.892,4
120,5,AECI,PACE,1579154400,46.233,38.518,7
120,5,AECI,PACE,1580472000,36.342,35.318,5
120,5,AECI,PACE,1581789600,35.41,36.151,4
120,5,AECI,PACE,1583107200,33.561,33.583,4
120,5,AECI,PACE,1584424800,32.204,30.259,2
120,5,AECI,PACE,1585742400,21.211,21.211,0
120,5,AECI,PACE,1587060000,26.968,25.42,2
120,5,AECI,PACE,1588377600,29.841,29.216,4
120,5,AECI,PACE,1589695200,33.48,30.104,4
120,5,AECI,PACE,1591012800,33.308,29.311,4
120,5,AECI,PACE,1592330400,32.147,30.199,4
120,5,AECI,PACE,1593648000,40.944,36.827,6
120,5,AECI,PACE,1594965600,46.525,39.685,9
120,5,AECI,PACE,1596283200,52.787,41.474,10
120,5,AECI,PACE,1597600800,65.191,50.126,12
120,5,AECI,PACE,1598918400,38.475,34.088,4
120,5,AECI,PACE,1600236000,45.447,39.752,5
120,5,AECI,PACE,1601553600,49.415,40.052,8
120,5,AECI,PACE,1602871200,37.682,35.88,5
120,5,AECI,PACE,1604188800,48.787,43.47,6
120,5,AECI,PACE,1605506400,39.639,37.768,4
120,5,AECI,PACE,1606824000,43.159,39.032,5
120,5,AECI,PACE,1608141600,51.725,43.347,9
120,6,AECI,PACE,1577836800,27.991,27.991,0
120,6,AECI,PACE,1579154400,30.139,30.139,0
120,6,AECI,PACE,1580472000,28.87,30.373,1
120,6,AECI,PACE,1581789600,28.868,32.365,1
120,6,AECI,PACE,1583107200,29.615,30.339,1
120,6,AECI,PACE,1584424800,28.31,28.31,0
120,6,AECI,PACE,1585742400,21.211,21.211,0
120,6,AECI,PACE,1587060000,23.892,23.892,0
120,6,AECI,PACE,1588377600,25.639,26.335,1
120,6,AECI,PACE,1589695200,25.774,25.774,0
120,6,AECI,PACE,1591012800,24.75,24.75,0
120,6,AECI,PACE,1592330400,25.959,25.959,0
120,6,AECI,PACE,1593648000,30.444,31.267,1
120,6,AECI,PACE,1594965600,28.571,28.571,0
120,6,AECI,PACE,1596283200,29.488,29.488,0
120,6,AECI,PACE,1597600800,32.788,32.788,0
120,6,AECI,PACE,1598918400,29.414,29.414,0
120,6,AECI,PACE,1600236000,33.086,33.086,0
120,6,AECI,PACE,1601553600,29.771,29.771,0
120,6,AECI,PACE,1602871200,29.148,29.148,0
120,6,AECI,PACE,1604188800,36.467,37.204,1
120,6,AECI,PACE,1605506400,33.402,34.498,1
120,6,AECI,PACE,1606824000,31.991,31.991,0
120,6,AECI,PACE,1608141600,31.713,31.713,0
120,1,AECI,TEPC,1577836800,27.991,27.991,0
120,1,AECI,TEPC,1579154400,30.139,30.139,0
120,1,AECI,TEPC,1580472000,29.202,29.202,0
120,1,AECI,TEPC,1581789600,30.99,30.99,0
120,1,AECI,TEPC,1583107200,28.95,28.95,0
120,1,AECI,TEPC,1584424800,28.31,28.31,0
120,1,AECI,TEPC,1585742400,21.211,21.211,0
120,1,AECI,TEPC,1587060000,23.892,23.892,0
120,1,AECI,TEPC,1588377600,25.143,25.143,0
120,1,AECI,TEPC,1589695200,25.774,25.774,0
120,1,AECI,TEPC,1591012800,24.75,24.75,0
120,1,AECI,TEPC,1592330400,25.959,25.959,0
120,1,AECI,TEPC,1593648000,29.983,29.983,0
120,1,AECI,TEPC,1594965600,28.571,28.571,0
120,1,AECI,TEPC,1596283200,29.488,29.488,0
120,1,AECI,TEPC,1597600800,32.788,32.788,0
120,1,AECI,TEPC,1598918400,29.414,29.414,0
120,1,AECI,TEPC,1600236000,33.086,33.086,0
120,1,AECI,TEPC,1601553600,29.771,29.771,0
120,1,AECI,TEPC,1602871200,29.148,29.148,0
120,1,AECI,TEPC,1604188800,35.804,35.804,0
120,1,AECI,TEPC,1605506400,33.466,33.466,0
120,1,AECI,TEPC,1606824000,31.991,31.991,0
120,1,AECI,TEPC,1608141600,31.713,31.713,0
120,2,AECI,TEPC,1577836800,33.071,30.46,2
120,2,AECI,TEPC,1579154400,35.533,32.664,2
120,2,AECI,TEPC,1580472000,38.082,35.318,5
120,2,AECI,TEPC,1581789600,42.7,38.226,6
120,2,AECI,TEPC,1583107200,39.895,35.699,6
120,2,AECI,TEPC,1584424800,42.654,35.975,7
120,2,AECI,TEPC,1585742400,28.363,26.958,5
120,2,AECI,TEPC,1587060000,36.52,31.038,8
120,2,AECI,TEPC,1588377600,34.336,30.951,6
120,2,AECI,TEPC,1589695200,40.47,33.326,7
120,2,AECI,TEPC,1591012800,31.381,28.182,3
120,2,AECI,TEPC,1592330400,40.988,34.476,8
120,2,AECI,TEPC,1593648000,42.172,36.827,6
120,2,AECI,TEPC,1594965600,38.706,34.471,5
120,2,AECI,TEPC,1596283200,40.072,35.444,5
120,2,AECI,TEPC,1597600800,48.906,42.782,7
120,2,AECI,TEPC,1598918400,76.511,53.205,19
120,2,AECI,TEPC,1600236000,44.614,39.752,5
120,2,AECI,TEPC,1601553600,56.577,43.644,11
120,2,AECI,TEPC,1602871200,50.925,40.142,8
120,2,AECI,TEPC,1604188800,49.728,43.47,6
120,2,AECI,TEPC,1605506400,39.123,37.768,4
120,2,AECI,TEPC,1606824000,28.225,33.32,1
120,2,AECI,TEPC,1608141600,41.765,36.704,4
120,3,AECI,TEPC,1577836800,27.991,27.991,0
120,3,AECI,TEPC,1579154400,30.139,30.139,0
120,3,AECI,TEPC,1580472000,29.202,29.202,0
120,3,AECI,TEPC,1581789600,37.682,34.934,3
120,3,AECI,TEPC,1583107200,30.948,30.339,1
120,3,AECI,TEPC,1584424800,31.8,30.259,2
120,3,AECI,TEPC,1585742400,26.478,24.664,3
120,3,AECI,TEPC,1587060000,34.222,29.083,6
120,3,AECI,TEPC,1588377600,26.088,26.335,1
120,3,AECI,TEPC,1589695200,30.068,27.972,2
120,3,AECI,TEPC,1591012800,24.75,24.75,0
120,3,AECI,TEPC,1592330400,31.255,29.058,3
120,3,AECI,TEPC,1593648000,31.369,31.267,1
120,3,AECI,TEPC,1594965600,39.113,34.471,5
120,3,AECI,TEPC,1596283200,45.271,37.867,7
120,3,AECI,TEPC,1597600800,33.502,34.101,1
120,3,AECI,TEPC,1598918400,38.3,34.088,4
120,3,AECI,TEPC,1600236000,37.668,35.481,2
120,3,AECI,TEPC,1601553600,29.771,29.771,0
120,3,AECI,TEPC,1602871200,31.726,30.42,1
120,3,AECI,TEPC,1604188800,45.5,40.963,4
120,3,AECI,TEPC,1605506400,34.707,35.551,2
120,3,AECI,TEPC,1606824000,28.225,33.32,1
120,3,AECI,TEPC,1608141600,31.713,31.713,0
120,4,AECI,TEPC,1577836800,27.991,27.991,0
120,4,AECI,TEPC,1579154400,30.139,30.139,0
120,4,AECI,TEPC,1580472000,29.202,29.202,0
120,4,AECI,TEPC,1581789600,30.99,30.99,0
120,4,AECI,TEPC,1583107200,28.95,28.95,0
120,4,AECI,TEPC,1584424800,28.31,28.31,0
120,4,AECI,TEPC,1585742400,21.211,21.211,0
120,4,AECI,TEPC,1587060000,23.892,23.892,0
120,4,AECI,TEPC,1588377600,25.143,25.143,0
120,4,AECI,TEPC,1589695200,25.774,25.774,0
120,4,AECI,TEPC,1591012800,24.75,24.75,0
120,4,AECI,TEPC,1592330400,25.959,25.959,0
120,4,AECI,TEPC,1593648000,29.983,29.983,0
120,4,AECI,TEPC,1594965600,28.571,28.571,0
120,4,AECI,TEPC,1596283200,29.488,29.488,0
120,4,AECI,TEPC,1597600800,32.788,32.788,0
120,4,AECI,TEPC,1598918400,29.414,29.414,0
120,4,AECI,TEPC,1600236000,33.086,33.086,0
120,4,AECI,TEPC,1601553600,29.771,29.771,0
120,4,AECI,TEPC,1602871200,29.148,29.148,0
120,4,AECI,TEPC,1604188800,35.804,35.804,0
120,4,AECI,TEPC,1605506400,33.466,33.466,0
120,4,AECI,TEPC,1606824000,31.991,31.991,0
120,4,AECI,TEPC,1608141600,31.713,31.713,0
120,5,AECI,TEPC,1577836800,32.951,30.46,2
120,5,AECI,TEPC,1579154400,35.205,32.664,2
120,5,AECI,TEPC,1580472000,37.828,35.318,5
120,5,AECI,TEPC,1581789600,42.313,38.226,6
120,5,AECI,TEPC,1583107200,34.748,33.583,4
120,5,AECI,TEPC,1584424800,42.377,35.975,7
120,5,AECI,TEPC,1585742400,27.935,26.958,5
120,5,AECI,TEPC,1587060000,35.983,31.038,8
120,5,AECI,TEPC,1588377600,33.917,30.951,6
120,5,AECI,TEPC,1589695200,33.555,30.104,4
120,5,AECI,TEPC,1591012800,31.171,28.182,3
120,5,AECI,TEPC,1592330400,40.6,34.476,8
120,5,AECI,TEPC,1593648000,41.694,36.827,6
120,5,AECI,TEPC,1594965600,38.274,34.471,5
120,5,AECI,TEPC,1596283200,39.815,35.444,5
120,5,AECI,TEPC,1597600800,48.683,42.782,7
120,5,AECI,TEPC,1598918400,75.963,53.205,19
120,5,AECI,TEPC,1600236000,44.171,39.752,5
120,5,AECI,TEPC,1601553600,56.078,43.644,11
120,5,AECI,TEPC,1602871200,50.435,40.142,8
120,5,AECI,TEPC,1604188800,49.337,43.47,6
120,5,AECI,TEPC,1605506400,39.014,37.768,4
120,5,AECI,TEPC,1606824000,28.225,33.32,1
120,5,AECI,TEPC,1608141600,41.468,36.704,4
120,6,AECI,TEPC,1577836800,27.991,27.991,0
120,6,AECI,TEPC,1579154400,30.139,30.139,0
120,6,AECI,TEPC,1580472000,29.202,29.202,0
120,6,AECI,TEPC,1581789600,30.99,30.99,0
120,6,AECI,TEPC,1583107200,29.308,30.339,1
120,6,AECI,TEPC,1584424800,28.31,28.31,0
120,6,AECI,TEPC,1585742400,21.211,21.211,0
120,6,AECI,TEPC,1587060000,24.582,24.688,1
120,6,AECI,TEPC,1588377600,25.546,26.335,1
120,6,AECI,TEPC,1589695200,25.774,25.774,0
120,6,AECI,TEPC,1591012800,24.75,24.75,0
120,6,AECI,TEPC,1592330400,25.959,25.959,0
120,6,AECI,TEPC,1593648000,29.983,29.983,0
120,6,AECI,TEPC,1594965600,28.571,28.571,0
120,6,AECI,TEPC,1596283200,29.488,29.488,0
120,6,AECI,TEPC,1597600800,32.788,32.788,0
120,6,AECI,TEPC,1598918400,29.414,29.414,0
120,6,AECI,TEPC,1600236000,33.086,33.086,0
120,6,AECI,TEPC,1601553600,29.771,29.771,0
120,6,AECI,TEPC,1602871200,29.148,29.148,0
120,6,AECI,TEPC,1604188800,35.804,35.804,0
120,6,AECI,TEPC,1605506400,32.765,34.498,1
120,6,AECI,TEPC,1606824000,28.225,33.32,1
120,6,AECI,TEPC,1608141600,31.713,31.713,0
120,1,BANC,CISO,1577836800,9.634,9.634,0
120,1,BANC,CISO,1579154400,10.303,10.303,0
120,1,BANC,CISO,1580472000,7.054,7.054,0
120,1,BANC,CISO,1581789600,6.604,6.604,0
120,1,BANC,CISO,1583107200,6.624,6.624,0
120,1,BANC,CISO,1584424800,10.526,10.526,0
120,1,BANC,CISO,1585742400,5.601,5.601,0
120,1,BANC,CISO,1587060000,4.209,4.209,0
120,1,BANC,CISO,1588377600,5.401,5.401,0
120,1,BANC,CISO,1589695200,5.33,5.33,0
120,1,BANC,CISO,1591012800,5.354,5.354,0
120,1,BANC,CISO,1592330400,5.102,5.102,0
120,1,BANC,CISO,1593648000,4.762,4.762,0
120,1,BANC,CISO,1594965600,6.975,6.975,0
120,1,BANC,CISO,1596283200,7.162,7.162,0
120,1,BANC,CISO,1597600800,9.88,9.88,0
120,1,BANC,CISO,1598918400,9.479,9.479,0
120,1,BANC,CISO,1600236000,10.129,10.129,0
120,1,BANC,CISO,1601553600,10.238,10.238,0
120,1,BANC,CISO,1602871200,9.381,9.381,0
120,1,BANC,CISO,1604188800,11.003,11.003,0
120,1,BANC,CISO,1605506400,11.81,11.81,0
120,1,BANC,CISO,1606824000,13.726,13.726,0
120,1,BANC,CISO,1608141600,11.62,11.62,0
120,2,BANC,CISO,1577836800,12.542,11.142,4
120,2,BANC,CISO,1579154400,13.901,12.094,4
120,2,BANC,CISO,1580472000,8.234,7.696,2
120,2,BANC,CISO,1581789600,10.025,8.566,6
120,2,BANC,CISO,1583107200,8.573,7.61,4
120,2,BANC,CISO,1584424800,14.246,12.493,4
120,2,BANC,CISO,1585742400,7.713,6.792,5
120,2,BANC,CISO,1587060000,5.54,4.837,4
120,2,BANC,CISO,1588377600,7.142,6.575,6
120,2,BANC,CISO,1589695200,6.222,6.319,4
120,2,BANC,CISO,1591012800,6.368,5.893,2
120,2,BANC,CISO,1592330400,8.759,7.273,8
120,2,BANC,CISO,1593648000,6.206,5.555,4
120,2,BANC,CISO,1594965600,9.117,8.276,4
120,2,BANC,CISO,1596283200,9.662,8.782,5
120,2,BANC,CISO,1597600800,11.538,10.695,2
120,2,BANC,CISO,1598918400,12.084,10.968,4
120,2,BANC,CISO,1600236000,13.43,11.828,4
120,2,BANC,CISO,1601553600,15.164,12.729,6
120,2,BANC,CISO,1602871200,14.05,11.683,6
120,2,BANC,CISO,1604188800,14.124,12.179,4
120,2,BANC,CISO,1605506400,19.429,16.564,9
120,2,BANC,CISO,1606824000,23.631,20.119,11
120,2,BANC,CISO,1608141600,17.37,14.679,8
120,3,BANC,CISO,1577836800,11.064,10.303,2
120,3,BANC,CISO,1579154400,10.303,10.303,0
120,3,BANC,CISO,1580472000,7.054,7.054,0
120,3,BANC,CISO,1581789600,7.132,6.973,1
120,3,BANC,CISO,1583107200,7.609,7.074,2
120,3,BANC,CISO,1584424800,10.526,10.526,0
120,3,BANC,CISO,1585742400,5.601,5.601,0
120,3,BANC,CISO,1587060000,4.521,4.367,1
120,3,BANC,CISO,1588377600,6.826,6.159,4
120,3,BANC,CISO,1589695200,6.033,5.829,2
120,3,BANC,CISO,1591012800,5.354,5.354,0
120,3,BANC,CISO,1592330400,6.426,5.828,3
120,3,BANC,CISO,1593648000,5.476,5.139,2
120,3,BANC,CISO,1594965600,6.975,6.975,0
120,3,BANC,CISO,1596283200,7.162,7.162,0
120,3,BANC,CISO,1597600800,9.88,9.88,0
120,3,BANC,CISO,1598918400,11.091,10.08,2
120,3,BANC,CISO,1600236000,10.129,10.129,0
120,3,BANC,CISO,1601553600,10.238,10.238,0
120,3,BANC,CISO,1602871200,10.096,9.778,1
120,3,BANC,CISO,1604188800,11.003,11.003,0
120,3,BANC,CISO,1605506400,14.274,13.558,3
120,3,BANC,CISO,1606824000,12.773,14.386,1
120,3,BANC,CISO,1608141600,16.158,13.937,6
120,4,BANC,CISO,1577836800,9.634,9.634,0
120,4,BANC,CISO,1579154400,10.303,10.303,0
120,4,BANC,CISO,1580472000,7.054,7.054,0
120,4,BANC,CISO,1581789600,6.604,6.604,0
120,4,BANC,CISO,1583107200,6.624,6.624,0
120,4,BANC,CISO,1584424800,10.526,10.526,0
120,4,BANC,CISO,1585742400,5.601,5.601,0
120,4,BANC,CISO,1587060000,4.209,4.209,0
120,4,BANC,CISO,1588377600,5.401,5.401,0
120,4,BANC,CISO,1589695200,5.33,5.33,0
120,4,BANC,CISO,1591012800,5.354,5.354,0
120,4,BANC,CISO,1592330400,5.102,5.102,0
120,4,BANC,CISO,1593648000,4.762,4.762,0
120,4,BANC,CISO,1594965600,6.975,6.975,0
120,4,BANC,CISO,1596283200,7.162,7.162,0
120,4,BANC,CISO,1597600800,9.88,9.88,0
120,4,BANC,CISO,1598918400,9.479,9.479,0
120,4,BANC,CISO,1600236000,10.129,10.129,0
120,4,BANC,CISO,1601553600,10.238,10.238,0
120,4,BANC,CISO,1602871200,9.381,9.381,0
120,4,BANC,CISO,1604188800,11.003,11.003,0
120,4,BANC,CISO,1605506400,11.81,11.81,0
120,4,BANC,CISO,1606824000,13.726,13.726,0
120,4,BANC,CISO,1608141600,11.62,11.62,0
120,5,BANC,CISO,1577836800,12.186,11.142,4
120,5,BANC,CISO,1579154400,13.566,12.094,4
120,5,BANC,CISO,1580472000,8.83,8.061,3
120,5,BANC,CISO,1581789600,9.369,8.566,6
120,5,BANC,CISO,1583107200,8.294,7.61,4
120,5,BANC,CISO,1584424800,13.76,12.493,4
120,5,BANC,CISO,1585742400,7.257,6.792,5
120,5,BANC,CISO,1587060000,5.496,4.837,4
120,5,BANC,CISO,1588377600,5.718,6.159,4
120,5,BANC,CISO,1589695200,6.47,6.632,5
120,5,BANC,CISO,1591012800,6.908,6.175,3
120,5,BANC,CISO,1592330400,8.407,7.273,8
120,5,BANC,CISO,1593648000,6.125,5.555,4
120,5,BANC,CISO,1594965600,9.557,8.645,5
120,5,BANC,CISO,1596283200,9.49,8.782,5
120,5,BANC,CISO,1597600800,11.523,10.695,2
120,5,BANC,CISO,1598918400,12.909,11.508,5
120,5,BANC,CISO,1600236000,13.312,11.828,4
120,5,BANC,CISO,1601553600,14.92,12.729,6
120,5,BANC,CISO,1602871200,12.32,10.931,4
120,5,BANC,CISO,1604188800,13.892,12.179,4
120,5,BANC,CISO,1605506400,18.615,16.564,9
120,5,BANC,CISO,1606824000,20.704,18.778,9
120,5,BANC,CISO,1608141600,16.553,14.679,8
120,6,BANC,CISO,1577836800,9.634,9.634,0
120,6,BANC,CISO,1579154400,10.303,10.303,0
120,6,BANC,CISO,1580472000,7.054,7.054,0
120,6,BANC,CISO,1581789600,6.604,6.604,0
120,6,BANC,CISO,1583107200,6.624,6.624,0
120,6,BANC,CISO,1584424800,10.526,10.526,0
120,6,BANC,CISO,1585742400,5.601,5.601,0
120,6,BANC,CISO,1587060000,4.209,4.209,0
120,6,BANC,CISO,1588377600,5.577,5.58,1
120,6,BANC,CISO,1589695200,5.33,5.33,0
120,6,BANC,CISO,1591012800,5.354,5.354,0
120,6,BANC,CISO,1592330400,5.102,5.102,0
120,6,BANC,CISO,1593648000,4.762,4.762,0
120,6,BANC,CISO,1594965600,6.975,6.975,0
120,6,BANC,CISO,1596283200,7.162,7.162,0
120,6,BANC,CISO,1597600800,9.88,9.88,0
120,6,BANC,CISO,1598918400,9.479,9.479,0
120,6,BANC,CISO,1600236000,10.129,10.129,0
120,6,BANC,CISO,1601553600,10.238,10.238,0
120,6,BANC,CISO,1602871200,9.381,9.381,0
120,6,BANC,CISO,1604188800,11.003,11.003,0
120,6,BANC,CISO,1605506400,12.083,12.381,1
120,6,BANC,CISO,1606824000,12.773,14.386,1
120,6,BANC,CISO,1608141600,11.62,11.62,0
120,1,CISO,BANC,1577836800,12.402,12.402,0
120,1,CISO,BANC,1579154400,13.357,13.357,0
120,1,CISO,BANC,1580472000,11.216,11.216,0
120,1,CISO,BANC,1581789600,9.848,9.848,0
120,1,CISO,BANC,1583107200,9.903,9.903,0
120,1,CISO,BANC,1584424800,12.883,12.883,0
120,1,CISO,BANC,1585742400,7.582,7.582,0
120,1,CISO,BANC,1587060000,7.672,7.672,0
120,1,CISO,BANC,1588377600,5.359,5.359,0
120,1,CISO,BANC,1589695200,5.976,5.976,0
120,1,CISO,BANC,1591012800,9.004,9.004,0
120,1,CISO,BANC,1592330400,6.312,6.312,0
120,1,CISO,BANC,1593648000,7.005,7.005,0
120,1,CISO,BANC,1594965600,8.607,8.607,0
120,1,CISO,BANC,1596283200,8.788,8.788,0
120,1,CISO,BANC,1597600800,12.113,12.113,0
120,1,CISO,BANC,1598918400,10.471,10.471,0
120,1,CISO,BANC,1600236000,12.075,12.075,0
120,1,CISO,BANC,1601553600,12.36,12.36,0
120,1,CISO,BANC,1602871200,13.505,13.505,0
120,1,CISO,BANC,1604188800,13.674,13.674,0
120,1,CISO,BANC,1605506400,11.755,11.755,0
120,1,CISO,BANC,1606824000,11.541,11.541,0
120,1,CISO,BANC,1608141600,11.483,11.483,0
120,2,CISO,BANC,1577836800,13.756,15.698,5
120,2,CISO,BANC,1579154400,15.07,16.638,5
120,2,CISO,BANC,1580472000,9.899,12.847,4
120,2,CISO,BANC,1581789600,9.342,11.696,5
120,2,CISO,BANC,1583107200,9.216,12.53,5
120,2,CISO,BANC,1584424800,15.297,15.864,5
120,2,CISO,BANC,1585742400,8.426,9.06,6
120,2,CISO,BANC,1587060000,4.816,7.968,2
120,2,CISO,BANC,1588377600,6.502,6.697,5
120,2,CISO,BANC,1589695200,7.35,7.45,6
120,2,CISO,BANC,1591012800,7.673,10.367,4
120,2,CISO,BANC,1592330400,8.165,8.53,7
120,2,CISO,BANC,1593648000,6.678,8.826,5
120,2,CISO,BANC,1594965600,10.45,10.718,6
120,2,CISO,BANC,1596283200,11.129,10.92,7
120,2,CISO,BANC,1597600800,10.71,12.562,1
120,2,CISO,BANC,1598918400,14.06,13.371,6
120,2,CISO,BANC,1600236000,14.454,14.714,5
120,2,CISO,BANC,1601553600,16.113,15.533,7
120,2,CISO,BANC,1602871200,13.172,15.675,5
120,2,CISO,BANC,1604188800,15.074,16.773,5
120,2,CISO,BANC,1605506400,21.552,16.559,11
120,2,CISO,BANC,1606824000,22.387,16.414,10
120,2,CISO,BANC,1608141600,16.364,14.813,7
120,3,CISO,BANC,1577836800,10.698,13.026,1
120,3,CISO,BANC,1579154400,11.541,14.02,1
120,3,CISO,BANC,1580472000,8.074,11.735,1
120,3,CISO,BANC,1581789600,7.611,10.341,2
120,3,CISO,BANC,1583107200,7.225,10.307,1
120,3,CISO,BANC,1584424800,11.771,13.466,1
120,3,CISO,BANC,1585742400,6.297,7.964,1
120,3,CISO,BANC,1587060000,4.814,7.968,2
120,3,CISO,BANC,1588377600,6.24,6.139,3
120,3,CISO,BANC,1589695200,6.628,6.804,3
120,3,CISO,BANC,1591012800,6.059,9.453,1
120,3,CISO,BANC,1592330400,5.791,6.742,2
120,3,CISO,BANC,1593648000,5.931,8.122,3
120,3,CISO,BANC,1594965600,7.761,9.046,1
120,3,CISO,BANC,1596283200,7.94,9.156,1
120,3,CISO,BANC,1597600800,10.692,12.562,1
120,3,CISO,BANC,1598918400,11.572,11.915,3
120,3,CISO,BANC,1600236000,11.193,12.63,1
120,3,CISO,BANC,1601553600,11.288,12.894,1
120,3,CISO,BANC,1602871200,10.841,14.164,2
120,3,CISO,BANC,1604188800,11.906,14.249,1
120,3,CISO,BANC,1605506400,13.475,12.779,2
120,3,CISO,BANC,1606824000,11.541,11.541,0
120,3,CISO,BANC,1608141600,12.821,12.144,2
120,4,CISO,BANC,1577836800,10.698,13.026,1
120,4,CISO,BANC,1579154400,11.541,14.02,1
120,4,CISO,BANC,1580472000,8.074,11.735,1
120,4,CISO,BANC,1581789600,7.225,10.091,1
120,4,CISO,BANC,1583107200,7.225,10.307,1
120,4,CISO,BANC,1584424800,12.883,12.883,0
120,4,CISO,BANC,1585742400,6.297,7.964,1
120,4,CISO,BANC,1587060000,4.512,7.82,1
120,4,CISO,BANC,1588377600,5.359,5.359,0
120,4,CISO,BANC,1589695200,5.976,5.976,0
120,4,CISO,BANC,1591012800,6.059,9.453,1
120,4,CISO,BANC,1592330400,5.846,6.512,1
120,4,CISO,BANC,1593648000,5.241,7.305,1
120,4,CISO,BANC,1594965600,8.607,8.607,0
120,4,CISO,BANC,1596283200,8.788,8.788,0
120,4,CISO,BANC,1597600800,12.113,12.113,0
120,4,CISO,BANC,1598918400,10.471,10.471,0
120,4,CISO,BANC,1600236000,12.075,12.075,0
120,4,CISO,BANC,1601553600,12.36,12.36,0
120,4,CISO,BANC,1602871200,10.198,13.823,1
120,4,CISO,BANC,1604188800,12.324,14.249,1
120,4,CISO,BANC,1605506400,11.755,11.755,0
120,4,CISO,BANC,1606824000,11.541,11.541,0
120,4,CISO,BANC,1608141600,11.483,11.483,0
120,5,CISO,BANC,1577836800,13.4,15.698,5
120,5,CISO,BANC,1579154400,14.736,16.638,5
120,5,CISO,BANC,1580472000,9.798,12.847,4
120,5,CISO,BANC,1581789600,8.686,11.696,5
120,5,CISO,BANC,1583107200,8.938,12.53,5
120,5,CISO,BANC,1584424800,14.811,15.864,5
120,5,CISO,BANC,1585742400,7.97,9.06,6
120,5,CISO,BANC,1587060000,4.781,7.968,2
120,5,CISO,BANC,1588377600,6.056,6.697,5
120,5,CISO,BANC,1589695200,7.066,7.45,6
120,5,CISO,BANC,1591012800,8.274,10.708,5
120,5,CISO,BANC,1592330400,7.813,8.53,7
120,5,CISO,BANC,1593648000,6.597,8.826,5
120,5,CISO,BANC,1594965600,10.25,10.718,6
120,5,CISO,BANC,1596283200,10.972,10.92,7
120,5,CISO,BANC,1597600800,10.695,12.562,1
120,5,CISO,BANC,1598918400,13.829,13.371,6
120,5,CISO,BANC,1600236000,15.117,15.096,6
120,5,CISO,BANC,1601553600,15.87,15.533,7
120,5,CISO,BANC,1602871200,13.091,15.675,5
120,5,CISO,BANC,1604188800,14.842,16.773,5
120,5,CISO,BANC,1605506400,21.662,17.051,12
120,5,CISO,BANC,1606824000,21.747,16.414,10
120,5,CISO,BANC,1608141600,15.826,14.813,7
120,6,CISO,BANC,1577836800,10.698,13.026,1
120,6,CISO,BANC,1579154400,11.541,14.02,1
120,6,CISO,BANC,1580472000,8.074,11.735,1
120,6,CISO,BANC,1581789600,7.225,10.091,1
120,6,CISO,BANC,1583107200,7.225,10.307,1
120,6,CISO,BANC,1584424800,11.771,13.466,1
120,6,CISO,BANC,1585742400,6.297,7.964,1
120,6,CISO,BANC,1587060000,4.512,7.82,1
120,6,CISO,BANC,1588377600,5.359,5.359,0
120,6,CISO,BANC,1589695200,5.998,6.257,1
120,6,CISO,BANC,1591012800,6.059,9.453,1
120,6,CISO,BANC,1592330400,5.362,6.512,1
120,6,CISO,BANC,1593648000,5.241,7.305,1
120,6,CISO,BANC,1594965600,7.761,9.046,1
120,6,CISO,BANC,1596283200,7.94,9.156,1
120,6,CISO,BANC,1597600800,10.692,12.562,1
120,6,CISO,BANC,1598918400,10.216,10.909,1
120,6,CISO,BANC,1600236000,11.193,12.63,1
120,6,CISO,BANC,1601553600,11.288,12.894,1
120,6,CISO,BANC,1602871200,10.198,13.823,1
120,6,CISO,BANC,1604188800,11.906,14.249,1
120,6,CISO,BANC,1605506400,11.755,11.755,0
120,6,CISO,BANC,1606824000,11.541,11.541,0
120,6,CISO,BANC,1608141600,11.823,11.812,1
120,1,EPE,AECI,1577836800,26.946,26.946,0
120,1,EPE,AECI,1579154400,27.639,27.639,0
120,1,EPE,AECI,1580472000,24.201,24.201,0
120,1,EPE,AECI,1581789600,23.463,23.463,0
120,1,EPE,AECI,1583107200,27.005,27.005,0
120,1,EPE,AECI,1584424800,27.241,27.241,0
120,1,EPE,AECI,1585742400,21.947,21.947,0
120,1,EPE,AECI,1587060000,22.891,22.891,0
120,1,EPE,AECI,1588377600,24.48,24.48,0
120,1,EPE,AECI,1589695200,25.238,25.238,0
120,1,EPE,AECI,1591012800,26.114,26.114,0
120,1,EPE,AECI,1592330400,26.021,26.021,0
120,1,EPE,AECI,1593648000,26.402,26.402,0
120,1,EPE,AECI,1594965600,27.925,27.925,0
120,1,EPE,AECI,1596283200,27.295,27.295,0
120,1,EPE,AECI,1597600800,28.635,28.635,0
120,1,EPE,AECI,1598918400,27.13,27.13,0
120,1,EPE,AECI,1600236000,26.63,26.63,0
120,1,EPE,AECI,1601553600,29.343,29.343,0
120,1,EPE,AECI,1602871200,29.864,29.864,0
120,1,EPE,AECI,1604188800,28.659,28.659,0
120,1,EPE,AECI,1605506400,27.195,27.195,0
120,1,EPE,AECI,1606824000,26.511,26.511,0
120,1,EPE,AECI,1608141600,28.727,28.727,0
120,2,EPE,AECI,1577836800,49.945,38.705,10
120,2,EPE,AECI,1579154400,35.008,31.349,3
120,2,EPE,AECI,1580472000,27.886,26.393,2
120,2,EPE,AECI,1581789600,23.463,23.463,0
120,2,EPE,AECI,1583107200,37.032,32.978,5
120,2,EPE,AECI,1584424800,39.429,33.365,6
120,2,EPE,AECI,1585742400,27.569,25.502,4
120,2,EPE,AECI,1587060000,31.322,27.67,5
120,2,EPE,AECI,1588377600,32.955,29.652,5
120,2,EPE,AECI,1589695200,41.509,34.206,8
120,2,EPE,AECI,1591012800,43.529,35.671,9
120,2,EPE,AECI,1592330400,40.192,33.838,7
120,2,EPE,AECI,1593648000,37.947,32.228,5
120,2,EPE,AECI,1594965600,41.327,35.143,6
120,2,EPE,AECI,1596283200,41.016,33.737,6
120,2,EPE,AECI,1597600800,33.461,30.722,2
120,2,EPE,AECI,1598918400,45.769,36.559,8
120,2,EPE,AECI,1600236000,26.63,26.63,0
120,2,EPE,AECI,1601553600,37.258,34.023,4
120,2,EPE,AECI,1602871200,37.162,34.547,4
120,2,EPE,AECI,1604188800,40.813,34.784,5
120,2,EPE,AECI,1605506400,29.248,28.366,1
120,2,EPE,AECI,1606824000,31.379,28.853,2
120,2,EPE,AECI,1608141600,58.714,43.495,12
120,3,EPE,AECI,1577836800,26.946,26.946,0
120,3,EPE,AECI,1579154400,27.639,27.639,0
120,3,EPE,AECI,1580472000,27.974,26.393,2
120,3,EPE,AECI,1581789600,23.463,23.463,0
120,3,EPE,AECI,1583107200,27.005,27.005,0
120,3,EPE,AECI,1584424800,29.164,28.334,1
120,3,EPE,AECI,1585742400,24.801,23.741,2
120,3,EPE,AECI,1587060000,22.891,22.891,0
120,3,EPE,AECI,1588377600,24.48,24.48,0
120,3,EPE,AECI,1589695200,27.467,26.415,1
120,3,EPE,AECI,1591012800,29.359,28.26,2
120,3,EPE,AECI,1592330400,31.682,29.149,3
120,3,EPE,AECI,1593648000,26.402,26.402,0
120,3,EPE,AECI,1594965600,34.58,31.686,3
120,3,EPE,AECI,1596283200,31.752,29.55,2
120,3,EPE,AECI,1597600800,28.635,28.635,0
120,3,EPE,AECI,1598918400,38.655,33.076,5
120,3,EPE,AECI,1600236000,26.63,26.63,0
120,3,EPE,AECI,1601553600,31.795,30.701,1
120,3,EPE,AECI,1602871200,33.672,32.142,2
120,3,EPE,AECI,1604188800,28.659,28.659,0
120,3,EPE,AECI,1605506400,29.193,28.366,1
120,3,EPE,AECI,1606824000,31.285,28.853,2
120,3,EPE,AECI,1608141600,33.388,30.954,2
120,4,EPE,AECI,1577836800,26.946,26.946,0
120,4,EPE,AECI,1579154400,27.639,27.639,0
120,4,EPE,AECI,1580472000,24.201,24.201,0
120,4,EPE,AECI,1581789600,23.463,23.463,0
120,4,EPE,AECI,1583107200,27.005,27.005,0
120,4,EPE,AECI,1584424800,27.241,27.241,0
120,4,EPE,AECI,1585742400,21.947,21.947,0
120,4,EPE,AECI,1587060000,22.891,22.891,0
120,4,EPE,AECI,1588377600,24.48,24.48,0
120,4,EPE,AECI,1589695200,25.238,25.238,0
120,4,EPE,AECI,1591012800,26.114,26.114,0
120,4,EPE,AECI,1592330400,26.021,26.021,0
120,4,EPE,AECI,1593648000,26.402,26.402,0
120,4,EPE,AECI,1594965600,27.925,27.925,0
120,4,EPE,AECI,1596283200,27.295,27.295,0
120,4,EPE,AECI,1597600800,28.635,28.635,0
120,4,EPE,AECI,1598918400,27.13,27.13,0
120,4,EPE,AECI,1600236000,26.63,26.63,0
120,4,EPE,AECI,1601553600,29.343,29.343,0
120,4,EPE,AECI,1602871200,29.864,29.864,0
120,4,EPE,AECI,1604188800,28.659,28.659,0
120,4,EPE,AECI,1605506400,27.195,27.195,0
120,4,EPE,AECI,1606824000,26.511,26.511,0
120,4,EPE,AECI,1608141600,28.727,28.727,0
120,5,EPE,AECI,1577836800,49.495,38.705,10
120,5,EPE,AECI,1579154400,34.773,31.349,3
120,5,EPE,AECI,1580472000,27.737,26.393,2
120,5,EPE,AECI,1581789600,23.463,23.463,0
120,5,EPE,AECI,1583107200,36.6,32.978,5
120,5,EPE,AECI,1584424800,39.251,33.365,6
120,5,EPE,AECI,1585742400,27.288,25.502,4
120,5,EPE,AECI,1587060000,31.1,27.67,5
120,5,EPE,AECI,1588377600,32.655,29.652,5
120,5,EPE,AECI,1589695200,41.041,34.206,8
120,5,EPE,AECI,1591012800,36.418,32.328,6
120,5,EPE,AECI,1592330400,39.701,33.838,7
120,5,EPE,AECI,1593648000,37.598,32.228,5
120,5,EPE,AECI,1594965600,40.887,35.143,6
120,5,EPE,AECI,1596283200,35.975,31.593,4
120,5,EPE,AECI,1597600800,33.326,30.722,2
120,5,EPE,AECI,1598918400,45.532,36.559,8
120,5,EPE,AECI,1600236000,28.995,27.838,1
120,5,EPE,AECI,1601553600,37.023,34.023,4
120,5,EPE,AECI,1602871200,37.046,34.547,4
120,5,EPE,AECI,1604188800,40.548,34.784,5
120,5,EPE,AECI,1605506400,29.23,28.366,1
120,5,EPE,AECI,1606824000,31.323,28.853,2
120,5,EPE,AECI,1608141600,58.137,43.495,12
120,6,EPE,AECI,1577836800,26.946,26.946,0
120,6,EPE,AECI,1579154400,27.639,27.639,0
120,6,EPE,AECI,1580472000,24.201,24.201,0
120,6,EPE,AECI,1581789600,23.463,23.463,0
120,6,EPE,AECI,1583107200,27.005,27.005,0
120,6,EPE,AECI,1584424800,27.241,27.241,0
120,6,EPE,AECI,1585742400,21.947,21.947,0
120,6,EPE,AECI,1587060000,22.891,22.891,0
120,6,EPE,AECI,1588377600,24.48,24.48,0
120,6,EPE,AECI,1589695200,25.238,25.238,0
120,6,EPE,AECI,1591012800,26.618,27.251,1
120,6,EPE,AECI,1592330400,26.021,26.021,0
120,6,EPE,AECI,1593648000,26.402,26.402,0
120,6,EPE,AECI,1594965600,27.925,27.925,0
120,6,EPE,AECI,1596283200,27.295,27.295,0
120,6,EPE,AECI,1597600800,28.635,28.635,0
120,6,EPE,AECI,1598918400,27.13,27.13,0
120,6,EPE,AECI,1600236000,26.63,26.63,0
120,6,EPE,AECI,1601553600,29.343,29.343,0
120,6,EPE,AECI,1602871200,29.864,29.864,0
120,6,EPE,AECI,1604188800,28.659,28.659,0
120,6,EPE,AECI,1605506400,27.195,27.195,0
120,6,EPE,AECI,1606824000,26.511,26.511,0
120,6,EPE,AECI,1608141600,28.727,28.727,0
120,1,EPE,PSCO,1577836800,26.946,26.946,0
120,1,EPE,PSCO,1579154400,27.639,27.639,0
120,1,EPE,PSCO,1580472000,24.201,24.201,0
120,1,EPE,PSCO,1581789600,23.463,23.463,0
120,1,EPE,PSCO,1583107200,27.005,27.005,0
120,1,EPE,PSCO,1584424800,27.241,27.241,0
120,1,EPE,PSCO,1585742400,21.947,21.947,0
120,1,EPE,PSCO,1587060000,22.891,22.891,0
120,1,EPE,PSCO,1588377600,24.48,24.48,0
120,1,EPE,PSCO,1589695200,25.238,25.238,0
120,1,EPE,PSCO,1591012800,26.114,26.114,0
120,1,EPE,PSCO,1592330400,26.021,26.021,0
120,1,EPE,PSCO,1593648000,26.402,26.402,0
120,1,EPE,PSCO,1594965600,27.925,27.925,0
120,1,EPE,PSCO,1596283200,27.295,27.295,0
120,1,EPE,PSCO,1597600800,28.635,28.635,0
120,1,EPE,PSCO,1598918400,27.13,27.13,0
120,1,EPE,PSCO,1600236000,26.63,26.63,0
120,1,EPE,PSCO,1601553600,29.343,29.343,0
120,1,EPE,PSCO,1602871200,29.864,29.864,0
120,1,EPE,PSCO,1604188800,28.659,28.659,0
120,1,EPE,PSCO,1605506400,27.195,27.195,0
120,1,EPE,PSCO,1606824000,26.511,26.511,0
120,1,EPE,PSCO,1608141600,28.727,28.727,0
120,2,EPE,PSCO,1577836800,37.297,33.031,5
120,2,EPE,PSCO,1579154400,37.923,36.019,7
120,2,EPE,PSCO,1580472000,39.539,33.279,9
120,2,EPE,PSCO,1581789600,31.276,27.272,4
120,2,EPE,PSCO,1583107200,41.003,35.213,7
120,2,EPE,PSCO,1584424800,35.298,31.496,4
120,2,EPE,PSCO,1585742400,25.279,23.741,2
120,2,EPE,PSCO,1587060000,26.522,24.584,2
120,2,EPE,PSCO,1588377600,36.724,31.671,7
120,2,EPE,PSCO,1589695200,27.353,28.934,3
120,2,EPE,PSCO,1591012800,35.258,30.288,4
120,2,EPE,PSCO,1592330400,31.872,30.29,4
120,2,EPE,PSCO,1593648000,33.685,32.228,5
120,2,EPE,PSCO,1594965600,40.714,35.143,6
120,2,EPE,PSCO,1596283200,35.478,32.645,5
120,2,EPE,PSCO,1597600800,33.738,32.912,4
120,2,EPE,PSCO,1598918400,33.435,30.657,3
120,2,EPE,PSCO,1600236000,35.611,33.841,6
120,2,EPE,PSCO,1601553600,46.372,40.253,9
120,2,EPE,PSCO,1602871200,42.328,38.487,7
120,2,EPE,PSCO,1604188800,47.27,38.508,8
120,2,EPE,PSCO,1605506400,35.781,32.839,5
120,2,EPE,PSCO,1606824000,21.741,27.737,1
120,2,EPE,PSCO,1608141600,25.005,29.84,1
120,3,EPE,PSCO,1577836800,38.185,33.031,5
120,3,EPE,PSCO,1579154400,24.485,28.843,1
120,3,EPE,PSCO,1580472000,24.24,25.314,1
120,3,EPE,PSCO,1581789600,27.016,25.196,2
120,3,EPE,PSCO,1583107200,28.238,28.19,1
120,3,EPE,PSCO,1584424800,31.396,29.374,2
120,3,EPE,PSCO,1585742400,21.947,21.947,0
120,3,EPE,PSCO,1587060000,22.891,22.891,0
120,3,EPE,PSCO,1588377600,24.48,24.48,0
120,3,EPE,PSCO,1589695200,25.139,26.415,1
120,3,EPE,PSCO,1591012800,26.114,26.114,0
120,3,EPE,PSCO,1592330400,28.109,28.094,2
120,3,EPE,PSCO,1593648000,30.226,29.786,3
120,3,EPE,PSCO,1594965600,29.847,29.166,1
120,3,EPE,PSCO,1596283200,28.9,28.491,1
120,3,EPE,PSCO,1597600800,29.228,30.722,2
120,3,EPE,PSCO,1598918400,27.13,27.13,0
120,3,EPE,PSCO,1600236000,25.348,27.838,1
120,3,EPE,PSCO,1601553600,28.419,30.701,1
120,3,EPE,PSCO,1602871200,31.672,32.142,2
120,3,EPE,PSCO,1604188800,28.659,28.659,0
120,3,EPE,PSCO,1605506400,29.072,28.366,1
120,3,EPE,PSCO,1606824000,21.741,27.737,1
120,3,EPE,PSCO,1608141600,25.005,29.84,1
120,4,EPE,PSCO,1577836800,26.946,26.946,0
120,4,EPE,PSCO,1579154400,24.433,28.843,1
120,4,EPE,PSCO,1580472000,24.201,24.201,0
120,4,EPE,PSCO,1581789600,23.463,23.463,0
120,4,EPE,PSCO,1583107200,27.005,27.005,0
120,4,EPE,PSCO,1584424800,27.241,27.241,0
120,4,EPE,PSCO,1585742400,21.947,21.947,0
120,4,EPE,PSCO,1587060000,22.891,22.891,0
120,4,EPE,PSCO,1588377600,24.48,24.48,0
120,4,EPE,PSCO,1589695200,24.863,26.415,1
120,4,EPE,PSCO,1591012800,26.114,26.114,0
120,4,EPE,PSCO,1592330400,26.021,26.021,0
120,4,EPE,PSCO,1593648000,26.402,26.402,0
120,4,EPE,PSCO,1594965600,27.925,27.925,0
120,4,EPE,PSCO,1596283200,27.295,27.295,0
120,4,EPE,PSCO,1597600800,28.635,28.635,0
120,4,EPE,PSCO,1598918400,27.13,27.13,0
120,4,EPE,PSCO,1600236000,26.63,26.63,0
120,4,EPE,PSCO,1601553600,29.343,29.343,0
120,4,EPE,PSCO,1602871200,29.864,29.864,0
120,4,EPE,PSCO,1604188800,28.659,28.659,0
120,4,EPE,PSCO,1605506400,27.195,27.195,0
120,4,EPE,PSCO,1606824000,21.741,27.737,1
120,4,EPE,PSCO,1608141600,27.337,29.84,1
120,5,EPE,PSCO,1577836800,36.819,33.031,5
120,5,EPE,PSCO,1579154400,37.368,36.019,7
120,5,EPE,PSCO,1580472000,39.026,33.279,9
120,5,EPE,PSCO,1581789600,31.061,27.272,4
120,5,EPE,PSCO,1583107200,40.58,35.213,7
120,5,EPE,PSCO,1584424800,35.195,31.496,4
120,5,EPE,PSCO,1585742400,24.872,23.741,2
120,5,EPE,PSCO,1587060000,26.374,24.584,2
120,5,EPE,PSCO,1588377600,36.212,31.671,7
120,5,EPE,PSCO,1589695200,27.104,28.934,3
120,5,EPE,PSCO,1591012800,30.329,28.26,2
120,5,EPE,PSCO,1592330400,31.495,30.29,4
120,5,EPE,PSCO,1593648000,33.505,32.228,5
120,5,EPE,PSCO,1594965600,40.365,35.143,6
120,5,EPE,PSCO,1596283200,35.436,32.645,5
120,5,EPE,PSCO,1597600800,33.576,32.912,4
120,5,EPE,PSCO,1598918400,33.183,30.657,3
120,5,EPE,PSCO,1600236000,35.158,33.841,6
120,5,EPE,PSCO,1601553600,45.609,40.253,9
120,5,EPE,PSCO,1602871200,41.86,38.487,7
120,5,EPE,PSCO,1604188800,46.858,38.508,8
120,5,EPE,PSCO,1605506400,37.443,33.825,6
120,5,EPE,PSCO,1606824000,21.741,27.737,1
120,5,EPE,PSCO,1608141600,25.005,29.84,1
120,6,EPE,PSCO,1577836800,26.946,26.946,0
120,6,EPE,PSCO,1579154400,24.485,28.843,1
120,6,EPE,PSCO,1580472000,24.24,25.314,1
120,6,EPE,PSCO,1581789600,23.463,23.463,0
120,6,EPE,PSCO,1583107200,27.005,27.005,0
120,6,EPE,PSCO,1584424800,27.241,27.241,0
120,6,EPE,PSCO,1585742400,21.947,21.947,0
120,6,EPE,PSCO,1587060000,22.891,22.891,0
120,6,EPE,PSCO,1588377600,24.48,24.48,0
120,6,EPE,PSCO,1589695200,25.139,26.415,1
120,6,EPE,PSCO,1591012800,26.114,26.114,0
120,6,EPE,PSCO,1592330400,26.027,27.056,1
120,6,EPE,PSCO,1593648000,26.201,27.508,1
120,6,EPE,PSCO,1594965600,27.925,27.925,0
120,6,EPE,PSCO,1596283200,28.091,28.491,1
120,6,EPE,PSCO,1597600800,27.573,29.682,1
120,6,EPE,PSCO,1598918400,27.13,27.13,0
120,6,EPE,PSCO,1600236000,25.348,27.838,1
120,6,EPE,PSCO,1601553600,28.419,30.701,1
120,6,EPE,PSCO,1602871200,29.725,31.021,1
120,6,EPE,PSCO,1604188800,28.659,28.659,0
120,6,EPE,PSCO,1605506400,27.195,27.195,0
120,6,EPE,PSCO,1606824000,21.741,27.737,1
120,6,EPE,PSCO,1608141600,25.005,29.84,1
120,1,PACE,AECI,1577836800,29.606,29.606,0
120,1,PACE,AECI,1579154400,31.258,31.258,0
120,1,PACE,AECI,1580472000,26.441,26.441,0
120,1,PACE,AECI,1581789600,26.244,26.244,0
120,1,PACE,AECI,1583107200,27.863,27.863,0
120,1,PACE,AECI,1584424800,33.66,33.66,0
120,1,PACE,AECI,1585742400,30.11,30.11,0
120,1,PACE,AECI,1587060000,29.92,29.92,0
120,1,PACE,AECI,1588377600,26.092,26.092,0
120,1,PACE,AECI,1589695200,29.135,29.135,0
120,1,PACE,AECI,1591012800,30.797,30.797,0
120,1,PACE,AECI,1592330400,26.769,26.769,0
120,1,PACE,AECI,1593648000,28.187,28.187,0
120,1,PACE,AECI,1594965600,26.382,26.382,0
120,1,PACE,AECI,1596283200,31.055,31.055,0
120,1,PACE,AECI,1597600800,33.719,33.719,0
120,1,PACE,AECI,1598918400,31.987,31.987,0
120,1,PACE,AECI,1600236000,34.388,34.388,0
120,1,PACE,AECI,1601553600,33.411,33.411,0
120,1,PACE,AECI,1602871200,28.206,28.206,0
120,1,PACE,AECI,1604188800,34.413,34.413,0
120,1,PACE,AECI,1605506400,30.768,30.768,0
120,1,PACE,AECI,1606824000,32.138,32.138,0
120,1,PACE,AECI,1608141600,29.524,29.524,0
120,2,PACE,AECI,1577836800,34.664,33.498,3
120,2,PACE,AECI,1579154400,49.234,41.046,8
120,2,PACE,AECI,1580472000,34.522,30.645,4
120,2,PACE,AECI,1581789600,30.597,28.274,2
120,2,PACE,AECI,1583107200,36.494,33.697,5
120,2,PACE,AECI,1584424800,35.288,38.416,3
120,2,PACE,AECI,1585742400,23.742,31.485,1
120,2,PACE,AECI,1587060000,29.253,33.146,3
120,2,PACE,AECI,1588377600,32.503,31.281,5
120,2,PACE,AECI,1589695200,38.815,36.181,6
120,2,PACE,AECI,1591012800,36.331,36.976,5
120,2,PACE,AECI,1592330400,30.045,30.445,3
120,2,PACE,AECI,1593648000,39.151,34.794,5
120,2,PACE,AECI,1594965600,44.977,36.13,8
120,2,PACE,AECI,1596283200,56.023,45.017,11
120,2,PACE,AECI,1597600800,68.408,51.614,13
120,2,PACE,AECI,1598918400,41.169,38.748,5
120,2,PACE,AECI,1600236000,49.043,43.252,6
120,2,PACE,AECI,1601553600,53.241,46.019,9
120,2,PACE,AECI,1602871200,35.225,32.409,4
120,2,PACE,AECI,1604188800,46.063,41.422,5
120,2,PACE,AECI,1605506400,37.322,34.543,3
120,2,PACE,AECI,1606824000,46.276,39.558,6
120,2,PACE,AECI,1608141600,44.364,37.338,6
120,3,PACE,AECI,1577836800,34.845,33.498,3
120,3,PACE,AECI,1579154400,37.696,35.16,3
120,3,PACE,AECI,1580472000,30.411,28.765,2
120,3,PACE,AECI,1581789600,26.244,26.244,0
120,3,PACE,AECI,1583107200,27.863,27.863,0
120,3,PACE,AECI,1584424800,31.07,35.288,1
120,3,PACE,AECI,1585742400,23.742,31.485,1
120,3,PACE,AECI,1587060000,25.933,30.95,1
120,3,PACE,AECI,1588377600,31.349,29.248,3
120,3,PACE,AECI,1589695200,32.78,32.876,3
120,3,PACE,AECI,1591012800,27.49,32.209,1
120,3,PACE,AECI,1592330400,27.783,27.99,1
120,3,PACE,AECI,1593648000,28.187,28.187,0
120,3,PACE,AECI,1594965600,28.187,27.766,1
120,3,PACE,AECI,1596283200,32.248,32.418,1
120,3,PACE,AECI,1597600800,43.268,38.912,4
120,3,PACE,AECI,1598918400,36.553,35.731,3
120,3,PACE,AECI,1600236000,40.982,38.852,3
120,3,PACE,AECI,1601553600,32.809,35.032,1
120,3,PACE,AECI,1602871200,37.621,32.409,4
120,3,PACE,AECI,1604188800,42.065,38.6,3
120,3,PACE,AECI,1605506400,32.573,31.977,1
120,3,PACE,AECI,1606824000,42.128,37.178,4
120,3,PACE,AECI,1608141600,31.534,30.834,1
120,4,PACE,AECI,1577836800,29.606,29.606,0
120,4,PACE,AECI,1579154400,31.258,31.258,0
120,4,PACE,AECI,1580472000,26.441,26.441,0
120,4,PACE,AECI,1581789600,26.244,26.244,0
120,4,PACE,AECI,1583107200,27.863,27.863,0
120,4,PACE,AECI,1584424800,35.639,35.288,1
120,4,PACE,AECI,1585742400,23.742,31.485,1
120,4,PACE,AECI,1587060000,25.933,30.95,1
120,4,PACE,AECI,1588377600,26.092,26.092,0
120,4,PACE,AECI,1589695200,29.135,29.135,0
120,4,PACE,AECI,1591012800,26.889,32.209,1
120,4,PACE,AECI,1592330400,26.769,26.769,0
120,4,PACE,AECI,1593648000,28.187,28.187,0
120,4,PACE,AECI,1594965600,26.382,26.382,0
120,4,PACE,AECI,1596283200,31.055,31.055,0
120,4,PACE,AECI,1597600800,33.719,33.719,0
120,4,PACE,AECI,1598918400,31.987,31.987,0
120,4,PACE,AECI,1600236000,34.388,34.388,0
120,4,PACE,AECI,1601553600,33.411,33.411,0
120,4,PACE,AECI,1602871200,28.206,28.206,0
120,4,PACE,AECI,1604188800,34.413,34.413,0
120,4,PACE,AECI,1605506400,30.768,30.768,0
120,4,PACE,AECI,1606824000,32.138,32.138,0
120,4,PACE,AECI,1608141600,29.524,29.524,0
120,5,PACE,AECI,1577836800,34.514,33.498,3
120,5,PACE,AECI,1579154400,48.961,41.046,8
120,5,PACE,AECI,1580472000,34.071,30.645,4
120,5,PACE,AECI,1581789600,30.425,28.274,2
120,5,PACE,AECI,1583107200,36.185,33.697,5
120,5,PACE,AECI,1584424800,34.986,38.416,3
120,5,PACE,AECI,1585742400,23.742,31.485,1
120,5,PACE,AECI,1587060000,29.077,33.146,3
120,5,PACE,AECI,1588377600,31.889,31.281,5
120,5,PACE,AECI,1589695200,38.273,36.181,6
120,5,PACE,AECI,1591012800,36.037,36.976,5
120,5,PACE,AECI,1592330400,29.519,30.445,3
120,5,PACE,AECI,1593648000,38.403,34.794,5
120,5,PACE,AECI,1594965600,44.191,36.13,8
120,5,PACE,AECI,1596283200,55.504,45.017,11
120,5,PACE,AECI,1597600800,67.729,51.614,13
120,5,PACE,AECI,1598918400,40.96,38.748,5
120,5,PACE,AECI,1600236000,48.576,43.252,6
120,5,PACE,AECI,1601553600,52.518,46.019,9
120,5,PACE,AECI,1602871200,35.03,32.409,4
120,5,PACE,AECI,1604188800,45.83,41.422,5
120,5,PACE,AECI,1605506400,36.984,34.543,3
120,5,PACE,AECI,1606824000,51.148,42.144,8
120,5,PACE,AECI,1608141600,44.092,37.338,6
120,6,PACE,AECI,1577836800,29.606,29.606,0
120,6,PACE,AECI,1579154400,31.258,31.258,0
120,6,PACE,AECI,1580472000,26.441,26.441,0
120,6,PACE,AECI,1581789600,26.244,26.244,0
120,6,PACE,AECI,1583107200,27.863,27.863,0
120,6,PACE,AECI,1584424800,31.07,35.288,1
120,6,PACE,AECI,1585742400,23.742,31.485,1
120,6,PACE,AECI,1587060000,25.933,30.95,1
120,6,PACE,AECI,1588377600,26.092,26.092,0
120,6,PACE,AECI,1589695200,28.578,30.43,1
120,6,PACE,AECI,1591012800,27.49,32.209,1
120,6,PACE,AECI,1592330400,27.331,27.99,1
120,6,PACE,AECI,1593648000,28.187,28.187,0
120,6,PACE,AECI,1594965600,26.382,26.382,0
120,6,PACE,AECI,1596283200,31.055,31.055,0
120,6,PACE,AECI,1597600800,33.719,33.719,0
120,6,PACE,AECI,1598918400,31.91,33.175,1
120,6,PACE,AECI,1600236000,34.388,34.388,0
120,6,PACE,AECI,1601553600,32.809,35.032,1
120,6,PACE,AECI,1602871200,28.206,28.206,0
120,6,PACE,AECI,1604188800,34.413,34.413,0
120,6,PACE,AECI,1605506400,30.768,30.768,0
120,6,PACE,AECI,1606824000,32.138,32.138,0
120,6,PACE,AECI,1608141600,29.524,29.524,0
120,1,PACE,PSCO,1577836800,29.606,29.606,0
120,1,PACE,PSCO,1579154400,31.258,31.258,0
120,1,PACE,PSCO,1580472000,26.441,26.441,0
120,1,PACE,PSCO,1581789600,26.244,26.244,0
120,1,PACE,PSCO,1583107200,27.863,27.863,0
120,1,PACE,PSCO,1584424800,33.66,33.66,0
120,1,PACE,PSCO,1585742400,30.11,30.11,0
120,1,PACE,PSCO,1587060000,29.92,29.92,0
120,1,PACE,PSCO,1588377600,26.092,26.092,0
120,1,PACE,PSCO,1589695200,29.135,29.135,0
120,1,PACE,PSCO,1591012800,30.797,30.797,0
120,1,PACE,PSCO,1592330400,26.769,26.769,0
120,1,PACE,PSCO,1593648000,28.187,28.187,0
120,1,PACE,PSCO,1594965600,26.382,26.382,0
120,1,PACE,PSCO,1596283200,31.055,31.055,0
120,1,PACE,PSCO,1597600800,33.719,33.719,0
120,1,PACE,PSCO,1598918400,31.987,31.987,0
120,1,PACE,PSCO,1600236000,34.388,34.388,0
120,1,PACE,PSCO,1601553600,33.411,33.411,0
120,1,PACE,PSCO,1602871200,28.206,28.206,0
120,1,PACE,PSCO,1604188800,34.413,34.413,0
120,1,PACE,PSCO,1605506400,30.768,30.768,0
120,1,PACE,PSCO,1606824000,32.138,32.138,0
120,1,PACE,PSCO,1608141600,29.524,29.524,0
120,2,PACE,PSCO,1577836800,43.903,39.014,7
120,2,PACE,PSCO,1579154400,34.211,37.667,5
120,2,PACE,PSCO,1580472000,36.201,34.081,7
120,2,PACE,PSCO,1581789600,41.277,35.005,7
120,2,PACE,PSCO,1583107200,51.599,40.348,12
120,2,PACE,PSCO,1584424800,37.45,38.416,3
120,2,PACE,PSCO,1585742400,39.795,36.838,6
120,2,PACE,PSCO,1587060000,43.932,38.669,7
120,2,PACE,PSCO,1588377600,36.688,33.541,7
120,2,PACE,PSCO,1589695200,28.803,32.876,3
120,2,PACE,PSCO,1591012800,38.441,35.779,4
120,2,PACE,PSCO,1592330400,30.977,31.693,4
120,2,PACE,PSCO,1593648000,33.217,34.794,5
120,2,PACE,PSCO,1594965600,51.191,39.75,11
120,2,PACE,PSCO,1596283200,37.39,37.124,5
120,2,PACE,PSCO,1597600800,27.894,35.019,1
120,2,PACE,PSCO,1598918400,46.157,41.779,7
120,2,PACE,PSCO,1600236000,25.905,35.803,1
120,2,PACE,PSCO,1601553600,37.891,40.239,5
120,2,PACE,PSCO,1602871200,36.234,33.675,5
120,2,PACE,PSCO,1604188800,37.566,38.6,3
120,2,PACE,PSCO,1605506400,37.278,37.113,5
120,2,PACE,PSCO,1606824000,22.213,33.479,1
120,2,PACE,PSCO,1608141600,25.117,30.834,1
120,3,PACE,PSCO,1577836800,34.216,33.498,3
120,3,PACE,PSCO,1579154400,24.999,32.589,1
120,3,PACE,PSCO,1580472000,24.324,27.605,1
120,3,PACE,PSCO,1581789600,28.058,27.272,1
120,3,PACE,PSCO,1583107200,33.155,31.378,3
120,3,PACE,PSCO,1584424800,32.204,35.288,1
120,3,PACE,PSCO,1585742400,28.745,31.485,1
120,3,PACE,PSCO,1587060000,32.525,31.985,2
120,3,PACE,PSCO,1588377600,29.807,29.248,3
120,3,PACE,PSCO,1589695200,25.538,30.43,1
120,3,PACE,PSCO,1591012800,32.191,32.209,1
120,3,PACE,PSCO,1592330400,25.936,27.99,1
120,3,PACE,PSCO,1593648000,25.943,29.433,1
120,3,PACE,PSCO,1594965600,28.306,27.766,1
120,3,PACE,PSCO,1596283200,29.234,32.418,1
120,3,PACE,PSCO,1597600800,27.894,35.019,1
120,3,PACE,PSCO,1598918400,37.933,35.731,3
120,3,PACE,PSCO,1600236000,25.905,35.803,1
120,3,PACE,PSCO,1601553600,28.901,35.032,1
120,3,PACE,PSCO,1602871200,31.236,30.164,2
120,3,PACE,PSCO,1604188800,32.97,35.794,1
120,3,PACE,PSCO,1605506400,29.227,31.977,1
120,3,PACE,PSCO,1606824000,22.213,33.479,1
120,3,PACE,PSCO,1608141600,25.117,30.834,1
120,4,PACE,PSCO,1577836800,29.606,29.606,0
120,4,PACE,PSCO,1579154400,24.999,32.589,1
120,4,PACE,PSCO,1580472000,26.441,26.441,0
120,4,PACE,PSCO,1581789600,26.244,26.244,0
120,4,PACE,PSCO,1583107200,27.863,27.863,0
120,4,PACE,PSCO,1584424800,34.391,35.288,1
120,4,PACE,PSCO,1585742400,30.11,30.11,0
120,4,PACE,PSCO,1587060000,29.92,29.92,0
120,4,PACE,PSCO,1588377600,26.092,26.092,0
120,4,PACE,PSCO,1589695200,24.903,30.43,1
120,4,PACE,PSCO,1591012800,30.797,30.797,0
120,4,PACE,PSCO,1592330400,26.769,26.769,0
120,4,PACE,PSCO,1593648000,28.187,28.187,0
120,4,PACE,PSCO,1594965600,26.382,26.382,0
120,4,PACE,PSCO,1596283200,30.044,32.418,1
120,4,PACE,PSCO,1597600800,29.386,35.019,1
120,4,PACE,PSCO,1598918400,31.987,31.987,0
120,4,PACE,PSCO,1600236000,25.905,35.803,1
120,4,PACE,PSCO,1601553600,28.713,35.032,1
120,4,PACE,PSCO,1602871200,28.206,28.206,0
120,4,PACE,PSCO,1604188800,34.413,34.413,0
120,4,PACE,PSCO,1605506400,30.768,30.768,0
120,4,PACE,PSCO,1606824000,22.213,33.479,1
120,4,PACE,PSCO,1608141600,27.525,30.834,1
120,5,PACE,PSCO,1577836800,45.866,40.31,8
120,5,PACE,PSCO,1579154400,38.366,39.918,7
120,5,PACE,PSCO,1580472000,35.601,34.081,7
120,5,PACE,PSCO,1581789600,40.52,35.005,7
120,5,PACE,PSCO,1583107200,50.874,40.348,12
120,5,PACE,PSCO,1584424800,37.385,38.416,3
120,5,PACE,PSCO,1585742400,39.276,36.838,6
120,5,PACE,PSCO,1587060000,43.532,38.669,7
120,5,PACE,PSCO,1588377600,35.954,33.541,7
120,5,PACE,PSCO,1589695200,28.562,32.876,3
120,5,PACE,PSCO,1591012800,38.286,35.779,4
120,5,PACE,PSCO,1592330400,32.987,33.048,5
120,5,PACE,PSCO,1593648000,32.885,34.794,5
120,5,PACE,PSCO,1594965600,50.23,39.75,11
120,5,PACE,PSCO,1596283200,37.301,37.124,5
120,5,PACE,PSCO,1597600800,27.894,35.019,1
120,5,PACE,PSCO,1598918400,45.937,41.779,7
120,5,PACE,PSCO,1600236000,25.905,35.803,1
120,5,PACE,PSCO,1601553600,37.326,40.239,5
120,5,PACE,PSCO,1602871200,35.621,33.675,5
120,5,PACE,PSCO,1604188800,37.357,38.6,3
120,5,PACE,PSCO,1605506400,37.054,37.113,5
120,5,PACE,PSCO,1606824000,22.213,33.479,1
120,5,PACE,PSCO,1608141600,25.117,30.834,1
120,6,PACE,PSCO,1577836800,29.462,30.854,1
120,6,PACE,PSCO,1579154400,24.999,32.589,1
120,6,PACE,PSCO,1580472000,24.324,27.605,1
120,6,PACE,PSCO,1581789600,26.786,27.272,1
120,6,PACE,PSCO,1583107200,27.863,27.863,0
120,6,PACE,PSCO,1584424800,32.204,35.288,1
120,6,PACE,PSCO,1585742400,28.745,31.485,1
120,6,PACE,PSCO,1587060000,29.92,29.92,0
120,6,PACE,PSCO,1588377600,26.092,26.092,0
120,6,PACE,PSCO,1589695200,25.538,30.43,1
120,6,PACE,PSCO,1591012800,31.377,32.209,1
120,6,PACE,PSCO,1592330400,25.936,27.99,1
120,6,PACE,PSCO,1593648000,25.943,29.433,1
120,6,PACE,PSCO,1594965600,26.382,26.382,0
120,6,PACE,PSCO,1596283200,29.234,32.418,1
120,6,PACE,PSCO,1597600800,27.894,35.019,1
120,6,PACE,PSCO,1598918400,31.987,31.987,0
120,6,PACE,PSCO,1600236000,25.905,35.803,1
120,6,PACE,PSCO,1601553600,28.901,35.032,1
120,6,PACE,PSCO,1602871200,28.206,28.206,0
120,6,PACE,PSCO,1604188800,32.97,35.794,1
120,6,PACE,PSCO,1605506400,29.227,31.977,1
120,6,PACE,PSCO,1606824000,22.213,33.479,1
120,6,PACE,PSCO,1608141600,25.117,30.834,1
120,1,PSCO,EPE,1577836800,26.907,26.907,0
120,1,PSCO,EPE,1579154400,22.413,22.413,0
120,1,PSCO,EPE,1580472000,22.109,22.109,0
120,1,PSCO,EPE,1581789600,27.813,27.813,0
120,1,PSCO,EPE,1583107200,26.075,26.075,0
120,1,PSCO,EPE,1584424800,29.473,29.473,0
120,1,PSCO,EPE,1585742400,26.226,26.226,0
120,1,PSCO,EPE,1587060000,28.177,28.177,0
120,1,PSCO,EPE,1588377600,24.541,24.541,0
120,1,PSCO,EPE,1589695200,23.284,23.284,0
120,1,PSCO,EPE,1591012800,29.454,29.454,0
120,1,PSCO,EPE,1592330400,23.999,23.999,0
120,1,PSCO,EPE,1593648000,24.018,24.018,0
120,1,PSCO,EPE,1594965600,28.389,28.389,0
120,1,PSCO,EPE,1596283200,26.947,26.947,0
120,1,PSCO,EPE,1597600800,25.294,25.294,0
120,1,PSCO,EPE,1598918400,31.306,31.306,0
120,1,PSCO,EPE,1600236000,23.203,23.203,0
120,1,PSCO,EPE,1601553600,26.023,26.023,0
120,1,PSCO,EPE,1602871200,27.041,27.041,0
120,1,PSCO,EPE,1604188800,30.123,30.123,0
120,1,PSCO,EPE,1605506400,27.111,27.111,0
120,1,PSCO,EPE,1606824000,19.648,19.648,0
120,1,PSCO,EPE,1608141600,23.039,23.039,0
120,2,PSCO,EPE,1577836800,39.591,34.297,6
120,2,PSCO,EPE,1579154400,31.06,26.498,4
120,2,PSCO,EPE,1580472000,37.493,29.884,8
120,2,PSCO,EPE,1581789600,33.8,33.22,5
120,2,PSCO,EPE,1583107200,36.572,31.702,5
120,2,PSCO,EPE,1584424800,37.928,35.24,5
120,2,PSCO,EPE,1585742400,27.547,30.069,3
120,2,PSCO,EPE,1587060000,28.745,31.653,3
120,2,PSCO,EPE,1588377600,35.033,29.882,6
120,2,PSCO,EPE,1589695200,29.599,26.345,4
120,2,PSCO,EPE,1591012800,32.803,33.155,3
120,2,PSCO,EPE,1592330400,29.709,27.489,3
120,2,PSCO,EPE,1593648000,31.495,27.946,4
120,2,PSCO,EPE,1594965600,38.286,34.676,5
120,2,PSCO,EPE,1596283200,37.954,32.345,6
120,2,PSCO,EPE,1597600800,36.137,31.334,5
120,2,PSCO,EPE,1598918400,29.174,32.539,1
120,2,PSCO,EPE,1600236000,33.243,28.551,5
120,2,PSCO,EPE,1601553600,41.135,33.113,7
120,2,PSCO,EPE,1602871200,39.944,33.609,6
120,2,PSCO,EPE,1604188800,44.822,38.418,7
120,2,PSCO,EPE,1605506400,33.582,30.474,4
120,2,PSCO,EPE,1606824000,19.648,19.648,0
120,2,PSCO,EPE,1608141600,23.039,23.039,0
120,3,PSCO,EPE,1577836800,28.979,28.232,1
120,3,PSCO,EPE,1579154400,22.413,22.413,0
120,3,PSCO,EPE,1580472000,22.109,22.109,0
120,3,PSCO,EPE,1581789600,29.284,30.727,3
120,3,PSCO,EPE,1583107200,26.075,26.075,0
120,3,PSCO,EPE,1584424800,33.971,33.022,3
120,3,PSCO,EPE,1585742400,24.326,27.511,1
120,3,PSCO,EPE,1587060000,25.021,29.368,1
120,3,PSCO,EPE,1588377600,28.105,26.324,2
120,3,PSCO,EPE,1589695200,23.284,23.284,0
120,3,PSCO,EPE,1591012800,28.479,30.665,1
120,3,PSCO,EPE,1592330400,23.999,23.999,0
120,3,PSCO,EPE,1593648000,27.995,26.051,2
120,3,PSCO,EPE,1594965600,43.983,37.364,7
120,3,PSCO,EPE,1596283200,26.947,26.947,0
120,3,PSCO,EPE,1597600800,27.042,26.524,1
120,3,PSCO,EPE,1598918400,29.014,32.539,1
120,3,PSCO,EPE,1600236000,23.203,23.203,0
120,3,PSCO,EPE,1601553600,26.023,26.023,0
120,3,PSCO,EPE,1602871200,28.884,28.422,1
120,3,PSCO,EPE,1604188800,33.226,32.407,2
120,3,PSCO,EPE,1605506400,31.062,28.7,2
120,3,PSCO,EPE,1606824000,19.648,19.648,0
120,3,PSCO,EPE,1608141600,23.039,23.039,0
120,4,PSCO,EPE,1577836800,26.907,26.907,0
120,4,PSCO,EPE,1579154400,22.413,22.413,0
120,4,PSCO,EPE,1580472000,22.109,22.109,0
120,4,PSCO,EPE,1581789600,27.813,27.813,0
120,4,PSCO,EPE,1583107200,26.075,26.075,0
120,4,PSCO,EPE,1584424800,29.473,29.473,0
120,4,PSCO,EPE,1585742400,26.226,26.226,0
120,4,PSCO,EPE,1587060000,28.177,28.177,0
120,4,PSCO,EPE,1588377600,24.541,24.541,0
120,4,PSCO,EPE,1589695200,23.284,23.284,0
120,4,PSCO,EPE,1591012800,29.454,29.454,0
120,4,PSCO,EPE,1592330400,23.999,23.999,0
120,4,PSCO,EPE,1593648000,24.018,24.018,0
120,4,PSCO,EPE,1594965600,28.389,28.389,0
120,4,PSCO,EPE,1596283200,26.947,26.947,0
120,4,PSCO,EPE,1597600800,25.294,25.294,0
120,4,PSCO,EPE,1598918400,31.306,31.306,0
120,4,PSCO,EPE,1600236000,23.203,23.203,0
120,4,PSCO,EPE,1601553600,26.023,26.023,0
120,4,PSCO,EPE,1602871200,27.041,27.041,0
120,4,PSCO,EPE,1604188800,30.123,30.123,0
120,4,PSCO,EPE,1605506400,27.111,27.111,0
120,4,PSCO,EPE,1606824000,19.648,19.648,0
120,4,PSCO,EPE,1608141600,23.039,23.039,0
120,5,PSCO,EPE,1577836800,41.446,35.52,7
120,5,PSCO,EPE,1579154400,30.55,26.498,4
120,5,PSCO,EPE,1580472000,36.98,29.884,8
120,5,PSCO,EPE,1581789600,33.584,33.22,5
120,5,PSCO,EPE,1583107200,36.131,31.702,5
120,5,PSCO,EPE,1584424800,37.825,35.24,5
120,5,PSCO,EPE,1585742400,27.139,30.069,3
120,5,PSCO,EPE,1587060000,28.597,31.653,3
120,5,PSCO,EPE,1588377600,34.521,29.882,6
120,5,PSCO,EPE,1589695200,29.35,26.345,4
120,5,PSCO,EPE,1591012800,32.569,33.155,3
120,5,PSCO,EPE,1592330400,29.333,27.489,3
120,5,PSCO,EPE,1593648000,31.314,27.946,4
120,5,PSCO,EPE,1594965600,37.937,34.676,5
120,5,PSCO,EPE,1596283200,37.912,32.345,6
120,5,PSCO,EPE,1597600800,35.975,31.334,5
120,5,PSCO,EPE,1598918400,31.127,33.484,2
120,5,PSCO,EPE,1600236000,32.79,28.551,5
120,5,PSCO,EPE,1601553600,40.278,33.113,7
120,5,PSCO,EPE,1602871200,39.476,33.609,6
120,5,PSCO,EPE,1604188800,44.264,38.418,7
120,5,PSCO,EPE,1605506400,33.252,30.474,4
120,5,PSCO,EPE,1606824000,19.648,19.648,0
120,5,PSCO,EPE,1608141600,23.039,23.039,0
120,6,PSCO,EPE,1577836800,26.907,26.907,0
120,6,PSCO,EPE,1579154400,22.413,22.413,0
120,6,PSCO,EPE,1580472000,22.109,22.109,0
120,6,PSCO,EPE,1581789600,25.723,28.694,1
120,6,PSCO,EPE,1583107200,26.075,26.075,0
120,6,PSCO,EPE,1584424800,29.979,30.63,1
120,6,PSCO,EPE,1585742400,24.326,27.511,1
120,6,PSCO,EPE,1587060000,25.021,29.368,1
120,6,PSCO,EPE,1588377600,24.541,24.541,0
120,6,PSCO,EPE,1589695200,23.284,23.284,0
120,6,PSCO,EPE,1591012800,28.479,30.665,1
120,6,PSCO,EPE,1592330400,23.999,23.999,0
120,6,PSCO,EPE,1593648000,24.018,24.018,0
120,6,PSCO,EPE,1594965600,28.389,28.389,0
120,6,PSCO,EPE,1596283200,26.947,26.947,0
120,6,PSCO,EPE,1597600800,25.294,25.294,0
120,6,PSCO,EPE,1598918400,29.014,32.539,1
120,6,PSCO,EPE,1600236000,23.203,23.203,0
120,6,PSCO,EPE,1601553600,26.023,26.023,0
120,6,PSCO,EPE,1602871200,27.041,27.041,0
120,6,PSCO,EPE,1604188800,30.703,31.277,1
120,6,PSCO,EPE,1605506400,27.111,27.111,0
120,6,PSCO,EPE,1606824000,19.648,19.648,0
120,6,PSCO,EPE,1608141600,23.039,23.039,0
120,1,PSCO,PACE,1577836800,26.907,26.907,0
120,1,PSCO,PACE,1579154400,22.413,22.413,0
120,1,PSCO,PACE,1580472000,22.109,22.109,0
120,1,PSCO,PACE,1581789600,27.813,27.813,0
120,1,PSCO,PACE,1583107200,26.075,26.075,0
120,1,PSCO,PACE,1584424800,29.473,29.473,0
120,1,PSCO,PACE,1585742400,26.226,26.226,0
120,1,PSCO,PACE,1587060000,28.177,28.177,0
120,1,PSCO,PACE,1588377600,24.541,24.541,0
120,1,PSCO,PACE,1589695200,23.284,23.284,0
120,1,PSCO,PACE,1591012800,29.454,29.454,0
120,1,PSCO,PACE,1592330400,23.999,23.999,0
120,1,PSCO,PACE,1593648000,24.018,24.018,0
120,1,PSCO,PACE,1594965600,28.389,28.389,0
120,1,PSCO,PACE,1596283200,26.947,26.947,0
120,1,PSCO,PACE,1597600800,25.294,25.294,0
120,1,PSCO,PACE,1598918400,31.306,31.306,0
120,1,PSCO,PACE,1600236000,23.203,23.203,0
120,1,PSCO,PACE,1601553600,26.023,26.023,0
120,1,PSCO,PACE,1602871200,27.041,27.041,0
120,1,PSCO,PACE,1604188800,30.123,30.123,0
120,1,PSCO,PACE,1605506400,27.111,27.111,0
120,1,PSCO,PACE,1606824000,19.648,19.648,0
120,1,PSCO,PACE,1608141600,23.039,23.039,0
120,2,PSCO,PACE,1577836800,41.451,34.297,6
120,2,PSCO,PACE,1579154400,31.269,26.498,4
120,2,PSCO,PACE,1580472000,33.934,28.064,6
120,2,PSCO,PACE,1581789600,44.014,37.085,8
120,2,PSCO,PACE,1583107200,49.034,37.451,11
120,2,PSCO,PACE,1584424800,34.644,31.79,2
120,2,PSCO,PACE,1585742400,44.411,35.672,8
120,2,PSCO,PACE,1587060000,41.578,35.134,6
120,2,PSCO,PACE,1588377600,34.631,29.882,6
120,2,PSCO,PACE,1589695200,26.481,24.754,2
120,2,PSCO,PACE,1591012800,35.715,33.155,3
120,2,PSCO,PACE,1592330400,35.934,31.433,6
120,2,PSCO,PACE,1593648000,35.581,29.981,6
120,2,PSCO,PACE,1594965600,49.076,40.581,10
120,2,PSCO,PACE,1596283200,34.919,30.387,4
120,2,PSCO,PACE,1597600800,25.294,25.294,0
120,2,PSCO,PACE,1598918400,43.801,36.919,6
120,2,PSCO,PACE,1600236000,23.203,23.203,0
120,2,PSCO,PACE,1601553600,34.951,29.627,4
120,2,PSCO,PACE,1602871200,34.127,31.685,4
120,2,PSCO,PACE,1604188800,34.898,32.407,2
120,2,PSCO,PACE,1605506400,34.923,30.474,4
120,2,PSCO,PACE,1606824000,19.648,19.648,0
120,2,PSCO,PACE,1608141600,23.039,23.039,0
120,3,PSCO,PACE,1577836800,29.026,28.232,1
120,3,PSCO,PACE,1579154400,22.413,22.413,0
120,3,PSCO,PACE,1580472000,22.109,22.109,0
120,3,PSCO,PACE,1581789600,30.429,29.637,2
120,3,PSCO,PACE,1583107200,29.9,27.998,2
120,3,PSCO,PACE,1584424800,29.473,29.473,0
120,3,PSCO,PACE,1585742400,26.226,26.226,0
120,3,PSCO,PACE,1587060000,30.298,29.368,1
120,3,PSCO,PACE,1588377600,27.781,26.324,2
120,3,PSCO,PACE,1589695200,23.284,23.284,0
120,3,PSCO,PACE,1591012800,29.454,29.454,0
120,3,PSCO,PACE,1592330400,23.999,23.999,0
120,3,PSCO,PACE,1593648000,27.922,26.051,2
120,3,PSCO,PACE,1594965600,30.883,30.457,2
120,3,PSCO,PACE,1596283200,26.947,26.947,0
120,3,PSCO,PACE,1597600800,25.294,25.294,0
120,3,PSCO,PACE,1598918400,35.466,33.484,2
120,3,PSCO,PACE,1600236000,23.203,23.203,0
120,3,PSCO,PACE,1601553600,26.023,26.023,0
120,3,PSCO,PACE,1602871200,28.846,28.422,1
120,3,PSCO,PACE,1604188800,30.123,30.123,0
120,3,PSCO,PACE,1605506400,27.111,27.111,0
120,3,PSCO,PACE,1606824000,19.648,19.648,0
120,3,PSCO,PACE,1608141600,23.039,23.039,0
120,4,PSCO,PACE,1577836800,26.907,26.907,0
120,4,PSCO,PACE,1579154400,22.413,22.413,0
120,4,PSCO,PACE,1580472000,22.109,22.109,0
120,4,PSCO,PACE,1581789600,27.813,27.813,0
120,4,PSCO,PACE,1583107200,26.075,26.075,0
120,4,PSCO,PACE,1584424800,29.473,29.473,0
120,4,PSCO,PACE,1585742400,26.226,26.226,0
120,4,PSCO,PACE,1587060000,28.177,28.177,0
120,4,PSCO,PACE,1588377600,24.541,24.541,0
120,4,PSCO,PACE,1589695200,23.284,23.284,0
120,4,PSCO,PACE,1591012800,29.454,29.454,0
120,4,PSCO,PACE,1592330400,23.999,23.999,0
120,4,PSCO,PACE,1593648000,24.018,24.018,0
120,4,PSCO,PACE,1594965600,28.389,28.389,0
120,4,PSCO,PACE,1596283200,26.947,26.947,0
120,4,PSCO,PACE,1597600800,25.294,25.294,0
120,4,PSCO,PACE,1598918400,31.306,31.306,0
120,4,PSCO,PACE,1600236000,23.203,23.203,0
120,4,PSCO,PACE,1601553600,26.023,26.023,0
120,4,PSCO,PACE,1602871200,27.041,27.041,0
120,4,PSCO,PACE,1604188800,30.123,30.123,0
120,4,PSCO,PACE,1605506400,27.111,27.111,0
120,4,PSCO,PACE,1606824000,19.648,19.648,0
120,4,PSCO,PACE,1608141600,23.039,23.039,0
120,5,PSCO,PACE,1577836800,40.887,34.297,6
120,5,PSCO,PACE,1579154400,30.889,26.498,4
120,5,PSCO,PACE,1580472000,33.333,28.064,6
120,5,PSCO,PACE,1581789600,48.868,39.939,10
120,5,PSCO,PACE,1583107200,48.309,37.451,11
120,5,PSCO,PACE,1584424800,34.579,31.79,2
120,5,PSCO,PACE,1585742400,36.982,32.527,5
120,5,PSCO,PACE,1587060000,41.178,35.134,6
120,5,PSCO,PACE,1588377600,33.897,29.882,6
120,5,PSCO,PACE,1589695200,26.24,24.754,2
120,5,PSCO,PACE,1591012800,35.457,33.155,3
120,5,PSCO,PACE,1592330400,35.289,31.433,6
120,5,PSCO,PACE,1593648000,30.952,27.946,4
120,5,PSCO,PACE,1594965600,48.115,40.581,10
120,5,PSCO,PACE,1596283200,34.825,30.387,4
120,5,PSCO,PACE,1597600800,25.294,25.294,0
120,5,PSCO,PACE,1598918400,43.581,36.919,6
120,5,PSCO,PACE,1600236000,23.203,23.203,0
120,5,PSCO,PACE,1601553600,34.386,29.627,4
120,5,PSCO,PACE,1602871200,33.513,31.685,4
120,5,PSCO,PACE,1604188800,34.689,32.407,2
120,5,PSCO,PACE,1605506400,34.7,30.474,4
120,5,PSCO,PACE,1606824000,19.648,19.648,0
120,5,PSCO,PACE,1608141600,23.039,23.039,0
120,6,PSCO,PACE,1577836800,26.907,26.907,0
120,6,PSCO,PACE,1579154400,22.413,22.413,0
120,6,PSCO,PACE,1580472000,22.109,22.109,0
120,6,PSCO,PACE,1581789600,27.813,27.813,0
120,6,PSCO,PACE,1583107200,26.075,26.075,0
120,6,PSCO,PACE,1584424800,29.473,29.473,0
120,6,PSCO,PACE,1585742400,26.226,26.226,0
120,6,PSCO,PACE,1587060000,28.177,28.177,0
120,6,PSCO,PACE,1588377600,25.144,25.42,1
120,6,PSCO,PACE,1589695200,23.284,23.284,0
120,6,PSCO,PACE,1591012800,29.454,29.454,0
120,6,PSCO,PACE,1592330400,23.999,23.999,0
120,6,PSCO,PACE,1593648000,24.018,24.018,0
120,6,PSCO,PACE,1594965600,28.736,29.346,1
120,6,PSCO,PACE,1596283200,26.947,26.947,0
120,6,PSCO,PACE,1597600800,25.294,25.294,0
120,6,PSCO,PACE,1598918400,31.306,31.306,0
120,6,PSCO,PACE,1600236000,23.203,23.203,0
120,6,PSCO,PACE,1601553600,26.023,26.023,0
120,6,PSCO,PACE,1602871200,27.041,27.041,0
120,6,PSCO,PACE,1604188800,30.123,30.123,0
120,6,PSCO,PACE,1605506400,27.111,27.111,0
120,6,PSCO,PACE,1606824000,19.648,19.648,0
120,6,PSCO,PACE,1608141600,23.039,23.039,0
120,1,TEPC,AECI,1577836800,34.904,34.904,0
120,1,TEPC,AECI,1579154400,34.672,34.672,0
120,1,TEPC,AECI,1580472000,30.305,30.305,0
120,1,TEPC,AECI,1581789600,30.794,30.794,0
120,1,TEPC,AECI,1583107200,28.518,28.518,0
120,1,TEPC,AECI,1584424800,27.901,27.901,0
120,1,TEPC,AECI,1585742400,21.852,21.852,0
120,1,TEPC,AECI,1587060000,23.826,23.826,0
120,1,TEPC,AECI,1588377600,23.901,23.901,0
120,1,TEPC,AECI,1589695200,28.736,28.736,0
120,1,TEPC,AECI,1591012800,29.666,29.666,0
120,1,TEPC,AECI,1592330400,25.26,25.26,0
120,1,TEPC,AECI,1593648000,28.784,28.784,0
120,1,TEPC,AECI,1594965600,27.715,27.715,0
120,1,TEPC,AECI,1596283200,29.288,29.288,0
120,1,TEPC,AECI,1597600800,30.959,30.959,0
120,1,TEPC,AECI,1598918400,29.268,29.268,0
120,1,TEPC,AECI,1600236000,32.69,32.69,0
120,1,TEPC,AECI,1601553600,31.456,31.456,0
120,1,TEPC,AECI,1602871200,35.004,35.004,0
120,1,TEPC,AECI,1604188800,35.427,35.427,0
120,1,TEPC,AECI,1605506400,30.0,30.0,0
120,1,TEPC,AECI,1606824000,25.748,25.748,0
120,1,TEPC,AECI,1608141600,33.481,33.481,0
120,2,TEPC,AECI,1577836800,35.99,39.489,3
120,2,TEPC,AECI,1579154400,38.416,39.314,3
120,2,TEPC,AECI,1580472000,35.86,35.53,4
120,2,TEPC,AECI,1581789600,37.837,34.841,4
120,2,TEPC,AECI,1583107200,37.395,35.355,5
120,2,TEPC,AECI,1584424800,47.358,38.76,9
120,2,TEPC,AECI,1585742400,30.271,26.526,6
120,2,TEPC,AECI,1587060000,34.449,30.613,7
120,2,TEPC,AECI,1588377600,32.227,29.128,5
120,2,TEPC,AECI,1589695200,38.292,36.371,6
120,2,TEPC,AECI,1591012800,33.917,34.309,4
120,2,TEPC,AECI,1592330400,38.558,32.278,7
120,2,TEPC,AECI,1593648000,39.719,35.036,5
120,2,TEPC,AECI,1594965600,41.113,35.42,6
120,2,TEPC,AECI,1596283200,42.494,35.876,6
120,2,TEPC,AECI,1597600800,46.2,38.206,6
120,2,TEPC,AECI,1598918400,70.923,50.742,17
120,2,TEPC,AECI,1600236000,47.516,41.184,6
120,2,TEPC,AECI,1601553600,59.242,45.511,12
120,2,TEPC,AECI,1602871200,53.8,48.286,9
120,2,TEPC,AECI,1604188800,46.792,42.501,5
120,2,TEPC,AECI,1605506400,36.542,33.95,3
120,2,TEPC,AECI,1606824000,25.748,25.748,0
120,2,TEPC,AECI,1608141600,38.912,37.642,3
120,3,TEPC,AECI,1577836800,30.843,36.394,1
120,3,TEPC,AECI,1579154400,33.187,36.233,1
120,3,TEPC,AECI,1580472000,31.511,31.836,1
120,3,TEPC,AECI,1581789600,34.831,32.727,2
120,3,TEPC,AECI,1583107200,28.518,28.518,0
120,3,TEPC,AECI,1584424800,29.616,29.169,1
120,3,TEPC,AECI,1585742400,28.142,25.115,4
120,3,TEPC,AECI,1587060000,29.765,27.157,4
120,3,TEPC,AECI,1588377600,23.901,23.901,0
120,3,TEPC,AECI,1589695200,27.993,30.124,1
120,3,TEPC,AECI,1591012800,27.198,30.957,1
120,3,TEPC,AECI,1592330400,33.073,28.968,4
120,3,TEPC,AECI,1593648000,28.784,28.784,0
120,3,TEPC,AECI,1594965600,34.212,31.732,3
120,3,TEPC,AECI,1596283200,33.894,31.67,2
120,3,TEPC,AECI,1597600800,30.959,30.959,0
120,3,TEPC,AECI,1598918400,40.362,35.301,5
120,3,TEPC,AECI,1600236000,35.08,34.135,1
120,3,TEPC,AECI,1601553600,32.39,32.733,1
120,3,TEPC,AECI,1602871200,34.485,37.644,2
120,3,TEPC,AECI,1604188800,42.825,39.438,3
120,3,TEPC,AECI,1605506400,32.01,31.341,1
120,3,TEPC,AECI,1606824000,25.748,25.748,0
120,3,TEPC,AECI,1608141600,34.198,34.828,1
120,4,TEPC,AECI,1577836800,34.904,34.904,0
120,4,TEPC,AECI,1579154400,34.672,34.672,0
120,4,TEPC,AECI,1580472000,30.305,30.305,0
120,4,TEPC,AECI,1581789600,30.794,30.794,0
120,4,TEPC,AECI,1583107200,28.518,28.518,0
120,4,TEPC,AECI,1584424800,27.901,27.901,0
120,4,TEPC,AECI,1585742400,21.852,21.852,0
120,4,TEPC,AECI,1587060000,23.826,23.826,0
120,4,TEPC,AECI,1588377600,23.901,23.901,0
120,4,TEPC,AECI,1589695200,28.736,28.736,0
120,4,TEPC,AECI,1591012800,29.666,29.666,0
120,4,TEPC,AECI,1592330400,25.26,25.26,0
120,4,TEPC,AECI,1593648000,28.784,28.784,0
120,4,TEPC,AECI,1594965600,27.715,27.715,0
120,4,TEPC,AECI,1596283200,29.288,29.288,0
120,4,TEPC,AECI,1597600800,30.959,30.959,0
120,4,TEPC,AECI,1598918400,29.268,29.268,0
120,4,TEPC,AECI,1600236000,32.69,32.69,0
120,4,TEPC,AECI,1601553600,31.456,31.456,0
120,4,TEPC,AECI,1602871200,35.004,35.004,0
120,4,TEPC,AECI,1604188800,35.427,35.427,0
120,4,TEPC,AECI,1605506400,30.0,30.0,0
120,4,TEPC,AECI,1606824000,25.748,25.748,0
120,4,TEPC,AECI,1608141600,33.481,33.481,0
120,5,TEPC,AECI,1577836800,35.87,39.489,3
120,5,TEPC,AECI,1579154400,38.088,39.314,3
120,5,TEPC,AECI,1580472000,35.606,35.53,4
120,5,TEPC,AECI,1581789600,39.821,36.046,5
120,5,TEPC,AECI,1583107200,36.917,35.355,5
120,5,TEPC,AECI,1584424800,46.961,38.76,9
120,5,TEPC,AECI,1585742400,26.258,25.115,4
120,5,TEPC,AECI,1587060000,33.911,30.613,7
120,5,TEPC,AECI,1588377600,31.807,29.128,5
120,5,TEPC,AECI,1589695200,37.675,36.371,6
120,5,TEPC,AECI,1591012800,26.872,30.957,1
120,5,TEPC,AECI,1592330400,38.17,32.278,7
120,5,TEPC,AECI,1593648000,39.242,35.036,5
120,5,TEPC,AECI,1594965600,40.68,35.42,6
120,5,TEPC,AECI,1596283200,42.275,35.876,6
120,5,TEPC,AECI,1597600800,45.977,38.206,6
120,5,TEPC,AECI,1598918400,70.456,50.742,17
120,5,TEPC,AECI,1600236000,47.073,41.184,6
120,5,TEPC,AECI,1601553600,58.743,45.511,12
120,5,TEPC,AECI,1602871200,47.738,45.014,7
120,5,TEPC,AECI,1604188800,46.401,42.501,5
120,5,TEPC,AECI,1605506400,36.434,33.95,3
120,5,TEPC,AECI,1606824000,25.748,25.748,0
120,5,TEPC,AECI,1608141600,38.615,37.642,3
120,6,TEPC,AECI,1577836800,30.843,36.394,1
120,6,TEPC,AECI,1579154400,33.187,36.233,1
120,6,TEPC,AECI,1580472000,30.723,31.836,1
120,6,TEPC,AECI,1581789600,30.794,30.794,0
120,6,TEPC,AECI,1583107200,28.518,28.518,0
120,6,TEPC,AECI,1584424800,27.901,27.901,0
120,6,TEPC,AECI,1585742400,21.852,21.852,0
120,6,TEPC,AECI,1587060000,23.826,23.826,0
120,6,TEPC,AECI,1588377600,23.901,23.901,0
120,6,TEPC,AECI,1589695200,27.993,30.124,1
120,6,TEPC,AECI,1591012800,27.198,30.957,1
120,6,TEPC,AECI,1592330400,25.26,25.26,0
120,6,TEPC,AECI,1593648000,28.784,28.784,0
120,6,TEPC,AECI,1594965600,27.715,27.715,0
120,6,TEPC,AECI,1596283200,29.288,29.288,0
120,6,TEPC,AECI,1597600800,30.959,30.959,0
120,6,TEPC,AECI,1598918400,29.268,29.268,0
120,6,TEPC,AECI,1600236000,32.69,32.69,0
120,6,TEPC,AECI,1601553600,31.456,31.456,0
120,6,TEPC,AECI,1602871200,31.832,36.289,1
120,6,TEPC,AECI,1604188800,35.427,35.427,0
120,6,TEPC,AECI,1605506400,30.0,30.0,0
120,6,TEPC,AECI,1606824000,25.748,25.748,0
120,6,TEPC,AECI,1608141600,34.198,34.828,1
180,1,AECI,EPE,1577836800,27.991,27.991,0
180,1,AECI,EPE,1579154400,30.139,30.139,0
180,1,AECI,EPE,1580472000,29.202,29.202,0
180,1,AECI,EPE,1581789600,30.99,30.99,0
180,1,AECI,EPE,1583107200,28.95,28.95,0
180,1,AECI,EPE,1584424800,28.31,28.31,0
180,1,AECI,EPE,1585742400,21.211,21.211,0
180,1,AECI,EPE,1587060000,23.892,23.892,0
180,1,AECI,EPE,1588377600,25.143,25.143,0
180,1,AECI,EPE,1589695200,25.774,25.774,0
180,1,AECI,EPE,1591012800,24.75,24.75,0
180,1,AECI,EPE,1592330400,25.959,25.959,0
180,1,AECI,EPE,1593648000,29.983,29.983,0
180,1,AECI,EPE,1594965600,28.571,28.571,0
180,1,AECI,EPE,1596283200,29.488,29.488,0
180,1,AECI,EPE,1597600800,32.788,32.788,0
180,1,AECI,EPE,1598918400,29.414,29.414,0
180,1,AECI,EPE,1600236000,33.086,33.086,0
180,1,AECI,EPE,1601553600,29.771,29.771,0
180,1,AECI,EPE,1602871200,29.148,29.148,0
180,1,AECI,EPE,1604188800,35.804,35.804,0
180,1,AECI,EPE,1605506400,33.466,33.466,0
180,1,AECI,EPE,1606824000,31.991,31.991,0
180,1,AECI,EPE,1608141600,31.713,31.713,0
180,2,AECI,EPE,1577836800,79.577,54.888,15
180,2,AECI,EPE,1579154400,45.426,39.139,5
180,2,AECI,EPE,1580472000,33.278,34.725,3
180,2,AECI,EPE,1581789600,27.086,33.062,1
180,2,AECI,EPE,1583107200,49.584,40.71,7
180,2,AECI,EPE,1584424800,42.376,36.577,5
180,2,AECI,EPE,1585742400,34.292,29.765,5
180,2,AECI,EPE,1587060000,39.024,32.025,6
180,2,AECI,EPE,1588377600,43.892,35.539,7
180,2,AECI,EPE,1589695200,49.999,38.614,8
180,2,AECI,EPE,1591012800,49.642,37.581,8
180,2,AECI,EPE,1592330400,54.696,40.691,9
180,2,AECI,EPE,1593648000,50.883,42.465,7
180,2,AECI,EPE,1594965600,44.774,37.745,5
180,2,AECI,EPE,1596283200,44.486,38.494,5
180,2,AECI,EPE,1597600800,39.818,38.806,3
180,2,AECI,EPE,1598918400,51.618,41.939,7
180,2,AECI,EPE,1600236000,38.006,38.952,3
180,2,AECI,EPE,1601553600,38.201,35.402,3
180,2,AECI,EPE,1602871200,46.265,39.408,5
180,2,AECI,EPE,1604188800,55.012,49.84,7
180,2,AECI,EPE,1605506400,34.101,36.612,2
180,2,AECI,EPE,1606824000,37.279,38.346,3
180,2,AECI,EPE,1608141600,69.562,54.471,11
180,3,AECI,EPE,1577836800,30.858,29.823,1
180,3,AECI,EPE,1579154400,31.151,32.069,1
180,3,AECI,EPE,1580472000,33.306,34.725,3
180,3,AECI,EPE,1581789600,27.086,33.062,1
180,3,AECI,EPE,1583107200,30.636,30.978,1
180,3,AECI,EPE,1584424800,36.598,32.994,3
180,3,AECI,EPE,1585742400,23.712,22.977,1
180,3,AECI,EPE,1587060000,27.949,26.285,2
180,3,AECI,EPE,1588377600,27.785,26.911,1
180,3,AECI,EPE,1589695200,31.773,29.036,2
180,3,AECI,EPE,1591012800,24.75,24.75,0
180,3,AECI,EPE,1592330400,31.803,29.058,2
180,3,AECI,EPE,1593648000,30.146,31.878,1
180,3,AECI,EPE,1594965600,44.69,37.745,5
180,3,AECI,EPE,1596283200,37.521,34.88,3
180,3,AECI,EPE,1597600800,32.249,34.731,1
180,3,AECI,EPE,1598918400,44.874,38.313,5
180,3,AECI,EPE,1600236000,37.785,38.952,3
180,3,AECI,EPE,1601553600,46.638,39.413,5
180,3,AECI,EPE,1602871200,32.522,31.083,1
180,3,AECI,EPE,1604188800,32.987,37.871,1
180,3,AECI,EPE,1605506400,33.899,36.612,2
180,3,AECI,EPE,1606824000,30.276,34.001,1
180,3,AECI,EPE,1608141600,39.993,37.428,3
180,4,AECI,EPE,1577836800,27.991,27.991,0
180,4,AECI,EPE,1579154400,30.139,30.139,0
180,4,AECI,EPE,1580472000,29.202,29.202,0
180,4,AECI,EPE,1581789600,30.99,30.99,0
180,4,AECI,EPE,1583107200,28.95,28.95,0
180,4,AECI,EPE,1584424800,28.31,28.31,0
180,4,AECI,EPE,1585742400,21.211,21.211,0
180,4,AECI,EPE,1587060000,23.892,23.892,0
180,4,AECI,EPE,1588377600,25.143,25.143,0
180,4,AECI,EPE,1589695200,25.774,25.774,0
180,4,AECI,EPE,1591012800,24.75,24.75,0
180,4,AECI,EPE,1592330400,25.959,25.959,0
180,4,AECI,EPE,1593648000,29.983,29.983,0
180,4,AECI,EPE,1594965600,28.571,28.571,0
180,4,AECI,EPE,1596283200,29.488,29.488,0
180,4,AECI,EPE,1597600800,32.788,32.788,0
180,4,AECI,EPE,1598918400,29.414,29.414,0
180,4,AECI,EPE,1600236000,33.086,33.086,0
180,4,AECI,EPE,1601553600,29.771,29.771,0
180,4,AECI,EPE,1602871200,29.148,29.148,0
180,4,AECI,EPE,1604188800,35.804,35.804,0
180,4,AECI,EPE,1605506400,33.466,33.466,0
180,4,AECI,EPE,1606824000,31.991,31.991,0
180,4,AECI,EPE,1608141600,31.713,31.713,0
180,5,AECI,EPE,1577836800,78.662,54.888,15
180,5,AECI,EPE,1579154400,44.999,39.139,5
180,5,AECI,EPE,1580472000,33.064,34.725,3
180,5,AECI,EPE,1581789600,27.086,33.062,1
180,5,AECI,EPE,1583107200,42.154,37.372,5
180,5,AECI,EPE,1584424800,42.127,36.577,5
180,5,AECI,EPE,1585742400,33.901,29.765,5
180,5,AECI,EPE,1587060000,38.767,32.025,6
180,5,AECI,EPE,1588377600,43.362,35.539,7
180,5,AECI,EPE,1589695200,49.278,38.614,8
180,5,AECI,EPE,1591012800,49.258,37.581,8
180,5,AECI,EPE,1592330400,54.065,40.691,9
180,5,AECI,EPE,1593648000,50.114,42.465,7
180,5,AECI,EPE,1594965600,44.208,37.745,5
180,5,AECI,EPE,1596283200,44.065,38.494,5
180,5,AECI,EPE,1597600800,39.509,38.806,3
180,5,AECI,EPE,1598918400,51.294,41.939,7
180,5,AECI,EPE,1600236000,37.785,38.952,3
180,5,AECI,EPE,1601553600,37.921,35.402,3
180,5,AECI,EPE,1602871200,46.118,39.408,5
180,5,AECI,EPE,1604188800,54.637,49.84,7
180,5,AECI,EPE,1605506400,37.422,38.352,3
180,5,AECI,EPE,1606824000,37.2,38.346,3
180,5,AECI,EPE,1608141600,69.084,54.471,11
180,6,AECI,EPE,1577836800,27.991,27.991,0
180,6,AECI,EPE,1579154400,30.139,30.139,0
180,6,AECI,EPE,1580472000,27.773,31.006,1
180,6,AECI,EPE,1581789600,27.086,33.062,1
180,6,AECI,EPE,1583107200,29.686,30.978,1
180,6,AECI,EPE,1584424800,28.31,28.31,0
180,6,AECI,EPE,1585742400,21.211,21.211,0
180,6,AECI,EPE,1587060000,23.892,23.892,0
180,6,AECI,EPE,1588377600,25.143,25.143,0
180,6,AECI,EPE,1589695200,25.774,25.774,0
180,6,AECI,EPE,1591012800,24.75,24.75,0
180,6,AECI,EPE,1592330400,25.959,25.959,0
180,6,AECI,EPE,1593648000,30.146,31.878,1
180,6,AECI,EPE,1594965600,28.571,28.571,0
180,6,AECI,EPE,1596283200,29.488,29.488,0
180,6,AECI,EPE,1597600800,32.249,34.731,1
180,6,AECI,EPE,1598918400,29.414,29.414,0
180,6,AECI,EPE,1600236000,30.449,34.88,1
180,6,AECI,EPE,1601553600,29.771,29.771,0
180,6,AECI,EPE,1602871200,29.148,29.148,0
180,6,AECI,EPE,1604188800,32.987,37.871,1
180,6,AECI,EPE,1605506400,31.093,35.027,1
180,6,AECI,EPE,1606824000,30.276,34.001,1
180,6,AECI,EPE,1608141600,31.713,31.713,0
180,1,AECI,PACE,1577836800,27.991,27.991,0
180,1,AECI,PACE,1579154400,30.139,30.139,0
180,1,AECI,PACE,1580472000,29.202,29.202,0
180,1,AECI,PACE,1581789600,30.99,30.99,0
180,1,AECI,PACE,1583107200,28.95,28.95,0
180,1,AECI,PACE,1584424800,28.31,28.31,0
180,1,AECI,PACE,1585742400,21.211,21.211,0
180,1,AECI,PACE,1587060000,23.892,23.892,0
180,1,AECI,PACE,1588377600,25.143,25.143,0
180,1,AECI,PACE,1589695200,25.774,25.774,0
180,1,AECI,PACE,1591012800,24.75,24.75,0
180,1,AECI,PACE,1592330400,25.959,25.959,0
180,1,AECI,PACE,1593648000,29.983,29.983,0
180,1,AECI,PACE,1594965600,28.571,28.571,0
180,1,AECI,PACE,1596283200,29.488,29.488,0
180,1,AECI,PACE,1597600800,32.788,32.788,0
180,1,AECI,PACE,1598918400,29.414,29.414,0
180,1,AECI,PACE,1600236000,33.086,33.086,0
180,1,AECI,PACE,1601553600,29.771,29.771,0
180,1,AECI,PACE,1602871200,29.148,29.148,0
180,1,AECI,PACE,1604188800,35.804,35.804,0
180,1,AECI,PACE,1605506400,33.466,33.466,0
180,1,AECI,PACE,1606824000,31.991,31.991,0
180,1,AECI,PACE,1608141600,31.713,31.713,0
180,2,AECI,PACE,1577836800,42.207,35.319,4
180,2,AECI,PACE,1579154400,58.921,44.7,8
180,2,AECI,PACE,1580472000,45.986,39.447,6
180,2,AECI,PACE,1581789600,40.48,38.226,4
180,2,AECI,PACE,1583107200,48.019,40.71,7
180,2,AECI,PACE,1584424800,34.823,31.272,2
180,2,AECI,PACE,1585742400,21.211,21.211,0
180,2,AECI,PACE,1587060000,29.09,26.285,2
180,2,AECI,PACE,1588377600,34.434,30.951,4
180,2,AECI,PACE,1589695200,51.203,38.614,8
180,2,AECI,PACE,1591012800,38.267,31.56,4
180,2,AECI,PACE,1592330400,37.357,32.423,4
180,2,AECI,PACE,1593648000,52.742,42.465,7
180,2,AECI,PACE,1594965600,62.109,46.889,10
180,2,AECI,PACE,1596283200,65.1,46.922,10
180,2,AECI,PACE,1597600800,89.835,61.091,14
180,2,AECI,PACE,1598918400,43.685,36.43,4
180,2,AECI,PACE,1600236000,53.031,43.606,5
180,2,AECI,PACE,1601553600,60.63,44.931,8
180,2,AECI,PACE,1602871200,44.338,39.408,5
180,2,AECI,PACE,1604188800,61.451,49.84,7
180,2,AECI,PACE,1605506400,48.519,41.861,5
180,2,AECI,PACE,1606824000,66.545,50.737,9
180,2,AECI,PACE,1608141600,63.068,49.963,9
180,3,AECI,PACE,1577836800,34.982,31.734,2
180,3,AECI,PACE,1579154400,48.009,39.139,5
180,3,AECI,PACE,1580472000,35.566,34.725,3
180,3,AECI,PACE,1581789600,30.066,33.062,1
180,3,AECI,PACE,1583107200,31.259,30.978,1
180,3,AECI,PACE,1584424800,28.31,28.31,0
180,3,AECI,PACE,1585742400,21.211,21.211,0
180,3,AECI,PACE,1587060000,23.892,23.892,0
180,3,AECI,PACE,1588377600,30.858,28.37,2
180,3,AECI,PACE,1589695200,32.287,29.036,2
180,3,AECI,PACE,1591012800,24.75,24.75,0
180,3,AECI,PACE,1592330400,25.959,25.959,0
180,3,AECI,PACE,1593648000,42.432,36.827,4
180,3,AECI,PACE,1594965600,33.095,31.892,2
180,3,AECI,PACE,1596283200,29.488,29.488,0
180,3,AECI,PACE,1597600800,44.964,38.806,3
180,3,AECI,PACE,1598918400,36.37,32.946,2
180,3,AECI,PACE,1600236000,40.725,36.784,2
180,3,AECI,PACE,1601553600,29.771,29.771,0
180,3,AECI,PACE,1602871200,38.877,35.189,3
180,3,AECI,PACE,1604188800,50.594,43.47,4
180,3,AECI,PACE,1605506400,37.942,36.612,2
180,3,AECI,PACE,1606824000,43.254,38.346,3
180,3,AECI,PACE,1608141600,37.044,35.287,2
180,4,AECI,PACE,1577836800,27.991,27.991,0
180,4,AECI,PACE,1579154400,30.139,30.139,0
180,4,AECI,PACE,1580472000,29.202,29.202,0
180,4,AECI,PACE,1581789600,30.99,30.99,0
180,4,AECI,PACE,1583107200,28.95,28.95,0
180,4,AECI,PACE,1584424800,28.31,28.31,0
180,4,AECI,PACE,1585742400,21.211,21.211,0
180,4,AECI,PACE,1587060000,23.892,23.892,0
180,4,AECI,PACE,1588377600,25.143,25.143,0
180,4,AECI,PACE,1589695200,25.774,25.774,0
180,4,AECI,PACE,1591012800,24.75,24.75,0
180,4,AECI,PACE,1592330400,25.959,25.959,0
180,4,AECI,PACE,1593648000,29.983,29.983,0
180,4,AECI,PACE,1594965600,28.571,28.571,0
180,4,AECI,PACE,1596283200,29.488,29.488,0
180,4,AECI,PACE,1597600800,32.788,32.788,0
180,4,AECI,PACE,1598918400,29.414,29.414,0
180,4,AECI,PACE,1600236000,33.086,33.086,0
180,4,AECI,PACE,1601553600,29.771,29.771,0
180,4,AECI,PACE,1602871200,29.148,29.148,0
180,4,AECI,PACE,1604188800,35.804,35.804,0
180,4,AECI,PACE,1605506400,33.466,33.466,0
180,4,AECI,PACE,1606824000,31.991,31.991,0
180,4,AECI,PACE,1608141600,31.713,31.713,0
180,5,AECI,PACE,1577836800,42.014,35.319,4
180,5,AECI,PACE,1579154400,58.411,44.7,8
180,5,AECI,PACE,1580472000,44.969,39.447,6
180,5,AECI,PACE,1581789600,39.944,38.226,4
180,5,AECI,PACE,1583107200,47.382,40.71,7
180,5,AECI,PACE,1584424800,34.416,31.272,2
180,5,AECI,PACE,1585742400,21.211,21.211,0
180,5,AECI,PACE,1587060000,28.841,26.285,2
180,5,AECI,PACE,1588377600,33.576,30.951,4
180,5,AECI,PACE,1589695200,50.287,38.614,8
180,5,AECI,PACE,1591012800,37.89,31.56,4
180,5,AECI,PACE,1592330400,36.648,32.423,4
180,5,AECI,PACE,1593648000,51.648,42.465,7
180,5,AECI,PACE,1594965600,61.086,46.889,10
180,5,AECI,PACE,1596283200,64.463,46.922,10
180,5,AECI,PACE,1597600800,88.7,61.091,14
180,5,AECI,PACE,1598918400,43.469,36.43,4
180,5,AECI,PACE,1600236000,52.448,43.606,5
180,5,AECI,PACE,1601553600,59.799,44.931,8
180,5,AECI,PACE,1602871200,44.112,39.408,5
180,5,AECI,PACE,1604188800,60.977,49.84,7
180,5,AECI,PACE,1605506400,48.036,41.861,5
180,5,AECI,PACE,1606824000,65.733,50.737,9
180,5,AECI,PACE,1608141600,62.367,49.963,9
180,6,AECI,PACE,1577836800,27.991,27.991,0
180,6,AECI,PACE,1579154400,30.139,30.139,0
180,6,AECI,PACE,1580472000,30.075,31.006,1
180,6,AECI,PACE,1581789600,30.066,33.062,1
180,6,AECI,PACE,1583107200,30.36,30.978,1
180,6,AECI,PACE,1584424800,28.31,28.31,0
180,6,AECI,PACE,1585742400,21.211,21.211,0
180,6,AECI,PACE,1587060000,23.892,23.892,0
180,6,AECI,PACE,1588377600,25.944,26.911,1
180,6,AECI,PACE,1589695200,25.774,25.774,0
180,6,AECI,PACE,1591012800,24.75,24.75,0
180,6,AECI,PACE,1592330400,25.959,25.959,0
180,6,AECI,PACE,1593648000,29.983,29.983,0
180,6,AECI,PACE,1594965600,28.571,28.571,0
180,6,AECI,PACE,1596283200,29.488,29.488,0
180,6,AECI,PACE,1597600800,32.788,32.788,0
180,6,AECI,PACE,1598918400,29.414,29.414,0
180,6,AECI,PACE,1600236000,33.086,33.086,0
180,6,AECI,PACE,1601553600,29.771,29.771,0
180,6,AECI,PACE,1602871200,29.148,29.148,0
180,6,AECI,PACE,1604188800,35.804,35.804,0
180,6,AECI,PACE,1605506400,34.636,35.027,1
180,6,AECI,PACE,1606824000,31.991,31.991,0
180,6,AECI,PACE,1608141600,31.713,31.713,0
180,1,AECI,TEPC,1577836800,27.991,27.991,0
180,1,AECI,TEPC,1579154400,30.139,30.139,0
180,1,AECI,TEPC,1580472000,29.202,29.202,0
180,1,AECI,TEPC,1581789600,30.99,30.99,0
180,1,AECI,TEPC,1583107200,28.95,28.95,0
180,1,AECI,TEPC,1584424800,28.31,28.31,0
180,1,AECI,TEPC,1585742400,21.211,21.211,0
180,1,AECI,TEPC,1587060000,23.892,23.892,0
180,1,AECI,TEPC,1588377600,25.143,25.143,0
180,1,AECI,TEPC,1589695200,25.774,25.774,0
180,1,AECI,TEPC,1591012800,24.75,24.75,0
180,1,AECI,TEPC,1592330400,25.959,25.959,0
180,1,AECI,TEPC,1593648000,29.983,29.983,0
180,1,AECI,TEPC,1594965600,28.571,28.571,0
180,1,AECI,TEPC,1596283200,29.488,29.488,0
180,1,AECI,TEPC,1597600800,32.788,32.788,0
180,1,AECI,TEPC,1598918400,29.414,29.414,0
180,1,AECI,TEPC,1600236000,33.086,33.086,0
180,1,AECI,TEPC,1601553600,29.771,29.771,0
180,1,AECI,TEPC,1602871200,29.148,29.148,0
180,1,AECI,TEPC,1604188800,35.804,35.804,0
180,1,AECI,TEPC,1605506400,33.466,33.466,0
180,1,AECI,TEPC,1606824000,31.991,31.991,0
180,1,AECI,TEPC,1608141600,31.713,31.713,0
180,2,AECI,TEPC,1577836800,35.688,31.734,2
180,2,AECI,TEPC,1579154400,38.16,33.802,2
180,2,AECI,TEPC,1580472000,47.517,39.447,6
180,2,AECI,TEPC,1581789600,49.449,41.034,6
180,2,AECI,TEPC,1583107200,50.397,40.71,7
180,2,AECI,TEPC,1584424800,43.73,36.577,5
180,2,AECI,TEPC,1585742400,32.962,29.765,5
180,2,AECI,TEPC,1587060000,46.593,36.502,9
180,2,AECI,TEPC,1588377600,43.03,35.539,7
180,2,AECI,TEPC,1589695200,51.378,38.614,8
180,2,AECI,TEPC,1591012800,34.77,29.869,3
180,2,AECI,TEPC,1592330400,52.356,40.691,9
180,2,AECI,TEPC,1593648000,52.759,42.465,7
180,2,AECI,TEPC,1594965600,44.599,37.745,5
180,2,AECI,TEPC,1596283200,46.009,38.494,5
180,2,AECI,TEPC,1597600800,58.417,48.16,7
180,2,AECI,TEPC,1598918400,85.072,58.204,15
180,2,AECI,TEPC,1600236000,51.404,43.606,5
180,2,AECI,TEPC,1601553600,62.488,46.938,9
180,2,AECI,TEPC,1602871200,53.517,41.533,6
180,2,AECI,TEPC,1604188800,74.282,55.144,10
180,2,AECI,TEPC,1605506400,44.169,40.091,4
180,2,AECI,TEPC,1606824000,29.387,34.001,1
180,2,AECI,TEPC,1608141600,47.365,39.505,4
180,3,AECI,TEPC,1577836800,27.991,27.991,0
180,3,AECI,TEPC,1579154400,30.139,30.139,0
180,3,AECI,TEPC,1580472000,29.202,29.202,0
180,3,AECI,TEPC,1581789600,44.482,38.226,4
180,3,AECI,TEPC,1583107200,35.762,32.574,2
180,3,AECI,TEPC,1584424800,34.031,31.272,2
180,3,AECI,TEPC,1585742400,28.788,26.381,3
180,3,AECI,TEPC,1587060000,33.364,29.083,4
180,3,AECI,TEPC,1588377600,27.171,26.911,1
180,3,AECI,TEPC,1589695200,32.23,29.036,2
180,3,AECI,TEPC,1591012800,24.75,24.75,0
180,3,AECI,TEPC,1592330400,34.599,30.787,3
180,3,AECI,TEPC,1593648000,36.274,33.601,2
180,3,AECI,TEPC,1594965600,44.675,37.745,5
180,3,AECI,TEPC,1596283200,46.349,38.494,5
180,3,AECI,TEPC,1597600800,34.738,34.731,1
180,3,AECI,TEPC,1598918400,43.089,36.43,4
180,3,AECI,TEPC,1600236000,40.306,36.784,2
180,3,AECI,TEPC,1601553600,29.771,29.771,0
180,3,AECI,TEPC,1602871200,37.148,33.113,2
180,3,AECI,TEPC,1604188800,50.875,43.47,4
180,3,AECI,TEPC,1605506400,37.222,36.612,2
180,3,AECI,TEPC,1606824000,29.387,34.001,1
180,3,AECI,TEPC,1608141600,31.713,31.713,0
180,4,AECI,TEPC,1577836800,27.991,27.991,0
180,4,AECI,TEPC,1579154400,30.139,30.139,0
180,4,AECI,TEPC,1580472000,29.202,29.202,0
180,4,AECI,TEPC,1581789600,30.99,30.99,0
180,4,AECI,TEPC,1583107200,28.95,28.95,0
180,4,AECI,TEPC,1584424800,28.31,28.31,0
180,4,AECI,TEPC,1585742400,21.211,21.211,0
180,4,AECI,TEPC,1587060000,23.892,23.892,0
180,4,AECI,TEPC,1588377600,25.143,25.143,0
180,4,AECI,TEPC,1589695200,25.774,25.774,0
180,4,AECI,TEPC,1591012800,24.75,24.75,0
180,4,AECI,TEPC,1592330400,25.959,25.959,0
180,4,AECI,TEPC,1593648000,29.983,29.983,0
180,4,AECI,TEPC,1594965600,28.571,28.571,0
180,4,AECI,TEPC,1596283200,29.488,29.488,0
180,4,AECI,TEPC,1597600800,32.788,32.788,0
180,4,AECI,TEPC,1598918400,29.414,29.414,0
180,4,AECI,TEPC,1600236000,33.086,33.086,0
180,4,AECI,TEPC,1601553600,29.771,29.771,0
180,4,AECI,TEPC,1602871200,29.148,29.148,0
180,4,AECI,TEPC,1604188800,35.804,35.804,0
180,4,AECI,TEPC,1605506400,33.466,33.466,0
180,4,AECI,TEPC,1606824000,31.991,31.991,0
180,4,AECI,TEPC,1608141600,31.713,31.713,0
180,5,AECI,TEPC,1577836800,35.523,31.734,2
180,5,AECI,TEPC,1579154400,38.017,33.802,2
180,5,AECI,TEPC,1580472000,46.537,39.447,6
180,5,AECI,TEPC,1581789600,48.91,41.034,6
180,5,AECI,TEPC,1583107200,39.423,35.699,4
180,5,AECI,TEPC,1584424800,46.774,38.216,6
180,5,AECI,TEPC,1585742400,32.371,29.765,5
180,5,AECI,TEPC,1587060000,45.763,36.502,9
180,5,AECI,TEPC,1588377600,42.434,35.539,7
180,5,AECI,TEPC,1589695200,40.679,33.839,5
180,5,AECI,TEPC,1591012800,34.487,29.869,3
180,5,AECI,TEPC,1592330400,51.655,40.691,9
180,5,AECI,TEPC,1593648000,51.92,42.465,7
180,5,AECI,TEPC,1594965600,44.033,37.745,5
180,5,AECI,TEPC,1596283200,45.679,38.494,5
180,5,AECI,TEPC,1597600800,58.152,48.16,7
180,5,AECI,TEPC,1598918400,84.394,58.204,15
180,5,AECI,TEPC,1600236000,50.811,43.606,5
180,5,AECI,TEPC,1601553600,62.035,46.938,9
180,5,AECI,TEPC,1602871200,52.99,41.533,6
180,5,AECI,TEPC,1604188800,73.584,55.144,10
180,5,AECI,TEPC,1605506400,51.066,43.523,6
180,5,AECI,TEPC,1606824000,29.387,34.001,1
180,5,AECI,TEPC,1608141600,46.945,39.505,4
180,6,AECI,TEPC,1577836800,27.991,27.991,0
180,6,AECI,TEPC,1579154400,30.139,30.139,0
180,6,AECI,TEPC,1580472000,29.202,29.202,0
180,6,AECI,TEPC,1581789600,30.99,30.99,0
180,6,AECI,TEPC,1583107200,28.95,28.95,0
180,6,AECI,TEPC,1584424800,28.31,28.31,0
180,6,AECI,TEPC,1585742400,21.211,21.211,0
180,6,AECI,TEPC,1587060000,23.892,23.892,0
180,6,AECI,TEPC,1588377600,25.143,25.143,0
180,6,AECI,TEPC,1589695200,25.774,25.774,0
180,6,AECI,TEPC,1591012800,24.75,24.75,0
180,6,AECI,TEPC,1592330400,25.959,25.959,0
180,6,AECI,TEPC,1593648000,29.983,29.983,0
180,6,AECI,TEPC,1594965600,28.571,28.571,0
180,6,AECI,TEPC,1596283200,29.488,29.488,0
180,6,AECI,TEPC,1597600800,32.788,32.788,0
180,6,AECI,TEPC,1598918400,29.414,29.414,0
180,6,AECI,TEPC,1600236000,33.086,33.086,0
180,6,AECI,TEPC,1601553600,29.771,29.771,0
180,6,AECI,TEPC,1602871200,29.148,29.148,0
180,6,AECI,TEPC,1604188800,35.804,35.804,0
180,6,AECI,TEPC,1605506400,34.1,35.027,1
180,6,AECI,TEPC,1606824000,29.387,34.001,1
180,6,AECI,TEPC,1608141600,31.713,31.713,0
180,1,BANC,CISO,1577836800,9.634,9.634,0
180,1,BANC,CISO,1579154400,10.303,10.303,0
180,1,BANC,CISO,1580472000,7.054,7.054,0
180,1,BANC,CISO,1581789600,6.604,6.604,0
180,1,BANC,CISO,1583107200,6.624,6.624,0
180,1,BANC,CISO,1584424800,10.526,10.526,0
180,1,BANC,CISO,1585742400,5.601,5.601,0
180,1,BANC,CISO,1587060000,4.209,4.209,0
180,1,BANC,CISO,1588377600,5.401,5.401,0
180,1,BANC,CISO,1589695200,5.33,5.33,0
180,1,BANC,CISO,1591012800,5.354,5.354,0
180,1,BANC,CISO,1592330400,5.102,5.102,0
180,1,BANC,CISO,1593648000,4.762,4.762,0
180,1,BANC,CISO,1594965600,6.975,6.975,0
180,1,BANC,CISO,1596283200,7.162,7.162,0
180,1,BANC,CISO,1597600800,9.88,9.88,0
180,1,BANC,CISO,1598918400,9.479,9.479,0
180,1,BANC,CISO,1600236000,10.129,10.129,0
180,1,BANC,CISO,1601553600,10.238,10.238,0
180,1,BANC,CISO,1602871200,9.381,9.381,0
180,1,BANC,CISO,1604188800,11.003,11.003,0
180,1,BANC,CISO,1605506400,11.81,11.81,0
180,1,BANC,CISO,1606824000,13.726,13.726,0
180,1,BANC,CISO,1608141600,11.62,11.62,0
180,2,BANC,CISO,1577836800,14.444,12.127,4
180,2,BANC,CISO,1579154400,16.941,13.542,5
180,2,BANC,CISO,1580472000,9.803,8.636,3
180,2,BANC,CISO,1581789600,12.178,9.594,6
180,2,BANC,CISO,1583107200,9.756,8.16,4
180,2,BANC,CISO,1584424800,15.96,13.196,4
180,2,BANC,CISO,1585742400,9.82,7.752,6
180,2,BANC,CISO,1587060000,6.198,5.106,4
180,2,BANC,CISO,1588377600,9.177,7.628,7
180,2,BANC,CISO,1589695200,7.757,7.436,5
180,2,BANC,CISO,1591012800,8.745,7.107,4
180,2,BANC,CISO,1592330400,11.619,8.976,9
180,2,BANC,CISO,1593648000,7.001,5.939,4
180,2,BANC,CISO,1594965600,11.091,9.551,5
180,2,BANC,CISO,1596283200,12.193,10.013,6
180,2,BANC,CISO,1597600800,12.342,11.081,2
180,2,BANC,CISO,1598918400,18.201,14.249,7
180,2,BANC,CISO,1600236000,17.436,13.777,6
180,2,BANC,CISO,1601553600,17.506,13.724,6
180,2,BANC,CISO,1602871200,16.576,12.889,6
180,2,BANC,CISO,1604188800,16.013,12.837,4
180,2,BANC,CISO,1605506400,27.011,20.573,11
180,2,BANC,CISO,1606824000,29.591,23.319,11
180,2,BANC,CISO,1608141600,18.141,15.042,6
180,3,BANC,CISO,1577836800,11.842,10.683,2
180,3,BANC,CISO,1579154400,10.303,10.303,0
180,3,BANC,CISO,1580472000,7.054,7.054,0
180,3,BANC,CISO,1581789600,7.416,7.163,1
180,3,BANC,CISO,1583107200,8.082,7.316,2
180,3,BANC,CISO,1584424800,10.526,10.526,0
180,3,BANC,CISO,1585742400,5.601,5.601,0
180,3,BANC,CISO,1587060000,4.676,4.442,1
180,3,BANC,CISO,1588377600,7.528,6.575,4
180,3,BANC,CISO,1589695200,6.46,6.081,2
180,3,BANC,CISO,1591012800,5.354,5.354,0
180,3,BANC,CISO,1592330400,5.715,5.413,1
180,3,BANC,CISO,1593648000,5.971,5.343,2
180,3,BANC,CISO,1594965600,6.975,6.975,0
180,3,BANC,CISO,1596283200,7.162,7.162,0
180,3,BANC,CISO,1597600800,9.88,9.88,0
180,3,BANC,CISO,1598918400,11.999,10.487,2
180,3,BANC,CISO,1600236000,10.129,10.129,0
180,3,BANC,CISO,1601553600,10.238,10.238,0
180,3,BANC,CISO,1602871200,10.478,9.982,1
180,3,BANC,CISO,1604188800,11.003,11.003,0
180,3,BANC,CISO,1605506400,18.453,15.849,5
180,3,BANC,CISO,1606824000,16.246,16.223,3
180,3,BANC,CISO,1608141600,16.591,13.937,4
180,4,BANC,CISO,1577836800,9.634,9.634,0
180,4,BANC,CISO,1579154400,10.303,10.303,0
180,4,BANC,CISO,1580472000,7.054,7.054,0
180,4,BANC,CISO,1581789600,6.604,6.604,0
180,4,BANC,CISO,1583107200,6.624,6.624,0
180,4,BANC,CISO,1584424800,10.526,10.526,0
180,4,BANC,CISO,1585742400,5.601,5.601,0
180,4,BANC,CISO,1587060000,4.209,4.209,0
180,4,BANC,CISO,1588377600,5.401,5.401,0
180,4,BANC,CISO,1589695200,5.33,5.33,0
180,4,BANC,CISO,1591012800,5.354,5.354,0
180,4,BANC,CISO,1592330400,5.102,5.102,0
180,4,BANC,CISO,1593648000,4.762,4.762,0
180,4,BANC,CISO,1594965600,6.975,6.975,0
180,4,BANC,CISO,1596283200,7.162,7.162,0
180,4,BANC,CISO,1597600800,9.88,9.88,0
180,4,BANC,CISO,1598918400,9.479,9.479,0
180,4,BANC,CISO,1600236000,10.129,10.129,0
180,4,BANC,CISO,1601553600,10.238,10.238,0
180,4,BANC,CISO,1602871200,9.381,9.381,0
180,4,BANC,CISO,1604188800,11.003,11.003,0
180,4,BANC,CISO,1605506400,11.81,11.81,0
180,4,BANC,CISO,1606824000,13.726,13.726,0
180,4,BANC,CISO,1608141600,11.62,11.62,0
180,5,BANC,CISO,1577836800,13.971,12.127,4
180,5,BANC,CISO,1579154400,16.441,13.542,5
180,5,BANC,CISO,1580472000,9.664,8.636,3
180,5,BANC,CISO,1581789600,11.318,9.594,6
180,5,BANC,CISO,1583107200,9.383,8.16,4
180,5,BANC,CISO,1584424800,15.343,13.196,4
180,5,BANC,CISO,1585742400,9.055,7.752,6
180,5,BANC,CISO,1587060000,6.136,5.106,4
180,5,BANC,CISO,1588377600,6.481,6.575,4
180,5,BANC,CISO,1589695200,7.369,7.436,5
180,5,BANC,CISO,1591012800,8.674,7.107,4
180,5,BANC,CISO,1592330400,11.196,8.976,9
180,5,BANC,CISO,1593648000,6.899,5.939,4
180,5,BANC,CISO,1594965600,10.838,9.551,5
180,5,BANC,CISO,1596283200,11.934,10.013,6
180,5,BANC,CISO,1597600800,12.342,11.081,2
180,5,BANC,CISO,1598918400,17.78,14.249,7
180,5,BANC,CISO,1600236000,17.184,13.777,6
180,5,BANC,CISO,1601553600,17.169,13.724,6
180,5,BANC,CISO,1602871200,13.883,11.683,4
180,5,BANC,CISO,1604188800,15.729,12.837,4
180,5,BANC,CISO,1605506400,25.99,20.573,11
180,5,BANC,CISO,1606824000,29.015,23.319,11
180,5,BANC,CISO,1608141600,17.234,15.042,6
180,6,BANC,CISO,1577836800,9.634,9.634,0
180,6,BANC,CISO,1579154400,10.303,10.303,0
180,6,BANC,CISO,1580472000,7.054,7.054,0
180,6,BANC,CISO,1581789600,6.604,6.604,0
180,6,BANC,CISO,1583107200,6.624,6.624,0
180,6,BANC,CISO,1584424800,10.526,10.526,0
180,6,BANC,CISO,1585742400,5.601,5.601,0
180,6,BANC,CISO,1587060000,4.209,4.209,0
180,6,BANC,CISO,1588377600,5.649,5.673,1
180,6,BANC,CISO,1589695200,5.33,5.33,0
180,6,BANC,CISO,1591012800,5.354,5.354,0
180,6,BANC,CISO,1592330400,5.102,5.102,0
180,6,BANC,CISO,1593648000,4.762,4.762,0
180,6,BANC,CISO,1594965600,6.975,6.975,0
180,6,BANC,CISO,1596283200,7.162,7.162,0
180,6,BANC,CISO,1597600800,9.88,9.88,0
180,6,BANC,CISO,1598918400,9.479,9.479,0
180,6,BANC,CISO,1600236000,10.129,10.129,0
180,6,BANC,CISO,1601553600,10.238,10.238,0
180,6,BANC,CISO,1602871200,9.381,9.381,0
180,6,BANC,CISO,1604188800,11.003,11.003,0
180,6,BANC,CISO,1605506400,12.313,12.678,1
180,6,BANC,CISO,1606824000,13.365,14.652,1
180,6,BANC,CISO,1608141600,11.62,11.62,0
180,1,CISO,BANC,1577836800,12.402,12.402,0
180,1,CISO,BANC,1579154400,13.357,13.357,0
180,1,CISO,BANC,1580472000,11.216,11.216,0
180,1,CISO,BANC,1581789600,9.848,9.848,0
180,1,CISO,BANC,1583107200,9.903,9.903,0
180,1,CISO,BANC,1584424800,12.883,12.883,0
180,1,CISO,BANC,1585742400,7.582,7.582,0
180,1,CISO,BANC,1587060000,7.672,7.672,0
180,1,CISO,BANC,1588377600,5.359,5.359,0
180,1,CISO,BANC,1589695200,5.976,5.976,0
180,1,CISO,BANC,1591012800,9.004,9.004,0
180,1,CISO,BANC,1592330400,6.312,6.312,0
180,1,CISO,BANC,1593648000,7.005,7.005,0
180,1,CISO,BANC,1594965600,8.607,8.607,0
180,1,CISO,BANC,1596283200,8.788,8.788,0
180,1,CISO,BANC,1597600800,12.113,12.113,0
180,1,CISO,BANC,1598918400,10.471,10.471,0
180,1,CISO,BANC,1600236000,12.075,12.075,0
180,1,CISO,BANC,1601553600,12.36,12.36,0
180,1,CISO,BANC,1602871200,13.505,13.505,0
180,1,CISO,BANC,1604188800,13.674,13.674,0
180,1,CISO,BANC,1605506400,11.755,11.755,0
180,1,CISO,BANC,1606824000,11.541,11.541,0
180,1,CISO,BANC,1608141600,11.483,11.483,0
180,2,CISO,BANC,1577836800,16.107,17.356,5
180,2,CISO,BANC,1579154400,19.927,19.249,7
180,2,CISO,BANC,1580472000,11.155,13.32,4
180,2,CISO,BANC,1581789600,11.115,13.197,5
180,2,CISO,BANC,1583107200,10.675,13.906,5
180,2,CISO,BANC,1584424800,18.848,17.52,6
180,2,CISO,BANC,1585742400,10.94,10.645,7
180,2,CISO,BANC,1587060000,5.645,8.52,3
180,2,CISO,BANC,1588377600,8.277,7.638,6
180,2,CISO,BANC,1589695200,8.601,7.922,6
180,2,CISO,BANC,1591012800,9.803,11.706,5
180,2,CISO,BANC,1592330400,10.899,10.021,8
180,2,CISO,BANC,1593648000,8.315,9.717,6
180,2,CISO,BANC,1594965600,12.18,11.453,6
180,2,CISO,BANC,1596283200,13.497,12.449,7
180,2,CISO,BANC,1597600800,11.13,12.797,1
180,2,CISO,BANC,1598918400,20.698,16.571,9
180,2,CISO,BANC,1600236000,18.822,17.091,7
180,2,CISO,BANC,1601553600,18.991,17.554,7
180,2,CISO,BANC,1602871200,15.223,17.172,5
180,2,CISO,BANC,1604188800,17.377,18.333,5
180,2,CISO,BANC,1605506400,28.478,19.584,12
180,2,CISO,BANC,1606824000,30.922,20.184,12
180,2,CISO,BANC,1608141600,19.473,16.677,7
180,3,CISO,BANC,1577836800,11.148,13.35,1
180,3,CISO,BANC,1579154400,12.117,14.358,1
180,3,CISO,BANC,1580472000,8.517,11.997,1
180,3,CISO,BANC,1581789600,8.19,10.619,2
180,3,CISO,BANC,1583107200,7.508,10.584,1
180,3,CISO,BANC,1584424800,12.335,13.756,1
180,3,CISO,BANC,1585742400,6.598,8.141,1
180,3,CISO,BANC,1587060000,5.612,8.52,3
180,3,CISO,BANC,1588377600,6.812,6.565,3
180,3,CISO,BANC,1589695200,7.965,7.45,4
180,3,CISO,BANC,1591012800,6.371,9.629,1
180,3,CISO,BANC,1592330400,6.234,7.0,2
180,3,CISO,BANC,1593648000,5.464,7.505,1
180,3,CISO,BANC,1594965600,8.134,9.262,1
180,3,CISO,BANC,1596283200,8.316,9.313,1
180,3,CISO,BANC,1597600800,11.106,12.797,1
180,3,CISO,BANC,1598918400,14.213,13.371,4
180,3,CISO,BANC,1600236000,11.684,12.901,1
180,3,CISO,BANC,1601553600,11.776,13.149,1
180,3,CISO,BANC,1602871200,12.807,15.375,3
180,3,CISO,BANC,1604188800,12.31,14.572,1
180,3,CISO,BANC,1605506400,14.379,13.282,2
180,3,CISO,BANC,1606824000,11.541,11.541,0
180,3,CISO,BANC,1608141600,14.733,13.385,3
180,4,CISO,BANC,1577836800,12.402,12.402,0
180,4,CISO,BANC,1579154400,13.357,13.357,0
180,4,CISO,BANC,1580472000,8.517,11.997,1
180,4,CISO,BANC,1581789600,9.848,9.848,0
180,4,CISO,BANC,1583107200,9.599,10.584,1
180,4,CISO,BANC,1584424800,12.883,12.883,0
180,4,CISO,BANC,1585742400,7.582,7.582,0
180,4,CISO,BANC,1587060000,4.672,7.893,1
180,4,CISO,BANC,1588377600,5.359,5.359,0
180,4,CISO,BANC,1589695200,5.976,5.976,0
180,4,CISO,BANC,1591012800,6.371,9.629,1
180,4,CISO,BANC,1592330400,6.312,6.312,0
180,4,CISO,BANC,1593648000,7.005,7.005,0
180,4,CISO,BANC,1594965600,8.607,8.607,0
180,4,CISO,BANC,1596283200,8.788,8.788,0
180,4,CISO,BANC,1597600800,12.113,12.113,0
180,4,CISO,BANC,1598918400,10.471,10.471,0
180,4,CISO,BANC,1600236000,12.075,12.075,0
180,4,CISO,BANC,1601553600,12.36,12.36,0
180,4,CISO,BANC,1602871200,13.505,13.505,0
180,4,CISO,BANC,1604188800,13.263,14.572,1
180,4,CISO,BANC,1605506400,11.755,11.755,0
180,4,CISO,BANC,1606824000,11.541,11.541,0
180,4,CISO,BANC,1608141600,11.483,11.483,0
180,5,CISO,BANC,1577836800,15.634,17.356,5
180,5,CISO,BANC,1579154400,19.317,19.249,7
180,5,CISO,BANC,1580472000,11.016,13.32,4
180,5,CISO,BANC,1581789600,10.255,13.197,5
180,5,CISO,BANC,1583107200,10.302,13.906,5
180,5,CISO,BANC,1584424800,18.158,17.52,6
180,5,CISO,BANC,1585742400,10.174,10.645,7
180,5,CISO,BANC,1587060000,5.583,8.52,3
180,5,CISO,BANC,1588377600,7.616,7.638,6
180,5,CISO,BANC,1589695200,8.212,7.922,6
180,5,CISO,BANC,1591012800,9.733,11.706,5
180,5,CISO,BANC,1592330400,10.476,10.021,8
180,5,CISO,BANC,1593648000,8.074,9.717,6
180,5,CISO,BANC,1594965600,12.802,12.027,7
180,5,CISO,BANC,1596283200,13.291,12.449,7
180,5,CISO,BANC,1597600800,11.115,12.797,1
180,5,CISO,BANC,1598918400,20.253,16.571,9
180,5,CISO,BANC,1600236000,18.57,17.091,7
180,5,CISO,BANC,1601553600,18.654,17.554,7
180,5,CISO,BANC,1602871200,15.122,17.172,5
180,5,CISO,BANC,1604188800,17.092,18.333,5
180,5,CISO,BANC,1605506400,27.457,19.584,12
180,5,CISO,BANC,1606824000,30.333,20.184,12
180,5,CISO,BANC,1608141600,19.19,16.677,7
180,6,CISO,BANC,1577836800,11.148,13.35,1
180,6,CISO,BANC,1579154400,12.117,14.358,1
180,6,CISO,BANC,1580472000,8.517,11.997,1
180,6,CISO,BANC,1581789600,7.557,10.213,1
180,6,CISO,BANC,1583107200,7.508,10.584,1
180,6,CISO,BANC,1584424800,12.335,13.756,1
180,6,CISO,BANC,1585742400,6.598,8.141,1
180,6,CISO,BANC,1587060000,4.672,7.893,1
180,6,CISO,BANC,1588377600,5.359,5.359,0
180,6,CISO,BANC,1589695200,6.218,6.393,1
180,6,CISO,BANC,1591012800,6.371,9.629,1
180,6,CISO,BANC,1592330400,5.554,6.622,1
180,6,CISO,BANC,1593648000,5.464,7.505,1
180,6,CISO,BANC,1594965600,8.134,9.262,1
180,6,CISO,BANC,1596283200,8.316,9.313,1
180,6,CISO,BANC,1597600800,11.106,12.797,1
180,6,CISO,BANC,1598918400,10.564,11.161,1
180,6,CISO,BANC,1600236000,11.684,12.901,1
180,6,CISO,BANC,1601553600,11.776,13.149,1
180,6,CISO,BANC,1602871200,10.614,13.99,1
180,6,CISO,BANC,1604188800,12.31,14.572,1
180,6,CISO,BANC,1605506400,11.755,11.755,0
180,6,CISO,BANC,1606824000,11.541,11.541,0
180,6,CISO,BANC,1608141600,11.95,11.975,1
180,1,EPE,AECI,1577836800,26.946,26.946,0
180,1,EPE,AECI,1579154400,27.639,27.639,0
180,1,EPE,AECI,1580472000,24.201,24.201,0
180,1,EPE,AECI,1581789600,23.463,23.463,0
180,1,EPE,AECI,1583107200,27.005,27.005,0
180,1,EPE,AECI,1584424800,27.241,27.241,0
180,1,EPE,AECI,1585742400,21.947,21.947,0
180,1,EPE,AECI,1587060000,22.891,22.891,0
180,1,EPE,AECI,1588377600,24.48,24.48,0
180,1,EPE,AECI,1589695200,25.238,25.238,0
180,1,EPE,AECI,1591012800,26.114,26.114,0
180,1,EPE,AECI,1592330400,26.021,26.021,0
180,1,EPE,AECI,1593648000,26.402,26.402,0
180,1,EPE,AECI,1594965600,27.925,27.925,0
180,1,EPE,AECI,1596283200,27.295,27.295,0
180,1,EPE,AECI,1597600800,28.635,28.635,0
180,1,EPE,AECI,1598918400,27.13,27.13,0
180,1,EPE,AECI,1600236000,26.63,26.63,0
180,1,EPE,AECI,1601553600,29.343,29.343,0
180,1,EPE,AECI,1602871200,29.864,29.864,0
180,1,EPE,AECI,1604188800,28.659,28.659,0
180,1,EPE,AECI,1605506400,27.195,27.195,0
180,1,EPE,AECI,1606824000,26.511,26.511,0
180,1,EPE,AECI,1608141600,28.727,28.727,0
180,2,EPE,AECI,1577836800,64.899,46.12,11
180,2,EPE,AECI,1579154400,38.623,33.297,3
180,2,EPE,AECI,1580472000,29.964,27.37,2
180,2,EPE,AECI,1581789600,23.463,23.463,0
180,2,EPE,AECI,1583107200,45.958,37.222,6
180,2,EPE,AECI,1584424800,45.629,36.063,6
180,2,EPE,AECI,1585742400,31.267,27.337,4
180,2,EPE,AECI,1587060000,36.051,30.474,5
180,2,EPE,AECI,1588377600,40.746,33.419,6
180,2,EPE,AECI,1589695200,53.409,40.345,9
180,2,EPE,AECI,1591012800,56.445,42.262,10
180,2,EPE,AECI,1592330400,51.022,39.542,8
180,2,EPE,AECI,1593648000,47.185,36.825,6
180,2,EPE,AECI,1594965600,48.401,38.477,6
180,2,EPE,AECI,1596283200,51.828,39.186,7
180,2,EPE,AECI,1597600800,36.084,31.786,2
180,2,EPE,AECI,1598918400,48.041,37.598,6
180,2,EPE,AECI,1600236000,26.63,26.63,0
180,2,EPE,AECI,1601553600,41.985,36.281,4
180,2,EPE,AECI,1602871200,42.229,37.125,4
180,2,EPE,AECI,1604188800,50.85,39.584,6
180,2,EPE,AECI,1605506400,30.355,28.931,1
180,2,EPE,AECI,1606824000,33.705,29.904,2
180,2,EPE,AECI,1608141600,65.543,46.566,10
180,3,EPE,AECI,1577836800,26.946,26.946,0
180,3,EPE,AECI,1579154400,27.639,27.639,0
180,3,EPE,AECI,1580472000,29.81,27.37,2
180,3,EPE,AECI,1581789600,23.463,23.463,0
180,3,EPE,AECI,1583107200,27.005,27.005,0
180,3,EPE,AECI,1584424800,30.192,28.851,1
180,3,EPE,AECI,1585742400,26.566,24.6,2
180,3,EPE,AECI,1587060000,22.891,22.891,0
180,3,EPE,AECI,1588377600,24.48,24.48,0
180,3,EPE,AECI,1589695200,28.563,27.033,1
180,3,EPE,AECI,1591012800,31.517,29.272,2
180,3,EPE,AECI,1592330400,34.897,30.884,3
180,3,EPE,AECI,1593648000,26.402,26.402,0
180,3,EPE,AECI,1594965600,41.425,35.143,4
180,3,EPE,AECI,1596283200,33.823,30.567,2
180,3,EPE,AECI,1597600800,28.635,28.635,0
180,3,EPE,AECI,1598918400,34.025,30.657,2
180,3,EPE,AECI,1600236000,26.63,26.63,0
180,3,EPE,AECI,1601553600,36.652,32.935,2
180,3,EPE,AECI,1602871200,42.913,37.125,4
180,3,EPE,AECI,1604188800,28.659,28.659,0
180,3,EPE,AECI,1605506400,30.268,28.931,1
180,3,EPE,AECI,1606824000,33.626,29.904,2
180,3,EPE,AECI,1608141600,35.747,32.139,2
180,4,EPE,AECI,1577836800,26.946,26.946,0
180,4,EPE,AECI,1579154400,27.639,27.639,0
180,4,EPE,AECI,1580472000,24.201,24.201,0
180,4,EPE,AECI,1581789600,23.463,23.463,0
180,4,EPE,AECI,1583107200,27.005,27.005,0
180,4,EPE,AECI,1584424800,27.241,27.241,0
180,4,EPE,AECI,1585742400,21.947,21.947,0
180,4,EPE,AECI,1587060000,22.891,22.891,0
180,4,EPE,AECI,1588377600,24.48,24.48,0
180,4,EPE,AECI,1589695200,25.238,25.238,0
180,4,EPE,AECI,1591012800,26.114,26.114,0
180,4,EPE,AECI,1592330400,26.021,26.021,0
180,4,EPE,AECI,1593648000,26.402,26.402,0
180,4,EPE,AECI,1594965600,27.925,27.925,0
180,4,EPE,AECI,1596283200,27.295,27.295,0
180,4,EPE,AECI,1597600800,28.635,28.635,0
180,4,EPE,AECI,1598918400,27.13,27.13,0
180,4,EPE,AECI,1600236000,26.63,26.63,0
180,4,EPE,AECI,1601553600,29.343,29.343,0
180,4,EPE,AECI,1602871200,29.864,29.864,0
180,4,EPE,AECI,1604188800,28.659,28.659,0
180,4,EPE,AECI,1605506400,27.195,27.195,0
180,4,EPE,AECI,1606824000,26.511,26.511,0
180,4,EPE,AECI,1608141600,28.727,28.727,0
180,5,EPE,AECI,1577836800,64.145,46.12,11
180,5,EPE,AECI,1579154400,41.645,34.919,4
180,5,EPE,AECI,1580472000,29.749,27.37,2
180,5,EPE,AECI,1581789600,23.463,23.463,0
180,5,EPE,AECI,1583107200,45.283,37.222,6
180,5,EPE,AECI,1584424800,45.38,36.063,6
180,5,EPE,AECI,1585742400,30.876,27.337,4
180,5,EPE,AECI,1587060000,35.794,30.474,5
180,5,EPE,AECI,1588377600,40.183,33.419,6
180,5,EPE,AECI,1589695200,52.689,40.345,9
180,5,EPE,AECI,1591012800,46.334,37.411,7
180,5,EPE,AECI,1592330400,50.391,39.542,8
180,5,EPE,AECI,1593648000,46.416,36.825,6
180,5,EPE,AECI,1594965600,47.835,38.477,6
180,5,EPE,AECI,1596283200,40.515,33.737,4
180,5,EPE,AECI,1597600800,35.775,31.786,2
180,5,EPE,AECI,1598918400,47.716,37.598,6
180,5,EPE,AECI,1600236000,30.2,28.457,1
180,5,EPE,AECI,1601553600,41.717,36.281,4
180,5,EPE,AECI,1602871200,42.082,37.125,4
180,5,EPE,AECI,1604188800,50.475,39.584,6
180,5,EPE,AECI,1605506400,30.333,28.931,1
180,5,EPE,AECI,1606824000,33.626,29.904,2
180,5,EPE,AECI,1608141600,65.064,46.566,10
180,6,EPE,AECI,1577836800,26.946,26.946,0
180,6,EPE,AECI,1579154400,27.639,27.639,0
180,6,EPE,AECI,1580472000,24.201,24.201,0
180,6,EPE,AECI,1581789600,23.463,23.463,0
180,6,EPE,AECI,1583107200,27.005,27.005,0
180,6,EPE,AECI,1584424800,27.241,27.241,0
180,6,EPE,AECI,1585742400,21.947,21.947,0
180,6,EPE,AECI,1587060000,22.891,22.891,0
180,6,EPE,AECI,1588377600,24.48,24.48,0
180,6,EPE,AECI,1589695200,25.238,25.238,0
180,6,EPE,AECI,1591012800,26.114,26.114,0
180,6,EPE,AECI,1592330400,26.021,26.021,0
180,6,EPE,AECI,1593648000,26.402,26.402,0
180,6,EPE,AECI,1594965600,27.925,27.925,0
180,6,EPE,AECI,1596283200,27.295,27.295,0
180,6,EPE,AECI,1597600800,28.635,28.635,0
180,6,EPE,AECI,1598918400,27.13,27.13,0
180,6,EPE,AECI,1600236000,26.63,26.63,0
180,6,EPE,AECI,1601553600,29.343,29.343,0
180,6,EPE,AECI,1602871200,29.864,29.864,0
180,6,EPE,AECI,1604188800,28.659,28.659,0
180,6,EPE,AECI,1605506400,27.195,27.195,0
180,6,EPE,AECI,1606824000,26.511,26.511,0
180,6,EPE,AECI,1608141600,28.727,28.727,0
180,1,EPE,PSCO,1577836800,26.946,26.946,0
180,1,EPE,PSCO,1579154400,27.639,27.639,0
180,1,EPE,PSCO,1580472000,24.201,24.201,0
180,1,EPE,PSCO,1581789600,23.463,23.463,0
180,1,EPE,PSCO,1583107200,27.005,27.005,0
180,1,EPE,PSCO,1584424800,27.241,27.241,0
180,1,EPE,PSCO,1585742400,21.947,21.947,0
180,1,EPE,PSCO,1587060000,22.891,22.891,0
180,1,EPE,PSCO,1588377600,24.48,24.48,0
180,1,EPE,PSCO,1589695200,25.238,25.238,0
180,1,EPE,PSCO,1591012800,26.114,26.114,0
180,1,EPE,PSCO,1592330400,26.021,26.021,0
180,1,EPE,PSCO,1593648000,26.402,26.402,0
180,1,EPE,PSCO,1594965600,27.925,27.925,0
180,1,EPE,PSCO,1596283200,27.295,27.295,0
180,1,EPE,PSCO,1597600800,28.635,28.635,0
180,1,EPE,PSCO,1598918400,27.13,27.13,0
180,1,EPE,PSCO,1600236000,26.63,26.63,0
180,1,EPE,PSCO,1601553600,29.343,29.343,0
180,1,EPE,PSCO,1602871200,29.864,29.864,0
180,1,EPE,PSCO,1604188800,28.659,28.659,0
180,1,EPE,PSCO,1605506400,27.195,27.195,0
180,1,EPE,PSCO,1606824000,26.511,26.511,0
180,1,EPE,PSCO,1608141600,28.727,28.727,0
180,2,EPE,PSCO,1577836800,46.632,37.639,6
180,2,EPE,PSCO,1579154400,46.039,40.211,7
180,2,EPE,PSCO,1580472000,51.58,39.347,10
180,2,EPE,PSCO,1581789600,35.606,29.56,4
180,2,EPE,PSCO,1583107200,48.117,38.739,7
180,2,EPE,PSCO,1584424800,39.348,33.365,4
180,2,EPE,PSCO,1585742400,27.201,24.6,2
180,2,EPE,PSCO,1587060000,28.508,25.497,2
180,2,EPE,PSCO,1588377600,42.768,34.757,7
180,2,EPE,PSCO,1589695200,30.239,30.725,3
180,2,EPE,PSCO,1591012800,53.205,39.129,8
180,2,EPE,PSCO,1592330400,36.413,32.639,4
180,2,EPE,PSCO,1593648000,42.333,36.825,6
180,2,EPE,PSCO,1594965600,50.864,40.231,7
180,2,EPE,PSCO,1596283200,34.141,32.114,3
180,2,EPE,PSCO,1597600800,38.289,35.111,4
180,2,EPE,PSCO,1598918400,36.494,32.471,3
180,2,EPE,PSCO,1600236000,45.08,38.903,7
180,2,EPE,PSCO,1601553600,49.625,42.3,7
180,2,EPE,PSCO,1602871200,43.695,39.185,5
180,2,EPE,PSCO,1604188800,56.666,42.796,8
180,2,EPE,PSCO,1605506400,44.145,36.708,6
180,2,EPE,PSCO,1606824000,22.73,28.318,1
180,2,EPE,PSCO,1608141600,25.935,30.397,1
180,3,EPE,PSCO,1577836800,47.307,37.639,6
180,3,EPE,PSCO,1579154400,25.489,29.457,1
180,3,EPE,PSCO,1580472000,25.279,25.864,1
180,3,EPE,PSCO,1581789600,28.944,26.158,2
180,3,EPE,PSCO,1583107200,29.258,28.789,1
180,3,EPE,PSCO,1584424800,33.495,30.435,2
180,3,EPE,PSCO,1585742400,21.947,21.947,0
180,3,EPE,PSCO,1587060000,22.891,22.891,0
180,3,EPE,PSCO,1588377600,24.48,24.48,0
180,3,EPE,PSCO,1589695200,26.119,27.033,1
180,3,EPE,PSCO,1591012800,26.114,26.114,0
180,3,EPE,PSCO,1592330400,30.07,29.149,2
180,3,EPE,PSCO,1593648000,33.157,31.608,3
180,3,EPE,PSCO,1594965600,30.925,29.785,1
180,3,EPE,PSCO,1596283200,29.936,29.03,1
180,3,EPE,PSCO,1597600800,31.466,31.786,2
180,3,EPE,PSCO,1598918400,27.13,27.13,0
180,3,EPE,PSCO,1600236000,26.361,28.457,1
180,3,EPE,PSCO,1601553600,29.531,31.302,1
180,3,EPE,PSCO,1602871200,44.365,39.185,5
180,3,EPE,PSCO,1604188800,28.659,28.659,0
180,3,EPE,PSCO,1605506400,30.038,28.931,1
180,3,EPE,PSCO,1606824000,22.73,28.318,1
180,3,EPE,PSCO,1608141600,25.935,30.397,1
180,4,EPE,PSCO,1577836800,26.946,26.946,0
180,4,EPE,PSCO,1579154400,27.639,27.639,0
180,4,EPE,PSCO,1580472000,24.201,24.201,0
180,4,EPE,PSCO,1581789600,23.463,23.463,0
180,4,EPE,PSCO,1583107200,27.005,27.005,0
180,4,EPE,PSCO,1584424800,27.241,27.241,0
180,4,EPE,PSCO,1585742400,21.947,21.947,0
180,4,EPE,PSCO,1587060000,22.891,22.891,0
180,4,EPE,PSCO,1588377600,24.48,24.48,0
180,4,EPE,PSCO,1589695200,25.238,25.238,0
180,4,EPE,PSCO,1591012800,26.114,26.114,0
180,4,EPE,PSCO,1592330400,26.021,26.021,0
180,4,EPE,PSCO,1593648000,26.402,26.402,0
180,4,EPE,PSCO,1594965600,27.925,27.925,0
180,4,EPE,PSCO,1596283200,27.295,27.295,0
180,4,EPE,PSCO,1597600800,28.635,28.635,0
180,4,EPE,PSCO,1598918400,27.13,27.13,0
180,4,EPE,PSCO,1600236000,26.63,26.63,0
180,4,EPE,PSCO,1601553600,29.343,29.343,0
180,4,EPE,PSCO,1602871200,29.864,29.864,0
180,4,EPE,PSCO,1604188800,28.659,28.659,0
180,4,EPE,PSCO,1605506400,27.195,27.195,0
180,4,EPE,PSCO,1606824000,26.511,26.511,0
180,4,EPE,PSCO,1608141600,28.727,28.727,0
180,5,EPE,PSCO,1577836800,45.894,37.639,6
180,5,EPE,PSCO,1579154400,45.409,40.211,7
180,5,EPE,PSCO,1580472000,50.696,39.347,10
180,5,EPE,PSCO,1581789600,35.452,29.56,4
180,5,EPE,PSCO,1583107200,47.566,38.739,7
180,5,EPE,PSCO,1584424800,39.232,33.365,4
180,5,EPE,PSCO,1585742400,26.655,24.6,2
180,5,EPE,PSCO,1587060000,28.309,25.497,2
180,5,EPE,PSCO,1588377600,42.069,34.757,7
180,5,EPE,PSCO,1589695200,29.922,30.725,3
180,5,EPE,PSCO,1591012800,32.607,29.272,2
180,5,EPE,PSCO,1592330400,35.925,32.639,4
180,5,EPE,PSCO,1593648000,45.063,38.449,7
180,5,EPE,PSCO,1594965600,50.299,40.231,7
180,5,EPE,PSCO,1596283200,34.127,32.114,3
180,5,EPE,PSCO,1597600800,38.072,35.111,4
180,5,EPE,PSCO,1598918400,36.173,32.471,3
180,5,EPE,PSCO,1600236000,44.426,38.903,7
180,5,EPE,PSCO,1601553600,48.965,42.3,7
180,5,EPE,PSCO,1602871200,43.202,39.185,5
180,5,EPE,PSCO,1604188800,56.104,42.796,8
180,5,EPE,PSCO,1605506400,46.697,38.334,7
180,5,EPE,PSCO,1606824000,22.73,28.318,1
180,5,EPE,PSCO,1608141600,25.935,30.397,1
180,6,EPE,PSCO,1577836800,26.946,26.946,0
180,6,EPE,PSCO,1579154400,25.489,29.457,1
180,6,EPE,PSCO,1580472000,24.898,25.864,1
180,6,EPE,PSCO,1581789600,23.463,23.463,0
180,6,EPE,PSCO,1583107200,27.005,27.005,0
180,6,EPE,PSCO,1584424800,27.241,27.241,0
180,6,EPE,PSCO,1585742400,21.947,21.947,0
180,6,EPE,PSCO,1587060000,22.891,22.891,0
180,6,EPE,PSCO,1588377600,24.48,24.48,0
180,6,EPE,PSCO,1589695200,26.119,27.033,1
180,6,EPE,PSCO,1591012800,26.114,26.114,0
180,6,EPE,PSCO,1592330400,26.021,26.021,0
180,6,EPE,PSCO,1593648000,26.402,26.402,0
180,6,EPE,PSCO,1594965600,27.925,27.925,0
180,6,EPE,PSCO,1596283200,28.589,29.03,1
180,6,EPE,PSCO,1597600800,28.746,30.2,1
180,6,EPE,PSCO,1598918400,27.13,27.13,0
180,6,EPE,PSCO,1600236000,26.361,28.457,1
180,6,EPE,PSCO,1601553600,29.531,31.302,1
180,6,EPE,PSCO,1602871200,29.864,29.864,0
180,6,EPE,PSCO,1604188800,28.659,28.659,0
180,6,EPE,PSCO,1605506400,27.195,27.195,0
180,6,EPE,PSCO,1606824000,22.73,28.318,1
180,6,EPE,PSCO,1608141600,25.935,30.397,1
180,1,PACE,AECI,1577836800,29.606,29.606,0
180,1,PACE,AECI,1579154400,31.258,31.258,0
180,1,PACE,AECI,1580472000,26.441,26.441,0
180,1,PACE,AECI,1581789600,26.244,26.244,0
180,1,PACE,AECI,1583107200,27.863,27.863,0
180,1,PACE,AECI,1584424800,33.66,33.66,0
180,1,PACE,AECI,1585742400,30.11,30.11,0
180,1,PACE,AECI,1587060000,29.92,29.92,0
180,1,PACE,AECI,1588377600,26.092,26.092,0
180,1,PACE,AECI,1589695200,29.135,29.135,0
180,1,PACE,AECI,1591012800,30.797,30.797,0
180,1,PACE,AECI,1592330400,26.769,26.769,0
180,1,PACE,AECI,1593648000,28.187,28.187,0
180,1,PACE,AECI,1594965600,26.382,26.382,0
180,1,PACE,AECI,1596283200,31.055,31.055,0
180,1,PACE,AECI,1597600800,33.719,33.719,0
180,1,PACE,AECI,1598918400,31.987,31.987,0
180,1,PACE,AECI,1600236000,34.388,34.388,0
180,1,PACE,AECI,1601553600,33.411,33.411,0
180,1,PACE,AECI,1602871200,28.206,28.206,0
180,1,PACE,AECI,1604188800,34.413,34.413,0
180,1,PACE,AECI,1605506400,30.768,30.768,0
180,1,PACE,AECI,1606824000,32.138,32.138,0
180,1,PACE,AECI,1608141600,29.524,29.524,0
180,2,PACE,AECI,1577836800,38.284,35.584,3
180,2,PACE,AECI,1579154400,63.036,47.978,9
180,2,PACE,AECI,1580472000,39.087,32.703,4
180,2,PACE,AECI,1581789600,32.917,29.33,2
180,2,PACE,AECI,1583107200,51.629,40.348,8
180,2,PACE,AECI,1584424800,39.09,40.622,3
180,2,PACE,AECI,1585742400,24.948,32.108,1
180,2,PACE,AECI,1587060000,32.423,35.169,3
180,2,PACE,AECI,1588377600,37.675,34.064,5
180,2,PACE,AECI,1589695200,55.144,44.101,9
180,2,PACE,AECI,1591012800,42.306,40.02,5
180,2,PACE,AECI,1592330400,33.581,32.373,3
180,2,PACE,AECI,1593648000,48.699,39.448,6
180,2,PACE,AECI,1594965600,58.684,43.211,9
180,2,PACE,AECI,1596283200,68.913,52.588,11
180,2,PACE,AECI,1597600800,97.891,66.537,16
180,2,PACE,AECI,1598918400,47.554,42.478,5
180,2,PACE,AECI,1600236000,57.571,47.348,6
180,2,PACE,AECI,1601553600,65.363,52.955,9
180,2,PACE,AECI,1602871200,40.286,34.994,4
180,2,PACE,AECI,1604188800,57.084,46.981,6
180,2,PACE,AECI,1605506400,41.12,36.497,3
180,2,PACE,AECI,1606824000,70.741,51.544,10
180,2,PACE,AECI,1608141600,59.448,44.378,8
180,3,PACE,AECI,1577836800,38.163,35.584,3
180,3,PACE,AECI,1579154400,41.198,37.057,3
180,3,PACE,AECI,1580472000,32.371,29.742,2
180,3,PACE,AECI,1581789600,26.244,26.244,0
180,3,PACE,AECI,1583107200,27.863,27.863,0
180,3,PACE,AECI,1584424800,32.327,36.079,1
180,3,PACE,AECI,1585742400,24.948,32.108,1
180,3,PACE,AECI,1587060000,26.864,31.467,1
180,3,PACE,AECI,1588377600,33.9,30.77,3
180,3,PACE,AECI,1589695200,29.858,31.045,1
180,3,PACE,AECI,1591012800,28.753,32.831,1
180,3,PACE,AECI,1592330400,28.774,28.605,1
180,3,PACE,AECI,1593648000,28.187,28.187,0
180,3,PACE,AECI,1594965600,29.242,28.424,1
180,3,PACE,AECI,1596283200,37.135,34.698,2
180,3,PACE,AECI,1597600800,49.092,41.74,4
180,3,PACE,AECI,1598918400,40.144,37.979,3
180,3,PACE,AECI,1600236000,49.73,43.252,4
180,3,PACE,AECI,1601553600,34.264,35.774,1
180,3,PACE,AECI,1602871200,34.796,31.178,2
180,3,PACE,AECI,1604188800,45.89,40.699,3
180,3,PACE,AECI,1605506400,33.645,32.613,1
180,3,PACE,AECI,1606824000,47.153,39.558,4
180,3,PACE,AECI,1608141600,32.642,31.492,1
180,4,PACE,AECI,1577836800,29.606,29.606,0
180,4,PACE,AECI,1579154400,31.258,31.258,0
180,4,PACE,AECI,1580472000,26.441,26.441,0
180,4,PACE,AECI,1581789600,26.244,26.244,0
180,4,PACE,AECI,1583107200,27.863,27.863,0
180,4,PACE,AECI,1584424800,33.66,33.66,0
180,4,PACE,AECI,1585742400,30.11,30.11,0
180,4,PACE,AECI,1587060000,29.92,29.92,0
180,4,PACE,AECI,1588377600,26.092,26.092,0
180,4,PACE,AECI,1589695200,29.135,29.135,0
180,4,PACE,AECI,1591012800,30.797,30.797,0
180,4,PACE,AECI,1592330400,26.769,26.769,0
180,4,PACE,AECI,1593648000,28.187,28.187,0
180,4,PACE,AECI,1594965600,26.382,26.382,0
180,4,PACE,AECI,1596283200,31.055,31.055,0
180,4,PACE,AECI,1597600800,33.719,33.719,0
180,4,PACE,AECI,1598918400,31.987,31.987,0
180,4,PACE,AECI,1600236000,34.388,34.388,0
180,4,PACE,AECI,1601553600,33.411,33.411,0
180,4,PACE,AECI,1602871200,28.206,28.206,0
180,4,PACE,AECI,1604188800,34.413,34.413,0
180,4,PACE,AECI,1605506400,30.768,30.768,0
180,4,PACE,AECI,1606824000,32.138,32.138,0
180,4,PACE,AECI,1608141600,29.524,29.524,0
180,5,PACE,AECI,1577836800,38.091,35.584,3
180,5,PACE,AECI,1579154400,62.527,47.978,9
180,5,PACE,AECI,1580472000,41.709,34.796,5
180,5,PACE,AECI,1581789600,36.169,31.417,3
180,5,PACE,AECI,1583107200,50.991,40.348,8
180,5,PACE,AECI,1584424800,38.684,40.622,3
180,5,PACE,AECI,1585742400,28.357,33.759,2
180,5,PACE,AECI,1587060000,32.174,35.169,3
180,5,PACE,AECI,1588377600,39.788,35.546,6
180,5,PACE,AECI,1589695200,54.229,44.101,9
180,5,PACE,AECI,1591012800,41.929,40.02,5
180,5,PACE,AECI,1592330400,32.872,32.373,3
180,5,PACE,AECI,1593648000,47.49,39.448,6
180,5,PACE,AECI,1594965600,57.661,43.211,9
180,5,PACE,AECI,1596283200,68.306,52.588,11
180,5,PACE,AECI,1597600800,96.789,66.537,16
180,5,PACE,AECI,1598918400,47.339,42.478,5
180,5,PACE,AECI,1600236000,56.988,47.348,6
180,5,PACE,AECI,1601553600,68.219,54.621,10
180,5,PACE,AECI,1602871200,40.06,34.994,4
180,5,PACE,AECI,1604188800,56.563,46.981,6
180,5,PACE,AECI,1605506400,40.657,36.497,3
180,5,PACE,AECI,1606824000,69.93,51.544,10
180,5,PACE,AECI,1608141600,58.747,44.378,8
180,6,PACE,AECI,1577836800,29.606,29.606,0
180,6,PACE,AECI,1579154400,31.258,31.258,0
180,6,PACE,AECI,1580472000,26.441,26.441,0
180,6,PACE,AECI,1581789600,26.244,26.244,0
180,6,PACE,AECI,1583107200,27.863,27.863,0
180,6,PACE,AECI,1584424800,32.327,36.079,1
180,6,PACE,AECI,1585742400,24.948,32.108,1
180,6,PACE,AECI,1587060000,26.864,31.467,1
180,6,PACE,AECI,1588377600,26.092,26.092,0
180,6,PACE,AECI,1589695200,29.135,29.135,0
180,6,PACE,AECI,1591012800,28.753,32.831,1
180,6,PACE,AECI,1592330400,27.618,28.605,1
180,6,PACE,AECI,1593648000,28.187,28.187,0
180,6,PACE,AECI,1594965600,26.382,26.382,0
180,6,PACE,AECI,1596283200,31.055,31.055,0
180,6,PACE,AECI,1597600800,33.719,33.719,0
180,6,PACE,AECI,1598918400,31.987,31.987,0
180,6,PACE,AECI,1600236000,34.388,34.388,0
180,6,PACE,AECI,1601553600,34.254,35.774,1
180,6,PACE,AECI,1602871200,28.206,28.206,0
180,6,PACE,AECI,1604188800,34.413,34.413,0
180,6,PACE,AECI,1605506400,30.768,30.768,0
180,6,PACE,AECI,1606824000,32.138,32.138,0
180,6,PACE,AECI,1608141600,29.524,29.524,0
180,1,PACE,PSCO,1577836800,29.606,29.606,0
180,1,PACE,PSCO,1579154400,31.258,31.258,0
180,1,PACE,PSCO,1580472000,26.441,26.441,0
180,1,PACE,PSCO,1581789600,26.244,26.244,0
180,1,PACE,PSCO,1583107200,27.863,27.863,0
180,1,PACE,PSCO,1584424800,33.66,33.66,0
180,1,PACE,PSCO,1585742400,30.11,30.11,0
180,1,PACE,PSCO,1587060000,29.92,29.92,0
180,1,PACE,PSCO,1588377600,26.092,26.092,0
180,1,PACE,PSCO,1589695200,29.135,29.135,0
180,1,PACE,PSCO,1591012800,30.797,30.797,0
180,1,PACE,PSCO,1592330400,26.769,26.769,0
180,1,PACE,PSCO,1593648000,28.187,28.187,0
180,1,PACE,PSCO,1594965600,26.382,26.382,0
180,1,PACE,PSCO,1596283200,31.055,31.055,0
180,1,PACE,PSCO,1597600800,33.719,33.719,0
180,1,PACE,PSCO,1598918400,31.987,31.987,0
180,1,PACE,PSCO,1600236000,34.388,34.388,0
180,1,PACE,PSCO,1601553600,33.411,33.411,0
180,1,PACE,PSCO,1602871200,28.206,28.206,0
180,1,PACE,PSCO,1604188800,34.413,34.413,0
180,1,PACE,PSCO,1605506400,30.768,30.768,0
180,1,PACE,PSCO,1606824000,32.138,32.138,0
180,1,PACE,PSCO,1608141600,29.524,29.524,0
180,2,PACE,PSCO,1577836800,56.381,45.034,8
180,2,PACE,PSCO,1579154400,46.985,44.098,7
180,2,PACE,PSCO,1580472000,42.878,39.113,7
180,2,PACE,PSCO,1581789600,63.038,45.562,10
180,2,PACE,PSCO,1583107200,66.816,49.83,13
180,2,PACE,PSCO,1584424800,41.218,40.622,3
180,2,PACE,PSCO,1585742400,49.429,43.17,7
180,2,PACE,PSCO,1587060000,55.891,44.902,8
180,2,PACE,PSCO,1588377600,37.163,34.064,5
180,2,PACE,PSCO,1589695200,31.95,34.663,3
180,2,PACE,PSCO,1591012800,46.677,40.02,5
180,2,PACE,PSCO,1592330400,39.822,36.64,5
180,2,PACE,PSCO,1593648000,41.861,39.448,6
180,2,PACE,PSCO,1594965600,56.384,43.211,9
180,2,PACE,PSCO,1596283200,43.123,40.186,5
180,2,PACE,PSCO,1597600800,29.174,35.664,1
180,2,PACE,PSCO,1598918400,62.069,50.302,9
180,2,PACE,PSCO,1600236000,27.105,36.552,1
180,2,PACE,PSCO,1601553600,44.666,43.732,5
180,2,PACE,PSCO,1602871200,41.822,37.023,5
180,2,PACE,PSCO,1604188800,41.38,40.699,3
180,2,PACE,PSCO,1605506400,49.641,43.438,7
180,2,PACE,PSCO,1606824000,23.36,34.143,1
180,2,PACE,PSCO,1608141600,26.084,31.492,1
180,3,PACE,PSCO,1577836800,37.617,35.584,3
180,3,PACE,PSCO,1579154400,26.175,33.238,1
180,3,PACE,PSCO,1580472000,25.391,28.194,1
180,3,PACE,PSCO,1581789600,29.095,27.778,1
180,3,PACE,PSCO,1583107200,42.476,36.544,5
180,3,PACE,PSCO,1584424800,33.556,36.079,1
180,3,PACE,PSCO,1585742400,33.582,33.759,2
180,3,PACE,PSCO,1587060000,38.203,35.169,3
180,3,PACE,PSCO,1588377600,32.549,30.77,3
180,3,PACE,PSCO,1589695200,26.65,31.045,1
180,3,PACE,PSCO,1591012800,33.495,32.831,1
180,3,PACE,PSCO,1592330400,26.984,28.605,1
180,3,PACE,PSCO,1593648000,26.927,30.113,1
180,3,PACE,PSCO,1594965600,29.393,28.424,1
180,3,PACE,PSCO,1596283200,30.381,33.018,1
180,3,PACE,PSCO,1597600800,29.174,35.664,1
180,3,PACE,PSCO,1598918400,42.001,37.979,3
180,3,PACE,PSCO,1600236000,27.105,36.552,1
180,3,PACE,PSCO,1601553600,30.174,35.774,1
180,3,PACE,PSCO,1602871200,36.376,33.036,3
180,3,PACE,PSCO,1604188800,34.302,36.49,1
180,3,PACE,PSCO,1605506400,30.245,32.613,1
180,3,PACE,PSCO,1606824000,23.36,34.143,1
180,3,PACE,PSCO,1608141600,26.084,31.492,1
180,4,PACE,PSCO,1577836800,29.606,29.606,0
180,4,PACE,PSCO,1579154400,26.175,33.238,1
180,4,PACE,PSCO,1580472000,26.441,26.441,0
180,4,PACE,PSCO,1581789600,26.244,26.244,0
180,4,PACE,PSCO,1583107200,27.863,27.863,0
180,4,PACE,PSCO,1584424800,33.66,33.66,0
180,4,PACE,PSCO,1585742400,30.11,30.11,0
180,4,PACE,PSCO,1587060000,29.92,29.92,0
180,4,PACE,PSCO,1588377600,26.092,26.092,0
180,4,PACE,PSCO,1589695200,29.135,29.135,0
180,4,PACE,PSCO,1591012800,30.797,30.797,0
180,4,PACE,PSCO,1592330400,26.769,26.769,0
180,4,PACE,PSCO,1593648000,28.187,28.187,0
180,4,PACE,PSCO,1594965600,26.382,26.382,0
180,4,PACE,PSCO,1596283200,31.055,31.055,0
180,4,PACE,PSCO,1597600800,33.719,33.719,0
180,4,PACE,PSCO,1598918400,31.987,31.987,0
180,4,PACE,PSCO,1600236000,34.388,34.388,0
180,4,PACE,PSCO,1601553600,33.411,33.411,0
180,4,PACE,PSCO,1602871200,28.206,28.206,0
180,4,PACE,PSCO,1604188800,34.413,34.413,0
180,4,PACE,PSCO,1605506400,30.768,30.768,0
180,4,PACE,PSCO,1606824000,23.36,34.143,1
180,4,PACE,PSCO,1608141600,29.524,29.524,0
180,5,PACE,PSCO,1577836800,55.386,45.034,8
180,5,PACE,PSCO,1579154400,46.551,44.098,7
180,5,PACE,PSCO,1580472000,41.95,39.113,7
180,5,PACE,PSCO,1581789600,65.744,47.702,11
180,5,PACE,PSCO,1583107200,65.609,49.83,13
180,5,PACE,PSCO,1584424800,41.294,40.622,3
180,5,PACE,PSCO,1585742400,48.474,43.17,7
180,5,PACE,PSCO,1587060000,55.376,44.902,8
180,5,PACE,PSCO,1588377600,36.788,34.064,5
180,5,PACE,PSCO,1589695200,31.657,34.663,3
180,5,PACE,PSCO,1591012800,46.473,40.02,5
180,5,PACE,PSCO,1592330400,38.929,36.64,5
180,5,PACE,PSCO,1593648000,44.544,41.33,7
180,5,PACE,PSCO,1594965600,55.474,43.211,9
180,5,PACE,PSCO,1596283200,43.0,40.186,5
180,5,PACE,PSCO,1597600800,29.174,35.664,1
180,5,PACE,PSCO,1598918400,61.54,50.302,9
180,5,PACE,PSCO,1600236000,27.105,36.552,1
180,5,PACE,PSCO,1601553600,44.047,43.732,5
180,5,PACE,PSCO,1602871200,40.946,37.023,5
180,5,PACE,PSCO,1604188800,41.08,40.699,3
180,5,PACE,PSCO,1605506400,49.112,43.438,7
180,5,PACE,PSCO,1606824000,23.36,34.143,1
180,5,PACE,PSCO,1608141600,26.084,31.492,1
180,6,PACE,PSCO,1577836800,29.606,29.606,0
180,6,PACE,PSCO,1579154400,26.175,33.238,1
180,6,PACE,PSCO,1580472000,25.391,28.194,1
180,6,PACE,PSCO,1581789600,26.244,26.244,0
180,6,PACE,PSCO,1583107200,27.863,27.863,0
180,6,PACE,PSCO,1584424800,33.556,36.079,1
180,6,PACE,PSCO,1585742400,30.007,32.108,1
180,6,PACE,PSCO,1587060000,29.92,29.92,0
180,6,PACE,PSCO,1588377600,26.092,26.092,0
180,6,PACE,PSCO,1589695200,26.65,31.045,1
180,6,PACE,PSCO,1591012800,31.933,32.831,1
180,6,PACE,PSCO,1592330400,26.984,28.605,1
180,6,PACE,PSCO,1593648000,26.927,30.113,1
180,6,PACE,PSCO,1594965600,26.382,26.382,0
180,6,PACE,PSCO,1596283200,30.381,33.018,1
180,6,PACE,PSCO,1597600800,29.174,35.664,1
180,6,PACE,PSCO,1598918400,31.987,31.987,0
180,6,PACE,PSCO,1600236000,27.105,36.552,1
180,6,PACE,PSCO,1601553600,30.174,35.774,1
180,6,PACE,PSCO,1602871200,28.206,28.206,0
180,6,PACE,PSCO,1604188800,34.302,36.49,1
180,6,PACE,PSCO,1605506400,30.245,32.613,1
180,6,PACE,PSCO,1606824000,23.36,34.143,1
180,6,PACE,PSCO,1608141600,26.084,31.492,1
180,1,PSCO,EPE,1577836800,26.907,26.907,0
180,1,PSCO,EPE,1579154400,22.413,22.413,0
180,1,PSCO,EPE,1580472000,22.109,22.109,0
180,1,PSCO,EPE,1581789600,27.813,27.813,0
180,1,PSCO,EPE,1583107200,26.075,26.075,0
180,1,PSCO,EPE,1584424800,29.473,29.473,0
180,1,PSCO,EPE,1585742400,26.226,26.226,0
180,1,PSCO,EPE,1587060000,28.177,28.177,0
180,1,PSCO,EPE,1588377600,24.541,24.541,0
180,1,PSCO,EPE,1589695200,23.284,23.284,0
180,1,PSCO,EPE,1591012800,29.454,29.454,0
180,1,PSCO,EPE,1592330400,23.999,23.999,0
180,1,PSCO,EPE,1593648000,24.018,24.018,0
180,1,PSCO,EPE,1594965600,28.389,28.389,0
180,1,PSCO,EPE,1596283200,26.947,26.947,0
180,1,PSCO,EPE,1597600800,25.294,25.294,0
180,1,PSCO,EPE,1598918400,31.306,31.306,0
180,1,PSCO,EPE,1600236000,23.203,23.203,0
180,1,PSCO,EPE,1601553600,26.023,26.023,0
180,1,PSCO,EPE,1602871200,27.041,27.041,0
180,1,PSCO,EPE,1604188800,30.123,30.123,0
180,1,PSCO,EPE,1605506400,27.111,27.111,0
180,1,PSCO,EPE,1606824000,19.648,19.648,0
180,1,PSCO,EPE,1608141600,23.039,23.039,0
180,2,PSCO,EPE,1577836800,50.078,39.964,7
180,2,PSCO,EPE,1579154400,42.476,32.081,6
180,2,PSCO,EPE,1580472000,45.161,33.509,8
180,2,PSCO,EPE,1581789600,39.395,36.375,5
180,2,PSCO,EPE,1583107200,45.029,35.67,6
180,2,PSCO,EPE,1584424800,43.09,37.655,5
180,2,PSCO,EPE,1585742400,30.588,31.934,3
180,2,PSCO,EPE,1587060000,38.871,36.95,5
180,2,PSCO,EPE,1588377600,40.346,31.998,6
180,2,PSCO,EPE,1589695200,33.824,28.268,4
180,2,PSCO,EPE,1591012800,36.017,35.049,3
180,2,PSCO,EPE,1592330400,33.131,29.515,3
180,2,PSCO,EPE,1593648000,35.646,29.981,4
180,2,PSCO,EPE,1594965600,44.076,37.98,5
180,2,PSCO,EPE,1596283200,37.839,32.345,4
180,2,PSCO,EPE,1597600800,45.183,35.715,6
180,2,PSCO,EPE,1598918400,33.448,34.333,2
180,2,PSCO,EPE,1600236000,41.811,32.985,6
180,2,PSCO,EPE,1601553600,42.02,33.791,5
180,2,PSCO,EPE,1602871200,40.191,33.609,4
180,2,PSCO,EPE,1604188800,53.067,42.964,7
180,2,PSCO,EPE,1605506400,40.93,34.221,5
180,2,PSCO,EPE,1606824000,19.648,19.648,0
180,2,PSCO,EPE,1608141600,23.039,23.039,0
180,3,PSCO,EPE,1577836800,30.087,28.88,1
180,3,PSCO,EPE,1579154400,22.413,22.413,0
180,3,PSCO,EPE,1580472000,22.109,22.109,0
180,3,PSCO,EPE,1581789600,32.948,32.616,3
180,3,PSCO,EPE,1583107200,26.075,26.075,0
180,3,PSCO,EPE,1584424800,37.532,34.722,3
180,3,PSCO,EPE,1585742400,25.369,28.152,1
180,3,PSCO,EPE,1587060000,26.017,29.94,1
180,3,PSCO,EPE,1588377600,29.991,27.24,2
180,3,PSCO,EPE,1589695200,23.284,23.284,0
180,3,PSCO,EPE,1591012800,29.602,31.255,1
180,3,PSCO,EPE,1592330400,23.999,23.999,0
180,3,PSCO,EPE,1593648000,30.065,27.006,2
180,3,PSCO,EPE,1594965600,44.892,37.98,5
180,3,PSCO,EPE,1596283200,26.947,26.947,0
180,3,PSCO,EPE,1597600800,28.023,27.143,1
180,3,PSCO,EPE,1598918400,32.946,34.333,2
180,3,PSCO,EPE,1600236000,23.203,23.203,0
180,3,PSCO,EPE,1601553600,26.023,26.023,0
180,3,PSCO,EPE,1602871200,29.914,29.062,1
180,3,PSCO,EPE,1604188800,35.366,33.381,2
180,3,PSCO,EPE,1605506400,32.995,29.494,2
180,3,PSCO,EPE,1606824000,19.648,19.648,0
180,3,PSCO,EPE,1608141600,23.039,23.039,0
180,4,PSCO,EPE,1577836800,26.907,26.907,0
180,4,PSCO,EPE,1579154400,22.413,22.413,0
180,4,PSCO,EPE,1580472000,22.109,22.109,0
180,4,PSCO,EPE,1581789600,27.813,27.813,0
180,4,PSCO,EPE,1583107200,26.075,26.075,0
180,4,PSCO,EPE,1584424800,29.473,29.473,0
180,4,PSCO,EPE,1585742400,26.226,26.226,0
180,4,PSCO,EPE,1587060000,28.177,28.177,0
180,4,PSCO,EPE,1588377600,24.541,24.541,0
180,4,PSCO,EPE,1589695200,23.284,23.284,0
180,4,PSCO,EPE,1591012800,29.454,29.454,0
180,4,PSCO,EPE,1592330400,23.999,23.999,0
180,4,PSCO,EPE,1593648000,24.018,24.018,0
180,4,PSCO,EPE,1594965600,28.389,28.389,0
180,4,PSCO,EPE,1596283200,26.947,26.947,0
180,4,PSCO,EPE,1597600800,25.294,25.294,0
180,4,PSCO,EPE,1598918400,31.306,31.306,0
180,4,PSCO,EPE,1600236000,23.203,23.203,0
180,4,PSCO,EPE,1601553600,26.023,26.023,0
180,4,PSCO,EPE,1602871200,27.041,27.041,0
180,4,PSCO,EPE,1604188800,30.123,30.123,0
180,4,PSCO,EPE,1605506400,27.111,27.111,0
180,4,PSCO,EPE,1606824000,19.648,19.648,0
180,4,PSCO,EPE,1608141600,23.039,23.039,0
180,5,PSCO,EPE,1577836800,49.422,39.964,7
180,5,PSCO,EPE,1579154400,41.846,32.081,6
180,5,PSCO,EPE,1580472000,47.568,35.309,9
180,5,PSCO,EPE,1581789600,39.24,36.375,5
180,5,PSCO,EPE,1583107200,44.477,35.67,6
180,5,PSCO,EPE,1584424800,42.974,37.655,5
180,5,PSCO,EPE,1585742400,30.041,31.934,3
180,5,PSCO,EPE,1587060000,38.581,36.95,5
180,5,PSCO,EPE,1588377600,39.648,31.998,6
180,5,PSCO,EPE,1589695200,33.507,28.268,4
180,5,PSCO,EPE,1591012800,35.98,35.049,3
180,5,PSCO,EPE,1592330400,32.643,29.515,3
180,5,PSCO,EPE,1593648000,35.417,29.981,4
180,5,PSCO,EPE,1594965600,43.604,37.98,5
180,5,PSCO,EPE,1596283200,37.825,32.345,4
180,5,PSCO,EPE,1597600800,48.084,37.576,7
180,5,PSCO,EPE,1598918400,33.127,34.333,2
180,5,PSCO,EPE,1600236000,41.157,32.985,6
180,5,PSCO,EPE,1601553600,44.94,35.532,6
180,5,PSCO,EPE,1602871200,39.698,33.609,4
180,5,PSCO,EPE,1604188800,52.304,42.964,7
180,5,PSCO,EPE,1605506400,40.431,34.221,5
180,5,PSCO,EPE,1606824000,19.648,19.648,0
180,5,PSCO,EPE,1608141600,23.039,23.039,0
180,6,PSCO,EPE,1577836800,26.907,26.907,0
180,6,PSCO,EPE,1579154400,22.413,22.413,0
180,6,PSCO,EPE,1580472000,22.109,22.109,0
180,6,PSCO,EPE,1581789600,26.758,29.159,1
180,6,PSCO,EPE,1583107200,26.075,26.075,0
180,6,PSCO,EPE,1584424800,29.473,29.473,0
180,6,PSCO,EPE,1585742400,25.369,28.152,1
180,6,PSCO,EPE,1587060000,26.017,29.94,1
180,6,PSCO,EPE,1588377600,24.541,24.541,0
180,6,PSCO,EPE,1589695200,23.284,23.284,0
180,6,PSCO,EPE,1591012800,29.602,31.255,1
180,6,PSCO,EPE,1592330400,23.999,23.999,0
180,6,PSCO,EPE,1593648000,24.018,24.018,0
180,6,PSCO,EPE,1594965600,28.389,28.389,0
180,6,PSCO,EPE,1596283200,26.947,26.947,0
180,6,PSCO,EPE,1597600800,25.294,25.294,0
180,6,PSCO,EPE,1598918400,30.019,33.027,1
180,6,PSCO,EPE,1600236000,23.203,23.203,0
180,6,PSCO,EPE,1601553600,26.023,26.023,0
180,6,PSCO,EPE,1602871200,27.041,27.041,0
180,6,PSCO,EPE,1604188800,30.123,30.123,0
180,6,PSCO,EPE,1605506400,27.111,27.111,0
180,6,PSCO,EPE,1606824000,19.648,19.648,0
180,6,PSCO,EPE,1608141600,23.039,23.039,0
180,1,PSCO,PACE,1577836800,26.907,26.907,0
180,1,PSCO,PACE,1579154400,22.413,22.413,0
180,1,PSCO,PACE,1580472000,22.109,22.109,0
180,1,PSCO,PACE,1581789600,27.813,27.813,0
180,1,PSCO,PACE,1583107200,26.075,26.075,0
180,1,PSCO,PACE,1584424800,29.473,29.473,0
180,1,PSCO,PACE,1585742400,26.226,26.226,0
180,1,PSCO,PACE,1587060000,28.177,28.177,0
180,1,PSCO,PACE,1588377600,24.541,24.541,0
180,1,PSCO,PACE,1589695200,23.284,23.284,0
180,1,PSCO,PACE,1591012800,29.454,29.454,0
180,1,PSCO,PACE,1592330400,23.999,23.999,0
180,1,PSCO,PACE,1593648000,24.018,24.018,0
180,1,PSCO,PACE,1594965600,28.389,28.389,0
180,1,PSCO,PACE,1596283200,26.947,26.947,0
180,1,PSCO,PACE,1597600800,25.294,25.294,0
180,1,PSCO,PACE,1598918400,31.306,31.306,0
180,1,PSCO,PACE,1600236000,23.203,23.203,0
180,1,PSCO,PACE,1601553600,26.023,26.023,0
180,1,PSCO,PACE,1602871200,27.041,27.041,0
180,1,PSCO,PACE,1604188800,30.123,30.123,0
180,1,PSCO,PACE,1605506400,27.111,27.111,0
180,1,PSCO,PACE,1606824000,19.648,19.648,0
180,1,PSCO,PACE,1608141600,23.039,23.039,0
180,2,PSCO,PACE,1577836800,52.747,39.964,7
180,2,PSCO,PACE,1579154400,42.736,32.081,6
180,2,PSCO,PACE,1580472000,39.681,30.727,6
180,2,PSCO,PACE,1581789600,71.016,50.653,12
180,2,PSCO,PACE,1583107200,62.924,43.601,12
180,2,PSCO,PACE,1584424800,37.17,33.022,2
180,2,PSCO,PACE,1585742400,46.377,36.488,6
180,2,PSCO,PACE,1587060000,48.989,38.809,6
180,2,PSCO,PACE,1588377600,34.161,29.882,4
180,2,PSCO,PACE,1589695200,28.401,25.533,2
180,2,PSCO,PACE,1591012800,39.41,35.049,3
180,2,PSCO,PACE,1592330400,43.178,35.225,6
180,2,PSCO,PACE,1593648000,49.086,36.504,8
180,2,PSCO,PACE,1594965600,53.308,42.603,8
180,2,PSCO,PACE,1596283200,39.432,32.345,4
180,2,PSCO,PACE,1597600800,25.294,25.294,0
180,2,PSCO,PACE,1598918400,50.669,39.782,6
180,2,PSCO,PACE,1600236000,23.203,23.203,0
180,2,PSCO,PACE,1601553600,39.864,31.747,4
180,2,PSCO,PACE,1602871200,38.509,33.609,4
180,2,PSCO,PACE,1604188800,37.205,33.381,2
180,2,PSCO,PACE,1605506400,39.452,32.558,4
180,2,PSCO,PACE,1606824000,19.648,19.648,0
180,2,PSCO,PACE,1608141600,23.039,23.039,0
180,3,PSCO,PACE,1577836800,30.155,28.88,1
180,3,PSCO,PACE,1579154400,22.413,22.413,0
180,3,PSCO,PACE,1580472000,22.109,22.109,0
180,3,PSCO,PACE,1581789600,39.923,34.441,4
180,3,PSCO,PACE,1583107200,32.671,29.097,2
180,3,PSCO,PACE,1584424800,29.473,29.473,0
180,3,PSCO,PACE,1585742400,26.226,26.226,0
180,3,PSCO,PACE,1587060000,31.406,29.94,1
180,3,PSCO,PACE,1588377600,29.332,27.24,2
180,3,PSCO,PACE,1589695200,23.284,23.284,0
180,3,PSCO,PACE,1591012800,29.454,29.454,0
180,3,PSCO,PACE,1592330400,23.999,23.999,0
180,3,PSCO,PACE,1593648000,29.828,27.006,2
180,3,PSCO,PACE,1594965600,37.125,33.975,3
180,3,PSCO,PACE,1596283200,26.947,26.947,0
180,3,PSCO,PACE,1597600800,25.294,25.294,0
180,3,PSCO,PACE,1598918400,37.318,34.333,2
180,3,PSCO,PACE,1600236000,23.203,23.203,0
180,3,PSCO,PACE,1601553600,26.023,26.023,0
180,3,PSCO,PACE,1602871200,29.847,29.062,1
180,3,PSCO,PACE,1604188800,30.123,30.123,0
180,3,PSCO,PACE,1605506400,27.111,27.111,0
180,3,PSCO,PACE,1606824000,19.648,19.648,0
180,3,PSCO,PACE,1608141600,23.039,23.039,0
180,4,PSCO,PACE,1577836800,26.907,26.907,0
180,4,PSCO,PACE,1579154400,22.413,22.413,0
180,4,PSCO,PACE,1580472000,22.109,22.109,0
180,4,PSCO,PACE,1581789600,27.813,27.813,0
180,4,PSCO,PACE,1583107200,26.075,26.075,0
180,4,PSCO,PACE,1584424800,29.473,29.473,0
180,4,PSCO,PACE,1585742400,26.226,26.226,0
180,4,PSCO,PACE,1587060000,28.177,28.177,0
180,4,PSCO,PACE,1588377600,24.541,24.541,0
180,4,PSCO,PACE,1589695200,23.284,23.284,0
180,4,PSCO,PACE,1591012800,29.454,29.454,0
180,4,PSCO,PACE,1592330400,23.999,23.999,0
180,4,PSCO,PACE,1593648000,24.018,24.018,0
180,4,PSCO,PACE,1594965600,28.389,28.389,0
180,4,PSCO,PACE,1596283200,26.947,26.947,0
180,4,PSCO,PACE,1597600800,25.294,25.294,0
180,4,PSCO,PACE,1598918400,31.306,31.306,0
180,4,PSCO,PACE,1600236000,23.203,23.203,0
180,4,PSCO,PACE,1601553600,26.023,26.023,0
180,4,PSCO,PACE,1602871200,27.041,27.041,0
180,4,PSCO,PACE,1604188800,30.123,30.123,0
180,4,PSCO,PACE,1605506400,27.111,27.111,0
180,4,PSCO,PACE,1606824000,19.648,19.648,0
180,4,PSCO,PACE,1608141600,23.039,23.039,0
180,5,PSCO,PACE,1577836800,51.751,39.964,7
180,5,PSCO,PACE,1579154400,42.302,32.081,6
180,5,PSCO,PACE,1580472000,38.753,30.727,6
180,5,PSCO,PACE,1581789600,69.691,50.653,12
180,5,PSCO,PACE,1583107200,61.717,43.601,12
180,5,PSCO,PACE,1584424800,37.245,33.022,2
180,5,PSCO,PACE,1585742400,45.395,36.488,6
180,5,PSCO,PACE,1587060000,48.504,38.809,6
180,5,PSCO,PACE,1588377600,33.785,29.882,4
180,5,PSCO,PACE,1589695200,28.107,25.533,2
180,5,PSCO,PACE,1591012800,42.402,36.589,4
180,5,PSCO,PACE,1592330400,42.286,35.225,6
180,5,PSCO,PACE,1593648000,35.101,29.981,4
180,5,PSCO,PACE,1594965600,52.399,42.603,8
180,5,PSCO,PACE,1596283200,39.321,32.345,4
180,5,PSCO,PACE,1597600800,25.294,25.294,0
180,5,PSCO,PACE,1598918400,57.759,43.505,8
180,5,PSCO,PACE,1600236000,23.203,23.203,0
180,5,PSCO,PACE,1601553600,39.245,31.747,4
180,5,PSCO,PACE,1602871200,37.633,33.609,4
180,5,PSCO,PACE,1604188800,36.904,33.381,2
180,5,PSCO,PACE,1605506400,39.165,32.558,4
180,5,PSCO,PACE,1606824000,19.648,19.648,0
180,5,PSCO,PACE,1608141600,23.039,23.039,0
180,6,PSCO,PACE,1577836800,26.907,26.907,0
180,6,PSCO,PACE,1579154400,22.413,22.413,0
180,6,PSCO,PACE,1580472000,22.109,22.109,0
180,6,PSCO,PACE,1581789600,27.813,27.813,0
180,6,PSCO,PACE,1583107200,26.075,26.075,0
180,6,PSCO,PACE,1584424800,29.473,29.473,0
180,6,PSCO,PACE,1585742400,26.226,26.226,0
180,6,PSCO,PACE,1587060000,28.177,28.177,0
180,6,PSCO,PACE,1588377600,24.541,24.541,0
180,6,PSCO,PACE,1589695200,23.284,23.284,0
180,6,PSCO,PACE,1591012800,29.454,29.454,0
180,6,PSCO,PACE,1592330400,23.999,23.999,0
180,6,PSCO,PACE,1593648000,24.018,24.018,0
180,6,PSCO,PACE,1594965600,28.389,28.389,0
180,6,PSCO,PACE,1596283200,26.947,26.947,0
180,6,PSCO,PACE,1597600800,25.294,25.294,0
180,6,PSCO,PACE,1598918400,31.306,31.306,0
180,6,PSCO,PACE,1600236000,23.203,23.203,0
180,6,PSCO,PACE,1601553600,26.023,26.023,0
180,6,PSCO,PACE,1602871200,27.041,27.041,0
180,6,PSCO,PACE,1604188800,30.123,30.123,0
180,6,PSCO,PACE,1605506400,27.111,27.111,0
180,6,PSCO,PACE,1606824000,19.648,19.648,0
180,6,PSCO,PACE,1608141600,23.039,23.039,0
180,1,TEPC,AECI,1577836800,34.904,34.904,0
180,1,TEPC,AECI,1579154400,34.672,34.672,0
180,1,TEPC,AECI,1580472000,30.305,30.305,0
180,1,TEPC,AECI,1581789600,30.794,30.794,0
180,1,TEPC,AECI,1583107200,28.518,28.518,0
180,1,TEPC,AECI,1584424800,27.901,27.901,0
180,1,TEPC,AECI,1585742400,21.852,21.852,0
180,1,TEPC,AECI,1587060000,23.826,23.826,0
180,1,TEPC,AECI,1588377600,23.901,23.901,0
180,1,TEPC,AECI,1589695200,28.736,28.736,0
180,1,TEPC,AECI,1591012800,29.666,29.666,0
180,1,TEPC,AECI,1592330400,25.26,25.26,0
180,1,TEPC,AECI,1593648000,28.784,28.784,0
180,1,TEPC,AECI,1594965600,27.715,27.715,0
180,1,TEPC,AECI,1596283200,29.288,29.288,0
180,1,TEPC,AECI,1597600800,30.959,30.959,0
180,1,TEPC,AECI,1598918400,29.268,29.268,0
180,1,TEPC,AECI,1600236000,32.69,32.69,0
180,1,TEPC,AECI,1601553600,31.456,31.456,0
180,1,TEPC,AECI,1602871200,35.004,35.004,0
180,1,TEPC,AECI,1604188800,35.427,35.427,0
180,1,TEPC,AECI,1605506400,30.0,30.0,0
180,1,TEPC,AECI,1606824000,25.748,25.748,0
180,1,TEPC,AECI,1608141600,33.481,33.481,0
180,2,TEPC,AECI,1577836800,39.846,41.901,3
180,2,TEPC,AECI,1579154400,42.357,41.495,3
180,2,TEPC,AECI,1580472000,40.363,37.494,4
180,2,TEPC,AECI,1581789600,45.73,39.419,5
180,2,TEPC,AECI,1583107200,43.416,38.931,5
180,2,TEPC,AECI,1584424800,50.657,40.827,7
180,2,TEPC,AECI,1585742400,36.213,29.394,6
180,2,TEPC,AECI,1587060000,44.011,35.755,8
180,2,TEPC,AECI,1588377600,39.978,32.944,6
180,2,TEPC,AECI,1589695200,44.588,39.249,6
180,2,TEPC,AECI,1591012800,38.481,36.48,4
180,2,TEPC,AECI,1592330400,48.907,37.248,8
180,2,TEPC,AECI,1593648000,49.086,39.64,6
180,2,TEPC,AECI,1594965600,48.043,38.624,6
180,2,TEPC,AECI,1596283200,53.436,41.32,7
180,2,TEPC,AECI,1597600800,54.405,42.309,6
180,2,TEPC,AECI,1598918400,81.266,56.061,14
180,2,TEPC,AECI,1600236000,55.6,45.004,6
180,2,TEPC,AECI,1601553600,66.034,48.514,10
180,2,TEPC,AECI,1602871200,57.686,50.582,7
180,2,TEPC,AECI,1604188800,53.765,46.328,5
180,2,TEPC,AECI,1605506400,40.32,35.935,3
180,2,TEPC,AECI,1606824000,25.748,25.748,0
180,2,TEPC,AECI,1608141600,43.148,39.847,3
180,3,TEPC,AECI,1577836800,32.24,37.151,1
180,3,TEPC,AECI,1579154400,34.582,37.021,1
180,3,TEPC,AECI,1580472000,32.729,32.612,1
180,3,TEPC,AECI,1581789600,37.378,33.683,2
180,3,TEPC,AECI,1583107200,28.518,28.518,0
180,3,TEPC,AECI,1584424800,30.549,29.786,1
180,3,TEPC,AECI,1585742400,26.611,24.452,2
180,3,TEPC,AECI,1587060000,30.844,27.686,3
180,3,TEPC,AECI,1588377600,23.901,23.901,0
180,3,TEPC,AECI,1589695200,29.077,30.825,1
180,3,TEPC,AECI,1591012800,28.363,31.543,1
180,3,TEPC,AECI,1592330400,31.138,27.997,2
180,3,TEPC,AECI,1593648000,28.784,28.784,0
180,3,TEPC,AECI,1594965600,41.489,35.42,4
180,3,TEPC,AECI,1596283200,36.129,32.742,2
180,3,TEPC,AECI,1597600800,30.959,30.959,0
180,3,TEPC,AECI,1598918400,39.175,34.659,3
180,3,TEPC,AECI,1600236000,36.357,34.875,1
180,3,TEPC,AECI,1601553600,37.036,34.914,2
180,3,TEPC,AECI,1602871200,33.178,36.976,1
180,3,TEPC,AECI,1604188800,46.545,41.721,3
180,3,TEPC,AECI,1605506400,33.124,31.991,1
180,3,TEPC,AECI,1606824000,25.748,25.748,0
180,3,TEPC,AECI,1608141600,35.417,35.515,1
180,4,TEPC,AECI,1577836800,34.904,34.904,0
180,4,TEPC,AECI,1579154400,34.672,34.672,0
180,4,TEPC,AECI,1580472000,30.305,30.305,0
180,4,TEPC,AECI,1581789600,30.794,30.794,0
180,4,TEPC,AECI,1583107200,28.518,28.518,0
180,4,TEPC,AECI,1584424800,27.901,27.901,0
180,4,TEPC,AECI,1585742400,21.852,21.852,0
180,4,TEPC,AECI,1587060000,23.826,23.826,0
180,4,TEPC,AECI,1588377600,23.901,23.901,0
180,4,TEPC,AECI,1589695200,28.736,28.736,0
180,4,TEPC,AECI,1591012800,29.666,29.666,0
180,4,TEPC,AECI,1592330400,25.26,25.26,0
180,4,TEPC,AECI,1593648000,28.784,28.784,0
180,4,TEPC,AECI,1594965600,27.715,27.715,0
180,4,TEPC,AECI,1596283200,29.288,29.288,0
180,4,TEPC,AECI,1597600800,30.959,30.959,0
180,4,TEPC,AECI,1598918400,29.268,29.268,0
180,4,TEPC,AECI,1600236000,32.69,32.69,0
180,4,TEPC,AECI,1601553600,31.456,31.456,0
180,4,TEPC,AECI,1602871200,35.004,35.004,0
180,4,TEPC,AECI,1604188800,35.427,35.427,0
180,4,TEPC,AECI,1605506400,30.0,30.0,0
180,4,TEPC,AECI,1606824000,25.748,25.748,0
180,4,TEPC,AECI,1608141600,33.481,33.481,0
180,5,TEPC,AECI,1577836800,39.681,41.901,3
180,5,TEPC,AECI,1579154400,42.215,41.495,3
180,5,TEPC,AECI,1580472000,43.28,39.748,5
180,5,TEPC,AECI,1581789600,45.191,39.419,5
180,5,TEPC,AECI,1583107200,42.843,38.931,5
180,5,TEPC,AECI,1584424800,50.2,40.827,7
180,5,TEPC,AECI,1585742400,29.489,26.526,4
180,5,TEPC,AECI,1587060000,43.18,35.755,8
180,5,TEPC,AECI,1588377600,39.315,32.944,6
180,5,TEPC,AECI,1589695200,46.931,40.968,7
180,5,TEPC,AECI,1591012800,31.311,33.207,2
180,5,TEPC,AECI,1592330400,48.207,37.248,8
180,5,TEPC,AECI,1593648000,48.247,39.64,6
180,5,TEPC,AECI,1594965600,47.477,38.624,6
180,5,TEPC,AECI,1596283200,53.039,41.32,7
180,5,TEPC,AECI,1597600800,54.139,42.309,6
180,5,TEPC,AECI,1598918400,80.588,56.061,14
180,5,TEPC,AECI,1600236000,55.008,45.004,6
180,5,TEPC,AECI,1601553600,65.581,48.514,10
180,5,TEPC,AECI,1602871200,49.0,45.821,5
180,5,TEPC,AECI,1604188800,57.571,48.526,6
180,5,TEPC,AECI,1605506400,40.118,35.935,3
180,5,TEPC,AECI,1606824000,25.748,25.748,0
180,5,TEPC,AECI,1608141600,42.727,39.847,3
180,6,TEPC,AECI,1577836800,32.24,37.151,1
180,6,TEPC,AECI,1579154400,34.582,37.021,1
180,6,TEPC,AECI,1580472000,31.453,32.612,1
180,6,TEPC,AECI,1581789600,30.794,30.794,0
180,6,TEPC,AECI,1583107200,28.518,28.518,0
180,6,TEPC,AECI,1584424800,27.901,27.901,0
180,6,TEPC,AECI,1585742400,21.852,21.852,0
180,6,TEPC,AECI,1587060000,23.826,23.826,0
180,6,TEPC,AECI,1588377600,23.901,23.901,0
180,6,TEPC,AECI,1589695200,29.077,30.825,1
180,6,TEPC,AECI,1591012800,28.363,31.543,1
180,6,TEPC,AECI,1592330400,25.26,25.26,0
180,6,TEPC,AECI,1593648000,28.784,28.784,0
180,6,TEPC,AECI,1594965600,27.715,27.715,0
180,6,TEPC,AECI,1596283200,29.288,29.288,0
180,6,TEPC,AECI,1597600800,30.959,30.959,0
180,6,TEPC,AECI,1598918400,29.268,29.268,0
180,6,TEPC,AECI,1600236000,32.69,32.69,0
180,6,TEPC,AECI,1601553600,31.456,31.456,0
180,6,TEPC,AECI,1602871200,33.178,36.976,1
180,6,TEPC,AECI,1604188800,35.427,35.427,0
180,6,TEPC,AECI,1605506400,30.0,30.0,0
180,6,TEPC,AECI,1606824000,25.748,25.748,0
180,6,TEPC,AECI,1608141600,33.481,33.481,0
240,1,AECI,EPE,1577836800,27.991,27.991,0
240,1,AECI,EPE,1579154400,30.139,30.139,0
240,1,AECI,EPE,1580472000,29.202,29.202,0
240,1,AECI,EPE,1581789600,30.99,30.99,0
240,1,AECI,EPE,1583107200,28.95,28.95,0
240,1,AECI,EPE,1584424800,28.31,28.31,0
240,1,AECI,EPE,1585742400,21.211,21.211,0
240,1,AECI,EPE,1587060000,23.892,23.892,0
240,1,AECI,EPE,1588377600,25.143,25.143,0
240,1,AECI,EPE,1589695200,25.774,25.774,0
240,1,AECI,EPE,1591012800,24.75,24.75,0
240,1,AECI,EPE,1592330400,25.959,25.959,0
240,1,AECI,EPE,1593648000,29.983,29.983,0
240,1,AECI,EPE,1594965600,28.571,28.571,0
240,1,AECI,EPE,1596283200,29.488,29.488,0
240,1,AECI,EPE,1597600800,32.788,32.788,0
240,1,AECI,EPE,1598918400,29.414,29.414,0
240,1,AECI,EPE,1600236000,33.086,33.086,0
240,1,AECI,EPE,1601553600,29.771,29.771,0
240,1,AECI,EPE,1602871200,29.148,29.148,0
240,1,AECI,EPE,1604188800,35.804,35.804,0
240,1,AECI,EPE,1605506400,33.466,33.466,0
240,1,AECI,EPE,1606824000,31.991,31.991,0
240,1,AECI,EPE,1608141600,31.713,31.713,0
240,2,AECI,EPE,1577836800,77.815,54.238,11
240,2,AECI,EPE,1579154400,56.52,44.7,6
240,2,AECI,EPE,1580472000,36.337,36.499,3
240,2,AECI,EPE,1581789600,28.211,33.709,1
240,2,AECI,EPE,1583107200,61.943,46.723,8
240,2,AECI,EPE,1584424800,51.647,41.11,6
240,2,AECI,EPE,1585742400,39.051,32.495,5
240,2,AECI,EPE,1587060000,48.802,37.013,7
240,2,AECI,EPE,1588377600,54.946,41.098,8
240,2,AECI,EPE,1589695200,62.946,45.048,9
240,2,AECI,EPE,1591012800,49.125,37.581,6
240,2,AECI,EPE,1592330400,69.426,48.05,10
240,2,AECI,EPE,1593648000,59.396,46.972,7
240,2,AECI,EPE,1594965600,50.717,41.033,5
240,2,AECI,EPE,1596283200,55.37,43.807,6
240,2,AECI,EPE,1597600800,43.611,41.228,3
240,2,AECI,EPE,1598918400,59.983,46.412,7
240,2,AECI,EPE,1600236000,41.545,41.314,3
240,2,AECI,EPE,1601553600,41.715,37.367,3
240,2,AECI,EPE,1602871200,62.994,48.213,7
240,2,AECI,EPE,1604188800,68.046,56.163,8
240,2,AECI,EPE,1605506400,40.879,40.091,3
240,2,AECI,EPE,1606824000,40.941,40.385,3
240,2,AECI,EPE,1608141600,92.364,67.046,13
240,3,AECI,EPE,1577836800,32.144,30.46,1
240,3,AECI,EPE,1579154400,37.02,34.918,2
240,3,AECI,EPE,1580472000,36.871,36.499,3
240,3,AECI,EPE,1581789600,28.211,33.709,1
240,3,AECI,EPE,1583107200,36.239,33.583,2
240,3,AECI,EPE,1584424800,39.358,34.778,3
240,3,AECI,EPE,1585742400,24.523,23.558,1
240,3,AECI,EPE,1587060000,29.799,27.308,2
240,3,AECI,EPE,1588377600,28.866,27.446,1
240,3,AECI,EPE,1589695200,33.877,30.104,2
240,3,AECI,EPE,1591012800,24.75,24.75,0
240,3,AECI,EPE,1592330400,42.856,34.476,4
240,3,AECI,EPE,1593648000,31.37,32.472,1
240,3,AECI,EPE,1594965600,50.005,41.033,5
240,3,AECI,EPE,1596283200,40.765,36.626,3
240,3,AECI,EPE,1597600800,33.423,35.36,1
240,3,AECI,EPE,1598918400,36.576,34.088,2
240,3,AECI,EPE,1600236000,41.185,41.314,3
240,3,AECI,EPE,1601553600,57.466,44.931,6
240,3,AECI,EPE,1602871200,33.673,31.752,1
240,3,AECI,EPE,1604188800,34.377,38.527,1
240,3,AECI,EPE,1605506400,40.584,40.091,3
240,3,AECI,EPE,1606824000,31.442,34.691,1
240,3,AECI,EPE,1608141600,33.936,33.986,1
240,4,AECI,EPE,1577836800,27.991,27.991,0
240,4,AECI,EPE,1579154400,30.139,30.139,0
240,4,AECI,EPE,1580472000,29.202,29.202,0
240,4,AECI,EPE,1581789600,30.99,30.99,0
240,4,AECI,EPE,1583107200,28.95,28.95,0
240,4,AECI,EPE,1584424800,28.31,28.31,0
240,4,AECI,EPE,1585742400,21.211,21.211,0
240,4,AECI,EPE,1587060000,23.892,23.892,0
240,4,AECI,EPE,1588377600,25.143,25.143,0
240,4,AECI,EPE,1589695200,25.774,25.774,0
240,4,AECI,EPE,1591012800,24.75,24.75,0
240,4,AECI,EPE,1592330400,25.959,25.959,0
240,4,AECI,EPE,1593648000,29.983,29.983,0
240,4,AECI,EPE,1594965600,28.571,28.571,0
240,4,AECI,EPE,1596283200,29.488,29.488,0
240,4,AECI,EPE,1597600800,32.788,32.788,0
240,4,AECI,EPE,1598918400,29.414,29.414,0
240,4,AECI,EPE,1600236000,33.086,33.086,0
240,4,AECI,EPE,1601553600,29.771,29.771,0
240,4,AECI,EPE,1602871200,29.148,29.148,0
240,4,AECI,EPE,1604188800,35.804,35.804,0
240,4,AECI,EPE,1605506400,33.466,33.466,0
240,4,AECI,EPE,1606824000,31.991,31.991,0
240,4,AECI,EPE,1608141600,31.713,31.713,0
240,5,AECI,EPE,1577836800,77.137,54.238,11
240,5,AECI,EPE,1579154400,55.847,44.7,6
240,5,AECI,EPE,1580472000,36.057,36.499,3
240,5,AECI,EPE,1581789600,28.211,33.709,1
240,5,AECI,EPE,1583107200,47.468,40.129,5
240,5,AECI,EPE,1584424800,51.236,41.11,6
240,5,AECI,EPE,1585742400,38.551,32.495,5
240,5,AECI,EPE,1587060000,48.324,37.013,7
240,5,AECI,EPE,1588377600,54.285,41.098,8
240,5,AECI,EPE,1589695200,61.949,45.048,9
240,5,AECI,EPE,1591012800,48.781,37.581,6
240,5,AECI,EPE,1592330400,68.457,48.05,10
240,5,AECI,EPE,1593648000,58.395,46.972,7
240,5,AECI,EPE,1594965600,50.025,41.033,5
240,5,AECI,EPE,1596283200,54.921,43.807,6
240,5,AECI,EPE,1597600800,43.369,41.228,3
240,5,AECI,EPE,1598918400,59.648,46.412,7
240,5,AECI,EPE,1600236000,41.267,41.314,3
240,5,AECI,EPE,1601553600,41.39,37.367,3
240,5,AECI,EPE,1602871200,62.664,48.213,7
240,5,AECI,EPE,1604188800,67.607,56.163,8
240,5,AECI,EPE,1605506400,40.73,40.091,3
240,5,AECI,EPE,1606824000,40.813,40.385,3
240,5,AECI,EPE,1608141600,91.622,67.046,13
240,6,AECI,EPE,1577836800,27.991,27.991,0
240,6,AECI,EPE,1579154400,30.139,30.139,0
240,6,AECI,EPE,1580472000,28.918,31.643,1
240,6,AECI,EPE,1581789600,28.211,33.709,1
240,6,AECI,EPE,1583107200,30.386,31.533,1
240,6,AECI,EPE,1584424800,28.31,28.31,0
240,6,AECI,EPE,1585742400,21.211,21.211,0
240,6,AECI,EPE,1587060000,23.892,23.892,0
240,6,AECI,EPE,1588377600,25.143,25.143,0
240,6,AECI,EPE,1589695200,25.774,25.774,0
240,6,AECI,EPE,1591012800,24.75,24.75,0
240,6,AECI,EPE,1592330400,25.959,25.959,0
240,6,AECI,EPE,1593648000,31.38,32.472,1
240,6,AECI,EPE,1594965600,28.571,28.571,0
240,6,AECI,EPE,1596283200,29.488,29.488,0
240,6,AECI,EPE,1597600800,33.423,35.36,1
240,6,AECI,EPE,1598918400,29.414,29.414,0
240,6,AECI,EPE,1600236000,31.732,35.481,1
240,6,AECI,EPE,1601553600,29.771,29.771,0
240,6,AECI,EPE,1602871200,29.148,29.148,0
240,6,AECI,EPE,1604188800,34.377,38.527,1
240,6,AECI,EPE,1605506400,32.333,35.551,1
240,6,AECI,EPE,1606824000,31.442,34.691,1
240,6,AECI,EPE,1608141600,31.713,31.713,0
240,1,AECI,PACE,1577836800,27.991,27.991,0
240,1,AECI,PACE,1579154400,30.139,30.139,0
240,1,AECI,PACE,1580472000,29.202,29.202,0
240,1,AECI,PACE,1581789600,30.99,30.99,0
240,1,AECI,PACE,1583107200,28.95,28.95,0
240,1,AECI,PACE,1584424800,28.31,28.31,0
240,1,AECI,PACE,1585742400,21.211,21.211,0
240,1,AECI,PACE,1587060000,23.892,23.892,0
240,1,AECI,PACE,1588377600,25.143,25.143,0
240,1,AECI,PACE,1589695200,25.774,25.774,0
240,1,AECI,PACE,1591012800,24.75,24.75,0
240,1,AECI,PACE,1592330400,25.959,25.959,0
240,1,AECI,PACE,1593648000,29.983,29.983,0
240,1,AECI,PACE,1594965600,28.571,28.571,0
240,1,AECI,PACE,1596283200,29.488,29.488,0
240,1,AECI,PACE,1597600800,32.788,32.788,0
240,1,AECI,PACE,1598918400,29.414,29.414,0
240,1,AECI,PACE,1600236000,33.086,33.086,0
240,1,AECI,PACE,1601553600,29.771,29.771,0
240,1,AECI,PACE,1602871200,29.148,29.148,0
240,1,AECI,PACE,1604188800,35.804,35.804,0
240,1,AECI,PACE,1605506400,33.466,33.466,0
240,1,AECI,PACE,1606824000,31.991,31.991,0
240,1,AECI,PACE,1608141600,31.713,31.713,0
240,2,AECI,PACE,1577836800,47.23,37.793,4
240,2,AECI,PACE,1579154400,69.272,49.521,8
240,2,AECI,PACE,1580472000,52.439,42.003,6
240,2,AECI,PACE,1581789600,44.862,40.005,4
240,2,AECI,PACE,1583107200,46.911,40.129,5
240,2,AECI,PACE,1584424800,37.266,32.411,2
240,2,AECI,PACE,1585742400,21.211,21.211,0
240,2,AECI,PACE,1587060000,31.195,27.308,2
240,2,AECI,PACE,1588377600,42.657,35.019,5
240,2,AECI,PACE,1589695200,64.466,45.048,9
240,2,AECI,PACE,1591012800,42.953,33.835,4
240,2,AECI,PACE,1592330400,41.87,34.476,4
240,2,AECI,PACE,1593648000,66.795,49.482,8
240,2,AECI,PACE,1594965600,79.766,56.038,11
240,2,AECI,PACE,1596283200,76.692,52.153,10
240,2,AECI,PACE,1597600800,117.184,74.302,16
240,2,AECI,PACE,1598918400,38.709,34.088,2
240,2,AECI,PACE,1600236000,60.168,47.357,5
240,2,AECI,PACE,1601553600,60.246,44.931,6
240,2,AECI,PACE,1602871200,60.57,48.213,7
240,2,AECI,PACE,1604188800,75.595,56.163,8
240,2,AECI,PACE,1605506400,59.3,46.92,6
240,2,AECI,PACE,1606824000,67.701,51.452,7
240,2,AECI,PACE,1608141600,74.419,56.559,9
240,3,AECI,PACE,1577836800,37.26,32.892,2
240,3,AECI,PACE,1579154400,59.226,44.7,6
240,3,AECI,PACE,1580472000,38.697,36.499,3
240,3,AECI,PACE,1581789600,31.254,33.709,1
240,3,AECI,PACE,1583107200,36.837,33.583,2
240,3,AECI,PACE,1584424800,28.31,28.31,0
240,3,AECI,PACE,1585742400,21.211,21.211,0
240,3,AECI,PACE,1587060000,23.892,23.892,0
240,3,AECI,PACE,1588377600,32.77,29.216,2
240,3,AECI,PACE,1589695200,34.263,30.104,2
240,3,AECI,PACE,1591012800,24.75,24.75,0
240,3,AECI,PACE,1592330400,25.959,25.959,0
240,3,AECI,PACE,1593648000,51.427,41.821,5
240,3,AECI,PACE,1594965600,35.419,33.127,2
240,3,AECI,PACE,1596283200,29.488,29.488,0
240,3,AECI,PACE,1597600800,49.435,41.228,3
240,3,AECI,PACE,1598918400,38.766,34.088,2
240,3,AECI,PACE,1600236000,43.581,38.182,2
240,3,AECI,PACE,1601553600,29.771,29.771,0
240,3,AECI,PACE,1602871200,42.667,37.268,3
240,3,AECI,PACE,1604188800,61.381,49.173,5
240,3,AECI,PACE,1605506400,40.393,37.768,2
240,3,AECI,PACE,1606824000,46.708,40.385,3
240,3,AECI,PACE,1608141600,44.714,39.505,3
240,4,AECI,PACE,1577836800,27.991,27.991,0
240,4,AECI,PACE,1579154400,30.139,30.139,0
240,4,AECI,PACE,1580472000,29.202,29.202,0
240,4,AECI,PACE,1581789600,30.99,30.99,0
240,4,AECI,PACE,1583107200,28.95,28.95,0
240,4,AECI,PACE,1584424800,28.31,28.31,0
240,4,AECI,PACE,1585742400,21.211,21.211,0
240,4,AECI,PACE,1587060000,23.892,23.892,0
240,4,AECI,PACE,1588377600,25.143,25.143,0
240,4,AECI,PACE,1589695200,25.774,25.774,0
240,4,AECI,PACE,1591012800,24.75,24.75,0
240,4,AECI,PACE,1592330400,25.959,25.959,0
240,4,AECI,PACE,1593648000,29.983,29.983,0
240,4,AECI,PACE,1594965600,28.571,28.571,0
240,4,AECI,PACE,1596283200,29.488,29.488,0
240,4,AECI,PACE,1597600800,32.788,32.788,0
240,4,AECI,PACE,1598918400,29.414,29.414,0
240,4,AECI,PACE,1600236000,33.086,33.086,0
240,4,AECI,PACE,1601553600,29.771,29.771,0
240,4,AECI,PACE,1602871200,29.148,29.148,0
240,4,AECI,PACE,1604188800,35.804,35.804,0
240,4,AECI,PACE,1605506400,33.466,33.466,0
240,4,AECI,PACE,1606824000,31.991,31.991,0
240,4,AECI,PACE,1608141600,31.713,31.713,0
240,5,AECI,PACE,1577836800,51.82,40.257,5
240,5,AECI,PACE,1579154400,68.447,49.521,8
240,5,AECI,PACE,1580472000,51.216,42.003,6
240,5,AECI,PACE,1581789600,44.182,40.005,4
240,5,AECI,PACE,1583107200,46.203,40.129,5
240,5,AECI,PACE,1584424800,36.754,32.411,2
240,5,AECI,PACE,1585742400,21.211,21.211,0
240,5,AECI,PACE,1587060000,30.872,27.308,2
240,5,AECI,PACE,1588377600,41.394,35.019,5
240,5,AECI,PACE,1589695200,63.141,45.048,9
240,5,AECI,PACE,1591012800,42.512,33.835,4
240,5,AECI,PACE,1592330400,40.978,34.476,4
240,5,AECI,PACE,1593648000,65.263,49.482,8
240,5,AECI,PACE,1594965600,78.426,56.038,11
240,5,AECI,PACE,1596283200,76.003,52.153,10
240,5,AECI,PACE,1597600800,115.844,74.302,16
240,5,AECI,PACE,1598918400,38.689,34.088,2
240,5,AECI,PACE,1600236000,65.201,50.186,6
240,5,AECI,PACE,1601553600,59.399,44.931,6
240,5,AECI,PACE,1602871200,60.108,48.213,7
240,5,AECI,PACE,1604188800,74.882,56.163,8
240,5,AECI,PACE,1605506400,58.721,46.92,6
240,5,AECI,PACE,1606824000,66.957,51.452,7
240,5,AECI,PACE,1608141600,73.578,56.559,9
240,6,AECI,PACE,1577836800,27.991,27.991,0
240,6,AECI,PACE,1579154400,30.139,30.139,0
240,6,AECI,PACE,1580472000,29.202,29.202,0
240,6,AECI,PACE,1581789600,31.254,33.709,1
240,6,AECI,PACE,1583107200,31.061,31.533,1
240,6,AECI,PACE,1584424800,28.31,28.31,0
240,6,AECI,PACE,1585742400,21.211,21.211,0
240,6,AECI,PACE,1587060000,23.892,23.892,0
240,6,AECI,PACE,1588377600,25.143,25.143,0
240,6,AECI,PACE,1589695200,25.774,25.774,0
240,6,AECI,PACE,1591012800,24.75,24.75,0
240,6,AECI,PACE,1592330400,25.959,25.959,0
240,6,AECI,PACE,1593648000,29.983,29.983,0
240,6,AECI,PACE,1594965600,28.571,28.571,0
240,6,AECI,PACE,1596283200,29.488,29.488,0
240,6,AECI,PACE,1597600800,32.788,32.788,0
240,6,AECI,PACE,1598918400,29.414,29.414,0
240,6,AECI,PACE,1600236000,33.086,33.086,0
240,6,AECI,PACE,1601553600,29.771,29.771,0
240,6,AECI,PACE,1602871200,29.148,29.148,0
240,6,AECI,PACE,1604188800,35.804,35.804,0
240,6,AECI,PACE,1605506400,33.466,33.466,0
240,6,AECI,PACE,1606824000,31.991,31.991,0
240,6,AECI,PACE,1608141600,31.713,31.713,0
240,1,AECI,TEPC,1577836800,27.991,27.991,0
240,1,AECI,TEPC,1579154400,30.139,30.139,0
240,1,AECI,TEPC,1580472000,29.202,29.202,0
240,1,AECI,TEPC,1581789600,30.99,30.99,0
240,1,AECI,TEPC,1583107200,28.95,28.95,0
240,1,AECI,TEPC,1584424800,28.31,28.31,0
240,1,AECI,TEPC,1585742400,21.211,21.211,0
240,1,AECI,TEPC,1587060000,23.892,23.892,0
240,1,AECI,TEPC,1588377600,25.143,25.143,0
240,1,AECI,TEPC,1589695200,25.774,25.774,0
240,1,AECI,TEPC,1591012800,24.75,24.75,0
240,1,AECI,TEPC,1592330400,25.959,25.959,0
240,1,AECI,TEPC,1593648000,29.983,29.983,0
240,1,AECI,TEPC,1594965600,28.571,28.571,0
240,1,AECI,TEPC,1596283200,29.488,29.488,0
240,1,AECI,TEPC,1597600800,32.788,32.788,0
240,1,AECI,TEPC,1598918400,29.414,29.414,0
240,1,AECI,TEPC,1600236000,33.086,33.086,0
240,1,AECI,TEPC,1601553600,29.771,29.771,0
240,1,AECI,TEPC,1602871200,29.148,29.148,0
240,1,AECI,TEPC,1604188800,35.804,35.804,0
240,1,AECI,TEPC,1605506400,33.466,33.466,0
240,1,AECI,TEPC,1606824000,31.991,31.991,0
240,1,AECI,TEPC,1608141600,31.713,31.713,0
240,2,AECI,TEPC,1577836800,38.19,32.892,2
240,2,AECI,TEPC,1579154400,40.745,34.918,2
240,2,AECI,TEPC,1580472000,53.953,42.003,6
240,2,AECI,TEPC,1581789600,61.601,47.413,7
240,2,AECI,TEPC,1583107200,63.532,46.723,8
240,2,AECI,TEPC,1584424800,53.734,41.11,6
240,2,AECI,TEPC,1585742400,46.58,36.978,7
240,2,AECI,TEPC,1587060000,60.886,43.592,10
240,2,AECI,TEPC,1588377600,54.037,41.098,8
240,2,AECI,TEPC,1589695200,60.295,42.844,8
240,2,AECI,TEPC,1591012800,38.132,31.56,3
240,2,AECI,TEPC,1592330400,61.983,45.965,9
240,2,AECI,TEPC,1593648000,61.124,46.972,7
240,2,AECI,TEPC,1594965600,50.408,41.033,5
240,2,AECI,TEPC,1596283200,56.963,43.807,6
240,2,AECI,TEPC,1597600800,76.838,57.568,9
240,2,AECI,TEPC,1598918400,114.536,73.269,17
240,2,AECI,TEPC,1600236000,58.16,47.357,5
240,2,AECI,TEPC,1601553600,73.02,53.06,9
240,2,AECI,TEPC,1602871200,66.658,48.213,7
240,2,AECI,TEPC,1604188800,77.229,56.163,8
240,2,AECI,TEPC,1605506400,59.114,46.92,6
240,2,AECI,TEPC,1606824000,30.524,34.691,1
240,2,AECI,TEPC,1608141600,52.645,41.987,4
240,3,AECI,TEPC,1577836800,27.991,27.991,0
240,3,AECI,TEPC,1579154400,30.139,30.139,0
240,3,AECI,TEPC,1580472000,29.202,29.202,0
240,3,AECI,TEPC,1581789600,35.663,33.709,1
240,3,AECI,TEPC,1583107200,37.893,33.583,2
240,3,AECI,TEPC,1584424800,36.684,32.411,2
240,3,AECI,TEPC,1585742400,31.04,28.088,3
240,3,AECI,TEPC,1587060000,37.128,31.038,4
240,3,AECI,TEPC,1588377600,32.193,29.216,2
240,3,AECI,TEPC,1589695200,34.422,30.104,2
240,3,AECI,TEPC,1591012800,24.75,24.75,0
240,3,AECI,TEPC,1592330400,41.673,34.476,4
240,3,AECI,TEPC,1593648000,38.544,34.701,2
240,3,AECI,TEPC,1594965600,41.843,35.816,3
240,3,AECI,TEPC,1596283200,42.918,36.626,3
240,3,AECI,TEPC,1597600800,35.975,35.36,1
240,3,AECI,TEPC,1598918400,38.852,34.088,2
240,3,AECI,TEPC,1600236000,48.601,41.314,3
240,3,AECI,TEPC,1601553600,29.771,29.771,0
240,3,AECI,TEPC,1602871200,34.373,31.752,1
240,3,AECI,TEPC,1604188800,68.05,51.835,6
240,3,AECI,TEPC,1605506400,39.854,37.768,2
240,3,AECI,TEPC,1606824000,30.524,34.691,1
240,3,AECI,TEPC,1608141600,31.713,31.713,0
240,4,AECI,TEPC,1577836800,27.991,27.991,0
240,4,AECI,TEPC,1579154400,30.139,30.139,0
240,4,AECI,TEPC,1580472000,29.202,29.202,0
240,4,AECI,TEPC,1581789600,30.99,30.99,0
240,4,AECI,TEPC,1583107200,28.95,28.95,0
240,4,AECI,TEPC,1584424800,28.31,28.31,0
240,4,AECI,TEPC,1585742400,21.211,21.211,0
240,4,AECI,TEPC,1587060000,23.892,23.892,0
240,4,AECI,TEPC,1588377600,25.143,25.143,0
240,4,AECI,TEPC,1589695200,25.774,25.774,0
240,4,AECI,TEPC,1591012800,24.75,24.75,0
240,4,AECI,TEPC,1592330400,25.959,25.959,0
240,4,AECI,TEPC,1593648000,29.983,29.983,0
240,4,AECI,TEPC,1594965600,28.571,28.571,0
240,4,AECI,TEPC,1596283200,29.488,29.488,0
240,4,AECI,TEPC,1597600800,32.788,32.788,0
240,4,AECI,TEPC,1598918400,29.414,29.414,0
240,4,AECI,TEPC,1600236000,33.086,33.086,0
240,4,AECI,TEPC,1601553600,29.771,29.771,0
240,4,AECI,TEPC,1602871200,29.148,29.148,0
240,4,AECI,TEPC,1604188800,35.804,35.804,0
240,4,AECI,TEPC,1605506400,33.466,33.466,0
240,4,AECI,TEPC,1606824000,31.991,31.991,0
240,4,AECI,TEPC,1608141600,31.713,31.713,0
240,5,AECI,TEPC,1577836800,37.98,32.892,2
240,5,AECI,TEPC,1579154400,40.614,34.918,2
240,5,AECI,TEPC,1580472000,52.729,42.003,6
240,5,AECI,TEPC,1581789600,60.96,47.413,7
240,5,AECI,TEPC,1583107200,48.389,40.129,5
240,5,AECI,TEPC,1584424800,53.169,41.11,6
240,5,AECI,TEPC,1585742400,45.693,36.978,7
240,5,AECI,TEPC,1587060000,59.555,43.592,10
240,5,AECI,TEPC,1588377600,53.208,41.098,8
240,5,AECI,TEPC,1589695200,50.112,38.614,6
240,5,AECI,TEPC,1591012800,37.775,31.56,3
240,5,AECI,TEPC,1592330400,61.089,45.965,9
240,5,AECI,TEPC,1593648000,60.251,46.972,7
240,5,AECI,TEPC,1594965600,49.71,41.033,5
240,5,AECI,TEPC,1596283200,56.423,43.807,6
240,5,AECI,TEPC,1597600800,81.059,59.894,10
240,5,AECI,TEPC,1598918400,127.831,80.426,20
240,5,AECI,TEPC,1600236000,57.417,47.357,5
240,5,AECI,TEPC,1601553600,72.271,53.06,9
240,5,AECI,TEPC,1602871200,66.024,48.213,7
240,5,AECI,TEPC,1604188800,76.501,56.163,8
240,5,AECI,TEPC,1605506400,58.768,46.92,6
240,5,AECI,TEPC,1606824000,30.524,34.691,1
240,5,AECI,TEPC,1608141600,52.484,41.987,4
240,6,AECI,TEPC,1577836800,27.991,27.991,0
240,6,AECI,TEPC,1579154400,30.139,30.139,0
240,6,AECI,TEPC,1580472000,29.202,29.202,0
240,6,AECI,TEPC,1581789600,30.99,30.99,0
240,6,AECI,TEPC,1583107200,28.95,28.95,0
240,6,AECI,TEPC,1584424800,28.31,28.31,0
240,6,AECI,TEPC,1585742400,21.211,21.211,0
240,6,AECI,TEPC,1587060000,23.892,23.892,0
240,6,AECI,TEPC,1588377600,25.143,25.143,0
240,6,AECI,TEPC,1589695200,25.774,25.774,0
240,6,AECI,TEPC,1591012800,24.75,24.75,0
240,6,AECI,TEPC,1592330400,25.959,25.959,0
240,6,AECI,TEPC,1593648000,29.983,29.983,0
240,6,AECI,TEPC,1594965600,28.571,28.571,0
240,6,AECI,TEPC,1596283200,29.488,29.488,0
240,6,AECI,TEPC,1597600800,32.788,32.788,0
240,6,AECI,TEPC,1598918400,29.414,29.414,0
240,6,AECI,TEPC,1600236000,33.086,33.086,0
240,6,AECI,TEPC,1601553600,29.771,29.771,0
240,6,AECI,TEPC,1602871200,29.148,29.148,0
240,6,AECI,TEPC,1604188800,35.804,35.804,0
240,6,AECI,TEPC,1605506400,33.466,33.466,0
240,6,AECI,TEPC,1606824000,30.524,34.691,1
240,6,AECI,TEPC,1608141600,31.713,31.713,0
240,1,BANC,CISO,1577836800,9.634,9.634,0
240,1,BANC,CISO,1579154400,10.303,10.303,0
240,1,BANC,CISO,1580472000,7.054,7.054,0
240,1,BANC,CISO,1581789600,6.604,6.604,0
240,1,BANC,CISO,1583107200,6.624,6.624,0
240,1,BANC,CISO,1584424800,10.526,10.526,0
240,1,BANC,CISO,1585742400,5.601,5.601,0
240,1,BANC,CISO,1587060000,4.209,4.209,0
240,1,BANC,CISO,1588377600,5.401,5.401,0
240,1,BANC,CISO,1589695200,5.33,5.33,0
240,1,BANC,CISO,1591012800,5.354,5.354,0
240,1,BANC,CISO,1592330400,5.102,5.102,0
240,1,BANC,CISO,1593648000,4.762,4.762,0
240,1,BANC,CISO,1594965600,6.975,6.975,0
240,1,BANC,CISO,1596283200,7.162,7.162,0
240,1,BANC,CISO,1597600800,9.88,9.88,0
240,1,BANC,CISO,1598918400,9.479,9.479,0
240,1,BANC,CISO,1600236000,10.129,10.129,0
240,1,BANC,CISO,1601553600,10.238,10.238,0
240,1,BANC,CISO,1602871200,9.381,9.381,0
240,1,BANC,CISO,1604188800,11.003,11.003,0
240,1,BANC,CISO,1605506400,11.81,11.81,0
240,1,BANC,CISO,1606824000,13.726,13.726,0
240,1,BANC,CISO,1608141600,11.62,11.62,0
240,2,BANC,CISO,1577836800,16.218,12.984,4
240,2,BANC,CISO,1579154400,20.772,15.26,6
240,2,BANC,CISO,1580472000,10.653,9.201,3
240,2,BANC,CISO,1581789600,15.985,11.534,7
240,2,BANC,CISO,1583107200,10.908,8.679,4
240,2,BANC,CISO,1584424800,21.467,15.784,6
240,2,BANC,CISO,1585742400,11.513,8.568,6
240,2,BANC,CISO,1587060000,6.902,5.422,4
240,2,BANC,CISO,1588377600,11.921,8.796,8
240,2,BANC,CISO,1589695200,8.803,8.127,5
240,2,BANC,CISO,1591012800,9.912,7.702,4
240,2,BANC,CISO,1592330400,15.619,10.818,10
240,2,BANC,CISO,1593648000,8.588,6.946,5
240,2,BANC,CISO,1594965600,13.799,10.866,6
240,2,BANC,CISO,1596283200,14.07,10.928,6
240,2,BANC,CISO,1597600800,13.156,11.454,2
240,2,BANC,CISO,1598918400,23.137,16.722,8
240,2,BANC,CISO,1600236000,19.73,14.79,6
240,2,BANC,CISO,1601553600,20.007,14.878,6
240,2,BANC,CISO,1602871200,19.229,14.055,6
240,2,BANC,CISO,1604188800,17.902,13.445,4
240,2,BANC,CISO,1605506400,36.437,25.668,13
240,2,BANC,CISO,1606824000,40.886,29.241,13
240,2,BANC,CISO,1608141600,22.209,16.941,7
240,3,BANC,CISO,1577836800,12.711,11.142,2
240,3,BANC,CISO,1579154400,10.303,10.303,0
240,3,BANC,CISO,1580472000,7.054,7.054,0
240,3,BANC,CISO,1581789600,7.707,7.356,1
240,3,BANC,CISO,1583107200,8.576,7.61,2
240,3,BANC,CISO,1584424800,10.526,10.526,0
240,3,BANC,CISO,1585742400,5.601,5.601,0
240,3,BANC,CISO,1587060000,4.833,4.518,1
240,3,BANC,CISO,1588377600,9.236,7.518,5
240,3,BANC,CISO,1589695200,6.872,6.319,2
240,3,BANC,CISO,1591012800,5.354,5.354,0
240,3,BANC,CISO,1592330400,5.954,5.548,1
240,3,BANC,CISO,1593648000,6.308,5.555,2
240,3,BANC,CISO,1594965600,6.975,6.975,0
240,3,BANC,CISO,1596283200,7.162,7.162,0
240,3,BANC,CISO,1597600800,9.88,9.88,0
240,3,BANC,CISO,1598918400,13.017,10.968,2
240,3,BANC,CISO,1600236000,10.129,10.129,0
240,3,BANC,CISO,1601553600,10.238,10.238,0
240,3,BANC,CISO,1602871200,10.867,10.192,1
240,3,BANC,CISO,1604188800,11.003,11.003,0
240,3,BANC,CISO,1605506400,17.341,15.163,3
240,3,BANC,CISO,1606824000,13.929,14.954,1
240,3,BANC,CISO,1608141600,17.546,14.679,4
240,4,BANC,CISO,1577836800,9.634,9.634,0
240,4,BANC,CISO,1579154400,10.303,10.303,0
240,4,BANC,CISO,1580472000,7.054,7.054,0
240,4,BANC,CISO,1581789600,6.604,6.604,0
240,4,BANC,CISO,1583107200,6.624,6.624,0
240,4,BANC,CISO,1584424800,10.526,10.526,0
240,4,BANC,CISO,1585742400,5.601,5.601,0
240,4,BANC,CISO,1587060000,4.209,4.209,0
240,4,BANC,CISO,1588377600,5.401,5.401,0
240,4,BANC,CISO,1589695200,5.33,5.33,0
240,4,BANC,CISO,1591012800,5.354,5.354,0
240,4,BANC,CISO,1592330400,5.102,5.102,0
240,4,BANC,CISO,1593648000,4.762,4.762,0
240,4,BANC,CISO,1594965600,6.975,6.975,0
240,4,BANC,CISO,1596283200,7.162,7.162,0
240,4,BANC,CISO,1597600800,9.88,9.88,0
240,4,BANC,CISO,1598918400,9.479,9.479,0
240,4,BANC,CISO,1600236000,10.129,10.129,0
240,4,BANC,CISO,1601553600,10.238,10.238,0
240,4,BANC,CISO,1602871200,9.381,9.381,0
240,4,BANC,CISO,1604188800,11.003,11.003,0
240,4,BANC,CISO,1605506400,11.81,11.81,0
240,4,BANC,CISO,1606824000,13.726,13.726,0
240,4,BANC,CISO,1608141600,11.62,11.62,0
240,5,BANC,CISO,1577836800,15.628,12.984,4
240,5,BANC,CISO,1579154400,20.015,15.26,6
240,5,BANC,CISO,1580472000,10.477,9.201,3
240,5,BANC,CISO,1581789600,14.91,11.534,7
240,5,BANC,CISO,1583107200,10.44,8.679,4
240,5,BANC,CISO,1584424800,20.363,15.784,6
240,5,BANC,CISO,1585742400,10.564,8.568,6
240,5,BANC,CISO,1587060000,6.824,5.422,4
240,5,BANC,CISO,1588377600,7.996,7.518,5
240,5,BANC,CISO,1589695200,9.215,8.592,6
240,5,BANC,CISO,1591012800,9.826,7.702,4
240,5,BANC,CISO,1592330400,14.995,10.818,10
240,5,BANC,CISO,1593648000,8.288,6.946,5
240,5,BANC,CISO,1594965600,13.418,10.866,6
240,5,BANC,CISO,1596283200,13.748,10.928,6
240,5,BANC,CISO,1597600800,13.156,11.454,2
240,5,BANC,CISO,1598918400,22.6,16.722,8
240,5,BANC,CISO,1600236000,19.426,14.79,6
240,5,BANC,CISO,1601553600,19.577,14.878,6
240,5,BANC,CISO,1602871200,15.558,12.488,4
240,5,BANC,CISO,1604188800,17.505,13.445,4
240,5,BANC,CISO,1605506400,34.843,25.668,13
240,5,BANC,CISO,1606824000,40.044,29.241,13
240,5,BANC,CISO,1608141600,21.045,16.941,7
240,6,BANC,CISO,1577836800,9.634,9.634,0
240,6,BANC,CISO,1579154400,10.303,10.303,0
240,6,BANC,CISO,1580472000,7.054,7.054,0
240,6,BANC,CISO,1581789600,6.604,6.604,0
240,6,BANC,CISO,1583107200,6.624,6.624,0
240,6,BANC,CISO,1584424800,10.526,10.526,0
240,6,BANC,CISO,1585742400,5.601,5.601,0
240,6,BANC,CISO,1587060000,4.209,4.209,0
240,6,BANC,CISO,1588377600,5.401,5.401,0
240,6,BANC,CISO,1589695200,5.33,5.33,0
240,6,BANC,CISO,1591012800,5.354,5.354,0
240,6,BANC,CISO,1592330400,5.102,5.102,0
240,6,BANC,CISO,1593648000,4.762,4.762,0
240,6,BANC,CISO,1594965600,6.975,6.975,0
240,6,BANC,CISO,1596283200,7.162,7.162,0
240,6,BANC,CISO,1597600800,9.88,9.88,0
240,6,BANC,CISO,1598918400,9.479,9.479,0
240,6,BANC,CISO,1600236000,10.129,10.129,0
240,6,BANC,CISO,1601553600,10.238,10.238,0
240,6,BANC,CISO,1602871200,9.381,9.381,0
240,6,BANC,CISO,1604188800,11.003,11.003,0
240,6,BANC,CISO,1605506400,11.81,11.81,0
240,6,BANC,CISO,1606824000,13.929,14.954,1
240,6,BANC,CISO,1608141600,11.62,11.62,0
240,1,CISO,BANC,1577836800,12.402,12.402,0
240,1,CISO,BANC,1579154400,13.357,13.357,0
240,1,CISO,BANC,1580472000,11.216,11.216,0
240,1,CISO,BANC,1581789600,9.848,9.848,0
240,1,CISO,BANC,1583107200,9.903,9.903,0
240,1,CISO,BANC,1584424800,12.883,12.883,0
240,1,CISO,BANC,1585742400,7.582,7.582,0
240,1,CISO,BANC,1587060000,7.672,7.672,0
240,1,CISO,BANC,1588377600,5.359,5.359,0
240,1,CISO,BANC,1589695200,5.976,5.976,0
240,1,CISO,BANC,1591012800,9.004,9.004,0
240,1,CISO,BANC,1592330400,6.312,6.312,0
240,1,CISO,BANC,1593648000,7.005,7.005,0
240,1,CISO,BANC,1594965600,8.607,8.607,0
240,1,CISO,BANC,1596283200,8.788,8.788,0
240,1,CISO,BANC,1597600800,12.113,12.113,0
240,1,CISO,BANC,1598918400,10.471,10.471,0
240,1,CISO,BANC,1600236000,12.075,12.075,0
240,1,CISO,BANC,1601553600,12.36,12.36,0
240,1,CISO,BANC,1602871200,13.505,13.505,0
240,1,CISO,BANC,1604188800,13.674,13.674,0
240,1,CISO,BANC,1605506400,11.755,11.755,0
240,1,CISO,BANC,1606824000,11.541,11.541,0
240,1,CISO,BANC,1608141600,11.483,11.483,0
240,2,CISO,BANC,1577836800,20.164,19.426,6
240,2,CISO,BANC,1579154400,23.105,21.499,7
240,2,CISO,BANC,1580472000,14.106,15.161,5
240,2,CISO,BANC,1581789600,12.926,14.701,5
240,2,CISO,BANC,1583107200,13.396,15.228,6
240,2,CISO,BANC,1584424800,23.67,20.509,7
240,2,CISO,BANC,1585742400,13.966,12.353,8
240,2,CISO,BANC,1587060000,6.129,9.023,3
240,2,CISO,BANC,1588377600,9.515,8.157,6
240,2,CISO,BANC,1589695200,11.062,9.227,7
240,2,CISO,BANC,1591012800,11.377,12.807,5
240,2,CISO,BANC,1592330400,14.558,11.787,9
240,2,CISO,BANC,1593648000,10.374,10.943,7
240,2,CISO,BANC,1594965600,15.364,13.532,7
240,2,CISO,BANC,1596283200,16.977,14.139,8
240,2,CISO,BANC,1597600800,11.535,13.032,1
240,2,CISO,BANC,1598918400,25.007,19.003,9
240,2,CISO,BANC,1600236000,21.655,18.882,7
240,2,CISO,BANC,1601553600,23.623,20.102,8
240,2,CISO,BANC,1602871200,17.346,18.654,5
240,2,CISO,BANC,1604188800,19.731,19.381,5
240,2,CISO,BANC,1605506400,38.75,24.241,14
240,2,CISO,BANC,1606824000,42.548,25.528,14
240,2,CISO,BANC,1608141600,25.525,19.922,9
240,3,CISO,BANC,1577836800,11.603,13.674,1
240,3,CISO,BANC,1579154400,12.7,14.694,1
240,3,CISO,BANC,1580472000,8.979,12.253,1
240,3,CISO,BANC,1581789600,9.896,12.299,3
240,3,CISO,BANC,1583107200,7.788,10.86,1
240,3,CISO,BANC,1584424800,12.901,14.049,1
240,3,CISO,BANC,1585742400,6.917,8.262,1
240,3,CISO,BANC,1587060000,6.031,9.023,3
240,3,CISO,BANC,1588377600,7.465,6.962,3
240,3,CISO,BANC,1589695200,8.928,7.758,4
240,3,CISO,BANC,1591012800,6.69,9.785,1
240,3,CISO,BANC,1592330400,7.758,8.14,3
240,3,CISO,BANC,1593648000,5.689,7.712,1
240,3,CISO,BANC,1594965600,8.503,9.471,1
240,3,CISO,BANC,1596283200,9.767,9.919,2
240,3,CISO,BANC,1597600800,11.506,13.032,1
240,3,CISO,BANC,1598918400,10.922,11.41,1
240,3,CISO,BANC,1600236000,12.178,13.171,1
240,3,CISO,BANC,1601553600,13.938,14.105,2
240,3,CISO,BANC,1602871200,13.964,16.288,3
240,3,CISO,BANC,1604188800,12.724,14.89,1
240,3,CISO,BANC,1605506400,15.297,13.809,2
240,3,CISO,BANC,1606824000,11.541,11.541,0
240,3,CISO,BANC,1608141600,16.695,14.246,3
240,4,CISO,BANC,1577836800,12.402,12.402,0
240,4,CISO,BANC,1579154400,13.357,13.357,0
240,4,CISO,BANC,1580472000,11.216,11.216,0
240,4,CISO,BANC,1581789600,9.848,9.848,0
240,4,CISO,BANC,1583107200,9.903,9.903,0
240,4,CISO,BANC,1584424800,12.883,12.883,0
240,4,CISO,BANC,1585742400,7.582,7.582,0
240,4,CISO,BANC,1587060000,7.672,7.672,0
240,4,CISO,BANC,1588377600,5.359,5.359,0
240,4,CISO,BANC,1589695200,5.976,5.976,0
240,4,CISO,BANC,1591012800,9.004,9.004,0
240,4,CISO,BANC,1592330400,6.312,6.312,0
240,4,CISO,BANC,1593648000,7.005,7.005,0
240,4,CISO,BANC,1594965600,8.607,8.607,0
240,4,CISO,BANC,1596283200,8.788,8.788,0
240,4,CISO,BANC,1597600800,12.113,12.113,0
240,4,CISO,BANC,1598918400,10.471,10.471,0
240,4,CISO,BANC,1600236000,12.075,12.075,0
240,4,CISO,BANC,1601553600,12.36,12.36,0
240,4,CISO,BANC,1602871200,13.505,13.505,0
240,4,CISO,BANC,1604188800,13.674,13.674,0
240,4,CISO,BANC,1605506400,11.755,11.755,0
240,4,CISO,BANC,1606824000,11.541,11.541,0
240,4,CISO,BANC,1608141600,11.483,11.483,0
240,5,CISO,BANC,1577836800,21.118,20.652,7
240,5,CISO,BANC,1579154400,22.347,21.499,7
240,5,CISO,BANC,1580472000,13.676,15.161,5
240,5,CISO,BANC,1581789600,11.862,14.701,5
240,5,CISO,BANC,1583107200,13.907,16.261,7
240,5,CISO,BANC,1584424800,22.566,20.509,7
240,5,CISO,BANC,1585742400,12.992,12.353,8
240,5,CISO,BANC,1587060000,6.05,9.023,3
240,5,CISO,BANC,1588377600,8.675,8.157,6
240,5,CISO,BANC,1589695200,10.423,9.227,7
240,5,CISO,BANC,1591012800,11.316,12.807,5
240,5,CISO,BANC,1592330400,13.933,11.787,9
240,5,CISO,BANC,1593648000,10.035,10.943,7
240,5,CISO,BANC,1594965600,14.983,13.532,7
240,5,CISO,BANC,1596283200,16.743,14.139,8
240,5,CISO,BANC,1597600800,11.52,13.032,1
240,5,CISO,BANC,1598918400,24.47,19.003,9
240,5,CISO,BANC,1600236000,21.351,18.882,7
240,5,CISO,BANC,1601553600,23.12,20.102,8
240,5,CISO,BANC,1602871200,17.205,18.654,5
240,5,CISO,BANC,1604188800,19.334,19.381,5
240,5,CISO,BANC,1605506400,41.091,25.951,16
240,5,CISO,BANC,1606824000,41.643,25.528,14
240,5,CISO,BANC,1608141600,17.949,16.408,5
240,6,CISO,BANC,1577836800,11.603,13.674,1
240,6,CISO,BANC,1579154400,12.7,14.694,1
240,6,CISO,BANC,1580472000,8.979,12.253,1
240,6,CISO,BANC,1581789600,7.891,10.341,1
240,6,CISO,BANC,1583107200,7.788,10.86,1
240,6,CISO,BANC,1584424800,12.901,14.049,1
240,6,CISO,BANC,1585742400,6.917,8.262,1
240,6,CISO,BANC,1587060000,4.833,7.968,1
240,6,CISO,BANC,1588377600,5.359,5.359,0
240,6,CISO,BANC,1589695200,6.231,6.53,1
240,6,CISO,BANC,1591012800,6.69,9.785,1
240,6,CISO,BANC,1592330400,5.753,6.742,1
240,6,CISO,BANC,1593648000,5.689,7.712,1
240,6,CISO,BANC,1594965600,8.503,9.471,1
240,6,CISO,BANC,1596283200,8.697,9.441,1
240,6,CISO,BANC,1597600800,11.506,13.032,1
240,6,CISO,BANC,1598918400,10.471,10.471,0
240,6,CISO,BANC,1600236000,12.178,13.171,1
240,6,CISO,BANC,1601553600,12.291,13.368,1
240,6,CISO,BANC,1602871200,11.036,14.164,1
240,6,CISO,BANC,1604188800,12.724,14.89,1
240,6,CISO,BANC,1605506400,11.755,11.755,0
240,6,CISO,BANC,1606824000,11.541,11.541,0
240,6,CISO,BANC,1608141600,12.178,12.144,1
240,1,EPE,AECI,1577836800,26.946,26.946,0
240,1,EPE,AECI,1579154400,27.639,27.639,0
240,1,EPE,AECI,1580472000,24.201,24.201,0
240,1,EPE,AECI,1581789600,23.463,23.463,0
240,1,EPE,AECI,1583107200,27.005,27.005,0
240,1,EPE,AECI,1584424800,27.241,27.241,0
240,1,EPE,AECI,1585742400,21.947,21.947,0
240,1,EPE,AECI,1587060000,22.891,22.891,0
240,1,EPE,AECI,1588377600,24.48,24.48,0
240,1,EPE,AECI,1589695200,25.238,25.238,0
240,1,EPE,AECI,1591012800,26.114,26.114,0
240,1,EPE,AECI,1592330400,26.021,26.021,0
240,1,EPE,AECI,1593648000,26.402,26.402,0
240,1,EPE,AECI,1594965600,27.925,27.925,0
240,1,EPE,AECI,1596283200,27.295,27.295,0
240,1,EPE,AECI,1597600800,28.635,28.635,0
240,1,EPE,AECI,1598918400,27.13,27.13,0
240,1,EPE,AECI,1600236000,26.63,26.63,0
240,1,EPE,AECI,1601553600,29.343,29.343,0
240,1,EPE,AECI,1602871200,29.864,29.864,0
240,1,EPE,AECI,1604188800,28.659,28.659,0
240,1,EPE,AECI,1605506400,27.195,27.195,0
240,1,EPE,AECI,1606824000,26.511,26.511,0
240,1,EPE,AECI,1608141600,28.727,28.727,0
240,2,EPE,AECI,1577836800,72.894,50.314,10
240,2,EPE,AECI,1579154400,46.806,37.131,4
240,2,EPE,AECI,1580472000,32.012,28.317,2
240,2,EPE,AECI,1581789600,23.463,23.463,0
240,2,EPE,AECI,1583107200,52.591,40.304,6
240,2,EPE,AECI,1584424800,55.968,41.672,7
240,2,EPE,AECI,1585742400,35.068,29.276,4
240,2,EPE,AECI,1587060000,41.124,33.328,5
240,2,EPE,AECI,1588377600,46.574,36.103,6
240,2,EPE,AECI,1589695200,67.336,47.135,10
240,2,EPE,AECI,1591012800,58.147,43.265,8
240,2,EPE,AECI,1592330400,59.856,43.778,8
240,2,EPE,AECI,1593648000,54.369,40.089,6
240,2,EPE,AECI,1594965600,60.285,44.56,7
240,2,EPE,AECI,1596283200,60.189,43.464,7
240,2,EPE,AECI,1597600800,38.712,32.912,2
240,2,EPE,AECI,1598918400,55.139,40.765,6
240,2,EPE,AECI,1600236000,26.63,26.63,0
240,2,EPE,AECI,1601553600,52.134,41.617,5
240,2,EPE,AECI,1602871200,47.481,39.888,4
240,2,EPE,AECI,1604188800,58.065,42.796,6
240,2,EPE,AECI,1605506400,31.456,29.487,1
240,2,EPE,AECI,1606824000,36.165,30.988,2
240,2,EPE,AECI,1608141600,87.355,56.989,12
240,3,EPE,AECI,1577836800,26.946,26.946,0
240,3,EPE,AECI,1579154400,27.639,27.639,0
240,3,EPE,AECI,1580472000,31.695,28.317,2
240,3,EPE,AECI,1581789600,23.463,23.463,0
240,3,EPE,AECI,1583107200,27.005,27.005,0
240,3,EPE,AECI,1584424800,31.215,29.374,1
240,3,EPE,AECI,1585742400,28.531,25.502,2
240,3,EPE,AECI,1587060000,22.891,22.891,0
240,3,EPE,AECI,1588377600,24.48,24.48,0
240,3,EPE,AECI,1589695200,29.65,27.658,1
240,3,EPE,AECI,1591012800,33.719,30.288,2
240,3,EPE,AECI,1592330400,38.011,32.639,3
240,3,EPE,AECI,1593648000,26.402,26.402,0
240,3,EPE,AECI,1594965600,46.054,37.357,4
240,3,EPE,AECI,1596283200,36.275,31.593,2
240,3,EPE,AECI,1597600800,28.635,28.635,0
240,3,EPE,AECI,1598918400,31.613,29.47,1
240,3,EPE,AECI,1600236000,26.63,26.63,0
240,3,EPE,AECI,1601553600,38.849,34.023,2
240,3,EPE,AECI,1602871200,48.152,39.888,4
240,3,EPE,AECI,1604188800,28.659,28.659,0
240,3,EPE,AECI,1605506400,31.337,29.487,1
240,3,EPE,AECI,1606824000,36.037,30.988,2
240,3,EPE,AECI,1608141600,38.297,33.453,2
240,4,EPE,AECI,1577836800,26.946,26.946,0
240,4,EPE,AECI,1579154400,27.639,27.639,0
240,4,EPE,AECI,1580472000,24.201,24.201,0
240,4,EPE,AECI,1581789600,23.463,23.463,0
240,4,EPE,AECI,1583107200,27.005,27.005,0
240,4,EPE,AECI,1584424800,27.241,27.241,0
240,4,EPE,AECI,1585742400,21.947,21.947,0
240,4,EPE,AECI,1587060000,22.891,22.891,0
240,4,EPE,AECI,1588377600,24.48,24.48,0
240,4,EPE,AECI,1589695200,25.238,25.238,0
240,4,EPE,AECI,1591012800,26.114,26.114,0
240,4,EPE,AECI,1592330400,26.021,26.021,0
240,4,EPE,AECI,1593648000,26.402,26.402,0
240,4,EPE,AECI,1594965600,27.925,27.925,0
240,4,EPE,AECI,1596283200,27.295,27.295,0
240,4,EPE,AECI,1597600800,28.635,28.635,0
240,4,EPE,AECI,1598918400,27.13,27.13,0
240,4,EPE,AECI,1600236000,26.63,26.63,0
240,4,EPE,AECI,1601553600,29.343,29.343,0
240,4,EPE,AECI,1602871200,29.864,29.864,0
240,4,EPE,AECI,1604188800,28.659,28.659,0
240,4,EPE,AECI,1605506400,27.195,27.195,0
240,4,EPE,AECI,1606824000,26.511,26.511,0
240,4,EPE,AECI,1608141600,28.727,28.727,0
240,5,EPE,AECI,1577836800,72.216,50.314,10
240,5,EPE,AECI,1579154400,46.282,37.131,4
240,5,EPE,AECI,1580472000,31.733,28.317,2
240,5,EPE,AECI,1581789600,23.463,23.463,0
240,5,EPE,AECI,1583107200,51.763,40.304,6
240,5,EPE,AECI,1584424800,55.557,41.672,7
240,5,EPE,AECI,1585742400,34.568,29.276,4
240,5,EPE,AECI,1587060000,44.556,35.15,6
240,5,EPE,AECI,1588377600,45.891,36.103,6
240,5,EPE,AECI,1589695200,66.339,47.135,10
240,5,EPE,AECI,1591012800,44.86,36.834,5
240,5,EPE,AECI,1592330400,63.609,46.133,9
240,5,EPE,AECI,1593648000,53.368,40.089,6
240,5,EPE,AECI,1594965600,59.591,44.56,7
240,5,EPE,AECI,1596283200,45.431,36.033,4
240,5,EPE,AECI,1597600800,38.469,32.912,2
240,5,EPE,AECI,1598918400,54.804,40.765,6
240,5,EPE,AECI,1600236000,31.393,29.092,1
240,5,EPE,AECI,1601553600,51.724,41.617,5
240,5,EPE,AECI,1602871200,47.303,39.888,4
240,5,EPE,AECI,1604188800,57.619,42.796,6
240,5,EPE,AECI,1605506400,31.431,29.487,1
240,5,EPE,AECI,1606824000,36.037,30.988,2
240,5,EPE,AECI,1608141600,86.614,56.989,12
240,6,EPE,AECI,1577836800,26.946,26.946,0
240,6,EPE,AECI,1579154400,27.639,27.639,0
240,6,EPE,AECI,1580472000,24.201,24.201,0
240,6,EPE,AECI,1581789600,23.463,23.463,0
240,6,EPE,AECI,1583107200,27.005,27.005,0
240,6,EPE,AECI,1584424800,27.241,27.241,0
240,6,EPE,AECI,1585742400,21.947,21.947,0
240,6,EPE,AECI,1587060000,22.891,22.891,0
240,6,EPE,AECI,1588377600,24.48,24.48,0
240,6,EPE,AECI,1589695200,25.238,25.238,0
240,6,EPE,AECI,1591012800,26.114,26.114,0
240,6,EPE,AECI,1592330400,26.021,26.021,0
240,6,EPE,AECI,1593648000,26.402,26.402,0
240,6,EPE,AECI,1594965600,27.925,27.925,0
240,6,EPE,AECI,1596283200,27.295,27.295,0
240,6,EPE,AECI,1597600800,28.635,28.635,0
240,6,EPE,AECI,1598918400,27.13,27.13,0
240,6,EPE,AECI,1600236000,26.63,26.63,0
240,6,EPE,AECI,1601553600,29.343,29.343,0
240,6,EPE,AECI,1602871200,29.864,29.864,0
240,6,EPE,AECI,1604188800,28.659,28.659,0
240,6,EPE,AECI,1605506400,27.195,27.195,0
240,6,EPE,AECI,1606824000,26.511,26.511,0
240,6,EPE,AECI,1608141600,28.727,28.727,0
240,1,EPE,PSCO,1577836800,26.946,26.946,0
240,1,EPE,PSCO,1579154400,27.639,27.639,0
240,1,EPE,PSCO,1580472000,24.201,24.201,0
240,1,EPE,PSCO,1581789600,23.463,23.463,0
240,1,EPE,PSCO,1583107200,27.005,27.005,0
240,1,EPE,PSCO,1584424800,27.241,27.241,0
240,1,EPE,PSCO,1585742400,21.947,21.947,0
240,1,EPE,PSCO,1587060000,22.891,22.891,0
240,1,EPE,PSCO,1588377600,24.48,24.48,0
240,1,EPE,PSCO,1589695200,25.238,25.238,0
240,1,EPE,PSCO,1591012800,26.114,26.114,0
240,1,EPE,PSCO,1592330400,26.021,26.021,0
240,1,EPE,PSCO,1593648000,26.402,26.402,0
240,1,EPE,PSCO,1594965600,27.925,27.925,0
240,1,EPE,PSCO,1596283200,27.295,27.295,0
240,1,EPE,PSCO,1597600800,28.635,28.635,0
240,1,EPE,PSCO,1598918400,27.13,27.13,0
240,1,EPE,PSCO,1600236000,26.63,26.63,0
240,1,EPE,PSCO,1601553600,29.343,29.343,0
240,1,EPE,PSCO,1602871200,29.864,29.864,0
240,1,EPE,PSCO,1604188800,28.659,28.659,0
240,1,EPE,PSCO,1605506400,27.195,27.195,0
240,1,EPE,PSCO,1606824000,26.511,26.511,0
240,1,EPE,PSCO,1608141600,28.727,28.727,0
240,2,EPE,PSCO,1577836800,53.531,40.818,6
240,2,EPE,PSCO,1579154400,60.032,47.245,8
240,2,EPE,PSCO,1580472000,61.806,44.191,10
240,2,EPE,PSCO,1581789600,39.85,31.949,4
240,2,EPE,PSCO,1583107200,55.304,42.614,7
240,2,EPE,PSCO,1584424800,43.314,35.151,4
240,2,EPE,PSCO,1585742400,29.166,25.502,2
240,2,EPE,PSCO,1587060000,30.634,26.549,2
240,2,EPE,PSCO,1588377600,49.209,38.151,7
240,2,EPE,PSCO,1589695200,33.378,32.237,3
240,2,EPE,PSCO,1591012800,62.316,43.265,8
240,2,EPE,PSCO,1592330400,50.944,39.542,6
240,2,EPE,PSCO,1593648000,57.703,44.737,8
240,2,EPE,PSCO,1594965600,58.486,44.56,7
240,2,EPE,PSCO,1596283200,37.265,33.737,3
240,2,EPE,PSCO,1597600800,51.611,41.637,6
240,2,EPE,PSCO,1598918400,39.547,34.291,3
240,2,EPE,PSCO,1600236000,51.799,43.23,7
240,2,EPE,PSCO,1601553600,62.157,48.88,8
240,2,EPE,PSCO,1602871200,55.125,45.053,6
240,2,EPE,PSCO,1604188800,66.536,47.516,8
240,2,EPE,PSCO,1605506400,54.255,42.102,7
240,2,EPE,PSCO,1606824000,23.703,28.853,1
240,2,EPE,PSCO,1608141600,26.87,30.954,1
240,3,EPE,PSCO,1577836800,44.848,36.555,4
240,3,EPE,PSCO,1579154400,26.502,30.075,1
240,3,EPE,PSCO,1580472000,26.33,26.393,1
240,3,EPE,PSCO,1581789600,31.1,27.272,2
240,3,EPE,PSCO,1583107200,30.315,29.39,1
240,3,EPE,PSCO,1584424800,35.627,31.496,2
240,3,EPE,PSCO,1585742400,21.947,21.947,0
240,3,EPE,PSCO,1587060000,22.891,22.891,0
240,3,EPE,PSCO,1588377600,24.48,24.48,0
240,3,EPE,PSCO,1589695200,27.117,27.658,1
240,3,EPE,PSCO,1591012800,26.114,26.114,0
240,3,EPE,PSCO,1592330400,32.35,30.29,2
240,3,EPE,PSCO,1593648000,28.331,28.64,1
240,3,EPE,PSCO,1594965600,32.059,30.409,1
240,3,EPE,PSCO,1596283200,30.968,29.55,1
240,3,EPE,PSCO,1597600800,33.586,32.912,2
240,3,EPE,PSCO,1598918400,27.13,27.13,0
240,3,EPE,PSCO,1600236000,27.392,29.092,1
240,3,EPE,PSCO,1601553600,30.619,31.854,1
240,3,EPE,PSCO,1602871200,40.61,37.125,3
240,3,EPE,PSCO,1604188800,28.659,28.659,0
240,3,EPE,PSCO,1605506400,31.026,29.487,1
240,3,EPE,PSCO,1606824000,23.703,28.853,1
240,3,EPE,PSCO,1608141600,26.87,30.954,1
240,4,EPE,PSCO,1577836800,26.946,26.946,0
240,4,EPE,PSCO,1579154400,27.639,27.639,0
240,4,EPE,PSCO,1580472000,24.201,24.201,0
240,4,EPE,PSCO,1581789600,23.463,23.463,0
240,4,EPE,PSCO,1583107200,27.005,27.005,0
240,4,EPE,PSCO,1584424800,27.241,27.241,0
240,4,EPE,PSCO,1585742400,21.947,21.947,0
240,4,EPE,PSCO,1587060000,22.891,22.891,0
240,4,EPE,PSCO,1588377600,24.48,24.48,0
240,4,EPE,PSCO,1589695200,25.238,25.238,0
240,4,EPE,PSCO,1591012800,26.114,26.114,0
240,4,EPE,PSCO,1592330400,26.021,26.021,0
240,4,EPE,PSCO,1593648000,26.402,26.402,0
240,4,EPE,PSCO,1594965600,27.925,27.925,0
240,4,EPE,PSCO,1596283200,27.295,27.295,0
240,4,EPE,PSCO,1597600800,28.635,28.635,0
240,4,EPE,PSCO,1598918400,27.13,27.13,0
240,4,EPE,PSCO,1600236000,26.63,26.63,0
240,4,EPE,PSCO,1601553600,29.343,29.343,0
240,4,EPE,PSCO,1602871200,29.864,29.864,0
240,4,EPE,PSCO,1604188800,28.659,28.659,0
240,4,EPE,PSCO,1605506400,27.195,27.195,0
240,4,EPE,PSCO,1606824000,26.511,26.511,0
240,4,EPE,PSCO,1608141600,28.727,28.727,0
240,5,EPE,PSCO,1577836800,52.546,40.818,6
240,5,EPE,PSCO,1579154400,59.333,47.245,8
240,5,EPE,PSCO,1580472000,60.678,44.191,10
240,5,EPE,PSCO,1581789600,39.809,31.949,4
240,5,EPE,PSCO,1583107200,54.625,42.614,7
240,5,EPE,PSCO,1584424800,43.186,35.151,4
240,5,EPE,PSCO,1585742400,28.48,25.502,2
240,5,EPE,PSCO,1587060000,39.486,31.044,4
240,5,EPE,PSCO,1588377600,48.626,38.151,7
240,5,EPE,PSCO,1589695200,32.964,32.237,3
240,5,EPE,PSCO,1591012800,34.669,30.288,2
240,5,EPE,PSCO,1592330400,50.2,39.542,6
240,5,EPE,PSCO,1593648000,57.009,44.737,8
240,5,EPE,PSCO,1594965600,57.782,44.56,7
240,5,EPE,PSCO,1596283200,37.25,33.737,3
240,5,EPE,PSCO,1597600800,51.066,41.637,6
240,5,EPE,PSCO,1598918400,39.158,34.291,3
240,5,EPE,PSCO,1600236000,50.974,43.23,7
240,5,EPE,PSCO,1601553600,60.967,48.88,8
240,5,EPE,PSCO,1602871200,54.492,45.053,6
240,5,EPE,PSCO,1604188800,70.466,50.014,9
240,5,EPE,PSCO,1605506400,53.498,42.102,7
240,5,EPE,PSCO,1606824000,23.703,28.853,1
240,5,EPE,PSCO,1608141600,26.87,30.954,1
240,6,EPE,PSCO,1577836800,26.946,26.946,0
240,6,EPE,PSCO,1579154400,26.502,30.075,1
240,6,EPE,PSCO,1580472000,24.201,24.201,0
240,6,EPE,PSCO,1581789600,23.463,23.463,0
240,6,EPE,PSCO,1583107200,27.005,27.005,0
240,6,EPE,PSCO,1584424800,27.241,27.241,0
240,6,EPE,PSCO,1585742400,21.947,21.947,0
240,6,EPE,PSCO,1587060000,22.891,22.891,0
240,6,EPE,PSCO,1588377600,24.48,24.48,0
240,6,EPE,PSCO,1589695200,27.117,27.658,1
240,6,EPE,PSCO,1591012800,26.114,26.114,0
240,6,EPE,PSCO,1592330400,26.021,26.021,0
240,6,EPE,PSCO,1593648000,26.402,26.402,0
240,6,EPE,PSCO,1594965600,27.925,27.925,0
240,6,EPE,PSCO,1596283200,27.295,27.295,0
240,6,EPE,PSCO,1597600800,29.922,30.722,1
240,6,EPE,PSCO,1598918400,27.13,27.13,0
240,6,EPE,PSCO,1600236000,27.392,29.092,1
240,6,EPE,PSCO,1601553600,30.619,31.854,1
240,6,EPE,PSCO,1602871200,29.864,29.864,0
240,6,EPE,PSCO,1604188800,28.659,28.659,0
240,6,EPE,PSCO,1605506400,27.195,27.195,0
240,6,EPE,PSCO,1606824000,23.703,28.853,1
240,6,EPE,PSCO,1608141600,26.87,30.954,1
240,1,PACE,AECI,1577836800,29.606,29.606,0
240,1,PACE,AECI,1579154400,31.258,31.258,0
240,1,PACE,AECI,1580472000,26.441,26.441,0
240,1,PACE,AECI,1581789600,26.244,26.244,0
240,1,PACE,AECI,1583107200,27.863,27.863,0
240,1,PACE,AECI,1584424800,33.66,33.66,0
240,1,PACE,AECI,1585742400,30.11,30.11,0
240,1,PACE,AECI,1587060000,29.92,29.92,0
240,1,PACE,AECI,1588377600,26.092,26.092,0
240,1,PACE,AECI,1589695200,29.135,29.135,0
240,1,PACE,AECI,1591012800,30.797,30.797,0
240,1,PACE,AECI,1592330400,26.769,26.769,0
240,1,PACE,AECI,1593648000,28.187,28.187,0
240,1,PACE,AECI,1594965600,26.382,26.382,0
240,1,PACE,AECI,1596283200,31.055,31.055,0
240,1,PACE,AECI,1597600800,33.719,33.719,0
240,1,PACE,AECI,1598918400,31.987,31.987,0
240,1,PACE,AECI,1600236000,34.388,34.388,0
240,1,PACE,AECI,1601553600,33.411,33.411,0
240,1,PACE,AECI,1602871200,28.206,28.206,0
240,1,PACE,AECI,1604188800,34.413,34.413,0
240,1,PACE,AECI,1605506400,30.768,30.768,0
240,1,PACE,AECI,1606824000,32.138,32.138,0
240,1,PACE,AECI,1608141600,29.524,29.524,0
240,2,PACE,AECI,1577836800,42.009,37.66,3
240,2,PACE,AECI,1579154400,79.777,56.337,10
240,2,PACE,AECI,1580472000,48.233,38.393,5
240,2,PACE,AECI,1581789600,40.104,33.559,3
240,2,PACE,AECI,1583107200,51.661,40.348,6
240,2,PACE,AECI,1584424800,42.954,42.649,3
240,2,PACE,AECI,1585742400,30.559,34.766,2
240,2,PACE,AECI,1587060000,35.35,37.28,3
240,2,PACE,AECI,1588377600,47.02,38.425,6
240,2,PACE,AECI,1589695200,69.307,50.719,10
240,2,PACE,AECI,1591012800,47.868,43.414,5
240,2,PACE,AECI,1592330400,37.024,34.429,3
240,2,PACE,AECI,1593648000,56.278,43.081,6
240,2,PACE,AECI,1594965600,75.045,51.703,10
240,2,PACE,AECI,1596283200,82.118,60.124,11
240,2,PACE,AECI,1597600800,122.156,79.913,17
240,2,PACE,AECI,1598918400,43.693,40.269,3
240,2,PACE,AECI,1600236000,71.647,54.621,7
240,2,PACE,AECI,1601553600,71.382,55.699,8
240,2,PACE,AECI,1602871200,45.463,37.696,4
240,2,PACE,AECI,1604188800,70.158,53.533,7
240,2,PACE,AECI,1605506400,49.502,40.465,4
240,2,PACE,AECI,1606824000,73.256,52.826,8
240,2,PACE,AECI,1608141600,68.963,48.331,8
240,3,PACE,AECI,1577836800,41.878,37.66,3
240,3,PACE,AECI,1579154400,49.501,41.046,4
240,3,PACE,AECI,1580472000,34.046,30.645,2
240,3,PACE,AECI,1581789600,26.244,26.244,0
240,3,PACE,AECI,1583107200,27.863,27.863,0
240,3,PACE,AECI,1584424800,33.58,36.859,1
240,3,PACE,AECI,1585742400,30.559,34.766,2
240,3,PACE,AECI,1587060000,27.801,31.985,1
240,3,PACE,AECI,1588377600,36.465,32.39,3
240,3,PACE,AECI,1589695200,31.129,31.664,1
240,3,PACE,AECI,1591012800,30.041,33.425,1
240,3,PACE,AECI,1592330400,29.758,29.215,1
240,3,PACE,AECI,1593648000,28.187,28.187,0
240,3,PACE,AECI,1594965600,30.31,29.082,1
240,3,PACE,AECI,1596283200,53.986,43.535,5
240,3,PACE,AECI,1597600800,43.491,38.912,2
240,3,PACE,AECI,1598918400,43.716,40.269,3
240,3,PACE,AECI,1600236000,55.189,45.966,4
240,3,PACE,AECI,1601553600,35.719,36.44,1
240,3,PACE,AECI,1602871200,37.048,32.409,2
240,3,PACE,AECI,1604188800,50.012,42.858,3
240,3,PACE,AECI,1605506400,34.711,33.256,1
240,3,PACE,AECI,1606824000,42.637,37.178,2
240,3,PACE,AECI,1608141600,33.782,32.133,1
240,4,PACE,AECI,1577836800,29.606,29.606,0
240,4,PACE,AECI,1579154400,31.258,31.258,0
240,4,PACE,AECI,1580472000,26.441,26.441,0
240,4,PACE,AECI,1581789600,26.244,26.244,0
240,4,PACE,AECI,1583107200,27.863,27.863,0
240,4,PACE,AECI,1584424800,33.66,33.66,0
240,4,PACE,AECI,1585742400,30.11,30.11,0
240,4,PACE,AECI,1587060000,29.92,29.92,0
240,4,PACE,AECI,1588377600,26.092,26.092,0
240,4,PACE,AECI,1589695200,29.135,29.135,0
240,4,PACE,AECI,1591012800,30.797,30.797,0
240,4,PACE,AECI,1592330400,26.769,26.769,0
240,4,PACE,AECI,1593648000,28.187,28.187,0
240,4,PACE,AECI,1594965600,26.382,26.382,0
240,4,PACE,AECI,1596283200,31.055,31.055,0
240,4,PACE,AECI,1597600800,33.719,33.719,0
240,4,PACE,AECI,1598918400,31.987,31.987,0
240,4,PACE,AECI,1600236000,34.388,34.388,0
240,4,PACE,AECI,1601553600,33.411,33.411,0
240,4,PACE,AECI,1602871200,28.206,28.206,0
240,4,PACE,AECI,1604188800,34.413,34.413,0
240,4,PACE,AECI,1605506400,30.768,30.768,0
240,4,PACE,AECI,1606824000,32.138,32.138,0
240,4,PACE,AECI,1608141600,29.524,29.524,0
240,5,PACE,AECI,1577836800,41.773,37.66,3
240,5,PACE,AECI,1579154400,83.919,59.005,11
240,5,PACE,AECI,1580472000,47.009,38.393,5
240,5,PACE,AECI,1581789600,39.424,33.559,3
240,5,PACE,AECI,1583107200,50.952,40.348,6
240,5,PACE,AECI,1584424800,42.443,42.649,3
240,5,PACE,AECI,1585742400,30.569,34.766,2
240,5,PACE,AECI,1587060000,35.028,37.28,3
240,5,PACE,AECI,1588377600,45.757,38.425,6
240,5,PACE,AECI,1589695200,67.982,50.719,10
240,5,PACE,AECI,1591012800,47.407,43.414,5
240,5,PACE,AECI,1592330400,36.132,34.429,3
240,5,PACE,AECI,1593648000,54.776,43.081,6
240,5,PACE,AECI,1594965600,73.705,51.703,10
240,5,PACE,AECI,1596283200,71.63,54.486,9
240,5,PACE,AECI,1597600800,120.817,79.913,17
240,5,PACE,AECI,1598918400,43.673,40.269,3
240,5,PACE,AECI,1600236000,70.946,54.621,7
240,5,PACE,AECI,1601553600,70.388,55.699,8
240,5,PACE,AECI,1602871200,45.206,37.696,4
240,5,PACE,AECI,1604188800,69.387,53.533,7
240,5,PACE,AECI,1605506400,48.761,40.465,4
240,5,PACE,AECI,1606824000,72.706,52.826,8
240,5,PACE,AECI,1608141600,68.122,48.331,8
240,6,PACE,AECI,1577836800,29.606,29.606,0
240,6,PACE,AECI,1579154400,31.258,31.258,0
240,6,PACE,AECI,1580472000,26.441,26.441,0
240,6,PACE,AECI,1581789600,26.244,26.244,0
240,6,PACE,AECI,1583107200,27.863,27.863,0
240,6,PACE,AECI,1584424800,33.58,36.859,1
240,6,PACE,AECI,1585742400,26.148,32.68,1
240,6,PACE,AECI,1587060000,27.801,31.985,1
240,6,PACE,AECI,1588377600,26.092,26.092,0
240,6,PACE,AECI,1589695200,29.135,29.135,0
240,6,PACE,AECI,1591012800,30.041,33.425,1
240,6,PACE,AECI,1592330400,28.282,29.215,1
240,6,PACE,AECI,1593648000,28.187,28.187,0
240,6,PACE,AECI,1594965600,26.382,26.382,0
240,6,PACE,AECI,1596283200,31.055,31.055,0
240,6,PACE,AECI,1597600800,33.719,33.719,0
240,6,PACE,AECI,1598918400,31.987,31.987,0
240,6,PACE,AECI,1600236000,34.388,34.388,0
240,6,PACE,AECI,1601553600,33.411,33.411,0
240,6,PACE,AECI,1602871200,28.206,28.206,0
240,6,PACE,AECI,1604188800,34.413,34.413,0
240,6,PACE,AECI,1605506400,30.768,30.768,0
240,6,PACE,AECI,1606824000,32.138,32.138,0
240,6,PACE,AECI,1608141600,29.524,29.524,0
240,1,PACE,PSCO,1577836800,29.606,29.606,0
240,1,PACE,PSCO,1579154400,31.258,31.258,0
240,1,PACE,PSCO,1580472000,26.441,26.441,0
240,1,PACE,PSCO,1581789600,26.244,26.244,0
240,1,PACE,PSCO,1583107200,27.863,27.863,0
240,1,PACE,PSCO,1584424800,33.66,33.66,0
240,1,PACE,PSCO,1585742400,30.11,30.11,0
240,1,PACE,PSCO,1587060000,29.92,29.92,0
240,1,PACE,PSCO,1588377600,26.092,26.092,0
240,1,PACE,PSCO,1589695200,29.135,29.135,0
240,1,PACE,PSCO,1591012800,30.797,30.797,0
240,1,PACE,PSCO,1592330400,26.769,26.769,0
240,1,PACE,PSCO,1593648000,28.187,28.187,0
240,1,PACE,PSCO,1594965600,26.382,26.382,0
240,1,PACE,PSCO,1596283200,31.055,31.055,0
240,1,PACE,PSCO,1597600800,33.719,33.719,0
240,1,PACE,PSCO,1598918400,31.987,31.987,0
240,1,PACE,PSCO,1600236000,34.388,34.388,0
240,1,PACE,PSCO,1601553600,33.411,33.411,0
240,1,PACE,PSCO,1602871200,28.206,28.206,0
240,1,PACE,PSCO,1604188800,34.413,34.413,0
240,1,PACE,PSCO,1605506400,30.768,30.768,0
240,1,PACE,PSCO,1606824000,32.138,32.138,0
240,1,PACE,PSCO,1608141600,29.524,29.524,0
240,2,PACE,PSCO,1577836800,66.677,50.138,8
240,2,PACE,PSCO,1579154400,61.231,51.287,8
240,2,PACE,PSCO,1580472000,50.364,43.864,7
240,2,PACE,PSCO,1581789600,71.009,49.973,9
240,2,PACE,PSCO,1583107200,90.156,62.57,15
240,2,PACE,PSCO,1584424800,44.806,42.649,3
240,2,PACE,PSCO,1585742400,56.379,47.948,7
240,2,PACE,PSCO,1587060000,70.087,52.169,9
240,2,PACE,PSCO,1588377600,41.508,36.461,5
240,2,PACE,PSCO,1589695200,43.117,40.269,5
240,2,PACE,PSCO,1591012800,52.957,43.414,5
240,2,PACE,PSCO,1592330400,60.934,47.505,8
240,2,PACE,PSCO,1593648000,53.004,45.626,7
240,2,PACE,PSCO,1594965600,72.694,51.703,10
240,2,PACE,PSCO,1596283200,48.672,43.535,5
240,2,PACE,PSCO,1597600800,30.457,36.296,1
240,2,PACE,PSCO,1598918400,72.208,57.174,9
240,2,PACE,PSCO,1600236000,28.321,37.312,1
240,2,PACE,PSCO,1601553600,51.066,47.642,5
240,2,PACE,PSCO,1602871200,52.901,42.577,6
240,2,PACE,PSCO,1604188800,45.45,42.858,3
240,2,PACE,PSCO,1605506400,56.905,47.921,7
240,2,PACE,PSCO,1606824000,24.49,34.773,1
240,2,PACE,PSCO,1608141600,27.057,32.133,1
240,3,PACE,PSCO,1577836800,40.933,37.66,3
240,3,PACE,PSCO,1579154400,27.36,33.881,1
240,3,PACE,PSCO,1580472000,26.47,28.765,1
240,3,PACE,PSCO,1581789600,30.147,28.274,1
240,3,PACE,PSCO,1583107200,50.775,40.348,6
240,3,PACE,PSCO,1584424800,34.915,36.859,1
240,3,PACE,PSCO,1585742400,35.857,34.766,2
240,3,PACE,PSCO,1587060000,41.408,37.28,3
240,3,PACE,PSCO,1588377600,35.152,32.39,3
240,3,PACE,PSCO,1589695200,27.781,31.664,1
240,3,PACE,PSCO,1591012800,39.672,35.779,2
240,3,PACE,PSCO,1592330400,28.061,29.215,1
240,3,PACE,PSCO,1593648000,27.902,30.792,1
240,3,PACE,PSCO,1594965600,30.536,29.082,1
240,3,PACE,PSCO,1596283200,31.524,33.571,1
240,3,PACE,PSCO,1597600800,30.457,36.296,1
240,3,PACE,PSCO,1598918400,45.413,40.269,3
240,3,PACE,PSCO,1600236000,28.321,37.312,1
240,3,PACE,PSCO,1601553600,31.423,36.44,1
240,3,PACE,PSCO,1602871200,39.98,34.994,3
240,3,PACE,PSCO,1604188800,35.617,37.191,1
240,3,PACE,PSCO,1605506400,31.284,33.256,1
240,3,PACE,PSCO,1606824000,24.49,34.773,1
240,3,PACE,PSCO,1608141600,27.057,32.133,1
240,4,PACE,PSCO,1577836800,29.606,29.606,0
240,4,PACE,PSCO,1579154400,31.258,31.258,0
240,4,PACE,PSCO,1580472000,26.441,26.441,0
240,4,PACE,PSCO,1581789600,26.244,26.244,0
240,4,PACE,PSCO,1583107200,27.863,27.863,0
240,4,PACE,PSCO,1584424800,33.66,33.66,0
240,4,PACE,PSCO,1585742400,30.11,30.11,0
240,4,PACE,PSCO,1587060000,29.92,29.92,0
240,4,PACE,PSCO,1588377600,26.092,26.092,0
240,4,PACE,PSCO,1589695200,29.135,29.135,0
240,4,PACE,PSCO,1591012800,30.797,30.797,0
240,4,PACE,PSCO,1592330400,26.769,26.769,0
240,4,PACE,PSCO,1593648000,28.187,28.187,0
240,4,PACE,PSCO,1594965600,26.382,26.382,0
240,4,PACE,PSCO,1596283200,31.055,31.055,0
240,4,PACE,PSCO,1597600800,33.719,33.719,0
240,4,PACE,PSCO,1598918400,31.987,31.987,0
240,4,PACE,PSCO,1600236000,34.388,34.388,0
240,4,PACE,PSCO,1601553600,33.411,33.411,0
240,4,PACE,PSCO,1602871200,28.206,28.206,0
240,4,PACE,PSCO,1604188800,34.413,34.413,0
240,4,PACE,PSCO,1605506400,30.768,30.768,0
240,4,PACE,PSCO,1606824000,32.138,32.138,0
240,4,PACE,PSCO,1608141600,29.524,29.524,0
240,5,PACE,PSCO,1577836800,65.454,50.138,8
240,5,PACE,PSCO,1579154400,60.561,51.287,8
240,5,PACE,PSCO,1580472000,49.378,43.864,7
240,5,PACE,PSCO,1581789600,69.726,49.973,9
240,5,PACE,PSCO,1583107200,88.13,62.57,15
240,5,PACE,PSCO,1584424800,44.856,42.649,3
240,5,PACE,PSCO,1585742400,55.252,47.948,7
240,5,PACE,PSCO,1587060000,69.049,52.169,9
240,5,PACE,PSCO,1588377600,41.048,36.461,5
240,5,PACE,PSCO,1589695200,42.721,40.269,5
240,5,PACE,PSCO,1591012800,52.707,43.414,5
240,5,PACE,PSCO,1592330400,65.073,50.357,9
240,5,PACE,PSCO,1593648000,57.477,48.418,8
240,5,PACE,PSCO,1594965600,71.062,51.703,10
240,5,PACE,PSCO,1596283200,48.53,43.535,5
240,5,PACE,PSCO,1597600800,30.457,36.296,1
240,5,PACE,PSCO,1598918400,71.511,57.174,9
240,5,PACE,PSCO,1600236000,28.321,37.312,1
240,5,PACE,PSCO,1601553600,50.349,47.642,5
240,5,PACE,PSCO,1602871200,51.718,42.577,6
240,5,PACE,PSCO,1604188800,45.058,42.858,3
240,5,PACE,PSCO,1605506400,56.347,47.921,7
240,5,PACE,PSCO,1606824000,24.49,34.773,1
240,5,PACE,PSCO,1608141600,27.057,32.133,1
240,6,PACE,PSCO,1577836800,29.606,29.606,0
240,6,PACE,PSCO,1579154400,27.36,33.881,1
240,6,PACE,PSCO,1580472000,26.47,28.765,1
240,6,PACE,PSCO,1581789600,26.244,26.244,0
240,6,PACE,PSCO,1583107200,27.863,27.863,0
240,6,PACE,PSCO,1584424800,34.915,36.859,1
240,6,PACE,PSCO,1585742400,31.265,32.68,1
240,6,PACE,PSCO,1587060000,29.92,29.92,0
240,6,PACE,PSCO,1588377600,26.092,26.092,0
240,6,PACE,PSCO,1589695200,27.781,31.664,1
240,6,PACE,PSCO,1591012800,30.797,30.797,0
240,6,PACE,PSCO,1592330400,27.958,29.215,1
240,6,PACE,PSCO,1593648000,27.902,30.792,1
240,6,PACE,PSCO,1594965600,26.382,26.382,0
240,6,PACE,PSCO,1596283200,31.524,33.571,1
240,6,PACE,PSCO,1597600800,30.457,36.296,1
240,6,PACE,PSCO,1598918400,31.987,31.987,0
240,6,PACE,PSCO,1600236000,28.321,37.312,1
240,6,PACE,PSCO,1601553600,31.423,36.44,1
240,6,PACE,PSCO,1602871200,28.206,28.206,0
240,6,PACE,PSCO,1604188800,35.617,37.191,1
240,6,PACE,PSCO,1605506400,31.284,33.256,1
240,6,PACE,PSCO,1606824000,24.49,34.773,1
240,6,PACE,PSCO,1608141600,27.057,32.133,1
240,1,PSCO,EPE,1577836800,26.907,26.907,0
240,1,PSCO,EPE,1579154400,22.413,22.413,0
240,1,PSCO,EPE,1580472000,22.109,22.109,0
240,1,PSCO,EPE,1581789600,27.813,27.813,0
240,1,PSCO,EPE,1583107200,26.075,26.075,0
240,1,PSCO,EPE,1584424800,29.473,29.473,0
240,1,PSCO,EPE,1585742400,26.226,26.226,0
240,1,PSCO,EPE,1587060000,28.177,28.177,0
240,1,PSCO,EPE,1588377600,24.541,24.541,0
240,1,PSCO,EPE,1589695200,23.284,23.284,0
240,1,PSCO,EPE,1591012800,29.454,29.454,0
240,1,PSCO,EPE,1592330400,23.999,23.999,0
240,1,PSCO,EPE,1593648000,24.018,24.018,0
240,1,PSCO,EPE,1594965600,28.389,28.389,0
240,1,PSCO,EPE,1596283200,26.947,26.947,0
240,1,PSCO,EPE,1597600800,25.294,25.294,0
240,1,PSCO,EPE,1598918400,31.306,31.306,0
240,1,PSCO,EPE,1600236000,23.203,23.203,0
240,1,PSCO,EPE,1601553600,26.023,26.023,0
240,1,PSCO,EPE,1602871200,27.041,27.041,0
240,1,PSCO,EPE,1604188800,30.123,30.123,0
240,1,PSCO,EPE,1605506400,27.111,27.111,0
240,1,PSCO,EPE,1606824000,19.648,19.648,0
240,1,PSCO,EPE,1608141600,23.039,23.039,0
240,2,PSCO,EPE,1577836800,58.553,44.438,7
240,2,PSCO,EPE,1579154400,55.152,38.585,7
240,2,PSCO,EPE,1580472000,57.162,40.952,9
240,2,PSCO,EPE,1581789600,44.791,39.939,5
240,2,PSCO,EPE,1583107200,51.159,38.409,6
240,2,PSCO,EPE,1584424800,52.695,42.411,6
240,2,PSCO,EPE,1585742400,33.658,33.69,3
240,2,PSCO,EPE,1587060000,44.589,40.078,5
240,2,PSCO,EPE,1588377600,45.788,34.013,6
240,2,PSCO,EPE,1589695200,37.99,30.086,4
240,2,PSCO,EPE,1591012800,57.202,46.029,7
240,2,PSCO,EPE,1592330400,36.573,31.433,3
240,2,PSCO,EPE,1593648000,48.392,36.504,6
240,2,PSCO,EPE,1594965600,54.03,42.603,6
240,2,PSCO,EPE,1596283200,42.002,34.137,4
240,2,PSCO,EPE,1597600800,56.198,42.108,7
240,2,PSCO,EPE,1598918400,35.515,35.18,2
240,2,PSCO,EPE,1600236000,47.687,35.496,6
240,2,PSCO,EPE,1601553600,52.605,38.604,6
240,2,PSCO,EPE,1602871200,44.912,35.79,4
240,2,PSCO,EPE,1604188800,61.507,47.557,7
240,2,PSCO,EPE,1605506400,50.31,38.772,6
240,2,PSCO,EPE,1606824000,19.648,19.648,0
240,2,PSCO,EPE,1608141600,23.039,23.039,0
240,3,PSCO,EPE,1577836800,31.202,29.533,1
240,3,PSCO,EPE,1579154400,22.413,22.413,0
240,3,PSCO,EPE,1580472000,22.109,22.109,0
240,3,PSCO,EPE,1581789600,36.318,34.441,3
240,3,PSCO,EPE,1583107200,26.075,26.075,0
240,3,PSCO,EPE,1584424800,40.675,36.227,3
240,3,PSCO,EPE,1585742400,26.398,28.791,1
240,3,PSCO,EPE,1587060000,27.015,30.494,1
240,3,PSCO,EPE,1588377600,39.989,31.326,4
240,3,PSCO,EPE,1589695200,23.284,23.284,0
240,3,PSCO,EPE,1591012800,30.721,31.877,1
240,3,PSCO,EPE,1592330400,23.999,23.999,0
240,3,PSCO,EPE,1593648000,32.023,27.946,2
240,3,PSCO,EPE,1594965600,41.63,36.05,3
240,3,PSCO,EPE,1596283200,26.947,26.947,0
240,3,PSCO,EPE,1597600800,29.008,27.764,1
240,3,PSCO,EPE,1598918400,34.752,35.18,2
240,3,PSCO,EPE,1600236000,23.203,23.203,0
240,3,PSCO,EPE,1601553600,26.023,26.023,0
240,3,PSCO,EPE,1602871200,30.93,29.673,1
240,3,PSCO,EPE,1604188800,37.532,34.473,2
240,3,PSCO,EPE,1605506400,35.2,30.474,2
240,3,PSCO,EPE,1606824000,19.648,19.648,0
240,3,PSCO,EPE,1608141600,23.039,23.039,0
240,4,PSCO,EPE,1577836800,26.907,26.907,0
240,4,PSCO,EPE,1579154400,22.413,22.413,0
240,4,PSCO,EPE,1580472000,22.109,22.109,0
240,4,PSCO,EPE,1581789600,27.813,27.813,0
240,4,PSCO,EPE,1583107200,26.075,26.075,0
240,4,PSCO,EPE,1584424800,29.473,29.473,0
240,4,PSCO,EPE,1585742400,26.226,26.226,0
240,4,PSCO,EPE,1587060000,28.177,28.177,0
240,4,PSCO,EPE,1588377600,24.541,24.541,0
240,4,PSCO,EPE,1589695200,23.284,23.284,0
240,4,PSCO,EPE,1591012800,29.454,29.454,0
240,4,PSCO,EPE,1592330400,23.999,23.999,0
240,4,PSCO,EPE,1593648000,24.018,24.018,0
240,4,PSCO,EPE,1594965600,28.389,28.389,0
240,4,PSCO,EPE,1596283200,26.947,26.947,0
240,4,PSCO,EPE,1597600800,25.294,25.294,0
240,4,PSCO,EPE,1598918400,31.306,31.306,0
240,4,PSCO,EPE,1600236000,23.203,23.203,0
240,4,PSCO,EPE,1601553600,26.023,26.023,0
240,4,PSCO,EPE,1602871200,27.041,27.041,0
240,4,PSCO,EPE,1604188800,30.123,30.123,0
240,4,PSCO,EPE,1605506400,27.111,27.111,0
240,4,PSCO,EPE,1606824000,19.648,19.648,0
240,4,PSCO,EPE,1608141600,23.039,23.039,0
240,5,PSCO,EPE,1577836800,48.161,39.364,5
240,5,PSCO,EPE,1579154400,54.454,38.585,7
240,5,PSCO,EPE,1580472000,56.05,40.952,9
240,5,PSCO,EPE,1581789600,44.75,39.939,5
240,5,PSCO,EPE,1583107200,50.48,38.409,6
240,5,PSCO,EPE,1584424800,52.474,42.411,6
240,5,PSCO,EPE,1585742400,32.972,33.69,3
240,5,PSCO,EPE,1587060000,44.201,40.078,5
240,5,PSCO,EPE,1588377600,45.205,34.013,6
240,5,PSCO,EPE,1589695200,37.577,30.086,4
240,5,PSCO,EPE,1591012800,56.807,46.029,7
240,5,PSCO,EPE,1592330400,35.974,31.433,3
240,5,PSCO,EPE,1593648000,47.962,36.504,6
240,5,PSCO,EPE,1594965600,53.326,42.603,6
240,5,PSCO,EPE,1596283200,41.987,34.137,4
240,5,PSCO,EPE,1597600800,55.718,42.108,7
240,5,PSCO,EPE,1598918400,35.126,35.18,2
240,5,PSCO,EPE,1600236000,46.861,35.496,6
240,5,PSCO,EPE,1601553600,51.499,38.604,6
240,5,PSCO,EPE,1602871200,44.313,35.79,4
240,5,PSCO,EPE,1604188800,60.663,47.557,7
240,5,PSCO,EPE,1605506400,49.553,38.772,6
240,5,PSCO,EPE,1606824000,19.648,19.648,0
240,5,PSCO,EPE,1608141600,23.039,23.039,0
240,6,PSCO,EPE,1577836800,26.907,26.907,0
240,6,PSCO,EPE,1579154400,22.413,22.413,0
240,6,PSCO,EPE,1580472000,22.109,22.109,0
240,6,PSCO,EPE,1581789600,27.801,29.637,1
240,6,PSCO,EPE,1583107200,26.075,26.075,0
240,6,PSCO,EPE,1584424800,29.473,29.473,0
240,6,PSCO,EPE,1585742400,26.398,28.791,1
240,6,PSCO,EPE,1587060000,27.015,30.494,1
240,6,PSCO,EPE,1588377600,24.541,24.541,0
240,6,PSCO,EPE,1589695200,23.284,23.284,0
240,6,PSCO,EPE,1591012800,30.721,31.877,1
240,6,PSCO,EPE,1592330400,23.999,23.999,0
240,6,PSCO,EPE,1593648000,24.018,24.018,0
240,6,PSCO,EPE,1594965600,28.389,28.389,0
240,6,PSCO,EPE,1596283200,26.947,26.947,0
240,6,PSCO,EPE,1597600800,25.294,25.294,0
240,6,PSCO,EPE,1598918400,31.04,33.484,1
240,6,PSCO,EPE,1600236000,23.203,23.203,0
240,6,PSCO,EPE,1601553600,26.023,26.023,0
240,6,PSCO,EPE,1602871200,27.041,27.041,0
240,6,PSCO,EPE,1604188800,30.123,30.123,0
240,6,PSCO,EPE,1605506400,27.111,27.111,0
240,6,PSCO,EPE,1606824000,19.648,19.648,0
240,6,PSCO,EPE,1608141600,23.039,23.039,0
240,1,PSCO,PACE,1577836800,26.907,26.907,0
240,1,PSCO,PACE,1579154400,22.413,22.413,0
240,1,PSCO,PACE,1580472000,22.109,22.109,0
240,1,PSCO,PACE,1581789600,27.813,27.813,0
240,1,PSCO,PACE,1583107200,26.075,26.075,0
240,1,PSCO,PACE,1584424800,29.473,29.473,0
240,1,PSCO,PACE,1585742400,26.226,26.226,0
240,1,PSCO,PACE,1587060000,28.177,28.177,0
240,1,PSCO,PACE,1588377600,24.541,24.541,0
240,1,PSCO,PACE,1589695200,23.284,23.284,0
240,1,PSCO,PACE,1591012800,29.454,29.454,0
240,1,PSCO,PACE,1592330400,23.999,23.999,0
240,1,PSCO,PACE,1593648000,24.018,24.018,0
240,1,PSCO,PACE,1594965600,28.389,28.389,0
240,1,PSCO,PACE,1596283200,26.947,26.947,0
240,1,PSCO,PACE,1597600800,25.294,25.294,0
240,1,PSCO,PACE,1598918400,31.306,31.306,0
240,1,PSCO,PACE,1600236000,23.203,23.203,0
240,1,PSCO,PACE,1601553600,26.023,26.023,0
240,1,PSCO,PACE,1602871200,27.041,27.041,0
240,1,PSCO,PACE,1604188800,30.123,30.123,0
240,1,PSCO,PACE,1605506400,27.111,27.111,0
240,1,PSCO,PACE,1606824000,19.648,19.648,0
240,1,PSCO,PACE,1608141600,23.039,23.039,0
240,2,PSCO,PACE,1577836800,61.729,44.438,7
240,2,PSCO,PACE,1579154400,50.147,35.769,6
240,2,PSCO,PACE,1580472000,45.473,33.509,6
240,2,PSCO,PACE,1581789600,76.203,53.278,10
240,2,PSCO,PACE,1583107200,85.04,54.531,14
240,2,PSCO,PACE,1584424800,39.637,34.183,2
240,2,PSCO,PACE,1585742400,52.386,38.817,6
240,2,PSCO,PACE,1587060000,60.495,45.017,7
240,2,PSCO,PACE,1588377600,37.669,31.326,4
240,2,PSCO,PACE,1589695200,30.353,26.345,2
240,2,PSCO,PACE,1591012800,47.482,38.835,4
240,2,PSCO,PACE,1592330400,70.962,49.303,10
240,2,PSCO,PACE,1593648000,64.266,44.113,9
240,2,PSCO,PACE,1594965600,68.03,49.363,9
240,2,PSCO,PACE,1596283200,43.793,34.137,4
240,2,PSCO,PACE,1597600800,25.294,25.294,0
240,2,PSCO,PACE,1598918400,67.538,47.238,8
240,2,PSCO,PACE,1600236000,23.203,23.203,0
240,2,PSCO,PACE,1601553600,45.362,34.424,4
240,2,PSCO,PACE,1602871200,43.148,35.79,4
240,2,PSCO,PACE,1604188800,39.629,34.473,2
240,2,PSCO,PACE,1605506400,52.702,38.772,6
240,2,PSCO,PACE,1606824000,19.648,19.648,0
240,2,PSCO,PACE,1608141600,23.039,23.039,0
240,3,PSCO,PACE,1577836800,36.394,31.991,2
240,3,PSCO,PACE,1579154400,22.413,22.413,0
240,3,PSCO,PACE,1580472000,22.109,22.109,0
240,3,PSCO,PACE,1581789600,35.301,31.999,2
240,3,PSCO,PACE,1583107200,43.646,34.764,4
240,3,PSCO,PACE,1584424800,29.473,29.473,0
240,3,PSCO,PACE,1585742400,26.226,26.226,0
240,3,PSCO,PACE,1587060000,32.514,30.494,1
240,3,PSCO,PACE,1588377600,30.994,28.183,2
240,3,PSCO,PACE,1589695200,23.284,23.284,0
240,3,PSCO,PACE,1591012800,29.454,29.454,0
240,3,PSCO,PACE,1592330400,23.999,23.999,0
240,3,PSCO,PACE,1593648000,31.791,27.946,2
240,3,PSCO,PACE,1594965600,40.13,36.05,3
240,3,PSCO,PACE,1596283200,26.947,26.947,0
240,3,PSCO,PACE,1597600800,25.294,25.294,0
240,3,PSCO,PACE,1598918400,39.453,35.18,2
240,3,PSCO,PACE,1600236000,23.203,23.203,0
240,3,PSCO,PACE,1601553600,26.023,26.023,0
240,3,PSCO,PACE,1602871200,30.843,29.673,1
240,3,PSCO,PACE,1604188800,30.123,30.123,0
240,3,PSCO,PACE,1605506400,27.111,27.111,0
240,3,PSCO,PACE,1606824000,19.648,19.648,0
240,3,PSCO,PACE,1608141600,23.039,23.039,0
240,4,PSCO,PACE,1577836800,26.907,26.907,0
240,4,PSCO,PACE,1579154400,22.413,22.413,0
240,4,PSCO,PACE,1580472000,22.109,22.109,0
240,4,PSCO,PACE,1581789600,27.813,27.813,0
240,4,PSCO,PACE,1583107200,26.075,26.075,0
240,4,PSCO,PACE,1584424800,29.473,29.473,0
240,4,PSCO,PACE,1585742400,26.226,26.226,0
240,4,PSCO,PACE,1587060000,28.177,28.177,0
240,4,PSCO,PACE,1588377600,24.541,24.541,0
240,4,PSCO,PACE,1589695200,23.284,23.284,0
240,4,PSCO,PACE,1591012800,29.454,29.454,0
240,4,PSCO,PACE,1592330400,23.999,23.999,0
240,4,PSCO,PACE,1593648000,24.018,24.018,0
240,4,PSCO,PACE,1594965600,28.389,28.389,0
240,4,PSCO,PACE,1596283200,26.947,26.947,0
240,4,PSCO,PACE,1597600800,25.294,25.294,0
240,4,PSCO,PACE,1598918400,31.306,31.306,0
240,4,PSCO,PACE,1600236000,23.203,23.203,0
240,4,PSCO,PACE,1601553600,26.023,26.023,0
240,4,PSCO,PACE,1602871200,27.041,27.041,0
240,4,PSCO,PACE,1604188800,30.123,30.123,0
240,4,PSCO,PACE,1605506400,27.111,27.111,0
240,4,PSCO,PACE,1606824000,19.648,19.648,0
240,4,PSCO,PACE,1608141600,23.039,23.039,0
240,5,PSCO,PACE,1577836800,60.506,44.438,7
240,5,PSCO,PACE,1579154400,54.763,38.585,7
240,5,PSCO,PACE,1580472000,44.365,33.509,6
240,5,PSCO,PACE,1581789600,74.92,53.278,10
240,5,PSCO,PACE,1583107200,83.013,54.531,14
240,5,PSCO,PACE,1584424800,39.687,34.183,2
240,5,PSCO,PACE,1585742400,51.173,38.817,6
240,5,PSCO,PACE,1587060000,59.87,45.017,7
240,5,PSCO,PACE,1588377600,37.209,31.326,4
240,5,PSCO,PACE,1589695200,30.007,26.345,2
240,5,PSCO,PACE,1591012800,47.041,38.835,4
240,5,PSCO,PACE,1592330400,69.639,49.303,10
240,5,PSCO,PACE,1593648000,47.886,36.504,6
240,5,PSCO,PACE,1594965600,66.398,49.363,9
240,5,PSCO,PACE,1596283200,43.682,34.137,4
240,5,PSCO,PACE,1597600800,25.294,25.294,0
240,5,PSCO,PACE,1598918400,66.842,47.238,8
240,5,PSCO,PACE,1600236000,23.203,23.203,0
240,5,PSCO,PACE,1601553600,44.607,34.424,4
240,5,PSCO,PACE,1602871200,42.009,35.79,4
240,5,PSCO,PACE,1604188800,39.237,34.473,2
240,5,PSCO,PACE,1605506400,52.143,38.772,6
240,5,PSCO,PACE,1606824000,19.648,19.648,0
240,5,PSCO,PACE,1608141600,23.039,23.039,0
240,6,PSCO,PACE,1577836800,26.907,26.907,0
240,6,PSCO,PACE,1579154400,22.413,22.413,0
240,6,PSCO,PACE,1580472000,22.109,22.109,0
240,6,PSCO,PACE,1581789600,27.813,27.813,0
240,6,PSCO,PACE,1583107200,26.075,26.075,0
240,6,PSCO,PACE,1584424800,29.473,29.473,0
240,6,PSCO,PACE,1585742400,26.226,26.226,0
240,6,PSCO,PACE,1587060000,28.177,28.177,0
240,6,PSCO,PACE,1588377600,24.541,24.541,0
240,6,PSCO,PACE,1589695200,23.284,23.284,0
240,6,PSCO,PACE,1591012800,29.454,29.454,0
240,6,PSCO,PACE,1592330400,23.999,23.999,0
240,6,PSCO,PACE,1593648000,24.018,24.018,0
240,6,PSCO,PACE,1594965600,28.389,28.389,0
240,6,PSCO,PACE,1596283200,26.947,26.947,0
240,6,PSCO,PACE,1597600800,25.294,25.294,0
240,6,PSCO,PACE,1598918400,31.306,31.306,0
240,6,PSCO,PACE,1600236000,23.203,23.203,0
240,6,PSCO,PACE,1601553600,26.023,26.023,0
240,6,PSCO,PACE,1602871200,27.041,27.041,0
240,6,PSCO,PACE,1604188800,30.123,30.123,0
240,6,PSCO,PACE,1605506400,27.111,27.111,0
240,6,PSCO,PACE,1606824000,19.648,19.648,0
240,6,PSCO,PACE,1608141600,23.039,23.039,0
240,1,TEPC,AECI,1577836800,34.904,34.904,0
240,1,TEPC,AECI,1579154400,34.672,34.672,0
240,1,TEPC,AECI,1580472000,30.305,30.305,0
240,1,TEPC,AECI,1581789600,30.794,30.794,0
240,1,TEPC,AECI,1583107200,28.518,28.518,0
240,1,TEPC,AECI,1584424800,27.901,27.901,0
240,1,TEPC,AECI,1585742400,21.852,21.852,0
240,1,TEPC,AECI,1587060000,23.826,23.826,0
240,1,TEPC,AECI,1588377600,23.901,23.901,0
240,1,TEPC,AECI,1589695200,28.736,28.736,0
240,1,TEPC,AECI,1591012800,29.666,29.666,0
240,1,TEPC,AECI,1592330400,25.26,25.26,0
240,1,TEPC,AECI,1593648000,28.784,28.784,0
240,1,TEPC,AECI,1594965600,27.715,27.715,0
240,1,TEPC,AECI,1596283200,29.288,29.288,0
240,1,TEPC,AECI,1597600800,30.959,30.959,0
240,1,TEPC,AECI,1598918400,29.268,29.268,0
240,1,TEPC,AECI,1600236000,32.69,32.69,0
240,1,TEPC,AECI,1601553600,31.456,31.456,0
240,1,TEPC,AECI,1602871200,35.004,35.004,0
240,1,TEPC,AECI,1604188800,35.427,35.427,0
240,1,TEPC,AECI,1605506400,30.0,30.0,0
240,1,TEPC,AECI,1606824000,25.748,25.748,0
240,1,TEPC,AECI,1608141600,33.481,33.481,0
240,2,TEPC,AECI,1577836800,43.806,44.227,3
240,2,TEPC,AECI,1579154400,46.388,43.489,3
240,2,TEPC,AECI,1580472000,49.749,43.669,5
240,2,TEPC,AECI,1581789600,51.681,43.078,5
240,2,TEPC,AECI,1583107200,58.521,46.785,7
240,2,TEPC,AECI,1584424800,57.984,45.922,7
240,2,TEPC,AECI,1585742400,50.265,36.039,8
240,2,TEPC,AECI,1587060000,52.322,39.03,8
240,2,TEPC,AECI,1588377600,45.716,35.565,6
240,2,TEPC,AECI,1589695200,55.394,45.96,7
240,2,TEPC,AECI,1591012800,47.233,41.37,5
240,2,TEPC,AECI,1592330400,57.114,40.962,8
240,2,TEPC,AECI,1593648000,56.146,42.875,6
240,2,TEPC,AECI,1594965600,60.113,44.931,7
240,2,TEPC,AECI,1596283200,61.812,45.933,7
240,2,TEPC,AECI,1597600800,62.401,46.116,6
240,2,TEPC,AECI,1598918400,103.918,67.528,15
240,2,TEPC,AECI,1600236000,69.151,51.85,7
240,2,TEPC,AECI,1601553600,81.997,56.109,11
240,2,TEPC,AECI,1602871200,90.564,66.783,11
240,2,TEPC,AECI,1604188800,71.87,55.152,7
240,2,TEPC,AECI,1605506400,44.271,37.748,3
240,2,TEPC,AECI,1606824000,25.748,25.748,0
240,2,TEPC,AECI,1608141600,47.318,42.098,3
240,3,TEPC,AECI,1577836800,33.649,37.917,1
240,3,TEPC,AECI,1579154400,35.945,37.801,1
240,3,TEPC,AECI,1580472000,33.95,33.352,1
240,3,TEPC,AECI,1581789600,39.985,34.841,2
240,3,TEPC,AECI,1583107200,28.518,28.518,0
240,3,TEPC,AECI,1584424800,31.477,30.41,1
240,3,TEPC,AECI,1585742400,28.461,25.115,2
240,3,TEPC,AECI,1587060000,29.779,27.157,2
240,3,TEPC,AECI,1588377600,23.901,23.901,0
240,3,TEPC,AECI,1589695200,30.153,31.53,1
240,3,TEPC,AECI,1591012800,34.067,34.309,2
240,3,TEPC,AECI,1592330400,33.086,28.968,2
240,3,TEPC,AECI,1593648000,28.784,28.784,0
240,3,TEPC,AECI,1594965600,45.475,37.571,4
240,3,TEPC,AECI,1596283200,47.788,38.146,4
240,3,TEPC,AECI,1597600800,30.959,30.959,0
240,3,TEPC,AECI,1598918400,42.598,36.624,3
240,3,TEPC,AECI,1600236000,37.623,35.615,1
240,3,TEPC,AECI,1601553600,39.195,36.016,2
240,3,TEPC,AECI,1602871200,45.72,43.44,3
240,3,TEPC,AECI,1604188800,50.435,44.059,3
240,3,TEPC,AECI,1605506400,34.233,32.639,1
240,3,TEPC,AECI,1606824000,25.748,25.748,0
240,3,TEPC,AECI,1608141600,36.67,36.21,1
240,4,TEPC,AECI,1577836800,34.904,34.904,0
240,4,TEPC,AECI,1579154400,34.672,34.672,0
240,4,TEPC,AECI,1580472000,30.305,30.305,0
240,4,TEPC,AECI,1581789600,30.794,30.794,0
240,4,TEPC,AECI,1583107200,28.518,28.518,0
240,4,TEPC,AECI,1584424800,27.901,27.901,0
240,4,TEPC,AECI,1585742400,21.852,21.852,0
240,4,TEPC,AECI,1587060000,23.826,23.826,0
240,4,TEPC,AECI,1588377600,23.901,23.901,0
240,4,TEPC,AECI,1589695200,28.736,28.736,0
240,4,TEPC,AECI,1591012800,29.666,29.666,0
240,4,TEPC,AECI,1592330400,25.26,25.26,0
240,4,TEPC,AECI,1593648000,28.784,28.784,0
240,4,TEPC,AECI,1594965600,27.715,27.715,0
240,4,TEPC,AECI,1596283200,29.288,29.288,0
240,4,TEPC,AECI,1597600800,30.959,30.959,0
240,4,TEPC,AECI,1598918400,29.268,29.268,0
240,4,TEPC,AECI,1600236000,32.69,32.69,0
240,4,TEPC,AECI,1601553600,31.456,31.456,0
240,4,TEPC,AECI,1602871200,35.004,35.004,0
240,4,TEPC,AECI,1604188800,35.427,35.427,0
240,4,TEPC,AECI,1605506400,30.0,30.0,0
240,4,TEPC,AECI,1606824000,25.748,25.748,0
240,4,TEPC,AECI,1608141600,33.481,33.481,0
240,5,TEPC,AECI,1577836800,43.597,44.227,3
240,5,TEPC,AECI,1579154400,46.256,43.489,3
240,5,TEPC,AECI,1580472000,48.525,43.669,5
240,5,TEPC,AECI,1581789600,50.99,43.078,5
240,5,TEPC,AECI,1583107200,57.6,46.785,7
240,5,TEPC,AECI,1584424800,57.419,45.922,7
240,5,TEPC,AECI,1585742400,33.171,28.389,4
240,5,TEPC,AECI,1587060000,51.095,39.03,8
240,5,TEPC,AECI,1588377600,44.927,35.565,6
240,5,TEPC,AECI,1589695200,54.338,45.96,7
240,5,TEPC,AECI,1591012800,33.544,34.309,2
240,5,TEPC,AECI,1592330400,56.219,40.962,8
240,5,TEPC,AECI,1593648000,55.104,42.875,6
240,5,TEPC,AECI,1594965600,59.263,44.931,7
240,5,TEPC,AECI,1596283200,61.318,45.933,7
240,5,TEPC,AECI,1597600800,62.034,46.116,6
240,5,TEPC,AECI,1598918400,102.803,67.528,15
240,5,TEPC,AECI,1600236000,68.317,51.85,7
240,5,TEPC,AECI,1601553600,81.229,56.109,11
240,5,TEPC,AECI,1602871200,55.818,49.866,5
240,5,TEPC,AECI,1604188800,71.048,55.152,7
240,5,TEPC,AECI,1605506400,53.448,42.875,5
240,5,TEPC,AECI,1606824000,25.748,25.748,0
240,5,TEPC,AECI,1608141600,46.775,42.098,3
240,6,TEPC,AECI,1577836800,33.649,37.917,1
240,6,TEPC,AECI,1579154400,35.945,37.801,1
240,6,TEPC,AECI,1580472000,32.167,33.352,1
240,6,TEPC,AECI,1581789600,30.794,30.794,0
240,6,TEPC,AECI,1583107200,28.518,28.518,0
240,6,TEPC,AECI,1584424800,27.901,27.901,0
240,6,TEPC,AECI,1585742400,21.852,21.852,0
240,6,TEPC,AECI,1587060000,23.826,23.826,0
240,6,TEPC,AECI,1588377600,23.901,23.901,0
240,6,TEPC,AECI,1589695200,28.736,28.736,0
240,6,TEPC,AECI,1591012800,29.554,32.096,1
240,6,TEPC,AECI,1592330400,25.26,25.26,0
240,6,TEPC,AECI,1593648000,28.784,28.784,0
240,6,TEPC,AECI,1594965600,27.715,27.715,0
240,6,TEPC,AECI,1596283200,29.288,29.288,0
240,6,TEPC,AECI,1597600800,30.959,30.959,0
240,6,TEPC,AECI,1598918400,29.268,29.268,0
240,6,TEPC,AECI,1600236000,32.69,32.69,0
240,6,TEPC,AECI,1601553600,31.456,31.456,0
240,6,TEPC,AECI,1602871200,34.53,37.644,1
240,6,TEPC,AECI,1604188800,35.427,35.427,0
240,6,TEPC,AECI,1605506400,30.0,30.0,0
240,6,TEPC,AECI,1606824000,25.748,25.748,0
240,6,TEPC,AECI,1608141600,33.481,33.481,0
360,1,AECI,EPE,1577836800,27.991,27.991,0
360,1,AECI,EPE,1579154400,30.139,30.139,0
360,1,AECI,EPE,1580472000,29.202,29.202,0
360,1,AECI,EPE,1581789600,30.99,30.99,0
360,1,AECI,EPE,1583107200,28.95,28.95,0
360,1,AECI,EPE,1584424800,28.31,28.31,0
360,1,AECI,EPE,1585742400,21.211,21.211,0
360,1,AECI,EPE,1587060000,23.892,23.892,0
360,1,AECI,EPE,1588377600,25.143,25.143,0
360,1,AECI,EPE,1589695200,25.774,25.774,0
360,1,AECI,EPE,1591012800,24.75,24.75,0
360,1,AECI,EPE,1592330400,25.959,25.959,0
360,1,AECI,EPE,1593648000,29.983,29.983,0
360,1,AECI,EPE,1594965600,28.571,28.571,0
360,1,AECI,EPE,1596283200,29.488,29.488,0
360,1,AECI,EPE,1597600800,32.788,32.788,0
360,1,AECI,EPE,1598918400,29.414,29.414,0
360,1,AECI,EPE,1600236000,33.086,33.086,0
360,1,AECI,EPE,1601553600,29.771,29.771,0
360,1,AECI,EPE,1602871200,29.148,29.148,0
360,1,AECI,EPE,1604188800,35.804,35.804,0
360,1,AECI,EPE,1605506400,33.466,33.466,0
360,1,AECI,EPE,1606824000,31.991,31.991,0
360,1,AECI,EPE,1608141600,31.713,31.713,0
360,2,AECI,EPE,1577836800,96.187,63.451,10
360,2,AECI,EPE,1579154400,78.497,55.734,7
360,2,AECI,EPE,1580472000,48.495,42.003,4
360,2,AECI,EPE,1581789600,30.555,34.934,1
360,2,AECI,EPE,1583107200,79.283,54.355,8
360,2,AECI,EPE,1584424800,70.421,50.703,7
360,2,AECI,EPE,1585742400,48.618,38.135,5
360,2,AECI,EPE,1587060000,76.927,51.364,9
360,2,AECI,EPE,1588377600,75.813,52.062,9
360,2,AECI,EPE,1589695200,69.259,48.266,7
360,2,AECI,EPE,1591012800,74.147,50.49,8
360,2,AECI,EPE,1592330400,84.795,55.849,9
360,2,AECI,EPE,1593648000,98.016,66.923,10
360,2,AECI,EPE,1594965600,76.902,54.687,7
360,2,AECI,EPE,1596283200,69.305,49.933,6
360,2,AECI,EPE,1597600800,51.31,45.91,3
360,2,AECI,EPE,1598918400,77.005,56.164,7
360,2,AECI,EPE,1600236000,48.695,45.888,3
360,2,AECI,EPE,1601553600,56.859,44.931,4
360,2,AECI,EPE,1602871200,81.382,58.586,7
360,2,AECI,EPE,1604188800,109.755,78.87,11
360,2,AECI,EPE,1605506400,47.431,43.523,3
360,2,AECI,EPE,1606824000,48.692,44.386,3
360,2,AECI,EPE,1608141600,164.039,101.869,18
360,3,AECI,EPE,1577836800,34.716,31.734,1
360,3,AECI,EPE,1579154400,48.404,40.99,3
360,3,AECI,EPE,1580472000,47.75,42.003,4
360,3,AECI,EPE,1581789600,30.555,34.934,1
360,3,AECI,EPE,1583107200,47.333,39.005,3
360,3,AECI,EPE,1584424800,46.423,38.216,3
360,3,AECI,EPE,1585742400,26.196,24.664,1
360,3,AECI,EPE,1587060000,33.275,29.083,2
360,3,AECI,EPE,1588377600,36.65,30.951,2
360,3,AECI,EPE,1589695200,44.308,35.391,3
360,3,AECI,EPE,1591012800,24.75,24.75,0
360,3,AECI,EPE,1592330400,38.087,32.423,2
360,3,AECI,EPE,1593648000,40.443,36.827,2
360,3,AECI,EPE,1594965600,49.416,39.685,3
360,3,AECI,EPE,1596283200,34.26,33.131,1
360,3,AECI,EPE,1597600800,35.789,36.65,1
360,3,AECI,EPE,1598918400,48.521,40.116,3
360,3,AECI,EPE,1600236000,48.612,45.888,3
360,3,AECI,EPE,1601553600,84.374,59.319,8
360,3,AECI,EPE,1602871200,36.011,33.113,1
360,3,AECI,EPE,1604188800,44.683,43.47,2
360,3,AECI,EPE,1605506400,46.774,43.523,3
360,3,AECI,EPE,1606824000,33.755,36.141,1
360,3,AECI,EPE,1608141600,36.529,35.287,1
360,4,AECI,EPE,1577836800,27.991,27.991,0
360,4,AECI,EPE,1579154400,30.139,30.139,0
360,4,AECI,EPE,1580472000,29.202,29.202,0
360,4,AECI,EPE,1581789600,30.99,30.99,0
360,4,AECI,EPE,1583107200,28.95,28.95,0
360,4,AECI,EPE,1584424800,28.31,28.31,0
360,4,AECI,EPE,1585742400,21.211,21.211,0
360,4,AECI,EPE,1587060000,23.892,23.892,0
360,4,AECI,EPE,1588377600,25.143,25.143,0
360,4,AECI,EPE,1589695200,25.774,25.774,0
360,4,AECI,EPE,1591012800,24.75,24.75,0
360,4,AECI,EPE,1592330400,25.959,25.959,0
360,4,AECI,EPE,1593648000,29.983,29.983,0
360,4,AECI,EPE,1594965600,28.571,28.571,0
360,4,AECI,EPE,1596283200,29.488,29.488,0
360,4,AECI,EPE,1597600800,32.788,32.788,0
360,4,AECI,EPE,1598918400,29.414,29.414,0
360,4,AECI,EPE,1600236000,33.086,33.086,0
360,4,AECI,EPE,1601553600,29.771,29.771,0
360,4,AECI,EPE,1602871200,29.148,29.148,0
360,4,AECI,EPE,1604188800,35.804,35.804,0
360,4,AECI,EPE,1605506400,33.466,33.466,0
360,4,AECI,EPE,1606824000,31.991,31.991,0
360,4,AECI,EPE,1608141600,31.713,31.713,0
360,5,AECI,EPE,1577836800,95.747,63.451,10
360,5,AECI,EPE,1579154400,116.009,75.061,12
360,5,AECI,EPE,1580472000,53.708,45.205,5
360,5,AECI,EPE,1581789600,30.555,34.934,1
360,5,AECI,EPE,1583107200,64.883,48.726,6
360,5,AECI,EPE,1584424800,69.657,50.703,7
360,5,AECI,EPE,1585742400,47.899,38.135,5
360,5,AECI,EPE,1587060000,76.41,51.364,9
360,5,AECI,EPE,1588377600,74.824,52.062,9
360,5,AECI,EPE,1589695200,74.132,51.23,8
360,5,AECI,EPE,1591012800,73.278,50.49,8
360,5,AECI,EPE,1592330400,83.404,55.849,9
360,5,AECI,EPE,1593648000,103.34,70.896,11
360,5,AECI,EPE,1594965600,75.886,54.687,7
360,5,AECI,EPE,1596283200,68.7,49.933,6
360,5,AECI,EPE,1597600800,51.026,45.91,3
360,5,AECI,EPE,1598918400,76.615,56.164,7
360,5,AECI,EPE,1600236000,48.612,45.888,3
360,5,AECI,EPE,1601553600,56.321,44.931,4
360,5,AECI,EPE,1602871200,80.966,58.586,7
360,5,AECI,EPE,1604188800,72.254,58.328,6
360,5,AECI,EPE,1605506400,47.216,43.523,3
360,5,AECI,EPE,1606824000,48.477,44.386,3
360,5,AECI,EPE,1608141600,162.073,101.869,18
360,6,AECI,EPE,1577836800,27.991,27.991,0
360,6,AECI,EPE,1579154400,30.139,30.139,0
360,6,AECI,EPE,1580472000,31.126,32.91,1
360,6,AECI,EPE,1581789600,30.555,34.934,1
360,6,AECI,EPE,1583107200,28.95,28.95,0
360,6,AECI,EPE,1584424800,28.31,28.31,0
360,6,AECI,EPE,1585742400,21.211,21.211,0
360,6,AECI,EPE,1587060000,23.892,23.892,0
360,6,AECI,EPE,1588377600,25.143,25.143,0
360,6,AECI,EPE,1589695200,25.774,25.774,0
360,6,AECI,EPE,1591012800,24.75,24.75,0
360,6,AECI,EPE,1592330400,25.959,25.959,0
360,6,AECI,EPE,1593648000,29.983,29.983,0
360,6,AECI,EPE,1594965600,28.571,28.571,0
360,6,AECI,EPE,1596283200,29.488,29.488,0
360,6,AECI,EPE,1597600800,32.788,32.788,0
360,6,AECI,EPE,1598918400,29.414,29.414,0
360,6,AECI,EPE,1600236000,34.309,36.784,1
360,6,AECI,EPE,1601553600,29.771,29.771,0
360,6,AECI,EPE,1602871200,29.148,29.148,0
360,6,AECI,EPE,1604188800,37.208,39.773,1
360,6,AECI,EPE,1605506400,34.821,36.612,1
360,6,AECI,EPE,1606824000,33.755,36.141,1
360,6,AECI,EPE,1608141600,31.713,31.713,0
360,1,AECI,PACE,1577836800,27.991,27.991,0
360,1,AECI,PACE,1579154400,30.139,30.139,0
360,1,AECI,PACE,1580472000,29.202,29.202,0
360,1,AECI,PACE,1581789600,30.99,30.99,0
360,1,AECI,PACE,1583107200,28.95,28.95,0
360,1,AECI,PACE,1584424800,28.31,28.31,0
360,1,AECI,PACE,1585742400,21.211,21.211,0
360,1,AECI,PACE,1587060000,23.892,23.892,0
360,1,AECI,PACE,1588377600,25.143,25.143,0
360,1,AECI,PACE,1589695200,25.774,25.774,0
360,1,AECI,PACE,1591012800,24.75,24.75,0
360,1,AECI,PACE,1592330400,25.959,25.959,0
360,1,AECI,PACE,1593648000,29.983,29.983,0
360,1,AECI,PACE,1594965600,28.571,28.571,0
360,1,AECI,PACE,1596283200,29.488,29.488,0
360,1,AECI,PACE,1597600800,32.788,32.788,0
360,1,AECI,PACE,1598918400,29.414,29.414,0
360,1,AECI,PACE,1600236000,33.086,33.086,0
360,1,AECI,PACE,1601553600,29.771,29.771,0
360,1,AECI,PACE,1602871200,29.148,29.148,0
360,1,AECI,PACE,1604188800,35.804,35.804,0
360,1,AECI,PACE,1605506400,33.466,33.466,0
360,1,AECI,PACE,1606824000,31.991,31.991,0
360,1,AECI,PACE,1608141600,31.713,31.713,0
360,2,AECI,PACE,1577836800,100.58,63.451,10
360,2,AECI,PACE,1579154400,89.995,59.627,8
360,2,AECI,PACE,1580472000,80.794,55.072,8
360,2,AECI,PACE,1581789600,69.984,52.446,6
360,2,AECI,PACE,1583107200,63.883,48.726,6
360,2,AECI,PACE,1584424800,42.242,34.778,2
360,2,AECI,PACE,1585742400,21.211,21.211,0
360,2,AECI,PACE,1587060000,35.132,29.083,2
360,2,AECI,PACE,1588377600,59.687,42.929,6
360,2,AECI,PACE,1589695200,93.655,60.499,11
360,2,AECI,PACE,1591012800,51.258,37.581,4
360,2,AECI,PACE,1592330400,51.319,39.005,4
360,2,AECI,PACE,1593648000,101.93,66.923,10
360,2,AECI,PACE,1594965600,76.493,54.687,7
360,2,AECI,PACE,1596283200,71.575,49.933,6
360,2,AECI,PACE,1597600800,354.78,182.674,39
360,2,AECI,PACE,1598918400,43.441,36.43,2
360,2,AECI,PACE,1600236000,90.092,62.275,7
360,2,AECI,PACE,1601553600,90.3,59.319,8
360,2,AECI,PACE,1602871200,78.833,58.586,7
360,2,AECI,PACE,1604188800,112.6,74.192,10
360,2,AECI,PACE,1605506400,80.904,57.165,7
360,2,AECI,PACE,1606824000,104.083,70.811,9
360,2,AECI,PACE,1608141600,125.673,83.032,13
360,3,AECI,PACE,1577836800,41.66,35.319,2
360,3,AECI,PACE,1579154400,89.068,59.627,8
360,3,AECI,PACE,1580472000,51.823,42.003,4
360,3,AECI,PACE,1581789600,33.691,34.934,1
360,3,AECI,PACE,1583107200,47.819,39.005,3
360,3,AECI,PACE,1584424800,28.31,28.31,0
360,3,AECI,PACE,1585742400,21.211,21.211,0
360,3,AECI,PACE,1587060000,23.892,23.892,0
360,3,AECI,PACE,1588377600,35.977,30.951,2
360,3,AECI,PACE,1589695200,44.541,35.391,3
360,3,AECI,PACE,1591012800,24.75,24.75,0
360,3,AECI,PACE,1592330400,25.959,25.959,0
360,3,AECI,PACE,1593648000,70.256,51.826,6
360,3,AECI,PACE,1594965600,47.273,39.685,3
360,3,AECI,PACE,1596283200,29.488,29.488,0
360,3,AECI,PACE,1597600800,57.731,45.91,3
360,3,AECI,PACE,1598918400,43.415,36.43,2
360,3,AECI,PACE,1600236000,57.589,45.888,3
360,3,AECI,PACE,1601553600,29.771,29.771,0
360,3,AECI,PACE,1602871200,35.112,33.113,1
360,3,AECI,PACE,1604188800,51.138,43.47,2
360,3,AECI,PACE,1605506400,59.239,46.92,4
360,3,AECI,PACE,1606824000,70.537,52.949,5
360,3,AECI,PACE,1608141600,51.849,43.347,3
360,4,AECI,PACE,1577836800,27.991,27.991,0
360,4,AECI,PACE,1579154400,30.139,30.139,0
360,4,AECI,PACE,1580472000,29.202,29.202,0
360,4,AECI,PACE,1581789600,30.99,30.99,0
360,4,AECI,PACE,1583107200,28.95,28.95,0
360,4,AECI,PACE,1584424800,28.31,28.31,0
360,4,AECI,PACE,1585742400,21.211,21.211,0
360,4,AECI,PACE,1587060000,23.892,23.892,0
360,4,AECI,PACE,1588377600,25.143,25.143,0
360,4,AECI,PACE,1589695200,25.774,25.774,0
360,4,AECI,PACE,1591012800,24.75,24.75,0
360,4,AECI,PACE,1592330400,25.959,25.959,0
360,4,AECI,PACE,1593648000,29.983,29.983,0
360,4,AECI,PACE,1594965600,28.571,28.571,0
360,4,AECI,PACE,1596283200,29.488,29.488,0
360,4,AECI,PACE,1597600800,32.788,32.788,0
360,4,AECI,PACE,1598918400,29.414,29.414,0
360,4,AECI,PACE,1600236000,33.086,33.086,0
360,4,AECI,PACE,1601553600,29.771,29.771,0
360,4,AECI,PACE,1602871200,29.148,29.148,0
360,4,AECI,PACE,1604188800,35.804,35.804,0
360,4,AECI,PACE,1605506400,33.466,33.466,0
360,4,AECI,PACE,1606824000,31.991,31.991,0
360,4,AECI,PACE,1608141600,31.713,31.713,0
360,5,AECI,PACE,1577836800,99.647,63.451,10
360,5,AECI,PACE,1579154400,88.865,59.627,8
360,5,AECI,PACE,1580472000,78.813,55.072,8
360,5,AECI,PACE,1581789600,69.073,52.446,6
360,5,AECI,PACE,1583107200,62.746,48.726,6
360,5,AECI,PACE,1584424800,41.52,34.778,2
360,5,AECI,PACE,1585742400,21.211,21.211,0
360,5,AECI,PACE,1587060000,34.663,29.083,2
360,5,AECI,PACE,1588377600,57.399,42.929,6
360,5,AECI,PACE,1589695200,91.234,60.499,11
360,5,AECI,PACE,1591012800,50.844,37.581,4
360,5,AECI,PACE,1592330400,50.061,39.005,4
360,5,AECI,PACE,1593648000,106.224,70.896,11
360,5,AECI,PACE,1594965600,75.206,54.687,7
360,5,AECI,PACE,1596283200,71.258,49.933,6
360,5,AECI,PACE,1597600800,351.303,182.674,39
360,5,AECI,PACE,1598918400,43.432,36.43,2
360,5,AECI,PACE,1600236000,89.121,62.275,7
360,5,AECI,PACE,1601553600,88.585,59.319,8
360,5,AECI,PACE,1602871200,78.245,58.586,7
360,5,AECI,PACE,1604188800,119.087,78.87,11
360,5,AECI,PACE,1605506400,79.966,57.165,7
360,5,AECI,PACE,1606824000,102.329,70.811,9
360,5,AECI,PACE,1608141600,124.837,83.032,13
360,6,AECI,PACE,1577836800,27.991,27.991,0
360,6,AECI,PACE,1579154400,30.139,30.139,0
360,6,AECI,PACE,1580472000,29.202,29.202,0
360,6,AECI,PACE,1581789600,30.99,30.99,0
360,6,AECI,PACE,1583107200,31.362,32.574,1
360,6,AECI,PACE,1584424800,28.31,28.31,0
360,6,AECI,PACE,1585742400,21.211,21.211,0
360,6,AECI,PACE,1587060000,23.892,23.892,0
360,6,AECI,PACE,1588377600,25.143,25.143,0
360,6,AECI,PACE,1589695200,25.774,25.774,0
360,6,AECI,PACE,1591012800,24.75,24.75,0
360,6,AECI,PACE,1592330400,25.959,25.959,0
360,6,AECI,PACE,1593648000,29.983,29.983,0
360,6,AECI,PACE,1594965600,28.571,28.571,0
360,6,AECI,PACE,1596283200,29.488,29.488,0
360,6,AECI,PACE,1597600800,32.788,32.788,0
360,6,AECI,PACE,1598918400,29.414,29.414,0
360,6,AECI,PACE,1600236000,33.086,33.086,0
360,6,AECI,PACE,1601553600,29.771,29.771,0
360,6,AECI,PACE,1602871200,29.148,29.148,0
360,6,AECI,PACE,1604188800,35.804,35.804,0
360,6,AECI,PACE,1605506400,33.466,33.466,0
360,6,AECI,PACE,1606824000,31.991,31.991,0
360,6,AECI,PACE,1608141600,31.713,31.713,0
360,1,AECI,TEPC,1577836800,27.991,27.991,0
360,1,AECI,TEPC,1579154400,30.139,30.139,0
360,1,AECI,TEPC,1580472000,29.202,29.202,0
360,1,AECI,TEPC,1581789600,30.99,30.99,0
360,1,AECI,TEPC,1583107200,28.95,28.95,0
360,1,AECI,TEPC,1584424800,28.31,28.31,0
360,1,AECI,TEPC,1585742400,21.211,21.211,0
360,1,AECI,TEPC,1587060000,23.892,23.892,0
360,1,AECI,TEPC,1588377600,25.143,25.143,0
360,1,AECI,TEPC,1589695200,25.774,25.774,0
360,1,AECI,TEPC,1591012800,24.75,24.75,0
360,1,AECI,TEPC,1592330400,25.959,25.959,0
360,1,AECI,TEPC,1593648000,29.983,29.983,0
360,1,AECI,TEPC,1594965600,28.571,28.571,0
360,1,AECI,TEPC,1596283200,29.488,29.488,0
360,1,AECI,TEPC,1597600800,32.788,32.788,0
360,1,AECI,TEPC,1598918400,29.414,29.414,0
360,1,AECI,TEPC,1600236000,33.086,33.086,0
360,1,AECI,TEPC,1601553600,29.771,29.771,0
360,1,AECI,TEPC,1602871200,29.148,29.148,0
360,1,AECI,TEPC,1604188800,35.804,35.804,0
360,1,AECI,TEPC,1605506400,33.466,33.466,0
360,1,AECI,TEPC,1606824000,31.991,31.991,0
360,1,AECI,TEPC,1608141600,31.713,31.713,0
360,2,AECI,TEPC,1577836800,43.976,35.319,2
360,2,AECI,TEPC,1579154400,46.16,37.279,2
360,2,AECI,TEPC,1580472000,83.076,55.072,8
360,2,AECI,TEPC,1581789600,102.423,67.714,10
360,2,AECI,TEPC,1583107200,81.68,54.355,8
360,2,AECI,TEPC,1584424800,80.988,54.185,8
360,2,AECI,TEPC,1585742400,59.895,45.293,7
360,2,AECI,TEPC,1587060000,99.102,63.434,13
360,2,AECI,TEPC,1588377600,82.43,55.173,10
360,2,AECI,TEPC,1589695200,102.501,63.643,12
360,2,AECI,TEPC,1591012800,51.052,37.581,4
360,2,AECI,TEPC,1592330400,114.138,71.81,14
360,2,AECI,TEPC,1593648000,92.83,63.477,9
360,2,AECI,TEPC,1594965600,77.224,54.687,7
360,2,AECI,TEPC,1596283200,70.729,49.933,6
360,2,AECI,TEPC,1597600800,163.747,93.637,17
360,2,AECI,TEPC,1598918400,165.923,99.138,18
360,2,AECI,TEPC,1600236000,87.881,62.275,7
360,2,AECI,TEPC,1601553600,85.765,59.319,8
360,2,AECI,TEPC,1602871200,139.217,85.047,13
360,2,AECI,TEPC,1604188800,114.108,74.192,10
360,2,AECI,TEPC,1605506400,44.059,40.091,2
360,2,AECI,TEPC,1606824000,32.755,36.141,1
360,2,AECI,TEPC,1608141600,71.503,52.261,5
360,3,AECI,TEPC,1577836800,27.991,27.991,0
360,3,AECI,TEPC,1579154400,30.139,30.139,0
360,3,AECI,TEPC,1580472000,29.202,29.202,0
360,3,AECI,TEPC,1581789600,38.002,34.934,1
360,3,AECI,TEPC,1583107200,67.919,48.726,6
360,3,AECI,TEPC,1584424800,54.967,41.11,4
360,3,AECI,TEPC,1585742400,26.247,24.664,1
360,3,AECI,TEPC,1587060000,50.834,38.145,5
360,3,AECI,TEPC,1588377600,36.023,30.951,2
360,3,AECI,TEPC,1589695200,44.584,35.391,3
360,3,AECI,TEPC,1591012800,24.75,24.75,0
360,3,AECI,TEPC,1592330400,32.062,29.058,1
360,3,AECI,TEPC,1593648000,42.966,36.827,2
360,3,AECI,TEPC,1594965600,48.444,39.685,3
360,3,AECI,TEPC,1596283200,56.688,43.807,4
360,3,AECI,TEPC,1597600800,38.444,36.65,1
360,3,AECI,TEPC,1598918400,43.716,36.43,2
360,3,AECI,TEPC,1600236000,56.108,45.888,3
360,3,AECI,TEPC,1601553600,29.771,29.771,0
360,3,AECI,TEPC,1602871200,45.379,37.268,2
360,3,AECI,TEPC,1604188800,52.053,43.47,2
360,3,AECI,TEPC,1605506400,45.3,40.091,2
360,3,AECI,TEPC,1606824000,32.755,36.141,1
360,3,AECI,TEPC,1608141600,31.713,31.713,0
360,4,AECI,TEPC,1577836800,27.991,27.991,0
360,4,AECI,TEPC,1579154400,30.139,30.139,0
360,4,AECI,TEPC,1580472000,29.202,29.202,0
360,4,AECI,TEPC,1581789600,30.99,30.99,0
360,4,AECI,TEPC,1583107200,28.95,28.95,0
360,4,AECI,TEPC,1584424800,28.31,28.31,0
360,4,AECI,TEPC,1585742400,21.211,21.211,0
360,4,AECI,TEPC,1587060000,23.892,23.892,0
360,4,AECI,TEPC,1588377600,25.143,25.143,0
360,4,AECI,TEPC,1589695200,25.774,25.774,0
360,4,AECI,TEPC,1591012800,24.75,24.75,0
360,4,AECI,TEPC,1592330400,25.959,25.959,0
360,4,AECI,TEPC,1593648000,29.983,29.983,0
360,4,AECI,TEPC,1594965600,28.571,28.571,0
360,4,AECI,TEPC,1596283200,29.488,29.488,0
360,4,AECI,TEPC,1597600800,32.788,32.788,0
360,4,AECI,TEPC,1598918400,29.414,29.414,0
360,4,AECI,TEPC,1600236000,33.086,33.086,0
360,4,AECI,TEPC,1601553600,29.771,29.771,0
360,4,AECI,TEPC,1602871200,29.148,29.148,0
360,4,AECI,TEPC,1604188800,35.804,35.804,0
360,4,AECI,TEPC,1605506400,33.466,33.466,0
360,4,AECI,TEPC,1606824000,31.991,31.991,0
360,4,AECI,TEPC,1608141600,31.713,31.713,0
360,5,AECI,TEPC,1577836800,43.806,35.319,2
360,5,AECI,TEPC,1579154400,46.012,37.279,2
360,5,AECI,TEPC,1580472000,81.109,55.072,8
360,5,AECI,TEPC,1581789600,100.138,67.714,10
360,5,AECI,TEPC,1583107200,66.57,48.726,6
360,5,AECI,TEPC,1584424800,79.278,54.185,8
360,5,AECI,TEPC,1585742400,58.65,45.293,7
360,5,AECI,TEPC,1587060000,97.751,63.434,13
360,5,AECI,TEPC,1588377600,81.115,55.173,10
360,5,AECI,TEPC,1589695200,74.742,51.23,8
360,5,AECI,TEPC,1591012800,50.424,37.581,4
360,5,AECI,TEPC,1592330400,111.376,71.81,14
360,5,AECI,TEPC,1593648000,104.819,70.896,11
360,5,AECI,TEPC,1594965600,75.781,54.687,7
360,5,AECI,TEPC,1596283200,69.988,49.933,6
360,5,AECI,TEPC,1597600800,162.562,93.637,17
360,5,AECI,TEPC,1598918400,163.585,99.138,18
360,5,AECI,TEPC,1600236000,86.649,62.275,7
360,5,AECI,TEPC,1601553600,84.932,59.319,8
360,5,AECI,TEPC,1602871200,145.554,89.22,14
360,5,AECI,TEPC,1604188800,112.952,74.192,10
360,5,AECI,TEPC,1605506400,58.763,46.92,4
360,5,AECI,TEPC,1606824000,32.755,36.141,1
360,5,AECI,TEPC,1608141600,71.067,52.261,5
360,6,AECI,TEPC,1577836800,27.991,27.991,0
360,6,AECI,TEPC,1579154400,30.139,30.139,0
360,6,AECI,TEPC,1580472000,29.202,29.202,0
360,6,AECI,TEPC,1581789600,30.99,30.99,0
360,6,AECI,TEPC,1583107200,28.95,28.95,0
360,6,AECI,TEPC,1584424800,28.31,28.31,0
360,6,AECI,TEPC,1585742400,21.211,21.211,0
360,6,AECI,TEPC,1587060000,23.892,23.892,0
360,6,AECI,TEPC,1588377600,25.143,25.143,0
360,6,AECI,TEPC,1589695200,25.774,25.774,0
360,6,AECI,TEPC,1591012800,24.75,24.75,0
360,6,AECI,TEPC,1592330400,25.959,25.959,0
360,6,AECI,TEPC,1593648000,29.983,29.983,0
360,6,AECI,TEPC,1594965600,28.571,28.571,0
360,6,AECI,TEPC,1596283200,29.488,29.488,0
360,6,AECI,TEPC,1597600800,32.788,32.788,0
360,6,AECI,TEPC,1598918400,29.414,29.414,0
360,6,AECI,TEPC,1600236000,33.086,33.086,0
360,6,AECI,TEPC,1601553600,29.771,29.771,0
360,6,AECI,TEPC,1602871200,29.148,29.148,0
360,6,AECI,TEPC,1604188800,35.804,35.804,0
360,6,AECI,TEPC,1605506400,33.466,33.466,0
360,6,AECI,TEPC,1606824000,32.755,36.141,1
360,6,AECI,TEPC,1608141600,31.713,31.713,0
360,1,BANC,CISO,1577836800,9.634,9.634,0
360,1,BANC,CISO,1579154400,10.303,10.303,0
360,1,BANC,CISO,1580472000,7.054,7.054,0
360,1,BANC,CISO,1581789600,6.604,6.604,0
360,1,BANC,CISO,1583107200,6.624,6.624,0
360,1,BANC,CISO,1584424800,10.526,10.526,0
360,1,BANC,CISO,1585742400,5.601,5.601,0
360,1,BANC,CISO,1587060000,4.209,4.209,0
360,1,BANC,CISO,1588377600,5.401,5.401,0
360,1,BANC,CISO,1589695200,5.33,5.33,0
360,1,BANC,CISO,1591012800,5.354,5.354,0
360,1,BANC,CISO,1592330400,5.102,5.102,0
360,1,BANC,CISO,1593648000,4.762,4.762,0
360,1,BANC,CISO,1594965600,6.975,6.975,0
360,1,BANC,CISO,1596283200,7.162,7.162,0
360,1,BANC,CISO,1597600800,9.88,9.88,0
360,1,BANC,CISO,1598918400,9.479,9.479,0
360,1,BANC,CISO,1600236000,10.129,10.129,0
360,1,BANC,CISO,1601553600,10.238,10.238,0
360,1,BANC,CISO,1602871200,9.381,9.381,0
360,1,BANC,CISO,1604188800,11.003,11.003,0
360,1,BANC,CISO,1605506400,11.81,11.81,0
360,1,BANC,CISO,1606824000,13.726,13.726,0
360,1,BANC,CISO,1608141600,11.62,11.62,0
360,2,BANC,CISO,1577836800,25.204,17.088,6
360,2,BANC,CISO,1579154400,26.659,17.859,6
360,2,BANC,CISO,1580472000,14.97,11.185,4
360,2,BANC,CISO,1581789600,25.684,16.425,9
360,2,BANC,CISO,1583107200,17.337,11.896,6
360,2,BANC,CISO,1584424800,31.754,20.546,8
360,2,BANC,CISO,1585742400,18.133,11.762,8
360,2,BANC,CISO,1587060000,9.468,6.585,5
360,2,BANC,CISO,1588377600,18.232,11.601,10
360,2,BANC,CISO,1589695200,13.863,10.684,7
360,2,BANC,CISO,1591012800,12.663,9.009,4
360,2,BANC,CISO,1592330400,18.437,12.528,9
360,2,BANC,CISO,1593648000,11.947,8.562,6
360,2,BANC,CISO,1594965600,19.605,13.993,7
360,2,BANC,CISO,1596283200,21.304,14.635,8
360,2,BANC,CISO,1597600800,14.925,12.225,2
360,2,BANC,CISO,1598918400,24.437,17.75,6
360,2,BANC,CISO,1600236000,29.294,19.268,8
360,2,BANC,CISO,1601553600,29.627,19.447,8
360,2,BANC,CISO,1602871200,24.896,16.4,6
360,2,BANC,CISO,1604188800,22.562,14.695,4
360,2,BANC,CISO,1605506400,81.226,47.648,23
360,2,BANC,CISO,1606824000,69.762,44.461,17
360,2,BANC,CISO,1608141600,34.753,22.674,10
360,3,BANC,CISO,1577836800,14.794,12.127,2
360,3,BANC,CISO,1579154400,10.303,10.303,0
360,3,BANC,CISO,1580472000,7.054,7.054,0
360,3,BANC,CISO,1581789600,8.31,7.709,1
360,3,BANC,CISO,1583107200,9.589,8.16,2
360,3,BANC,CISO,1584424800,10.526,10.526,0
360,3,BANC,CISO,1585742400,5.601,5.601,0
360,3,BANC,CISO,1587060000,6.081,5.106,2
360,3,BANC,CISO,1588377600,13.005,9.289,6
360,3,BANC,CISO,1589695200,8.918,7.853,3
360,3,BANC,CISO,1591012800,5.354,5.354,0
360,3,BANC,CISO,1592330400,6.452,5.828,1
360,3,BANC,CISO,1593648000,7.018,5.939,2
360,3,BANC,CISO,1594965600,6.975,6.975,0
360,3,BANC,CISO,1596283200,7.162,7.162,0
360,3,BANC,CISO,1597600800,9.88,9.88,0
360,3,BANC,CISO,1598918400,17.608,13.531,3
360,3,BANC,CISO,1600236000,10.129,10.129,0
360,3,BANC,CISO,1601553600,10.238,10.238,0
360,3,BANC,CISO,1602871200,13.986,11.683,2
360,3,BANC,CISO,1604188800,11.003,11.003,0
360,3,BANC,CISO,1605506400,14.144,13.558,1
360,3,BANC,CISO,1606824000,14.919,15.47,1
360,3,BANC,CISO,1608141600,16.493,13.937,2
360,4,BANC,CISO,1577836800,9.634,9.634,0
360,4,BANC,CISO,1579154400,10.303,10.303,0
360,4,BANC,CISO,1580472000,7.054,7.054,0
360,4,BANC,CISO,1581789600,6.604,6.604,0
360,4,BANC,CISO,1583107200,6.624,6.624,0
360,4,BANC,CISO,1584424800,10.526,10.526,0
360,4,BANC,CISO,1585742400,5.601,5.601,0
360,4,BANC,CISO,1587060000,4.209,4.209,0
360,4,BANC,CISO,1588377600,5.401,5.401,0
360,4,BANC,CISO,1589695200,5.33,5.33,0
360,4,BANC,CISO,1591012800,5.354,5.354,0
360,4,BANC,CISO,1592330400,5.102,5.102,0
360,4,BANC,CISO,1593648000,4.762,4.762,0
360,4,BANC,CISO,1594965600,6.975,6.975,0
360,4,BANC,CISO,1596283200,7.162,7.162,0
360,4,BANC,CISO,1597600800,9.88,9.88,0
360,4,BANC,CISO,1598918400,9.479,9.479,0
360,4,BANC,CISO,1600236000,10.129,10.129,0
360,4,BANC,CISO,1601553600,10.238,10.238,0
360,4,BANC,CISO,1602871200,9.381,9.381,0
360,4,BANC,CISO,1604188800,11.003,11.003,0
360,4,BANC,CISO,1605506400,11.81,11.81,0
360,4,BANC,CISO,1606824000,13.726,13.726,0
360,4,BANC,CISO,1608141600,11.62,11.62,0
360,5,BANC,CISO,1577836800,23.91,17.088,6
360,5,BANC,CISO,1579154400,30.736,20.285,8
360,5,BANC,CISO,1580472000,14.375,11.185,4
360,5,BANC,CISO,1581789600,26.02,17.441,10
360,5,BANC,CISO,1583107200,16.256,11.896,6
360,5,BANC,CISO,1584424800,29.941,20.546,8
360,5,BANC,CISO,1585742400,16.371,11.762,8
360,5,BANC,CISO,1587060000,10.501,7.103,6
360,5,BANC,CISO,1588377600,11.296,9.289,6
360,5,BANC,CISO,1589695200,12.826,10.684,7
360,5,BANC,CISO,1591012800,12.465,9.009,4
360,5,BANC,CISO,1592330400,17.711,12.528,9
360,5,BANC,CISO,1593648000,11.471,8.562,6
360,5,BANC,CISO,1594965600,20.777,14.786,8
360,5,BANC,CISO,1596283200,20.759,14.635,8
360,5,BANC,CISO,1597600800,14.925,12.225,2
360,5,BANC,CISO,1598918400,23.88,17.75,6
360,5,BANC,CISO,1600236000,28.577,19.268,8
360,5,BANC,CISO,1601553600,28.774,19.447,8
360,5,BANC,CISO,1602871200,18.964,14.055,4
360,5,BANC,CISO,1604188800,22.012,14.695,4
360,5,BANC,CISO,1605506400,84.196,50.783,25
360,5,BANC,CISO,1606824000,68.762,44.461,17
360,5,BANC,CISO,1608141600,32.573,22.674,10
360,6,BANC,CISO,1577836800,9.634,9.634,0
360,6,BANC,CISO,1579154400,10.303,10.303,0
360,6,BANC,CISO,1580472000,7.054,7.054,0
360,6,BANC,CISO,1581789600,6.604,6.604,0
360,6,BANC,CISO,1583107200,6.624,6.624,0
360,6,BANC,CISO,1584424800,10.526,10.526,0
360,6,BANC,CISO,1585742400,5.601,5.601,0
360,6,BANC,CISO,1587060000,4.209,4.209,0
360,6,BANC,CISO,1588377600,5.401,5.401,0
360,6,BANC,CISO,1589695200,5.33,5.33,0
360,6,BANC,CISO,1591012800,5.354,5.354,0
360,6,BANC,CISO,1592330400,5.102,5.102,0
360,6,BANC,CISO,1593648000,4.762,4.762,0
360,6,BANC,CISO,1594965600,6.975,6.975,0
360,6,BANC,CISO,1596283200,7.162,7.162,0
360,6,BANC,CISO,1597600800,9.88,9.88,0
360,6,BANC,CISO,1598918400,9.479,9.479,0
360,6,BANC,CISO,1600236000,10.129,10.129,0
360,6,BANC,CISO,1601553600,10.238,10.238,0
360,6,BANC,CISO,1602871200,9.381,9.381,0
360,6,BANC,CISO,1604188800,11.003,11.003,0
360,6,BANC,CISO,1605506400,11.81,11.81,0
360,6,BANC,CISO,1606824000,15.047,15.47,1
360,6,BANC,CISO,1608141600,11.62,11.62,0
360,1,CISO,BANC,1577836800,12.402,12.402,0
360,1,CISO,BANC,1579154400,13.357,13.357,0
360,1,CISO,BANC,1580472000,11.216,11.216,0
360,1,CISO,BANC,1581789600,9.848,9.848,0
360,1,CISO,BANC,1583107200,9.903,9.903,0
360,1,CISO,BANC,1584424800,12.883,12.883,0
360,1,CISO,BANC,1585742400,7.582,7.582,0
360,1,CISO,BANC,1587060000,7.672,7.672,0
360,1,CISO,BANC,1588377600,5.359,5.359,0
360,1,CISO,BANC,1589695200,5.976,5.976,0
360,1,CISO,BANC,1591012800,9.004,9.004,0
360,1,CISO,BANC,1592330400,6.312,6.312,0
360,1,CISO,BANC,1593648000,7.005,7.005,0
360,1,CISO,BANC,1594965600,8.607,8.607,0
360,1,CISO,BANC,1596283200,8.788,8.788,0
360,1,CISO,BANC,1597600800,12.113,12.113,0
360,1,CISO,BANC,1598918400,10.471,10.471,0
360,1,CISO,BANC,1600236000,12.075,12.075,0
360,1,CISO,BANC,1601553600,12.36,12.36,0
360,1,CISO,BANC,1602871200,13.505,13.505,0
360,1,CISO,BANC,1604188800,13.674,13.674,0
360,1,CISO,BANC,1605506400,11.755,11.755,0
360,1,CISO,BANC,1606824000,11.541,11.541,0
360,1,CISO,BANC,1608141600,11.483,11.483,0
360,2,CISO,BANC,1577836800,30.3,25.601,8
360,2,CISO,BANC,1579154400,35.794,28.999,9
360,2,CISO,BANC,1580472000,19.94,18.429,6
360,2,CISO,BANC,1581789600,21.066,20.297,7
360,2,CISO,BANC,1583107200,23.41,22.719,9
360,2,CISO,BANC,1584424800,35.129,27.524,9
360,2,CISO,BANC,1585742400,20.404,16.609,9
360,2,CISO,BANC,1587060000,7.157,10.188,3
360,2,CISO,BANC,1588377600,16.311,12.73,9
360,2,CISO,BANC,1589695200,16.711,12.232,9
360,2,CISO,BANC,1591012800,18.69,16.603,7
360,2,CISO,BANC,1592330400,15.807,12.768,7
360,2,CISO,BANC,1593648000,16.114,14.674,9
360,2,CISO,BANC,1594965600,23.656,18.275,9
360,2,CISO,BANC,1596283200,25.512,18.471,10
360,2,CISO,BANC,1597600800,12.34,13.53,1
360,2,CISO,BANC,1598918400,32.474,23.313,9
360,2,CISO,BANC,1600236000,32.038,24.64,9
360,2,CISO,BANC,1601553600,32.942,25.735,9
360,2,CISO,BANC,1602871200,21.727,20.947,5
360,2,CISO,BANC,1604188800,25.059,21.951,5
360,2,CISO,BANC,1605506400,90.355,47.011,26
360,2,CISO,BANC,1606824000,72.716,38.206,18
360,2,CISO,BANC,1608141600,27.294,21.493,7
360,3,CISO,BANC,1577836800,12.568,14.345,1
360,3,CISO,BANC,1579154400,13.827,15.363,1
360,3,CISO,BANC,1580472000,11.721,13.32,2
360,3,CISO,BANC,1581789600,11.955,14.098,3
360,3,CISO,BANC,1583107200,8.383,11.415,1
360,3,CISO,BANC,1584424800,14.047,14.652,1
360,3,CISO,BANC,1585742400,8.809,9.06,2
360,3,CISO,BANC,1587060000,7.014,10.188,3
360,3,CISO,BANC,1588377600,9.818,8.157,4
360,3,CISO,BANC,1589695200,11.98,9.492,5
360,3,CISO,BANC,1591012800,7.331,10.067,1
360,3,CISO,BANC,1592330400,9.196,9.24,3
360,3,CISO,BANC,1593648000,6.154,8.122,1
360,3,CISO,BANC,1594965600,9.236,9.873,1
360,3,CISO,BANC,1596283200,13.032,11.848,3
360,3,CISO,BANC,1597600800,12.299,13.53,1
360,3,CISO,BANC,1598918400,11.727,11.915,1
360,3,CISO,BANC,1600236000,13.162,13.713,1
360,3,CISO,BANC,1601553600,17.721,16.714,3
360,3,CISO,BANC,1602871200,16.288,18.045,3
360,3,CISO,BANC,1604188800,13.564,15.522,1
360,3,CISO,BANC,1605506400,17.365,14.689,2
360,3,CISO,BANC,1606824000,11.541,11.541,0
360,3,CISO,BANC,1608141600,19.075,15.874,3
360,4,CISO,BANC,1577836800,12.402,12.402,0
360,4,CISO,BANC,1579154400,13.357,13.357,0
360,4,CISO,BANC,1580472000,11.216,11.216,0
360,4,CISO,BANC,1581789600,9.848,9.848,0
360,4,CISO,BANC,1583107200,9.903,9.903,0
360,4,CISO,BANC,1584424800,12.883,12.883,0
360,4,CISO,BANC,1585742400,7.582,7.582,0
360,4,CISO,BANC,1587060000,7.672,7.672,0
360,4,CISO,BANC,1588377600,5.359,5.359,0
360,4,CISO,BANC,1589695200,5.976,5.976,0
360,4,CISO,BANC,1591012800,9.004,9.004,0
360,4,CISO,BANC,1592330400,6.312,6.312,0
360,4,CISO,BANC,1593648000,7.005,7.005,0
360,4,CISO,BANC,1594965600,8.607,8.607,0
360,4,CISO,BANC,1596283200,8.788,8.788,0
360,4,CISO,BANC,1597600800,12.113,12.113,0
360,4,CISO,BANC,1598918400,10.471,10.471,0
360,4,CISO,BANC,1600236000,12.075,12.075,0
360,4,CISO,BANC,1601553600,12.36,12.36,0
360,4,CISO,BANC,1602871200,13.505,13.505,0
360,4,CISO,BANC,1604188800,13.674,13.674,0
360,4,CISO,BANC,1605506400,11.755,11.755,0
360,4,CISO,BANC,1606824000,11.541,11.541,0
360,4,CISO,BANC,1608141600,11.483,11.483,0
360,5,CISO,BANC,1577836800,30.998,27.266,9
360,5,CISO,BANC,1579154400,34.184,28.999,9
360,5,CISO,BANC,1580472000,21.098,20.005,7
360,5,CISO,BANC,1581789600,19.42,20.297,7
360,5,CISO,BANC,1583107200,22.123,22.719,9
360,5,CISO,BANC,1584424800,33.316,27.524,9
360,5,CISO,BANC,1585742400,18.709,16.609,9
360,5,CISO,BANC,1587060000,7.043,10.188,3
360,5,CISO,BANC,1588377600,14.713,12.73,9
360,5,CISO,BANC,1589695200,15.596,12.232,9
360,5,CISO,BANC,1591012800,11.097,12.391,3
360,5,CISO,BANC,1592330400,15.081,12.768,7
360,5,CISO,BANC,1593648000,15.262,14.674,9
360,5,CISO,BANC,1594965600,22.968,18.275,9
360,5,CISO,BANC,1596283200,25.09,18.471,10
360,5,CISO,BANC,1597600800,12.326,13.53,1
360,5,CISO,BANC,1598918400,31.763,23.313,9
360,5,CISO,BANC,1600236000,31.321,24.64,9
360,5,CISO,BANC,1601553600,32.207,25.735,9
360,5,CISO,BANC,1602871200,21.414,20.947,5
360,5,CISO,BANC,1604188800,24.509,21.951,5
360,5,CISO,BANC,1605506400,87.401,47.011,26
360,5,CISO,BANC,1606824000,71.531,38.206,18
360,5,CISO,BANC,1608141600,25.73,21.493,7
360,6,CISO,BANC,1577836800,12.568,14.345,1
360,6,CISO,BANC,1579154400,13.827,15.363,1
360,6,CISO,BANC,1580472000,9.925,12.582,1
360,6,CISO,BANC,1581789600,8.527,10.619,1
360,6,CISO,BANC,1583107200,8.383,11.415,1
360,6,CISO,BANC,1584424800,13.994,14.652,1
360,6,CISO,BANC,1585742400,7.594,8.47,1
360,6,CISO,BANC,1587060000,5.168,8.13,1
360,6,CISO,BANC,1588377600,5.359,5.359,0
360,6,CISO,BANC,1589695200,5.976,5.976,0
360,6,CISO,BANC,1591012800,7.331,10.067,1
360,6,CISO,BANC,1592330400,6.164,7.0,1
360,6,CISO,BANC,1593648000,6.154,8.122,1
360,6,CISO,BANC,1594965600,9.236,9.873,1
360,6,CISO,BANC,1596283200,9.468,9.672,1
360,6,CISO,BANC,1597600800,12.299,13.53,1
360,6,CISO,BANC,1598918400,10.471,10.471,0
360,6,CISO,BANC,1600236000,13.162,13.713,1
360,6,CISO,BANC,1601553600,13.344,13.744,1
360,6,CISO,BANC,1602871200,11.861,14.554,1
360,6,CISO,BANC,1604188800,13.564,15.522,1
360,6,CISO,BANC,1605506400,11.755,11.755,0
360,6,CISO,BANC,1606824000,11.541,11.541,0
360,6,CISO,BANC,1608141600,11.483,11.483,0
360,1,EPE,AECI,1577836800,26.946,26.946,0
360,1,EPE,AECI,1579154400,27.639,27.639,0
360,1,EPE,AECI,1580472000,24.201,24.201,0
360,1,EPE,AECI,1581789600,23.463,23.463,0
360,1,EPE,AECI,1583107200,27.005,27.005,0
360,1,EPE,AECI,1584424800,27.241,27.241,0
360,1,EPE,AECI,1585742400,21.947,21.947,0
360,1,EPE,AECI,1587060000,22.891,22.891,0
360,1,EPE,AECI,1588377600,24.48,24.48,0
360,1,EPE,AECI,1589695200,25.238,25.238,0
360,1,EPE,AECI,1591012800,26.114,26.114,0
360,1,EPE,AECI,1592330400,26.021,26.021,0
360,1,EPE,AECI,1593648000,26.402,26.402,0
360,1,EPE,AECI,1594965600,27.925,27.925,0
360,1,EPE,AECI,1596283200,27.295,27.295,0
360,1,EPE,AECI,1597600800,28.635,28.635,0
360,1,EPE,AECI,1598918400,27.13,27.13,0
360,1,EPE,AECI,1600236000,26.63,26.63,0
360,1,EPE,AECI,1601553600,29.343,29.343,0
360,1,EPE,AECI,1602871200,29.864,29.864,0
360,1,EPE,AECI,1604188800,28.659,28.659,0
360,1,EPE,AECI,1605506400,27.195,27.195,0
360,1,EPE,AECI,1606824000,26.511,26.511,0
360,1,EPE,AECI,1608141600,28.727,28.727,0
360,2,EPE,AECI,1577836800,81.851,54.545,8
360,2,EPE,AECI,1579154400,64.319,45.949,5
360,2,EPE,AECI,1580472000,36.014,30.116,2
360,2,EPE,AECI,1581789600,23.463,23.463,0
360,2,EPE,AECI,1583107200,72.446,50.405,7
360,2,EPE,AECI,1584424800,91.249,58.596,10
360,2,EPE,AECI,1585742400,42.688,33.17,4
360,2,EPE,AECI,1587060000,64.344,45.057,7
360,2,EPE,AECI,1588377600,69.61,47.32,8
360,2,EPE,AECI,1589695200,81.905,55.084,9
360,2,EPE,AECI,1591012800,88.226,58.147,10
360,2,EPE,AECI,1592330400,70.987,49.697,7
360,2,EPE,AECI,1593648000,83.431,53.855,8
360,2,EPE,AECI,1594965600,84.257,56.153,8
360,2,EPE,AECI,1596283200,98.704,61.637,10
360,2,EPE,AECI,1597600800,43.912,35.111,2
360,2,EPE,AECI,1598918400,69.752,47.765,6
360,2,EPE,AECI,1600236000,26.63,26.63,0
360,2,EPE,AECI,1601553600,71.751,50.952,6
360,2,EPE,AECI,1602871200,73.459,52.419,6
360,2,EPE,AECI,1604188800,86.703,56.657,8
360,2,EPE,AECI,1605506400,33.672,30.605,1
360,2,EPE,AECI,1606824000,41.23,33.175,2
360,2,EPE,AECI,1608141600,109.755,67.416,11
360,3,EPE,AECI,1577836800,26.946,26.946,0
360,3,EPE,AECI,1579154400,27.639,27.639,0
360,3,EPE,AECI,1580472000,35.543,30.116,2
360,3,EPE,AECI,1581789600,23.463,23.463,0
360,3,EPE,AECI,1583107200,27.005,27.005,0
360,3,EPE,AECI,1584424800,39.446,33.365,2
360,3,EPE,AECI,1585742400,32.289,27.337,2
360,3,EPE,AECI,1587060000,22.891,22.891,0
360,3,EPE,AECI,1588377600,24.48,24.48,0
360,3,EPE,AECI,1589695200,31.83,28.934,1
360,3,EPE,AECI,1591012800,37.647,32.328,2
360,3,EPE,AECI,1592330400,44.295,36.357,3
360,3,EPE,AECI,1593648000,26.402,26.402,0
360,3,EPE,AECI,1594965600,61.553,45.846,5
360,3,EPE,AECI,1596283200,40.62,33.737,2
360,3,EPE,AECI,1597600800,28.635,28.635,0
360,3,EPE,AECI,1598918400,54.912,40.765,4
360,3,EPE,AECI,1600236000,26.63,26.63,0
360,3,EPE,AECI,1601553600,43.356,36.281,2
360,3,EPE,AECI,1602871200,57.676,45.053,4
360,3,EPE,AECI,1604188800,28.659,28.659,0
360,3,EPE,AECI,1605506400,33.489,30.605,1
360,3,EPE,AECI,1606824000,41.015,33.175,2
360,3,EPE,AECI,1608141600,43.606,36.055,2
360,4,EPE,AECI,1577836800,26.946,26.946,0
360,4,EPE,AECI,1579154400,27.639,27.639,0
360,4,EPE,AECI,1580472000,24.201,24.201,0
360,4,EPE,AECI,1581789600,23.463,23.463,0
360,4,EPE,AECI,1583107200,27.005,27.005,0
360,4,EPE,AECI,1584424800,27.241,27.241,0
360,4,EPE,AECI,1585742400,21.947,21.947,0
360,4,EPE,AECI,1587060000,22.891,22.891,0
360,4,EPE,AECI,1588377600,24.48,24.48,0
360,4,EPE,AECI,1589695200,25.238,25.238,0
360,4,EPE,AECI,1591012800,26.114,26.114,0
360,4,EPE,AECI,1592330400,26.021,26.021,0
360,4,EPE,AECI,1593648000,26.402,26.402,0
360,4,EPE,AECI,1594965600,27.925,27.925,0
360,4,EPE,AECI,1596283200,27.295,27.295,0
360,4,EPE,AECI,1597600800,28.635,28.635,0
360,4,EPE,AECI,1598918400,27.13,27.13,0
360,4,EPE,AECI,1600236000,26.63,26.63,0
360,4,EPE,AECI,1601553600,29.343,29.343,0
360,4,EPE,AECI,1602871200,29.864,29.864,0
360,4,EPE,AECI,1604188800,28.659,28.659,0
360,4,EPE,AECI,1605506400,27.195,27.195,0
360,4,EPE,AECI,1606824000,26.511,26.511,0
360,4,EPE,AECI,1608141600,28.727,28.727,0
360,5,EPE,AECI,1577836800,81.424,54.545,8
360,5,EPE,AECI,1579154400,63.613,45.949,5
360,5,EPE,AECI,1580472000,35.605,30.116,2
360,5,EPE,AECI,1581789600,23.463,23.463,0
360,5,EPE,AECI,1583107200,71.207,50.405,7
360,5,EPE,AECI,1584424800,90.423,58.596,10
360,5,EPE,AECI,1585742400,41.969,33.17,4
360,5,EPE,AECI,1587060000,63.769,45.057,7
360,5,EPE,AECI,1588377600,68.56,47.32,8
360,5,EPE,AECI,1589695200,80.663,55.084,9
360,5,EPE,AECI,1591012800,61.152,45.283,6
360,5,EPE,AECI,1592330400,69.981,49.697,7
360,5,EPE,AECI,1593648000,81.886,53.855,8
360,5,EPE,AECI,1594965600,98.211,63.534,10
360,5,EPE,AECI,1596283200,61.996,44.536,5
360,5,EPE,AECI,1597600800,43.628,35.111,2
360,5,EPE,AECI,1598918400,69.362,47.765,6
360,5,EPE,AECI,1600236000,41.417,33.841,2
360,5,EPE,AECI,1601553600,71.128,50.952,6
360,5,EPE,AECI,1602871200,73.042,52.419,6
360,5,EPE,AECI,1604188800,85.922,56.657,8
360,5,EPE,AECI,1605506400,40.117,33.825,2
360,5,EPE,AECI,1606824000,41.015,33.175,2
360,5,EPE,AECI,1608141600,109.117,67.416,11
360,6,EPE,AECI,1577836800,26.946,26.946,0
360,6,EPE,AECI,1579154400,27.639,27.639,0
360,6,EPE,AECI,1580472000,24.201,24.201,0
360,6,EPE,AECI,1581789600,23.463,23.463,0
360,6,EPE,AECI,1583107200,27.005,27.005,0
360,6,EPE,AECI,1584424800,27.241,27.241,0
360,6,EPE,AECI,1585742400,21.947,21.947,0
360,6,EPE,AECI,1587060000,22.891,22.891,0
360,6,EPE,AECI,1588377600,24.48,24.48,0
360,6,EPE,AECI,1589695200,25.238,25.238,0
360,6,EPE,AECI,1591012800,26.114,26.114,0
360,6,EPE,AECI,1592330400,26.021,26.021,0
360,6,EPE,AECI,1593648000,26.402,26.402,0
360,6,EPE,AECI,1594965600,27.925,27.925,0
360,6,EPE,AECI,1596283200,27.295,27.295,0
360,6,EPE,AECI,1597600800,28.635,28.635,0
360,6,EPE,AECI,1598918400,27.13,27.13,0
360,6,EPE,AECI,1600236000,26.63,26.63,0
360,6,EPE,AECI,1601553600,29.343,29.343,0
360,6,EPE,AECI,1602871200,29.864,29.864,0
360,6,EPE,AECI,1604188800,28.659,28.659,0
360,6,EPE,AECI,1605506400,27.195,27.195,0
360,6,EPE,AECI,1606824000,26.511,26.511,0
360,6,EPE,AECI,1608141600,28.727,28.727,0
360,1,EPE,PSCO,1577836800,26.946,26.946,0
360,1,EPE,PSCO,1579154400,27.639,27.639,0
360,1,EPE,PSCO,1580472000,24.201,24.201,0
360,1,EPE,PSCO,1581789600,23.463,23.463,0
360,1,EPE,PSCO,1583107200,27.005,27.005,0
360,1,EPE,PSCO,1584424800,27.241,27.241,0
360,1,EPE,PSCO,1585742400,21.947,21.947,0
360,1,EPE,PSCO,1587060000,22.891,22.891,0
360,1,EPE,PSCO,1588377600,24.48,24.48,0
360,1,EPE,PSCO,1589695200,25.238,25.238,0
360,1,EPE,PSCO,1591012800,26.114,26.114,0
360,1,EPE,PSCO,1592330400,26.021,26.021,0
360,1,EPE,PSCO,1593648000,26.402,26.402,0
360,1,EPE,PSCO,1594965600,27.925,27.925,0
360,1,EPE,PSCO,1596283200,27.295,27.295,0
360,1,EPE,PSCO,1597600800,28.635,28.635,0
360,1,EPE,PSCO,1598918400,27.13,27.13,0
360,1,EPE,PSCO,1600236000,26.63,26.63,0
360,1,EPE,PSCO,1601553600,29.343,29.343,0
360,1,EPE,PSCO,1602871200,29.864,29.864,0
360,1,EPE,PSCO,1604188800,28.659,28.659,0
360,1,EPE,PSCO,1605506400,27.195,27.195,0
360,1,EPE,PSCO,1606824000,26.511,26.511,0
360,1,EPE,PSCO,1608141600,28.727,28.727,0
360,2,EPE,PSCO,1577836800,68.208,47.932,6
360,2,EPE,PSCO,1579154400,64.4,49.657,6
360,2,EPE,PSCO,1580472000,83.73,54.56,10
360,2,EPE,PSCO,1581789600,35.144,29.56,2
360,2,EPE,PSCO,1583107200,76.302,53.349,8
360,2,EPE,PSCO,1584424800,65.457,45.724,6
360,2,EPE,PSCO,1585742400,33.126,27.337,2
360,2,EPE,PSCO,1587060000,48.551,35.15,4
360,2,EPE,PSCO,1588377600,69.46,47.32,8
360,2,EPE,PSCO,1589695200,39.532,35.233,3
360,2,EPE,PSCO,1591012800,80.787,51.778,8
360,2,EPE,PSCO,1592330400,64.929,46.133,6
360,2,EPE,PSCO,1593648000,75.842,53.855,8
360,2,EPE,PSCO,1594965600,89.583,60.046,9
360,2,EPE,PSCO,1596283200,43.213,37.231,3
360,2,EPE,PSCO,1597600800,78.47,54.663,8
360,2,EPE,PSCO,1598918400,52.3,40.765,4
360,2,EPE,PSCO,1600236000,85.517,60.14,10
360,2,EPE,PSCO,1601553600,86.161,61.133,9
360,2,EPE,PSCO,1602871200,75.236,56.456,7
360,2,EPE,PSCO,1604188800,91.361,60.066,9
360,2,EPE,PSCO,1605506400,86.949,59.49,10
360,2,EPE,PSCO,1606824000,25.721,29.904,1
360,2,EPE,PSCO,1608141600,28.846,32.139,1
360,3,EPE,PSCO,1577836800,54.258,40.818,4
360,3,EPE,PSCO,1579154400,28.691,31.349,1
360,3,EPE,PSCO,1580472000,34.043,30.116,2
360,3,EPE,PSCO,1581789600,35.96,29.56,2
360,3,EPE,PSCO,1583107200,32.543,30.6,1
360,3,EPE,PSCO,1584424800,39.813,33.365,2
360,3,EPE,PSCO,1585742400,21.947,21.947,0
360,3,EPE,PSCO,1587060000,22.891,22.891,0
360,3,EPE,PSCO,1588377600,24.48,24.48,0
360,3,EPE,PSCO,1589695200,29.113,28.934,1
360,3,EPE,PSCO,1591012800,26.114,26.114,0
360,3,EPE,PSCO,1592330400,36.643,32.639,2
360,3,EPE,PSCO,1593648000,30.391,29.786,1
360,3,EPE,PSCO,1594965600,41.396,35.143,2
360,3,EPE,PSCO,1596283200,33.036,30.567,1
360,3,EPE,PSCO,1597600800,37.806,35.111,2
360,3,EPE,PSCO,1598918400,27.13,27.13,0
360,3,EPE,PSCO,1600236000,29.594,30.374,1
360,3,EPE,PSCO,1601553600,32.806,32.935,1
360,3,EPE,PSCO,1602871200,47.797,41.293,3
360,3,EPE,PSCO,1604188800,28.659,28.659,0
360,3,EPE,PSCO,1605506400,32.973,30.605,1
360,3,EPE,PSCO,1606824000,25.721,29.904,1
360,3,EPE,PSCO,1608141600,28.846,32.139,1
360,4,EPE,PSCO,1577836800,26.946,26.946,0
360,4,EPE,PSCO,1579154400,27.639,27.639,0
360,4,EPE,PSCO,1580472000,24.201,24.201,0
360,4,EPE,PSCO,1581789600,23.463,23.463,0
360,4,EPE,PSCO,1583107200,27.005,27.005,0
360,4,EPE,PSCO,1584424800,27.241,27.241,0
360,4,EPE,PSCO,1585742400,21.947,21.947,0
360,4,EPE,PSCO,1587060000,22.891,22.891,0
360,4,EPE,PSCO,1588377600,24.48,24.48,0
360,4,EPE,PSCO,1589695200,25.238,25.238,0
360,4,EPE,PSCO,1591012800,26.114,26.114,0
360,4,EPE,PSCO,1592330400,26.021,26.021,0
360,4,EPE,PSCO,1593648000,26.402,26.402,0
360,4,EPE,PSCO,1594965600,27.925,27.925,0
360,4,EPE,PSCO,1596283200,27.295,27.295,0
360,4,EPE,PSCO,1597600800,28.635,28.635,0
360,4,EPE,PSCO,1598918400,27.13,27.13,0
360,4,EPE,PSCO,1600236000,26.63,26.63,0
360,4,EPE,PSCO,1601553600,29.343,29.343,0
360,4,EPE,PSCO,1602871200,29.864,29.864,0
360,4,EPE,PSCO,1604188800,28.659,28.659,0
360,4,EPE,PSCO,1605506400,27.195,27.195,0
360,4,EPE,PSCO,1606824000,26.511,26.511,0
360,4,EPE,PSCO,1608141600,28.727,28.727,0
360,5,EPE,PSCO,1577836800,87.537,58.051,9
360,5,EPE,PSCO,1579154400,64.144,49.657,6
360,5,EPE,PSCO,1580472000,69.464,48.542,8
360,5,EPE,PSCO,1581789600,34.931,29.56,2
360,5,EPE,PSCO,1583107200,75.81,53.349,8
360,5,EPE,PSCO,1584424800,64.505,45.724,6
360,5,EPE,PSCO,1585742400,32.161,27.337,2
360,5,EPE,PSCO,1587060000,48.069,35.15,4
360,5,EPE,PSCO,1588377600,68.542,47.32,8
360,5,EPE,PSCO,1589695200,38.887,35.233,3
360,5,EPE,PSCO,1591012800,52.732,39.129,4
360,5,EPE,PSCO,1592330400,63.888,46.133,6
360,5,EPE,PSCO,1593648000,74.73,53.855,8
360,5,EPE,PSCO,1594965600,87.865,60.046,9
360,5,EPE,PSCO,1596283200,43.196,37.231,3
360,5,EPE,PSCO,1597600800,77.1,54.663,8
360,5,EPE,PSCO,1598918400,51.763,40.765,4
360,5,EPE,PSCO,1600236000,83.491,60.14,10
360,5,EPE,PSCO,1601553600,84.414,61.133,9
360,5,EPE,PSCO,1602871200,74.386,56.456,7
360,5,EPE,PSCO,1604188800,91.129,60.066,9
360,5,EPE,PSCO,1605506400,84.99,59.49,10
360,5,EPE,PSCO,1606824000,25.721,29.904,1
360,5,EPE,PSCO,1608141600,28.846,32.139,1
360,6,EPE,PSCO,1577836800,26.946,26.946,0
360,6,EPE,PSCO,1579154400,28.691,31.349,1
360,6,EPE,PSCO,1580472000,24.201,24.201,0
360,6,EPE,PSCO,1581789600,23.463,23.463,0
360,6,EPE,PSCO,1583107200,27.005,27.005,0
360,6,EPE,PSCO,1584424800,27.241,27.241,0
360,6,EPE,PSCO,1585742400,21.947,21.947,0
360,6,EPE,PSCO,1587060000,22.891,22.891,0
360,6,EPE,PSCO,1588377600,24.48,24.48,0
360,6,EPE,PSCO,1589695200,28.047,28.934,1
360,6,EPE,PSCO,1591012800,26.114,26.114,0
360,6,EPE,PSCO,1592330400,26.021,26.021,0
360,6,EPE,PSCO,1593648000,26.402,26.402,0
360,6,EPE,PSCO,1594965600,27.925,27.925,0
360,6,EPE,PSCO,1596283200,27.295,27.295,0
360,6,EPE,PSCO,1597600800,28.635,28.635,0
360,6,EPE,PSCO,1598918400,27.13,27.13,0
360,6,EPE,PSCO,1600236000,26.63,26.63,0
360,6,EPE,PSCO,1601553600,32.235,32.935,1
360,6,EPE,PSCO,1602871200,29.864,29.864,0
360,6,EPE,PSCO,1604188800,28.659,28.659,0
360,6,EPE,PSCO,1605506400,27.195,27.195,0
360,6,EPE,PSCO,1606824000,25.721,29.904,1
360,6,EPE,PSCO,1608141600,28.846,32.139,1
360,1,PACE,AECI,1577836800,29.606,29.606,0
360,1,PACE,AECI,1579154400,31.258,31.258,0
360,1,PACE,AECI,1580472000,26.441,26.441,0
360,1,PACE,AECI,1581789600,26.244,26.244,0
360,1,PACE,AECI,1583107200,27.863,27.863,0
360,1,PACE,AECI,1584424800,33.66,33.66,0
360,1,PACE,AECI,1585742400,30.11,30.11,0
360,1,PACE,AECI,1587060000,29.92,29.92,0
360,1,PACE,AECI,1588377600,26.092,26.092,0
360,1,PACE,AECI,1589695200,29.135,29.135,0
360,1,PACE,AECI,1591012800,30.797,30.797,0
360,1,PACE,AECI,1592330400,26.769,26.769,0
360,1,PACE,AECI,1593648000,28.187,28.187,0
360,1,PACE,AECI,1594965600,26.382,26.382,0
360,1,PACE,AECI,1596283200,31.055,31.055,0
360,1,PACE,AECI,1597600800,33.719,33.719,0
360,1,PACE,AECI,1598918400,31.987,31.987,0
360,1,PACE,AECI,1600236000,34.388,34.388,0
360,1,PACE,AECI,1601553600,33.411,33.411,0
360,1,PACE,AECI,1602871200,28.206,28.206,0
360,1,PACE,AECI,1604188800,34.413,34.413,0
360,1,PACE,AECI,1605506400,30.768,30.768,0
360,1,PACE,AECI,1606824000,32.138,32.138,0
360,1,PACE,AECI,1608141600,29.524,29.524,0
360,2,PACE,AECI,1577836800,63.482,48.884,5
360,2,PACE,AECI,1579154400,98.48,65.923,9
360,2,PACE,AECI,1580472000,59.752,45.097,5
360,2,PACE,AECI,1581789600,46.837,37.849,3
360,2,PACE,AECI,1583107200,71.432,51.571,7
360,2,PACE,AECI,1584424800,50.553,46.538,3
360,2,PACE,AECI,1585742400,35.032,36.838,2
360,2,PACE,AECI,1587060000,41.592,41.487,3
360,2,PACE,AECI,1588377600,66.144,49.86,7
360,2,PACE,AECI,1589695200,107.227,68.718,13
360,2,PACE,AECI,1591012800,66.411,53.451,6
360,2,PACE,AECI,1592330400,43.699,38.753,3
360,2,PACE,AECI,1593648000,86.26,57.913,8
360,2,PACE,AECI,1594965600,92.902,60.975,9
360,2,PACE,AECI,1596283200,80.082,58.589,7
360,2,PACE,AECI,1597600800,362.934,198.161,40
360,2,PACE,AECI,1598918400,51.079,44.465,3
360,2,PACE,AECI,1600236000,104.457,71.091,9
360,2,PACE,AECI,1601553600,105.632,72.629,10
360,2,PACE,AECI,1602871200,70.914,49.638,6
360,2,PACE,AECI,1604188800,95.694,66.21,8
360,2,PACE,AECI,1605506400,65.796,49.218,5
360,2,PACE,AECI,1606824000,112.245,71.704,10
360,2,PACE,AECI,1608141600,110.679,67.876,11
360,3,PACE,AECI,1577836800,64.022,48.884,5
360,3,PACE,AECI,1579154400,66.268,49.97,5
360,3,PACE,AECI,1580472000,37.884,32.703,2
360,3,PACE,AECI,1581789600,26.244,26.244,0
360,3,PACE,AECI,1583107200,27.863,27.863,0
360,3,PACE,AECI,1584424800,36.144,38.416,1
360,3,PACE,AECI,1585742400,35.032,36.838,2
360,3,PACE,AECI,1587060000,29.802,33.146,1
360,3,PACE,AECI,1588377600,48.019,38.425,4
360,3,PACE,AECI,1589695200,33.676,32.876,1
360,3,PACE,AECI,1591012800,46.428,42.032,3
360,3,PACE,AECI,1592330400,31.723,30.445,1
360,3,PACE,AECI,1593648000,28.187,28.187,0
360,3,PACE,AECI,1594965600,32.433,30.407,1
360,3,PACE,AECI,1596283200,51.877,42.186,3
360,3,PACE,AECI,1597600800,48.832,41.74,2
360,3,PACE,AECI,1598918400,36.897,35.731,1
360,3,PACE,AECI,1600236000,74.326,56.048,5
360,3,PACE,AECI,1601553600,46.303,41.557,2
360,3,PACE,AECI,1602871200,41.395,34.994,2
360,3,PACE,AECI,1604188800,73.07,54.92,5
360,3,PACE,AECI,1605506400,36.856,34.543,1
360,3,PACE,AECI,1606824000,48.048,39.558,2
360,3,PACE,AECI,1608141600,36.214,33.447,1
360,4,PACE,AECI,1577836800,29.606,29.606,0
360,4,PACE,AECI,1579154400,31.258,31.258,0
360,4,PACE,AECI,1580472000,26.441,26.441,0
360,4,PACE,AECI,1581789600,26.244,26.244,0
360,4,PACE,AECI,1583107200,27.863,27.863,0
360,4,PACE,AECI,1584424800,33.66,33.66,0
360,4,PACE,AECI,1585742400,30.11,30.11,0
360,4,PACE,AECI,1587060000,29.92,29.92,0
360,4,PACE,AECI,1588377600,26.092,26.092,0
360,4,PACE,AECI,1589695200,29.135,29.135,0
360,4,PACE,AECI,1591012800,30.797,30.797,0
360,4,PACE,AECI,1592330400,26.769,26.769,0
360,4,PACE,AECI,1593648000,28.187,28.187,0
360,4,PACE,AECI,1594965600,26.382,26.382,0
360,4,PACE,AECI,1596283200,31.055,31.055,0
360,4,PACE,AECI,1597600800,33.719,33.719,0
360,4,PACE,AECI,1598918400,31.987,31.987,0
360,4,PACE,AECI,1600236000,34.388,34.388,0
360,4,PACE,AECI,1601553600,33.411,33.411,0
360,4,PACE,AECI,1602871200,28.206,28.206,0
360,4,PACE,AECI,1604188800,34.413,34.413,0
360,4,PACE,AECI,1605506400,30.768,30.768,0
360,4,PACE,AECI,1606824000,32.138,32.138,0
360,4,PACE,AECI,1608141600,29.524,29.524,0
360,5,PACE,AECI,1577836800,63.005,48.884,5
360,5,PACE,AECI,1579154400,97.35,65.923,9
360,5,PACE,AECI,1580472000,58.013,45.097,5
360,5,PACE,AECI,1581789600,45.981,37.849,3
360,5,PACE,AECI,1583107200,70.295,51.571,7
360,5,PACE,AECI,1584424800,49.831,46.538,3
360,5,PACE,AECI,1585742400,35.053,36.838,2
360,5,PACE,AECI,1587060000,41.123,41.487,3
360,5,PACE,AECI,1588377600,63.855,49.86,7
360,5,PACE,AECI,1589695200,104.711,68.718,13
360,5,PACE,AECI,1591012800,65.846,53.451,6
360,5,PACE,AECI,1592330400,42.441,38.753,3
360,5,PACE,AECI,1593648000,83.597,57.913,8
360,5,PACE,AECI,1594965600,91.317,60.975,9
360,5,PACE,AECI,1596283200,79.555,58.589,7
360,5,PACE,AECI,1597600800,343.355,189.566,38
360,5,PACE,AECI,1598918400,51.069,44.465,3
360,5,PACE,AECI,1600236000,103.195,71.091,9
360,5,PACE,AECI,1601553600,110.744,76.646,11
360,5,PACE,AECI,1602871200,70.326,49.638,6
360,5,PACE,AECI,1604188800,94.264,66.21,8
360,5,PACE,AECI,1605506400,64.546,49.218,5
360,5,PACE,AECI,1606824000,118.781,75.614,11
360,5,PACE,AECI,1608141600,110.074,67.876,11
360,6,PACE,AECI,1577836800,29.606,29.606,0
360,6,PACE,AECI,1579154400,31.258,31.258,0
360,6,PACE,AECI,1580472000,26.441,26.441,0
360,6,PACE,AECI,1581789600,26.244,26.244,0
360,6,PACE,AECI,1583107200,27.863,27.863,0
360,6,PACE,AECI,1584424800,36.215,38.416,1
360,6,PACE,AECI,1585742400,28.493,33.759,1
360,6,PACE,AECI,1587060000,29.802,33.146,1
360,6,PACE,AECI,1588377600,26.092,26.092,0
360,6,PACE,AECI,1589695200,29.135,29.135,0
360,6,PACE,AECI,1591012800,32.645,34.578,1
360,6,PACE,AECI,1592330400,26.769,26.769,0
360,6,PACE,AECI,1593648000,28.187,28.187,0
360,6,PACE,AECI,1594965600,26.382,26.382,0
360,6,PACE,AECI,1596283200,31.055,31.055,0
360,6,PACE,AECI,1597600800,33.719,33.719,0
360,6,PACE,AECI,1598918400,31.987,31.987,0
360,6,PACE,AECI,1600236000,34.388,34.388,0
360,6,PACE,AECI,1601553600,33.411,33.411,0
360,6,PACE,AECI,1602871200,28.206,28.206,0
360,6,PACE,AECI,1604188800,34.413,34.413,0
360,6,PACE,AECI,1605506400,30.768,30.768,0
360,6,PACE,AECI,1606824000,32.138,32.138,0
360,6,PACE,AECI,1608141600,29.524,29.524,0
360,1,PACE,PSCO,1577836800,29.606,29.606,0
360,1,PACE,PSCO,1579154400,31.258,31.258,0
360,1,PACE,PSCO,1580472000,26.441,26.441,0
360,1,PACE,PSCO,1581789600,26.244,26.244,0
360,1,PACE,PSCO,1583107200,27.863,27.863,0
360,1,PACE,PSCO,1584424800,33.66,33.66,0
360,1,PACE,PSCO,1585742400,30.11,30.11,0
360,1,PACE,PSCO,1587060000,29.92,29.92,0
360,1,PACE,PSCO,1588377600,26.092,26.092,0
360,1,PACE,PSCO,1589695200,29.135,29.135,0
360,1,PACE,PSCO,1591012800,30.797,30.797,0
360,1,PACE,PSCO,1592330400,26.769,26.769,0
360,1,PACE,PSCO,1593648000,28.187,28.187,0
360,1,PACE,PSCO,1594965600,26.382,26.382,0
360,1,PACE,PSCO,1596283200,31.055,31.055,0
360,1,PACE,PSCO,1597600800,33.719,33.719,0
360,1,PACE,PSCO,1598918400,31.987,31.987,0
360,1,PACE,PSCO,1600236000,34.388,34.388,0
360,1,PACE,PSCO,1601553600,33.411,33.411,0
360,1,PACE,PSCO,1602871200,28.206,28.206,0
360,1,PACE,PSCO,1604188800,34.413,34.413,0
360,1,PACE,PSCO,1605506400,30.768,30.768,0
360,1,PACE,PSCO,1606824000,32.138,32.138,0
360,1,PACE,PSCO,1608141600,29.524,29.524,0
360,2,PACE,PSCO,1577836800,106.695,71.842,11
360,2,PACE,PSCO,1579154400,73.87,57.639,7
360,2,PACE,PSCO,1580472000,59.935,48.407,6
360,2,PACE,PSCO,1581789600,78.521,54.654,7
360,2,PACE,PSCO,1583107200,153.267,95.961,19
360,2,PACE,PSCO,1584424800,51.602,46.538,3
360,2,PACE,PSCO,1585742400,97.26,70.689,11
360,2,PACE,PSCO,1587060000,77.963,56.695,7
360,2,PACE,PSCO,1588377600,50.77,42.24,5
360,2,PACE,PSCO,1589695200,53.053,45.758,5
360,2,PACE,PSCO,1591012800,79.371,57.152,7
360,2,PACE,PSCO,1592330400,110.781,72.246,12
360,2,PACE,PSCO,1593648000,112.793,76.229,13
360,2,PACE,PSCO,1594965600,89.464,60.975,9
360,2,PACE,PSCO,1596283200,61.153,50.706,5
360,2,PACE,PSCO,1597600800,33.042,37.576,1
360,2,PACE,PSCO,1598918400,80.215,61.467,7
360,2,PACE,PSCO,1600236000,30.896,38.852,1
360,2,PACE,PSCO,1601553600,77.006,61.956,7
360,2,PACE,PSCO,1602871200,72.979,53.623,7
360,2,PACE,PSCO,1604188800,69.306,54.92,5
360,2,PACE,PSCO,1605506400,85.069,63.585,9
360,2,PACE,PSCO,1606824000,26.822,35.984,1
360,2,PACE,PSCO,1608141600,29.108,33.447,1
360,3,PACE,PSCO,1577836800,55.467,45.034,4
360,3,PACE,PSCO,1579154400,29.892,35.16,1
360,3,PACE,PSCO,1580472000,39.974,36.947,3
360,3,PACE,PSCO,1581789600,55.804,41.855,4
360,3,PACE,PSCO,1583107200,33.768,31.378,1
360,3,PACE,PSCO,1584424800,37.699,38.416,1
360,3,PACE,PSCO,1585742400,40.374,36.838,2
360,3,PACE,PSCO,1587060000,49.159,41.487,3
360,3,PACE,PSCO,1588377600,41.628,35.546,3
360,3,PACE,PSCO,1589695200,30.042,32.876,1
360,3,PACE,PSCO,1591012800,51.344,42.032,3
360,3,PACE,PSCO,1592330400,45.407,38.753,3
360,3,PACE,PSCO,1593648000,29.789,32.12,1
360,3,PACE,PSCO,1594965600,40.321,33.878,2
360,3,PACE,PSCO,1596283200,33.814,34.698,1
360,3,PACE,PSCO,1597600800,33.042,37.576,1
360,3,PACE,PSCO,1598918400,51.932,44.465,3
360,3,PACE,PSCO,1600236000,30.896,38.852,1
360,3,PACE,PSCO,1601553600,33.931,37.669,1
360,3,PACE,PSCO,1602871200,75.398,53.623,7
360,3,PACE,PSCO,1604188800,38.108,38.6,1
360,3,PACE,PSCO,1605506400,33.336,34.543,1
360,3,PACE,PSCO,1606824000,26.822,35.984,1
360,3,PACE,PSCO,1608141600,29.108,33.447,1
360,4,PACE,PSCO,1577836800,29.606,29.606,0
360,4,PACE,PSCO,1579154400,31.258,31.258,0
360,4,PACE,PSCO,1580472000,26.441,26.441,0
360,4,PACE,PSCO,1581789600,26.244,26.244,0
360,4,PACE,PSCO,1583107200,27.863,27.863,0
360,4,PACE,PSCO,1584424800,33.66,33.66,0
360,4,PACE,PSCO,1585742400,30.11,30.11,0
360,4,PACE,PSCO,1587060000,29.92,29.92,0
360,4,PACE,PSCO,1588377600,26.092,26.092,0
360,4,PACE,PSCO,1589695200,29.135,29.135,0
360,4,PACE,PSCO,1591012800,30.797,30.797,0
360,4,PACE,PSCO,1592330400,26.769,26.769,0
360,4,PACE,PSCO,1593648000,28.187,28.187,0
360,4,PACE,PSCO,1594965600,26.382,26.382,0
360,4,PACE,PSCO,1596283200,31.055,31.055,0
360,4,PACE,PSCO,1597600800,33.719,33.719,0
360,4,PACE,PSCO,1598918400,31.987,31.987,0
360,4,PACE,PSCO,1600236000,34.388,34.388,0
360,4,PACE,PSCO,1601553600,33.411,33.411,0
360,4,PACE,PSCO,1602871200,28.206,28.206,0
360,4,PACE,PSCO,1604188800,34.413,34.413,0
360,4,PACE,PSCO,1605506400,30.768,30.768,0
360,4,PACE,PSCO,1606824000,32.138,32.138,0
360,4,PACE,PSCO,1608141600,29.524,29.524,0
360,5,PACE,PSCO,1577836800,104.228,71.842,11
360,5,PACE,PSCO,1579154400,73.626,57.639,7
360,5,PACE,PSCO,1580472000,65.952,52.521,7
360,5,PACE,PSCO,1581789600,76.95,54.654,7
360,5,PACE,PSCO,1583107200,151.466,95.961,19
360,5,PACE,PSCO,1584424800,51.825,46.538,3
360,5,PACE,PSCO,1585742400,93.872,70.689,11
360,5,PACE,PSCO,1587060000,76.556,56.695,7
360,5,PACE,PSCO,1588377600,50.141,42.24,5
360,5,PACE,PSCO,1589695200,52.523,45.758,5
360,5,PACE,PSCO,1591012800,78.84,57.152,7
360,5,PACE,PSCO,1592330400,109.124,72.246,12
360,5,PACE,PSCO,1593648000,110.952,76.229,13
360,5,PACE,PSCO,1594965600,87.052,60.975,9
360,5,PACE,PSCO,1596283200,60.719,50.706,5
360,5,PACE,PSCO,1597600800,33.042,37.576,1
360,5,PACE,PSCO,1598918400,79.146,61.467,7
360,5,PACE,PSCO,1600236000,30.896,38.852,1
360,5,PACE,PSCO,1601553600,75.551,61.956,7
360,5,PACE,PSCO,1602871200,70.807,53.623,7
360,5,PACE,PSCO,1604188800,68.474,54.92,5
360,5,PACE,PSCO,1605506400,83.63,63.585,9
360,5,PACE,PSCO,1606824000,26.822,35.984,1
360,5,PACE,PSCO,1608141600,29.108,33.447,1
360,6,PACE,PSCO,1577836800,29.606,29.606,0
360,6,PACE,PSCO,1579154400,29.892,35.16,1
360,6,PACE,PSCO,1580472000,28.803,29.742,1
360,6,PACE,PSCO,1581789600,26.244,26.244,0
360,6,PACE,PSCO,1583107200,27.863,27.863,0
360,6,PACE,PSCO,1584424800,33.66,33.66,0
360,6,PACE,PSCO,1585742400,30.11,30.11,0
360,6,PACE,PSCO,1587060000,29.92,29.92,0
360,6,PACE,PSCO,1588377600,26.092,26.092,0
360,6,PACE,PSCO,1589695200,30.042,32.876,1
360,6,PACE,PSCO,1591012800,30.797,30.797,0
360,6,PACE,PSCO,1592330400,26.769,26.769,0
360,6,PACE,PSCO,1593648000,29.789,32.12,1
360,6,PACE,PSCO,1594965600,26.382,26.382,0
360,6,PACE,PSCO,1596283200,33.814,34.698,1
360,6,PACE,PSCO,1597600800,33.042,37.576,1
360,6,PACE,PSCO,1598918400,31.987,31.987,0
360,6,PACE,PSCO,1600236000,30.896,38.852,1
360,6,PACE,PSCO,1601553600,33.931,37.669,1
360,6,PACE,PSCO,1602871200,28.206,28.206,0
360,6,PACE,PSCO,1604188800,34.413,34.413,0
360,6,PACE,PSCO,1605506400,33.336,34.543,1
360,6,PACE,PSCO,1606824000,26.822,35.984,1
360,6,PACE,PSCO,1608141600,29.108,33.447,1
360,1,PSCO,EPE,1577836800,26.907,26.907,0
360,1,PSCO,EPE,1579154400,22.413,22.413,0
360,1,PSCO,EPE,1580472000,22.109,22.109,0
360,1,PSCO,EPE,1581789600,27.813,27.813,0
360,1,PSCO,EPE,1583107200,26.075,26.075,0
360,1,PSCO,EPE,1584424800,29.473,29.473,0
360,1,PSCO,EPE,1585742400,26.226,26.226,0
360,1,PSCO,EPE,1587060000,28.177,28.177,0
360,1,PSCO,EPE,1588377600,24.541,24.541,0
360,1,PSCO,EPE,1589695200,23.284,23.284,0
360,1,PSCO,EPE,1591012800,29.454,29.454,0
360,1,PSCO,EPE,1592330400,23.999,23.999,0
360,1,PSCO,EPE,1593648000,24.018,24.018,0
360,1,PSCO,EPE,1594965600,28.389,28.389,0
360,1,PSCO,EPE,1596283200,26.947,26.947,0
360,1,PSCO,EPE,1597600800,25.294,25.294,0
360,1,PSCO,EPE,1598918400,31.306,31.306,0
360,1,PSCO,EPE,1600236000,23.203,23.203,0
360,1,PSCO,EPE,1601553600,26.023,26.023,0
360,1,PSCO,EPE,1602871200,27.041,27.041,0
360,1,PSCO,EPE,1604188800,30.123,30.123,0
360,1,PSCO,EPE,1605506400,27.111,27.111,0
360,1,PSCO,EPE,1606824000,19.648,19.648,0
360,1,PSCO,EPE,1608141600,23.039,23.039,0
360,2,PSCO,EPE,1577836800,60.594,45.843,5
360,2,PSCO,EPE,1579154400,57.301,40.037,5
360,2,PSCO,EPE,1580472000,76.661,52.573,9
360,2,PSCO,EPE,1581789600,42.519,38.536,3
360,2,PSCO,EPE,1583107200,63.777,43.601,6
360,2,PSCO,EPE,1584424800,73.117,54.072,7
360,2,PSCO,EPE,1585742400,44.98,38.817,4
360,2,PSCO,EPE,1587060000,54.897,46.147,5
360,2,PSCO,EPE,1588377600,64.134,43.9,7
360,2,PSCO,EPE,1589695200,46.227,33.476,4
360,2,PSCO,EPE,1591012800,59.895,47.33,5
360,2,PSCO,EPE,1592330400,58.427,42.728,5
360,2,PSCO,EPE,1593648000,69.236,48.04,7
360,2,PSCO,EPE,1594965600,74.965,53.178,7
360,2,PSCO,EPE,1596283200,50.286,37.681,4
360,2,PSCO,EPE,1597600800,85.623,57.413,9
360,2,PSCO,EPE,1598918400,39.693,36.919,2
360,2,PSCO,EPE,1600236000,72.54,47.346,8
360,2,PSCO,EPE,1601553600,79.063,51.284,8
360,2,PSCO,EPE,1602871200,68.592,47.415,6
360,2,PSCO,EPE,1604188800,83.521,57.186,8
360,2,PSCO,EPE,1605506400,72.973,48.889,8
360,2,PSCO,EPE,1606824000,19.648,19.648,0
360,2,PSCO,EPE,1608141600,23.039,23.039,0
360,3,PSCO,EPE,1577836800,33.434,30.826,1
360,3,PSCO,EPE,1579154400,22.413,22.413,0
360,3,PSCO,EPE,1580472000,22.109,22.109,0
360,3,PSCO,EPE,1581789600,43.125,38.536,3
360,3,PSCO,EPE,1583107200,26.075,26.075,0
360,3,PSCO,EPE,1584424800,47.071,39.222,3
360,3,PSCO,EPE,1585742400,28.507,30.069,1
360,3,PSCO,EPE,1587060000,29.05,31.653,1
360,3,PSCO,EPE,1588377600,35.781,29.882,2
360,3,PSCO,EPE,1589695200,23.284,23.284,0
360,3,PSCO,EPE,1591012800,32.966,33.155,1
360,3,PSCO,EPE,1592330400,23.999,23.999,0
360,3,PSCO,EPE,1593648000,36.094,29.981,2
360,3,PSCO,EPE,1594965600,54.483,42.603,4
360,3,PSCO,EPE,1596283200,26.947,26.947,0
360,3,PSCO,EPE,1597600800,30.998,29.025,1
360,3,PSCO,EPE,1598918400,38.671,36.919,2
360,3,PSCO,EPE,1600236000,23.203,23.203,0
360,3,PSCO,EPE,1601553600,26.023,26.023,0
360,3,PSCO,EPE,1602871200,39.113,33.609,2
360,3,PSCO,EPE,1604188800,49.536,41.008,3
360,3,PSCO,EPE,1605506400,44.827,35.942,3
360,3,PSCO,EPE,1606824000,19.648,19.648,0
360,3,PSCO,EPE,1608141600,23.039,23.039,0
360,4,PSCO,EPE,1577836800,26.907,26.907,0
360,4,PSCO,EPE,1579154400,22.413,22.413,0
360,4,PSCO,EPE,1580472000,22.109,22.109,0
360,4,PSCO,EPE,1581789600,27.813,27.813,0
360,4,PSCO,EPE,1583107200,26.075,26.075,0
360,4,PSCO,EPE,1584424800,29.473,29.473,0
360,4,PSCO,EPE,1585742400,26.226,26.226,0
360,4,PSCO,EPE,1587060000,28.177,28.177,0
360,4,PSCO,EPE,1588377600,24.541,24.541,0
360,4,PSCO,EPE,1589695200,23.284,23.284,0
360,4,PSCO,EPE,1591012800,29.454,29.454,0
360,4,PSCO,EPE,1592330400,23.999,23.999,0
360,4,PSCO,EPE,1593648000,24.018,24.018,0
360,4,PSCO,EPE,1594965600,28.389,28.389,0
360,4,PSCO,EPE,1596283200,26.947,26.947,0
360,4,PSCO,EPE,1597600800,25.294,25.294,0
360,4,PSCO,EPE,1598918400,31.306,31.306,0
360,4,PSCO,EPE,1600236000,23.203,23.203,0
360,4,PSCO,EPE,1601553600,26.023,26.023,0
360,4,PSCO,EPE,1602871200,27.041,27.041,0
360,4,PSCO,EPE,1604188800,30.123,30.123,0
360,4,PSCO,EPE,1605506400,27.111,27.111,0
360,4,PSCO,EPE,1606824000,19.648,19.648,0
360,4,PSCO,EPE,1608141600,23.039,23.039,0
360,5,PSCO,EPE,1577836800,59.413,45.843,5
360,5,PSCO,EPE,1579154400,57.045,40.037,5
360,5,PSCO,EPE,1580472000,74.743,52.573,9
360,5,PSCO,EPE,1581789600,42.306,38.536,3
360,5,PSCO,EPE,1583107200,62.968,43.601,6
360,5,PSCO,EPE,1584424800,72.165,54.072,7
360,5,PSCO,EPE,1585742400,43.993,38.817,4
360,5,PSCO,EPE,1587060000,54.415,46.147,5
360,5,PSCO,EPE,1588377600,63.217,43.9,7
360,5,PSCO,EPE,1589695200,45.582,33.476,4
360,5,PSCO,EPE,1591012800,59.559,47.33,5
360,5,PSCO,EPE,1592330400,57.385,42.728,5
360,5,PSCO,EPE,1593648000,68.124,48.04,7
360,5,PSCO,EPE,1594965600,73.361,53.178,7
360,5,PSCO,EPE,1596283200,50.27,37.681,4
360,5,PSCO,EPE,1597600800,84.341,57.413,9
360,5,PSCO,EPE,1598918400,39.167,36.919,2
360,5,PSCO,EPE,1600236000,71.136,47.346,8
360,5,PSCO,EPE,1601553600,76.689,51.284,8
360,5,PSCO,EPE,1602871200,67.743,47.415,6
360,5,PSCO,EPE,1604188800,82.45,57.186,8
360,5,PSCO,EPE,1605506400,71.578,48.889,8
360,5,PSCO,EPE,1606824000,19.648,19.648,0
360,5,PSCO,EPE,1608141600,23.039,23.039,0
360,6,PSCO,EPE,1577836800,26.907,26.907,0
360,6,PSCO,EPE,1579154400,22.413,22.413,0
360,6,PSCO,EPE,1580472000,22.109,22.109,0
360,6,PSCO,EPE,1581789600,29.967,30.727,1
360,6,PSCO,EPE,1583107200,26.075,26.075,0
360,6,PSCO,EPE,1584424800,29.473,29.473,0
360,6,PSCO,EPE,1585742400,28.55,30.069,1
360,6,PSCO,EPE,1587060000,29.05,31.653,1
360,6,PSCO,EPE,1588377600,24.541,24.541,0
360,6,PSCO,EPE,1589695200,23.284,23.284,0
360,6,PSCO,EPE,1591012800,29.454,29.454,0
360,6,PSCO,EPE,1592330400,23.999,23.999,0
360,6,PSCO,EPE,1593648000,24.018,24.018,0
360,6,PSCO,EPE,1594965600,28.389,28.389,0
360,6,PSCO,EPE,1596283200,26.947,26.947,0
360,6,PSCO,EPE,1597600800,25.294,25.294,0
360,6,PSCO,EPE,1598918400,33.072,34.333,1
360,6,PSCO,EPE,1600236000,23.203,23.203,0
360,6,PSCO,EPE,1601553600,26.023,26.023,0
360,6,PSCO,EPE,1602871200,27.041,27.041,0
360,6,PSCO,EPE,1604188800,30.123,30.123,0
360,6,PSCO,EPE,1605506400,27.111,27.111,0
360,6,PSCO,EPE,1606824000,19.648,19.648,0
360,6,PSCO,EPE,1608141600,23.039,23.039,0
360,1,PSCO,PACE,1577836800,26.907,26.907,0
360,1,PSCO,PACE,1579154400,22.413,22.413,0
360,1,PSCO,PACE,1580472000,22.109,22.109,0
360,1,PSCO,PACE,1581789600,27.813,27.813,0
360,1,PSCO,PACE,1583107200,26.075,26.075,0
360,1,PSCO,PACE,1584424800,29.473,29.473,0
360,1,PSCO,PACE,1585742400,26.226,26.226,0
360,1,PSCO,PACE,1587060000,28.177,28.177,0
360,1,PSCO,PACE,1588377600,24.541,24.541,0
360,1,PSCO,PACE,1589695200,23.284,23.284,0
360,1,PSCO,PACE,1591012800,29.454,29.454,0
360,1,PSCO,PACE,1592330400,23.999,23.999,0
360,1,PSCO,PACE,1593648000,24.018,24.018,0
360,1,PSCO,PACE,1594965600,28.389,28.389,0
360,1,PSCO,PACE,1596283200,26.947,26.947,0
360,1,PSCO,PACE,1597600800,25.294,25.294,0
360,1,PSCO,PACE,1598918400,31.306,31.306,0
360,1,PSCO,PACE,1600236000,23.203,23.203,0
360,1,PSCO,PACE,1601553600,26.023,26.023,0
360,1,PSCO,PACE,1602871200,27.041,27.041,0
360,1,PSCO,PACE,1604188800,30.123,30.123,0
360,1,PSCO,PACE,1605506400,27.111,27.111,0
360,1,PSCO,PACE,1606824000,19.648,19.648,0
360,1,PSCO,PACE,1608141600,23.039,23.039,0
360,2,PSCO,PACE,1577836800,99.919,62.969,10
360,2,PSCO,PACE,1579154400,50.01,35.769,4
360,2,PSCO,PACE,1580472000,73.956,48.536,8
360,2,PSCO,PACE,1581789600,86.251,58.51,8
360,2,PSCO,PACE,1583107200,145.632,83.491,18
360,2,PSCO,PACE,1584424800,43.93,36.227,2
360,2,PSCO,PACE,1585742400,77.134,49.282,8
360,2,PSCO,PACE,1587060000,62.943,46.147,5
360,2,PSCO,PACE,1588377600,44.483,34.013,4
360,2,PSCO,PACE,1589695200,46.051,33.476,4
360,2,PSCO,PACE,1591012800,57.117,43.502,4
360,2,PSCO,PACE,1592330400,122.989,75.229,14
360,2,PSCO,PACE,1593648000,120.442,71.02,14
360,2,PSCO,PACE,1594965600,75.303,53.178,7
360,2,PSCO,PACE,1596283200,52.778,37.681,4
360,2,PSCO,PACE,1597600800,25.294,25.294,0
360,2,PSCO,PACE,1598918400,72.575,49.056,6
360,2,PSCO,PACE,1600236000,23.203,23.203,0
360,2,PSCO,PACE,1601553600,55.507,38.604,4
360,2,PSCO,PACE,1602871200,60.19,44.737,5
360,2,PSCO,PACE,1604188800,44.905,37.084,2
360,2,PSCO,PACE,1605506400,66.389,44.042,6
360,2,PSCO,PACE,1606824000,19.648,19.648,0
360,2,PSCO,PACE,1608141600,23.039,23.039,0
360,3,PSCO,PACE,1577836800,40.808,34.297,2
360,3,PSCO,PACE,1579154400,22.413,22.413,0
360,3,PSCO,PACE,1580472000,22.109,22.109,0
360,3,PSCO,PACE,1581789600,39.909,34.441,2
360,3,PSCO,PACE,1583107200,62.329,43.601,6
360,3,PSCO,PACE,1584424800,29.473,29.473,0
360,3,PSCO,PACE,1585742400,26.226,26.226,0
360,3,PSCO,PACE,1587060000,41.666,35.134,2
360,3,PSCO,PACE,1588377600,34.205,29.882,2
360,3,PSCO,PACE,1589695200,23.284,23.284,0
360,3,PSCO,PACE,1591012800,29.454,29.454,0
360,3,PSCO,PACE,1592330400,23.999,23.999,0
360,3,PSCO,PACE,1593648000,36.022,29.981,2
360,3,PSCO,PACE,1594965600,73.165,53.178,7
360,3,PSCO,PACE,1596283200,26.947,26.947,0
360,3,PSCO,PACE,1597600800,25.294,25.294,0
360,3,PSCO,PACE,1598918400,44.929,36.919,2
360,3,PSCO,PACE,1600236000,23.203,23.203,0
360,3,PSCO,PACE,1601553600,26.023,26.023,0
360,3,PSCO,PACE,1602871200,38.853,33.609,2
360,3,PSCO,PACE,1604188800,30.123,30.123,0
360,3,PSCO,PACE,1605506400,27.111,27.111,0
360,3,PSCO,PACE,1606824000,19.648,19.648,0
360,3,PSCO,PACE,1608141600,23.039,23.039,0
360,4,PSCO,PACE,1577836800,26.907,26.907,0
360,4,PSCO,PACE,1579154400,22.413,22.413,0
360,4,PSCO,PACE,1580472000,22.109,22.109,0
360,4,PSCO,PACE,1581789600,27.813,27.813,0
360,4,PSCO,PACE,1583107200,26.075,26.075,0
360,4,PSCO,PACE,1584424800,29.473,29.473,0
360,4,PSCO,PACE,1585742400,26.226,26.226,0
360,4,PSCO,PACE,1587060000,28.177,28.177,0
360,4,PSCO,PACE,1588377600,24.541,24.541,0
360,4,PSCO,PACE,1589695200,23.284,23.284,0
360,4,PSCO,PACE,1591012800,29.454,29.454,0
360,4,PSCO,PACE,1592330400,23.999,23.999,0
360,4,PSCO,PACE,1593648000,24.018,24.018,0
360,4,PSCO,PACE,1594965600,28.389,28.389,0
360,4,PSCO,PACE,1596283200,26.947,26.947,0
360,4,PSCO,PACE,1597600800,25.294,25.294,0
360,4,PSCO,PACE,1598918400,31.306,31.306,0
360,4,PSCO,PACE,1600236000,23.203,23.203,0
360,4,PSCO,PACE,1601553600,26.023,26.023,0
360,4,PSCO,PACE,1602871200,27.041,27.041,0
360,4,PSCO,PACE,1604188800,30.123,30.123,0
360,4,PSCO,PACE,1605506400,27.111,27.111,0
360,4,PSCO,PACE,1606824000,19.648,19.648,0
360,4,PSCO,PACE,1608141600,23.039,23.039,0
360,5,PSCO,PACE,1577836800,97.452,62.969,10
360,5,PSCO,PACE,1579154400,57.656,40.037,5
360,5,PSCO,PACE,1580472000,71.937,48.536,8
360,5,PSCO,PACE,1581789600,84.68,58.51,8
360,5,PSCO,PACE,1583107200,143.831,83.491,18
360,5,PSCO,PACE,1584424800,44.154,36.227,2
360,5,PSCO,PACE,1585742400,74.423,49.282,8
360,5,PSCO,PACE,1587060000,69.078,49.795,6
360,5,PSCO,PACE,1588377600,43.855,34.013,4
360,5,PSCO,PACE,1589695200,45.52,33.476,4
360,5,PSCO,PACE,1591012800,56.495,43.502,4
360,5,PSCO,PACE,1592330400,121.147,75.229,14
360,5,PSCO,PACE,1593648000,91.88,58.608,10
360,5,PSCO,PACE,1594965600,80.022,56.749,8
360,5,PSCO,PACE,1596283200,52.435,37.681,4
360,5,PSCO,PACE,1597600800,25.294,25.294,0
360,5,PSCO,PACE,1598918400,71.506,49.056,6
360,5,PSCO,PACE,1600236000,23.203,23.203,0
360,5,PSCO,PACE,1601553600,54.321,38.604,4
360,5,PSCO,PACE,1602871200,64.498,47.415,6
360,5,PSCO,PACE,1604188800,44.33,37.084,2
360,5,PSCO,PACE,1605506400,76.896,48.889,8
360,5,PSCO,PACE,1606824000,19.648,19.648,0
360,5,PSCO,PACE,1608141600,23.039,23.039,0
360,6,PSCO,PACE,1577836800,26.907,26.907,0
360,6,PSCO,PACE,1579154400,22.413,22.413,0
360,6,PSCO,PACE,1580472000,22.109,22.109,0
360,6,PSCO,PACE,1581789600,27.813,27.813,0
360,6,PSCO,PACE,1583107200,26.075,26.075,0
360,6,PSCO,PACE,1584424800,29.473,29.473,0
360,6,PSCO,PACE,1585742400,26.226,26.226,0
360,6,PSCO,PACE,1587060000,28.177,28.177,0
360,6,PSCO,PACE,1588377600,24.541,24.541,0
360,6,PSCO,PACE,1589695200,23.284,23.284,0
360,6,PSCO,PACE,1591012800,29.454,29.454,0
360,6,PSCO,PACE,1592330400,23.999,23.999,0
360,6,PSCO,PACE,1593648000,24.018,24.018,0
360,6,PSCO,PACE,1594965600,28.389,28.389,0
360,6,PSCO,PACE,1596283200,26.947,26.947,0
360,6,PSCO,PACE,1597600800,25.294,25.294,0
360,6,PSCO,PACE,1598918400,31.306,31.306,0
360,6,PSCO,PACE,1600236000,23.203,23.203,0
360,6,PSCO,PACE,1601553600,26.023,26.023,0
360,6,PSCO,PACE,1602871200,27.041,27.041,0
360,6,PSCO,PACE,1604188800,30.123,30.123,0
360,6,PSCO,PACE,1605506400,27.111,27.111,0
360,6,PSCO,PACE,1606824000,19.648,19.648,0
360,6,PSCO,PACE,1608141600,23.039,23.039,0
360,1,TEPC,AECI,1577836800,34.904,34.904,0
360,1,TEPC,AECI,1579154400,34.672,34.672,0
360,1,TEPC,AECI,1580472000,30.305,30.305,0
360,1,TEPC,AECI,1581789600,30.794,30.794,0
360,1,TEPC,AECI,1583107200,28.518,28.518,0
360,1,TEPC,AECI,1584424800,27.901,27.901,0
360,1,TEPC,AECI,1585742400,21.852,21.852,0
360,1,TEPC,AECI,1587060000,23.826,23.826,0
360,1,TEPC,AECI,1588377600,23.901,23.901,0
360,1,TEPC,AECI,1589695200,28.736,28.736,0
360,1,TEPC,AECI,1591012800,29.666,29.666,0
360,1,TEPC,AECI,1592330400,25.26,25.26,0
360,1,TEPC,AECI,1593648000,28.784,28.784,0
360,1,TEPC,AECI,1594965600,27.715,27.715,0
360,1,TEPC,AECI,1596283200,29.288,29.288,0
360,1,TEPC,AECI,1597600800,30.959,30.959,0
360,1,TEPC,AECI,1598918400,29.268,29.268,0
360,1,TEPC,AECI,1600236000,32.69,32.69,0
360,1,TEPC,AECI,1601553600,31.456,31.456,0
360,1,TEPC,AECI,1602871200,35.004,35.004,0
360,1,TEPC,AECI,1604188800,35.427,35.427,0
360,1,TEPC,AECI,1605506400,30.0,30.0,0
360,1,TEPC,AECI,1606824000,25.748,25.748,0
360,1,TEPC,AECI,1608141600,33.481,33.481,0
360,2,TEPC,AECI,1577836800,52.401,48.435,3
360,2,TEPC,AECI,1579154400,54.689,47.647,3
360,2,TEPC,AECI,1580472000,61.19,50.706,5
360,2,TEPC,AECI,1581789600,79.099,57.834,7
360,2,TEPC,AECI,1583107200,74.26,56.756,7
360,2,TEPC,AECI,1584424800,88.332,63.689,9
360,2,TEPC,AECI,1585742400,78.979,49.948,10
360,2,TEPC,AECI,1587060000,87.456,57.417,11
360,2,TEPC,AECI,1588377600,75.609,51.44,9
360,2,TEPC,AECI,1589695200,82.635,60.98,9
360,2,TEPC,AECI,1591012800,65.822,51.217,6
360,2,TEPC,AECI,1592330400,94.084,58.637,11
360,2,TEPC,AECI,1593648000,84.911,56.192,8
360,2,TEPC,AECI,1594965600,99.452,63.936,10
360,2,TEPC,AECI,1596283200,78.326,54.146,7
360,2,TEPC,AECI,1597600800,139.234,83.892,14
360,2,TEPC,AECI,1598918400,150.4,90.19,16
360,2,TEPC,AECI,1600236000,102.408,69.091,9
360,2,TEPC,AECI,1601553600,100.195,65.87,10
360,2,TEPC,AECI,1602871200,123.039,82.385,11
360,2,TEPC,AECI,1604188800,98.612,69.516,8
360,2,TEPC,AECI,1605506400,67.068,50.007,5
360,2,TEPC,AECI,1606824000,25.748,25.748,0
360,2,TEPC,AECI,1608141600,55.347,46.767,3
360,3,TEPC,AECI,1577836800,36.466,39.489,1
360,3,TEPC,AECI,1579154400,38.62,39.314,1
360,3,TEPC,AECI,1580472000,43.059,37.494,2
360,3,TEPC,AECI,1581789600,49.984,41.651,3
360,3,TEPC,AECI,1583107200,28.518,28.518,0
360,3,TEPC,AECI,1584424800,33.393,31.655,1
360,3,TEPC,AECI,1585742400,32.038,26.526,2
360,3,TEPC,AECI,1587060000,38.5,33.092,3
360,3,TEPC,AECI,1588377600,23.901,23.901,0
360,3,TEPC,AECI,1589695200,32.31,32.969,1
360,3,TEPC,AECI,1591012800,38.442,36.48,2
360,3,TEPC,AECI,1592330400,43.635,34.488,3
360,3,TEPC,AECI,1593648000,28.784,28.784,0
360,3,TEPC,AECI,1594965600,62.799,46.326,5
360,3,TEPC,AECI,1596283200,43.191,35.876,2
360,3,TEPC,AECI,1597600800,30.959,30.959,0
360,3,TEPC,AECI,1598918400,56.898,43.99,4
360,3,TEPC,AECI,1600236000,40.255,37.08,1
360,3,TEPC,AECI,1601553600,43.861,38.282,2
360,3,TEPC,AECI,1602871200,37.257,39.019,1
360,3,TEPC,AECI,1604188800,74.628,56.516,5
360,3,TEPC,AECI,1605506400,36.464,33.95,1
360,3,TEPC,AECI,1606824000,25.748,25.748,0
360,3,TEPC,AECI,1608141600,39.326,37.642,1
360,4,TEPC,AECI,1577836800,34.904,34.904,0
360,4,TEPC,AECI,1579154400,34.672,34.672,0
360,4,TEPC,AECI,1580472000,30.305,30.305,0
360,4,TEPC,AECI,1581789600,30.794,30.794,0
360,4,TEPC,AECI,1583107200,28.518,28.518,0
360,4,TEPC,AECI,1584424800,27.901,27.901,0
360,4,TEPC,AECI,1585742400,21.852,21.852,0
360,4,TEPC,AECI,1587060000,23.826,23.826,0
360,4,TEPC,AECI,1588377600,23.901,23.901,0
360,4,TEPC,AECI,1589695200,28.736,28.736,0
360,4,TEPC,AECI,1591012800,29.666,29.666,0
360,4,TEPC,AECI,1592330400,25.26,25.26,0
360,4,TEPC,AECI,1593648000,28.784,28.784,0
360,4,TEPC,AECI,1594965600,27.715,27.715,0
360,4,TEPC,AECI,1596283200,29.288,29.288,0
360,4,TEPC,AECI,1597600800,30.959,30.959,0
360,4,TEPC,AECI,1598918400,29.268,29.268,0
360,4,TEPC,AECI,1600236000,32.69,32.69,0
360,4,TEPC,AECI,1601553600,31.456,31.456,0
360,4,TEPC,AECI,1602871200,35.004,35.004,0
360,4,TEPC,AECI,1604188800,35.427,35.427,0
360,4,TEPC,AECI,1605506400,30.0,30.0,0
360,4,TEPC,AECI,1606824000,25.748,25.748,0
360,4,TEPC,AECI,1608141600,33.481,33.481,0
360,5,TEPC,AECI,1577836800,52.231,48.435,3
360,5,TEPC,AECI,1579154400,54.541,47.647,3
360,5,TEPC,AECI,1580472000,59.475,50.706,5
360,5,TEPC,AECI,1581789600,77.513,57.834,7
360,5,TEPC,AECI,1583107200,73.056,56.756,7
360,5,TEPC,AECI,1584424800,86.628,63.689,9
360,5,TEPC,AECI,1585742400,52.45,37.555,6
360,5,TEPC,AECI,1587060000,85.953,57.417,11
360,5,TEPC,AECI,1588377600,74.229,51.44,9
360,5,TEPC,AECI,1589695200,80.836,60.98,9
360,5,TEPC,AECI,1591012800,37.973,36.48,2
360,5,TEPC,AECI,1592330400,91.762,58.637,11
360,5,TEPC,AECI,1593648000,82.93,56.192,8
360,5,TEPC,AECI,1594965600,97.621,63.936,10
360,5,TEPC,AECI,1596283200,77.638,54.146,7
360,5,TEPC,AECI,1597600800,138.201,83.892,14
360,5,TEPC,AECI,1598918400,148.155,90.19,16
360,5,TEPC,AECI,1600236000,101.183,69.091,9
360,5,TEPC,AECI,1601553600,106.162,69.617,11
360,5,TEPC,AECI,1602871200,121.129,82.385,11
360,5,TEPC,AECI,1604188800,97.447,69.516,8
360,5,TEPC,AECI,1605506400,66.406,50.007,5
360,5,TEPC,AECI,1606824000,25.748,25.748,0
360,5,TEPC,AECI,1608141600,62.545,50.627,4
360,6,TEPC,AECI,1577836800,36.466,39.489,1
360,6,TEPC,AECI,1579154400,34.672,34.672,0
360,6,TEPC,AECI,1580472000,33.204,34.523,1
360,6,TEPC,AECI,1581789600,30.794,30.794,0
360,6,TEPC,AECI,1583107200,28.518,28.518,0
360,6,TEPC,AECI,1584424800,27.901,27.901,0
360,6,TEPC,AECI,1585742400,21.852,21.852,0
360,6,TEPC,AECI,1587060000,23.826,23.826,0
360,6,TEPC,AECI,1588377600,23.901,23.901,0
360,6,TEPC,AECI,1589695200,28.736,28.736,0
360,6,TEPC,AECI,1591012800,31.963,33.207,1
360,6,TEPC,AECI,1592330400,25.26,25.26,0
360,6,TEPC,AECI,1593648000,28.784,28.784,0
360,6,TEPC,AECI,1594965600,27.715,27.715,0
360,6,TEPC,AECI,1596283200,29.288,29.288,0
360,6,TEPC,AECI,1597600800,30.959,30.959,0
360,6,TEPC,AECI,1598918400,29.268,29.268,0
360,6,TEPC,AECI,1600236000,32.69,32.69,0
360,6,TEPC,AECI,1601553600,31.456,31.456,0
360,6,TEPC,AECI,1602871200,37.257,39.019,1
360,6,TEPC,AECI,1604188800,35.427,35.427,0
360,6,TEPC,AECI,1605506400,30.0,30.0,0
360,6,TEPC,AECI,1606824000,25.748,25.748,0
360,6,TEPC,AECI,1608141600,33.481,33.481,0
